time,sine_active,ramp_factor,q1,q2,q3,q4,q5,q6,dq1,dq2,dq3,dq4,dq5,dq6,qd5,dqd5,ddqd5,error5,z1,z2,hx,hbeta_x5,barrier_ratio5,alpha5,alpha_dot5,mu_s5,phi5,nu_r5,term_z2_5,term_mu_5,term_nu_5,virtual_accel_unsat5,virtual_accel5,theta_hat,tau5_raw,tau_raw1,tau_raw2,tau_raw3,tau_raw4,tau_raw5,tau_raw6,tau_cmd1,tau_cmd2,tau_cmd3,tau_cmd4,tau_cmd5,tau_cmd6,alpha_saturated,alpha_dot_saturated,virtual_accel_saturated,amplitude_saturated5,rate_saturated5,abort
0.01,1,0.0002467198171,4.793689962e-05,1.31826474e-05,-6.471481449e-06,3.211772275e-05,-6.998787345e-05,-6.974818895e-05,0,0,0,0,-0.003141592654,0,0.0001116701271,0.01047183196,-2.870938426e-05,-0.0001816580005,-0.002097608031,-0.03395911865,11.54702871,0,-0.0008884117557,0.030817526,0.2440590323,-0.02422114016,1.003214048,-0.0008544440481,6.350355188,0.02422114016,0.0008544440481,6.619489804,6.619489804,0.05,0.2978770412,4.793689962e-07,-2.061286684e-05,4.793689962e-07,-1.006674892e-05,0.2978770412,-4.506068564e-05,1.182698311e-10,-5.085602737e-09,1.182698311e-10,-2.483666453e-09,7.349216913e-05,-1.111736412e-08,0,0,0,0,0,0
0.02,1,0.0009866357859,4.889563761e-05,1.31826474e-05,-6.711165947e-06,3.211772275e-05,-0.0001011468582,-6.807039746e-05,0,0,0,0,-0.003141592654,0,0.0002163865328,0.01047140133,-5.741798145e-05,-0.000317533391,-0.003666573784,-0.04917684398,11.54705201,0,-0.001248204559,0.04603525133,0.4778333444,-0.04233811818,1.003245207,-0.001237413499,9.196069824,0.04233811818,0.001237413499,9.7174787,9.7174787,0.05,0.4372865415,-1.438106989e-06,-2.061286684e-05,9.587379924e-07,-1.006674892e-05,0.4372865415,-4.841626862e-05,-1.418887819e-09,-2.033739207e-08,9.459252126e-10,-9.932214732e-09,0.0004314425505,-4.776922324e-08,0,0,0,0,0,0
0.03,1,0.002219017698,4.889563761e-05,1.31826474e-05,-7.430219441e-06,3.235740724e-05,-0.000128470891,-6.615292148e-05,0,0,0,0,-0.003141592654,0,0.0003210971967,0.01047068361,-8.612500448e-05,-0.0004495680877,-0.005191210143,-0.06396431258,11.5470789,0,-0.001563715072,0.06082271993,0.6607419135,-0.05994331311,1.003272531,-0.0016095912,11.96132645,0.05994331311,0.0016095912,12.68362127,12.68362127,0.05,0.5707629572,-1.438106989e-06,-2.061286684e-05,2.396844981e-06,-1.054611792e-05,0.5707629572,-5.225122059e-05,-3.19118486e-09,-4.574031633e-08,5.318641433e-09,-2.340202231e-08,0.001266533104,-1.159463832e-07,0,0,0,0,0,0
0.04,1,0.003942649343,4.817658412e-05,1.31826474e-05,-7.430219441e-06,3.259709174e-05,-0.0001466869128,-6.3516392e-05,0,0,0,0,-0.001047197551,0,0.0004257992481,0.01046967883,-0.0001148296664,-0.000572486161,-0.006610604535,-0.07563636274,11.54710018,0,-0.001774055351,0.07458916519,0.7912743444,-0.07633331282,1.001194159,-0.001895427856,14.14399983,0.07633331282,0.001895427856,15.01350292,15.01350292,0.05,0.6756076313,-0,-2.061286684e-05,2.396844981e-06,-1.102548691e-05,0.6756076313,-5.752427955e-05,-0,-8.126930589e-08,9.449919289e-09,-4.346962873e-08,0.002663683983,-2.267980629e-07,0,0,0,0,0,0
0.05,1,0.006155829702,4.889563761e-05,1.366201639e-05,-8.149272936e-06,3.331614524e-05,-0.0001553155548,-6.255765401e-05,0,0,0,0,0,0,0.0005304898166,0.01046838703,-0.0001435311801,-0.0006858053714,-0.007919197243,-0.08728072205,11.5471112,0,-0.001873690199,0.08728072205,0.878444747,-0.09144385115,1.000155316,-0.002182695907,16.32149502,0.09144385115,0.002182695907,17.29356632,17.29356632,0.05,0.7782104843,-1.438106989e-06,-2.157160483e-05,3.83495197e-06,-1.24635939e-05,0.7782104843,-5.944175553e-05,-8.852741716e-09,-1.327911257e-07,2.360731124e-08,-7.672376154e-08,0.004790531214,-3.659133243e-07,0,0,0,0,0,0
0.06,1,0.008856374636,4.817658412e-05,1.27032784e-05,-8.388957434e-06,3.355582973e-05,-0.0001601092447,-6.27973385e-05,0,0,0,0,0,0,0.000635166032,0.01046680822,-0.0001722287589,-0.0007952752767,-0.009183388021,-0.09954141634,11.54711758,0,-0.001929042887,0.09954141634,0.942027189,-0.1060416612,1.000160109,-0.002489332347,18.61424486,0.1060416612,0.002489332347,19.66480304,19.66480304,0.05,0.8849161367,-0,-1.965412884e-05,4.314320966e-06,-1.29429629e-05,0.8849161367,-5.896238653e-05,-0,-1.740643282e-07,3.820924277e-08,-1.146277283e-07,0.007837148828,-5.221929846e-07,0,0,0,0,0,0
0.07,1,0.01204161903,4.769721512e-05,1.366201639e-05,-7.909588438e-06,3.283677624e-05,-0.0001620267207,-6.207828501e-05,0,0,0,0,0,0,0.0007398250246,0.01046494247,-0.000200921616,-0.0009018517453,-0.01041422357,-0.1114784014,11.54712018,0,-0.001951183961,0.1114784014,0.9881250355,-0.1202542912,1.000162027,-0.002787863232,20.84646106,0.1202542912,0.002787863232,21.95762825,21.95762825,0.05,0.9880932714,9.587379924e-07,-2.157160483e-05,3.355582973e-06,-1.150485591e-05,0.9880932714,-6.040049352e-05,1.154475766e-08,-2.597570472e-07,4.040665179e-08,-1.385370919e-07,0.01189824274,-7.273197323e-07,0,0,0,0,0,0
0.08,1,0.01570841944,4.769721512e-05,1.31826474e-05,-7.669903939e-06,3.427488323e-05,-0.0001634648277,-6.183860051e-05,0,0,0,0,0,0.001047197551,0.000844463925,0.01046278981,-0.0002296089646,-0.001007928753,-0.01163935663,-0.1233598702,11.54712215,0,-0.001967789766,0.1233598702,1.024714276,-0.1344010728,1.000163465,-0.003085005086,23.06829572,0.1344010728,0.003085005086,24.23049607,24.23049607,0.05,1.090372323,9.587379924e-07,-2.061286684e-05,2.876213977e-06,-1.438106989e-05,1.090372323,-0.0001655996176,1.506025851e-08,-3.237955581e-07,4.518077554e-08,-2.259038777e-07,0.0171280258,-2.601308252e-06,0,0,0,0,0,0
0.09,1,0.01985315716,4.841626862e-05,1.31826474e-05,-6.950850445e-06,3.403519873e-05,-0.0001649029347,-6.040049352e-05,0,0,0,0,0,0,0.0009490798646,0.01046035031,-0.0002582900185,-0.001113982799,-0.01286429862,-0.1352392743,11.54712414,0,-0.00198439557,0.1352392743,1.054588706,-0.1485456532,1.000164903,-0.003382097017,25.28974429,0.1485456532,0.003382097017,26.49626075,26.49626075,0.05,1.192331734,-4.793689962e-07,-2.061286684e-05,1.438106989e-06,-1.390170089e-05,1.192331734,-6.37560765e-05,-9.51698802e-09,-4.092304849e-07,2.855096406e-08,-2.759926526e-07,0.0236715493,-1.265759407e-06,0,0,0,0,0,0
0.1,1,0.02447174185,4.841626862e-05,1.31826474e-05,-7.669903939e-06,3.451456773e-05,-0.0001670600952,-5.968144003e-05,0,0,0,0,0,0,0.001053669975,0.01045762403,-0.0002869639912,-0.00122073007,-0.01409732862,-0.1471969028,11.54712716,0,-0.002009304276,0.1471969028,1.080389193,-0.1627836462,1.00016706,-0.003681152209,27.52582082,0.1627836462,0.003681152209,28.77267481,28.77267481,0.05,1.294770367,-4.793689962e-07,-2.061286684e-05,2.876213977e-06,-1.486043888e-05,1.294770367,-6.519418349e-05,-1.173099433e-08,-5.044327561e-07,7.038596596e-08,-3.636608241e-07,0.03168528617,-1.595415229e-06,0,0,0,0,0,0
0.11,1,0.02955961552,4.793689962e-05,1.366201639e-05,-7.430219441e-06,3.451456773e-05,-0.0001680188332,-5.824333304e-05,0,0,0,0,0,0,0.00115823139,0.01045461106,-0.0003156300966,-0.001326250223,-0.01531628136,-0.1590177999,11.54712851,0,-0.002020374812,0.1590177999,1.098980824,-0.1768590692,1.000168019,-0.003976781009,29.73632858,0.1768590692,0.003976781009,31.01614526,31.01614526,0.05,1.395726537,4.793689962e-07,-2.157160483e-05,2.396844981e-06,-1.486043888e-05,1.395726537,-6.807039746e-05,1.416996322e-08,-6.37648345e-07,7.084981611e-08,-4.392688599e-07,0.0412571398,-2.012134777e-06,0,0,0,0,0,0
0.12,1,0.03511175706,4.889563761e-05,1.366201639e-05,-8.388957434e-06,3.499393672e-05,-0.0001684982022,-5.752427955e-05,0,0,0,0,0,0,0.001262761241,0.01045131146,-0.0003442875488,-0.001431259443,-0.01652943589,-0.1707822577,11.54712919,0,-0.00202591008,0.1707822577,1.113161547,-0.1908675317,1.000168498,-0.00427099539,31.9362822,0.1908675317,0.00427099539,33.24458227,33.24458227,0.05,1.496006202,-1.438106989e-06,-2.157160483e-05,4.314320966e-06,-1.581917688e-05,1.496006202,-6.950850445e-05,-5.049446321e-08,-7.574169481e-07,1.514833896e-07,-5.554390953e-07,0.05252740633,-2.440565722e-06,0,0,0,0,0,0
0.13,1,0.04112268716,4.913532211e-05,1.31826474e-05,-7.430219441e-06,3.547330572e-05,-0.0001684982022,-5.776396404e-05,0,0,0,0,0,0,0.001367256664,0.01044772534,-0.0003729355623,-0.001535754866,-0.01773676825,-0.1824900458,11.54712919,0,-0.00202591008,0.1824900458,1.123708485,-0.2048087544,1.000168498,-0.004563788738,34.12563857,0.2048087544,0.004563788738,35.4587196,35.4587196,0.05,1.595642382,-1.917475985e-06,-2.061286684e-05,2.396844981e-06,-1.677791487e-05,1.595642382,-6.902913545e-05,-7.885176506e-08,-8.476564744e-07,9.856470632e-08,-6.899529443e-07,0.06561710249,-2.838663542e-06,0,0,0,0,0,0
0.14,1,0.04758647377,4.889563761e-05,1.390170089e-05,-8.628641932e-06,3.595267472e-05,-0.0001682585177,-5.800364854e-05,0,0,0,0,0,0,0.001471714793,0.01044385278,-0.0004015733515,-0.001639973311,-0.01894102213,-0.1941677725,11.54712885,0,-0.002023142446,0.1941677725,1.131731887,-0.2187144231,1.000168259,-0.004855827969,36.30937346,0.2187144231,0.004855827969,37.6646756,37.6646756,0.05,1.694910402,-1.438106989e-06,-2.205097383e-05,4.793689962e-06,-1.773665286e-05,1.694910402,-6.854976646e-05,-6.843444049e-08,-1.049328088e-06,2.281148016e-07,-8.44024766e-07,0.08065480937,-3.262041663e-06,0,0,0,0,0,0
0.15,1,0.05449673791,4.841626862e-05,1.390170089e-05,-8.149272936e-06,3.523362122e-05,-0.0001677791487,-5.776396404e-05,0,0,0,0,0,0,0.001576132765,0.01043969391,-0.0004302001314,-0.001743911914,-0.02014217352,-0.2058152058,11.54712817,0,-0.002017607178,0.2058152058,1.137799878,-0.2325842593,1.000167779,-0.005147106864,38.48744348,0.2325842593,0.005147106864,39.86297472,39.86297472,0.05,1.793833863,-4.793689962e-07,-2.205097383e-05,3.83495197e-06,-1.629854587e-05,1.793833863,-6.902913545e-05,-2.612404655e-08,-1.201706141e-06,2.089923724e-07,-8.882175826e-07,0.09775809386,-3.761862703e-06,0,0,0,0,0,0
0.16,1,0.06184665998,4.841626862e-05,1.31826474e-05,-7.909588438e-06,3.547330572e-05,-0.0001675394642,-5.800364854e-05,0,0,0,0,0,0,0.001680507717,0.01043524882,-0.0004588151171,-0.001848047181,-0.02134573374,-0.2174857901,11.54712783,0,-0.002014839544,0.2174857901,1.143166736,-0.2464819162,1.000167539,-0.005438966778,40.66984275,0.2464819162,0.005438966778,42.06493037,42.06493037,0.05,1.892921867,-4.793689962e-07,-2.061286684e-05,3.355582973e-06,-1.677791487e-05,1.892921867,-6.854976646e-05,-2.964737131e-08,-1.274836966e-06,2.075315992e-07,-1.037657996e-06,0.117070895,-4.239574098e-06,0,0,0,0,0,0
0.17,1,0.0696289865,4.817658412e-05,1.390170089e-05,-7.669903939e-06,3.523362122e-05,-0.0001665807262,-5.848301754e-05,0,0,0,0,0,0,0.001784836788,0.01043051765,-0.0004874175242,-0.001951417514,-0.02254060808,-0.2290719392,11.54712649,0,-0.002003769009,0.2290719392,1.146010202,-0.2602792526,1.000166581,-0.005728706588,42.83645263,0.2602792526,0.005728706588,44.2484708,44.2484708,0.05,1.991181186,-0,-2.205097383e-05,2.876213977e-06,-1.629854587e-05,1.991181186,-6.759102847e-05,-0,-1.535386959e-06,2.002678642e-07,-1.13485123e-06,0.1386439279,-4.706294808e-06,0,0,0,0,0,0
0.18,1,0.07783603725,4.889563761e-05,1.390170089e-05,-8.149272936e-06,3.523362122e-05,-0.0001656219882,-5.776396404e-05,0,0,0,0,0,0,0.001889117117,0.01042550051,-0.0005160065685,-0.002054739105,-0.02373507549,-0.2406539354,11.54712514,0,-0.001992698473,0.2406539354,1.148193279,-0.2740718869,1.000165622,-0.006018341428,45.00228591,0.2740718869,0.006018341428,46.43056942,46.43056942,0.05,2.089375624,-1.438106989e-06,-2.205097383e-05,3.83495197e-06,-1.629854587e-05,2.089375624,-6.902913545e-05,-1.119365491e-07,-1.71636042e-06,2.984974644e-07,-1.268614224e-06,0.1626287189,-5.372954359e-06,0,0,0,0,0,0
0.19,1,0.08645971286,4.937500661e-05,1.366201639e-05,-7.909588438e-06,3.403519873e-05,-0.0001637045122,-5.752427955e-05,0,0,0,0,0,0,0.001993345845,0.01042019756,-0.0005445814662,-0.002157050358,-0.0249180412,-0.252124195,11.54712248,0,-0.0019705574,0.252124195,1.147864352,-0.2877316738,1.000163705,-0.006305168736,47.14722446,0.2877316738,0.006305168736,48.58912565,48.58912565,0.05,2.186510654,-2.396844981e-06,-2.157160483e-05,3.355582973e-06,-1.390170089e-05,2.186510654,-6.950850445e-05,-2.072305288e-07,-1.86507476e-06,2.901227404e-07,-1.201937067e-06,0.1890450833,-6.009685336e-06,0,0,0,0,0,0
0.2,1,0.09549150281,4.841626862e-05,1.462075438e-05,-9.108010928e-06,3.523362122e-05,-0.0001629854587,-5.704491055e-05,0,0,0,0,0,0,0.002097520116,0.01041460893,-0.000573141434,-0.002260505575,-0.02611439011,-0.2637240216,11.54712149,0,-0.001962254498,0.2637240216,1.150036612,-0.3015460354,1.000162985,-0.006595249874,49.31639204,0.3015460354,0.006595249874,50.77456993,50,0.05,2.25,-4.793689962e-07,-2.348908081e-05,5.752427955e-06,-1.629854587e-05,2.25,-7.046724244e-05,-4.577566585e-08,-2.243007627e-06,5.493079902e-07,-1.556372639e-06,0.2148558813,-6.72902288e-06,0,0,1,0,0,0
0.21,1,0.1049224938,4.865595312e-05,1.438106989e-05,-8.628641932e-06,3.571299022e-05,-0.0001608282982,-5.704491055e-05,0,0,0,0,0,0,0.002201637072,0.01040873479,-0.0006016856887,-0.002362465371,-0.02729365376,-0.2751579709,11.54711855,0,-0.00193734579,0.2751579709,1.148980504,-0.3151630556,1.000160828,-0.006881162111,51.45454057,0.3151630556,0.006881162111,52.92556529,50,0.05,2.25,-9.587379924e-07,-2.300971182e-05,4.793689962e-06,-1.725728386e-05,2.25,-7.046724244e-05,-1.005931811e-07,-2.414236346e-06,5.029659054e-07,-1.810677259e-06,0.2360756111,-7.393598809e-06,0,0,1,0,0,0
0.22,1,0.1147433786,4.889563761e-05,1.414138539e-05,-8.628641932e-06,3.667172821e-05,-0.0001586711377,-5.632585706e-05,0,0,0,0.001047197551,0,0,0.00230569386,0.01040257528,-0.000630213448,-0.002464364998,-0.02847241396,-0.2865868328,11.54711564,0,-0.001912437081,0.2865868328,1.147738207,-0.3287742566,1.000158671,-0.007166944652,53.59173772,0.3287742566,0.007166944652,55.07541713,50,0.05,2.25,-1.438106989e-06,-2.253034282e-05,4.793689962e-06,-0.000123894515,2.25,-7.190534943e-05,-1.650132547e-07,-2.585207657e-06,5.500441823e-07,-1.421607524e-05,0.2581726019,-8.250662734e-06,0,0,1,0,0,0
0.23,1,0.1249444652,4.865595312e-05,1.342233189e-05,-8.86832643e-06,3.619235921e-05,-0.0001562742928,-5.632585706e-05,0,0,0,0,0,0,0.002409687627,0.01039613057,-0.0006587239296,-0.00256596192,-0.02964787887,-0.2979835354,11.54711246,0,-0.001884760737,0.2979835354,1.146082893,-0.3423473914,1.000156274,-0.007451916926,55.72292113,0.3423473914,0.007451916926,57.21880333,50,0.05,2.25,-9.587379924e-07,-2.109223583e-05,5.273058958e-06,-1.821602186e-05,2.25,-7.190534943e-05,-1.197890057e-07,-2.635358126e-06,6.588395314e-07,-2.275991109e-06,0.2811250467,-8.984175429e-06,0,0,1,0,0,0
0.24,1,0.1355156863,4.889563761e-05,1.342233189e-05,-8.149272936e-06,3.73907817e-05,-0.0001543568168,-5.536711906e-05,0,0,0,0,0,0,0.002513615522,0.01038940086,-0.000687216352,-0.002667972339,-0.03082832724,-0.3094283531,11.54710994,0,-0.001862619661,0.3094283531,1.14576172,-0.355978084,1.000154357,-0.00773809713,57.86310203,0.355978084,0.00773809713,59.37257993,50,0.05,2.25,-1.438106989e-06,-2.109223583e-05,3.83495197e-06,-2.061286684e-05,2.25,-7.382282542e-05,-1.948860555e-07,-2.858328814e-06,5.196961481e-07,-2.793366796e-06,0.3049102942,-1.000415085e-05,0,0,1,0,0,0
0.25,1,0.1464466094,4.961469111e-05,1.366201639e-05,-8.628641932e-06,3.691141271e-05,-0.0001514806028,-5.584648806e-05,0,0,0,0,0,0,0.002617474695,0.01038238631,-0.000715689934,-0.002768955298,-0.03199712884,-0.3207600322,11.54710623,0,-0.001829408046,0.3207600322,1.143476791,-0.3694742456,1.000151481,-0.008021430435,59.98212602,0.3694742456,0.008021430435,61.50309849,50,0.05,2.25,-2.876213977e-06,-2.157160483e-05,4.793689962e-06,-1.965412884e-05,2.25,-7.286408742e-05,-4.212117849e-07,-3.159088387e-06,7.020196415e-07,-2.87828053e-06,0.3295048712,-1.067069855e-05,0,0,1,0,0,0
0.26,1,0.157726447,4.961469111e-05,1.414138539e-05,-8.388957434e-06,3.73907817e-05,-0.0001483647043,-5.584648806e-05,0,0,0,0,0,0,0.002721262299,0.01037508712,-0.000744143895,-0.002869627003,-0.03316256236,-0.3320588465,11.54710228,0,-0.001793428794,0.3320588465,1.141064658,-0.3829314993,1.000148365,-0.008303934636,62.0950043,0.3829314993,0.008303934636,63.62730439,50,0.05,2.25,-2.876213977e-06,-2.253034282e-05,4.314320966e-06,-2.061286684e-05,2.25,-7.286408742e-05,-4.536550116e-07,-3.553630924e-06,6.804825173e-07,-3.251194249e-06,0.3548845058,-1.149259363e-05,0,0,1,0,0,0
0.27,1,0.1693440673,4.889563761e-05,1.438106989e-05,-7.669903939e-06,3.667172821e-05,-0.0001447694369,-5.608617256e-05,0,0.001047197551,0,0,0,0,0.002824975489,0.0103675035,-0.0007725774549,-0.002969744926,-0.03432183583,-0.343297724,11.54709781,0,-0.001751914271,0.343297724,1.137773652,-0.3963175955,1.000144769,-0.00858492823,64.19667438,0.3963175955,0.00858492823,65.73935056,50,0.05,2.25,-1.438106989e-06,-0.0001277294669,2.876213977e-06,-1.917475985e-05,2.25,-7.238471843e-05,-2.435348867e-07,-2.163022745e-05,4.870697734e-07,-3.247131823e-06,0.3810241515,-1.225792263e-05,0,0,1,0,0,0
0.28,1,0.1812880051,4.841626862e-05,1.414138539e-05,-8.628641932e-06,3.667172821e-05,-0.0001411741694,-5.536711906e-05,0,0,0,0,0,0,0.002928611422,0.01035963565,-0.0008009898342,-0.003069785591,-0.03548046021,-0.3545300999,11.54709346,0,-0.001710399746,0.3545300999,1.135125262,-0.4096961899,1.000141174,-0.008865755199,66.29712869,0.4096961899,0.008865755199,67.85081589,50,0.05,2.25,-4.793689962e-07,-2.253034282e-05,4.793689962e-06,-1.917475985e-05,2.25,-7.382282542e-05,-8.690384904e-08,-4.084480905e-06,8.690384904e-07,-3.476153962e-06,0.4078980115,-1.338319275e-05,0,0,1,0,0,0
0.29,1,0.1935464732,4.913532211e-05,1.486043888e-05,-8.628641932e-06,3.715109721e-05,-0.0001375789019,-5.512743456e-05,0,0,0,0,0,0,0.003032167255,0.01035148378,-0.000829380254,-0.003169746157,-0.03663841108,-0.365755737,11.5470892,0,-0.001668885218,0.365755737,1.133036609,-0.4230670011,1.000137579,-0.009146409612,68.39632282,0.4230670011,0.009146409612,69.96157284,50,0.05,2.25,-1.917475985e-06,-2.396844981e-05,4.793689962e-06,-2.013349784e-05,2.25,-7.430219441e-05,-3.711207143e-07,-4.639008928e-06,9.278017857e-07,-3.8967675e-06,0.4354795646,-1.438092768e-05,0,0,1,0,0,0
0.3,1,0.2061073739,4.913532211e-05,1.390170089e-05,-8.149272936e-06,3.715109721e-05,-0.000129908998,-5.608617256e-05,0,0,0,0,0,0,0.003135640151,0.01034304812,-0.0008577479359,-0.003265549149,-0.03774861385,-0.3765181875,11.54708048,0,-0.001580320885,0.3765181875,1.122865918,-0.4358862822,1.000129909,-0.009415400501,70.40890106,0.4358862822,0.009415400501,71.97706866,50,0.05,2.25,-1.917475985e-06,-2.205097383e-05,3.83495197e-06,-2.013349784e-05,2.25,-7.238471843e-05,-3.952059397e-07,-4.544868306e-06,7.904118793e-07,-4.149662366e-06,0.4637415912,-1.491902422e-05,0,0,1,0,0,0
0.31,1,0.2189583111,4.913532211e-05,1.462075438e-05,-8.628641932e-06,3.76304662e-05,-0.000122718463,-5.464806557e-05,0,0,0,0,0,0,0.003239027273,0.0103343289,-0.0008860921022,-0.003361745736,-0.03886362956,-0.3873270921,11.54707274,0,-0.001497291815,0.3873270921,1.115174872,-0.4487611574,1.000122718,-0.009685554057,72.43016622,0.4487611574,0.009685554057,74.0037878,50,0.05,2.25,-1.917475985e-06,-2.348908081e-05,4.793689962e-06,-2.109223583e-05,2.25,-7.526093241e-05,-4.198473032e-07,-5.143129464e-06,1.049618258e-06,-4.618320335e-06,0.4926561999,-1.647900665e-05,0,0,1,0,0,0
0.32,1,0.2320866025,4.865595312e-05,1.462075438e-05,-8.388957434e-06,3.667172821e-05,-0.0001143295056,-5.416869657e-05,0,0,0,0,0,0,0.003342325785,0.01032532636,-0.0009144119759,-0.00345665529,-0.03996406011,-0.3979943571,11.54706423,0,-0.001400424556,0.3979943571,1.106019121,-0.461467569,1.00011433,-0.009952134182,74.42494477,0.461467569,0.009952134182,76.0023836,50,0.05,2.25,-9.587379924e-07,-2.348908081e-05,4.314320966e-06,-1.917475985e-05,2.25,-7.62196704e-05,-2.225102434e-07,-5.451500962e-06,1.001296095e-06,-4.450204867e-06,0.5221948556,-1.768956435e-05,0,0,1,0,0,0
0.33,1,0.2454792921,4.961469111e-05,1.390170089e-05,-8.86832643e-06,3.691141271e-05,-0.0001045024412,-5.440838107e-05,0,0,0,0,0,0,0.003445532856,0.01031604074,-0.0009427067804,-0.003550035297,-0.04104711331,-0.4084929003,11.54705499,0,-0.001286951469,0.4084929003,1.095661195,-0.4739732744,1.000104502,-0.01021445704,76.38817236,0.4739732744,0.01021445704,77.96802128,50,0.05,2.25,-2.876213977e-06,-2.205097383e-05,5.273058958e-06,-1.965412884e-05,2.25,-7.57403014e-05,-7.060509711e-07,-5.413057445e-06,1.29442678e-06,-4.824681636e-06,0.5523284073,-1.859267557e-05,0,0,1,0,0,0
0.34,1,0.2591231629,5.05734291e-05,1.486043888e-05,-8.628641932e-06,3.73907817e-05,-9.179916278e-05,-5.488775007e-05,0,0,0,0,0.001047197551,0,0.003548645657,0.01030647231,-0.0009709757402,-0.00364044482,-0.0420961587,-0.4176142485,11.54704419,0,-0.001140266729,0.4186614461,1.081054864,-0.4860862049,1.001139271,-0.01046415855,78.09386448,0.4860862049,0.01046415855,79.6714697,50,0.05,2.25,-4.793689962e-06,-2.396844981e-05,4.793689962e-06,-2.061286684e-05,2.25,-7.478156341e-05,-1.242156105e-06,-6.210780526e-06,1.242156105e-06,-5.341271252e-06,0.5830271166,-1.937763524e-05,0,0,1,0,0,0
0.35,1,0.2730047501,4.913532211e-05,1.438106989e-05,-8.86832643e-06,3.76304662e-05,-6.998787345e-05,-5.512743456e-05,0,0,0,0,0.002094395102,0,0.00365166136,0.01029662131,-0.0009992180802,-0.003721649234,-0.04303921295,-0.4257075191,11.54702871,0,-0.0008884117557,0.4278019142,1.050361677,-0.4969750274,1.00216548,-0.01068883093,79.60730607,0.4969750274,0.01068883093,81.16533161,50,0.05,2.25,-1.917475985e-06,-2.300971182e-05,5.273058958e-06,-2.109223583e-05,2.25,-7.430219441e-05,-5.234800521e-07,-6.281760626e-06,1.439570143e-06,-5.758280573e-06,0.6142606878,-2.028485202e-05,0,0,1,0,0,0
0.36,1,0.2871103542,4.985437561e-05,1.486043888e-05,-8.628641932e-06,3.78701507e-05,-3.451456773e-05,-5.440838107e-05,0,0,0,0,0.004188790205,0,0.003754577142,0.01028648804,-0.001027433026,-0.00378909171,-0.04382366652,-0.4312151149,11.54701173,0,-0.0004788013847,0.4354039051,0.9967394272,-0.5060323914,1.004227691,-0.01087172277,80.63722648,0.5060323914,0.01087172277,82.15087002,50,0.05,2.25,-3.355582973e-06,-2.396844981e-05,4.793689962e-06,-2.157160483e-05,2.25,-7.57403014e-05,-9.634226161e-07,-6.881590115e-06,1.376318023e-06,-6.193431104e-06,0.645998297,-2.174582476e-05,0,0,1,0,0,0
0.37,1,0.3014260547,4.769721512e-05,1.390170089e-05,-1.006674892e-05,3.85892042e-05,2.396844981e-05,-5.416869657e-05,0,0,0,0,0.005235987756,0,0.003857390181,0.01027607275,-0.001055619805,-0.003833421731,-0.04434155702,-0.4351837623,11.54700595,-0,0.0001965023071,0.44041975,0.9053795283,-0.5120122229,1.00526681,-0.01099449736,81.37936355,0.5120122229,0.01099449736,82.8077498,50,0.05,2.25,9.587379924e-07,-2.205097383e-05,7.669903939e-06,-2.300971182e-05,2.25,-7.62196704e-05,2.889886105e-07,-6.646738042e-06,2.311908884e-06,-6.935726653e-06,0.678208623,-2.297459454e-05,0,0,1,0,0,0
0.38,1,0.3159377237,4.937500661e-05,1.438106989e-05,-1.030643342e-05,3.81098352e-05,0.0001018659117,-5.440838107e-05,0,0,0,0,0.007330382858,0,0.003960097658,0.01026537574,-0.001083777643,-0.003858231746,-0.04463437278,-0.4359203178,11.54704119,-0,0.001095984539,0.4432507006,0.7911050188,-0.5153949411,1.007445682,-0.01106089832,81.51709942,0.5153949411,0.01106089832,82.83466028,50,0.05,2.25,-2.396844981e-06,-2.300971182e-05,8.149272936e-06,-2.205097383e-05,2.25,-7.57403014e-05,-7.572537473e-07,-7.269635974e-06,2.574662741e-06,-6.966734475e-06,0.7108598782,-2.392921841e-05,0,0,1,0,0,0
0.39,1,0.3306310399,4.985437561e-05,1.510012338e-05,-1.006674892e-05,3.85892042e-05,0.0001994175024,-5.392901207e-05,0,0,0,0,0.01151917306,0,0.004062696758,0.01025439729,-0.001111905768,-0.003863279255,-0.04469931505,-0.432349003,11.54715449,-0,0.002222412055,0.4438681761,0.6560341644,-0.5161498966,1.011751763,-0.01106426096,80.84926357,0.5161498966,0.01106426096,82.03251189,50,0.05,2.25,-3.355582973e-06,-2.444781881e-05,7.669903939e-06,-2.300971182e-05,2.25,-7.669903939e-05,-1.109459888e-06,-8.083207755e-06,2.535908315e-06,-7.607724946e-06,0.7439198397,-2.535908315e-05,0,0,1,0,0,0
0.4,1,0.3454915028,4.913532211e-05,1.557949238e-05,-9.827064422e-06,3.83495197e-05,0.0003437075703,-5.416869657e-05,0,0,0,0,0.01570796327,0,0.004165184667,0.01024313772,-0.00114000341,-0.003821477097,-0.04422358975,-0.4235259533,11.54746311,-0,0.003888524239,0.4392339165,0.4497913013,-0.5106702713,1.016113356,-0.01093211916,79.19935326,0.5106702713,0.01093211916,80.17074695,50,0.05,2.25,-1.917475985e-06,-2.54065568e-05,7.190534943e-06,-2.253034282e-05,2.25,-7.62196704e-05,-6.624716596e-07,-8.77774949e-06,2.484268724e-06,-7.784042e-06,0.7773558813,-2.633324847e-05,0,0,1,0,0,0
0.41,1,0.360504447,4.937500661e-05,1.557949238e-05,-9.587379924e-06,3.882888869e-05,0.0005210740989,-5.368932758e-05,0,0,0,0,0.01884955592,0.001047197551,0.004267558576,0.01023159733,-0.001168069799,-0.003746484477,-0.04336487091,-0.4120242953,11.54807308,-0,0.00593655766,0.4308738512,0.2134473103,-0.5007806982,1.019459456,-0.01070539636,77.04854322,0.5007806982,0.01070539636,77.77347662,50,0.05,2.25,-2.396844981e-06,-2.54065568e-05,6.711165947e-06,-2.348908081e-05,2.25,-0.0001818981635,-8.640732744e-07,-9.159176709e-06,2.419405168e-06,-8.467918089e-06,0.8111350057,-6.557509684e-05,0,0,1,0,0,0
0.42,1,0.3756550564,4.865595312e-05,1.557949238e-05,-1.030643342e-05,3.83495197e-05,0.0007418235216,-5.416869657e-05,0,0,0,0,0.02617993878,0,0.004369815678,0.01021977643,-0.001196104164,-0.003627992157,-0.04200399492,-0.3914463127,11.54918751,-0,0.008485502166,0.4176262515,-0.07030290123,-0.4851120137,1.02709311,-0.01032361611,73.20046048,0.4851120137,0.01032361611,73.62559321,50,0.05,2.25,-9.587379924e-07,-2.54065568e-05,8.149272936e-06,-2.253034282e-05,2.25,-7.62196704e-05,-3.601547746e-07,-9.544101528e-06,3.061315584e-06,-8.463637204e-06,0.8452238769,-2.863230458e-05,0,0,1,0,0,0
0.43,1,0.3909283793,4.961469111e-05,1.557949238e-05,-9.827064422e-06,3.882888869e-05,0.001058686428,-5.320995858e-05,0,0,0,0,0.03769911184,0,0.004471953171,0.01020767536,-0.001224105738,-0.003413266743,-0.03953159512,-0.3558637426,11.55147604,-0,0.01214417228,0.3935628545,-0.5017864619,-0.4566482739,1.039113104,-0.009606150664,66.54651987,0.4566482739,0.009606150664,66.51098783,50,0.05,2.25,-2.876213977e-06,-2.54065568e-05,7.190534943e-06,-2.348908081e-05,2.25,-7.813714638e-05,-1.124393669e-06,-9.932144073e-06,2.810984172e-06,-9.182548294e-06,0.8795888534,-3.0546028e-05,0,0,1,0,0,0
0.44,1,0.4063093427,4.937500661e-05,1.533980788e-05,-1.006674892e-05,3.85892042e-05,0.001446016577,-5.368932758e-05,0,0,0,0,0.0408407045,0,0.004573968253,0.01019529443,-0.001252073751,-0.003127951676,-0.03624304947,-0.3207060442,11.55537712,-0,0.01661632589,0.3615467487,-0.9970158825,-0.4188021046,1.042703712,-0.008717039075,59.97203027,0.4188021046,0.008717039075,59.40253353,50,0.05,2.25,-2.396844981e-06,-2.49271878e-05,7.669903939e-06,-2.300971182e-05,2.25,-7.717840839e-05,-9.738605088e-07,-1.012814929e-05,3.116353628e-06,-9.349060885e-06,0.9141960211,-3.135830838e-05,0,0,1,0,0,0
0.45,1,0.4217827675,4.865595312e-05,1.557949238e-05,-1.102548691e-05,3.85892042e-05,0.001908607658,-5.344964308e-05,0,0,0,0,0.05235987756,0,0.004675858128,0.010182634,-0.001280007439,-0.002767250469,-0.03208159154,-0.2686690718,11.56162859,-0,0.02195711766,0.3210289494,-1.559760452,-0.3709154458,1.054953874,-0.007475231151,50.24111644,0.3709154458,0.007475231151,49.05974666,49.05974666,0.05,2.2076886,-9.587379924e-07,-2.54065568e-05,9.587379924e-06,-2.300971182e-05,2.2076886,-7.765777739e-05,-4.043791637e-07,-1.071604784e-05,4.043791637e-06,-9.70509993e-06,0.9355213223,-3.275471226e-05,0,0,0,0,1,0
0.46,1,0.4373333832,4.937500661e-05,1.677791487e-05,-1.22239094e-05,3.978762669e-05,0.002465874117,-5.320995858e-05,0,0,0,0,0.06283185307,0,0.004777620002,0.0101696944,-0.001307906035,-0.002311745886,-0.02682030037,-0.2069906878,11.57146498,-0,0.02839033889,0.2698225409,-2.214316763,-0.3103501664,1.066284688,-0.005883519015,38.70725862,0.3103501664,0.005883519015,36.80917554,36.80917554,0.05,1.656412899,-2.396844981e-06,-2.780340178e-05,1.198422491e-05,-2.54065568e-05,1.656412899,-7.813714638e-05,-1.048220325e-06,-1.215935577e-05,5.241101623e-06,-1.111113544e-05,0.8355213223,-3.417198258e-05,0,0,0,0,1,0
0.47,1,0.4529458433,4.937500661e-05,1.725728386e-05,-1.29429629e-05,4.026699568e-05,0.003141784401,-5.368932758e-05,0,0,0,0,0.07120943348,0,0.004879251086,0.01015647599,-0.001335768774,-0.001737466685,-0.02017717995,-0.1340329381,11.58678522,-0,0.03619201198,0.2052423716,-2.993234418,-0.2337886505,1.075618914,-0.003876755458,25.06415943,0.2337886505,0.003876755458,22.30859042,22.30859042,0.05,1.003886569,-2.396844981e-06,-2.876213977e-05,1.342233189e-05,-2.636529479e-05,1.003886569,-7.717840839e-05,-1.085640971e-06,-1.302769166e-05,6.079589439e-06,-1.194205068e-05,0.7355213223,-3.495763928e-05,0,0,0,0,1,0
0.48,1,0.4686047402,4.937500661e-05,1.725728386e-05,-1.27032784e-05,4.002731118e-05,0.003888161928,-5.368932758e-05,0,0,0,0,0.07435102613,0,0.004980748594,0.01014297914,-0.001363594892,-0.001092586665,-0.01270339073,-0.05839486355,11.60803575,-0,0.04480511691,0.1327458897,-3,-0.1474614137,1.079621207,-0.001701599973,10.91983948,0.1474614137,0.001701599973,8.069002497,8.069002497,0.05,0.3631051124,-2.396844981e-06,-2.876213977e-05,1.29429629e-05,-2.58859258e-05,0.3631051124,-7.717840839e-05,-1.12317292e-06,-1.347807504e-05,6.065133767e-06,-1.213026753e-05,0.6355213223,-3.616616802e-05,0,1,0,0,1,0
0.49,1,0.4842946205,4.841626862e-05,1.797633736e-05,-1.24635939e-05,4.146541817e-05,0.004645325258,-5.225122059e-05,0,0,0,0,0.07539822369,0,0.005082109742,0.01012920422,-0.001391383626,-0.0004367844843,-0.005085382591,0.01629833182,11.63426366,-0,0.05354013858,0.05909989187,-3,-0.05916468189,1.081464772,0.0004765493903,-3.047788049,0.05916468189,-0.0004765493903,-5.989099917,-5.989099917,0.05,-0.2695094963,-4.793689962e-07,-3.020024676e-05,1.24635939e-05,-2.876213977e-05,-0.2695094963,-8.005462237e-05,-2.321558261e-07,-1.462581704e-05,6.036051478e-06,-1.392934956e-05,0.5355213223,-3.877002296e-05,0,1,0,0,1,0
0.5,1,0.5,4.937500661e-05,1.821602186e-05,-1.27032784e-05,4.050668018e-05,0.005382115405,-5.297027408e-05,0,0,0,0,0.06806784083,0,0.005183331753,0.0101151516,-0.001419134215,0.0001987836525,0.002317822428,0.08021566113,11.66432984,-0,0.06203718676,-0.0121478203,-3,0.02703584531,1.074608264,0.002315791887,-15.00032863,-0.02703584531,-0.002315791887,-18.02968027,-18.02968027,0.05,-0.811335612,-2.396844981e-06,-3.067961576e-05,1.29429629e-05,-2.684466379e-05,-0.811335612,-7.861651538e-05,-1.198422491e-06,-1.533980788e-05,6.471481449e-06,-1.342233189e-05,0.4355213223,-3.930825769e-05,0,1,0,0,1,0
0.51,1,0.5157053795,4.841626862e-05,1.845570635e-05,-1.126517141e-05,3.978762669e-05,0.006027585758,-5.249090509e-05,0,0,0,0,0.05759586532,0,0.00528441185,0.01010082167,-0.001446845897,0.0007431739086,0.008677928546,0.1306353665,11.69437845,-0,0.06947834091,-0.07303950114,-3,0.1014829806,1.064452772,0.003700441741,-24.42881353,-0.1014829806,-0.003700441741,-27.53399695,-27.53399695,0.05,-1.239029863,-4.793689962e-07,-3.115898475e-05,1.006674892e-05,-2.54065568e-05,-1.239029863,-7.957525337e-05,-2.472131701e-07,-1.606885606e-05,5.191476573e-06,-1.310229802e-05,0.3355213223,-4.103738624e-05,0,1,0,0,1,0
0.52,1,0.5313952598,4.937500661e-05,1.701759937e-05,-9.108010928e-06,3.930825769e-05,0.006574306099,-5.273058958e-05,0,0,0,-0.001047197551,0.0450294947,0,0.005385347263,0.01008621481,-0.001474517914,0.001188958836,0.01390193612,0.1678155264,11.72255882,-0,0.07577883209,-0.1227860317,-3,0.1629662639,1.052110715,0.004644030197,-31.38150343,-0.1629662639,-0.004644030197,-34.54911372,-34.54911372,0.05,-1.554710118,-2.396844981e-06,-2.828277078e-05,5.752427955e-06,8.027193631e-05,-1.554710118,-7.909588438e-05,-1.273672061e-06,-1.502933032e-05,3.056812947e-06,4.265612645e-05,0.2355213223,-4.203117802e-05,0,1,0,0,1,0
0.53,1,0.5470541567,4.937500661e-05,1.749696836e-05,-7.190534943e-06,3.882888869e-05,0.006918732722,-5.153216709e-05,0,0,0,0,0.02513274123,0,0.005486135224,0.01007133144,-0.001502149506,0.001432597498,0.01676688617,0.1750585386,11.74160515,-0,0.07974691088,-0.1499257973,-3,0.1968701569,1.032209388,0.004662930219,-32.73594671,-0.1968701569,-0.004662930219,-35.9374798,-35.9374798,0.05,-1.617186591,-2.396844981e-06,-2.924150877e-05,1.917475985e-06,-2.348908081e-05,-1.617186591,-8.149272936e-05,-1.31120401e-06,-1.599668892e-05,1.048963208e-06,-1.28497993e-05,0.1355213223,-4.458093633e-05,0,1,0,0,1,0
0.54,1,0.5626666168,4.841626862e-05,1.773665286e-05,-5.03337446e-06,3.76304662e-05,0.007068775218,-5.129248259e-05,0,0,0,0,0.004188790205,0,0.005586772971,0.01005617196,-0.001529739916,0.001482002247,0.01735470606,0.1596188271,11.75021626,-0,0.08147523204,-0.1554300369,-3,0.2039215494,1.011261952,0.004080857772,-29.84872066,-0.2039215494,-0.004080857772,-33.05672307,-33.05672307,0.05,-1.487552538,-4.793689962e-07,-2.972087777e-05,-2.396844981e-06,-2.109223583e-05,-1.487552538,-8.197209835e-05,-2.697249313e-07,-1.672294574e-05,-1.348624656e-06,-1.186789698e-05,0.0355213223,-4.612296325e-05,0,1,0,0,1,0
0.55,1,0.5782172325,4.865595312e-05,1.677791487e-05,-2.157160483e-06,3.78701507e-05,0.00706781648,-5.153216709e-05,0,0,0,0,-0.001047197551,0,0.005687257745,0.01004073678,-0.001557288387,0.001380558736,0.01617020212,0.1431045246,11.75016063,-0,0.08146418903,-0.1441517222,-2.975642752,0.1900024724,1.008115288,0.003635915452,-26.7605461,-0.1900024724,-0.003635915452,-29.92982724,-29.92982724,0.05,-1.346842226,-9.587379924e-07,-2.780340178e-05,-8.149272936e-06,-2.157160483e-05,-1.346842226,-8.149272936e-05,-5.543588287e-07,-1.607640603e-05,-4.712050044e-06,-1.247307365e-05,-0.0644786777,-4.712050044e-05,0,0,0,0,1,0
0.56,1,0.5936906573,4.961469111e-05,1.629854587e-05,-2.157160483e-06,3.78701507e-05,0.007034740019,-5.153216709e-05,0,0,0,0,-0.005235987756,0,0.005787586789,0.01002502634,-0.001584794164,0.00124715323,0.01460969227,0.124073965,11.7482462,-0,0.08108320064,-0.1293099527,-2.158284727,0.1716382617,1.012277582,0.003178483106,-23.20183145,-0.1716382617,-0.003178483106,-25.53493292,-25.53493292,0.05,-1.149071981,-2.876213977e-06,-2.684466379e-05,-8.149272936e-06,-2.157160483e-05,-1.149071981,-8.149272936e-05,-1.707581367e-06,-1.593742609e-05,-4.838147206e-06,-1.280686025e-05,-0.1644786777,-4.838147206e-05,0,0,0,0,1,0
0.57,1,0.6090716207,4.889563761e-05,1.629854587e-05,-3.115898475e-06,3.930825769e-05,0.006955644135,-5.225122059e-05,0,0,0,0,-0.01047197551,0,0.005887757355,0.01000904105,-0.001612256493,0.00106788678,0.01251012313,0.09887616401,11.74370584,-0,0.08017210567,-0.1093481395,-1.396533926,0.146915206,1.017455035,0.002558951582,-18.48984267,-0.146915206,-0.002558951582,-20.03585075,-20.03585075,0.05,-0.9016132839,-1.438106989e-06,-2.684466379e-05,-6.231796951e-06,-2.444781881e-05,-0.9016132839,-8.005462237e-05,-8.759101543e-07,-1.635032288e-05,-3.795610669e-06,-1.489047262e-05,-0.2644786777,-4.875899859e-05,0,0,0,0,1,0
0.58,1,0.6243449436,5.00940601e-05,1.749696836e-05,-5.03337446e-06,3.906857319e-05,0.006800088896,-5.225122059e-05,0,0,0,0,-0.01989675347,0,0.005987766696,0.009992781353,-0.001639674622,0.0008123222002,0.009514904807,0.06095838706,11.73493108,-0,0.07838014025,-0.08085514054,-0.6163437354,0.1116567521,1.026795813,0.001606725379,-11.39921838,-0.1116567521,-0.001606725379,-12.12882559,-12.12882559,0.05,-0.5457971517,-3.83495197e-06,-2.924150877e-05,-2.396844981e-06,-2.396844981e-05,-0.5457971517,-8.005462237e-05,-2.394332871e-06,-1.825678814e-05,-1.496458044e-06,-1.496458044e-05,-0.3444786777,-4.998169869e-05,0,0,0,0,1,0
0.59,1,0.639495553,4.865595312e-05,1.629854587e-05,-6.711165947e-06,3.882888869e-05,0.006529485097,-5.225122059e-05,0,0,0,0,-0.03036872898,0,0.006087612069,0.009976247703,-0.001667047798,0.0004418730285,0.005173721399,0.009115491087,11.72015394,-0,0.07526239028,-0.03948422007,0.2572082886,0.06063681121,1.037128779,0.000245123783,-1.704596833,-0.06063681121,-0.000245123783,-1.50827048,-1.50827048,0.05,-0.06787217159,-9.587379924e-07,-2.684466379e-05,9.587379924e-07,-2.348908081e-05,-0.06787217159,-8.005462237e-05,-6.131086827e-07,-1.716704311e-05,6.131086827e-07,-1.502116273e-05,-0.2444786777,-5.1194575e-05,0,0,0,0,1,0
0.6,1,0.6545084972,4.937500661e-05,1.701759937e-05,-7.190534943e-06,3.978762669e-05,0.006209985661,-5.225122059e-05,0,0,0,0,-0.03036872898,0,0.006187290738,0.009959440549,-0.001694375271,2.269492349e-05,0.0002655970084,-0.03778548415,11.70350102,-0,0.0715805856,0.007416755168,1.067616843,0.00310841486,1.03680928,-0.001015459837,7.065885537,-0.00310841486,0.001015459837,8.131409425,8.131409425,0.05,0.3659134241,-2.396844981e-06,-2.828277078e-05,1.917475985e-06,-2.54065568e-05,0.3659134241,-8.005462237e-05,-1.568755407e-06,-1.85113138e-05,1.255004325e-06,-1.662880731e-05,-0.1444786777,-5.239643058e-05,0,0,0,0,1,0
0.61,1,0.6693689601,4.937500661e-05,1.701759937e-05,-7.669903939e-06,3.978762669e-05,0.005885692536,-5.201153609e-05,0,0,0,0,-0.03246312409,0,0.00628679997,0.009942360352,-0.001721656292,-0.0004011074343,-0.004691889417,-0.0873844045,11.68747454,-0,0.06784279494,0.05492128042,1.741998859,-0.05483633809,1.03861228,-0.002356572721,16.34088364,0.05483633809,0.002356572721,18.14007541,18.14007541,0.05,0.8163033935,-2.396844981e-06,-2.828277078e-05,2.876213977e-06,-2.54065568e-05,0.8163033935,-8.053399136e-05,-1.604373633e-06,-1.893160886e-05,1.925248359e-06,-1.700636051e-05,-0.0444786777,-5.390695405e-05,0,0,0,0,1,0
0.62,1,0.6840622763,4.961469111e-05,1.629854587e-05,-8.149272936e-06,3.978762669e-05,0.005586805966,-5.225122059e-05,0,0,0,0,-0.02408554368,0,0.006386137036,0.009925007581,-0.001748890113,-0.00079933107,-0.009346245637,-0.1237153601,11.6734825,-0,0.06439720804,0.09962981639,2.23896023,-0.1091032349,1.029817378,-0.003280077194,23.13477233,0.1091032349,0.003280077194,25.48611588,25.48611588,0.05,1.146875214,-2.876213977e-06,-2.684466379e-05,3.83495197e-06,-2.54065568e-05,1.146875214,-8.005462237e-05,-1.967509481e-06,-1.836342182e-05,2.623345974e-06,-1.737966708e-05,0.0555213223,-5.476234721e-05,0,0,0,0,1,0
0.63,1,0.6985739453,4.961469111e-05,1.701759937e-05,-8.388957434e-06,4.002731118e-05,0.005387148779,-5.249090509e-05,0,0,0,0,-0.01256637061,0,0.006485299214,0.00990738271,-0.001776075987,-0.001098150435,-0.01283774613,-0.1457836997,11.66455072,-0,0.06209522322,0.1332173291,2.439950199,-0.1497465409,1.017992998,-0.003776926712,27.26155185,0.1497465409,0.003776926712,29.85502551,29.85502551,0.05,1.343476148,-2.876213977e-06,-2.828277078e-05,4.314320966e-06,-2.58859258e-05,1.343476148,-7.957525337e-05,-2.009248146e-06,-1.975760677e-05,3.013872219e-06,-1.808323331e-05,0.1555213223,-5.55891987e-05,0,0,0,0,1,0
0.64,1,0.7128896458,4.961469111e-05,1.677791487e-05,-8.86832643e-06,4.050668018e-05,0.005299903622,-5.153216709e-05,0,0,0,0,-0.002094395102,0,0.006584283785,0.009889486223,-0.001803213169,-0.001284380163,-0.01501539843,-0.156257698,11.66075189,-0,0.06108923579,0.1541633029,2.37297224,-0.1750908356,1.007395395,-0.003964435474,29.22018953,0.1750908356,0.003964435474,31.77221704,31.77221704,0.05,1.429749767,-2.876213977e-06,-2.780340178e-05,5.273058958e-06,-2.684466379e-05,1.429749767,-8.149272936e-05,-2.050423163e-06,-1.982075725e-05,3.759109133e-06,-1.913728286e-05,0.2555213223,-5.809532296e-05,0,0,0,1,1,0
0.65,1,0.7269952499,4.937500661e-05,1.725728386e-05,-1.030643342e-05,4.074636468e-05,0.00530086236,-5.129248259e-05,0,0,0,0,0,0,0.006683088035,0.009871318611,-0.001830300915,-0.001382225675,-0.01616277519,-0.1651694013,11.66079329,-0,0.06110029085,0.1651694013,2.139242451,-0.1884707804,1.005300862,-0.004173128073,30.88667804,0.1884707804,0.004173128073,33.2185644,33.2185644,0.05,1.494835398,-2.396844981e-06,-2.876213977e-05,8.149272936e-06,-2.732403278e-05,1.494835398,-8.197209835e-05,-1.742494916e-06,-2.090993899e-05,5.924482714e-06,-1.986444204e-05,0.3555213223,-5.959332612e-05,0,0,0,1,1,0
0.66,1,0.7408768371,4.913532211e-05,1.821602186e-05,-1.006674892e-05,4.074636468e-05,0.005324351441,-5.153216709e-05,0,0,0,0,0.004188790205,0,0.006781709255,0.009852880372,-0.001857338483,-0.001457357814,-0.01704580526,-0.169432884,11.66181002,-0,0.06137113808,0.1736216742,1.901135948,-0.1987849426,1.009517528,-0.004316834907,31.68394931,0.1987849426,0.004316834907,33.78818704,33.78818704,0.05,1.520468417,-1.917475985e-06,-3.067961576e-05,7.669903939e-06,-2.732403278e-05,1.520468417,-8.149272936e-05,-1.420613543e-06,-2.272981668e-05,5.682454171e-06,-2.024374298e-05,0.4555213223,-6.037607557e-05,0,0,0,1,1,0
0.67,1,0.7545207079,4.937500661e-05,1.797633736e-05,-1.102548691e-05,4.146541817e-05,0.005374205817,-5.03337446e-05,0,0,0,0,0.006283185307,0,0.006880144742,0.009834172011,-0.00188432513,-0.001505938926,-0.01761966256,-0.1728022666,11.66398316,-0,0.06194598629,0.1790854519,1.652380772,-0.2055154475,1.011667261,-0.004421451188,32.31402386,0.2055154475,0.004421451188,34.17634153,34.17634153,0.05,1.537935369,-2.396844981e-06,-3.020024676e-05,9.587379924e-06,-2.876213977e-05,1.537935369,-8.388957434e-05,-1.808469172e-06,-2.278671156e-05,7.233876687e-06,-2.170163006e-05,0.5555213223,-6.329642101e-05,0,0,0,1,1,0
0.68,1,0.7679133975,4.913532211e-05,1.821602186e-05,-1.174454041e-05,4.146541817e-05,0.005476071728,-4.961469111e-05,0,0,0,0,0.01466076572,0,0.006978391797,0.009815194042,-0.001911260118,-0.001502320069,-0.01758490883,-0.1640075714,11.66848776,-0,0.06312050802,0.1786683371,1.339815424,-0.2051892934,1.020190572,-0.004267431099,30.66941585,0.2051892934,0.004267431099,32.218688,32.218688,0.05,1.44984096,-1.917475985e-06,-3.067961576e-05,1.102548691e-05,-2.876213977e-05,1.44984096,-8.532768133e-05,-1.472455498e-06,-2.355928797e-05,8.466619114e-06,-2.208683247e-05,0.6555213223,-6.552426967e-05,0,0,0,1,1,0
0.69,1,0.7810416889,4.889563761e-05,1.797633736e-05,-1.198422491e-05,4.146541817e-05,0.005657512893,-4.961469111e-05,0,0,0,0,0.02199114858,0,0.007076447726,0.009795946984,-0.001938142708,-0.001418934833,-0.01661896573,-0.147271464,11.67672524,-0,0.0652123758,0.1692626126,0.9199108635,-0.1940550967,1.027769564,-0.003889109024,27.53976378,0.1940550967,0.003889109024,28.65761885,28.65761885,0.05,1.289592848,-1.438106989e-06,-3.020024676e-05,1.150485591e-05,-2.876213977e-05,1.289592848,-8.532768133e-05,-1.123221511e-06,-2.358765174e-05,8.98577209e-06,-2.246443023e-05,0.7555213223,-6.664447634e-05,0,0,0,1,1,0
0.7,1,0.7938926261,4.865595312e-05,1.821602186e-05,-1.126517141e-05,4.194478717e-05,0.005926678585,-4.937500661e-05,0,0.001047197551,0,0,0.03141592654,0,0.007174309841,0.009776431365,-0.001964972162,-0.001247631257,-0.01462451681,-0.1185381929,11.68945144,-0,0.06831523874,0.1499541195,0.3953621995,-0.170952579,1.037589345,-0.003190430716,22.16664208,0.170952579,0.003190430716,22.73614729,22.73614729,0.05,1.023126628,-9.587379924e-07,-0.0001353993709,1.006674892e-05,-2.972087777e-05,1.023126628,-8.580705032e-05,-7.611350226e-07,-0.0001074925621,7.991917737e-06,-2.35951857e-05,0.8195700816,-6.812158452e-05,0,0,0,0,1,0
0.71,1,0.8064535268,4.889563761e-05,1.797633736e-05,-1.102548691e-05,4.242415616e-05,0.006311851573,-4.961469111e-05,0,0,0,0,0.04607669225,0,0.00727197546,0.00975664772,-0.001991747746,-0.0009601238868,-0.01126686255,-0.07149793608,11.70871726,-0,0.07275453523,0.1175746283,-0.274615058,-0.1319205079,1.052919309,-0.001981635137,13.37011405,0.1319205079,0.001981635137,13.22940113,13.22940113,0.05,0.595323051,-1.438106989e-06,-3.020024676e-05,9.587379924e-06,-3.067961576e-05,0.595323051,-8.532768133e-05,-1.159766453e-06,-2.435509551e-05,7.731776353e-06,-2.474168433e-05,0.7195700816,-6.881280954e-05,0,0,0,0,1,0
0.72,1,0.8187119949,4.985437561e-05,1.797633736e-05,-1.102548691e-05,4.146541817e-05,0.006779476029,-4.961469111e-05,0,0,0,0,0.0450294947,0,0.007369441904,0.009736596592,-0.002018468725,-0.0005899658752,-0.006932494142,-0.03090680154,11.73378369,-0,0.07814266984,0.07593629624,-0.9851685319,-0.08134438668,1.052315885,-0.0008556306322,5.779571887,0.08134438668,0.0008556306322,4.876603373,4.876603373,0.05,0.2194471518,-3.355582973e-06,-3.020024676e-05,9.587379924e-06,-2.876213977e-05,0.2194471518,-8.532768133e-05,-2.74725603e-06,-2.472530427e-05,7.849302943e-06,-2.354790883e-05,0.6195700816,-6.98587962e-05,0,0,0,0,1,0
0.73,1,0.8306559327,4.841626862e-05,1.677791487e-05,-1.078580241e-05,4.170510267e-05,0.00723727342,-4.937500661e-05,0,0,0,0,0.04188790205,0,0.007466706502,0.00971627853,-0.002045134367,-0.0002294330816,-0.002699741472,0.006448593771,11.76011438,-0,0.08341592411,0.03543930828,-1.545080549,-0.03174926852,1.049563825,0.0001775917288,-1.205887035,0.03174926852,-0.0001775917288,-2.719395907,-2.719395907,0.05,-0.1223728158,-4.793689962e-07,-2.780340178e-05,9.108010928e-06,-2.924150877e-05,-0.1223728158,-8.580705032e-05,-3.981907006e-07,-2.309506064e-05,7.565623312e-06,-2.428963274e-05,0.5195700816,-7.127613541e-05,0,0,0,0,1,0
0.74,1,0.842273553,4.865595312e-05,1.797633736e-05,-1.030643342e-05,4.074636468e-05,0.007645456121,-4.913532211e-05,0,0.001047197551,0,0,0.03665191429,0,0.007563766587,0.009695694091,-0.00207174394,8.168953378e-05,0.0009625097012,0.03610766648,11.78509487,-0,0.08811621328,0.000544247812,-1.898461677,0.01134326814,1.044633211,0.0009850699904,-6.752133632,-0.01134326814,-0.0009850699904,-8.662923647,-8.662923647,0.05,-0.3898315641,-9.587379924e-07,-0.0001349200019,8.149272936e-06,-2.732403278e-05,-0.3898315641,-8.628641932e-05,-8.075196552e-07,-0.0001136395494,6.86391707e-06,-2.301431017e-05,0.4195700816,-7.267676897e-05,0,0,0,0,1,0
0.75,1,0.8535533906,4.913532211e-05,1.797633736e-05,-9.827064422e-06,4.074636468e-05,0.007979815995,-4.817658412e-05,0,0,0,0,0.02617993878,0,0.007660619498,0.00967484384,-0.002098296716,0.0003191964977,0.003765325655,0.0522405971,11.80661953,-0,0.09196533466,-0.02606065832,-2.033766532,0.04445576741,1.034331102,0.001397228092,-9.768991658,-0.04445576741,-0.001397228092,-11.84861119,-11.84861119,0.05,-0.5331875034,-1.917475985e-06,-3.020024676e-05,7.190534943e-06,-2.732403278e-05,-0.5331875034,-8.82038953e-05,-1.636668128e-06,-2.577752302e-05,6.137505481e-06,-2.332252083e-05,0.3195700816,-7.52867339e-05,0,0,0,0,1,0
0.76,1,0.8644843137,4.769721512e-05,1.773665286e-05,-8.86832643e-06,3.978762669e-05,0.008163654006,-4.865595312e-05,0,0,0,0,0.009424777961,0,0.00775726258,0.009653728349,-0.002124791965,0.000406391426,0.004797616085,0.04525685587,11.81886366,-0,0.09408122813,-0.03583207791,-1.83487503,0.05670237041,1.017610639,0.001171622396,-8.463032048,-0.05670237041,-0.001171622396,-10.35578107,-10.35578107,0.05,-0.4660101482,9.587379924e-07,-2.972087777e-05,5.273058958e-06,-2.54065568e-05,-0.4660101482,-8.724515731e-05,8.288139554e-07,-2.569323262e-05,4.558476755e-06,-2.196356982e-05,0.2195700816,-7.542206994e-05,0,0,0,0,1,0
0.77,1,0.8750555348,4.841626862e-05,1.749696836e-05,-6.950850445e-06,3.954794219e-05,0.008200565418,-4.985437561e-05,0,0,0,0,0,0,0.007853693183,0.009632348195,-0.002151228963,0.0003468722357,0.004096487034,0.02919803243,11.82135718,-0,0.09450602408,-0.02919803243,-1.373847799,0.04842603643,1.008200565,0.0007419719181,-5.460032064,-0.04842603643,-0.0007419719181,-6.883047871,-6.883047871,0.05,-0.3097371542,-4.793689962e-07,-2.924150877e-05,1.438106989e-06,-2.49271878e-05,-0.3097371542,-8.484831233e-05,-4.194744934e-07,-2.558794409e-05,1.25842348e-06,-2.181267365e-05,0.1195700816,-7.424698532e-05,0,0,0,0,1,0
0.78,1,0.8852566214,4.817658412e-05,1.725728386e-05,-6.231796951e-06,4.026699568e-05,0.008187143086,-4.961469111e-05,0,0,0,0,-0.002094395102,0,0.007949908663,0.009610703966,-0.002177606983,0.0002372344232,0.002802334495,0.0148601568,11.82044909,-0,0.09435155431,-0.0169545519,-0.8981425603,0.03312485223,1.010282635,0.0003791832783,-2.778849321,-0.03312485223,-0.0003791832783,-3.710495917,-3.710495917,0.05,-0.1669723163,-0,-2.876213977e-05,-0,-2.636529479e-05,-0.1669723163,-8.532768133e-05,-0,-2.546187468e-05,-0,-2.334005179e-05,0.01957008161,-7.553689488e-05,0,0,0,0,1,0
0.79,1,0.8950775062,4.865595312e-05,1.821602186e-05,-6.711165947e-06,3.930825769e-05,0.00814951262,-4.937500661e-05,0,0,0,0,-0.004188790205,0,0.008045906384,0.009588796255,-0.002203925303,0.0001036062366,0.001224049906,-0.002171476586,11.81791146,-0,0.09391847824,-0.002017313619,-0.4599021987,0.01446571342,1.012342689,-5.563527788e-05,0.4060661216,-0.01446571342,5.563527788e-05,-0.06824615526,-0.06824615526,0.05,-0.003071076987,-9.587379924e-07,-3.067961576e-05,9.587379924e-07,-2.444781881e-05,-0.003071076987,-8.580705032e-05,-8.581448114e-07,-2.746063396e-05,8.581448114e-07,-2.188269269e-05,-0.01793622775,-7.680396062e-05,0,0,0,0,1,0
0.8,1,0.9045084972,4.841626862e-05,1.701759937e-05,-7.190534943e-06,4.098604918e-05,0.008082400961,-4.841626862e-05,0,0,0,0,-0.007330382858,0,0.008141683712,0.009566625662,-0.002230183201,-5.928275132e-05,-0.000700449327,-0.02354100496,11.81341607,-0,0.09314608045,0.0162106221,-0.04106094422,-0.008274699338,1.015426217,-0.0006068226073,4.402167928,0.008274699338,0.0006068226073,4.369988505,4.369988505,0.05,0.1966494827,-4.793689962e-07,-2.828277078e-05,1.917475985e-06,-2.780340178e-05,0.1966494827,-8.772452631e-05,-4.335933304e-07,-2.558200649e-05,1.734373321e-06,-2.514841316e-05,0.08206377225,-7.934757946e-05,0,0,0,0,1,0
0.81,1,0.9135402871,4.793689962e-05,1.677791487e-05,-8.388957434e-06,4.122573367e-05,0.007992279589,-4.793689962e-05,0,0,0,0,-0.00837758041,0,0.008237238023,0.009544192794,-0.002256379958,-0.0002449584332,-0.002894331016,-0.04538933954,11.80744044,-0,0.09210879492,0.03701175913,0.3471104872,-0.03417464109,1.016387406,-0.001172228895,8.487806494,0.03417464109,0.001172228895,8.870263851,8.870263851,0.05,0.3991618733,4.793689962e-07,-2.780340178e-05,4.314320966e-06,-2.828277078e-05,0.3991618733,-8.86832643e-05,4.379228904e-07,-2.539952765e-05,3.941306014e-06,-2.583745054e-05,0.1820637722,-8.101573473e-05,0,0,0,0,1,0
0.82,1,0.9221639628,4.961469111e-05,1.581917688e-05,-1.006674892e-05,4.146541817e-05,0.007923490138,-4.793689962e-05,0,0,0,0,-0.004188790205,0,0.008332566696,0.009521498269,-0.002282514855,-0.0004090765573,-0.004833864862,-0.05960180413,11.80292629,-0,0.09131698691,0.05541301393,0.6191390272,-0.05705375066,1.012116667,-0.001526372622,11.14553737,0.05705375066,0.001526372622,11.82325652,11.82325652,0.05,0.5320465436,-2.876213977e-06,-2.58859258e-05,7.669903939e-06,-2.876213977e-05,0.5320465436,-8.86832643e-05,-2.652340879e-06,-2.387106791e-05,7.072909011e-06,-2.652340879e-05,0.2820637722,-8.178051044e-05,0,0,0,0,1,0
0.83,1,0.9303710135,5.03337446e-05,1.797633736e-05,-1.126517141e-05,4.194478717e-05,0.007900720111,-4.721784613e-05,0,0,0,0,0,0,0.008427667118,0.009498542706,-0.002308587176,-0.0005269470067,-0.006227986796,-0.06863300593,11.80144102,-0,0.09105488068,0.06863300593,0.7457681068,-0.07349921882,1.00790072,-0.001743044761,12.83437211,0.07349921882,0.001743044761,13.65538248,13.65538248,0.05,0.6144922116,-4.314320966e-06,-3.020024676e-05,1.006674892e-05,-2.972087777e-05,0.6144922116,-9.012137129e-05,-4.01391917e-06,-2.809743419e-05,9.365811396e-06,-2.765144317e-05,0.3820637722,-8.384631154e-05,0,0,0,0,1,0
0.84,1,0.93815334,4.889563761e-05,1.821602186e-05,-1.150485591e-05,4.194478717e-05,0.007905034432,-4.721784613e-05,0,0,0,0,0.001047197551,0,0.008522536682,0.009475326736,-0.002334596206,-0.0006175022497,-0.007300352847,-0.07774313145,11.80172209,-0,0.09110454328,0.07879032901,0.7949691028,-0.08615673549,1.008952506,-0.001978533852,14.53796558,0.08615673549,0.001978533852,15.42106995,15.42106995,0.05,0.6939481479,-1.438106989e-06,-3.067961576e-05,1.054611792e-05,-2.972087777e-05,0.6939481479,-9.012137129e-05,-1.349164875e-06,-2.878218399e-05,9.893875748e-06,-2.788274074e-05,0.4820637722,-8.454766548e-05,0,0,0,0,1,0
0.85,1,0.9455032621,4.937500661e-05,1.893507535e-05,-1.150485591e-05,4.242415616e-05,0.007917258341,-4.793689962e-05,0,0,0,0,0.001047197551,0,0.008617172787,0.009451850995,-0.002360541231,-0.0006999144452,-0.008277234603,-0.08698974472,11.80251935,-0,0.09124525304,0.08803694227,0.8185689043,-0.09769222157,1.00896473,-0.002213910373,16.26708226,0.09769222157,0.002213910373,17.1855573,17.1855573,0.05,0.7733500785,-2.396844981e-06,-3.211772275e-05,1.054611792e-05,-3.067961576e-05,0.7733500785,-8.86832643e-05,-2.266224748e-06,-3.036741163e-05,9.971388893e-06,-2.900767678e-05,0.5820637722,-8.385031569e-05,0,0,0,0,1,0
0.86,1,0.9524135262,5.03337446e-05,1.845570635e-05,-1.150485591e-05,4.242415616e-05,0.007936193417,-4.865595312e-05,0,0,0,0,0.002094395102,0,0.008711572838,0.009428116127,-0.002386421541,-0.0007753794211,-0.009172730954,-0.09441181876,11.80375685,-0,0.09146321255,0.09650621387,0.8232741525,-0.1082726858,1.010031685,-0.002407888479,17.65501011,0.1082726858,0.002407888479,18.58896484,18.58896484,0.05,0.8365034176,-4.314320966e-06,-3.115898475e-05,1.054611792e-05,-3.067961576e-05,0.8365034176,-8.724515731e-05,-4.109017644e-06,-2.967623854e-05,1.004426535e-05,-2.921968103e-05,0.6820637722,-8.309346792e-05,0,0,0,0,1,0
0.87,1,0.9588773128,4.985437561e-05,1.869539085e-05,-1.006674892e-05,4.194478717e-05,0.007978138204,-4.913532211e-05,0,0,0,0,0.005235987756,0,0.008805734248,0.009404122782,-0.002412236426,-0.0008275960436,-0.009794368528,-0.09712611041,11.80650912,-0,0.09194602259,0.1023620982,0.7791737265,-0.1156373014,1.01322098,-0.002492782305,18.16258265,0.1156373014,0.002492782305,19.05988646,19.05988646,0.05,0.8576948906,-3.355582973e-06,-3.163835375e-05,7.669903939e-06,-2.972087777e-05,0.8576948906,-8.628641932e-05,-3.217592385e-06,-3.033729963e-05,7.354496879e-06,-2.849867541e-05,0.7820637722,-8.273808989e-05,0,0,0,0,1,0
0.88,1,0.9648882429,4.937500661e-05,1.941444435e-05,-8.628641932e-06,4.194478717e-05,0.008053399136,-4.865595312e-05,0,0,0,0,0.009424777961,0,0.008899654434,0.009379871619,-0.002437985179,-0.0008462552978,-0.01002019739,-0.09501668368,11.81148543,-0,0.09281228132,0.1044414616,0.6737125919,-0.1183534155,1.017500384,-0.002459286017,17.76811985,0.1183534155,0.002459286017,18.56264514,18.56264514,0.05,0.8353190314,-2.396844981e-06,-3.307646074e-05,4.793689962e-06,-2.972087777e-05,0.8353190314,-8.724515731e-05,-2.312687542e-06,-3.191508809e-05,4.625375085e-06,-2.867732553e-05,0.8059895125,-8.418182654e-05,0,0,0,0,0,0
0.89,1,0.9704403845,4.961469111e-05,1.869539085e-05,-8.628641932e-06,4.170510267e-05,0.008171323909,-4.841626862e-05,0,-0.001047197551,0,0,0.01256637061,0,0.008993330823,0.009355363302,-0.002463667092,-0.0008220069133,-0.009739206041,-0.08912354664,11.81938083,-0,0.09416949847,0.1016899173,0.4984620204,-0.1151113852,1.020777173,-0.002321637279,16.66610322,0.1151113852,0.002321637279,17.28199826,17.28199826,0.05,0.7776899219,-2.876213977e-06,7.308140137e-05,4.793689962e-06,-2.924150877e-05,0.7776899219,-8.772452631e-05,-2.791194198e-06,7.092114324e-05,4.65199033e-06,-2.837714101e-05,0.7547017068,-8.513142304e-05,0,0,0,0,0,0
0.9,1,0.9755282581,4.865595312e-05,1.941444435e-05,-9.587379924e-06,4.170510267e-05,0.008332631577,-4.841626862e-05,0,0,0,0,0.01675516082,0,0.009086760845,0.009330598502,-0.002489281464,-0.0007541292686,-0.008941831945,-0.07727205155,11.83037518,-0,0.09602580553,0.09402721237,0.2657215241,-0.1057852267,1.025157976,-0.002030224394,14.44987364,0.1057852267,0.002030224394,14.82341061,14.82341061,0.05,0.6670534777,-9.587379924e-07,-3.307646074e-05,6.711165947e-06,-2.924150877e-05,0.6670534777,-8.772452631e-05,-9.352760038e-07,-3.226702213e-05,6.546932026e-06,-2.852591812e-05,0.6584588488,-8.557775435e-05,0,0,0,0,1,0
0.91,1,0.9801468428,4.913532211e-05,1.965412884e-05,-1.054611792e-05,4.242415616e-05,0.008525337913,-4.793689962e-05,0,0,0,0.001047197551,0.01884955592,0,0.00917994194,0.0093055779,-0.00251482759,-0.000654604027,-0.007768519367,-0.06395614724,11.84380471,-0,0.09824311784,0.08280570316,0.01111918259,-0.0920088263,1.02746372,-0.00168793335,11.95979953,0.0920088263,0.00168793335,12.06461548,12.06461548,0.05,0.5429076964,-1.917475985e-06,-3.355582973e-05,8.628641932e-06,-0.0001353993709,0.5429076964,-8.86832643e-05,-1.879408033e-06,-3.288964057e-05,8.457336147e-06,-0.0001327112659,0.5584588488,-8.692262152e-05,0,0,0,0,1,0
0.92,1,0.9842915806,4.865595312e-05,1.917475985e-05,-1.102548691e-05,4.170510267e-05,0.008701266335,-4.817658412e-05,0,0,0,0,0.01466076572,0,0.009272871553,0.00928030218,-0.002540304771,-0.0005716052181,-0.006789192285,-0.05878643648,11.85634636,-0,0.1002670637,0.07344720219,-0.160675253,-0.08049501525,1.023415767,-0.001539293198,10.99306362,0.08049501525,0.001539293198,10.91442268,10.91442268,0.05,0.4911490204,-9.587379924e-07,-3.259709174e-05,9.587379924e-06,-2.924150877e-05,0.4911490204,-8.82038953e-05,-9.436777339e-07,-3.208504295e-05,9.436777339e-06,-2.878217088e-05,0.4834338456,-8.681835152e-05,0,0,0,0,0,0
0.93,1,0.987958381,4.937500661e-05,2.061286684e-05,-1.150485591e-05,4.146541817e-05,0.008803132246,-4.793689962e-05,0,0,0,-0.001047197551,0.005235987756,0,0.009365547136,0.009254772037,-0.002565712308,-0.0005624148892,-0.006684134374,-0.06715368587,11.8637313,-0,0.1014388263,0.07238967363,-0.1479123287,-0.0792987742,1.014045974,-0.00172633531,12.55773926,0.0792987742,0.00172633531,12.49085204,12.49085204,0.05,0.5620883418,-2.396844981e-06,-3.547330572e-05,1.054611792e-05,7.595761535e-05,0.5620883418,-8.86832643e-05,-2.367983087e-06,-3.504614969e-05,1.041912558e-05,7.504296268e-05,0.5514852104,-8.761537422e-05,0,0,0,0,1,0
0.94,1,0.9911436254,4.817658412e-05,2.061286684e-05,-1.006674892e-05,4.050668018e-05,0.008825902274,-4.793689962e-05,0,0,0,0,0,0,0.009457966148,0.009228988169,-0.002591049505,-0.0006320638741,-0.007514665146,-0.08019883931,11.86539442,-0,0.1017007354,0.08019883931,0.02400390162,-0.08916446588,1.008825902,-0.002040518519,14.99718295,0.08916446588,0.002040518519,15.11239184,15.11239184,0.05,0.6800576326,-0,-3.547330572e-05,7.669903939e-06,-2.684466379e-05,0.6800576326,-8.86832643e-05,-0,-3.515914083e-05,7.601976397e-06,-2.660691739e-05,0.6514852104,-8.789785209e-05,0,0,0,0,1,0
0.95,1,0.9938441703,4.889563761e-05,2.037318234e-05,-8.628641932e-06,4.026699568e-05,0.008826621327,-4.817658412e-05,0,0,0,0,0,0,0.009550126056,0.009202951283,-0.002616315667,-0.0007235047284,-0.008604403814,-0.0904642262,11.86544701,-0,0.1017090061,0.0904642262,0.2074805234,-0.1020950975,1.008826621,-0.002301706528,16.9168103,0.1020950975,0.002301706528,17.22868763,17.22868763,0.05,0.7752909432,-1.438106989e-06,-3.499393672e-05,4.793689962e-06,-2.636529479e-05,0.7752909432,-8.82038953e-05,-1.429254247e-06,-3.477852001e-05,4.764180823e-06,-2.620299453e-05,0.7514852104,-8.766092714e-05,0,0,0,0,1,0
0.96,1,0.9960573507,4.913532211e-05,2.061286684e-05,-8.388957434e-06,4.098604918e-05,0.00882997691,-4.865595312e-05,0,0,0,0,0,0,0.009642024333,0.009176662094,-0.002641510101,-0.0008120474222,-0.009660412902,-0.100409268,11.8656925,-0,0.1017476028,0.100409268,0.3512076744,-0.114627489,1.008829977,-0.002554757994,18.77653311,0.114627489,0.002554757994,19.24492303,19.24492303,0.05,0.8660215363,-1.917475985e-06,-3.547330572e-05,4.314320966e-06,-2.780340178e-05,0.8660215363,-8.724515731e-05,-1.909916049e-06,-3.533344691e-05,4.297311111e-06,-2.769378272e-05,0.8514852104,-8.690118025e-05,0,0,0,0,1,0
0.97,1,0.9977809823,4.913532211e-05,2.013349784e-05,-7.190534943e-06,4.074636468e-05,0.008852507253,-4.817658412e-05,0,0,0,0,0.004188790205,0,0.009733658459,0.009150121323,-0.002666632117,-0.0008811512059,-0.01048640666,-0.1039809877,11.86734337,-0,0.1020067488,0.1081697779,0.4275561921,-0.1244457885,1.013045684,-0.00266779226,19.4444447,0.1244457885,0.00266779226,19.99911447,19.99911447,0.05,0.8999601511,-1.917475985e-06,-3.451456773e-05,1.917475985e-06,-2.732403278e-05,0.8999601511,-8.82038953e-05,-1.913221072e-06,-3.443797929e-05,1.913221072e-06,-2.726340027e-05,0.8979631236,-8.80081693e-05,0,0,0,0,0,0
0.98,1,0.9990133642,4.937500661e-05,2.061286684e-05,-7.909588438e-06,4.194478717e-05,0.008929685661,-4.841626862e-05,0,0,0,0,0.01151917306,0,0.009825025923,0.009123329696,-0.002691681026,-0.0008953402613,-0.01066113168,-0.09822577525,11.87303203,-0,0.1028944229,0.1097449483,0.3757009754,-0.1265799578,1.020482032,-0.002557267729,18.36821997,0.1265799578,0.002557267729,18.87305817,18.87305817,0.05,0.8492876178,-2.396844981e-06,-3.547330572e-05,3.355582973e-06,-2.972087777e-05,0.8492876178,-8.772452631e-05,-2.394480168e-06,-3.543830649e-05,3.352272235e-06,-2.969155408e-05,0.8501316116,-8.763797415e-05,0,0,0,0,1,0
0.99,1,0.9997532802,4.889563761e-05,2.061286684e-05,-9.347695426e-06,4.242415616e-05,0.009084282163,-4.793689962e-05,0,0,0,0,0.01675516082,0,0.009916124219,0.009096287948,-0.002716656141,-0.0008318420564,-0.009913026394,-0.08581155973,11.88458361,-0,0.1046723438,0.1025667205,0.1732117853,-0.117812191,1.025909627,-0.002257896419,16.04676167,0.117812191,0.002257896419,16.34004354,16.34004354,0.05,0.7353019594,-1.438106989e-06,-3.547330572e-05,6.231796951e-06,-3.067961576e-05,0.7353019594,-8.86832643e-05,-1.437752179e-06,-3.546455375e-05,6.230259443e-06,-3.067204649e-05,0.7577428643,-8.866138438e-05,0,0,0,0,1,0
1,1,1,4.793689962e-05,2.085255134e-05,-1.198422491e-05,4.290352516e-05,0.00930047758,-4.865595312e-05,0,0,0,0,0.02303834613,0,0.01000695085,0.009068996821,-0.002741556778,-0.0007064732704,-0.008427609288,-0.06538535877,11.90108918,-0,0.1071582585,0.0884237049,-0.1192609542,-0.1002977297,1.032471515,-0.001742515609,12.22706209,0.1002977297,0.001742515609,12.20984138,12.20984138,0.04999522787,0.5494428622,4.793689962e-07,-3.595267472e-05,1.150485591e-05,-3.163835375e-05,0.5494428622,-8.724515731e-05,4.793689962e-07,-3.595267472e-05,1.150485591e-05,-3.163835375e-05,0.6577428643,-8.724515731e-05,0,0,0,0,1,0
1.01,1,1,4.745753063e-05,2.061286684e-05,-1.27032784e-05,4.290352516e-05,0.009532012805,-4.889563761e-05,0,0,0,0,0.02094395102,0,0.01009750333,0.009041457063,-0.002766382254,-0.0005654905216,-0.006753158924,-0.05158925555,11.91922175,-0,0.1098200048,0.07253320657,-0.3875386985,-0.0804923987,1.030585626,-0.001368513022,9.647190788,0.0804923987,0.001368513022,9.341513001,9.341513001,0.04994698808,0.420368085,1.438106989e-06,-3.547330572e-05,1.29429629e-05,-3.163835375e-05,0.420368085,-8.676578831e-05,1.438106989e-06,-3.547330572e-05,1.29429629e-05,-3.163835375e-05,0.5577428643,-8.676578831e-05,0,0,0,0,1,0
1.02,1,1,5.03337446e-05,2.037318234e-05,-1.150485591e-05,4.242415616e-05,0.009724719142,-4.841626862e-05,0,0,0,0,0.01675516082,0,0.01018777917,0.009013669429,-0.002791131887,-0.0004630600238,-0.005535306269,-0.04423321065,11.93467435,-0,0.1120349257,0.06098837147,-0.5263898192,-0.06606207775,1.026550064,-0.001163071741,8.271610391,0.06606207775,0.001163071741,7.812445721,7.812445721,0.04989824061,0.3515600575,-4.314320966e-06,-3.499393672e-05,1.054611792e-05,-3.067961576e-05,0.3515600575,-8.772452631e-05,-4.314320966e-06,-3.499393672e-05,1.054611792e-05,-3.067961576e-05,0.4577428643,-8.772452631e-05,0,0,0,0,1,0
1.03,1,1,4.889563761e-05,2.133192033e-05,-1.150485591e-05,4.362257866e-05,0.009870687001,-4.865595312e-05,0,0,0,0,0.01047197551,0,0.01027777589,0.00898563468,-0.002815805001,-0.0004070888906,-0.004870250051,-0.04419828119,11.94659812,-0,0.1137123708,0.0546702567,-0.5436648223,-0.05818292012,1.020370078,-0.001147077531,8.265078583,0.05818292012,0.001147077531,7.780743758,7.780743758,0.04984934003,0.3501334691,-1.438106989e-06,-3.691141271e-05,1.054611792e-05,-3.307646074e-05,0.3501334691,-8.724515731e-05,-1.438106989e-06,-3.691141271e-05,1.054611792e-05,-3.307646074e-05,0.3577428643,-8.724515731e-05,0,0,0,0,1,0
1.04,1,1,4.841626862e-05,2.013349784e-05,-1.006674892e-05,4.194478717e-05,0.009936600238,-4.817658412e-05,0,0,0,-0.001047197551,0.001047197551,0,0.01036749104,0.008957353586,-0.002840400918,-0.0004308907999,-0.005157842977,-0.05627057539,11.95204445,-0,0.1144697592,0.05731777294,-0.3928495727,-0.06164676853,1.010984072,-0.001432248072,10.5225976,0.06164676853,0.001432248072,10.19282704,10.19282704,0.04980079078,0.4586772169,-4.793689962e-07,-3.451456773e-05,7.669903939e-06,7.499887735e-05,0.4586772169,-8.82038953e-05,-4.793689962e-07,-3.451456773e-05,7.669903939e-06,7.499887735e-05,0.4374672367,-8.82038953e-05,0,0,0,0,1,0
1.05,1,1,4.889563761e-05,2.085255134e-05,-6.950850445e-06,4.194478717e-05,0.009942352666,-4.889563761e-05,0,0,0.001047197551,0,0,0,0.01045692214,0.008928826922,-0.002864918963,-0.0005145694788,-0.006161590473,-0.06669821907,11.9525216,-0,0.1145358562,0.06669821907,-0.1486663867,-0.07364654321,1.009942353,-0.001692536244,12.47256697,0.07364654321,0.001692536244,12.39923966,12.39923966,0.0497529818,0.5579657846,-1.438106989e-06,-3.595267472e-05,-0.0001032816481,-2.972087777e-05,0.5579657846,-8.676578831e-05,-1.438106989e-06,-3.595267472e-05,-0.0001032816481,-2.972087777e-05,0.5374672367,-8.676578831e-05,0,0,0,0,1,0
1.06,1,1,4.913532211e-05,2.061286684e-05,-5.273058958e-06,4.170510267e-05,0.009941873297,-4.841626862e-05,0,0,0,0,0,0,0.01054606676,0.008900055469,-0.002889358466,-0.0006041934634,-0.007237083584,-0.07675324603,11.95248182,-0,0.1145303481,0.07675324603,0.06228432706,-0.08650111,1.009941873,-0.001945845809,14.35285701,0.08650111,0.001945845809,14.50358829,14.50358829,0.04970591844,0.6526614731,-1.917475985e-06,-3.547330572e-05,-1.917475985e-06,-2.924150877e-05,0.6526614731,-8.772452631e-05,-1.917475985e-06,-3.547330572e-05,-1.917475985e-06,-2.924150877e-05,0.6374672367,-8.772452631e-05,0,0,0,0,1,0
1.07,1,1,4.937500661e-05,1.965412884e-05,-4.793689962e-06,4.266384066e-05,0.009943311404,-4.817658412e-05,0,0,0,0,0,0,0.01063492244,0.008871040016,-0.002913718755,-0.0006916110369,-0.008286889586,-0.08656623834,11.95260115,-0,0.1145468723,0.08656623834,0.2302983463,-0.09904988601,1.009943311,-0.002192585631,16.18788657,0.09904988601,0.002192585631,16.51942739,16.51942739,0.04965968145,0.7433742325,-2.396844981e-06,-3.355582973e-05,-2.876213977e-06,-3.115898475e-05,0.7433742325,-8.82038953e-05,-2.396844981e-06,-3.355582973e-05,-2.876213977e-06,-3.115898475e-05,0.7374672367,-8.82038953e-05,0,0,0,0,1,0
1.08,1,1,4.889563761e-05,2.037318234e-05,-5.512743456e-06,4.314320966e-05,0.009956733736,-4.769721512e-05,0,0,0,0,0.003141592654,0,0.01072348675,0.00884178136,-0.002937999163,-0.0007667530142,-0.009190647147,-0.09186077117,11.95371576,-0,0.1147010971,0.09500236383,0.3414365454,-0.1098623836,1.013100794,-0.002339112408,17.17796421,0.1098623836,0.002339112408,17.63160225,17.63160225,0.04961420641,0.7934221013,-1.438106989e-06,-3.499393672e-05,-1.438106989e-06,-3.211772275e-05,0.7934221013,-8.91626333e-05,-1.438106989e-06,-3.499393672e-05,-1.438106989e-06,-3.211772275e-05,0.7934221013,-8.91626333e-05,0,0,0,0,0,0
1.09,1,1,4.793689962e-05,2.085255134e-05,-8.388957434e-06,4.362257866e-05,0.01001545644,-4.793689962e-05,0,0,0,0,0.007330382858,0,0.01081175726,0.008812280302,-0.002962199025,-0.0007963008221,-0.009549917799,-0.09097411591,11.95861103,-0,0.1153758061,0.09830449877,0.3373849444,-0.1142037523,1.017359273,-0.002333919891,17.01215968,0.1142037523,0.002333919891,17.46608229,17.46608229,0.04956895032,0.7859737032,4.793689962e-07,-3.595267472e-05,4.314320966e-06,-3.307646074e-05,0.7859737032,-8.86832643e-05,4.793689962e-07,-3.595267472e-05,4.314320966e-06,-3.307646074e-05,0.7859737032,-8.86832643e-05,0,0,0,0,0,0
1.1,1,1,4.865595312e-05,2.157160483e-05,-1.006674892e-05,4.338289416e-05,0.01012331446,-4.793689962e-05,0,0,0,0,0.01361356817,0,0.01089973155,0.00878253765,-0.002986317676,-0.0007764170887,-0.009318108052,-0.08242301019,11.96768243,-0,0.1166149645,0.09603657835,0.231850739,-0.111516158,1.023783215,-0.00213936571,15.4131029,0.111516158,0.00213936571,15.75860917,15.75860917,0.04952337516,0.7091374125,-9.587379924e-07,-3.73907817e-05,7.669903939e-06,-3.259709174e-05,0.7091374125,-8.86832643e-05,-9.587379924e-07,-3.73907817e-05,7.669903939e-06,-3.259709174e-05,0.7170680914,-8.86832643e-05,0,0,0,0,1,0
1.11,1,1,4.841626862e-05,2.205097383e-05,-1.054611792e-05,4.338289416e-05,0.01026448863,-4.865595312e-05,0,0,0,0,0.01361356817,0,0.01098740721,0.008752554221,-0.003010354456,-0.000722918579,-0.008683355982,-0.07636794844,11.97971289,-0,0.1182366814,0.08998151661,0.07889548769,-0.1040241116,1.023924389,-0.001980898577,14.28080636,0.1040241116,0.001980898577,14.46570686,14.46570686,0.04947714009,0.6509568085,-4.793689962e-07,-3.83495197e-05,8.628641932e-06,-3.259709174e-05,0.6509568085,-8.724515731e-05,-4.793689962e-07,-3.83495197e-05,8.628641932e-06,-3.259709174e-05,0.6509568085,-8.724515731e-05,0,0,0,0,0,0
1.12,1,1,4.913532211e-05,2.229065832e-05,-1.198422491e-05,4.386226315e-05,0.01039607542,-4.841626862e-05,0,0,0,0,0.009424777961,0,0.01107478184,0.008722330836,-0.003034308706,-0.0006787064144,-0.008158941946,-0.0755487564,11.99108705,-0,0.119748054,0.08497353436,-0.0260259236,-0.09783458308,1.01984306,-0.001942229672,14.12761745,0.09783458308,0.001942229672,14.20136834,14.20136834,0.04943058461,0.6390615751,-1.917475985e-06,-3.882888869e-05,1.150485591e-05,-3.355582973e-05,0.6390615751,-8.772452631e-05,-1.917475985e-06,-3.882888869e-05,1.150485591e-05,-3.355582973e-05,0.6338717235,-8.772452631e-05,0,0,0,0,1,0
1.13,1,1,4.817658412e-05,2.205097383e-05,-1.174454041e-05,4.266384066e-05,0.01049314764,-4.745753063e-05,0,0,0,0,0.007330382858,0,0.01116185303,0.008691868324,-0.003058179768,-0.0006687053874,-0.00804428542,-0.07648816729,11.99957744,-0,0.1208628693,0.08381855015,-0.04148279438,-0.09652802582,1.017836964,-0.001956809969,14.30328728,0.09652802582,0.001956809969,14.36028932,14.36028932,0.04938410515,0.6462130196,-0,-3.83495197e-05,1.102548691e-05,-3.115898475e-05,0.6462130196,-8.964200229e-05,-0,-3.83495197e-05,1.102548691e-05,-3.115898475e-05,0.6462130196,-8.964200229e-05,0,0,0,0,0,0
1.14,1,1,4.841626862e-05,2.157160483e-05,-9.827064422e-06,4.194478717e-05,0.01056601173,-4.769721512e-05,0,0,0,0,0.005235987756,0,0.01124861841,0.00866116752,-0.003081966989,-0.0006826066775,-0.008216491144,-0.08011919644,12.00600616,-0,0.1216995946,0.08535518419,-0.004880235692,-0.09864724326,1.015808853,-0.002039630688,14.98228973,0.09864724326,0.002039630688,15.07809637,15.07809637,0.0493378755,0.6785143368,-4.793689962e-07,-3.73907817e-05,7.190534943e-06,-2.972087777e-05,0.6785143368,-8.91626333e-05,-4.793689962e-07,-3.73907817e-05,7.190534943e-06,-2.972087777e-05,0.6768982994,-8.91626333e-05,0,0,0,0,1,0
1.15,1,1,4.865595312e-05,2.061286684e-05,-7.430219441e-06,4.194478717e-05,0.0106206598,-4.745753063e-05,0,0,0,0,0.005235987756,0,0.01133507559,0.008630229266,-0.003105669716,-0.0007144157933,-0.008604022844,-0.08367322533,12.01085908,-0,0.1223270966,0.08890921308,0.06106278894,-0.1033417059,1.015863501,-0.002128356417,15.64689314,0.1033417059,0.002128356417,15.81342599,15.81342599,0.04929204998,0.7116041694,-9.587379924e-07,-3.547330572e-05,2.396844981e-06,-2.972087777e-05,0.7116041694,-8.964200229e-05,-9.587379924e-07,-3.547330572e-05,2.396844981e-06,-2.972087777e-05,0.7116041694,-8.964200229e-05,0,0,0,0,0,0
1.16,1,1,4.793689962e-05,2.157160483e-05,-7.669903939e-06,4.098604918e-05,0.01068657303,-4.841626862e-05,0,0,0,0,0.006283185307,0,0.0114212222,0.00859905441,-0.0031292873,-0.0007346491716,-0.008852884498,-0.08487651021,12.01674823,-0,0.1230839038,0.09115969552,0.09035951526,-0.1063828841,1.016979628,-0.002161709028,15.87190741,0.1063828841,0.002161709028,16.07081152,16.07081152,0.04924646533,0.7231865183,4.793689962e-07,-3.73907817e-05,2.876213977e-06,-2.780340178e-05,0.7231865183,-8.772452631e-05,4.793689962e-07,-3.73907817e-05,2.876213977e-06,-2.780340178e-05,0.7231865183,-8.772452631e-05,0,0,0,0,0,0
1.17,1,1,4.889563761e-05,2.181128933e-05,-7.909588438e-06,4.242415616e-05,0.01077309914,-4.673847713e-05,0,0,0,0,0.009424777961,0,0.01150705589,0.008567643806,-0.003152819092,-0.0007339567549,-0.0088504462,-0.08162749309,12.02453864,-0,0.1240773045,0.09105227105,0.07094561005,-0.1064225323,1.020220084,-0.002090292257,15.26434121,0.1064225323,0.002090292257,15.44379964,15.44379964,0.0492008313,0.6949709839,-1.438106989e-06,-3.78701507e-05,3.355582973e-06,-3.067961576e-05,0.6949709839,-9.108010928e-05,-1.438106989e-06,-3.78701507e-05,3.355582973e-06,-3.067961576e-05,0.6949709839,-9.108010928e-05,0,0,0,0,0,0
1.18,1,1,4.865595312e-05,2.133192033e-05,-9.347695426e-06,4.218447167e-05,0.01088215558,-4.745753063e-05,0,0,0,0,0.009424777961,0,0.0115925743,0.008535998316,-0.003176264449,-0.0007104187143,-0.008573113769,-0.0789455622,12.03445409,-0,0.1253292434,0.08837034016,0.008149476805,-0.1031727441,1.02032914,-0.00202016131,14.76282013,0.1031727441,0.00202016131,14.87616251,14.87616251,0.04915494083,0.6694273131,-9.587379924e-07,-3.691141271e-05,6.231796951e-06,-3.020024676e-05,0.6694273131,-8.964200229e-05,-9.587379924e-07,-3.691141271e-05,6.231796951e-06,-3.020024676e-05,0.6642148053,-8.964200229e-05,0,0,0,0,1,0
1.19,1,1,4.913532211e-05,2.157160483e-05,-1.006674892e-05,4.194478717e-05,0.01099312951,-4.817658412e-05,0,0.001047197551,0,0,0.01047197551,0,0.01167777508,0.008504118807,-0.003199622727,-0.0006846455719,-0.008268468495,-0.07496459305,12.04465458,-0,0.1266030425,0.08543656856,-0.04706497783,-0.09959084693,1.021492521,-0.001920866259,14.0183789,0.09959084693,0.001920866259,14.07282564,14.07282564,0.04910884444,0.6332771536,-1.917475985e-06,-0.0001421105368,7.669903939e-06,-2.972087777e-05,0.6332771536,-8.82038953e-05,-1.917475985e-06,-0.0001421105368,7.669903939e-06,-2.972087777e-05,0.6332771536,-8.82038953e-05,0,0,0,0,0,0
1.2,1,1,4.961469111e-05,2.253034282e-05,-1.030643342e-05,4.242415616e-05,0.01108612709,-4.745753063e-05,0,0,0,0,0.00837758041,0,0.0117626559,0.008472006154,-0.003222893285,-0.0006765288054,-0.008176213055,-0.07611418936,12.05328892,-0,0.1276703837,0.08449176977,-0.05502621867,-0.09855025821,1.019481253,-0.001940827546,14.23335341,0.09855025821,0.001940827546,14.27881828,14.27881828,0.04906276972,0.6425468224,-2.876213977e-06,-3.930825769e-05,8.149272936e-06,-3.067961576e-05,0.6425468224,-8.964200229e-05,-2.876213977e-06,-3.930825769e-05,8.149272936e-06,-3.067961576e-05,0.6425468224,-8.964200229e-05,0,0,0,0,0,0
1.21,1,1,4.841626862e-05,2.253034282e-05,-1.102548691e-05,4.290352516e-05,0.01116234676,-4.865595312e-05,0,0,0,0,0.006283185307,0,0.01184721443,0.008439661236,-0.003246075486,-0.0006848676651,-0.008282321304,-0.07911738709,12.06042423,-0,0.1285450817,0.0854005724,-0.02795987296,-0.09988830857,1.017455402,-0.002007514294,14.79495139,0.09988830857,0.002007514294,14.86888734,14.86888734,0.04901684809,0.6690999301,-4.793689962e-07,-3.930825769e-05,9.587379924e-06,-3.163835375e-05,0.6690999301,-8.724515731e-05,-4.793689962e-07,-3.930825769e-05,9.587379924e-06,-3.163835375e-05,0.6690999301,-8.724515731e-05,0,0,0,0,0,0
1.22,1,1,4.889563761e-05,2.253034282e-05,-1.054611792e-05,4.290352516e-05,0.01123017747,-4.793689962e-05,0,0,0,0,0.006283185307,0,0.01193144835,0.008407084941,-0.003269168694,-0.0007012708755,-0.008485892652,-0.0809347772,12.06681878,-0,0.1293234456,0.0872179625,0.01036323187,-0.1023977288,1.017523232,-0.002051987929,15.13480334,0.1023977288,0.002051987929,15.24961628,15.24961628,0.04897117559,0.6862327328,-1.438106989e-06,-3.930825769e-05,8.628641932e-06,-3.163835375e-05,0.6862327328,-8.86832643e-05,-1.438106989e-06,-3.930825769e-05,8.628641932e-06,-3.163835375e-05,0.6862327328,-8.86832643e-05,0,0,0,0,0,0
1.23,1,1,4.913532211e-05,2.229065832e-05,-1.006674892e-05,4.266384066e-05,0.01130280188,-4.769721512e-05,0,0,0,0,0.007330382858,0,0.01201535536,0.008374278161,-0.003292172277,-0.0007125534798,-0.008627899137,-0.08112801622,12.07371182,-0,0.1301567521,0.08845839908,0.03082118715,-0.1041707678,1.018646618,-0.002059514617,15.17093903,0.1041707678,0.002059514617,15.3079905,15.3079905,0.04892564072,0.6888595726,-1.917475985e-06,-3.882888869e-05,7.669903939e-06,-3.115898475e-05,0.6888595726,-8.91626333e-05,-1.917475985e-06,-3.882888869e-05,7.669903939e-06,-3.115898475e-05,0.6888595726,-8.91626333e-05,0,0,0,0,0,0
1.24,1,1,4.985437561e-05,2.253034282e-05,-9.108010928e-06,4.242415616e-05,0.01140251063,-4.793689962e-05,0,0,0,0,0.01151917306,0,0.01209893315,0.008341241796,-0.003315085603,-0.0006964225193,-0.008438887463,-0.07509010932,12.08325416,-0,0.1313007188,0.08660928238,-0.009856248121,-0.1019692221,1.022954857,-0.001920599872,14.04185044,0.1019692221,0.001920599872,14.13588402,14.13588402,0.04887991108,0.6361147808,-3.355582973e-06,-3.930825769e-05,5.752427955e-06,-3.067961576e-05,0.6361147808,-8.86832643e-05,-3.355582973e-06,-3.930825769e-05,5.752427955e-06,-3.067961576e-05,0.6382943697,-8.86832643e-05,0,0,0,0,1,0
1.25,1,1,5.03337446e-05,2.205097383e-05,-8.86832643e-06,4.218447167e-05,0.01154128795,-4.793689962e-05,0,0,0,0,0.01361356817,0,0.01218217943,0.008307976752,-0.003337908044,-0.0006408914778,-0.007773078894,-0.06670746235,12.09668722,-0,0.1328927068,0.08032103052,-0.1244816823,-0.09402850409,1.025201188,-0.001712075846,12.47429546,0.09402850409,0.001712075846,12.44555436,12.44555436,0.04883363157,0.5600499461,-4.314320966e-06,-3.83495197e-05,5.273058958e-06,-3.020024676e-05,0.5600499461,-8.86832643e-05,-4.314320966e-06,-3.83495197e-05,5.273058958e-06,-3.020024676e-05,0.5600499461,-8.86832643e-05,0,0,0,0,0,0
1.26,1,1,4.913532211e-05,2.277002732e-05,-8.628641932e-06,4.146541817e-05,0.01168198275,-4.817658412e-05,0,0,0,0,0.01151917306,0,0.01226509192,0.00827448394,-0.003360638975,-0.0005831091703,-0.007078826691,-0.06226200813,12.11048669,-0,0.1345064321,0.07378118119,-0.2202968033,-0.0857280364,1.023234329,-0.001590333652,11.64299552,0.0857280364,0.001590333652,11.51001709,11.51001709,0.04878690769,0.5179507689,-1.917475985e-06,-3.978762669e-05,4.793689962e-06,-2.876213977e-05,0.5179507689,-8.82038953e-05,-1.917475985e-06,-3.978762669e-05,4.793689962e-06,-2.876213977e-05,0.5179507689,-8.82038953e-05,0,0,0,0,0,0
1.27,1,1,4.913532211e-05,2.229065832e-05,-8.388957434e-06,4.218447167e-05,0.01177737718,-4.793689962e-05,0,0,0,0,0.005235987756,0,0.01234766835,0.00824076428,-0.003383277772,-0.0005702911698,-0.006928383849,-0.06706937772,12.11994691,-0,0.1356004265,0.07230536548,-0.204771395,-0.0839716444,1.017020219,-0.001690762484,12.54197363,0.0839716444,0.001690762484,12.42286465,12.42286465,0.04874025408,0.5590289091,-1.917475985e-06,-3.882888869e-05,4.314320966e-06,-3.020024676e-05,0.5590289091,-8.86832643e-05,-1.917475985e-06,-3.882888869e-05,4.314320966e-06,-3.020024676e-05,0.5583438189,-8.86832643e-05,0,0,0,0,1,0
1.28,1,1,4.817658412e-05,2.253034282e-05,-8.628641932e-06,4.194478717e-05,0.01181596639,-4.745753063e-05,0,0,0,0,0.001047197551,0,0.01242990646,0.008206818694,-0.003405823814,-0.0006139400684,-0.007462483449,-0.07614099405,12.12379767,-0,0.1360429373,0.0771881916,-0.07627404804,-0.09047363944,1.012863438,-0.001901989081,14.23836589,0.09047363944,0.001901989081,14.25446747,14.25446747,0.0486941629,0.6414510361,-0,-3.930825769e-05,4.793689962e-06,-2.972087777e-05,0.6414510361,-8.964200229e-05,-0,-3.930825769e-05,4.793689962e-06,-2.972087777e-05,0.6346503155,-8.964200229e-05,0,0,0,0,1,0
1.29,1,1,4.817658412e-05,2.229065832e-05,-8.628641932e-06,4.242415616e-05,0.01182435535,-4.697816163e-05,0.001047197551,0,0,0,0,0,0.01251180398,0.008172648114,-0.003428276485,-0.0006874486321,-0.008359208053,-0.08543775522,12.12463661,-0,0.1361391326,0.08543775522,0.08896097388,-0.10135236,1.011824355,-0.002127860225,15.97686023,0.10135236,0.002127860225,16.16930142,16.16930142,0.04864888705,0.7276185639,-0.0001047197551,-3.882888869e-05,4.793689962e-06,-3.067961576e-05,0.7276185639,-9.060074028e-05,-0.0001047197551,-3.882888869e-05,4.793689962e-06,-3.067961576e-05,0.7276185639,-9.060074028e-05,0,0,0,0,0,0
1.3,1,1,4.937500661e-05,2.277002732e-05,-9.108010928e-06,4.290352516e-05,0.01183418241,-4.793689962e-05,0,0,0,0,0.001047197551,0,0.01259335867,0.008138253478,-0.003450635167,-0.0007591762619,-0.009235017835,-0.09244442263,12.12562021,-0,0.1362518174,0.09349162018,0.2194878839,-0.1119803189,1.012881654,-0.002305063553,17.28710703,0.1119803189,0.002305063553,17.6208803,17.6208803,0.04860436355,0.7929396134,-2.396844981e-06,-3.978762669e-05,5.752427955e-06,-3.163835375e-05,0.7929396134,-8.86832643e-05,-2.396844981e-06,-3.978762669e-05,5.752427955e-06,-3.163835375e-05,0.7929396134,-8.86832643e-05,0,0,0,0,0,0
1.31,1,1,4.937500661e-05,2.205097383e-05,-9.108010928e-06,4.266384066e-05,0.0118667795,-4.817658412e-05,0,0,0,0,0.005235987756,0,0.0126745683,0.008103635726,-0.003472899249,-0.0008077888017,-0.009831167708,-0.09370637776,12.12888926,-0,0.1366255916,0.09894236552,0.2777564743,-0.1192411444,1.017109621,-0.002353941079,17.52309264,0.1192411444,0.002353941079,17.9224442,17.9224442,0.04856031985,0.8065099891,-2.396844981e-06,-3.83495197e-05,5.752427955e-06,-3.115898475e-05,0.8065099891,-8.82038953e-05,-2.396844981e-06,-3.83495197e-05,5.752427955e-06,-3.115898475e-05,0.8065099891,-8.82038953e-05,0,0,0,0,0,0
1.32,1,1,4.985437561e-05,2.205097383e-05,-9.587379924e-06,4.410194765e-05,0.01195330561,-4.745753063e-05,0,0,0,0,0.01047197551,0,0.01275543065,0.00806879581,-0.003495068119,-0.0008021250404,-0.009769255946,-0.08779874245,12.13761442,-0,0.1376176726,0.09827071796,0.2129008678,-0.1185754619,1.022452697,-0.00222674301,16.41836484,0.1185754619,0.00222674301,16.75206791,16.75206791,0.04851605991,0.7538430559,-3.355582973e-06,-3.83495197e-05,6.711165947e-06,-3.403519873e-05,0.7538430559,-8.964200229e-05,-3.355582973e-06,-3.83495197e-05,6.711165947e-06,-3.403519873e-05,0.7538430559,-8.964200229e-05,0,0,0,0,0,0
1.33,1,1,4.769721512e-05,2.277002732e-05,-1.030643342e-05,4.386226315e-05,0.01208824798,-4.793689962e-05,0,0,0,0,0.01570796327,0,0.01283594348,0.008033734683,-0.00351714117,-0.0007476955043,-0.009114819059,-0.07639013773,12.15136056,-0,0.1391646753,0.09209810099,0.0590690606,-0.1107574528,1.027857896,-0.001956128336,14.28495575,0.1107574528,0.001956128336,14.4567384,14.4567384,0.04847113887,0.6505532278,9.587379924e-07,-3.978762669e-05,8.149272936e-06,-3.355582973e-05,0.6505532278,-8.86832643e-05,9.587379924e-07,-3.978762669e-05,8.149272936e-06,-3.355582973e-05,0.666895049,-8.86832643e-05,0,0,0,0,1,0
1.34,1,1,4.793689962e-05,2.205097383e-05,-9.827064422e-06,4.314320966e-05,0.0122704082,-4.817658412e-05,0,0,0,0,0.01884955592,0,0.0129161046,0.007998453308,-0.003539117798,-0.0006456964089,-0.007880386967,-0.06171616568,12.17018563,-0,0.1412525929,0.0805657216,-0.1641074016,-0.09590577223,1.031208791,-0.001589186888,11.54092298,0.09590577223,0.001589186888,11.47431054,11.47431054,0.04842517559,0.5163439742,4.793689962e-07,-3.83495197e-05,7.190534943e-06,-3.211772275e-05,0.5163439742,-8.82038953e-05,4.793689962e-07,-3.83495197e-05,7.190534943e-06,-3.211772275e-05,0.566895049,-8.82038953e-05,0,0,0,0,1,0
1.35,1,1,4.793689962e-05,2.277002732e-05,-1.006674892e-05,4.290352516e-05,0.01245975895,-4.793689962e-05,0,0,0,0,0.01675516082,0,0.01299591182,0.007962952651,-0.003560997398,-0.0005361528675,-0.006551220803,-0.05143707495,12.19008267,-0,0.1434224363,0.06819223577,-0.3597175129,-0.07985992319,1.029285104,-0.001318290861,9.618733016,0.07985992319,0.001318290861,9.340193717,9.340193717,0.04837839152,0.4203087173,4.793689962e-07,-3.978762669e-05,7.669903939e-06,-3.163835375e-05,0.4203087173,-8.86832643e-05,4.793689962e-07,-3.978762669e-05,7.669903939e-06,-3.163835375e-05,0.466895049,-8.86832643e-05,0,0,0,0,1,0
1.36,1,1,4.937500661e-05,2.157160483e-05,-1.030643342e-05,4.338289416e-05,0.01259637911,-4.793689962e-05,0,0,0,0,0.009424777961,0,0.01307536293,0.007927233685,-0.003582779372,-0.0004789838168,-0.005858305359,-0.05229721116,12.2046478,-0,0.1449877039,0.06172198912,-0.4096338446,-0.0714985536,1.022043364,-0.001320257939,9.779578486,0.0714985536,0.001320257939,9.442763453,9.442763453,0.04833140944,0.4249243554,-2.396844981e-06,-3.73907817e-05,8.149272936e-06,-3.259709174e-05,0.4249243554,-8.86832643e-05,-2.396844981e-06,-3.73907817e-05,8.149272936e-06,-3.259709174e-05,0.4249243554,-8.86832643e-05,0,0,0,0,0,0
1.37,1,1,4.937500661e-05,2.181128933e-05,-9.827064422e-06,4.218447167e-05,0.01265917645,-4.697816163e-05,0,0,0,0,0.002094395102,0,0.01315445577,0.007891297391,-0.003604463122,-0.0004952793143,-0.00606147378,-0.06142653083,12.21140161,-0,0.1457070881,0.06352092593,-0.2990281798,-0.07401909065,1.014754668,-0.001527213839,11.48676127,0.07401909065,0.001527213839,11.26327939,11.26327939,0.04828475788,0.5068475725,-2.396844981e-06,-3.78701507e-05,7.190534943e-06,-3.020024676e-05,0.5068475725,-9.060074028e-05,-2.396844981e-06,-3.78701507e-05,7.190534943e-06,-3.020024676e-05,0.5010217749,-9.060074028e-05,0,0,0,0,1,0
1.38,1,1,4.865595312e-05,2.133192033e-05,-8.628641932e-06,4.242415616e-05,0.01266420983,-4.697816163e-05,0,0,0,0,0,0,0.01323318816,0.007855144752,-0.003626048054,-0.0005689783305,-0.006966087197,-0.07178403295,12.21194455,-0,0.1457647463,0.07178403295,-0.09249735585,-0.08506947059,1.01266421,-0.001775688603,13.42361416,0.08506947059,0.001775688603,13.41796197,13.41796197,0.04823885309,0.6038082884,-9.587379924e-07,-3.691141271e-05,4.793689962e-06,-3.067961576e-05,0.6038082884,-9.060074028e-05,-9.587379924e-07,-3.691141271e-05,4.793689962e-06,-3.067961576e-05,0.6010217749,-9.060074028e-05,0,0,0,0,1,0
1.39,1,1,4.865595312e-05,2.205097383e-05,-7.909588438e-06,4.242415616e-05,0.01266444951,-4.745753063e-05,0,0,0,0.001047197551,0,0,0.01331155794,0.007818776761,-0.003647533576,-0.0006471084326,-0.007925487691,-0.08055200716,12.21197041,-0,0.1457674919,0.08055200716,0.08474102348,-0.09678582118,1.01266445,-0.001990708808,15.06322534,0.09678582118,0.001990708808,15.24674289,15.24674289,0.04819364851,0.6861034301,-9.587379924e-07,-3.83495197e-05,3.355582973e-06,-0.0001353993709,0.6861034301,-8.964200229e-05,-9.587379924e-07,-3.83495197e-05,3.355582973e-06,-0.0001353993709,0.6861034301,-8.964200229e-05,0,0,0,0,0,0
1.4,1,1,4.889563761e-05,2.181128933e-05,-7.430219441e-06,4.194478717e-05,0.0126692432,-4.793689962e-05,0,0,0,0,0.001047197551,0,0.01338956298,0.007782194414,-0.003668919099,-0.0007203197767,-0.008825490236,-0.08772415916,12.21248774,-0,0.145822404,0.08877135671,0.2192736944,-0.1077811913,1.013716715,-0.002170457381,16.40441776,0.1077811913,0.002170457381,16.73364311,16.73364311,0.04814918759,0.7530139398,-1.438106989e-06,-3.78701507e-05,2.396844981e-06,-2.972087777e-05,0.7530139398,-8.86832643e-05,-1.438106989e-06,-3.78701507e-05,2.396844981e-06,-2.972087777e-05,0.7530139398,-8.86832643e-05,0,0,0,0,0,0
1.41,1,1,4.937500661e-05,2.181128933e-05,-8.149272936e-06,4.266384066e-05,0.01269129417,-4.793689962e-05,0,0,0,0,0.004188790205,0,0.01346720112,0.007745398715,-0.003690204036,-0.0007759069459,-0.009510896064,-0.09081848173,12.21487022,-0,0.1460749955,0.09500727194,0.2918078285,-0.1161743611,1.016884471,-0.002259019155,16.98305608,0.1161743611,0.002259019155,17.39329729,17.39329729,0.04810529252,0.7826983782,-2.396844981e-06,-3.78701507e-05,3.83495197e-06,-3.115898475e-05,0.7826983782,-8.86832643e-05,-2.396844981e-06,-3.78701507e-05,3.83495197e-06,-3.115898475e-05,0.7826983782,-8.86832643e-05,0,0,0,0,0,0
1.42,1,1,4.937500661e-05,2.181128933e-05,-8.628641932e-06,4.194478717e-05,0.01276799321,-4.673847713e-05,0,0,0,0,0.009424777961,0,0.01354447024,0.007708390671,-0.003711387805,-0.00077647703,-0.009524591361,-0.08561169593,12.22319291,-0,0.1469535199,0.09503647389,0.2367665533,-0.1164209176,1.022214978,-0.002149921812,16.00938714,0.1164209176,0.002149921812,16.36472453,16.36472453,0.04806125529,0.7364126039,-2.396844981e-06,-3.78701507e-05,4.793689962e-06,-2.972087777e-05,0.7364126039,-9.108010928e-05,-2.396844981e-06,-3.78701507e-05,4.793689962e-06,-2.972087777e-05,0.7364126039,-9.108010928e-05,0,0,0,0,0,0
1.43,1,1,4.913532211e-05,2.205097383e-05,-1.006674892e-05,4.266384066e-05,0.01290533243,-4.721784613e-05,0,0,0,0,0.01675516082,0,0.01362136823,0.007671171298,-0.003732469825,-0.0007160357981,-0.008791841682,-0.07142682206,12.23823484,-0,0.1485264137,0.08818198287,0.06574906412,-0.1075966231,1.029730677,-0.001818484787,13.35681572,0.1075966231,0.001818484787,13.5319799,13.5319799,0.04801645048,0.6089390953,-1.917475985e-06,-3.83495197e-05,7.669903939e-06,-3.115898475e-05,0.6089390953,-9.012137129e-05,-1.917475985e-06,-3.83495197e-05,7.669903939e-06,-3.115898475e-05,0.6408533016,-9.012137129e-05,0,0,0,0,1,0
1.44,1,1,4.937500661e-05,2.324939632e-05,-1.102548691e-05,4.290352516e-05,0.01309252602,-4.745753063e-05,0,0,0,0,0.01884955592,0,0.01369789297,0.007633741615,-0.003753449516,-0.0006053669445,-0.007442077176,-0.05681923671,12.25902546,-0,0.1506698239,0.07566879263,-0.1760824489,-0.0912326136,1.032030908,-0.001451669478,10.62519726,0.0912326136,0.001451669478,10.5417991,10.5417991,0.04797059029,0.4743809594,-2.396844981e-06,-4.074636468e-05,9.587379924e-06,-3.163835375e-05,0.4743809594,-8.964200229e-05,-2.396844981e-06,-4.074636468e-05,9.587379924e-06,-3.163835375e-05,0.5408533016,-8.964200229e-05,0,0,0,0,1,0
1.45,1,1,4.913532211e-05,2.468750331e-05,-1.102548691e-05,4.266384066e-05,0.01326965287,-4.769721512e-05,0,0,0,0,0.01361356817,0,0.01377404236,0.00759610265,-0.003774326305,-0.0005043894957,-0.006208063825,-0.05064411554,12.27900569,-0,0.1526974869,0.06425768371,-0.3508295236,-0.07622885103,1.026929553,-0.001279900607,9.470449606,0.07622885103,0.001279900607,9.197128834,9.197128834,0.047924075,0.4138707975,-1.917475985e-06,-4.362257866e-05,9.587379924e-06,-3.115898475e-05,0.4138707975,-8.91626333e-05,-1.917475985e-06,-4.362257866e-05,9.587379924e-06,-3.115898475e-05,0.4408533016,-8.91626333e-05,0,0,0,0,1,0
1.46,1,1,4.937500661e-05,2.420813431e-05,-1.102548691e-05,4.266384066e-05,0.01337751089,-4.745753063e-05,0,0,0,0,0.006283185307,0,0.01384981433,0.007558255434,-0.003795099619,-0.000472303435,-0.005818192951,-0.05432512227,12.29131939,-0,0.1539319622,0.06060830758,-0.3507594281,-0.07151326785,1.019670566,-0.001352273655,10.15879786,0.07151326785,0.001352273655,9.880903978,9.880903978,0.04787756609,0.444640679,-2.396844981e-06,-4.266384066e-05,9.587379924e-06,-3.115898475e-05,0.444640679,-8.964200229e-05,-2.396844981e-06,-4.266384066e-05,9.587379924e-06,-3.115898475e-05,0.444640679,-8.964200229e-05,0,0,0,0,0,0
1.47,1,1,4.817658412e-05,2.348908081e-05,-9.347695426e-06,4.242415616e-05,0.01341322388,-4.673847713e-05,0,0,0,0,0,0,0.01392520678,0.007520201005,-0.003815768889,-0.0005119828993,-0.006310337065,-0.06503837237,12.2954212,-0,0.1543406718,0.06503837237,-0.2032191912,-0.07758825216,1.013413224,-0.001597602774,12.16217563,0.07758825216,0.001597602774,12.0381423,12.0381423,0.04783155985,0.5417164033,-0,-4.122573367e-05,6.231796951e-06,-3.067961576e-05,0.5417164033,-9.108010928e-05,-0,-4.122573367e-05,6.231796951e-06,-3.067961576e-05,0.5344067438,-9.108010928e-05,0,0,0,0,1,0
1.48,1,1,4.985437561e-05,2.348908081e-05,-7.430219441e-06,4.170510267e-05,0.01341394294,-4.745753063e-05,0,0,0,0,0,0,0.01400021766,0.007481940405,-0.003836333547,-0.0005862747242,-0.007228637002,-0.07336979365,12.29550392,-0,0.1543489006,0.07336979365,-0.01350967285,-0.08887973457,1.013413943,-0.00180054846,13.72015141,0.08887973457,0.00180054846,13.79732202,13.79732202,0.04778623812,0.620879491,-3.355582973e-06,-4.122573367e-05,2.396844981e-06,-2.924150877e-05,0.620879491,-8.964200229e-05,-3.355582973e-06,-4.122573367e-05,2.396844981e-06,-2.924150877e-05,0.620879491,-8.964200229e-05,0,0,0,0,0,0
1.49,1,1,5.05734291e-05,2.277002732e-05,-5.992112453e-06,4.242415616e-05,0.01341466199,-4.745753063e-05,0,0,0,-0.001047197551,0,0,0.01407484491,0.007443474684,-0.00385679303,-0.0006601829166,-0.008142869141,-0.08166379183,12.29558663,-0,0.1543571295,0.08166379183,0.1406170737,-0.100121353,1.013414662,-0.00200221704,15.27112907,0.100121353,0.00200221704,15.51386972,15.51386972,0.04774159502,0.6981241372,-4.793689962e-06,-3.978762669e-05,-4.793689962e-07,7.404013936e-05,0.6981241372,-8.964200229e-05,-4.793689962e-06,-3.978762669e-05,-4.793689962e-07,7.404013936e-05,0.6981241372,-8.964200229e-05,0,0,0,0,0,0
1.5,1,1,5.03337446e-05,2.253034282e-05,-5.992112453e-06,4.194478717e-05,0.01342017473,-4.697816163e-05,0,0,0,0,0.001047197551,0,0.01414908647,0.007404804897,-0.003877146778,-0.0007289117407,-0.008994058858,-0.08833196647,12.29622097,-0,0.154420217,0.08937916402,0.2557498844,-0.1105929351,1.014467646,-0.002168209212,16.51807773,0.1105929351,0.002168209212,16.88658876,16.88658876,0.04769766337,0.7598964941,-4.314320966e-06,-3.930825769e-05,-4.793689962e-07,-2.972087777e-05,0.7598964941,-9.060074028e-05,-4.314320966e-06,-3.930825769e-05,-4.793689962e-07,-2.972087777e-05,0.7598964941,-9.060074028e-05,0,0,0,0,0,0
1.51,1,1,4.913532211e-05,2.205097383e-05,-7.669903939e-06,4.266384066e-05,0.01344893687,-4.817658412e-05,0,0,0,0,0.004188790205,0,0.01422294033,0.007365932103,-0.003897394231,-0.0007740034547,-0.009555188368,-0.09024223802,12.29953528,-0,0.1547493619,0.09443102822,0.3002567349,-0.1175243764,1.017642114,-0.00222694977,16.87529851,0.1175243764,0.00222694977,17.29530657,17.29530657,0.04765416108,0.7782887957,-1.917475985e-06,-3.83495197e-05,2.876213977e-06,-3.115898475e-05,0.7782887957,-8.82038953e-05,-1.917475985e-06,-3.83495197e-05,2.876213977e-06,-3.115898475e-05,0.7782887957,-8.82038953e-05,0,0,0,0,0,0
1.52,1,1,4.841626862e-05,2.324939632e-05,-9.108010928e-06,4.266384066e-05,0.01351748664,-4.889563761e-05,0,0,0,0,0.01047197551,0,0.01429640444,0.007326857368,-0.003917534835,-0.0007789178034,-0.009622466506,-0.0844764897,12.30746648,-0,0.1555337728,0.09494846521,0.2524313663,-0.1184281839,1.024016878,-0.00210893935,15.79710357,0.1184281839,0.00210893935,16.17007206,16.17007206,0.04761063554,0.7276532428,-4.793689962e-07,-4.074636468e-05,5.752427955e-06,-3.115898475e-05,0.7276532428,-8.676578831e-05,-4.793689962e-07,-4.074636468e-05,5.752427955e-06,-3.115898475e-05,0.7318433378,-8.676578831e-05,0,0,0,0,1,0
1.53,1,1,4.937500661e-05,2.324939632e-05,-1.030643342e-05,4.218447167e-05,0.01364859406,-4.793689962e-05,0,0,0,0,0.01675516082,0,0.01436947681,0.007287581764,-0.003937568038,-0.0007208827455,-0.008914350978,-0.07160531392,12.32276181,-0,0.1570338258,0.08836047474,0.08307697368,-0.1098494238,1.030473939,-0.001808548893,13.3901937,0.1098494238,0.001808548893,13.58492865,13.58492865,0.04756637169,0.6113217892,-2.396844981e-06,-4.074636468e-05,8.149272936e-06,-3.020024676e-05,0.6113217892,-8.86832643e-05,-2.396844981e-06,-4.074636468e-05,8.149272936e-06,-3.020024676e-05,0.6493846376,-8.86832643e-05,0,0,0,0,1,0
1.54,1,1,4.985437561e-05,2.348908081e-05,-1.150485591e-05,4.362257866e-05,0.01382667964,-4.745753063e-05,0,0,0,0,0.01884955592,0,0.01444215541,0.007248106368,-0.003957493291,-0.0006154757701,-0.007620235012,-0.05758392359,12.34380409,-0,0.1590709474,0.07643347951,-0.1515114325,-0.0940626881,1.032765062,-0.001459493999,10.76819371,0.0940626881,0.001459493999,10.71220446,10.71220446,0.04752106508,0.4820492008,-3.355582973e-06,-4.122573367e-05,1.054611792e-05,-3.307646074e-05,0.4820492008,-8.964200229e-05,-3.355582973e-06,-4.122573367e-05,1.054611792e-05,-3.307646074e-05,0.5493846376,-8.964200229e-05,0,0,0,0,1,0
1.55,1,1,5.05734291e-05,2.348908081e-05,-1.198422491e-05,4.290352516e-05,0.01400332712,-4.697816163e-05,-0.001047197551,0,0,0,0.01361356817,0,0.01451443827,0.00720843226,-0.003977310047,-0.0005111111533,-0.006335868773,-0.05102086376,12.36498084,-0,0.1610911265,0.06463443192,-0.3378870444,-0.07834289596,1.027663228,-0.001279166234,9.540901523,0.07834289596,0.001279166234,9.28263654,9.28263654,0.04747504317,0.4177186443,9.992606516e-05,-4.122573367e-05,1.150485591e-05,-3.163835375e-05,0.4177186443,-9.060074028e-05,9.992606516e-05,-4.122573367e-05,1.150485591e-05,-3.163835375e-05,0.4493846376,-9.060074028e-05,0,0,0,0,1,0
1.56,1,1,4.937500661e-05,2.372876531e-05,-1.054611792e-05,4.338289416e-05,0.01411981378,-4.721784613e-05,0,0,0,0,0.00837758041,0,0.0145863234,0.00716856053,-0.003997017763,-0.0004665096154,-0.005788403673,-0.05119510051,12.37911197,-0,0.1624230223,0.05957268092,-0.3665409944,-0.0716552972,1.02251494,-0.001269472251,9.573483795,0.0716552972,0.001269472251,9.279867571,9.279867571,0.04742892772,0.4175940407,-2.396844981e-06,-4.170510267e-05,8.628641932e-06,-3.259709174e-05,0.4175940407,-9.012137129e-05,-2.396844981e-06,-4.170510267e-05,8.628641932e-06,-3.259709174e-05,0.4175940407,-9.012137129e-05,0,0,0,0,0,0
1.57,1,1,4.913532211e-05,2.205097383e-05,-8.86832643e-06,4.242415616e-05,0.01415744425,-4.649879263e-05,0,0,0,0,0,0,0.01465780883,0.00712849227,-0.004016615899,-0.0005003645765,-0.006211876454,-0.06334551075,12.38370534,-0,0.1628532385,0.06334551075,-0.2274037877,-0.0769260476,1.014157444,-0.001543701159,11.84561051,0.0769260476,0.001543701159,11.69667647,11.69667647,0.04738327533,0.5263504412,-1.917475985e-06,-3.83495197e-05,5.273058958e-06,-3.067961576e-05,0.5263504412,-9.155947828e-05,-1.917475985e-06,-3.83495197e-05,5.273058958e-06,-3.067961576e-05,0.5154103792,-9.155947828e-05,0,0,0,0,1,0
1.58,1,1,4.865595312e-05,2.205097383e-05,-7.430219441e-06,4.098604918e-05,0.01415720457,-4.745753063e-05,0,0,0,0,0,0,0.01472889259,0.007088228579,-0.004036103917,-0.0005716880277,-0.007099882745,-0.07134165793,12.38367604,-0,0.1628504984,0.07134165793,-0.0393635757,-0.08792264782,1.014157205,-0.001736909508,13.34089003,0.08792264782,0.001736909508,13.39118601,13.39118601,0.04733827187,0.6026033707,-9.587379924e-07,-3.83495197e-05,2.396844981e-06,-2.780340178e-05,0.6026033707,-8.964200229e-05,-9.587379924e-07,-3.83495197e-05,2.396844981e-06,-2.780340178e-05,0.6026033707,-8.964200229e-05,0,0,0,0,0,0
1.59,1,1,4.865595312e-05,2.157160483e-05,-4.554005464e-06,4.098604918e-05,0.0141581633,-4.745753063e-05,0,0,0,0,0,0,0.01479957275,0.007047770561,-0.004055481283,-0.0006414094469,-0.007968663636,-0.07916277284,12.38379324,-0,0.162861459,0.07916277284,0.1107918829,-0.0986822829,1.014158163,-0.001925519828,14.80343852,0.0986822829,0.001925519828,15.01483821,15.01483821,0.04729390113,0.6756677193,-9.587379924e-07,-3.73907817e-05,-3.355582973e-06,-2.780340178e-05,0.6756677193,-8.964200229e-05,-9.587379924e-07,-3.73907817e-05,-3.355582973e-06,-2.780340178e-05,0.6756677193,-8.964200229e-05,0,0,0,0,0,0
1.6,1,1,4.913532211e-05,2.205097383e-05,-4.554005464e-06,4.242415616e-05,0.01416079983,-4.625910813e-05,0,0,0,0,0,0,0.01486984736,0.007007119324,-0.004074747467,-0.0007090475274,-0.008812250531,-0.08675419283,12.38411561,-0,0.1628916006,0.08675419283,0.2291953493,-0.1091319294,1.0141608,-0.002108228568,16.22303406,0.1091319294,0.002108228568,16.56346957,16.56346957,0.0472502056,0.7453561305,-1.917475985e-06,-3.83495197e-05,-3.355582973e-06,-3.067961576e-05,0.7453561305,-9.203884727e-05,-1.917475985e-06,-3.83495197e-05,-3.355582973e-06,-3.067961576e-05,0.7453561305,-9.203884727e-05,0,0,0,0,0,0
1.61,1,1,5.00940601e-05,2.229065832e-05,-5.752427955e-06,4.290352516e-05,0.01417589996,-4.793689962e-05,0,0,0,0,0.003141592654,0,0.0149397145,0.006966275984,-0.004093901939,-0.0007638145401,-0.00949702476,-0.0897556894,12.38596321,-0,0.163064228,0.09289728205,0.2987492283,-0.1176297992,1.01731996,-0.002192773436,16.78431392,0.1176297992,0.002192773436,17.20288572,17.20288572,0.04720706964,0.7741298573,-3.83495197e-06,-3.882888869e-05,-9.587379924e-07,-3.163835375e-05,0.7741298573,-8.86832643e-05,-3.83495197e-06,-3.882888869e-05,-9.587379924e-07,-3.163835375e-05,0.7741298573,-8.86832643e-05,0,0,0,0,0,0
1.62,1,1,4.889563761e-05,2.324939632e-05,-8.149272936e-06,4.266384066e-05,0.01422551465,-4.721784613e-05,0,0,0,0,0.006283185307,0,0.01500917224,0.006925241659,-0.004112944175,-0.0007836575959,-0.009749658679,-0.08881551465,12.39204962,-0,0.1636314062,0.09509869995,0.28277755,-0.1208182542,1.02051857,-0.00218148221,16.60850124,0.1208182542,0.00218148221,17.01427853,17.01427853,0.04716407943,0.7656425336,-1.438106989e-06,-4.074636468e-05,3.83495197e-06,-3.115898475e-05,0.7656425336,-9.012137129e-05,-1.438106989e-06,-4.074636468e-05,3.83495197e-06,-3.115898475e-05,0.7656425336,-9.012137129e-05,0,0,0,0,0,0
1.63,1,1,4.817658412e-05,2.444781881e-05,-1.006674892e-05,4.386226315e-05,0.01433217425,-4.673847713e-05,0,0,0,0,0.01256637061,0,0.0150782187,0.006884017476,-0.004131873652,-0.0007460444477,-0.009290026115,-0.07824513287,12.40521581,-0,0.1648505677,0.09081150349,0.1506454964,-0.1152447788,1.026938023,-0.00194431446,14.63183985,0.1152447788,0.00194431446,14.89967444,14.89967444,0.04712053846,0.6704853497,-0,-4.314320966e-05,7.669903939e-06,-3.355582973e-05,0.6704853497,-9.108010928e-05,-0,-4.314320966e-05,7.669903939e-06,-3.355582973e-05,0.6816205046,-9.108010928e-05,0,0,0,0,1,0
1.64,1,1,4.961469111e-05,2.420813431e-05,-1.150485591e-05,4.410194765e-05,0.01448868823,-4.697816163e-05,0,0,0,0,0.01570796327,0,0.01514685196,0.006842604564,-0.004150689852,-0.0006581637374,-0.008205169034,-0.06514496206,12.42473895,-0,0.1666392492,0.08085292533,-0.06072117517,-0.1019470833,1.030258337,-0.00162773873,12.1821079,0.1019470833,0.00162773873,12.22496155,12.22496155,0.04707607312,0.5501232698,-2.876213977e-06,-4.266384066e-05,1.054611792e-05,-3.403519873e-05,0.5501232698,-9.060074028e-05,-2.876213977e-06,-4.266384066e-05,1.054611792e-05,-3.403519873e-05,0.5816205046,-9.060074028e-05,0,0,0,0,1,0
1.65,1,1,5.00940601e-05,2.444781881e-05,-1.22239094e-05,4.362257866e-05,0.01465838485,-4.673847713e-05,0,0,0,0,0.01675516082,0,0.01521507016,0.006801004058,-0.004169392258,-0.0005566853117,-0.006948600903,-0.05261406603,12.44618017,-0,0.1685781303,0.06936922685,-0.2595654011,-0.08648353874,1.03148373,-0.001316501046,9.838830347,0.08648353874,0.001316501046,9.667064986,9.667064986,0.04703081485,0.4350179244,-3.83495197e-06,-4.314320966e-05,1.198422491e-05,-3.307646074e-05,0.4350179244,-9.108010928e-05,-3.83495197e-06,-4.314320966e-05,1.198422491e-05,-3.307646074e-05,0.4816205046,-9.108010928e-05,0,0,0,0,1,0
1.66,1,1,4.913532211e-05,2.372876531e-05,-1.174454041e-05,4.362257866e-05,0.01479788123,-4.649879263e-05,0,0,0,0,0.01047197551,0,0.01528287142,0.0067592171,-0.004187980359,-0.0004849901945,-0.006060239803,-0.05077819559,12.46401973,-0,0.1701715982,0.06125017111,-0.3584556509,-0.07553494849,1.025297272,-0.001254151644,9.495522576,0.07553494849,0.001254151644,9.213856025,9.213856025,0.04698519142,0.4146235211,-1.917475985e-06,-4.170510267e-05,1.102548691e-05,-3.307646074e-05,0.4146235211,-9.155947828e-05,-1.917475985e-06,-4.170510267e-05,1.102548691e-05,-3.307646074e-05,0.4146235211,-9.155947828e-05,0,0,0,0,0,0
1.67,1,1,4.913532211e-05,2.348908081e-05,-9.587379924e-06,4.290352516e-05,0.01486523257,-4.673847713e-05,0,0,0,0,0.002094395102,0,0.01535025389,0.006717244834,-0.004206453644,-0.0004850213142,-0.006064920366,-0.05911786556,12.47270241,-0,0.1709408363,0.06121226066,-0.2908108465,-0.07564594684,1.016960724,-0.001435092863,11.05504086,0.07564594684,0.001435092863,10.84131105,10.84131105,0.04693978912,0.4878589974,-1.917475985e-06,-4.122573367e-05,6.711165947e-06,-3.163835375e-05,0.4878589974,-9.108010928e-05,-1.917475985e-06,-4.122573367e-05,6.711165947e-06,-3.163835375e-05,0.4852570548,-9.108010928e-05,0,0,0,0,1,0
1.68,1,1,4.865595312e-05,2.300971182e-05,-6.950850445e-06,4.242415616e-05,0.01487146437,-4.721784613e-05,0,0,0,0,0,0,0.01541721571,0.006675088411,-0.004224811607,-0.0005457513364,-0.006826963485,-0.06801316381,12.47350807,-0,0.1710120075,0.06801316381,-0.1124527156,-0.08515618415,1.014871464,-0.001642679891,12.71846163,0.08515618415,0.001642679891,12.69280778,12.69280778,0.04689501189,0.5711763501,-9.587379924e-07,-4.026699568e-05,1.438106989e-06,-3.067961576e-05,0.5711763501,-9.012137129e-05,-9.587379924e-07,-4.026699568e-05,1.438106989e-06,-3.067961576e-05,0.5711763501,-9.012137129e-05,0,0,0,0,0,0
1.69,1,1,5.00940601e-05,2.372876531e-05,-5.512743456e-06,4.122573367e-05,0.01487146437,-4.697816163e-05,0,0,0,0,0,0,0.01548375505,0.006632748988,-0.004243053744,-0.0006122906755,-0.007662036867,-0.0754735103,12.47350807,-0,0.1710120075,0.0754735103,0.0445151384,-0.09557247873,1.014871464,-0.001821145042,14.11354643,0.09557247873,0.001821145042,14.25545519,14.25545519,0.04685081894,0.6414954834,-3.83495197e-06,-4.170510267e-05,-1.438106989e-06,-2.828277078e-05,0.6414954834,-9.060074028e-05,-3.83495197e-06,-4.170510267e-05,-1.438106989e-06,-2.828277078e-05,0.6414954834,-9.060074028e-05,0,0,0,0,0,0
1.7,1,1,4.937500661e-05,2.229065832e-05,-5.273058958e-06,4.194478717e-05,0.01487338185,-4.649879263e-05,0,0,0,0,0,0,0.01554987008,0.006590227724,-0.004261179556,-0.0006764882341,-0.008468461437,-0.08267472371,12.47375605,-0,0.1710339062,0.08267472371,0.1680021065,-0.1056335221,1.014873382,-0.001993056889,15.46017333,0.1056335221,0.001993056889,15.73580202,15.73580202,0.04680724166,0.7081110909,-2.396844981e-06,-3.882888869e-05,-1.917475985e-06,-2.972087777e-05,0.7081110909,-9.155947828e-05,-2.396844981e-06,-3.882888869e-05,-1.917475985e-06,-2.972087777e-05,0.7081110909,-9.155947828e-05,0,0,0,0,0,0
1.71,1,1,4.889563761e-05,2.300971182e-05,-5.512743456e-06,4.194478717e-05,0.01488536607,-4.601942364e-05,0,0.001047197551,0,0,0.002094395102,0,0.015615559,0.006547525786,-0.004279188546,-0.0007301929268,-0.009144544105,-0.08660144503,12.47530673,-0,0.1711707717,0.08869584013,0.2469667202,-0.1140809926,1.016980858,-0.002094470125,16.19447022,0.1140809926,0.002094470125,16.5576124,16.5576124,0.04676421411,0.7450925581,-1.438106989e-06,-0.0001449867508,-1.438106989e-06,-2.972087777e-05,0.7450925581,-9.251821627e-05,-1.438106989e-06,-0.0001449867508,-1.438106989e-06,-2.972087777e-05,0.7450925581,-9.251821627e-05,0,0,0,0,0,0
1.72,1,1,4.889563761e-05,2.372876531e-05,-7.430219441e-06,4.362257866e-05,0.01492683149,-4.673847713e-05,0,0,-0.001047197551,0,0.006283185307,0,0.01568082,0.006504644344,-0.00429708022,-0.0007539885084,-0.0094479257,-0.08505842088,12.48068318,-0,0.1716443075,0.09134160618,0.2483170237,-0.1179165673,1.021219886,-0.002072437359,15.9059247,0.1179165673,0.002072437359,16.27423073,16.27423073,0.04672137775,0.732340383,-1.438106989e-06,-4.170510267e-05,0.0001071166001,-3.307646074e-05,0.732340383,-9.108010928e-05,-1.438106989e-06,-4.170510267e-05,0.0001071166001,-3.307646074e-05,0.732340383,-9.108010928e-05,0,0,0,0,0,0
1.73,1,1,4.961469111e-05,2.396844981e-05,-9.587379924e-06,4.362257866e-05,0.01501671318,-4.577973914e-05,0,0,0,0,0.01047197551,0,0.01574565129,0.006461584574,-0.004314854087,-0.0007289381143,-0.009141577234,-0.07799868817,12.49239641,-0,0.172670658,0.08847066368,0.1488186425,-0.1142002066,1.025516104,-0.001914681343,14.58575469,0.1142002066,0.001914681343,14.85068822,14.85068822,0.04667816535,0.6682809698,-2.876213977e-06,-4.218447167e-05,6.711165947e-06,-3.307646074e-05,0.6682809698,-9.299758527e-05,-2.876213977e-06,-4.218447167e-05,6.711165947e-06,-3.307646074e-05,0.6682809698,-9.299758527e-05,0,0,0,0,0,0
1.74,1,1,4.913532211e-05,2.468750331e-05,-1.126517141e-05,4.386226315e-05,0.0151648382,-4.649879263e-05,0.001047197551,0,0,0,0.01675516082,0,0.0158100511,0.006418347657,-0.00433250966,-0.0006452129028,-0.008100807157,-0.0622223774,12.51187676,-0,0.1743617834,0.07897753822,-0.05402003354,-0.1013563008,1.031990183,-0.00154529946,11.63558457,0.1013563008,0.00154529946,11.68446614,11.68446614,0.04663407903,0.5258009764,-0.0001066372311,-4.362257866e-05,1.006674892e-05,-3.355582973e-05,0.5258009764,-9.155947828e-05,-0.0001066372311,-4.362257866e-05,1.006674892e-05,-3.355582973e-05,0.5682809698,-9.155947828e-05,0,0,0,0,1,0
1.75,1,1,4.865595312e-05,2.51668723e-05,-1.27032784e-05,4.458131665e-05,0.01534388252,-4.530037014e-05,0,0,0,0,0.01570796327,0,0.01587401766,0.006374934777,-0.004350046455,-0.000530135141,-0.00666471677,-0.05024955381,12.53571856,-0,0.1764054074,0.06595751707,-0.2821376612,-0.08354701371,1.031113531,-0.001244633057,9.396666562,0.08354701371,0.001244633057,9.199320547,9.199320547,0.04658906183,0.4139694246,-9.587379924e-07,-4.458131665e-05,1.29429629e-05,-3.499393672e-05,0.4139694246,-9.395632326e-05,-9.587379924e-07,-4.458131665e-05,1.29429629e-05,-3.499393672e-05,0.4682809698,-9.395632326e-05,0,0,0,0,1,0
1.76,1,1,4.865595312e-05,2.444781881e-05,-1.198422491e-05,4.338289416e-05,0.01548361858,-4.554005464e-05,0,0,0,0,0.01047197551,0,0.01593754921,0.006331347125,-0.004367463991,-0.0004539306332,-0.005713013141,-0.04685709264,12.55455145,-0,0.1779999778,0.05732906815,-0.3863498485,-0.07172431743,1.02598301,-0.001147965417,8.762276323,0.07172431743,0.001147965417,8.448798757,8.448798757,0.04654368571,0.3801959441,-9.587379924e-07,-4.314320966e-05,1.150485591e-05,-3.259709174e-05,0.3801959441,-9.347695426e-05,-9.587379924e-07,-4.314320966e-05,1.150485591e-05,-3.259709174e-05,0.3801959441,-9.347695426e-05,0,0,0,0,0,0
1.77,1,1,4.913532211e-05,2.372876531e-05,-1.030643342e-05,4.242415616e-05,0.01553826664,-4.554005464e-05,0,0,0,0,0.001047197551,0,0.01600064402,0.006287585896,-0.004384761792,-0.0004623773769,-0.005823081728,-0.0571898436,12.56197059,-0,0.1786234905,0.05823704115,-0.2960529143,-0.07314938139,1.016585738,-0.001374227608,10.69450075,0.07314938139,0.001374227608,10.47297145,10.47297145,0.04649860004,0.4712837151,-1.917475985e-06,-4.170510267e-05,8.149272936e-06,-3.067961576e-05,0.4712837151,-9.347695426e-05,-1.917475985e-06,-4.170510267e-05,8.149272936e-06,-3.067961576e-05,0.4639184526,-9.347695426e-05,0,0,0,0,1,0
1.78,1,1,4.937500661e-05,2.348908081e-05,-6.950850445e-06,4.266384066e-05,0.01553922538,-4.601942364e-05,0,0,0,0,0,0,0.01606330035,0.00624365229,-0.004401939381,-0.000524074973,-0.006602411546,-0.06514494928,12.56210102,-0,0.1786344288,0.06514494928,-0.1152484514,-0.0829401608,1.015539225,-0.001560664767,12.18210552,0.0829401608,0.001560664767,12.15135789,12.15135789,0.04645410316,0.5468111051,-2.396844981e-06,-4.122573367e-05,1.438106989e-06,-3.115898475e-05,0.5468111051,-9.251821627e-05,-2.396844981e-06,-4.122573367e-05,1.438106989e-06,-3.115898475e-05,0.5468111051,-9.251821627e-05,0,0,0,0,0,0
1.79,1,1,5.00940601e-05,2.277002732e-05,-4.793689962e-06,4.266384066e-05,0.01553850633,-4.554005464e-05,0.001047197551,0,0,0,0,0,0.0161255165,0.006199547511,-0.00441899629,-0.0005870101677,-0.007397807422,-0.07219701961,12.56200319,-0,0.1786262251,0.07219701961,0.03473824726,-0.09293128047,1.015538506,-0.001727968265,13.50084267,0.09293128047,0.001727968265,13.63024016,13.63024016,0.04641012961,0.6133608073,-0.0001085547071,-3.978762669e-05,-2.876213977e-06,-3.115898475e-05,0.6133608073,-9.347695426e-05,-0.0001085547071,-3.978762669e-05,-2.876213977e-06,-3.115898475e-05,0.6133608073,-9.347695426e-05,0,0,0,0,0,0
1.8,1,1,4.961469111e-05,2.300971182e-05,-5.752427955e-06,4.242415616e-05,0.0155404238,-4.577973914e-05,0,0,0,0,0,0,0.01618729074,0.006155272768,-0.004435932049,-0.0006468669342,-0.008155041756,-0.07890645984,12.56226407,-0,0.1786481018,0.07890645984,0.1511690238,-0.102445788,1.015540424,-0.001886790259,14.75550799,0.102445788,0.001886790259,15.01100959,15.01100959,0.04636670208,0.6754954317,-2.876213977e-06,-4.026699568e-05,-9.587379924e-07,-3.067961576e-05,0.6754954317,-9.299758527e-05,-2.876213977e-06,-4.026699568e-05,-9.587379924e-07,-3.067961576e-05,0.6754954317,-9.299758527e-05,0,0,0,0,0,0
1.81,1,1,4.913532211e-05,2.277002732e-05,-5.992112453e-06,4.242415616e-05,0.01554473812,-4.601942364e-05,0,0,0,0,0,0,0.01624862139,0.006110829276,-0.004452746195,-0.0007038832636,-0.008877092947,-0.08529949059,12.56285118,-0,0.178697324,0.08529949059,0.2402858297,-0.1115215976,1.015544738,-0.002037789174,15.95100474,0.1115215976,0.002037789174,16.30484996,16.30484996,0.04632386361,0.7337182481,-1.917475985e-06,-3.978762669e-05,-4.793689962e-07,-3.067961576e-05,0.7337182481,-9.251821627e-05,-1.917475985e-06,-3.978762669e-05,-4.793689962e-07,-3.067961576e-05,0.7337182481,-9.251821627e-05,0,0,0,0,0,0
1.82,1,1,4.985437561e-05,2.324939632e-05,-7.430219441e-06,4.338289416e-05,0.01556127636,-4.601942364e-05,0,0,0,0,0.003141592654,0,0.01630950677,0.006066218251,-0.004469438267,-0.0007482304099,-0.009440454687,-0.08712344588,12.56510353,-0,0.1788860065,0.09026503854,0.2863090908,-0.1186202905,1.018705336,-0.002092420441,16.29208438,0.1186202905,0.002092420441,16.69910618,16.69910618,0.04628145537,0.7514597782,-3.355582973e-06,-4.074636468e-05,2.396844981e-06,-3.259709174e-05,0.7514597782,-9.251821627e-05,-3.355582973e-06,-4.074636468e-05,2.396844981e-06,-3.259709174e-05,0.7514597782,-9.251821627e-05,0,0,0,0,0,0
1.83,1,1,4.985437561e-05,2.348908081e-05,-9.108010928e-06,4.338289416e-05,0.01560034493,-4.554005464e-05,0,0,0,0,0.004188790205,0,0.0163699452,0.006021440919,-0.004486007807,-0.0007696002707,-0.009715464691,-0.08844729034,12.57043536,-0,0.1793317153,0.09263608054,0.2767375917,-0.1221276208,1.019793522,-0.002126813857,16.53964329,0.1221276208,0.002126813857,16.94063532,16.94063532,0.04623925584,0.7623285894,-3.355582973e-06,-4.122573367e-05,5.752427955e-06,-3.259709174e-05,0.7623285894,-9.347695426e-05,-3.355582973e-06,-4.122573367e-05,5.752427955e-06,-3.259709174e-05,0.7623285894,-9.347695426e-05,0,0,0,0,0,0
1.84,1,1,4.937500661e-05,2.372876531e-05,-1.006674892e-05,4.290352516e-05,0.01567201059,-4.577973914e-05,0,0,0,0,0.00837758041,0,0.01642993503,0.005976498505,-0.00450245436,-0.0007579244399,-0.009575095926,-0.08289533821,12.58025631,-0,0.1801492339,0.09127291862,0.1999614976,-0.120457161,1.024067137,-0.002008211159,15.50142825,0.120457161,0.002008211159,15.82385512,15.82385512,0.04619684966,0.7120734802,-2.396844981e-06,-4.170510267e-05,7.669903939e-06,-3.163835375e-05,0.7120734802,-9.299758527e-05,-2.396844981e-06,-4.170510267e-05,7.669903939e-06,-3.163835375e-05,0.7141787444,-9.299758527e-05,0,0,0,0,1,0
1.85,1,1,4.937500661e-05,2.348908081e-05,-1.078580241e-05,4.410194765e-05,0.01577675272,-4.554005464e-05,0,0,0,0,0.01047197551,0,0.01648947462,0.005931392243,-0.004518777477,-0.000712721904,-0.009012315237,-0.075650283,12.59470449,-0,0.181343905,0.08612225851,0.06818397834,-0.1135074472,1.026276144,-0.001838900493,14.14660292,0.1135074472,0.001838900493,14.33013325,14.33013325,0.04615392127,0.6448559961,-2.396844981e-06,-4.122573367e-05,9.108010928e-06,-3.403519873e-05,0.6448559961,-9.347695426e-05,-2.396844981e-06,-4.122573367e-05,9.108010928e-06,-3.403519873e-05,0.6448559961,-9.347695426e-05,0,0,0,0,0,0
1.86,1,1,4.937500661e-05,2.372876531e-05,-1.030643342e-05,4.386226315e-05,0.0158992315,-4.577973914e-05,0,0,0,0,0.01151917306,0,0.01654856234,0.005886123369,-0.004534976709,-0.0006493308385,-0.008219123322,-0.06740117021,12.61174197,-0,0.182740629,0.07892034327,-0.07669167876,-0.1036574625,1.027451577,-0.001640591214,12.60401883,0.1036574625,0.001640591214,12.6326252,12.6326252,0.04611041602,0.5684681342,-2.396844981e-06,-4.170510267e-05,8.149272936e-06,-3.355582973e-05,0.5684681342,-9.299758527e-05,-2.396844981e-06,-4.170510267e-05,8.149272936e-06,-3.355582973e-05,0.5684681342,-9.299758527e-05,0,0,0,0,0,0
1.87,1,1,4.961469111e-05,2.348908081e-05,-9.587379924e-06,4.266384066e-05,0.01602482617,-4.625910813e-05,0,0,0,0,0.01047197551,0,0.01660719655,0.005840693123,-0.004551051612,-0.0005823703779,-0.007379230052,-0.06084811614,12.62937319,-0,0.1841726062,0.07132009165,-0.2006901033,-0.09319505017,1.026524217,-0.001477002857,11.37859772,0.09319505017,0.001477002857,11.27257967,11.27257967,0.04606639238,0.507266085,-2.876213977e-06,-4.122573367e-05,6.711165947e-06,-3.115898475e-05,0.507266085,-9.203884727e-05,-2.876213977e-06,-4.122573367e-05,6.711165947e-06,-3.115898475e-05,0.507266085,-9.203884727e-05,0,0,0,0,0,0
1.88,1,1,4.937500661e-05,2.372876531e-05,-8.628641932e-06,4.242415616e-05,0.01611350944,-4.554005464e-05,0,0,0,0,0.005235987756,0,0.01666537566,0.005795102752,-0.004567001746,-0.0005518662259,-0.006998556064,-0.06259885114,12.64192082,-0,0.1851835632,0.0678348389,-0.2259675528,-0.08847519159,1.021356351,-0.001502798015,11.70598516,0.08847519159,0.001502798015,11.5699956,11.5699956,0.04602228261,0.520649802,-2.396844981e-06,-4.170510267e-05,4.793689962e-06,-3.067961576e-05,0.520649802,-9.347695426e-05,-2.396844981e-06,-4.170510267e-05,4.793689962e-06,-3.067961576e-05,0.520649802,-9.347695426e-05,0,0,0,0,0,0
1.89,1,1,4.889563761e-05,2.372876531e-05,-6.950850445e-06,4.170510267e-05,0.01615305738,-4.506068564e-05,0,0,0,0,0.001047197551,0,0.01672309808,0.005749353506,-0.004582826673,-0.0005700406969,-0.007233064851,-0.06879204145,12.64754262,-0,0.1856343492,0.069839239,-0.1462283974,-0.091480496,1.017200529,-0.001636504489,12.86411175,0.091480496,0.001636504489,12.81100035,12.81100035,0.04597849219,0.5764950159,-1.438106989e-06,-4.170510267e-05,1.438106989e-06,-2.924150877e-05,0.5764950159,-9.443569225e-05,-1.438106989e-06,-4.170510267e-05,1.438106989e-06,-2.924150877e-05,0.5732713397,-9.443569225e-05,0,0,0,0,1,0
1.9,1,1,4.889563761e-05,2.348908081e-05,-5.992112453e-06,4.218447167e-05,0.01615809076,-4.530037014e-05,0,0,0,0,0,0,0.01678036221,0.005703446638,-0.00459852596,-0.000622271454,-0.007898641256,-0.07568657592,12.64825929,-0,0.18569172,0.07568657592,-0.01213085868,-0.09990406264,1.016158091,-0.001795140228,14.1533897,0.09990406264,0.001795140228,14.24295804,14.24295804,0.04593527519,0.6409331119,-1.438106989e-06,-4.122573367e-05,-4.793689962e-07,-3.020024676e-05,0.6409331119,-9.395632326e-05,-1.438106989e-06,-4.122573367e-05,-4.793689962e-07,-3.020024676e-05,0.6409331119,-9.395632326e-05,0,0,0,0,0,0
1.91,1,1,4.937500661e-05,2.348908081e-05,-6.231796951e-06,4.170510267e-05,0.01616024792,-4.506068564e-05,0,0,0,0,0,0,0.01683716649,0.005657383407,-0.004614099176,-0.0006769185735,-0.008595221056,-0.0818101825,12.64856651,-0,0.1857163073,0.0818101825,0.1020047131,-0.1087172252,1.016160248,-0.001938583422,15.29850413,0.1087172252,0.001938583422,15.51116465,15.51116465,0.04589258959,0.6980024092,-2.396844981e-06,-4.122573367e-05,-0,-2.924150877e-05,0.6980024092,-9.443569225e-05,-2.396844981e-06,-4.122573367e-05,-0,-2.924150877e-05,0.6980024092,-9.443569225e-05,0,0,0,0,0,0
1.92,1,1,4.985437561e-05,2.444781881e-05,-6.711165947e-06,4.290352516e-05,0.01617079403,-4.458131665e-05,0,0,0,0,0.002094395102,0,0.01689350936,0.005611165076,-0.004629545894,-0.0007227153267,-0.009180281121,-0.08484318995,12.65006919,-0,0.1858365107,0.08693758505,0.1767466079,-0.1161311913,1.018266286,-0.002016937759,15.86567652,0.1161311913,0.002016937759,16.16057126,16.16057126,0.04585037342,0.7272257066,-3.355582973e-06,-4.314320966e-05,9.587379924e-07,-3.163835375e-05,0.7272257066,-9.539443025e-05,-3.355582973e-06,-4.314320966e-05,9.587379924e-07,-3.163835375e-05,0.7272257066,-9.539443025e-05,0,0,0,0,0,0
1.93,1,1,4.937500661e-05,2.51668723e-05,-9.108010928e-06,4.362257866e-05,0.01620339113,-4.530037014e-05,0,0,0,0,0.003141592654,0,0.01694938928,0.005564792912,-0.004644865691,-0.0007459981526,-0.009480878422,-0.08638140929,12.65472111,-0,0.1862080357,0.08952300194,0.1910028078,-0.1199778723,1.019347451,-0.002055981712,16.15332354,0.1199778723,0.002055981712,16.4663602,16.4663602,0.04580835738,0.740986209,-2.396844981e-06,-4.458131665e-05,5.752427955e-06,-3.307646074e-05,0.740986209,-9.395632326e-05,-2.396844981e-06,-4.458131665e-05,5.752427955e-06,-3.307646074e-05,0.740805235,-9.395632326e-05,0,0,0,0,1,0
1.94,1,1,4.889563761e-05,2.444781881e-05,-9.587379924e-06,4.362257866e-05,0.01626355193,-4.577973914e-05,0,0,0,0,0.007330382858,0,0.01700480471,0.005518268186,-0.004660058146,-0.0007412527757,-0.009426867682,-0.08161077602,12.66333562,-0,0.1868936667,0.08894115888,0.1441002751,-0.1193755893,1.023607368,-0.001956903808,15.26121512,0.1193755893,0.001956903808,15.52664788,15.52664788,0.04576621947,0.6986991548,-1.438106989e-06,-4.314320966e-05,6.711165947e-06,-3.307646074e-05,0.6986991548,-9.299758527e-05,-1.438106989e-06,-4.314320966e-05,6.711165947e-06,-3.307646074e-05,0.6986991548,-9.299758527e-05,0,0,0,0,0,0
1.95,1,1,4.937500661e-05,2.49271878e-05,-1.054611792e-05,4.482100115e-05,0.01635199551,-4.601942364e-05,0,0,0,0,0.009424777961,0,0.01705975414,0.005471592175,-0.004675122844,-0.0007077586232,-0.009008389576,-0.07568612329,12.67606836,-0,0.1879015056,0.08511090126,0.0471750582,-0.1141909621,1.02579898,-0.001820928451,14.15330506,0.1141909621,0.001820928451,14.316492,14.316492,0.04572371631,0.6442421402,-2.396844981e-06,-4.410194765e-05,8.628641932e-06,-3.547330572e-05,0.6442421402,-9.251821627e-05,-2.396844981e-06,-4.410194765e-05,8.628641932e-06,-3.547330572e-05,0.6475080679,-9.251821627e-05,0,0,0,0,1,0
1.96,1,1,4.937500661e-05,2.51668723e-05,-9.587379924e-06,4.434163215e-05,0.01645529953,-4.601942364e-05,0,0,0,0,0.01151917306,0,0.01711423605,0.005424766157,-0.00469005937,-0.0006589365206,-0.008394682808,-0.06803164702,12.6910438,-0,0.1890785003,0.07955082008,-0.06378357238,-0.1065372872,1.028007645,-0.001642283354,12.72191799,0.1065372872,0.001642283354,12.76631399,12.76631399,0.04568075841,0.5744841296,-2.396844981e-06,-4.458131665e-05,6.711165947e-06,-3.451456773e-05,0.5744841296,-9.251821627e-05,-2.396844981e-06,-4.458131665e-05,6.711165947e-06,-3.451456773e-05,0.5794765535,-9.251821627e-05,0,0,0,0,1,0
1.97,1,1,4.985437561e-05,2.49271878e-05,-1.006674892e-05,4.458131665e-05,0.01656052103,-4.482100115e-05,0,0,0,0,0.009424777961,0,0.01716824896,0.005377791416,-0.004704867317,-0.0006077279372,-0.007749509766,-0.06429919415,12.70641199,-0,0.1902771381,0.07372397211,-0.1581217836,-0.0984684638,1.026007506,-0.001544681072,12.02394931,0.0984684638,0.001544681072,11.96584067,11.96584067,0.04563739577,0.53846283,-3.355582973e-06,-4.410194765e-05,7.669903939e-06,-3.499393672e-05,0.53846283,-9.491506125e-05,-3.355582973e-06,-4.410194765e-05,7.669903939e-06,-3.499393672e-05,0.53846283,-9.491506125e-05,0,0,0,0,0,0
1.98,1,1,4.937500661e-05,2.468750331e-05,-9.827064422e-06,4.362257866e-05,0.01666046946,-4.506068564e-05,0,0,0,0,0.00837758041,0,0.01722179139,0.00533066924,-0.004719546277,-0.0005613219271,-0.007164216404,-0.06006412819,12.72111763,-0,0.1914155159,0.0684417086,-0.2250712827,-0.09113683962,1.025055596,-0.001438888106,11.23199197,0.09113683962,0.001438888106,11.09949642,11.09949642,0.0455937562,0.4994773388,-2.396844981e-06,-4.362257866e-05,7.190534943e-06,-3.307646074e-05,0.4994773388,-9.443569225e-05,-2.396844981e-06,-4.362257866e-05,7.190534943e-06,-3.307646074e-05,0.4994773388,-9.443569225e-05,0,0,0,0,0,0
1.99,1,1,4.913532211e-05,2.49271878e-05,-6.950850445e-06,4.266384066e-05,0.01673908598,-4.577973914e-05,-0.001047197551,0,0,0,0.005235987756,0,0.01727486186,0.005283400922,-0.004734095848,-0.0005357758838,-0.006843488826,-0.06027781158,12.73275855,-0,0.1923107987,0.06551379934,-0.2364534687,-0.08713649084,1.021981928,-0.001433983785,11.27195077,0.08713649084,0.001433983785,11.12406777,11.12406777,0.04555003397,0.5005830497,0.0001028022791,-4.410194765e-05,1.438106989e-06,-3.115898475e-05,0.5005830497,-9.299758527e-05,0.0001028022791,-4.410194765e-05,1.438106989e-06,-3.115898475e-05,0.5005830497,-9.299758527e-05,0,0,0,0,0,0
2,1,1,4.889563761e-05,2.49271878e-05,-5.752427955e-06,4.218447167e-05,0.01678294824,-4.601942364e-05,0,0,0,0,0.002094395102,0,0.01732745893,0.005235987756,-0.004748515632,-0.0005445106842,-0.006959041994,-0.06435741607,12.73928166,-0,0.1928102503,0.06645181117,-0.1743855143,-0.08865319607,1.01887844,-0.001520296269,12.03483681,0.08865319607,0.001520296269,11.95062478,11.95062478,0.04550650704,0.5377781152,-1.438106989e-06,-4.410194765e-05,-9.587379924e-07,-3.020024676e-05,0.5377781152,-9.251821627e-05,-1.438106989e-06,-4.410194765e-05,-9.587379924e-07,-3.020024676e-05,0.5377781152,-9.251821627e-05,0,0,0,0,0,0
2.01,1,1,4.961469111e-05,2.468750331e-05,-5.512743456e-06,4.290352516e-05,0.01679157688,-4.554005464e-05,0,-0.001047197551,0,0,0,0,0.01737958114,0.005188431043,-0.004762805232,-0.0005880042554,-0.00751763327,-0.07131100975,12.74056729,-0,0.1929084988,0.07131100975,-0.05304100825,-0.09577891257,1.016791577,-0.001676076649,13.33515882,0.09577891257,0.001676076649,13.3795728,13.3795728,0.04546346004,0.6020807762,-2.876213977e-06,6.109717646e-05,-1.438106989e-06,-3.163835375e-05,0.6020807762,-9.347695426e-05,-2.876213977e-06,6.109717646e-05,-1.438106989e-06,-3.163835375e-05,0.6020807762,-9.347695426e-05,0,0,0,0,0,0
2.02,1,1,4.889563761e-05,2.396844981e-05,-5.992112453e-06,4.266384066e-05,0.01679684994,-4.530037014e-05,0,0,0,0,0,0,0.01743122707,0.005140732087,-0.004776964258,-0.00063437713,-0.008113276376,-0.07649768827,12.74135334,-0,0.1929685389,0.07649768827,0.05141523988,-0.1033741211,1.01679685,-0.001796315505,14.30506771,0.1033741211,0.001796315505,14.46165338,14.46165338,0.0454208628,0.6507744022,-1.438106989e-06,-4.218447167e-05,-4.793689962e-07,-3.115898475e-05,0.6507744022,-9.395632326e-05,-1.438106989e-06,-4.218447167e-05,-4.793689962e-07,-3.115898475e-05,0.6507744022,-9.395632326e-05,0,0,0,0,0,0
2.03,1,1,4.865595312e-05,2.49271878e-05,-6.711165947e-06,4.362257866e-05,0.01681099133,-4.530037014e-05,0,0,0,0,0.001047197551,0,0.01748239531,0.005092892194,-0.004790992321,-0.0006714039829,-0.008590187242,-0.07958430937,12.74346284,-0,0.1931295528,0.08063150693,0.1175509332,-0.1094687319,1.017858463,-0.001870955921,14.88226585,0.1094687319,0.001870955921,15.11115647,15.11115647,0.04537859278,0.6800020413,-9.587379924e-07,-4.410194765e-05,9.587379924e-07,-3.307646074e-05,0.6800020413,-9.395632326e-05,-9.587379924e-07,-4.410194765e-05,9.587379924e-07,-3.307646074e-05,0.6800020413,-9.395632326e-05,0,0,0,0,0,0
2.04,1,1,4.937500661e-05,2.468750331e-05,-8.388957434e-06,4.386226315e-05,0.01683687725,-4.554005464e-05,0,0,0,0,0.002094395102,0,0.01753308445,0.005044912678,-0.004804889037,-0.0006962071973,-0.008911618231,-0.08129158655,12.74732976,-0,0.1934242803,0.08338598165,0.1458499417,-0.1135993363,1.018932369,-0.001913353243,15.20152668,0.1135993363,0.001913353243,15.46288932,15.46288932,0.0453365731,0.6958300192,-2.396844981e-06,-4.362257866e-05,4.314320966e-06,-3.355582973e-05,0.6958300192,-9.347695426e-05,-2.396844981e-06,-4.362257866e-05,4.314320966e-06,-3.355582973e-05,0.6958300192,-9.347695426e-05,0,0,0,0,0,0
2.05,1,1,4.817658412e-05,2.396844981e-05,-9.827064422e-06,4.434163215e-05,0.01688457447,-4.530037014e-05,0,0,0,0,0.006283185307,0,0.0175832931,0.004996794853,-0.004818654024,-0.0006987186346,-0.00894901649,-0.07733909452,12.75447351,-0,0.1939673097,0.08362227983,0.1222882003,-0.1141399938,1.023177629,-0.001833823724,14.46241068,0.1141399938,0.001833823724,14.70067269,14.70067269,0.04529455502,0.6615302712,-0,-4.218447167e-05,7.190534943e-06,-3.451456773e-05,0.6615302712,-9.395632326e-05,-0,-4.218447167e-05,7.190534943e-06,-3.451456773e-05,0.6620628521,-9.395632326e-05,0,0,0,0,1,0
2.06,1,1,4.937500661e-05,2.348908081e-05,-9.827064422e-06,4.314320966e-05,0.01695264487,-4.506068564e-05,0,0,0,0,0.006283185307,0,0.01763301989,0.004948540038,-0.004832286905,-0.0006803750252,-0.008720242514,-0.07521914525,12.76471039,-0,0.1947422113,0.08150233055,0.06122283311,-0.1113113702,1.0232457,-0.001782131401,14.06598016,0.1113113702,0.001782131401,14.2402965,14.2402965,0.04525232307,0.6408133423,-2.396844981e-06,-4.122573367e-05,7.190534943e-06,-3.211772275e-05,0.6408133423,-9.443569225e-05,-2.396844981e-06,-4.122573367e-05,7.190534943e-06,-3.211772275e-05,0.6408133423,-9.443569225e-05,0,0,0,0,0,0
2.07,1,1,4.985437561e-05,2.49271878e-05,-9.827064422e-06,4.362257866e-05,0.01701040883,-4.554005464e-05,0,0.001047197551,0,0,0.004188790205,0,0.01768226345,0.004900149556,-0.004845787307,-0.0006718546216,-0.008616594672,-0.07630329687,12.77343593,-0,0.1953997168,0.08049208708,0.03171191684,-0.11006352,1.021203586,-0.001798928259,14.26871652,0.11006352,0.001798928259,14.41229088,14.41229088,0.04521008874,0.6485530896,-3.355582973e-06,-0.0001488217028,7.190534943e-06,-3.307646074e-05,0.6485530896,-9.347695426e-05,-3.355582973e-06,-0.0001488217028,7.190534943e-06,-3.307646074e-05,0.6485530896,-9.347695426e-05,0,0,0,0,0,0
2.08,1,1,4.865595312e-05,2.49271878e-05,-8.86832643e-06,4.338289416e-05,0.01706146163,-4.530037014e-05,0,0,0,0,0.004188790205,0,0.01773102244,0.004851624735,-0.004859154859,-0.0006695608063,-0.008592362434,-0.07599624928,12.78117727,-0,0.1959807784,0.08018503948,0.02089435762,-0.1098205075,1.021254638,-0.001790195496,14.21129862,0.1098205075,0.001790195496,14.34380368,14.34380368,0.04516787692,0.6454711654,-9.587379924e-07,-4.410194765e-05,5.273058958e-06,-3.259709174e-05,0.6454711654,-9.395632326e-05,-9.587379924e-07,-4.410194765e-05,5.273058958e-06,-3.259709174e-05,0.6454711654,-9.395632326e-05,0,0,0,0,0,0
2.09,1,1,4.913532211e-05,2.396844981e-05,-8.149272936e-06,4.194478717e-05,0.01709669525,-4.577973914e-05,0,0,0,0,0.002094395102,0,0.0177792955,0.004802966903,-0.004872389195,-0.0006826002536,-0.008764139204,-0.07951552474,12.78653609,-0,0.1963817635,0.08160991985,0.04360575936,-0.1120629823,1.019192187,-0.001863803799,14.86940313,0.1120629823,0.001863803799,15.02693567,15.02693567,0.04512589372,0.6762121053,-1.917475985e-06,-4.218447167e-05,3.83495197e-06,-2.972087777e-05,0.6762121053,-9.299758527e-05,-1.917475985e-06,-4.218447167e-05,3.83495197e-06,-2.972087777e-05,0.6754349753,-9.299758527e-05,0,0,0,0,1,0
2.1,1,1,4.889563761e-05,2.396844981e-05,-7.430219441e-06,4.266384066e-05,0.01711658906,-4.554005464e-05,0,0,0,0,0.001047197551,0,0.01782708133,0.004754177396,-0.004885489951,-0.0007104922709,-0.009126020724,-0.08366608043,12.78956767,-0,0.1966081595,0.08471327798,0.09264307461,-0.1167178596,1.018164061,-0.001955329554,15.64555704,0.1167178596,0.001955329554,15.8568733,15.8568733,0.04508427328,0.7135592987,-1.438106989e-06,-4.218447167e-05,2.396844981e-06,-3.115898475e-05,0.7135592987,-9.347695426e-05,-1.438106989e-06,-4.218447167e-05,2.396844981e-06,-3.115898475e-05,0.7135592987,-9.347695426e-05,0,0,0,0,0,0
2.11,1,1,4.913532211e-05,2.348908081e-05,-7.669903939e-06,4.194478717e-05,0.0171345654,-4.482100115e-05,0,0,0,0,0.002094395102,0,0.01787437862,0.004705257551,-0.00489845677,-0.0007398132164,-0.009506430563,-0.08588476178,12.79231069,-0,0.1968127277,0.08797915688,0.1352460765,-0.1216092133,1.019230057,-0.002009542456,16.06045045,0.1216092133,0.002009542456,16.31931529,16.31931529,0.04504295597,0.7343691879,-1.917475985e-06,-4.122573367e-05,2.876213977e-06,-2.972087777e-05,0.7343691879,-9.491506125e-05,-1.917475985e-06,-4.122573367e-05,2.876213977e-06,-2.972087777e-05,0.7343691879,-9.491506125e-05,0,0,0,0,0,0
2.12,1,1,5.00940601e-05,2.396844981e-05,-7.909588438e-06,4.434163215e-05,0.01715853385,-4.577973914e-05,0,0,0,0,0.003141592654,0,0.01792118606,0.004656208708,-0.004911289295,-0.0007626522048,-0.00980415162,-0.08737152217,12.79597341,-0,0.1970854755,0.09051311482,0.1565899182,-0.1254536635,1.020302594,-0.002046766441,16.33847465,0.1254536635,0.002046766441,16.62256499,16.62256499,0.04500189509,0.7480154247,-3.83495197e-06,-4.218447167e-05,3.355582973e-06,-3.451456773e-05,0.7480154247,-9.299758527e-05,-3.83495197e-06,-4.218447167e-05,3.355582973e-06,-3.451456773e-05,0.7480154247,-9.299758527e-05,0,0,0,0,0,0
2.13,1,1,4.961469111e-05,2.372876531e-05,-8.149272936e-06,4.362257866e-05,0.01719616432,-4.506068564e-05,0,0,0,0,0.004188790205,0,0.01796750237,0.004607032213,-0.004923987174,-0.000771338049,-0.009920907782,-0.08725813342,12.80173628,-0,0.1975136672,0.09144692362,0.1444569652,-0.1270048451,1.021389341,-0.002046602592,16.31727095,0.1270048451,0.002046602592,16.59077936,16.59077936,0.04496093756,0.7465850713,-2.876213977e-06,-4.170510267e-05,3.83495197e-06,-3.307646074e-05,0.7465850713,-9.443569225e-05,-2.876213977e-06,-4.170510267e-05,3.83495197e-06,-3.307646074e-05,0.7465850713,-9.443569225e-05,0,0,0,0,0,0
2.14,1,1,4.985437561e-05,2.49271878e-05,-9.347695426e-06,4.410194765e-05,0.01726255692,-4.577973914e-05,0,0,0,0.001047197551,0.00837758041,0,0.01801332628,0.004557729415,-0.00493655006,-0.0007507693558,-0.009662991482,-0.08069475138,12.81194087,-0,0.1982690722,0.08907233179,0.07343043477,-0.1238016755,1.025657683,-0.001906764452,15.08991851,0.1238016755,0.001906764452,15.28905738,15.28905738,0.04491969087,0.6880075822,-3.355582973e-06,-4.410194765e-05,6.231796951e-06,-0.0001387549539,0.6880075822,-9.299758527e-05,-3.355582973e-06,-4.410194765e-05,6.231796951e-06,-0.0001387549539,0.6907474121,-9.299758527e-05,0,0,0,0,1,0
2.15,1,1,5.03337446e-05,2.468750331e-05,-9.347695426e-06,4.530037014e-05,0.01734836397,-4.458131665e-05,0,0,0,0,0.00837758041,0,0.01805865654,0.004508301663,-0.004948977608,-0.0007102925645,-0.009149384857,-0.07607019521,12.82519955,-0,0.1992452449,0.08444777562,-0.02505697465,-0.1173426865,1.02574349,-0.001796124459,14.2251265,0.1173426865,0.001796124459,14.31920834,14.31920834,0.04487803854,0.6443643753,-4.314320966e-06,-4.362257866e-05,6.231796951e-06,-3.643204371e-05,0.6443643753,-9.539443025e-05,-4.314320966e-06,-4.362257866e-05,6.231796951e-06,-3.643204371e-05,0.6443643753,-9.539443025e-05,0,0,0,0,0,0
2.16,1,1,4.961469111e-05,2.372876531e-05,-1.006674892e-05,4.434163215e-05,0.01743704724,-4.434163215e-05,0,0,0,0,0.00837758041,0,0.0181034919,0.004458750315,-0.004961269477,-0.0006664446625,-0.008591637841,-0.07106665276,12.83898588,-0,0.2002539873,0.07944423317,-0.1122481508,-0.1103079169,1.025832174,-0.00167670411,13.28946407,0.1103079169,0.00167670411,13.28920054,13.28920054,0.0448360221,0.5980140241,-2.876213977e-06,-4.170510267e-05,7.669903939e-06,-3.451456773e-05,0.5980140241,-9.587379924e-05,-2.876213977e-06,-4.170510267e-05,7.669903939e-06,-3.451456773e-05,0.5980140241,-9.587379924e-05,0,0,0,0,0,0
2.17,1,1,5.00940601e-05,2.420813431e-05,-9.827064422e-06,4.434163215e-05,0.01751566375,-4.458131665e-05,0,0,0,0,0.005235987756,0,0.01814783114,0.004409076727,-0.004973425331,-0.0006321673836,-0.008155944935,-0.07028760441,12.85127822,-0,0.2011480947,0.07552359217,-0.1626142667,-0.1048143175,1.022758505,-0.001646848274,13.14378203,0.1048143175,0.001646848274,13.08762892,13.08762892,0.04479378044,0.5889433016,-3.83495197e-06,-4.266384066e-05,7.190534943e-06,-3.451456773e-05,0.5889433016,-9.539443025e-05,-3.83495197e-06,-4.266384066e-05,7.190534943e-06,-3.451456773e-05,0.5889433016,-9.539443025e-05,0,0,0,0,0,0
2.18,1,1,4.889563761e-05,2.468750331e-05,-8.388957434e-06,4.410194765e-05,0.01755880696,-4.434163215e-05,0,0,0,0,0.002094395102,0,0.01819167303,0.004359282263,-0.004985444835,-0.0006328660691,-0.008169376047,-0.07345867571,12.85805241,-0,0.2016387117,0.07555307081,-0.1308676825,-0.1050422653,1.019654299,-0.001709106154,13.73677236,0.1050422653,0.001709106154,13.71265605,13.71265605,0.04475167764,0.6170695221,-1.438106989e-06,-4.362257866e-05,4.314320966e-06,-3.403519873e-05,0.6170695221,-9.587379924e-05,-1.438106989e-06,-4.362257866e-05,4.314320966e-06,-3.403519873e-05,0.6170695221,-9.587379924e-05,0,0,0,0,0,0
2.19,1,1,4.961469111e-05,2.444781881e-05,-7.909588438e-06,4.314320966e-05,0.01757031182,-4.434163215e-05,0,0,0,0,0,0,0.01823501638,0.004309368286,-0.004997327661,-0.0006647045649,-0.008583309161,-0.07909957891,12.85986226,-0,0.2017695367,0.07909957891,-0.04149571833,-0.1103801735,1.017570312,-0.001831125177,14.79162126,0.1103801735,0.001831125177,14.86233684,14.86233684,0.04471000492,0.6688051577,-2.876213977e-06,-4.314320966e-05,3.355582973e-06,-3.211772275e-05,0.6688051577,-9.587379924e-05,-2.876213977e-06,-4.314320966e-05,3.355582973e-06,-3.211772275e-05,0.6688051577,-9.587379924e-05,0,0,0,0,0,0
2.2,1,1,4.961469111e-05,2.468750331e-05,-7.190534943e-06,4.314320966e-05,0.01757702298,-4.458131665e-05,0,0,0,0,0.001047197551,0,0.01827786,0.004259336166,-0.005009073483,-0.0007008370191,-0.009052700329,-0.08208549752,12.86091867,-0,0.2018458501,0.08313269507,0.03963026418,-0.1164260427,1.018624495,-0.001902428553,15.34998804,0.1164260427,0.001902428553,15.50794677,15.50794677,0.0446687349,0.6978576047,-2.876213977e-06,-4.362257866e-05,1.917475985e-06,-3.211772275e-05,0.6978576047,-9.539443025e-05,-2.876213977e-06,-4.362257866e-05,1.917475985e-06,-3.211772275e-05,0.6978576047,-9.539443025e-05,0,0,0,0,0,0
2.21,1,1,5.08131136e-05,2.444781881e-05,-6.711165947e-06,4.386226315e-05,0.01759020563,-4.577973914e-05,0,0,0,0,0.001047197551,0,0.01832020272,0.004209187274,-0.005020681978,-0.0007299970857,-0.009432645916,-0.08533202935,12.86299518,-0,0.2019957487,0.0863792269,0.09150499307,-0.121332079,1.018637677,-0.001975906773,15.95708949,0.121332079,0.001975906773,16.17190247,16.17190247,0.04462776572,0.727735611,-5.273058958e-06,-4.314320966e-05,9.587379924e-07,-3.355582973e-05,0.727735611,-9.299758527e-05,-5.273058958e-06,-4.314320966e-05,9.587379924e-07,-3.355582973e-05,0.727735611,-9.299758527e-05,0,0,0,0,0,0
2.22,1,1,4.937500661e-05,2.444781881e-05,-7.669903939e-06,4.242415616e-05,0.01761896777,-4.530037014e-05,0,0,0,0,0.003141592654,0,0.01836204336,0.004158922985,-0.005032152829,-0.0007430755928,-0.009605889738,-0.08466663973,12.8675323,-0,0.2023227884,0.08780823239,0.1004032096,-0.1236040964,1.020763028,-0.001966885461,15.83266163,0.1236040964,0.001966885461,16.05863582,16.05863582,0.04458688018,0.722638612,-2.396844981e-06,-4.314320966e-05,2.876213977e-06,-3.067961576e-05,0.722638612,-9.395632326e-05,-2.396844981e-06,-4.314320966e-05,2.876213977e-06,-3.067961576e-05,0.722638612,-9.395632326e-05,0,0,0,0,0,0
2.23,1,1,4.961469111e-05,2.54065568e-05,-7.909588438e-06,4.506068564e-05,0.01766163161,-4.434163215e-05,0,0,0,0,0.004188790205,0,0.0184033808,0.004108544677,-0.005043485721,-0.0007417491849,-0.009593795401,-0.08341958349,12.87427888,-0,0.2028078671,0.08760837369,0.0779745959,-0.1235131976,1.021854808,-0.001940281779,15.59946211,0.1235131976,0.001940281779,15.80289019,15.80289019,0.04454597908,0.7111300584,-2.876213977e-06,-4.506068564e-05,3.355582973e-06,-3.595267472e-05,0.7111300584,-9.587379924e-05,-2.876213977e-06,-4.506068564e-05,3.355582973e-06,-3.595267472e-05,0.7111300584,-9.587379924e-05,0,0,0,0,0,0
2.24,1,1,4.961469111e-05,2.444781881e-05,-8.388957434e-06,4.482100115e-05,0.01771364315,-4.434163215e-05,0,0,0,0.001047197551,0.004188790205,0,0.01844421388,0.004058053732,-0.005054680343,-0.0007305707341,-0.009454724999,-0.08210561224,12.88253041,-0,0.2033991782,0.08629440244,0.03953510961,-0.1218007823,1.02190682,-0.001908157299,15.35374949,0.1218007823,0.001908157299,15.51699354,15.51699354,0.04450499258,0.6982647092,-2.876213977e-06,-4.314320966e-05,4.314320966e-06,-0.0001401930608,0.6982647092,-9.587379924e-05,-2.876213977e-06,-4.314320966e-05,4.314320966e-06,-0.0001401930608,0.6982647092,-9.587379924e-05,0,0,0,0,0,0
2.25,1,1,5.03337446e-05,2.56462413e-05,-9.108010928e-06,4.362257866e-05,0.01776110068,-4.506068564e-05,0,0,0,0,0.004188790205,0,0.0184845415,0.004007451533,-0.005065736389,-0.000723440822,-0.009367630948,-0.08124934552,12.89008515,-0,0.2039386684,0.08543813572,0.01699018739,-0.1207495605,1.021954277,-0.001886692768,15.19362761,0.1207495605,0.001886692768,15.33325405,15.33325405,0.04446397785,0.6899964324,-4.314320966e-06,-4.554005464e-05,5.752427955e-06,-3.307646074e-05,0.6899964324,-9.443569225e-05,-4.314320966e-06,-4.554005464e-05,5.752427955e-06,-3.307646074e-05,0.6899964324,-9.443569225e-05,0,0,0,0,0,0
2.26,1,1,5.00940601e-05,2.54065568e-05,-9.587379924e-06,4.410194765e-05,0.01780424389,-4.482100115e-05,0,0,0,0,0.005235987756,0,0.01852436255,0.003956739467,-0.005076653555,-0.0007201186583,-0.009329500199,-0.07977627204,12.89697439,-0,0.2044290751,0.08501225979,0.006016079016,-0.1203223251,1.023047086,-0.001854740143,14.91816287,0.1203223251,0.001854740143,15.04635602,15.04635602,0.04442300252,0.6770860207,-3.83495197e-06,-4.506068564e-05,6.711165947e-06,-3.403519873e-05,0.6770860207,-9.491506125e-05,-3.83495197e-06,-4.506068564e-05,6.711165947e-06,-3.403519873e-05,0.6770925595,-9.491506125e-05,0,0,0,0,1,0
2.27,1,1,5.05734291e-05,2.444781881e-05,-9.827064422e-06,4.458131665e-05,0.01785745385,-4.554005464e-05,0,0,0,0,0.004188790205,0,0.01856367593,0.003905918925,-0.005087431542,-0.0007062220815,-0.009154819075,-0.07920209806,12.90549911,-0,0.2050338586,0.08339088826,-0.0250266061,-0.1181475094,1.022050631,-0.00183610521,14.81079234,0.1181475094,0.00183610521,14.90574935,14.90574935,0.04438189339,0.6707587206,-4.793689962e-06,-4.314320966e-05,7.190534943e-06,-3.499393672e-05,0.6707587206,-9.347695426e-05,-4.793689962e-06,-4.314320966e-05,7.190534943e-06,-3.499393672e-05,0.6707587206,-9.347695426e-05,0,0,0,0,0,0
2.28,1,1,4.961469111e-05,2.372876531e-05,-8.86832643e-06,4.362257866e-05,0.01790658917,-4.530037014e-05,0,0,0,0,0.003141592654,0,0.01860248057,0.003854991301,-0.005098070054,-0.0006958913992,-0.009025934424,-0.07903104398,12.91339853,-0,0.2055922794,0.08217263663,-0.04235423621,-0.1165554883,1.021050649,-0.001826860673,14.77880522,0.1165554883,0.001826860673,14.85483334,14.85483334,0.04434073515,0.6684675002,-2.876213977e-06,-4.170510267e-05,5.273058958e-06,-3.307646074e-05,0.6684675002,-9.395632326e-05,-2.876213977e-06,-4.170510267e-05,5.273058958e-06,-3.307646074e-05,0.6684675002,-9.395632326e-05,0,0,0,0,0,0
2.29,1,1,4.961469111e-05,2.348908081e-05,-8.149272936e-06,4.338289416e-05,0.01795164985,-4.458131665e-05,0,0,0,0,0.004188790205,0,0.0186407754,0.00380395799,-0.0051085688,-0.0006891255475,-0.008942918304,-0.07716846599,12.92066612,-0,0.2061043495,0.0813572562,-0.04951150689,-0.1155484616,1.022144827,-0.001785972537,14.43050314,0.1155484616,0.001785972537,14.49832607,14.49832607,0.04429958454,0.6524246731,-2.876213977e-06,-4.122573367e-05,3.83495197e-06,-3.259709174e-05,0.6524246731,-9.539443025e-05,-2.876213977e-06,-4.122573367e-05,3.83495197e-06,-3.259709174e-05,0.6524246731,-9.539443025e-05,0,0,0,0,0,0
2.3,1,1,4.937500661e-05,2.348908081e-05,-7.909588438e-06,4.290352516e-05,0.01800174391,-4.482100115e-05,0,0,0,-0.001047197551,0.004188790205,0,0.01867855938,0.003752820392,-0.005118927492,-0.0006768154656,-0.008788086904,-0.07572648052,12.92877166,-0,0.2066735707,0.07991527072,-0.06698308362,-0.1136191689,1.022194921,-0.001751139184,14.16085186,0.1136191689,0.001751139184,14.20923908,14.20923908,0.04425832361,0.6394157587,-2.396844981e-06,-4.122573367e-05,3.355582973e-06,7.308140137e-05,0.6394157587,-9.491506125e-05,-2.396844981e-06,-4.122573367e-05,3.355582973e-06,7.308140137e-05,0.6394157587,-9.491506125e-05,0,0,0,0,0,0
2.31,1,1,4.985437561e-05,2.51668723e-05,-6.711165947e-06,4.314320966e-05,0.01805135861,-4.506068564e-05,0,0,0,0,0.004188790205,0,0.01871583147,0.003701579908,-0.005129145847,-0.0006644728611,-0.008632613592,-0.07428087564,12.93682682,-0,0.2072372949,0.07846966584,-0.08086760753,-0.111678627,1.022244535,-0.001716273598,13.89052374,0.111678627,0.001716273598,13.92305104,13.92305104,0.04421700344,0.6265372967,-3.355582973e-06,-4.458131665e-05,9.587379924e-07,-3.211772275e-05,0.6265372967,-9.443569225e-05,-3.355582973e-06,-4.458131665e-05,9.587379924e-07,-3.211772275e-05,0.6265372967,-9.443569225e-05,0,0,0,0,0,0
2.32,1,1,5.03337446e-05,2.372876531e-05,-6.950850445e-06,4.362257866e-05,0.01809570024,-4.554005464e-05,0,0,0,0,0.004188790205,0,0.01875259064,0.003650237944,-0.005139223583,-0.0006568904022,-0.008538537766,-0.07337310457,12.94404879,-0,0.2077410641,0.07756189477,-0.08265690968,-0.1105232494,1.022288877,-0.001693861311,13.72077055,0.1105232494,0.001693861311,13.75033076,13.75033076,0.04417565645,0.618764884,-4.314320966e-06,-4.170510267e-05,1.438106989e-06,-3.307646074e-05,0.618764884,-9.347695426e-05,-4.314320966e-06,-4.170510267e-05,1.438106989e-06,-3.307646074e-05,0.618764884,-9.347695426e-05,0,0,0,0,0,0
2.33,1,1,4.937500661e-05,2.444781881e-05,-7.430219441e-06,4.362257866e-05,0.01814243872,-4.506068564e-05,0,0,0,0,0.004188790205,0,0.01878883589,0.003598795906,-0.005149160424,-0.0006463971771,-0.008406617094,-0.07213646169,12.9516846,-0,0.2082720208,0.0763252519,-0.08997900985,-0.1088798531,1.022335615,-0.001663904514,13.48951834,0.1088798531,0.001663904514,13.51008308,13.51008308,0.04413425727,0.6079537388,-2.396844981e-06,-4.314320966e-05,2.396844981e-06,-3.307646074e-05,0.6079537388,-9.443569225e-05,-2.396844981e-06,-4.314320966e-05,2.396844981e-06,-3.307646074e-05,0.6079537388,-9.443569225e-05,0,0,0,0,0,0
2.34,1,1,4.937500661e-05,2.420813431e-05,-9.827064422e-06,4.410194765e-05,0.01817958981,-4.506068564e-05,0,0,0,0,0.003141592654,0,0.01882456623,0.003547255206,-0.005158956099,-0.0006449764171,-0.00839207419,-0.07297183236,12.95777129,-0,0.2086940315,0.07611342502,-0.07706458218,-0.108742578,1.02132365,-0.001678269323,13.64573265,0.108742578,0.001678269323,13.67908892,13.67908892,0.04409292675,0.6155590013,-2.396844981e-06,-4.266384066e-05,7.190534943e-06,-3.403519873e-05,0.6155590013,-9.443569225e-05,-2.396844981e-06,-4.266384066e-05,7.190534943e-06,-3.403519873e-05,0.6155590013,-9.443569225e-05,0,0,0,0,0,0
2.35,1,1,4.937500661e-05,2.420813431e-05,-9.587379924e-06,4.530037014e-05,0.01821817902,-4.530037014e-05,0,0,0,-0.001047197551,0.003141592654,0,0.01885978067,0.003495617256,-0.005168610338,-0.0006416016557,-0.008352136134,-0.07253916902,12.96410974,-0,0.2091323483,0.07568076168,-0.07119512952,-0.1082780094,1.021362239,-0.001666881099,13.56482461,0.1082780094,0.001666881099,13.60357437,13.60357437,0.04405160342,0.6121608466,-2.396844981e-06,-4.266384066e-05,6.711165947e-06,6.828771141e-05,0.6121608466,-9.395632326e-05,-2.396844981e-06,-4.266384066e-05,6.711165947e-06,6.828771141e-05,0.6121608466,-9.395632326e-05,0,0,0,0,0,0
2.36,1,1,4.961469111e-05,2.49271878e-05,-9.347695426e-06,4.530037014e-05,0.01825197453,-4.506068564e-05,0,0,0,0,0.002094395102,0,0.01889447826,0.003443883471,-0.005178122878,-0.0006425037244,-0.008367581049,-0.07363671256,12.96967434,-0,0.2095161908,0.07573110766,-0.05692490842,-0.1085248012,1.020347466,-0.001687158745,13.77006525,0.1085248012,0.001687158745,13.8233523,13.8233523,0.04401034007,0.6220508535,-2.876213977e-06,-4.410194765e-05,6.231796951e-06,-3.643204371e-05,0.6220508535,-9.443569225e-05,-2.876213977e-06,-4.410194765e-05,6.231796951e-06,-3.643204371e-05,0.6220508535,-9.443569225e-05,0,0,0,0,0,0
2.37,1,1,4.817658412e-05,2.420813431e-05,-9.587379924e-06,4.554005464e-05,0.01827738109,-4.410194765e-05,0,0,0,0,0.002094395102,0,0.01892865803,0.003392055271,-0.005187493456,-0.0006512769394,-0.008485112888,-0.07457616212,12.97386599,-0,0.2098047378,0.07667055722,-0.02918278687,-0.1100847175,1.020372873,-0.001707171412,13.94574232,0.1100847175,0.001707171412,14.02835142,14.02835142,0.04396921534,0.6312758138,-0,-4.266384066e-05,6.711165947e-06,-3.691141271e-05,0.6312758138,-9.635316824e-05,-0,-4.266384066e-05,6.711165947e-06,-3.691141271e-05,0.6312758138,-9.635316824e-05,0,0,0,0,0,0
2.38,1,1,4.889563761e-05,2.49271878e-05,-9.347695426e-06,4.482100115e-05,0.01829991143,-4.434163215e-05,0,-0.001047197551,0,0,0.002094395102,0,0.01896231905,0.003340134076,-0.005196721817,-0.0006624076202,-0.008633276363,-0.0757820054,12.9775891,-0,0.2100606081,0.0778764005,-0.002062340865,-0.1120391132,1.020395403,-0.001733234973,14.17123501,0.1120391132,0.001733234973,14.28294502,14.28294502,0.04392824802,0.6427325258,-1.438106989e-06,6.061780747e-05,6.231796951e-06,-3.547330572e-05,0.6427325258,-9.587379924e-05,-1.438106989e-06,6.061780747e-05,6.231796951e-06,-3.547330572e-05,0.6427325258,-9.587379924e-05,0,0,0,0,0,0
2.39,1,1,4.889563761e-05,2.468750331e-05,-8.628641932e-06,4.530037014e-05,0.01832028461,-4.482100115e-05,0,0,0,0,0.001047197551,0,0.0189954604,0.00328812131,-0.005205807707,-0.0006751757905,-0.008802748813,-0.07822019253,12.98096059,-0,0.2102919711,0.07926739008,0.02396011006,-0.1142681354,1.019367756,-0.001783738841,14.627176,0.1142681354,0.001783738841,14.76718799,14.76718799,0.04388744657,0.6645234594,-1.438106989e-06,-4.362257866e-05,4.793689962e-06,-3.643204371e-05,0.6645234594,-9.491506125e-05,-1.438106989e-06,-4.362257866e-05,4.793689962e-06,-3.643204371e-05,0.6645234594,-9.491506125e-05,0,0,0,0,0,0
2.4,1,1,4.865595312e-05,2.444781881e-05,-7.909588438e-06,4.434163215e-05,0.01834161653,-4.386226315e-05,0,0,0,0,0.002094395102,0,0.01902808118,0.003236018398,-0.005214750877,-0.0006864646432,-0.008953073965,-0.07839693135,12.98449568,-0,0.2105342127,0.08049132645,0.04177267616,-0.1162511502,1.020437108,-0.001789862705,14.66022616,0.1162511502,0.001789862705,14.82003985,14.82003985,0.04384679985,0.6669017933,-9.587379924e-07,-4.314320966e-05,3.355582973e-06,-3.451456773e-05,0.6669017933,-9.683253724e-05,-9.587379924e-07,-4.314320966e-05,3.355582973e-06,-3.451456773e-05,0.6669017933,-9.683253724e-05,0,0,0,0,0,0
2.41,1,1,4.865595312e-05,2.420813431e-05,-8.388957434e-06,4.434163215e-05,0.01836342782,-4.386226315e-05,0,0,0,0,0.002094395102,0,0.01906018048,0.003183826769,-0.005223551082,-0.0006967526531,-0.009090447505,-0.07950782937,12.98811544,-0,0.2107818882,0.08160222447,0.05406808043,-0.1180677816,1.02045892,-0.00181362393,14.86796409,0.1180677816,0.00181362393,15.04191358,15.04191358,0.04380625384,0.676886111,-9.587379924e-07,-4.266384066e-05,4.314320966e-06,-3.451456773e-05,0.676886111,-9.683253724e-05,-9.587379924e-07,-4.266384066e-05,4.314320966e-06,-3.451456773e-05,0.676886111,-9.683253724e-05,0,0,0,0,0,0
2.42,1,1,5.00940601e-05,2.420813431e-05,-7.909588438e-06,4.434163215e-05,0.01839482649,-4.410194765e-05,0,0,0,0,0.003141592654,0,0.01909175742,0.003131547854,-0.005232208081,-0.0006969309291,-0.009096507679,-0.07842867568,12.99333558,-0,0.2111384149,0.08157026833,0.04324302219,-0.1181939769,1.021538887,-0.001791137703,14.66616235,0.1181939769,0.001791137703,14.82939049,14.82939049,0.04376571581,0.667322572,-3.83495197e-06,-4.266384066e-05,3.355582973e-06,-3.451456773e-05,0.667322572,-9.635316824e-05,-3.83495197e-06,-4.266384066e-05,3.355582973e-06,-3.451456773e-05,0.667322572,-9.635316824e-05,0,0,0,0,0,0
2.43,1,1,4.985437561e-05,2.468750331e-05,-8.86832643e-06,4.506068564e-05,0.01843581254,-4.410194765e-05,0,0,0,0,0.003141592654,0,0.01912281115,0.003079183085,-0.005240721636,-0.0006869986055,-0.008971084341,-0.07725372794,13.00016619,-0,0.211603774,0.08039532059,0.01389695559,-0.1166255873,1.021579873,-0.001762808698,14.44644713,0.1166255873,0.001762808698,14.57873248,14.57873248,0.04372509286,0.6560429614,-3.355582973e-06,-4.362257866e-05,5.273058958e-06,-3.595267472e-05,0.6560429614,-9.635316824e-05,-3.355582973e-06,-4.362257866e-05,5.273058958e-06,-3.595267472e-05,0.6560429614,-9.635316824e-05,0,0,0,0,0,0
2.44,1,1,4.913532211e-05,2.444781881e-05,-9.347695426e-06,4.530037014e-05,0.01846840963,-4.410194765e-05,0,0,0,0,0.002094395102,0,0.0191533408,0.0030267339,-0.005249091515,-0.0006849311685,-0.008947781175,-0.07801492387,13.00561208,-0,0.2119738594,0.08010931897,0.006465827704,-0.1163713709,1.020563901,-0.001774989807,14.58879076,0.1163713709,0.001774989807,14.71340295,14.71340295,0.04368451155,0.6621031328,-1.917475985e-06,-4.314320966e-05,6.231796951e-06,-3.643204371e-05,0.6621031328,-9.635316824e-05,-1.917475985e-06,-4.314320966e-05,6.231796951e-06,-3.643204371e-05,0.6621031328,-9.635316824e-05,0,0,0,0,0,0
2.45,1,1,4.961469111e-05,2.444781881e-05,-9.347695426e-06,4.530037014e-05,0.01849261777,-4.434163215e-05,0,0,0,0,0.001047197551,0,0.01918334555,0.002974201735,-0.005257317486,-0.0006907277809,-0.00902671576,-0.0796649293,13.00966413,-0,0.2122486879,0.08071212685,0.01680675451,-0.1174345402,1.019540089,-0.001807220379,14.89734178,0.1174345402,0.001807220379,15.03339029,15.03339029,0.04364406276,0.6765025632,-2.876213977e-06,-4.314320966e-05,6.231796951e-06,-3.643204371e-05,0.6765025632,-9.587379924e-05,-2.876213977e-06,-4.314320966e-05,6.231796951e-06,-3.643204371e-05,0.6765025632,-9.587379924e-05,0,0,0,0,0,0
2.46,1,1,4.841626862e-05,2.49271878e-05,-9.108010928e-06,4.386226315e-05,0.01850963537,-4.410194765e-05,0,0,0,0,0.001047197551,0,0.01921282456,0.00292158803,-0.005265399326,-0.0007031891977,-0.009192376742,-0.08102117784,13.01251651,-0,0.212441877,0.08206837539,0.03835931074,-0.1196159541,1.019557107,-0.001836352193,15.15096026,0.1196159541,0.001836352193,15.31077187,15.31077187,0.0436037936,0.6889847343,-4.793689962e-07,-4.410194765e-05,5.752427955e-06,-3.355582973e-05,0.6889847343,-9.635316824e-05,-4.793689962e-07,-4.410194765e-05,5.752427955e-06,-3.355582973e-05,0.6889847343,-9.635316824e-05,0,0,0,0,0,0
2.47,1,1,4.817658412e-05,2.49271878e-05,-8.86832643e-06,4.434163215e-05,0.01852785139,-4.386226315e-05,0,0,0,0,0.001047197551,0,0.01924177704,0.002868894229,-0.005273336812,-0.0007139256533,-0.009335625912,-0.08218252516,13.01557336,-0,0.2126486642,0.08322972271,0.05265860775,-0.1215085239,1.019575323,-0.001861025692,15.36813221,0.1215085239,0.001861025692,15.54416036,15.54416036,0.04356365599,0.6994872163,-0,-4.410194765e-05,5.273058958e-06,-3.451456773e-05,0.6994872163,-9.683253724e-05,-0,-4.410194765e-05,5.273058958e-06,-3.451456773e-05,0.6994872163,-9.683253724e-05,0,0,0,0,0,0
2.48,1,1,4.841626862e-05,2.444781881e-05,-8.86832643e-06,4.601942364e-05,0.01854846426,-4.362257866e-05,0,0,0,0,0.002094395102,0,0.01927020219,0.002816121776,-0.005281129727,-0.0007217379314,-0.009440831829,-0.0819660767,13.01903689,-0,0.212882652,0.08406047181,0.05805332549,-0.1229105379,1.020643956,-0.001858307169,15.32765634,0.1229105379,0.001858307169,15.51047851,15.51047851,0.04352360637,0.6979715331,-4.793689962e-07,-4.314320966e-05,5.273058958e-06,-3.78701507e-05,0.6979715331,-9.731190623e-05,-4.793689962e-07,-4.314320966e-05,5.273058958e-06,-3.78701507e-05,0.6979715331,-9.731190623e-05,0,0,0,0,0,0
2.49,1,1,4.913532211e-05,2.420813431e-05,-8.149272936e-06,4.434163215e-05,0.01857818513,-4.386226315e-05,0,0,0,0,0.003141592654,0,0.01929809922,0.002763272117,-0.005288777857,-0.0007199140868,-0.009420548886,-0.08065988101,13.0240392,-0,0.2132200141,0.08380147366,0.04228321313,-0.1226935979,1.021722245,-0.001830874024,15.08339775,0.1226935979,0.001830874024,15.25020543,15.25020543,0.04348356512,0.6862592445,-1.917475985e-06,-4.266384066e-05,3.83495197e-06,-3.451456773e-05,0.6862592445,-9.683253724e-05,-1.917475985e-06,-4.266384066e-05,3.83495197e-06,-3.451456773e-05,0.6862592445,-9.683253724e-05,0,0,0,0,0,0
2.5,1,1,4.961469111e-05,2.420813431e-05,-8.388957434e-06,4.506068564e-05,0.01861773307,-4.482100115e-05,0,0,0,0,0.004188790205,0,0.01932546738,0.002710346702,-0.005296280992,-0.0007077343013,-0.00926525272,-0.07818259831,13.03071083,-0,0.2136688949,0.08237138851,0.008212906331,-0.120732829,1.02281091,-0.001776785281,14.62014588,0.120732829,0.001776785281,14.7508684,14.7508684,0.0434434098,0.6637890782,-2.876213977e-06,-4.266384066e-05,4.314320966e-06,-3.595267472e-05,0.6637890782,-9.491506125e-05,-2.876213977e-06,-4.266384066e-05,4.314320966e-06,-3.595267472e-05,0.6637890782,-9.491506125e-05,0,0,0,0,0,0
2.51,1,1,4.937500661e-05,2.348908081e-05,-8.86832643e-06,4.506068564e-05,0.01866471124,-4.362257866e-05,0,0,0,0.001047197551,0.004188790205,0,0.01935230591,0.002657346982,-0.005303638928,-0.0006875946694,-0.009005980702,-0.0758527863,13.03865872,-0,0.2142020684,0.0800415765,-0.03584759546,-0.1174259088,1.022857888,-0.001722396279,14.18447104,0.1174259088,0.001722396279,14.26777175,14.26777175,0.04340307694,0.6420497286,-2.396844981e-06,-4.122573367e-05,5.273058958e-06,-0.0001406724298,0.6420497286,-9.731190623e-05,-2.396844981e-06,-4.122573367e-05,5.273058958e-06,-0.0001406724298,0.6420497286,-9.731190623e-05,0,0,0,0,0,0
2.52,1,1,4.841626862e-05,2.396844981e-05,-9.108010928e-06,4.482100115e-05,0.01870473855,-4.386226315e-05,0,0,0,0,0.003141592654,0,0.01937861407,0.002604274408,-0.005310851461,-0.0006738755253,-0.008830162558,-0.0752962524,13.04545021,-0,0.2146563175,0.07843784505,-0.05817629549,-0.115193446,1.021848799,-0.001704799333,14.0803992,0.115193446,0.001704799333,14.13912115,14.13912115,0.04336268411,0.6362604517,-4.793689962e-07,-4.218447167e-05,5.752427955e-06,-3.547330572e-05,0.6362604517,-9.683253724e-05,-4.793689962e-07,-4.218447167e-05,5.752427955e-06,-3.547330572e-05,0.6362604517,-9.683253724e-05,0,0,0,0,0,0
2.53,1,1,4.913532211e-05,2.372876531e-05,-9.347695426e-06,4.458131665e-05,0.0187363769,-4.362257866e-05,0,0,0,0,0.003141592654,0,0.01940439116,0.002551130438,-0.005317918395,-0.0006680142546,-0.00875669111,-0.07458068971,13.05083108,-0,0.2150153409,0.07772228236,-0.06049069707,-0.1142820965,1.021880437,-0.001687129455,13.94658898,0.1142820965,0.001687129455,14.0020675,14.0020675,0.04332228129,0.6300930377,-1.917475985e-06,-4.170510267e-05,6.231796951e-06,-3.499393672e-05,0.6300930377,-9.731190623e-05,-1.917475985e-06,-4.170510267e-05,6.231796951e-06,-3.499393672e-05,0.6300930377,-9.731190623e-05,0,0,0,0,0,0
2.54,1,1,5.00940601e-05,2.444781881e-05,-8.628641932e-06,4.410194765e-05,0.01876465967,-4.290352516e-05,0,0,0,0,0.003141592654,0,0.01942963645,0.002497916527,-0.005324839535,-0.0006649767763,-0.008719973151,-0.07418419796,13.05565079,-0,0.2153362683,0.07732579061,-0.0567964377,-0.1138449244,1.02190872,-0.001676689956,13.87244502,0.1138449244,0.001676689956,13.93117019,13.93117019,0.04328192765,0.6269026588,-3.83495197e-06,-4.314320966e-05,4.793689962e-06,-3.403519873e-05,0.6269026588,-9.875001322e-05,-3.83495197e-06,-4.314320966e-05,4.793689962e-06,-3.403519873e-05,0.6269026588,-9.875001322e-05,0,0,0,0,0,0
2.55,1,1,5.05734291e-05,2.49271878e-05,-8.388957434e-06,4.506068564e-05,0.01878814875,-4.242415616e-05,0,0,0,0,0.001047197551,0,0.01945434926,0.002444634134,-0.005331614692,-0.0006662005053,-0.008738822205,-0.07636358771,13.05966046,-0,0.2156027885,0.07741078526,-0.04450069527,-0.1141260508,1.01983562,-0.001717351619,14.2799909,0.1141260508,0.001717351619,14.35133361,14.35133361,0.04324163991,0.6458100124,-4.793689962e-06,-4.410194765e-05,4.314320966e-06,-3.595267472e-05,0.6458100124,-9.970875121e-05,-4.793689962e-06,-4.410194765e-05,4.314320966e-06,-3.595267472e-05,0.6458100124,-9.970875121e-05,0,0,0,0,0,0
2.56,1,1,4.937500661e-05,2.420813431e-05,-8.149272936e-06,4.458131665e-05,0.01881019973,-4.266384066e-05,0,0,0,0,0.001047197551,0,0.01947852891,0.00239128472,-0.00533824368,-0.000668329181,-0.008769445523,-0.07655078043,13.0634303,-0,0.2158529805,0.07759797799,-0.03280406463,-0.1145590403,1.019857671,-0.001720034315,14.31499594,0.1145590403,0.001720034315,14.39847095,14.39847095,0.04320141603,0.6479311928,-2.396844981e-06,-4.266384066e-05,3.83495197e-06,-3.499393672e-05,0.6479311928,-9.922938222e-05,-2.396844981e-06,-4.266384066e-05,3.83495197e-06,-3.499393672e-05,0.6479311928,-9.922938222e-05,0,0,0,0,0,0
2.57,1,1,4.937500661e-05,2.372876531e-05,-8.86832643e-06,4.482100115e-05,0.01883728408,-4.290352516e-05,0,0,0,0,0.002094395102,0,0.01950217473,0.002337869748,-0.005344726318,-0.0006648906591,-0.008727277588,-0.0750615255,13.06806815,-0,0.2161602675,0.07715592061,-0.03531080628,-0.1140486583,1.020932776,-0.001688556245,14.03650527,0.1140486583,0.001688556245,14.11693168,14.11693168,0.04316118606,0.6352619255,-2.396844981e-06,-4.170510267e-05,5.273058958e-06,-3.547330572e-05,0.6352619255,-9.875001322e-05,-2.396844981e-06,-4.170510267e-05,5.273058958e-06,-3.547330572e-05,0.6352619255,-9.875001322e-05,0,0,0,0,0,0
2.58,1,1,5.03337446e-05,2.468750331e-05,-8.149272936e-06,4.530037014e-05,0.0188725177,-4.290352516e-05,0,0,0,0,0.003141592654,0,0.01952528609,0.002284390682,-0.005351062427,-0.0006527683928,-0.008571496184,-0.07259093353,13.07411388,-0,0.2165599893,0.07573252618,-0.05518616571,-0.1120647173,1.022016578,-0.00163491956,13.57450457,0.1120647173,0.00163491956,13.63301804,13.63301804,0.0431208649,0.6134858118,-4.314320966e-06,-4.362257866e-05,3.83495197e-06,-3.643204371e-05,0.6134858118,-9.875001322e-05,-4.314320966e-06,-4.362257866e-05,3.83495197e-06,-3.643204371e-05,0.6134858118,-9.875001322e-05,0,0,0,0,0,0
2.59,1,1,4.985437561e-05,2.612561029e-05,-7.909588438e-06,4.506068564e-05,0.01891014816,-4.290352516e-05,0,0,0,0,0.003141592654,0,0.01954786234,0.002230848988,-0.005357251834,-0.0006377141765,-0.008377186102,-0.07083642362,13.08058639,-0,0.2169868742,0.07397801628,-0.07711766583,-0.1095785065,1.022054208,-0.00159402579,13.24641122,0.1095785065,0.00159402579,13.28046608,13.28046608,0.04308043319,0.5976209738,-3.355582973e-06,-4.649879263e-05,3.355582973e-06,-3.595267472e-05,0.5976209738,-9.875001322e-05,-3.355582973e-06,-4.649879263e-05,3.355582973e-06,-3.595267472e-05,0.5976209738,-9.875001322e-05,0,0,0,0,0,0
2.6,1,1,4.889563761e-05,2.54065568e-05,-8.149272936e-06,4.554005464e-05,0.01894370399,-4.266384066e-05,0,0,0,0,0.002094395102,0,0.01956990287,0.002177246135,-0.00536329437,-0.0006261988727,-0.008228977485,-0.07052909067,13.08637159,-0,0.2173675105,0.07262348578,-0.08752847833,-0.1076874571,1.021039196,-0.001582471132,13.18893996,0.1076874571,0.001582471132,13.21068141,13.21068141,0.04303996047,0.5944806633,-1.438106989e-06,-4.506068564e-05,3.83495197e-06,-3.691141271e-05,0.5944806633,-9.922938222e-05,-1.438106989e-06,-4.506068564e-05,3.83495197e-06,-3.691141271e-05,0.5944806633,-9.922938222e-05,0,0,0,0,0,0
2.61,1,1,4.985437561e-05,2.612561029e-05,-8.628641932e-06,4.482100115e-05,0.01897078834,-4.314320966e-05,0,0,0,0,0.001047197551,0,0.01959140706,0.002123583591,-0.005369189867,-0.0006206187222,-0.008158304113,-0.07089222086,13.09105038,-0,0.2176747209,0.07193941841,-0.08368384934,-0.1068007701,1.02001826,-0.001585946401,13.2568453,0.1068007701,0.001585946401,13.28154817,13.28154817,0.04299948318,0.5976696676,-3.355582973e-06,-4.649879263e-05,4.793689962e-06,-3.547330572e-05,0.5976696676,-9.827064422e-05,-3.355582973e-06,-4.649879263e-05,4.793689962e-06,-3.547330572e-05,0.5976696676,-9.827064422e-05,0,0,0,0,0,0
2.62,1,1,4.961469111e-05,2.468750331e-05,-8.149272936e-06,4.506068564e-05,0.01898732657,-4.314320966e-05,0,0,0,0,0.001047197551,0,0.01961237434,0.002069862828,-0.005374938166,-0.0006250477718,-0.008218597054,-0.07133866201,13.09391143,-0,0.217862302,0.07238585956,-0.05975384947,-0.1076135819,1.020034798,-0.001594487269,13.3403298,0.1076135819,0.001594487269,13.38978402,13.38978402,0.0429591185,0.6025402807,-2.876213977e-06,-4.362257866e-05,3.83495197e-06,-3.595267472e-05,0.6025402807,-9.827064422e-05,-2.876213977e-06,-4.362257866e-05,3.83495197e-06,-3.595267472e-05,0.6025402807,-9.827064422e-05,0,0,0,0,0,0
2.63,1,1,4.889563761e-05,2.420813431e-05,-8.628641932e-06,4.506068564e-05,0.01899835206,-4.386226315e-05,0,0,0,0,0,0,0.01963280413,0.002016085319,-0.005380539109,-0.0006344520723,-0.008344019195,-0.0733943051,13.09582052,-0,0.2179873528,0.0733943051,-0.03018252328,-0.1092717778,1.018998352,-0.001635567912,13.72473505,0.1092717778,0.001635567912,13.80545988,13.80545988,0.0429189066,0.6212456945,-1.438106989e-06,-4.266384066e-05,4.793689962e-06,-3.595267472e-05,0.6212456945,-9.683253724e-05,-1.438106989e-06,-4.266384066e-05,4.793689962e-06,-3.595267472e-05,0.6212456945,-9.683253724e-05,0,0,0,0,0,0
2.64,1,1,4.793689962e-05,2.49271878e-05,-8.388957434e-06,4.530037014e-05,0.01900985691,-4.362257866e-05,0,0,0,0,0.001047197551,0,0.01965269587,0.001962252538,-0.005385992541,-0.0006428389512,-0.008456108382,-0.07324066869,13.0978141,-0,0.2181178378,0.07428786624,-0.008374957054,-0.1107565356,1.020057329,-0.001634010098,13.69600504,0.1107565356,0.001634010098,13.80002063,13.80002063,0.04287880418,0.6210009285,4.793689962e-07,-4.410194765e-05,4.314320966e-06,-3.643204371e-05,0.6210009285,-9.731190623e-05,4.793689962e-07,-4.410194765e-05,4.314320966e-06,-3.643204371e-05,0.6210009285,-9.731190623e-05,0,0,0,0,0,0
2.65,1,1,4.865595312e-05,2.54065568e-05,-7.669903939e-06,4.386226315e-05,0.01902208082,-4.290352516e-05,0,0,0,0,0.001047197551,0,0.019672049,0.00190836596,-0.005391298313,-0.0006499681785,-0.008551708968,-0.07399216404,13.09993391,-0,0.218256475,0.07503936159,0.006781467886,-0.1120268223,1.020069553,-0.001649275195,13.83653468,0.1120268223,0.001649275195,13.95699224,13.95699224,0.04283879836,0.6280646508,-9.587379924e-07,-4.506068564e-05,2.876213977e-06,-3.355582973e-05,0.6280646508,-9.875001322e-05,-9.587379924e-07,-4.506068564e-05,2.876213977e-06,-3.355582973e-05,0.6280646508,-9.875001322e-05,0,0,0,0,0,0
2.66,1,1,4.961469111e-05,2.444781881e-05,-7.909588438e-06,4.506068564e-05,0.01904125558,-4.266384066e-05,0,0,0,0,0.001047197551,0,0.01969086301,0.001854427064,-0.00539645628,-0.0006496074267,-0.008549150274,-0.07389731414,13.10326254,-0,0.2184739388,0.07494451169,0.003568049676,-0.1120217606,1.020088727,-0.001645685409,13.81879774,0.1120217606,0.001645685409,13.93603324,13.93603324,0.0427988121,0.6271214958,-2.876213977e-06,-4.314320966e-05,3.355582973e-06,-3.595267472e-05,0.6271214958,-9.922938222e-05,-2.876213977e-06,-4.314320966e-05,3.355582973e-06,-3.595267472e-05,0.6271214958,-9.922938222e-05,0,0,0,0,0,0
2.67,1,1,4.889563761e-05,2.51668723e-05,-8.388957434e-06,4.482100115e-05,0.01906642246,-4.314320966e-05,0,0,0,0,0.002094395102,0,0.01970913737,0.001800437328,-0.005401466301,-0.0006427149181,-0.008460917412,-0.07201719185,13.10763772,-0,0.2187593481,0.07411158696,-0.01226226904,-0.1109026402,1.021161914,-0.001605688483,13.46721488,0.1109026402,0.001605688483,13.56746094,13.56746094,0.04275876986,0.6105357421,-1.438106989e-06,-4.458131665e-05,4.314320966e-06,-3.547330572e-05,0.6105357421,-9.827064422e-05,-1.438106989e-06,-4.458131665e-05,4.314320966e-06,-3.547330572e-05,0.6105357421,-9.827064422e-05,0,0,0,0,0,0
2.68,1,1,4.937500661e-05,2.49271878e-05,-7.909588438e-06,4.577973914e-05,0.01909326712,-4.266384066e-05,0,0,0,0,0.002094395102,0,0.01972687159,0.001746398232,-0.005406328237,-0.0006336044727,-0.008343491967,-0.07093370778,13.11231252,-0,0.2190637697,0.07302810288,-0.02997962915,-0.1094024742,1.021188759,-0.001580131937,13.26460335,0.1094024742,0.001580131937,13.34560633,13.34560633,0.04271868445,0.6005522849,-2.396844981e-06,-4.410194765e-05,3.355582973e-06,-3.73907817e-05,0.6005522849,-9.922938222e-05,-2.396844981e-06,-4.410194765e-05,3.355582973e-06,-3.73907817e-05,0.6005522849,-9.922938222e-05,0,0,0,0,0,0
2.69,1,1,5.03337446e-05,2.49271878e-05,-8.149272936e-06,4.482100115e-05,0.01911555778,-4.338289416e-05,0,0,0,-0.001047197551,0.001047197551,0,0.01974406518,0.001692311257,-0.005411041957,-0.0006285074011,-0.008278579496,-0.07135083368,13.11620052,-0,0.2193165367,0.07239803123,-0.03577227151,-0.1085835087,1.020163029,-0.00158474422,13.3426059,0.1085835087,0.00158474422,13.41700188,13.41700188,0.04267860573,0.6037650846,-4.314320966e-06,-4.410194765e-05,3.83495197e-06,6.92464494e-05,0.6037650846,-9.779127523e-05,-4.314320966e-06,-4.410194765e-05,3.83495197e-06,6.92464494e-05,0.6037650846,-9.779127523e-05,0,0,0,0,0,0
2.7,1,1,5.03337446e-05,2.396844981e-05,-8.149272936e-06,4.362257866e-05,0.0191306579,-4.338289416e-05,0,0,0,0,0.001047197551,0,0.01976071766,0.001638177887,-0.00541560733,-0.0006300597614,-0.008300810548,-0.07147186869,13.11883755,-0,0.2194877599,0.07251906625,-0.02682839402,-0.1088969851,1.02017813,-0.00158599175,13.36523945,0.1088969851,0.00158599175,13.44889403,13.44889403,0.04263861018,0.6052002313,-4.314320966e-06,-4.218447167e-05,3.83495197e-06,-3.307646074e-05,0.6052002313,-9.779127523e-05,-4.314320966e-06,-4.218447167e-05,3.83495197e-06,-3.307646074e-05,0.6052002313,-9.779127523e-05,0,0,0,0,0,0
2.71,1,1,4.889563761e-05,2.420813431e-05,-8.388957434e-06,4.554005464e-05,0.01914048497,-4.338289416e-05,0,0,0,0,0,0,0.01977682859,0.001583999606,-0.005420024231,-0.0006363436213,-0.008385073022,-0.07317457542,13.1205551,-0,0.2195991883,0.07317457542,-0.009607586564,-0.1100168126,1.019140485,-0.00161895728,13.6836456,0.1100168126,0.00161895728,13.78567379,13.78567379,0.04259871204,0.6203553204,-1.438106989e-06,-4.266384066e-05,4.314320966e-06,-3.691141271e-05,0.6203553204,-9.779127523e-05,-1.438106989e-06,-4.266384066e-05,4.314320966e-06,-3.691141271e-05,0.6203553204,-9.779127523e-05,0,0,0,0,0,0
2.72,1,1,4.817658412e-05,2.51668723e-05,-8.149272936e-06,4.530037014e-05,0.01914647708,-4.266384066e-05,0,0,0,0,0,0,0.01979239751,0.001529777898,-0.00542429254,-0.0006459204319,-0.008512513421,-0.07420214908,13.12160294,-0,0.2196671314,0.07420214908,0.01093463555,-0.1116978211,1.019146477,-0.001640178735,13.87580188,0.1116978211,0.001640178735,14.00007451,14.00007451,0.04255895542,0.6300033531,-0,-4.458131665e-05,3.83495197e-06,-3.643204371e-05,0.6300033531,-9.922938222e-05,-0,-4.458131665e-05,3.83495197e-06,-3.643204371e-05,0.6300033531,-9.922938222e-05,0,0,0,0,0,0
2.73,1,1,4.985437561e-05,2.49271878e-05,-7.909588438e-06,4.577973914e-05,0.01915151045,-4.362257866e-05,0,0,0,0,0,0,0.019807424,0.00147551425,-0.005428412139,-0.0006559135525,-0.008645391226,-0.07527684948,13.12248343,-0,0.219724203,0.07527684948,0.02851014566,-0.1134490031,1.01915151,-0.001662400623,14.07677085,0.1134490031,0.001662400623,14.2203924,14.2203924,0.04251932128,0.6399176581,-3.355582973e-06,-4.410194765e-05,3.355582973e-06,-3.73907817e-05,0.6399176581,-9.731190623e-05,-3.355582973e-06,-4.410194765e-05,3.355582973e-06,-3.73907817e-05,0.6399176581,-9.731190623e-05,0,0,0,0,0,0
2.74,1,1,4.865595312e-05,2.444781881e-05,-8.149272936e-06,4.482100115e-05,0.01916013909,-4.266384066e-05,0,0,0,0,0,0,0.01982190766,0.001421210151,-0.005432382915,-0.0006617685657,-0.008723934166,-0.07588397583,13.12399353,-0,0.2198220388,0.07588397583,0.0340851022,-0.1144928555,1.019160139,-0.001674278027,14.19030348,0.1144928555,0.001674278027,14.34055572,14.34055572,0.04247978043,0.6453250072,-9.587379924e-07,-4.314320966e-05,3.83495197e-06,-3.547330572e-05,0.6453250072,-9.922938222e-05,-9.587379924e-07,-4.314320966e-05,3.83495197e-06,-3.547330572e-05,0.6453250072,-9.922938222e-05,0,0,0,0,0,0
2.75,1,1,4.913532211e-05,2.49271878e-05,-7.909588438e-06,4.482100115e-05,0.01917260269,-4.362257866e-05,0,0,0,0,0.001047197551,0,0.01983584808,0.001366867089,-0.00543620476,-0.0006632453898,-0.008744970278,-0.07494909287,13.12617628,-0,0.2199633543,0.07599629043,0.02998543941,-0.1147880214,1.020220074,-0.001655550765,14.01548037,0.1147880214,0.001655550765,14.16190938,14.16190938,0.04244025139,0.6372859221,-1.917475985e-06,-4.410194765e-05,3.355582973e-06,-3.547330572e-05,0.6372859221,-9.731190623e-05,-1.917475985e-06,-4.410194765e-05,3.355582973e-06,-3.547330572e-05,0.6372859221,-9.731190623e-05,0,0,0,0,0,0
2.76,1,1,4.937500661e-05,2.49271878e-05,-7.909588438e-06,4.458131665e-05,0.01918674407,-4.338289416e-05,0,0,0,0,0.001047197551,0,0.01984924488,0.001312486553,-0.005439877568,-0.0006625008033,-0.008736786264,-0.07481031,13.12865501,-0,0.2201236891,0.07585750755,0.02167884486,-0.1147022527,1.020234216,-0.00165099362,13.98952797,0.1147022527,0.00165099362,14.12756006,14.12756006,0.04240076763,0.6357402027,-2.396844981e-06,-4.410194765e-05,3.355582973e-06,-3.499393672e-05,0.6357402027,-9.779127523e-05,-2.396844981e-06,-4.410194765e-05,3.355582973e-06,-3.499393672e-05,0.6357402027,-9.779127523e-05,0,0,0,0,0,0
2.77,1,1,4.985437561e-05,2.58859258e-05,-8.149272936e-06,4.577973914e-05,0.01920543946,-4.410194765e-05,-0.001047197551,0,0,0,0.002094395102,0,0.01986209769,0.001258070034,-0.00544340124,-0.0006566582247,-0.008661591249,-0.07304816793,13.13193549,-0,0.2203356504,0.07514256303,0.004344554591,-0.1137434575,1.021300931,-0.001613971961,13.6600074,0.1137434575,0.001613971961,13.77970939,13.77970939,0.04236123556,0.6200869224,0.0001013641721,-4.601942364e-05,3.83495197e-06,-3.73907817e-05,0.6200869224,-9.635316824e-05,0.0001013641721,-4.601942364e-05,3.83495197e-06,-3.73907817e-05,0.6200869224,-9.635316824e-05,0,0,0,0,0,0
2.78,1,1,4.889563761e-05,2.51668723e-05,-8.149272936e-06,4.482100115e-05,0.01922796981,-4.362257866e-05,0,0,0,0,0.001047197551,0,0.01987440616,0.001203619025,-0.005446775677,-0.0006464363553,-0.008528777304,-0.07288559819,13.1358942,-0,0.2205910811,0.07393279574,-0.01845933622,-0.1120331163,1.020275442,-0.001605645705,13.62960686,0.1120331163,0.001605645705,13.72478629,13.72478629,0.04232164447,0.6176153829,-1.438106989e-06,-4.458131665e-05,3.83495197e-06,-3.547330572e-05,0.6176153829,-9.731190623e-05,-1.438106989e-06,-4.458131665e-05,3.83495197e-06,-3.547330572e-05,0.6176153829,-9.731190623e-05,0,0,0,0,0,0
2.79,1,1,4.961469111e-05,2.396844981e-05,-7.190534943e-06,4.577973914e-05,0.01923971435,-4.290352516e-05,0,0,0,0,0.001047197551,0,0.01988616996,0.001149135019,-0.005450000789,-0.000646455612,-0.008530396322,-0.07283300645,13.13796009,-0,0.2207242268,0.073880204,-0.01570166568,-0.1120720064,1.020287186,-0.001603025539,13.61977221,0.1120720064,0.001603025539,13.71774557,13.71774557,0.04228211855,0.6172985507,-2.876213977e-06,-4.218447167e-05,1.917475985e-06,-3.73907817e-05,0.6172985507,-9.875001322e-05,-2.876213977e-06,-4.218447167e-05,1.917475985e-06,-3.73907817e-05,0.6172985507,-9.875001322e-05,0,0,0,0,0,0
2.8,1,1,4.937500661e-05,2.468750331e-05,-7.909588438e-06,4.554005464e-05,0.01924642551,-4.242415616e-05,0,0,0,0,0,0,0.01989738876,0.001094619508,-0.005453076486,-0.0006509632443,-0.008590928273,-0.07433472442,13.1391413,-0,0.2208003087,0.07433472442,-0.004366529672,-0.1128774205,1.019246426,-0.001631218684,13.90059347,0.1128774205,0.001631218684,14.01073558,14.01073558,0.04224269061,0.630483101,-2.396844981e-06,-4.362257866e-05,3.355582973e-06,-3.691141271e-05,0.630483101,-9.970875121e-05,-2.396844981e-06,-4.362257866e-05,3.355582973e-06,-3.691141271e-05,0.630483101,-9.970875121e-05,0,0,0,0,0,0
2.81,1,1,4.937500661e-05,2.420813431e-05,-7.909588438e-06,4.482100115e-05,0.0192512192,-4.290352516e-05,0,0,0,0,0,0,0.01990806225,0.001040073987,-0.005456002685,-0.0006568430462,-0.008669441553,-0.07494429274,13.13998535,-0,0.2208546523,0.07494429274,0.007538747812,-0.113916335,1.019251219,-0.001643079344,14.01458274,0.113916335,0.001643079344,14.13768091,14.13768091,0.04220336282,0.6361956407,-2.396844981e-06,-4.266384066e-05,3.355582973e-06,-3.547330572e-05,0.6361956407,-9.875001322e-05,-2.396844981e-06,-4.266384066e-05,3.355582973e-06,-3.547330572e-05,0.6361956407,-9.875001322e-05,0,0,0,0,0,0
2.82,1,1,5.00940601e-05,2.49271878e-05,-8.388957434e-06,4.482100115e-05,0.01925697163,-4.290352516e-05,0,0,0,0,0,0,0.01991819014,0.0009854999525,-0.005458779304,-0.0006612185111,-0.008728138346,-0.07538386292,13.14099854,-0,0.220919864,0.07538386292,0.01402062457,-0.1146964533,1.019256972,-0.001651198091,14.09678237,0.1146964533,0.001651198091,14.22715064,14.22715064,0.04216411727,0.6402217789,-3.83495197e-06,-4.410194765e-05,4.314320966e-06,-3.547330572e-05,0.6402217789,-9.875001322e-05,-3.83495197e-06,-4.410194765e-05,4.314320966e-06,-3.547330572e-05,0.6402217789,-9.875001322e-05,0,0,0,0,0,0
2.83,1,1,4.961469111e-05,2.49271878e-05,-7.430219441e-06,4.554005464e-05,0.01926727806,-4.266384066e-05,0,0,0,0,0.001047197551,0,0.01992777216,0.0009308988999,-0.005461406268,-0.0006604940938,-0.008719758222,-0.07419987116,13.14281481,-0,0.2210366999,0.07524706871,0.008571594421,-0.1146021675,1.02031475,-0.001627123941,13.87537591,0.1146021675,0.001627123941,14.00017679,14.00017679,0.04212487962,0.6300079557,-2.876213977e-06,-4.410194765e-05,2.396844981e-06,-3.691141271e-05,0.6300079557,-9.922938222e-05,-2.876213977e-06,-4.410194765e-05,2.396844981e-06,-3.691141271e-05,0.6300079557,-9.922938222e-05,0,0,0,0,0,0
2.84,1,1,4.793689962e-05,2.49271878e-05,-7.669903939e-06,4.554005464e-05,0.01928094008,-4.338289416e-05,0,0,0,0.001047197551,0.001047197551,0,0.01993680804,0.0008762723262,-0.005463883505,-0.0006558679542,-0.008660023653,-0.07362212777,13.14522429,-0,0.2211915718,0.07466932532,-0.003545389239,-0.1138379533,1.020328412,-0.00161299397,13.76733789,0.1138379533,0.00161299397,13.87924345,13.87924345,0.04208563596,0.6245659553,4.793689962e-07,-4.410194765e-05,2.876213977e-06,-0.0001416311678,0.6245659553,-9.779127523e-05,4.793689962e-07,-4.410194765e-05,2.876213977e-06,-0.0001416311678,0.6245659553,-9.779127523e-05,0,0,0,0,0,0
2.85,1,1,4.913532211e-05,2.56462413e-05,-7.190534943e-06,4.482100115e-05,0.01929316399,-4.266384066e-05,0,0,0,0,0.001047197551,0,0.01994529753,0.0008216217291,-0.005466210947,-0.0006521335345,-0.008611930852,-0.07314514492,13.14738196,-0,0.2213301379,0.07419234247,-0.0116075855,-0.1132243443,1.020340636,-0.001601087556,13.6781421,0.1132243443,0.001601087556,13.78135995,13.78135995,0.04204638397,0.6201611976,-1.917475985e-06,-4.554005464e-05,1.917475985e-06,-3.547330572e-05,0.6201611976,-9.922938222e-05,-1.917475985e-06,-4.554005464e-05,1.917475985e-06,-3.547330572e-05,0.6201611976,-9.922938222e-05,0,0,0,0,0,0
2.86,1,1,4.913532211e-05,2.54065568e-05,-7.190534943e-06,4.482100115e-05,0.01929843705,-4.290352516e-05,0,0,0,0,0,0,0.01995324039,0.0007669486068,-0.00546838853,-0.0006548033453,-0.008647969429,-0.07443899841,13.14831325,-0,0.2213899106,0.07443899841,-0.004711617847,-0.113706211,1.019298437,-0.001624566745,13.9200927,0.113706211,0.001624566745,14.03071186,14.03071186,0.04200721229,0.6313820338,-1.917475985e-06,-4.506068564e-05,1.917475985e-06,-3.547330572e-05,0.6313820338,-9.875001322e-05,-1.917475985e-06,-4.506068564e-05,1.917475985e-06,-3.547330572e-05,0.6313820338,-9.875001322e-05,0,0,0,0,0,0
2.87,1,1,4.985437561e-05,2.54065568e-05,-7.669903939e-06,4.506068564e-05,0.01930131326,-4.290352516e-05,0,0,0,0,0,0,0.01996063643,0.0007122544582,-0.005470416194,-0.0006593231636,-0.008708275542,-0.07489469207,13.14882136,-0,0.2214225136,0.07489469207,0.004366293186,-0.1145035594,1.019301313,-0.001632999964,14.00530742,0.1145035594,0.001632999964,14.12581027,14.12581027,0.04196812315,0.6356614621,-3.355582973e-06,-4.506068564e-05,2.876213977e-06,-3.595267472e-05,0.6356614621,-9.875001322e-05,-3.355582973e-06,-4.506068564e-05,2.876213977e-06,-3.595267472e-05,0.6356614621,-9.875001322e-05,0,0,0,0,0,0
2.88,1,1,4.985437561e-05,2.612561029e-05,-8.149272936e-06,4.482100115e-05,0.01930898317,-4.362257866e-05,0,0,0,0,0.001047197551,0,0.01996748542,0.0006575407828,-0.005472293884,-0.0006585022515,-0.008698295682,-0.07369963647,13.15017678,-0,0.2215094541,0.07474683402,0.0004671312597,-0.1143841259,1.020356455,-0.001608773392,13.78183202,0.1143841259,0.001608773392,13.89829205,13.89829205,0.04192906611,0.6254231423,-3.355582973e-06,-4.649879263e-05,3.83495197e-06,-3.547330572e-05,0.6254231423,-9.731190623e-05,-3.355582973e-06,-4.649879263e-05,3.83495197e-06,-3.547330572e-05,0.6254231423,-9.731190623e-05,0,0,0,0,0,0
2.89,1,1,4.985437561e-05,2.612561029e-05,-7.430219441e-06,4.625910813e-05,0.01931881023,-4.314320966e-05,0.001047197551,0,0,0,0.001047197551,0,0.01997378718,0.0006028090806,-0.005474021548,-0.0006549769508,-0.008652681813,-0.07324615312,13.1519144,-0,0.2216208447,0.07429335067,-0.008074006412,-0.1137993306,1.020366282,-0.00159741574,13.69703063,0.1137993306,0.00159741574,13.80435337,13.80435337,0.04189000388,0.6211959018,-0.0001080753381,-4.649879263e-05,2.396844981e-06,-3.83495197e-05,0.6211959018,-9.827064422e-05,-0.0001080753381,-4.649879263e-05,2.396844981e-06,-3.83495197e-05,0.6211959018,-9.827064422e-05,0,0,0,0,0,0
2.9,1,1,4.961469111e-05,2.420813431e-05,-7.669903939e-06,4.530037014e-05,0.01933199288,-4.266384066e-05,0,0,0,0,0,0,0.01997954155,0.0005480608521,-0.00547559914,-0.0006475486662,-0.008555654262,-0.07339886158,13.15424711,-0,0.2217702679,0.07339886158,-0.02262725416,-0.1125431903,1.019331993,-0.001596011135,13.72558712,0.1125431903,0.001596011135,13.81709906,13.81709906,0.0418508951,0.6217694578,-2.876213977e-06,-4.266384066e-05,2.876213977e-06,-3.643204371e-05,0.6217694578,-9.922938222e-05,-2.876213977e-06,-4.266384066e-05,2.876213977e-06,-3.643204371e-05,0.6217694578,-9.922938222e-05,0,0,0,0,0,0
2.91,1,1,4.841626862e-05,2.348908081e-05,-7.190534943e-06,4.482100115e-05,0.01933990247,-4.290352516e-05,0,0,0,0,0.001047197551,0,0.01998474835,0.0004932975982,-0.005477026615,-0.0006448458819,-0.008520707654,-0.0719911248,13.15564769,-0,0.22185992,0.07303832235,-0.02490743334,-0.1120954279,1.020387374,-0.001567180042,13.46234034,0.1120954279,0.001567180042,13.55109551,13.55109551,0.04181182725,0.609799298,-4.793689962e-07,-4.122573367e-05,1.917475985e-06,-3.547330572e-05,0.609799298,-9.875001322e-05,-4.793689962e-07,-4.122573367e-05,1.917475985e-06,-3.547330572e-05,0.609799298,-9.875001322e-05,0,0,0,0,0,0
2.92,1,1,4.937500661e-05,2.444781881e-05,-7.430219441e-06,4.601942364e-05,0.0193456549,-4.266384066e-05,0,0,0,0,0,0,0.01998940745,0.0004385208204,-0.005478303934,-0.0006437525567,-0.008506866685,-0.07285961039,13.15666674,-0,0.2219251207,0.07285961039,-0.02358650683,-0.11192201,1.019345655,-0.001581371525,13.62474714,0.11192201,0.001581371525,13.71466402,13.71466402,0.04177279638,0.6171598808,-2.396844981e-06,-4.314320966e-05,2.396844981e-06,-3.78701507e-05,0.6171598808,-9.922938222e-05,-2.396844981e-06,-4.314320966e-05,2.396844981e-06,-3.78701507e-05,0.6171598808,-9.922938222e-05,0,0,0,0,0,0
2.93,1,1,4.961469111e-05,2.49271878e-05,-7.669903939e-06,4.601942364e-05,0.01934877079,-4.242415616e-05,0,0,0,0,0,0,0.01999351873,0.0003837320202,-0.005479431063,-0.0006447479318,-0.008520442021,-0.07291686269,13.15721889,-0,0.2219604374,0.07291686269,-0.01822988537,-0.1121053207,1.019348771,-0.001581146422,13.63545332,0.1121053207,0.001581146422,13.7309099,13.7309099,0.04173380156,0.6178909457,-2.876213977e-06,-4.410194765e-05,2.876213977e-06,-3.78701507e-05,0.6178909457,-9.970875121e-05,-2.876213977e-06,-4.410194765e-05,2.876213977e-06,-3.78701507e-05,0.6178909457,-9.970875121e-05,0,0,0,0,0,0
2.94,1,1,4.961469111e-05,2.468750331e-05,-7.430219441e-06,4.625910813e-05,0.01935188669,-4.242415616e-05,0,0,0,0,0,0,0.01999708206,0.0003289326998,-0.005480407971,-0.0006451953651,-0.008526745051,-0.07291218763,13.15777115,-0,0.221995754,0.07291218763,-0.01509979837,-0.11219296,1.019351887,-0.001579579043,13.63457909,0.11219296,0.001579579043,13.73325183,13.73325183,0.04169484975,0.6179963322,-2.876213977e-06,-4.362257866e-05,2.396844981e-06,-3.83495197e-05,0.6179963322,-9.970875121e-05,-2.876213977e-06,-4.362257866e-05,2.396844981e-06,-3.83495197e-05,0.6179963322,-9.970875121e-05,0,0,0,0,0,0
2.95,1,1,4.913532211e-05,2.54065568e-05,-8.149272936e-06,4.601942364e-05,0.01935284543,-4.290352516e-05,0,0,0,0,0,0,0.02000009735,0.0002741243616,-0.00548123463,-0.0006472519193,-0.008554157599,-0.07308929823,13.1579411,-0,0.2220066205,0.07308929823,-0.0091056516,-0.1125551018,1.019352845,-0.001581941331,13.66769877,0.1125551018,0.001581941331,13.77273016,13.77273016,0.04165594195,0.6197728572,-1.917475985e-06,-4.506068564e-05,3.83495197e-06,-3.78701507e-05,0.6197728572,-9.875001322e-05,-1.917475985e-06,-4.506068564e-05,3.83495197e-06,-3.78701507e-05,0.6197728572,-9.875001322e-05,0,0,0,0,0,0
2.96,1,1,4.913532211e-05,2.444781881e-05,-7.909588438e-06,4.601942364e-05,0.01935404385,-4.338289416e-05,0,0,0,0,0,0,0.02000256452,0.0002193085081,-0.005481911019,-0.0006485206668,-0.008571141205,-0.07317738428,13.15815355,-0,0.2220202037,0.07317738428,-0.00592337978,-0.112780392,1.019354044,-0.001582374104,13.68417086,0.112780392,0.001582374104,13.79261025,13.79261025,0.04161708452,0.6206674611,-1.917475985e-06,-4.314320966e-05,3.355582973e-06,-3.78701507e-05,0.6206674611,-9.779127523e-05,-1.917475985e-06,-4.314320966e-05,3.355582973e-06,-3.78701507e-05,0.6206674611,-9.779127523e-05,0,0,0,0,0,0
2.97,1,1,4.841626862e-05,2.444781881e-05,-7.669903939e-06,4.577973914e-05,0.01935668038,-4.314320966e-05,0,0,0,0,0,0,0.0200044835,0.0001644866422,-0.005482437118,-0.0006478031174,-0.008561924608,-0.07304103274,13.158621,-0,0.2220500867,0.07304103274,-0.007291770685,-0.1126631209,1.01935668,-0.001577960426,13.65867312,0.1126631209,0.001577960426,13.76562243,13.76562243,0.04157826038,0.6194530095,-4.793689962e-07,-4.314320966e-05,2.876213977e-06,-3.73907817e-05,0.6194530095,-9.827064422e-05,-4.793689962e-07,-4.314320966e-05,2.876213977e-06,-3.73907817e-05,0.6194530095,-9.827064422e-05,0,0,0,0,0,0
2.98,1,1,4.937500661e-05,2.49271878e-05,-8.388957434e-06,4.577973914e-05,0.01935859786,-4.242415616e-05,0,0,0,0,0,0,0.02000585424,0.0001096602668,-0.005482812914,-0.0006472563791,-0.008554890915,-0.07292396794,13.15896101,-0,0.2220718196,0.07292396794,-0.008096812165,-0.112573476,1.019358598,-0.001573967401,13.63678201,0.112573476,0.001573967401,13.74283264,13.74283264,0.04153946644,0.6184274686,-2.396844981e-06,-4.410194765e-05,4.314320966e-06,-3.73907817e-05,0.6184274686,-9.970875121e-05,-2.396844981e-06,-4.410194765e-05,4.314320966e-06,-3.73907817e-05,0.6184274686,-9.970875121e-05,0,0,0,0,0,0
2.99,1,1,5.03337446e-05,2.468750331e-05,-7.669903939e-06,4.554005464e-05,0.01936243281,-4.266384066e-05,0.001047197551,0,0,0,0,0,0.0200066767,5.483088497e-05,-0.005483038395,-0.0006442438848,-0.008515344776,-0.07252831256,13.15964116,-0,0.2221152853,0.07252831256,-0.01393764719,-0.1120588816,1.019362433,-0.001563978365,13.56279445,0.1120588816,0.001563978365,13.66247966,13.66247966,0.04150069248,0.6148115848,-0.0001090340761,-4.362257866e-05,2.876213977e-06,-3.691141271e-05,0.6148115848,-9.922938222e-05,-0.0001090340761,-4.362257866e-05,2.876213977e-06,-3.691141271e-05,0.6148115848,-9.922938222e-05,0,0,0,0,0,0
3,1,1,4.961469111e-05,2.444781881e-05,-9.587379924e-06,4.577973914e-05,0.01936578839,-4.266384066e-05,0,0,0,0,0,0,0.02000695085,-5.224065314e-14,-0.005483113556,-0.0006411624569,-0.008474825286,-0.07212487684,13.16023643,-0,0.2221533174,0.07212487684,-0.01871546221,-0.1115307045,1.019365788,-0.001553836268,13.48735197,0.1115307045,0.001553836268,13.58172105,13.58172105,0.04146192453,0.6111774471,-2.876213977e-06,-4.314320966e-05,6.711165947e-06,-3.73907817e-05,0.6111774471,-9.922938222e-05,-2.876213977e-06,-4.314320966e-05,6.711165947e-06,-3.73907817e-05,0.6111774471,-9.922938222e-05,0,0,0,0,0,0
3.01,1,1,4.913532211e-05,2.444781881e-05,-8.86832643e-06,4.410194765e-05,0.0193703424,-4.266384066e-05,0,0,0,0,0,0,0.0200066767,-5.483088508e-05,-0.005483038395,-0.0006363342964,-0.008411251878,-0.07152412994,13.16104451,-0,0.2222049322,0.07152412994,-0.02607751851,-0.1107008604,1.019370342,-0.001539466731,13.3750123,0.1107008604,0.001539466731,13.46117511,13.46117511,0.04142314671,0.6057528798,-1.917475985e-06,-4.314320966e-05,5.273058958e-06,-3.403519873e-05,0.6057528798,-9.922938222e-05,-1.917475985e-06,-4.314320966e-05,5.273058958e-06,-3.403519873e-05,0.6057528798,-9.922938222e-05,0,0,0,0,0,0
3.02,1,1,4.961469111e-05,2.444781881e-05,-8.86832643e-06,4.577973914e-05,0.01937225988,-4.314320966e-05,0,0,0,0,0,0,0.02000585424,-0.0001096602669,-0.005482812914,-0.0006335943627,-0.008375096414,-0.0711592999,13.16138483,-0,0.2222266645,0.0711592999,-0.02795179466,-0.1102278668,1.01937226,-0.001530186805,13.30678908,0.1102278668,0.001530186805,13.39059534,13.39059534,0.04138438341,0.6025767903,-2.876213977e-06,-4.314320966e-05,5.273058958e-06,-3.73907817e-05,0.6025767903,-9.827064422e-05,-2.876213977e-06,-4.314320966e-05,5.273058958e-06,-3.73907817e-05,0.6025767903,-9.827064422e-05,0,0,0,0,0,0
3.03,1,1,4.961469111e-05,2.420813431e-05,-8.149272936e-06,4.601942364e-05,0.01937465672,-4.338289416e-05,0,0,0,0,0,0,0.0200044835,-0.0001644866423,-0.005482437118,-0.0006298267801,-0.00832535213,-0.07067840274,13.16181028,-0,0.2222538299,0.07067840274,-0.03157323439,-0.1095767052,1.019374657,-0.00151842966,13.21686131,0.1095767052,0.00151842966,13.29638321,13.29638321,0.04134562661,0.5983372446,-2.876213977e-06,-4.266384066e-05,3.83495197e-06,-3.78701507e-05,0.5983372446,-9.779127523e-05,-2.876213977e-06,-4.266384066e-05,3.83495197e-06,-3.78701507e-05,0.5983372446,-9.779127523e-05,0,0,0,0,0,0
3.04,1,1,5.05734291e-05,2.396844981e-05,-7.669903939e-06,4.554005464e-05,0.01937753293,-4.314320966e-05,0,0,0,0,0,0,0.02000256452,-0.0002193085082,-0.005481911019,-0.000625031586,-0.008262019331,-0.07008146419,13.16232091,-0,0.2222864282,0.07008146419,-0.03669892646,-0.1087473498,1.019377533,-0.001504202536,13.1052338,0.1087473498,0.001504202536,13.17878643,13.17878643,0.04130686941,0.5930453893,-4.793689962e-06,-4.218447167e-05,2.876213977e-06,-3.691141271e-05,0.5930453893,-9.827064422e-05,-4.793689962e-06,-4.218447167e-05,2.876213977e-06,-3.691141271e-05,0.5930453893,-9.827064422e-05,0,0,0,0,0,0
3.05,1,1,4.913532211e-05,2.420813431e-05,-8.628641932e-06,4.577973914e-05,0.01937873136,-4.386226315e-05,0,0,0,0,0,0,0.02000009735,-0.0002741243617,-0.00548123463,-0.0006213659935,-0.008213492675,-0.06961214084,13.1625337,-0,0.2223000107,0.06961214084,-0.03854470517,-0.1081103741,1.019378731,-0.001492730885,13.01747034,0.1081103741,0.001492730885,13.08852874,13.08852874,0.04126811252,0.5889837931,-1.917475985e-06,-4.266384066e-05,4.793689962e-06,-3.73907817e-05,0.5889837931,-9.683253724e-05,-1.917475985e-06,-4.266384066e-05,4.793689962e-06,-3.73907817e-05,0.5889837931,-9.683253724e-05,0,0,0,0,0,0
3.06,1,1,4.937500661e-05,2.468750331e-05,-8.628641932e-06,4.530037014e-05,0.01937873136,-4.410194765e-05,0,0,0,0,0,0,0.01999708206,-0.0003289326999,-0.005480407971,-0.0006183507013,-0.008173465191,-0.06921628381,13.1625337,-0,0.2223000107,0.06921628381,-0.03873423619,-0.107583511,1.019378731,-0.001482848774,12.94344507,0.107583511,0.001482848774,13.0137772,13.0137772,0.04122936385,0.5856199738,-2.396844981e-06,-4.362257866e-05,4.793689962e-06,-3.643204371e-05,0.5856199738,-9.635316824e-05,-2.396844981e-06,-4.362257866e-05,4.793689962e-06,-3.643204371e-05,0.5856199738,-9.635316824e-05,0,0,0,0,0,0
3.07,1,1,4.961469111e-05,2.54065568e-05,-8.149272936e-06,4.673847713e-05,0.01937873136,-4.290352516e-05,0,0,0,0,0,0,0.01999351873,-0.0003837320203,-0.005479431063,-0.0006147873696,-0.008126164741,-0.0687585578,13.1625337,-0,0.2223000107,0.0687585578,-0.03999814558,-0.1069609172,1.019378731,-0.001471658685,12.85785031,0.1069609172,0.001471658685,12.92628474,12.92628474,0.04119062263,0.5816828133,-2.876213977e-06,-4.506068564e-05,3.83495197e-06,-3.930825769e-05,0.5816828133,-9.875001322e-05,-2.876213977e-06,-4.506068564e-05,3.83495197e-06,-3.930825769e-05,0.5816828133,-9.875001322e-05,0,0,0,0,0,0
3.08,1,1,4.937500661e-05,2.49271878e-05,-8.149272936e-06,4.482100115e-05,0.01937897104,-4.338289416e-05,0,0,0,0,0,0,0.01998940745,-0.0004385208205,-0.005478303934,-0.0006104364115,-0.008068438844,-0.06821192056,13.16257626,-0,0.2223027272,0.06821192056,-0.04269721094,-0.1062014416,1.019378971,-0.001458586644,12.75562914,0.1062014416,0.001458586644,12.82059196,12.82059196,0.04115188466,0.5769266383,-2.396844981e-06,-4.410194765e-05,3.83495197e-06,-3.547330572e-05,0.5769266383,-9.779127523e-05,-2.396844981e-06,-4.410194765e-05,3.83495197e-06,-3.547330572e-05,0.5769266383,-9.779127523e-05,0,0,0,0,0,0
3.09,1,1,4.913532211e-05,2.468750331e-05,-7.669903939e-06,4.506068564e-05,0.01938040915,-4.314320966e-05,0,0,0,0,0,0,0.01998474835,-0.0004932975983,-0.005477026615,-0.0006043392017,-0.007987670588,-0.06746815208,13.16283163,-0,0.2223190262,0.06746815208,-0.04857400383,-0.1051403631,1.019380409,-0.001441328483,12.61654444,0.1051403631,0.001441328483,12.67455213,12.67455213,0.0411131403,0.5703548457,-1.917475985e-06,-4.362257866e-05,2.876213977e-06,-3.595267472e-05,0.5703548457,-9.827064422e-05,-1.917475985e-06,-4.362257866e-05,2.876213977e-06,-3.595267472e-05,0.5703548457,-9.827064422e-05,0,0,0,0,0,0
3.1,1,1,5.03337446e-05,2.49271878e-05,-8.149272936e-06,4.530037014e-05,0.01938088852,-4.314320966e-05,0,0,0,0,0,0,0.01997954155,-0.0005480608522,-0.00547559914,-0.0005986530286,-0.007912257099,-0.06677086283,13.16291676,-0,0.2223244592,0.06677086283,-0.05244307183,-0.1041483816,1.019380889,-0.001425089027,12.48615135,0.1041483816,0.001425089027,12.53928175,12.53928175,0.04107438284,0.5642676787,-4.314320966e-06,-4.410194765e-05,3.83495197e-06,-3.643204371e-05,0.5642676787,-9.827064422e-05,-4.314320966e-06,-4.410194765e-05,3.83495197e-06,-3.643204371e-05,0.5642676787,-9.827064422e-05,0,0,0,0,0,0
3.11,1,1,4.913532211e-05,2.51668723e-05,-8.388957434e-06,4.506068564e-05,0.0193811282,-4.266384066e-05,0,0,0,0,0,0,0.01997378718,-0.0006028090807,-0.005474021548,-0.0005926589813,-0.007832737268,-0.06603888428,13.16295933,-0,0.2223271757,0.06603888428,-0.05614601244,-0.1031020021,1.019381128,-0.001408136857,12.34927136,0.1031020021,0.001408136857,12.39763549,12.39763549,0.0410356127,0.5578935969,-1.917475985e-06,-4.458131665e-05,4.314320966e-06,-3.595267472e-05,0.5578935969,-9.922938222e-05,-1.917475985e-06,-4.458131665e-05,4.314320966e-06,-3.595267472e-05,0.5578935969,-9.922938222e-05,0,0,0,0,0,0
3.12,1,1,4.841626862e-05,2.51668723e-05,-8.388957434e-06,4.625910813e-05,0.01938088852,-4.266384066e-05,0,0,0,0,0,0,0.01996748542,-0.000657540783,-0.005472293884,-0.0005865969021,-0.007752269913,-0.06529930112,13.16291676,-0,0.2223244592,0.06529930112,-0.05937697481,-0.1020424836,1.019380889,-0.001391050499,12.21096931,0.1020424836,0.001391050499,12.25502587,12.25502587,0.04099683216,0.5514761641,-4.793689962e-07,-4.458131665e-05,4.314320966e-06,-3.83495197e-05,0.5514761641,-9.922938222e-05,-4.793689962e-07,-4.458131665e-05,4.314320966e-06,-3.83495197e-05,0.5514761641,-9.922938222e-05,0,0,0,0,0,0
3.13,1,1,4.769721512e-05,2.468750331e-05,-8.149272936e-06,4.601942364e-05,0.01938088852,-4.218447167e-05,0,0,0,0,0,0,0.01996063643,-0.0007122544583,-0.005470416194,-0.0005797479102,-0.007661394376,-0.06447097702,13.16291676,-0,0.2223244592,0.06447097702,-0.06369745661,-0.1008462965,1.019380889,-0.001372105535,12.0560727,0.1008462965,0.001372105535,12.09459365,12.09459365,0.04095803797,0.5442567141,9.587379924e-07,-4.362257866e-05,3.83495197e-06,-3.78701507e-05,0.5442567141,-0.0001001881202,9.587379924e-07,-4.362257866e-05,3.83495197e-06,-3.78701507e-05,0.5442567141,-0.0001001881202,0,0,0,0,0,0
3.14,1,1,4.937500661e-05,2.51668723e-05,-7.669903939e-06,4.601942364e-05,0.01938088852,-4.242415616e-05,0,0,0,0,0,0,0.01995324039,-0.0007669486069,-0.00546838853,-0.000572351878,-0.007563270169,-0.0635810118,13.16291676,-0,0.2223244592,0.0635810118,-0.06834980929,-0.09955469569,1.019380889,-0.001351882712,11.88964921,0.09955469569,0.001351882712,11.92220598,11.92220598,0.04091922488,0.5364992689,-2.396844981e-06,-4.458131665e-05,2.876213977e-06,-3.78701507e-05,0.5364992689,-9.970875121e-05,-2.396844981e-06,-4.458131665e-05,2.876213977e-06,-3.78701507e-05,0.5364992689,-9.970875121e-05,0,0,0,0,0,0
3.15,1,1,4.841626862e-05,2.58859258e-05,-8.149272936e-06,4.506068564e-05,0.01938064883,-4.242415616e-05,0,0,0,-0.001047197551,0,0,0.01994529753,-0.0008216217292,-0.005466210947,-0.0005646486927,-0.007461057156,-0.06265649732,13.1628742,-0,0.2223217427,0.06265649732,-0.07280304487,-0.09820895672,1.019380649,-0.001330960575,11.716765,0.09820895672,0.001330960575,11.74350187,11.74350187,0.04088039086,0.5284575842,-4.793689962e-07,-4.601942364e-05,3.83495197e-06,6.87670804e-05,0.5284575842,-9.970875121e-05,-4.793689962e-07,-4.601942364e-05,3.83495197e-06,6.87670804e-05,0.5284575842,-9.970875121e-05,0,0,0,0,0,0
3.16,1,1,4.985437561e-05,2.56462413e-05,-7.909588438e-06,4.554005464e-05,0.01938040915,-4.266384066e-05,0,0,0,0,0,0,0.01993680804,-0.0008762723263,-0.005463883505,-0.0005563988875,-0.007351605667,-0.06167042756,13.16283163,-0,0.2223190262,0.06167042756,-0.07753739033,-0.09676794762,1.019380409,-0.001308768679,11.53236995,0.09676794762,0.001308768679,11.55290928,11.55290928,0.04084153282,0.5198809176,-3.355582973e-06,-4.554005464e-05,3.355582973e-06,-3.691141271e-05,0.5198809176,-9.922938222e-05,-3.355582973e-06,-4.554005464e-05,3.355582973e-06,-3.691141271e-05,0.5198809176,-9.922938222e-05,0,0,0,0,0,0
3.17,1,1,4.865595312e-05,2.54065568e-05,-8.628641932e-06,4.601942364e-05,0.01937969009,-4.218447167e-05,0,0,0,0,0,0,0.01992777216,-0.0009308989,-0.005461406268,-0.0005480820642,-0.007241231157,-0.06067693422,13.16270394,-0,0.2223108767,0.06067693422,-0.08154181904,-0.0953141819,1.01937969,-0.001286457239,11.3465867,0.0953141819,0.001286457239,11.36164552,11.36164552,0.04080265024,0.5112740484,-9.587379924e-07,-4.506068564e-05,4.793689962e-06,-3.78701507e-05,0.5112740484,-0.0001001881202,-9.587379924e-07,-4.506068564e-05,4.793689962e-06,-3.78701507e-05,0.5112740484,-0.0001001881202,0,0,0,0,0,0
3.18,1,1,4.961469111e-05,2.51668723e-05,-7.909588438e-06,4.601942364e-05,0.01937945041,-4.338289416e-05,0,0,0,0,0,0,0.01991819014,-0.0009854999526,-0.005458779304,-0.0005387397325,-0.007117319982,-0.05956790021,13.16266138,-0,0.2223081602,0.05956790021,-0.08686754386,-0.09368287286,1.01937945,-0.001261738991,11.13919734,0.09368287286,0.001261738991,11.14727441,11.14727441,0.04076373899,0.5016273483,-2.876213977e-06,-4.458131665e-05,3.355582973e-06,-3.78701507e-05,0.5016273483,-9.779127523e-05,-2.876213977e-06,-4.458131665e-05,3.355582973e-06,-3.78701507e-05,0.5016273483,-9.779127523e-05,0,0,0,0,0,0
3.19,1,1,5.08131136e-05,2.54065568e-05,-8.149272936e-06,4.601942364e-05,0.01937897104,-4.362257866e-05,0,0,0,0,0,0,0.01990806225,-0.001040073987,-0.005456002685,-0.0005290912087,-0.006989343205,-0.05842450362,13.16257626,-0,0.2223027272,0.05842450362,-0.09195078567,-0.09199776293,1.019378971,-0.001236336988,10.92538218,0.09199776293,0.001236336988,10.92666549,10.92666549,0.04072479868,0.4916999471,-5.273058958e-06,-4.506068564e-05,3.83495197e-06,-3.78701507e-05,0.4916999471,-9.731190623e-05,-5.273058958e-06,-4.506068564e-05,3.83495197e-06,-3.78701507e-05,0.4916999471,-9.731190623e-05,0,0,0,0,0,0
3.2,1,1,5.03337446e-05,2.51668723e-05,-8.388957434e-06,4.577973914e-05,0.01937873136,-4.218447167e-05,0,0,0,0,0,0,0.01989738876,-0.001094619508,-0.005453076486,-0.0005186574013,-0.006850997791,-0.05719273266,13.1625337,-0,0.2223000107,0.05719273266,-0.09767742476,-0.09017648929,1.019378731,-0.001209112539,10.69504101,0.09017648929,0.001209112539,10.68874919,10.68874919,0.04068582431,0.4809937133,-4.314320966e-06,-4.458131665e-05,4.314320966e-06,-3.73907817e-05,0.4809937133,-0.0001001881202,-4.314320966e-06,-4.458131665e-05,4.314320966e-06,-3.73907817e-05,0.4809937133,-0.0001001881202,0,0,0,0,0,0
3.21,1,1,4.985437561e-05,2.51668723e-05,-7.669903939e-06,4.601942364e-05,0.0193780123,-4.170510267e-05,0,0,0,0,0,0,0.01988616996,-0.001149135019,-0.005450000789,-0.0005081576566,-0.006711755363,-0.05595373795,13.16240602,-0,0.2222918612,0.05595373795,-0.1024486454,-0.08834284921,1.019378012,-0.001181783293,10.463349,0.08834284921,0.001181783293,10.45042498,10.45042498,0.04064681493,0.4702691242,-3.355582973e-06,-4.458131665e-05,2.876213977e-06,-3.78701507e-05,0.4702691242,-0.0001011468582,-3.355582973e-06,-4.458131665e-05,2.876213977e-06,-3.78701507e-05,0.4702691242,-0.0001011468582,0,0,0,0,0,0
3.22,1,1,4.961469111e-05,2.612561029e-05,-7.669903939e-06,4.625910813e-05,0.01937705356,-4.338289416e-05,0,0,0,0,0,0,0.01987440616,-0.001203619025,-0.005446775677,-0.0004973525975,-0.006568468387,-0.054680538,13.1622358,-0,0.2222809951,0.054680538,-0.1069581583,-0.08645572973,1.019377054,-0.001153781084,10.22526061,0.08645572973,0.001153781084,10.20591196,10.20591196,0.04060777131,0.4592660381,-2.876213977e-06,-4.649879263e-05,2.876213977e-06,-3.83495197e-05,0.4592660381,-9.779127523e-05,-2.876213977e-06,-4.649879263e-05,2.876213977e-06,-3.83495197e-05,0.4592660381,-9.779127523e-05,0,0,0,0,0,0
3.23,1,1,4.961469111e-05,2.58859258e-05,-7.430219441e-06,4.554005464e-05,0.01937681388,-4.434163215e-05,0,0,0,0,0,0,0.01986209769,-0.001258070034,-0.00544340124,-0.0004852838085,-0.006408525508,-0.0532651188,13.16219324,-0,0.2222782786,0.0532651188,-0.1132190369,-0.08435025113,1.019376814,-0.001122833191,9.960577215,0.08435025113,0.001122833191,9.932831262,9.932831262,0.04056868977,0.4469774068,-2.876213977e-06,-4.601942364e-05,2.396844981e-06,-3.691141271e-05,0.4469774068,-9.587379924e-05,-2.876213977e-06,-4.601942364e-05,2.396844981e-06,-3.691141271e-05,0.4469774068,-9.587379924e-05,0,0,0,0,0,0
3.24,1,1,4.985437561e-05,2.58859258e-05,-7.190534943e-06,4.625910813e-05,0.01937561546,-4.434163215e-05,0,0,0,0.001047197551,0,0,0.01984924488,-0.001312486553,-0.005439877568,-0.0004736294187,-0.006254018261,-0.05189667782,13.16198048,-0,0.222264696,0.05189667782,-0.1176195029,-0.08231526626,1.019375615,-0.001092929127,9.704678753,0.08231526626,0.001092929127,9.670467446,9.670467446,0.04052957273,0.4351710351,-3.355582973e-06,-4.601942364e-05,1.917475985e-06,-0.0001430692748,0.4351710351,-9.587379924e-05,-3.355582973e-06,-4.601942364e-05,1.917475985e-06,-0.0001430692748,0.4351710351,-9.587379924e-05,0,0,0,0,0,0
3.25,1,1,4.889563761e-05,2.468750331e-05,-7.909588438e-06,4.577973914e-05,0.01937417735,-4.434163215e-05,0,0,0,0,0,0,0.01983584808,-0.001366867089,-0.00543620476,-0.0004616707269,-0.006095490581,-0.05049420972,13.16172518,-0,0.2222483968,0.05049420972,-0.1217067111,-0.08022717188,1.019374177,-0.001062363429,9.442417218,0.08022717188,0.001062363429,9.402000042,9.402000042,0.04049041815,0.4230900019,-1.438106989e-06,-4.362257866e-05,3.355582973e-06,-3.73907817e-05,0.4230900019,-9.587379924e-05,-1.438106989e-06,-4.362257866e-05,3.355582973e-06,-3.73907817e-05,0.4230900019,-9.587379924e-05,0,0,0,0,0,0
3.26,1,1,4.961469111e-05,2.396844981e-05,-7.669903939e-06,4.530037014e-05,0.01937393767,-4.242415616e-05,0,0,0,0,0,0,0.01982190766,-0.001421210151,-0.005432382915,-0.0004479699934,-0.005914023394,-0.04889575725,13.16168263,-0,0.2222456803,0.04889575725,-0.1286862356,-0.07783849901,1.019373938,-0.001027737026,9.143506606,0.07783849901,0.001027737026,9.093686606,9.093686606,0.04045122451,0.4092158973,-2.876213977e-06,-4.218447167e-05,2.876213977e-06,-3.643204371e-05,0.4092158973,-9.970875121e-05,-2.876213977e-06,-4.218447167e-05,2.876213977e-06,-3.643204371e-05,0.4092158973,-9.970875121e-05,0,0,0,0,0,0
3.27,1,1,5.03337446e-05,2.468750331e-05,-6.950850445e-06,4.530037014e-05,0.01937321861,-4.290352516e-05,0,0,0,0,0,0,0.019807424,-0.001475514251,-0.005428412139,-0.0004342053918,-0.005731708633,-0.04729045878,13.161555,-0,0.2222375307,0.04729045878,-0.1345525299,-0.07543819841,1.019373219,-0.0009930300327,8.843315791,0.07543819841,0.0009930300327,8.78519449,8.78519449,0.04041198935,0.3953337521,-4.314320966e-06,-4.362257866e-05,1.438106989e-06,-3.643204371e-05,0.3953337521,-9.875001322e-05,-4.314320966e-06,-4.362257866e-05,1.438106989e-06,-3.643204371e-05,0.3953337521,-9.875001322e-05,0,0,0,0,0,0
3.28,1,1,5.08131136e-05,2.420813431e-05,-8.388957434e-06,4.601942364e-05,0.01937202019,-4.290352516e-05,0,0,0,0,0,0,0.01979239751,-0.001529777898,-0.00542429254,-0.0004203773192,-0.005548555646,-0.04567836511,13.16134228,-0,0.222223948,0.04567836511,-0.1394624206,-0.07302644003,1.01937202,-0.0009582441754,8.541854275,0.07302644003,0.0009582441754,8.476376539,8.476376539,0.04037271436,0.3814369442,-5.273058958e-06,-4.266384066e-05,4.314320966e-06,-3.78701507e-05,0.3814369442,-9.875001322e-05,-5.273058958e-06,-4.266384066e-05,4.314320966e-06,-3.78701507e-05,0.3814369442,-9.875001322e-05,0,0,0,0,0,0
3.29,1,1,4.985437561e-05,2.54065568e-05,-8.628641932e-06,4.577973914e-05,0.01937178051,-4.314320966e-05,0,0,0,0,0,0,0.01977682859,-0.001583999606,-0.005420024231,-0.0004050480806,-0.005345646828,-0.0438976078,13.16129974,-0,0.2222212314,0.0438976078,-0.1465401428,-0.07035566023,1.019371781,-0.00091999027,8.208852658,0.07035566023,0.00091999027,8.133588165,8.133588165,0.04033339771,0.3660114674,-3.355582973e-06,-4.506068564e-05,4.793689962e-06,-3.73907817e-05,0.3660114674,-9.827064422e-05,-3.355582973e-06,-4.506068564e-05,4.793689962e-06,-3.73907817e-05,0.3660114674,-9.827064422e-05,0,0,0,0,0,0
3.3,1,1,5.03337446e-05,2.54065568e-05,-8.149272936e-06,4.601942364e-05,0.01936914398,-4.386226315e-05,0,0,0,0,0,0,0.01976071766,-0.001638177887,-0.00541560733,-0.0003915736858,-0.005167155789,-0.04232607692,13.16083184,-0,0.2221913494,0.04232607692,-0.1486014169,-0.06800406841,1.019369144,-0.0008861847906,7.914976384,0.06800406841,0.0008861847906,7.83526522,7.83526522,0.04029404578,0.3525869349,-4.314320966e-06,-4.506068564e-05,3.83495197e-06,-3.78701507e-05,0.3525869349,-9.683253724e-05,-4.314320966e-06,-4.506068564e-05,3.83495197e-06,-3.78701507e-05,0.3525869349,-9.683253724e-05,0,0,0,0,0,0
3.31,1,1,4.985437561e-05,2.51668723e-05,-7.190534943e-06,4.601942364e-05,0.01936794555,-4.314320966e-05,0,0,0,0,0,0,0.01974406518,-0.001692311257,-0.005411041957,-0.0003761196245,-0.004962620687,-0.04053208427,13.16061918,-0,0.2221777666,0.04053208427,-0.1542311118,-0.06531116099,1.019367946,-0.0008477924266,7.579499759,0.06531116099,0.0008477924266,7.491427601,7.491427601,0.0402546574,0.337114242,-3.355582973e-06,-4.458131665e-05,1.917475985e-06,-3.78701507e-05,0.337114242,-9.827064422e-05,-3.355582973e-06,-4.458131665e-05,1.917475985e-06,-3.78701507e-05,0.337114242,-9.827064422e-05,0,0,0,0,0,0
3.32,1,1,4.913532211e-05,2.612561029e-05,-8.388957434e-06,4.554005464e-05,0.01936602808,-4.338289416e-05,0,0,0,-0.001047197551,0,0,0.01972687159,-0.001746398232,-0.005406328237,-0.0003608435138,-0.004760442594,-0.0387585525,13.16027896,-0,0.222156034,0.0387585525,-0.1583999053,-0.0626487525,1.019366028,-0.0008098993352,7.247849318,0.0626487525,0.0008098993352,7.152908065,7.152908065,0.0402152329,0.3218808629,-1.917475985e-06,-4.649879263e-05,4.314320966e-06,6.780834241e-05,0.3218808629,-9.779127523e-05,-1.917475985e-06,-4.649879263e-05,4.314320966e-06,6.780834241e-05,0.3218808629,-9.779127523e-05,0,0,0,0,0,0
3.33,1,1,4.841626862e-05,2.684466379e-05,-7.669903939e-06,4.577973914e-05,0.01936482966,-4.314320966e-05,0,0,0,0,0,0,0.01970913737,-0.001800437328,-0.005401466301,-0.000344307718,-0.004541706619,-0.03684373971,13.16006634,-0,0.2221424511,0.03684373971,-0.1642707231,-0.05976916042,1.01936483,-0.0007691302712,6.889779326,0.05976916042,0.0007691302712,6.786046893,6.786046893,0.04017577237,0.3053721102,-4.793689962e-07,-4.793689962e-05,2.876213977e-06,-3.73907817e-05,0.3053721102,-9.827064422e-05,-4.793689962e-07,-4.793689962e-05,2.876213977e-06,-3.73907817e-05,0.3053721102,-9.827064422e-05,0,0,0,0,0,0
3.34,1,1,4.985437561e-05,2.54065568e-05,-7.669903939e-06,4.554005464e-05,0.01936315186,-4.242415616e-05,0,0,0,0,0,0,0.01969086301,-0.001854427064,-0.00539645628,-0.0003277111457,-0.004322195893,-0.03492258625,13.15976871,-0,0.222123435,0.03492258625,-0.1694865366,-0.05687909827,1.019363152,-0.0007283064237,6.530523629,0.05687909827,0.0007283064237,6.418644498,6.418644498,0.04013628116,0.2888390024,-3.355582973e-06,-4.506068564e-05,2.876213977e-06,-3.691141271e-05,0.2888390024,-9.970875121e-05,-3.355582973e-06,-4.506068564e-05,2.876213977e-06,-3.691141271e-05,0.2888390024,-9.970875121e-05,0,0,0,0,0,0
3.35,1,1,4.937500661e-05,2.660497929e-05,-7.909588438e-06,4.554005464e-05,0.01936003597,-4.290352516e-05,0,0,0,0,0,0,0.019672049,-0.00190836596,-0.005391298313,-0.0003120130361,-0.004114538229,-0.03310296044,13.15921605,-0,0.2220881193,0.03310296044,-0.1718292957,-0.05414409749,1.019360036,-0.0006896744784,6.190253602,0.05414409749,0.0006896744784,6.073258078,6.073258078,0.04009676126,0.2732966135,-2.396844981e-06,-4.745753063e-05,3.355582973e-06,-3.691141271e-05,0.2732966135,-9.875001322e-05,-2.396844981e-06,-4.745753063e-05,3.355582973e-06,-3.691141271e-05,0.2732966135,-9.875001322e-05,0,0,0,0,0,0
3.36,1,1,5.00940601e-05,2.756371728e-05,-7.669903939e-06,4.649879263e-05,0.01935739944,-4.338289416e-05,0,0,0,0,0,0,0.01965269586,-0.001962252538,-0.005385992541,-0.0002952964289,-0.003893512236,-0.03116928997,13.1587485,-0,0.2220582365,0.03116928997,-0.1757024298,-0.05123374828,1.019357399,-0.000648744234,5.828657225,0.05123374828,0.000648744234,5.704837287,5.704837287,0.04005721518,0.2567176779,-3.83495197e-06,-4.937500661e-05,2.876213977e-06,-3.882888869e-05,0.2567176779,-9.779127523e-05,-3.83495197e-06,-4.937500661e-05,2.876213977e-06,-3.882888869e-05,0.2567176779,-9.779127523e-05,0,0,0,0,0,0
3.37,1,1,4.937500661e-05,2.54065568e-05,-7.669903939e-06,4.506068564e-05,0.01935476291,-4.314320966e-05,0,0,0,0,0,0,0.01963280413,-0.002016085319,-0.005380539109,-0.0002780412236,-0.003665438863,-0.02917559327,13.15828103,-0,0.2220283536,0.02917559327,-0.179943637,-0.04823087464,1.019354763,-0.0006066454286,5.455835941,0.04823087464,0.0006066454286,5.324729824,5.324729824,0.04001764842,0.2396128421,-2.396844981e-06,-4.506068564e-05,2.876213977e-06,-3.595267472e-05,0.2396128421,-9.827064422e-05,-2.396844981e-06,-4.506068564e-05,2.876213977e-06,-3.595267472e-05,0.2401859912,-9.827064422e-05,0,0,0,0,1,0
3.38,1,1,4.889563761e-05,2.58859258e-05,-7.430219441e-06,4.625910813e-05,0.01935140732,-4.314320966e-05,0,0,0,0,0,0,0.01961237434,-0.002069862828,-0.005374938166,-0.0002609670192,-0.003439792152,-0.02720277351,13.15768618,-0,0.2219903207,0.02720277351,-0.1832836318,-0.04525970565,1.019351407,-0.0005650615722,5.086918647,0.04525970565,0.0005650615722,4.949459782,4.949459782,0.03997806004,0.2227256902,-1.438106989e-06,-4.601942364e-05,2.396844981e-06,-3.83495197e-05,0.2227256902,-9.827064422e-05,-1.438106989e-06,-4.601942364e-05,2.396844981e-06,-3.83495197e-05,0.2227256902,-9.827064422e-05,0,0,0,0,0,0
3.39,1,1,5.03337446e-05,2.56462413e-05,-7.669903939e-06,4.506068564e-05,0.01934805174,-4.338289416e-05,0,0,0,0,0,0,0.01959140706,-0.002123583591,-0.005369189867,-0.0002433553222,-0.003207123455,-0.02517010223,13.15709146,-0,0.2219522874,0.02517010223,-0.1868878195,-0.04219641662,1.019348052,-0.0005223171972,4.706809117,0.04219641662,0.0005223171972,4.562640031,4.562640031,0.03993845618,0.2053188014,-4.314320966e-06,-4.554005464e-05,2.876213977e-06,-3.595267472e-05,0.2053188014,-9.779127523e-05,-4.314320966e-06,-4.554005464e-05,2.876213977e-06,-3.595267472e-05,0.2053188014,-9.779127523e-05,0,0,0,0,0,0
3.4,1,1,4.961469111e-05,2.51668723e-05,-8.149272936e-06,4.506068564e-05,0.0193439771,-4.314320966e-05,0,0,0,0,0,0,0.01956990287,-0.002177246135,-0.00536329437,-0.0002259257609,-0.002976906522,-0.0231584472,13.15636948,-0,0.2219061039,0.0231584472,-0.1894547769,-0.0391652821,1.019343977,-0.0004800918348,4.330629626,0.0391652821,0.0004800918348,4.180820223,4.180820223,0.03989883625,0.18813691,-2.876213977e-06,-4.458131665e-05,3.83495197e-06,-3.595267472e-05,0.18813691,-9.827064422e-05,-2.876213977e-06,-4.458131665e-05,3.83495197e-06,-3.595267472e-05,0.18813691,-9.827064422e-05,0,0,0,0,0,0
3.41,1,1,4.985437561e-05,2.56462413e-05,-8.628641932e-06,4.601942364e-05,0.01934014215,-4.338289416e-05,0,0,0,0,0,0,0.01954786234,-0.002230848988,-0.005357251834,-0.0002077201869,-0.002736540911,-0.02106020964,13.15569014,-0,0.2218626367,0.02106020964,-0.1931495014,-0.03600108427,1.019340142,-0.000436156934,3.938259202,0.03600108427,0.000436156934,3.781546942,3.781546942,0.03985920679,0.1701696124,-3.355582973e-06,-4.554005464e-05,4.793689962e-06,-3.78701507e-05,0.1701696124,-9.779127523e-05,-3.355582973e-06,-4.554005464e-05,4.793689962e-06,-3.78701507e-05,0.1701696124,-9.779127523e-05,0,0,0,0,0,0
3.42,1,1,4.961469111e-05,2.58859258e-05,-8.628641932e-06,4.577973914e-05,0.01933654688,-4.314320966e-05,0,0,0,0,0,0,0.01952528609,-0.002284390682,-0.005351062427,-0.0001887392044,-0.002486041326,-0.01887552422,13.15505341,-0,0.2218218859,0.01887552422,-0.1977729118,-0.03270400644,1.019336547,-0.0003905206631,3.529723029,0.03270400644,0.0003905206631,3.365044644,3.365044644,0.03981957047,0.151427009,-2.876213977e-06,-4.601942364e-05,4.793689962e-06,-3.73907817e-05,0.151427009,-9.827064422e-05,-2.876213977e-06,-4.601942364e-05,4.793689962e-06,-3.73907817e-05,0.151427009,-9.827064422e-05,0,0,0,0,0,0
3.43,1,1,4.985437561e-05,2.612561029e-05,-8.149272936e-06,4.577973914e-05,0.01933103414,-4.290352516e-05,0,0,0,0,0,0,0.01950217473,-0.002337869748,-0.005344726318,-0.0001711405929,-0.002253798633,-0.01684661729,13.15407739,-0,0.2217594009,0.01684661729,-0.1986436446,-0.02964664163,1.019331034,-0.0003481933879,3.150317433,0.02964664163,0.0003481933879,2.981668624,2.981668624,0.03977993244,0.1341750881,-3.355582973e-06,-4.649879263e-05,3.83495197e-06,-3.73907817e-05,0.1341750881,-9.875001322e-05,-3.355582973e-06,-4.649879263e-05,3.83495197e-06,-3.73907817e-05,0.1341750881,-9.875001322e-05,0,0,0,0,0,0
3.44,1,1,4.985437561e-05,2.54065568e-05,-8.388957434e-06,4.625910813e-05,0.01932624045,-4.290352516e-05,0,0,0,0,0,0,0.01947852891,-0.00239128472,-0.00533824368,-0.0001522884565,-0.002005143809,-0.01467763004,13.15322896,-0,0.2217050655,0.01467763004,-0.2020200798,-0.0263741156,1.01932624,-0.000303058716,2.744716818,0.0263741156,0.000303058716,2.569373913,2.569373913,0.03974029802,0.1156218261,-3.355582973e-06,-4.506068564e-05,4.314320966e-06,-3.83495197e-05,0.1156218261,-9.875001322e-05,-3.355582973e-06,-4.506068564e-05,4.314320966e-06,-3.83495197e-05,0.1156218261,-9.875001322e-05,0,0,0,0,0,0
3.45,1,1,4.889563761e-05,2.612561029e-05,-8.149272936e-06,4.530037014e-05,0.01931833086,-4.266384066e-05,0,0,0,0,0,0,0.01945434926,-0.002444634134,-0.005331614692,-0.0001360183954,-0.001790531793,-0.01279890947,13.15182962,-0,0.2216154111,0.01279890947,-0.1994668325,-0.02354876907,1.019318331,-0.0002639999705,2.393396071,0.02354876907,0.0002639999705,2.217742007,2.217742007,0.0397006758,0.09979839033,-1.438106989e-06,-4.649879263e-05,3.83495197e-06,-3.643204371e-05,0.09979839033,-9.922938222e-05,-1.438106989e-06,-4.649879263e-05,3.83495197e-06,-3.643204371e-05,0.09979839033,-9.922938222e-05,0,0,0,0,0,0
3.46,1,1,4.937500661e-05,2.612561029e-05,-8.149272936e-06,4.649879263e-05,0.01930826411,-4.266384066e-05,0,0,0,0,-0.001047197551,0,0.01942963645,-0.002497916527,-0.005324839535,-0.0001213723346,-0.001597357624,-0.0121500094,13.15004968,-0,0.2215013035,0.01110281185,-0.1938933775,-0.02100533211,1.020355736,-0.0002508751646,2.272051758,0.02100533211,0.0002508751646,2.099414588,2.099414588,0.03966107526,0.09447365646,-2.396844981e-06,-4.649879263e-05,3.83495197e-06,-3.882888869e-05,0.09447365646,-9.922938222e-05,-2.396844981e-06,-4.649879263e-05,3.83495197e-06,-3.882888869e-05,0.09447365646,-9.922938222e-05,0,0,0,0,0,0
3.47,1,1,4.913532211e-05,2.636529479e-05,-7.669903939e-06,4.601942364e-05,0.01929532115,-4.314320966e-05,0,0,0,0,0,0,0.01940439116,-0.002551130438,-0.005317918395,-0.000109070005,-0.00143507958,-0.009669929411,13.1477629,-0,0.2213545904,0.009669929411,-0.1846165491,-0.01886808606,1.019295321,-0.0001990524955,1.8082768,0.01886808606,0.0001990524955,1.642727389,1.642727389,0.03962149687,0.07392273252,-1.917475985e-06,-4.697816163e-05,2.876213977e-06,-3.78701507e-05,0.07392273252,-9.827064422e-05,-1.917475985e-06,-4.697816163e-05,2.876213977e-06,-3.78701507e-05,0.07403965972,-9.827064422e-05,0,0,0,0,1,0
3.48,1,1,4.985437561e-05,2.54065568e-05,-7.190534943e-06,4.601942364e-05,0.01928141945,-4.266384066e-05,0,0,0,0,-0.001047197551,0,0.01937861407,-0.002604274409,-0.005310851461,-9.719462276e-05,-0.001278488568,-0.009332428828,13.14530887,-0,0.2211970058,0.008285231277,-0.1761542554,-0.01680612712,1.020328891,-0.0001923027727,1.745164191,0.01680612712,0.0001923027727,1.586008365,1.586008365,0.03958194264,0.07137037644,-3.355582973e-06,-4.506068564e-05,1.917475985e-06,-3.78701507e-05,0.07137037644,-9.922938222e-05,-3.355582973e-06,-4.506068564e-05,1.917475985e-06,-3.78701507e-05,0.07137037644,-9.922938222e-05,0,0,0,0,0,0
3.49,1,1,4.961469111e-05,2.51668723e-05,-8.149272936e-06,4.601942364e-05,0.01926655901,-4.266384066e-05,0,0,0,0,-0.001047197551,0,0.01935230591,-0.002657346982,-0.005303638928,-8.574689459e-05,-0.001127593971,-0.007995971159,13.14268805,-0,0.2210285486,0.006948773608,-0.168403928,-0.01481961582,1.020314031,-0.00016459458,1.495246607,0.01481961582,0.00016459458,1.341826889,1.341826889,0.0395424154,0.06038221001,-2.876213977e-06,-4.458131665e-05,3.83495197e-06,-3.78701507e-05,0.06038221001,-9.922938222e-05,-2.876213977e-06,-4.458131665e-05,3.83495197e-06,-3.78701507e-05,0.06038221001,-9.922938222e-05,0,0,0,0,0,0
3.5,1,1,5.05734291e-05,2.49271878e-05,-8.628641932e-06,4.554005464e-05,0.01924714457,-4.194478717e-05,0,0,0,0,-0.002094395102,0,0.01932546738,-0.002710346702,-0.005296280992,-7.83228092e-05,-0.001029645324,-0.008157962497,13.13926789,-0,0.2208084603,0.006063567395,-0.1537181151,-0.01352878575,1.021342636,-0.0001680998258,1.525538987,0.01352878575,0.0001680998258,1.385517757,1.385517757,0.03950292343,0.06234829909,-4.793689962e-06,-4.410194765e-05,4.793689962e-06,-3.691141271e-05,0.06234829909,-0.0001006674892,-4.793689962e-06,-4.410194765e-05,4.793689962e-06,-3.691141271e-05,0.06234829909,-0.0001006674892,0,0,0,0,0,0
3.51,1,1,5.00940601e-05,2.54065568e-05,-8.149272936e-06,4.506068564e-05,0.01922389517,-4.290352516e-05,0,0,0,0,-0.001047197551,0,0.01929809922,-0.002763272118,-0.005288777857,-7.420404889e-05,-0.0009751681564,-0.006596161712,13.13517783,-0,0.220544887,0.005548964161,-0.1350080794,-0.01280900715,1.020271367,-0.0001354975251,1.23348224,0.01280900715,0.0001354975251,1.111418665,1.111418665,0.03946346912,0.05001383994,-3.83495197e-06,-4.506068564e-05,3.83495197e-06,-3.595267472e-05,0.05001383994,-9.875001322e-05,-3.83495197e-06,-4.506068564e-05,3.83495197e-06,-3.595267472e-05,0.05001383994,-9.875001322e-05,0,0,0,0,0,0
3.52,1,1,4.985437561e-05,2.51668723e-05,-8.628641932e-06,4.554005464e-05,0.01920687757,-4.266384066e-05,0,0,0,0,-0.001047197551,0,0.01927020219,-0.002816121776,-0.005281129727,-6.332461505e-05,-0.0008319433271,-0.005324050264,13.132188,-0,0.2203519548,0.004276852713,-0.1335995208,-0.01092523617,1.020254349,-0.0001092530628,0.9955973994,0.01092523617,0.0001092530628,0.8730323678,0.8730323678,0.03942404161,0.03928645655,-3.355582973e-06,-4.458131665e-05,4.793689962e-06,-3.691141271e-05,0.03928645655,-9.922938222e-05,-3.355582973e-06,-4.458131665e-05,4.793689962e-06,-3.691141271e-05,0.03928645655,-9.922938222e-05,0,0,0,0,0,0
3.53,1,1,4.985437561e-05,2.56462413e-05,-7.909588438e-06,4.625910813e-05,0.01919081871,-4.242415616e-05,0,0,0,0,-0.001047197551,0,0.01924177704,-0.002868894229,-0.005273336812,-5.095833145e-05,-0.0006692787922,-0.003885625173,13.12936964,-0,0.2201698864,0.002838427622,-0.1352953843,-0.008787208658,1.02023829,-7.965343694e-05,0.7266119074,0.008787208658,7.965343694e-05,0.6001833851,0.6001833851,0.03938464639,0.02700825233,-3.355582973e-06,-4.554005464e-05,3.355582973e-06,-3.83495197e-05,0.02700825233,-9.970875121e-05,-3.355582973e-06,-4.554005464e-05,3.355582973e-06,-3.83495197e-05,0.02700825233,-9.970875121e-05,0,0,0,0,0,0
3.54,1,1,4.961469111e-05,2.56462413e-05,-7.669903939e-06,4.506068564e-05,0.01917116458,-4.266384066e-05,0,0,0,0,-0.001047197551,0,0.01921282456,-0.002921588031,-0.005265399326,-4.165998285e-05,-0.0005469779599,-0.002791199436,13.12592433,-0,0.2199470489,0.001744001885,-0.1305959196,-0.007179591311,1.020218636,-5.715885572e-05,0.5219542946,0.007179591311,5.715885572e-05,0.3985951252,0.3985951252,0.03934528728,0.01793678063,-2.876213977e-06,-4.554005464e-05,2.876213977e-06,-3.595267472e-05,0.01793678063,-9.922938222e-05,-2.876213977e-06,-4.554005464e-05,2.876213977e-06,-3.595267472e-05,0.01798665242,-9.922938222e-05,0,0,0,0,1,0
3.55,1,1,4.937500661e-05,2.51668723e-05,-8.628641932e-06,4.577973914e-05,0.01915151045,-4.290352516e-05,0,0,0,0,-0.001047197551,0,0.01918334555,-0.002974201735,-0.005257317486,-3.183509552e-05,-0.0004178442476,-0.001638020137,13.12248343,-0,0.219724203,0.0005908225855,-0.1278995788,-0.005483154216,1.020198982,-3.350895483e-05,0.3063097656,0.005483154216,3.350895483e-05,0.18392685,0.18392685,0.03930596286,0.008276708248,-2.396844981e-06,-4.458131665e-05,4.793689962e-06,-3.73907817e-05,0.008276708248,-9.875001322e-05,-2.396844981e-06,-4.458131665e-05,4.793689962e-06,-3.73907817e-05,0.008276708248,-9.875001322e-05,0,0,0,0,0,0
3.56,1,1,4.961469111e-05,2.58859258e-05,-8.388957434e-06,4.577973914e-05,0.01913497222,-4.242415616e-05,0,0,0,0,-0.001047197551,0,0.0191533408,-0.0030267339,-0.005249091515,-1.836857917e-05,-0.0002410177585,-7.725531879e-05,13.11959146,-0,0.21953668,-0.0009699422324,-0.133277361,-0.003162054526,1.020182444,-1.578780112e-06,0.01444674461,0.003162054526,1.578780112e-06,-0.1156669831,-0.1156669831,0.03926667526,-0.00520501424,-2.876213977e-06,-4.601942364e-05,4.314320966e-06,-3.73907817e-05,-0.00520501424,-9.970875121e-05,-2.876213977e-06,-4.601942364e-05,4.314320966e-06,-3.73907817e-05,-0.00520501424,-9.970875121e-05,0,0,0,0,0,0
3.57,1,1,4.985437561e-05,2.636529479e-05,-8.149272936e-06,4.554005464e-05,0.01912394673,-4.266384066e-05,0,0,0,0,0,0,0.01912281115,-0.003079183085,-0.005240721636,1.135588595e-06,1.48961589e-05,0.003206321498,13.11766521,-0,0.2194116613,-0.003206321498,-0.1499052831,0.0001954028254,1.019123947,6.532273282e-05,-0.5995821202,-0.0001954028254,-6.532273282e-05,-0.7497481288,-0.7497481288,0.03922742814,-0.0337386658,-3.355582973e-06,-4.697816163e-05,3.83495197e-06,-3.691141271e-05,-0.0337386658,-9.922938222e-05,-3.355582973e-06,-4.697816163e-05,3.83495197e-06,-3.691141271e-05,-0.03278464263,-9.922938222e-05,0,0,0,0,1,0
3.58,1,1,4.985437561e-05,2.56462413e-05,-8.149272936e-06,4.601942364e-05,0.01911627683,-4.362257866e-05,0,0,0,0,0,0,0.01909175742,-0.003131547854,-0.005232208081,2.45194103e-05,0.000321552146,0.005876253023,13.11632603,-0,0.2193246903,-0.005876253023,-0.1714278203,0.004217582784,1.019116277,0.0001195960986,-1.098859315,-0.004217582784,-0.0001195960986,-1.274624315,-1.274624315,0.03918822862,-0.05735809416,-3.355582973e-06,-4.554005464e-05,3.83495197e-06,-3.78701507e-05,-0.05735809416,-9.731190623e-05,-3.355582973e-06,-4.554005464e-05,3.83495197e-06,-3.78701507e-05,-0.05735809416,-9.731190623e-05,0,0,0,0,0,0
3.59,1,1,4.937500661e-05,2.54065568e-05,-8.149272936e-06,4.577973914e-05,0.01910477198,-4.386226315e-05,0,0,0,0.001047197551,-0.001047197551,0,0.01906018048,-0.003183826769,-0.005223551082,4.459149964e-05,0.0005846139023,0.007127512225,13.11431852,-0,0.2191942314,-0.008174709776,-0.1819820694,0.007666812927,1.020152244,0.0001452121338,-1.332844786,-0.007666812927,-0.0001452121338,-1.52263888,-1.52263888,0.03914907919,-0.06851874962,-2.396844981e-06,-4.506068564e-05,3.83495197e-06,-0.0001421105368,-0.06851874962,-9.683253724e-05,-2.396844981e-06,-4.506068564e-05,3.83495197e-06,-0.0001421105368,-0.06851874962,-9.683253724e-05,0,0,0,0,0,0
3.6,1,1,4.913532211e-05,2.56462413e-05,-7.909588438e-06,4.625910813e-05,0.01908799406,-4.266384066e-05,0,0,0,0,-0.001047197551,0,0.01902808118,-0.003236018398,-0.005214750877,5.991288394e-05,0.000785229124,0.008893824906,13.11139361,-0,0.2190039738,-0.009941022458,-0.180828073,0.01029544812,1.020135466,0.0001810111219,-1.663145257,-0.01029544812,-0.0001810111219,-1.85444979,-1.85444979,0.03910998072,-0.08345024054,-1.917475985e-06,-4.554005464e-05,3.355582973e-06,-3.83495197e-05,-0.08345024054,-9.922938222e-05,-1.917475985e-06,-4.554005464e-05,3.355582973e-06,-3.83495197e-05,-0.08345024054,-9.922938222e-05,0,0,0,0,0,0
3.61,1,1,5.00940601e-05,2.636529479e-05,-8.149272936e-06,4.577973914e-05,0.01907025741,-4.290352516e-05,0,0,0,0,-0.001047197551,0,0.0189954604,-0.00328812131,-0.005205807707,7.479700415e-05,0.00097997595,0.01061077849,13.10830504,-0,0.2188028378,-0.01165797604,-0.1791368859,0.01284582369,1.020117729,0.0002157322253,-1.984215577,-0.01284582369,-0.0002157322253,-2.176414019,-2.176414019,0.0390709358,-0.09793863087,-3.83495197e-06,-4.697816163e-05,3.83495197e-06,-3.73907817e-05,-0.09793863087,-9.875001322e-05,-3.83495197e-06,-4.697816163e-05,3.83495197e-06,-3.73907817e-05,-0.09755060578,-9.875001322e-05,0,0,0,0,1,0
3.62,1,1,4.961469111e-05,2.612561029e-05,-7.909588438e-06,4.554005464e-05,0.0190455699,-4.266384066e-05,0,0,0,0,-0.002094395102,0,0.01896231905,-0.003340134076,-0.005196721817,8.325085349e-05,0.001090319205,0.01056102095,13.10401206,-0,0.218522867,-0.01265541605,-0.1644333847,0.01428755601,1.021141062,0.0002149368302,-1.974910917,-0.01428755601,-0.0002149368302,-2.153846795,-2.153846795,0.0390319352,-0.09692310577,-2.876213977e-06,-4.649879263e-05,3.355582973e-06,-3.691141271e-05,-0.09692310577,-9.922938222e-05,-2.876213977e-06,-4.649879263e-05,3.355582973e-06,-3.691141271e-05,-0.09692310577,-9.922938222e-05,0,0,0,0,0,0
3.63,1,1,4.841626862e-05,2.54065568e-05,-8.388957434e-06,4.577973914e-05,0.01901800619,-4.290352516e-05,0,0,0,0,-0.003141592654,0,0.01892865803,-0.003392055271,-0.005187493456,8.934815985e-05,0.001169700939,0.01024754816,13.09922712,-0,0.2182102629,-0.01338914082,-0.1475189383,0.01532217826,1.022162066,0.0002087657802,-1.916291506,-0.01532217826,-0.0002087657802,-2.079341389,-2.079341389,0.03899298211,-0.09357036249,-4.793689962e-07,-4.506068564e-05,4.314320966e-06,-3.73907817e-05,-0.09357036249,-9.875001322e-05,-4.793689962e-07,-4.506068564e-05,4.314320966e-06,-3.73907817e-05,-0.09357036249,-9.875001322e-05,0,0,0,0,0,0
3.64,1,1,4.937500661e-05,2.51668723e-05,-7.190534943e-06,4.601942364e-05,0.01898301225,-4.386226315e-05,0,0,0,0,-0.003141592654,0,0.01889447826,-0.003443883471,-0.005178122878,8.853399493e-05,0.001158513362,0.01020829074,13.09316477,-0,0.2178133684,-0.0133498834,-0.1197065157,0.01516860634,1.022127072,0.0002077442132,-1.908950369,-0.01516860634,-0.0002077442132,-2.044033235,-2.044033235,0.03895406159,-0.0919814956,-2.396844981e-06,-4.458131665e-05,1.917475985e-06,-3.78701507e-05,-0.0919814956,-9.683253724e-05,-2.396844981e-06,-4.458131665e-05,1.917475985e-06,-3.78701507e-05,-0.0919814956,-9.683253724e-05,0,0,0,0,0,0
3.65,1,1,4.937500661e-05,2.56462413e-05,-7.430219441e-06,4.554005464e-05,0.01894945642,-4.338289416e-05,0,0,0,0,-0.003141592654,0,0.01885978067,-0.003495617256,-0.005168610338,8.96757481e-05,0.001172926369,0.01038765568,13.08736461,-0,0.21743276,-0.01352924833,-0.1011960473,0.01535051505,1.022093516,0.000211169532,-1.942491612,-0.01535051505,-0.000211169532,-2.059249344,-2.059249344,0.03891518256,-0.09266622046,-2.396844981e-06,-4.554005464e-05,2.396844981e-06,-3.691141271e-05,-0.09266622046,-9.779127523e-05,-2.396844981e-06,-4.554005464e-05,2.396844981e-06,-3.691141271e-05,-0.09266622046,-9.779127523e-05,0,0,0,0,0,0
3.66,1,1,4.913532211e-05,2.636529479e-05,-7.430219441e-06,4.554005464e-05,0.01891685933,-4.266384066e-05,0,0,0,0,-0.002094395102,0,0.01882456623,-0.003547255206,-0.005158956099,9.229309912e-05,0.001206622284,0.01177911915,13.08174241,-0,0.2170630033,-0.01387351426,-0.08898073733,0.0157847219,1.021012351,0.0002387116404,-2.202695282,-0.0157847219,-0.0002387116404,-2.307699452,-2.307699452,0.03887634572,-0.1038464754,-1.917475985e-06,-4.697816163e-05,2.396844981e-06,-3.691141271e-05,-0.1038464754,-9.922938222e-05,-1.917475985e-06,-4.697816163e-05,2.396844981e-06,-3.691141271e-05,-0.1038464754,-9.922938222e-05,0,0,0,0,0,0
3.67,1,1,5.00940601e-05,2.49271878e-05,-7.909588438e-06,4.625910813e-05,0.01888186539,-4.218447167e-05,0,0,0,0,-0.002094395102,0,0.01878883589,-0.003598795906,-0.005149160424,9.302949959e-05,0.001215685435,0.01191295905,13.07572021,-0,0.2166660336,-0.01400735416,-0.07528243734,0.01589596261,1.020977357,0.0002411665447,-2.227723343,-0.01589596261,-0.0002411665447,-2.319142909,-2.319142909,0.0388375511,-0.1043614309,-3.83495197e-06,-4.410194765e-05,3.355582973e-06,-3.83495197e-05,-0.1043614309,-0.0001001881202,-3.83495197e-06,-4.410194765e-05,3.355582973e-06,-3.83495197e-05,-0.1043614309,-0.0001001881202,0,0,0,0,0,0
3.68,1,1,4.937500661e-05,2.54065568e-05,-7.909588438e-06,4.577973914e-05,0.01884830956,-4.218447167e-05,0,0,0,-0.001047197551,-0.003141592654,0,0.01875259064,-0.003650237944,-0.005139223583,9.571892191e-05,0.001250258309,0.01121787536,13.06995851,-0,0.2162853533,-0.01435946801,-0.06788646603,0.01634082423,1.02199237,0.0002273199613,-2.097742692,-0.01634082423,-0.0002273199613,-2.182197302,-2.182197302,0.03879880006,-0.09819887858,-2.396844981e-06,-4.506068564e-05,3.355582973e-06,6.732897341e-05,-0.09819887858,-0.0001001881202,-2.396844981e-06,-4.506068564e-05,3.355582973e-06,6.732897341e-05,-0.09819887858,-0.0001001881202,0,0,0,0,0,0
3.69,1,1,4.961469111e-05,2.51668723e-05,-7.430219441e-06,4.577973914e-05,0.01881091878,-4.266384066e-05,0,0,0,0,-0.004188790205,0,0.01871583147,-0.003701579908,-0.005129145846,9.508731344e-05,0.001241406371,0.01015135631,13.06355332,-0,0.2158611387,-0.01434014652,-0.05484759862,0.01621717831,1.023004095,0.0002059097458,-1.89830363,-0.01621717831,-0.0002059097458,-1.969574317,-1.969574317,0.03876008409,-0.08863084426,-2.876213977e-06,-4.458131665e-05,2.396844981e-06,-3.73907817e-05,-0.08863084426,-9.922938222e-05,-2.876213977e-06,-4.458131665e-05,2.396844981e-06,-3.73907817e-05,-0.08863084426,-9.922938222e-05,0,0,0,0,0,0
3.7,1,1,4.961469111e-05,2.444781881e-05,-7.909588438e-06,4.601942364e-05,0.01876849462,-4.290352516e-05,0,0,0,0,-0.003141592654,0,0.01867855938,-0.003752820392,-0.005118927492,8.993524393e-05,0.001173533387,0.01067367083,13.056305,-0,0.2153797826,-0.01381526348,-0.03521022681,0.01532200983,1.021912555,0.0002158269491,-1.995976445,-0.01532200983,-0.0002158269491,-2.046724508,-2.046724508,0.03872139792,-0.09210260287,-2.876213977e-06,-4.314320966e-05,3.355582973e-06,-3.78701507e-05,-0.09210260287,-9.875001322e-05,-2.876213977e-06,-4.314320966e-05,3.355582973e-06,-3.78701507e-05,-0.09210260287,-9.875001322e-05,0,0,0,0,0,0
3.71,1,1,4.985437561e-05,2.444781881e-05,-7.669903939e-06,4.554005464e-05,0.01872583078,-4.266384066e-05,0,0,0,0,-0.004188790205,0,0.0186407754,-0.00380395799,-0.0051085688,8.50553815e-05,0.001109276534,0.009131892114,13.0490362,-0,0.2148956688,-0.01332068232,-0.01953301333,0.01447498965,1.022919007,0.0001848306269,-1.707663825,-0.01447498965,-0.0001848306269,-1.741856659,-1.741856659,0.0386827446,-0.07838354965,-3.355582973e-06,-4.314320966e-05,2.876213977e-06,-3.691141271e-05,-0.07838354965,-9.922938222e-05,-3.355582973e-06,-4.314320966e-05,2.876213977e-06,-3.691141271e-05,-0.07838354965,-9.922938222e-05,0,0,0,0,0,0
3.72,1,1,5.00940601e-05,2.56462413e-05,-7.909588438e-06,4.577973914e-05,0.01867549704,-4.338289416e-05,0,0,0,0,-0.004188790205,0,0.01860248057,-0.003854991301,-0.005098070054,7.301647085e-05,0.0009517190818,0.0078365189,13.04048699,-0,0.2143244741,-0.0120253091,0.00774385952,0.0124108803,1.022868674,0.0001584381214,-1.465429034,-0.0124108803,-0.0001584381214,-1.470254493,-1.470254493,0.03864411294,-0.0661614522,-3.83495197e-06,-4.554005464e-05,3.355582973e-06,-3.73907817e-05,-0.0661614522,-9.779127523e-05,-3.83495197e-06,-4.554005464e-05,3.355582973e-06,-3.73907817e-05,-0.0661614522,-9.779127523e-05,0,0,0,0,0,0
3.73,1,1,4.985437561e-05,2.54065568e-05,-7.909588438e-06,4.577973914e-05,0.01862995698,-4.314320966e-05,0,0,0,0,-0.003141592654,0,0.01856367593,-0.003905918925,-0.005087431542,6.6281056e-05,0.0008634554163,0.008181267394,13.03277652,-0,0.2138076332,-0.01132286005,0.01880091896,0.01125322148,1.021774017,0.0001648895282,-1.529897003,-0.01125322148,-0.0001648895282,-1.522514195,-1.522514195,0.03860551781,-0.06851313876,-3.355582973e-06,-4.506068564e-05,3.355582973e-06,-3.73907817e-05,-0.06851313876,-9.827064422e-05,-3.355582973e-06,-4.506068564e-05,3.355582973e-06,-3.73907817e-05,-0.06851313876,-9.827064422e-05,0,0,0,0,0,0
3.74,1,1,5.00940601e-05,2.56462413e-05,-7.909588438e-06,4.554005464e-05,0.01859424399,-4.218447167e-05,0,0,0,0,-0.003141592654,0,0.01852436255,-0.003956739467,-0.005076653555,6.988144756e-05,0.0009099167385,0.008634762532,13.02674617,-0,0.2134022909,-0.01177635519,0.007014352057,0.01185325439,1.021738304,0.0001738435705,-1.614700593,-0.01185325439,-0.0001738435705,-1.619713339,-1.619713339,0.03856696758,-0.07288710027,-3.83495197e-06,-4.554005464e-05,3.355582973e-06,-3.691141271e-05,-0.07288710027,-0.0001001881202,-3.83495197e-06,-4.554005464e-05,3.355582973e-06,-3.691141271e-05,-0.07288710027,-0.0001001881202,0,0,0,0,0,0
3.75,1,1,4.985437561e-05,2.58859258e-05,-8.149272936e-06,4.673847713e-05,0.01856668028,-4.242415616e-05,0,0,0,0,-0.002094395102,0,0.0184845415,-0.004007451533,-0.005065736389,8.213877625e-05,0.001069052662,0.0111034804,13.02210165,-0,0.2130894245,-0.0131978755,-0.02054788348,0.01392131244,1.020662172,0.0002228529215,-2.076350834,-0.01392131244,-0.0002228529215,-2.111042883,-2.111042883,0.03852847325,-0.09499692975,-3.355582973e-06,-4.601942364e-05,3.83495197e-06,-3.930825769e-05,-0.09499692975,-9.970875121e-05,-3.355582973e-06,-4.601942364e-05,3.83495197e-06,-3.930825769e-05,-0.09499692975,-9.970875121e-05,0,0,0,0,0,0
3.76,1,1,4.913532211e-05,2.612561029e-05,-7.669903939e-06,4.554005464e-05,0.0185415134,-4.266384066e-05,0,0,0,0,-0.002094395102,0,0.01844421388,-0.004058053732,-0.005054680343,9.72995224e-05,0.001265838585,0.01284929454,13.01786842,-0,0.2128037501,-0.01494368965,-0.04894366333,0.01647852014,1.020637005,0.0002576223818,-2.40281808,-0.01647852014,-0.0002576223818,-2.468497886,-2.468497886,0.03849003861,-0.1110824049,-1.917475985e-06,-4.649879263e-05,2.876213977e-06,-3.691141271e-05,-0.1110824049,-9.922938222e-05,-1.917475985e-06,-4.649879263e-05,2.876213977e-06,-3.691141271e-05,-0.1110824049,-9.922938222e-05,0,0,0,0,0,0
3.77,1,1,4.913532211e-05,2.54065568e-05,-8.149272936e-06,4.673847713e-05,0.01851610685,-4.218447167e-05,0,0,0,0,-0.002094395102,0,0.0184033808,-0.004108544678,-0.005043485721,0.0001127260509,0.001465908673,0.01462436738,13.01360207,-0,0.2125153417,-0.01671876248,-0.07247375115,0.01907675214,1.020611599,0.0002929048434,-2.734756699,-0.01907675214,-0.0002929048434,-2.826600107,-2.826600107,0.0384516655,-0.1271970048,-1.917475985e-06,-4.506068564e-05,3.83495197e-06,-3.930825769e-05,-0.1271970048,-0.0001001881202,-1.917475985e-06,-4.506068564e-05,3.83495197e-06,-3.930825769e-05,-0.1271970048,-0.0001001881202,0,0,0,0,0,0
3.78,1,1,4.865595312e-05,2.49271878e-05,-8.149272936e-06,4.601942364e-05,0.01849141934,-4.242415616e-05,0,0,0,0,-0.002094395102,0,0.01836204336,-0.004158922985,-0.005032152829,0.0001293759804,0.001681714295,0.0165357059,13.00946337,-0,0.2122350828,-0.018630101,-0.09408091417,0.02187820053,1.020586911,0.0003308402458,-3.092177003,-0.02187820053,-0.0003308402458,-3.208466958,-3.208466958,0.03841336314,-0.1443810131,-9.587379924e-07,-4.410194765e-05,3.83495197e-06,-3.78701507e-05,-0.1443810131,-9.970875121e-05,-9.587379924e-07,-4.410194765e-05,3.83495197e-06,-3.78701507e-05,-0.1443810131,-9.970875121e-05,0,0,0,0,0,0
3.79,1,1,4.961469111e-05,2.49271878e-05,-7.669903939e-06,4.577973914e-05,0.01845930162,-4.266384066e-05,0,0,0,0,-0.002094395102,0,0.01832020272,-0.004209187274,-0.005020681978,0.0001390989045,0.001807242604,0.01767249544,13.00408924,-0,0.2118704554,-0.01976689055,-0.09769329597,0.02350154409,1.020554793,0.00035321036,-3.304756648,-0.02350154409,-0.00035321036,-3.426304698,-3.426304698,0.03837511142,-0.1541837114,-2.876213977e-06,-4.410194765e-05,2.876213977e-06,-3.73907817e-05,-0.1541837114,-9.922938222e-05,-2.876213977e-06,-4.410194765e-05,2.876213977e-06,-3.73907817e-05,-0.1541837114,-9.922938222e-05,0,0,0,0,0,0
3.8,1,1,4.937500661e-05,2.54065568e-05,-8.149272936e-06,4.601942364e-05,0.01842167116,-4.194478717e-05,0,0,0,0,-0.003141592654,0,0.01827786,-0.004259336166,-0.005009073483,0.0001438111523,0.001867511126,0.01720196477,12.99780731,-0,0.2114432154,-0.02034355743,-0.09025981078,0.02427354977,1.021565731,0.0003441446196,-3.216767413,-0.02427354977,-0.0003441446196,-3.331644918,-3.331644918,0.03833690398,-0.1499240213,-2.396844981e-06,-4.506068564e-05,3.83495197e-06,-3.78701507e-05,-0.1499240213,-0.0001006674892,-2.396844981e-06,-4.506068564e-05,3.83495197e-06,-3.78701507e-05,-0.1499240213,-0.0001006674892,0,0,0,0,0,0
3.81,1,1,5.00940601e-05,2.56462413e-05,-7.430219441e-06,4.625910813e-05,0.01838643753,-4.194478717e-05,0,0,0,0,-0.002094395102,0,0.01823501638,-0.004309368286,-0.004997327661,0.0001514211512,0.001965354083,0.01914944722,12.99193981,-0,0.2110431616,-0.02124384233,-0.09030135746,0.02553376196,1.020481929,0.0003819132378,-3.580946631,-0.02553376196,-0.0003819132378,-3.697163664,-3.697163664,0.03829875121,-0.1663723649,-3.83495197e-06,-4.554005464e-05,2.396844981e-06,-3.83495197e-05,-0.1663723649,-0.0001006674892,-3.83495197e-06,-4.554005464e-05,2.396844981e-06,-3.83495197e-05,-0.1663723649,-0.0001006674892,0,0,0,0,0,0
3.82,1,1,4.937500661e-05,2.49271878e-05,-7.909588438e-06,4.601942364e-05,0.01834497212,-4.194478717e-05,0,0,0,0,-0.003141592654,0,0.01819167303,-0.004359282263,-0.004985444835,0.0001532990848,0.001988654281,0.01836194091,12.98505222,-0,0.2105723173,-0.02150353356,-0.07809019984,0.02582277969,1.021489032,0.0003665653795,-3.43368295,-0.02582277969,-0.0003665653795,-3.537962495,-3.537962495,0.038260638,-0.1592083123,-2.396844981e-06,-4.410194765e-05,3.355582973e-06,-3.78701507e-05,-0.1592083123,-0.0001006674892,-2.396844981e-06,-4.410194765e-05,3.355582973e-06,-3.78701507e-05,-0.1592083123,-0.0001006674892,0,0,0,0,0,0
3.83,1,1,4.961469111e-05,2.54065568e-05,-8.149272936e-06,4.601942364e-05,0.01831141629,-4.242415616e-05,0,0,0,0,-0.002094395102,0,0.01814783114,-0.004409076727,-0.004973425331,0.0001635851502,0.002121045961,0.02060803424,12.97949243,-0,0.2101912612,-0.02270242934,-0.08635770458,0.0275301,1.020406908,0.000410125362,-3.853702403,-0.0275301,-0.000410125362,-3.968000333,-3.968000333,0.03822258848,-0.178560015,-2.876213977e-06,-4.506068564e-05,3.83495197e-06,-3.78701507e-05,-0.178560015,-9.970875121e-05,-2.876213977e-06,-4.506068564e-05,3.83495197e-06,-3.78701507e-05,-0.178560015,-9.970875121e-05,0,0,0,0,0,0
3.84,1,1,4.865595312e-05,2.58859258e-05,-8.388957434e-06,4.577973914e-05,0.01829487806,-4.194478717e-05,0,0,0,0,-0.001047197551,0,0.0181034919,-0.004458750315,-0.004961269477,0.0001913861563,0.002480556954,0.02480998176,12.97675685,-0,0.2100034465,-0.02585717931,-0.1286727794,0.03218958445,1.01934235,0.0004922306331,-4.639466589,-0.03218958445,-0.0004922306331,-4.800821183,-4.800821183,0.038184665,-0.2160369532,-9.587379924e-07,-4.601942364e-05,4.314320966e-06,-3.73907817e-05,-0.2160369532,-0.0001006674892,-9.587379924e-07,-4.601942364e-05,4.314320966e-06,-3.73907817e-05,-0.2160369532,-0.0001006674892,0,0,0,0,0,0
3.85,1,1,4.937500661e-05,2.56462413e-05,-8.628641932e-06,4.577973914e-05,0.0182771414,-4.218447167e-05,0,0,0,0,-0.002094395102,0,0.01805865654,-0.004508301663,-0.004948977608,0.0002184848658,0.002830662974,0.02683791145,12.97382641,-0,0.2098020157,-0.02893230655,-0.1609285561,0.03672453006,1.020372633,0.0005330134402,-5.018689441,-0.03672453006,-0.0005330134402,-5.216875541,-5.216875541,0.03814686314,-0.2347593993,-2.396844981e-06,-4.554005464e-05,4.793689962e-06,-3.73907817e-05,-0.2347593993,-0.0001001881202,-2.396844981e-06,-4.554005464e-05,4.793689962e-06,-3.73907817e-05,-0.2347593993,-0.0001001881202,0,0,0,0,0,0
3.86,1,1,4.985437561e-05,2.49271878e-05,-8.149272936e-06,4.625910813e-05,0.01824598242,-4.266384066e-05,0,0,0,0,-0.003141592654,0,0.01801332628,-0.004557729415,-0.00493655006,0.00023265614,0.003012808347,0.02742194426,12.96868679,-0,0.2094481353,-0.03056353691,-0.1609678924,0.0390721678,1.021390042,0.0005451592858,-5.127903576,-0.0390721678,-0.0005451592858,-5.328488795,-5.328488795,0.03810912191,-0.2397819958,-3.355582973e-06,-4.410194765e-05,3.83495197e-06,-3.83495197e-05,-0.2397819958,-9.922938222e-05,-3.355582973e-06,-4.410194765e-05,3.83495197e-06,-3.83495197e-05,-0.2397819958,-9.922938222e-05,0,0,0,0,0,0
3.87,1,1,5.00940601e-05,2.56462413e-05,-8.149272936e-06,4.577973914e-05,0.01819972331,-4.338289416e-05,0,0,0,0,-0.004188790205,0,0.01796750237,-0.004607032214,-0.004923987174,0.0002322209447,0.003005427417,0.02637546168,12.96107625,-0,0.2089227223,-0.03056425188,-0.1311737554,0.03895357392,1.0223929,0.0005248648795,-4.932211334,-0.03895357392,-0.0005248648795,-5.102863528,-5.102863528,0.03807139342,-0.2296288588,-3.83495197e-06,-4.554005464e-05,3.83495197e-06,-3.73907817e-05,-0.2296288588,-9.779127523e-05,-3.83495197e-06,-4.554005464e-05,3.83495197e-06,-3.73907817e-05,-0.2296288588,-9.779127523e-05,0,0,0,0,0,0
3.88,1,1,5.05734291e-05,2.54065568e-05,-7.909588438e-06,4.577973914e-05,0.01813357039,-4.242415616e-05,0,0,0,0,-0.007330382858,0,0.01792118606,-0.004656208708,-0.004911289295,0.0002123843336,0.002746756226,0.02106872788,12.9502339,-0,0.2081712785,-0.02839911073,-0.06658185119,0.0355711356,1.025477387,0.0004213775552,-3.939852113,-0.0355711356,-0.0004213775552,-4.042426477,-4.042426477,0.03803362671,-0.1819091915,-4.793689962e-06,-4.506068564e-05,3.355582973e-06,-3.73907817e-05,-0.1819091915,-9.970875121e-05,-4.793689962e-06,-4.506068564e-05,3.355582973e-06,-3.73907817e-05,-0.1819091915,-9.970875121e-05,0,0,0,0,0,0
3.89,1,1,5.03337446e-05,2.54065568e-05,-7.669903939e-06,4.577973914e-05,0.01805519356,-4.218447167e-05,0,0,0,0,-0.007330382858,0,0.01787437862,-0.004705257551,-0.00489845677,0.000180814941,0.002336636108,0.01759259006,12.93745056,-0,0.2072808657,-0.02492297292,0.009463753334,0.03023011414,1.02539901,0.0003514507723,-3.289814342,-0.03023011414,-0.0003514507723,-3.310932153,-3.310932153,0.03799580774,-0.1489919469,-4.314320966e-06,-4.506068564e-05,2.876213977e-06,-3.73907817e-05,-0.1489919469,-0.0001001881202,-4.314320966e-06,-4.506068564e-05,2.876213977e-06,-3.73907817e-05,-0.1489919469,-0.0001001881202,0,0,0,0,0,0
3.9,1,1,4.985437561e-05,2.54065568e-05,-7.909588438e-06,4.554005464e-05,0.01797705641,-4.242415616e-05,0,0,0,0,-0.007330382858,0,0.01782708133,-0.004754177396,-0.004885489951,0.0001499750774,0.001936580392,0.01419640689,12.92477362,-0,0.2063930518,-0.02152678975,0.0695187373,0.02502986317,1.025320873,0.0002832788749,-2.654728089,-0.02502986317,-0.0002832788749,-2.610522494,-2.610522494,0.03795795778,-0.1174735122,-3.355582973e-06,-4.506068564e-05,3.355582973e-06,-3.691141271e-05,-0.1174735122,-9.970875121e-05,-3.355582973e-06,-4.506068564e-05,3.355582973e-06,-3.691141271e-05,-0.1174735122,-9.970875121e-05,0,0,0,0,0,0
3.91,1,1,4.913532211e-05,2.51668723e-05,-7.669903939e-06,4.649879263e-05,0.01791090349,-4.242415616e-05,0,0,0,0,-0.004188790205,0,0.0177792955,-0.004802966903,-0.004872389195,0.0001316079866,0.001698206996,0.01533435949,12.9140934,-0,0.2056413092,-0.01952314969,0.09283138095,0.02193080377,1.02210408,0.0003037658362,-2.867525224,-0.02193080377,-0.0003037658362,-2.796928412,-2.796928412,0.037920124,-0.1258617786,-1.917475985e-06,-4.458131665e-05,2.876213977e-06,-3.882888869e-05,-0.1258617786,-9.970875121e-05,-1.917475985e-06,-4.458131665e-05,2.876213977e-06,-3.882888869e-05,-0.1258617786,-9.970875121e-05,0,0,0,0,0,0
3.92,1,1,5.03337446e-05,2.58859258e-05,-7.669903939e-06,4.601942364e-05,0.0178644047,-4.266384066e-05,0,0,0,0,-0.003141592654,0,0.01773102244,-0.004851624735,-0.004859154859,0.0001333822624,0.001720089496,0.01662847376,12.90661499,-0,0.2051128577,-0.01977006641,0.0703711631,0.02220053287,1.021008465,0.0003283682716,-3.109524593,-0.02220053287,-0.0003283682716,-3.061682331,-3.061682331,0.03788234383,-0.1377757049,-4.314320966e-06,-4.601942364e-05,2.876213977e-06,-3.78701507e-05,-0.1377757049,-9.922938222e-05,-4.314320966e-06,-4.601942364e-05,2.876213977e-06,-3.78701507e-05,-0.1377757049,-9.922938222e-05,0,0,0,0,0,0
3.93,1,1,5.00940601e-05,2.684466379e-05,-8.388957434e-06,4.673847713e-05,0.01784235372,-4.242415616e-05,0,0,0,0,0,0,0.01768226345,-0.004900149556,-0.004845787307,0.0001600902714,0.002063609997,0.02280279644,12.90307679,-0,0.2048622366,-0.02280279644,0.001351682487,0.02662691825,1.017842354,0.0004470613254,-4.264122935,-0.02662691825,-0.0004470613254,-4.289845232,-4.289845232,0.03784467911,-0.1930430354,-3.83495197e-06,-4.793689962e-05,4.314320966e-06,-3.930825769e-05,-0.1930430354,-9.970875121e-05,-3.83495197e-06,-4.793689962e-05,4.314320966e-06,-3.930825769e-05,-0.1878021739,-9.970875121e-05,0,0,0,0,1,0
3.94,1,1,5.03337446e-05,2.58859258e-05,-8.628641932e-06,4.673847713e-05,0.01783204729,-4.194478717e-05,0,0,0,0,0,0,0.01763301989,-0.004948540038,-0.004832286905,0.0001990273985,0.002564578099,0.02720003676,12.90142489,-0,0.2047450952,-0.02720003676,-0.07926425822,0.03308671171,1.017832047,0.0005327321285,-5.086406874,-0.03308671171,-0.0005327321285,-5.199290576,-5.199290576,0.03780716921,-0.2339680759,-4.314320966e-06,-4.601942364e-05,4.793689962e-06,-3.930825769e-05,-0.2339680759,-0.0001006674892,-4.314320966e-06,-4.601942364e-05,4.793689962e-06,-3.930825769e-05,-0.2339680759,-0.0001006674892,0,0,0,0,0,0
3.95,1,1,4.937500661e-05,2.612561029e-05,-8.86832643e-06,4.506068564e-05,0.01781407095,-4.242415616e-05,0,0,0,-0.001047197551,-0.002094395102,0,0.0175832931,-0.004996794853,-0.004818654024,0.0002307778492,0.002972459872,0.02869851738,12.89854645,-0,0.2045407736,-0.03079291248,-0.130116693,0.03834041172,1.019909563,0.0005638196801,-5.36662275,-0.03834041172,-0.0005638196801,-5.535643674,-5.535643674,0.03776978382,-0.2491039653,-2.396844981e-06,-4.649879263e-05,5.273058958e-06,6.87670804e-05,-0.2491039653,-9.970875121e-05,-2.396844981e-06,-4.649879263e-05,5.273058958e-06,6.87670804e-05,-0.2491039653,-9.970875121e-05,0,0,0,0,0,0
3.96,1,1,4.937500661e-05,2.51668723e-05,-8.628641932e-06,4.625910813e-05,0.01777883733,-4.194478717e-05,0,0,0,0.001047197551,-0.005235987756,0,0.01753308445,-0.005044912678,-0.004804889037,0.0002457528803,0.003163677288,0.02727638218,12.89291493,-0,0.2041402845,-0.03251236994,-0.1368227278,0.04078902215,1.023021679,0.0005386226863,-5.100683468,-0.04078902215,-0.0005386226863,-5.278833841,-5.278833841,0.03773246804,-0.2375475228,-2.396844981e-06,-4.458131665e-05,4.793689962e-06,-0.0001430692748,-0.2375475228,-0.0001006674892,-2.396844981e-06,-4.458131665e-05,4.793689962e-06,-0.0001430692748,-0.2375475228,-0.0001006674892,0,0,0,0,0,0
3.97,1,1,4.961469111e-05,2.444781881e-05,-8.388957434e-06,4.601942364e-05,0.01771603999,-4.266384066e-05,0,0,0,0,-0.006283185307,0,0.01748239531,-0.005092892194,-0.004790992321,0.000233644682,0.003005708209,0.02492582859,12.88291138,-0,0.2034264262,-0.03120901389,-0.087385884,0.03872227248,1.024009095,0.000492669074,-4.661129946,-0.03872227248,-0.000492669074,-4.787730771,-4.787730771,0.03769510947,-0.2154478847,-2.876213977e-06,-4.314320966e-05,4.314320966e-06,-3.78701507e-05,-0.2154478847,-9.922938222e-05,-2.876213977e-06,-4.314320966e-05,4.314320966e-06,-3.78701507e-05,-0.2154478847,-9.922938222e-05,0,0,0,0,0,0
3.98,1,1,4.913532211e-05,2.54065568e-05,-7.909588438e-06,4.601942364e-05,0.01765156486,-4.242415616e-05,0,0,0,0,-0.006283185307,0,0.01743122707,-0.005140732087,-0.004776964258,0.0002203377903,0.002832516878,0.02348830417,12.87268521,-0,0.2026934136,-0.02977148948,-0.04544390008,0.03646209812,1.02394462,0.0004637372141,-4.392312881,-0.03646209812,-0.0004637372141,-4.474682616,-4.474682616,0.03765773952,-0.2013607177,-1.917475985e-06,-4.506068564e-05,3.355582973e-06,-3.78701507e-05,-0.2013607177,-9.970875121e-05,-1.917475985e-06,-4.506068564e-05,3.355582973e-06,-3.78701507e-05,-0.2013607177,-9.970875121e-05,0,0,0,0,0,0
3.99,1,1,4.937500661e-05,2.58859258e-05,-6.950850445e-06,4.625910813e-05,0.0175983549,-4.242415616e-05,0,0,0,0,-0.004188790205,0,0.01737958114,-0.005188431043,-0.004762805232,0.0002187737654,0.002810612513,0.02545580708,12.86427979,-0,0.2020884116,-0.02964459728,-0.03534965343,0.03615650574,1.021791532,0.0004999748612,-4.760235924,-0.03615650574,-0.0004999748612,-4.832242058,-4.832242058,0.03762042124,-0.2174508926,-2.396844981e-06,-4.601942364e-05,1.438106989e-06,-3.83495197e-05,-0.2174508926,-9.970875121e-05,-2.396844981e-06,-4.601942364e-05,1.438106989e-06,-3.83495197e-05,-0.2174508926,-9.970875121e-05,0,0,0,0,0,0
4,1,1,5.00940601e-05,2.444781881e-05,-7.190534943e-06,4.577973914e-05,0.01755760854,-4.242415616e-05,0,0,0,0,-0.003141592654,0,0.01732745893,-0.005235987756,-0.004748515631,0.0002301496138,0.002955090158,0.02782045013,12.85786396,-0,0.201625084,-0.03096204278,-0.05346713465,0.03799614725,1.020701669,0.0005447138677,-5.202424174,-0.03799614725,-0.0005447138677,-5.29443217,-5.29443217,0.03758319176,-0.2382494476,-3.83495197e-06,-4.314320966e-05,1.917475985e-06,-3.73907817e-05,-0.2382494476,-9.970875121e-05,-3.83495197e-06,-4.314320966e-05,1.917475985e-06,-3.73907817e-05,-0.2382494476,-9.970875121e-05,0,0,0,0,0,0
4.01,1,1,4.985437561e-05,2.56462413e-05,-7.909588438e-06,4.673847713e-05,0.01752045744,-4.194478717e-05,0,0,0,0,-0.003141592654,0,0.01727486186,-0.005283400922,-0.004734095848,0.0002455955801,0.003151698583,0.02959182644,12.85202991,-0,0.2012026095,-0.0327334191,-0.07600125627,0.04050572446,1.020664517,0.0005787820596,-5.533671545,-0.04050572446,-0.0005787820596,-5.650757308,-5.650757308,0.03754605803,-0.2542840788,-3.355582973e-06,-4.554005464e-05,3.355582973e-06,-3.930825769e-05,-0.2542840788,-0.0001006674892,-3.355582973e-06,-4.554005464e-05,3.355582973e-06,-3.930825769e-05,-0.2542840788,-0.0001006674892,0,0,0,0,0,0
4.02,1,1,5.00940601e-05,2.51668723e-05,-7.909588438e-06,4.625910813e-05,0.01748354603,-4.146541817e-05,0,0,0,0,-0.003141592654,0,0.01722179139,-0.00533066924,-0.004719546277,0.0002617546395,0.003357238289,0.03144231601,12.84624828,-0,0.2007828338,-0.03458390866,-0.0961414343,0.0431279166,1.020627606,0.0006143242413,-5.879713094,-0.0431279166,-0.0006143242413,-6.019596769,-6.019596769,0.03750901529,-0.2708818546,-3.83495197e-06,-4.458131665e-05,3.355582973e-06,-3.83495197e-05,-0.2708818546,-0.0001016262272,-3.83495197e-06,-4.458131665e-05,3.355582973e-06,-3.83495197e-05,-0.2708818546,-0.0001016262272,0,0,0,0,0,0
4.03,1,1,5.10527981e-05,2.49271878e-05,-8.388957434e-06,4.673847713e-05,0.01744759336,-4.218447167e-05,0,0,0,0,-0.004188790205,0,0.01716824896,-0.005377791416,-0.004704867317,0.0002793443904,0.003580909018,0.03240472923,12.84063098,-0,0.2003739356,-0.03659351944,-0.1148063025,0.04598113127,1.02164077,0.0006337609312,-6.059684367,-0.04598113127,-0.0006337609312,-6.221105561,-6.221105561,0.03747208288,-0.2799497503,-5.752427955e-06,-4.410194765e-05,4.314320966e-06,-3.930825769e-05,-0.2799497503,-0.0001001881202,-5.752427955e-06,-4.410194765e-05,4.314320966e-06,-3.930825769e-05,-0.2799497503,-0.0001001881202,0,0,0,0,0,0
4.04,1,1,4.985437561e-05,2.420813431e-05,-8.86832643e-06,4.601942364e-05,0.01739558182,-4.242415616e-05,0,0,0,0,-0.004188790205,0,0.01711423605,-0.005424766157,-0.00469005937,0.0002813457655,0.003604263986,0.03267502854,12.83252929,-0,0.1997823512,-0.03686381874,-0.09829131163,0.04625182318,1.021588759,0.0006383528442,-6.110230337,-0.04625182318,-0.0006383528442,-6.255411825,-6.255411825,0.03743517105,-0.2814935321,-3.355582973e-06,-4.266384066e-05,5.273058958e-06,-3.78701507e-05,-0.2814935321,-9.970875121e-05,-3.355582973e-06,-4.266384066e-05,5.273058958e-06,-3.78701507e-05,-0.2814935321,-9.970875121e-05,0,0,0,0,0,0
4.05,1,1,4.961469111e-05,2.444781881e-05,-8.86832643e-06,4.625910813e-05,0.01733422259,-4.194478717e-05,0,0,0,0,-0.006283185307,0,0.01705975414,-0.005471592175,-0.004675122844,0.0002744684501,0.003513716741,0.02986030058,12.82300901,-0,0.1990843771,-0.03614348589,-0.066873426,0.04505642144,1.023627277,0.0005851160796,-5.583876209,-0.04505642144,-0.0005851160796,-5.696391172,-5.696391172,0.03739824856,-0.2563376028,-2.876213977e-06,-4.314320966e-05,5.273058958e-06,-3.83495197e-05,-0.2563376028,-0.0001006674892,-2.876213977e-06,-4.314320966e-05,5.273058958e-06,-3.83495197e-05,-0.2563376028,-0.0001006674892,0,0,0,0,0,0
4.06,1,1,4.889563761e-05,2.54065568e-05,-8.388957434e-06,4.577973914e-05,0.01726591251,-4.170510267e-05,0,0,0,0,-0.006283185307,0,0.01700480471,-0.005518268186,-0.004660058146,0.0002611077955,0.003340211704,0.02841634542,12.81245788,-0,0.1983072493,-0.03469953073,-0.02824487019,0.04279632179,1.023558967,0.0005561974474,-5.313856593,-0.04279632179,-0.0005561974474,-5.385453983,-5.385453983,0.03736130943,-0.2423454292,-1.438106989e-06,-4.506068564e-05,4.314320966e-06,-3.73907817e-05,-0.2423454292,-0.0001011468582,-1.438106989e-06,-4.506068564e-05,4.314320966e-06,-3.73907817e-05,-0.2423454292,-0.0001011468582,0,0,0,0,0,0
4.07,1,1,4.913532211e-05,2.612561029e-05,-8.149272936e-06,4.554005464e-05,0.01719496589,-4.242415616e-05,0,0,0,0,-0.006283185307,0,0.01694938928,-0.005564792912,-0.004644865691,0.0002455766162,0.003139164856,0.02672974046,12.80155252,-0,0.1975000309,-0.03301292577,0.007459139057,0.04018618376,1.023488021,0.0005225952815,-4.998461466,-0.04018618376,-0.0005225952815,-5.031711106,-5.031711106,0.03732434662,-0.2264269998,-1.917475985e-06,-4.649879263e-05,3.83495197e-06,-3.691141271e-05,-0.2264269998,-9.970875121e-05,-1.917475985e-06,-4.649879263e-05,3.83495197e-06,-3.691141271e-05,-0.2264269998,-9.970875121e-05,0,0,0,0,0,0
4.08,1,1,4.961469111e-05,2.612561029e-05,-7.909588438e-06,4.530037014e-05,0.01712761455,-4.242415616e-05,0,0,0,0,-0.005235987756,0,0.01689350936,-0.005611165076,-0.004629545894,0.0002341051898,0.002990338858,0.02654299738,12.79124965,-0,0.1967336288,-0.03177898513,0.02827837452,0.03825017087,1.022370456,0.0005172989414,-4.96354051,-0.03825017087,-0.0005172989414,-4.974029605,-4.974029605,0.03728739439,-0.2238313322,-2.876213977e-06,-4.649879263e-05,3.355582973e-06,-3.643204371e-05,-0.2238313322,-9.970875121e-05,-2.876213977e-06,-4.649879263e-05,3.355582973e-06,-3.643204371e-05,-0.2238313322,-9.970875121e-05,0,0,0,0,0,0
4.09,1,1,5.08131136e-05,2.58859258e-05,-7.669903939e-06,4.577973914e-05,0.0170789586,-4.218447167e-05,0,0,0,0,-0.003141592654,0,0.01683716649,-0.005657383407,-0.004614099176,0.0002417921078,0.003086610103,0.02954163966,12.7838368,-0,0.1961799101,-0.03268323231,0.005561352339,0.03945871983,1.020223019,0.0005727567354,-5.524286616,-0.03945871983,-0.0005727567354,-5.558756741,-5.558756741,0.03725053085,-0.2501440533,-5.273058958e-06,-4.601942364e-05,2.876213977e-06,-3.73907817e-05,-0.2501440533,-0.0001001881202,-5.273058958e-06,-4.601942364e-05,2.876213977e-06,-3.73907817e-05,-0.2501440533,-0.0001001881202,0,0,0,0,0,0
4.1,1,1,4.961469111e-05,2.660497929e-05,-8.628641932e-06,4.530037014e-05,0.01705930447,-4.122573367e-05,0,0,0,0,-0.001047197551,0,0.01678036221,-0.005703446638,-0.00459852596,0.000278942259,0.003559248739,0.03582761824,12.78084961,-0,0.1959562275,-0.03687481579,-0.07258898831,0.04549022287,1.018106776,0.0006910702725,-6.699764611,-0.04549022287,-0.0006910702725,-6.818534893,-6.818534893,0.03721388044,-0.3068340702,-2.876213977e-06,-4.745753063e-05,4.793689962e-06,-3.643204371e-05,-0.3068340702,-0.0001021055962,-2.876213977e-06,-4.745753063e-05,4.793689962e-06,-3.643204371e-05,-0.3068340702,-0.0001021055962,0,0,0,0,0,0
4.11,1,1,4.961469111e-05,2.612561029e-05,-9.347695426e-06,4.625910813e-05,0.01704755993,-4.266384066e-05,0,0,0,0,-0.001047197551,0,0.01672309808,-0.005749353506,-0.004582826673,0.0003244618501,0.004138392029,0.04095050188,12.77906655,-0,0.19582256,-0.04199769944,-0.1531178744,0.05288478716,1.018095032,0.0007890927673,-7.657743852,-0.05288478716,-0.0007890927673,-7.864535607,-7.864535607,0.03717746531,-0.3539041023,-2.876213977e-06,-4.649879263e-05,6.231796951e-06,-3.83495197e-05,-0.3539041023,-9.922938222e-05,-2.876213977e-06,-4.649879263e-05,6.231796951e-06,-3.83495197e-05,-0.3539041023,-9.922938222e-05,0,0,0,0,0,0
4.12,1,1,4.841626862e-05,2.612561029e-05,-9.587379924e-06,4.577973914e-05,0.0170247899,-4.122573367e-05,0,0,0,0,-0.002094395102,0,0.01666537566,-0.005795102752,-0.004567001746,0.000359414236,0.004582033514,0.04384563927,12.77561378,-0,0.1955634012,-0.04594003438,-0.1967594893,0.05853829051,1.019120282,0.0008457578619,-8.199134544,-0.05853829051,-0.0008457578619,-8.455278082,-8.455278082,0.03714124685,-0.3804875137,-4.793689962e-07,-4.649879263e-05,6.711165947e-06,-3.73907817e-05,-0.3804875137,-0.0001021055962,-4.793689962e-07,-4.649879263e-05,6.711165947e-06,-3.73907817e-05,-0.3804875137,-0.0001021055962,0,0,0,0,0,0
4.13,1,1,4.793689962e-05,2.56462413e-05,-9.108010928e-06,4.577973914e-05,0.01697781174,-4.194478717e-05,0,0,0,0,-0.005235987756,0,0.01660719655,-0.005840693123,-0.004551051612,0.0003706151866,0.004721921526,0.04199815399,12.76850761,-0,0.1950286842,-0.04723414175,-0.1834486293,0.06029189095,1.022220653,0.000814263875,-7.853654797,-0.06029189095,-0.000814263875,-8.098209581,-8.098209581,0.03710507433,-0.3644194311,4.793689962e-07,-4.554005464e-05,5.752427955e-06,-3.73907817e-05,-0.3644194311,-0.0001006674892,4.793689962e-07,-4.554005464e-05,5.752427955e-06,-3.73907817e-05,-0.3644194311,-0.0001006674892,0,0,0,0,0,0
4.14,1,1,5.00940601e-05,2.51668723e-05,-8.86832643e-06,4.554005464e-05,0.01691333661,-4.170510267e-05,0,0,0,0,-0.006283185307,0,0.01654856234,-0.005886123369,-0.004534976709,0.0003647742731,0.004644163657,0.04034563961,12.75879295,-0,0.1942947437,-0.04662882492,-0.1385688105,0.05925392255,1.023206392,0.0007829695513,-7.544634607,-0.05925392255,-0.0007829695513,-7.74324031,-7.74324031,0.03706886955,-0.3484458139,-3.83495197e-06,-4.458131665e-05,5.273058958e-06,-3.691141271e-05,-0.3484458139,-0.0001011468582,-3.83495197e-06,-4.458131665e-05,5.273058958e-06,-3.691141271e-05,-0.3484458139,-0.0001011468582,0,0,0,0,0,0
4.15,1,1,4.937500661e-05,2.49271878e-05,-7.909588438e-06,4.530037014e-05,0.01685101864,-4.194478717e-05,0,0,0,0,-0.005235987756,0,0.01648947462,-0.005931392243,-0.004518777477,0.0003615440166,0.004599786991,0.04107828092,12.74944524,-0,0.1935852835,-0.04631426868,-0.107601108,0.05864473237,1.02209386,0.000794678536,-7.681638533,-0.05864473237,-0.000794678536,-7.848679052,-7.848679052,0.03703269012,-0.3531905573,-2.396844981e-06,-4.410194765e-05,3.355582973e-06,-3.643204371e-05,-0.3531905573,-0.0001006674892,-2.396844981e-06,-4.410194765e-05,3.355582973e-06,-3.643204371e-05,-0.3531905573,-0.0001006674892,0,0,0,0,0,0
4.16,1,1,5.00940601e-05,2.54065568e-05,-8.149272936e-06,4.506068564e-05,0.01679373404,-4.170510267e-05,0,0,0,0,-0.005235987756,0,0.01642993503,-0.005976498505,-0.00450245436,0.0003637990113,0.004625343229,0.04137492119,12.74088882,-0,0.1929330607,-0.04661090895,-0.09373187289,0.05893098385,1.022036576,0.0007995465614,-7.737110263,-0.05893098385,-0.0007995465614,-7.890572666,-7.890572666,0.03699655769,-0.35507577,-3.83495197e-06,-4.506068564e-05,3.83495197e-06,-3.595267472e-05,-0.35507577,-0.0001011468582,-3.83495197e-06,-4.506068564e-05,3.83495197e-06,-3.595267472e-05,-0.35507577,-0.0001011468582,0,0,0,0,0,0
4.17,1,1,4.937500661e-05,2.51668723e-05,-7.430219441e-06,4.554005464e-05,0.01674723525,-4.194478717e-05,0,0,0,0,-0.003141592654,0,0.0163699452,-0.006021440919,-0.004486007807,0.0003772900529,0.004793919706,0.04501800518,12.73396896,-0,0.1924035958,-0.04815959784,-0.1055012139,0.06104562471,1.019891295,0.0008654554327,-8.418366969,-0.06104562471,-0.0008654554327,-8.585779263,-8.585779263,0.03696055584,-0.3863600669,-2.396844981e-06,-4.458131665e-05,2.396844981e-06,-3.691141271e-05,-0.3863600669,-0.0001006674892,-2.396844981e-06,-4.458131665e-05,2.396844981e-06,-3.691141271e-05,-0.385314186,-0.0001006674892,0,0,0,0,1,0
4.18,1,1,5.05734291e-05,2.54065568e-05,-7.669903939e-06,4.601942364e-05,0.01671320005,-4.074636468e-05,0,0,0,0,-0.003141592654,0,0.01630950676,-0.006066218251,-0.004469438267,0.0004036932881,0.005126617301,0.04800491863,12.72891837,-0,0.1920160233,-0.05114651129,-0.1409729317,0.06525629313,1.01985726,0.0009219217919,-8.976919784,-0.06525629313,-0.0009219217919,-9.184070931,-9.184070931,0.03692474737,-0.4132831919,-4.793689962e-06,-4.506068564e-05,2.876213977e-06,-3.78701507e-05,-0.4132831919,-0.0001030643342,-4.793689962e-06,-4.506068564e-05,2.876213977e-06,-3.78701507e-05,-0.4132831919,-0.0001030643342,0,0,0,0,0,0
4.19,1,1,5.03337446e-05,2.636529479e-05,-7.669903939e-06,4.554005464e-05,0.01667317274,-4.266384066e-05,0,0,0,0,-0.004188790205,0,0.01624862139,-0.006110829276,-0.004452746195,0.0004245513536,0.005388379222,0.04932603948,12.72299422,-0,0.1915601884,-0.05351482969,-0.1581389845,0.06855631771,1.020866349,0.0009482522553,-9.223969383,-0.06855631771,-0.0009482522553,-9.451612937,-9.451612937,0.03688908794,-0.4253225822,-4.314320966e-06,-4.697816163e-05,2.876213977e-06,-3.691141271e-05,-0.4253225822,-9.922938222e-05,-4.314320966e-06,-4.697816163e-05,2.876213977e-06,-3.691141271e-05,-0.4253225822,-9.922938222e-05,0,0,0,0,0,0
4.2,1,1,5.03337446e-05,2.636529479e-05,-8.86832643e-06,4.601942364e-05,0.01661325162,-4.194478717e-05,0,0,0,0,-0.007330382858,0,0.01618729074,-0.006155272768,-0.004435932049,0.0004259608794,0.005402518123,0.0463862044,12.71415727,-0,0.1908777444,-0.05371658726,-0.1317603985,0.0686884651,1.023957068,0.0008962771727,-8.674220222,-0.0686884651,-0.0008962771727,-8.875565363,-8.875565363,0.03685342836,-0.3994004413,-4.314320966e-06,-4.697816163e-05,5.273058958e-06,-3.78701507e-05,-0.3994004413,-0.0001006674892,-4.314320966e-06,-4.697816163e-05,5.273058958e-06,-3.78701507e-05,-0.3994004413,-0.0001006674892,0,0,0,0,0,0
4.21,1,1,4.937500661e-05,2.612561029e-05,-8.628641932e-06,4.577973914e-05,0.01653127952,-4.194478717e-05,0,0,0,0,-0.01047197551,0,0.0161255165,-0.006199547511,-0.00441899629,0.0004057630236,0.005142127316,0.04103931015,12.70212946,-0,0.1899440522,-0.05151128566,-0.06620206549,0.06531596686,1.027030671,0.0007969577677,-7.674350997,-0.06531596686,-0.0007969577677,-7.806665988,-7.806665988,0.036817648,-0.3512999694,-2.396844981e-06,-4.649879263e-05,4.793689962e-06,-3.73907817e-05,-0.3512999694,-0.0001006674892,-2.396844981e-06,-4.649879263e-05,4.793689962e-06,-3.73907817e-05,-0.3589926576,-0.0001006674892,0,0,0,0,1,0
4.22,1,1,4.913532211e-05,2.636529479e-05,-8.628641932e-06,4.554005464e-05,0.0164171897,-4.146541817e-05,0,0,0,0,-0.01151917306,0,0.01606330035,-0.00624365229,-0.004401939381,0.0003538893437,0.004480256245,0.03425558981,12.68550624,-0,0.1886443188,-0.04577476287,0.05172051503,0.05683431855,1.027969536,0.0006657869084,-6.405795294,-0.05683431855,-0.0006657869084,-6.411574884,-6.411574884,0.03678159932,-0.2885208698,-1.917475985e-06,-4.697816163e-05,4.793689962e-06,-3.691141271e-05,-0.2885208698,-0.0001016262272,-1.917475985e-06,-4.697816163e-05,4.793689962e-06,-3.691141271e-05,-0.2885208698,-0.0001016262272,0,0,0,0,0,0
4.23,1,1,4.889563761e-05,2.54065568e-05,-8.149272936e-06,4.625910813e-05,0.01629566966,-4.218447167e-05,0,0,0,0,-0.01151917306,0,0.01600064402,-0.006287585897,-0.004384761792,0.0002950256372,0.003731154757,0.02773549535,12.66795002,-0,0.1872596736,-0.03925466841,0.161676777,0.04726608196,1.027848016,0.0005384047037,-5.18653763,-0.04726608196,-0.0005384047037,-5.07266534,-5.07266534,0.03674533064,-0.2282699403,-1.438106989e-06,-4.506068564e-05,3.83495197e-06,-3.83495197e-05,-0.2282699403,-0.0001001881202,-1.438106989e-06,-4.506068564e-05,3.83495197e-06,-3.83495197e-05,-0.2282699403,-0.0001001881202,0,0,0,0,0,0
4.24,1,1,4.865595312e-05,2.636529479e-05,-8.149272936e-06,4.506068564e-05,0.01620195302,-4.218447167e-05,0,0,0,0,-0.007330382858,0,0.01593754921,-0.006331347125,-0.004367463991,0.0002644038077,0.003340940391,0.02855155847,12.65451564,-0,0.1861916453,-0.03588194133,0.1922441432,0.04227798244,1.02354577,0.0005490731523,-5.339141434,-0.04227798244,-0.0005490731523,-5.189724347,-5.189724347,0.03670903127,-0.2335375956,-9.587379924e-07,-4.697816163e-05,3.83495197e-06,-3.595267472e-05,-0.2335375956,-0.0001001881202,-9.587379924e-07,-4.697816163e-05,3.83495197e-06,-3.595267472e-05,-0.2335375956,-0.0001001881202,0,0,0,0,0,0
4.25,1,1,4.961469111e-05,2.58859258e-05,-8.149272936e-06,4.601942364e-05,0.01615641296,-4.218447167e-05,0,0,0,0,-0.002094395102,0,0.01587401766,-0.006374934777,-0.004350046455,0.0002823953077,0.003566102907,0.03583882324,12.64802037,-0,0.1856725964,-0.03793321834,0.1175392923,0.04510414221,1.018251905,0.0006814311693,-6.701859945,-0.04510414221,-0.0006814311693,-6.630106226,-6.630106226,0.03667289068,-0.2983547802,-2.876213977e-06,-4.601942364e-05,3.83495197e-06,-3.78701507e-05,-0.2983547802,-0.0001001881202,-2.876213977e-06,-4.601942364e-05,3.83495197e-06,-3.78701507e-05,-0.2983547802,-0.0001001881202,0,0,0,0,0,0
4.26,1,1,4.961469111e-05,2.636529479e-05,-8.149272936e-06,4.601942364e-05,0.01615066054,-4.122573367e-05,0,0,0,0,0,0,0.0158100511,-0.006418347657,-0.00433250966,0.0003406094381,0.004299568128,0.04446979489,12.64720145,-0,0.1856070297,-0.04446979489,-0.02394582473,0.05437750425,1.016150661,0.0008412302009,-8.315851644,-0.05437750425,-0.0008412302009,-8.395016203,-8.395016203,0.03663711741,-0.3777757291,-2.876213977e-06,-4.697816163e-05,3.83495197e-06,-3.78701507e-05,-0.3777757291,-0.0001021055962,-2.876213977e-06,-4.697816163e-05,3.83495197e-06,-3.78701507e-05,-0.3777757291,-0.0001021055962,0,0,0,0,0,0
4.27,1,1,4.937500661e-05,2.58859258e-05,-8.149272936e-06,4.601942364e-05,0.01614682558,-4.146541817e-05,0,0,0,0,0,0,0.01574565129,-0.006461584575,-0.004314854087,0.0004011742944,0.005062174255,0.0512639455,12.64665569,-0,0.1855633182,-0.0512639455,-0.1436747973,0.06401957484,1.016146826,0.0009688087329,-9.586357808,-0.06401957484,-0.0009688087329,-9.795020989,-9.795020989,0.03660170032,-0.4407759445,-2.396844981e-06,-4.601942364e-05,3.83495197e-06,-3.78701507e-05,-0.4407759445,-0.0001016262272,-2.396844981e-06,-4.601942364e-05,3.83495197e-06,-3.78701507e-05,-0.4407759445,-0.0001016262272,0,0,0,0,0,0
4.28,1,1,4.985437561e-05,2.49271878e-05,-9.108010928e-06,4.673847713e-05,0.01613436199,-4.194478717e-05,0,0,0,0,-0.001047197551,0,0.01568082,-0.006504644344,-0.00429708022,0.0004535419932,0.005720524742,0.05609344495,12.64488302,-0,0.1854212539,-0.0571406425,-0.2244698299,0.07233536618,1.017181834,0.001061220058,-10.48947421,-0.07233536618,-0.001061220058,-10.78734062,-10.78734062,0.03656660528,-0.485430328,-3.355582973e-06,-4.410194765e-05,5.752427955e-06,-3.930825769e-05,-0.485430328,-0.0001006674892,-3.355582973e-06,-4.410194765e-05,5.752427955e-06,-3.930825769e-05,-0.4822352344,-0.0001006674892,0,0,0,0,1,0
4.29,1,1,4.937500661e-05,2.468750331e-05,-9.347695426e-06,4.673847713e-05,0.01609529342,-4.122573367e-05,0,0,0,0,-0.005235987756,0,0.015615559,-0.006547525786,-0.004279188546,0.0004797344198,0.006047402411,0.05486431279,12.63933683,-0,0.1849759188,-0.06010030055,-0.2363645855,0.076435156,1.021338135,0.001045466338,-10.25962649,-0.076435156,-0.001045466338,-10.5734717,-10.5734717,0.03653166315,-0.4758062265,-2.396844981e-06,-4.362257866e-05,6.231796951e-06,-3.930825769e-05,-0.4758062265,-0.0001021055962,-2.396844981e-06,-4.362257866e-05,6.231796951e-06,-3.930825769e-05,-0.4758062265,-0.0001021055962,0,0,0,0,0,0
4.3,1,1,4.937500661e-05,2.468750331e-05,-8.628641932e-06,4.649879263e-05,0.01601499911,-4.146541817e-05,0,0,0,0,-0.009424777961,0,0.01554987008,-0.006590227724,-0.004261179556,0.0004651290305,0.005858571927,0.04909259812,12.62798778,-0,0.1840605724,-0.05851737608,-0.1627452647,0.0739819747,1.025461984,0.0009421476937,-9.180315848,-0.0739819747,-0.0009421476937,-9.417985235,-9.417985235,0.03649655861,-0.4238093356,-2.396844981e-06,-4.362257866e-05,4.793689962e-06,-3.882888869e-05,-0.4238093356,-0.0001016262272,-2.396844981e-06,-4.362257866e-05,4.793689962e-06,-3.882888869e-05,-0.4261217251,-0.0001016262272,0,0,0,0,1,0
4.31,1,1,4.985437561e-05,2.396844981e-05,-7.669903939e-06,4.554005464e-05,0.0159100173,-4.146541817e-05,0,0.001047197551,0,0,-0.01256637061,0,0.01548375504,-0.006632748988,-0.004243053744,0.000426262255,0.005363979936,0.04166525717,12.61324972,-0,0.1828636153,-0.05423162778,-0.05314017964,0.06765721842,1.028515866,0.00080359817,-7.79140309,-0.06765721842,-0.00080359817,-7.913004086,-7.913004086,0.0364611648,-0.3560851839,-3.355582973e-06,-0.0001469042268,2.876213977e-06,-3.691141271e-05,-0.3560851839,-0.0001016262272,-3.355582973e-06,-0.0001469042268,2.876213977e-06,-3.691141271e-05,-0.3560851839,-0.0001016262272,0,0,0,0,0,0
4.32,1,1,4.961469111e-05,2.396844981e-05,-6.471481449e-06,4.577973914e-05,0.01576476849,-4.170510267e-05,0,0,0,0,-0.01570796327,0,0.01541721571,-0.006675088411,-0.004224811607,0.0003475527881,0.004368463726,0.02979419635,12.59304569,-0,0.1812072248,-0.04550215962,0.1177849961,0.0550122633,1.031534417,0.0005774526953,-5.571514718,-0.0550122633,-0.0005774526953,-5.509319438,-5.509319438,0.0364254075,-0.2479193747,-2.876213977e-06,-4.218447167e-05,4.793689962e-07,-3.73907817e-05,-0.2479193747,-0.0001011468582,-2.876213977e-06,-4.218447167e-05,4.793689962e-07,-3.73907817e-05,-0.2690492432,-0.0001011468582,0,0,0,0,1,0
4.33,1,1,4.913532211e-05,2.444781881e-05,-6.231796951e-06,4.458131665e-05,0.01560705609,-4.194478717e-05,0,0,0,0,-0.01361356817,0,0.01535025389,-0.006717244834,-0.004206453644,0.0002568022076,0.003223871145,0.02180702694,12.57135282,-0,0.1794082761,-0.0354205951,0.2800743398,0.0405284216,1.029266957,0.0004203776064,-4.077914037,-0.0405284216,-0.0004203776064,-3.838788496,-3.838788496,0.03638931804,-0.1727454823,-1.917475985e-06,-4.314320966e-05,-0,-3.499393672e-05,-0.1727454823,-0.0001006674892,-1.917475985e-06,-4.314320966e-05,-0,-3.499393672e-05,-0.1727454823,-0.0001006674892,0,0,0,0,0,0
4.34,1,1,4.937500661e-05,2.56462413e-05,-6.950850445e-06,4.554005464e-05,0.01549632186,-4.194478717e-05,0,0,0,0,-0.006283185307,0,0.01528287142,-0.0067592171,-0.004187980359,0.0002134504331,0.002677069192,0.02433961347,12.55627337,-0,0.1781449218,-0.03062279878,0.314088328,0.03361401259,1.021789377,0.0004619470523,-4.55150772,-0.03361401259,-0.0004619470523,-4.271495351,-4.271495351,0.03635320373,-0.1922172908,-2.396844981e-06,-4.554005464e-05,1.438106989e-06,-3.691141271e-05,-0.1922172908,-0.0001006674892,-2.396844981e-06,-4.554005464e-05,1.438106989e-06,-3.691141271e-05,-0.1922172908,-0.0001006674892,0,0,0,0,0,0
4.35,1,1,4.961469111e-05,2.58859258e-05,-8.149272936e-06,4.649879263e-05,0.01546708035,-4.146541817e-05,0,0,0,0,0,0,0.01521507016,-0.006801004058,-0.004169392258,0.000252010185,0.003159040774,0.03496974539,12.55231218,-0,0.1778112728,-0.03496974539,0.1745305075,0.03965326598,1.01546708,0.000654863729,-6.539342388,-0.03965326598,-0.000654863729,-6.40512001,-6.40512001,0.03631734458,-0.2882304004,-2.876213977e-06,-4.601942364e-05,3.83495197e-06,-3.882888869e-05,-0.2882304004,-0.0001016262272,-2.876213977e-06,-4.601942364e-05,3.83495197e-06,-3.882888869e-05,-0.2827806844,-0.0001016262272,0,0,0,0,1,0
4.36,1,1,4.985437561e-05,2.636529479e-05,-9.347695426e-06,4.577973914e-05,0.01546732003,-4.194478717e-05,0,0,0,0,0,0,0.01514685196,-0.006842604564,-0.004150689852,0.0003204680685,0.00401573279,0.04265016998,12.55234461,-0,0.1778140077,-0.04265016998,0.002013935806,0.05040686184,1.01546732,0.0007979106238,-7.975581786,-0.05040686184,-0.0007979106238,-8.024772623,-8.024772623,0.03628183676,-0.361114768,-3.355582973e-06,-4.697816163e-05,6.231796951e-06,-3.73907817e-05,-0.361114768,-0.0001006674892,-3.355582973e-06,-4.697816163e-05,6.231796951e-06,-3.73907817e-05,-0.361114768,-0.0001006674892,0,0,0,0,0,0
4.37,1,1,5.00940601e-05,2.684466379e-05,-1.006674892e-05,4.530037014e-05,0.01546732003,-4.074636468e-05,0,0,0,0,0,0,0.0150782187,-0.006884017476,-0.004131873652,0.0003891013355,0.004873990109,0.05034440066,12.55234461,-0,0.1778140077,-0.05034440066,-0.1389488269,0.06118000347,1.01546732,0.0009409434499,-9.414402923,-0.06118000347,-0.0009409434499,-9.615472697,-9.615472697,0.03624670851,-0.4326962714,-3.83495197e-06,-4.793689962e-05,7.669903939e-06,-3.643204371e-05,-0.4326962714,-0.0001030643342,-3.83495197e-06,-4.793689962e-05,7.669903939e-06,-3.643204371e-05,-0.4326962714,-0.0001030643342,0,0,0,0,0,0
4.38,1,1,5.03337446e-05,2.780340178e-05,-1.054611792e-05,4.721784613e-05,0.0154632454,-4.194478717e-05,0,0,0,0,0,0,0.01500917224,-0.00692524166,-0.004112944175,0.0004540731524,0.005685644702,0.05762509188,12.55179332,-0,0.1777675145,-0.05762509188,-0.2463636295,0.07136503719,1.015463245,0.001075979601,-10.77589218,-0.07136503719,-0.001075979601,-11.09469683,-11.09469683,0.03621200792,-0.4992613573,-4.314320966e-06,-4.985437561e-05,8.628641932e-06,-4.026699568e-05,-0.4992613573,-0.0001006674892,-4.314320966e-06,-4.985437561e-05,8.628641932e-06,-4.026699568e-05,-0.4992613573,-0.0001006674892,0,0,0,0,0,0
4.39,1,1,4.913532211e-05,2.612561029e-05,-9.347695426e-06,4.673847713e-05,0.01544718653,-4.218447167e-05,0.001047197551,0,0,0,-0.003141592654,0,0.0149397145,-0.006966275984,-0.004093901939,0.000507472038,0.006351405188,0.06047091381,12.54962224,-0,0.1775842736,-0.06361250646,-0.3100346379,0.07970773578,1.018591247,0.001135006044,-11.30806088,-0.07970773578,-0.001135006044,-11.69893826,-11.69893826,0.03617767096,-0.5264522218,-0.0001066372311,-4.649879263e-05,6.231796951e-06,-3.930825769e-05,-0.5264522218,-0.0001001881202,-0.0001066372311,-4.649879263e-05,6.231796951e-06,-3.930825769e-05,-0.5264522218,-0.0001001881202,0,0,0,0,0,0
4.4,1,1,5.00940601e-05,2.51668723e-05,-7.669903939e-06,4.554005464e-05,0.0153966131,-4.194478717e-05,0,0,0,0,-0.007330382858,0,0.01486984736,-0.007007119324,-0.004074747467,0.000526765745,0.006588690162,0.05847111745,12.54280204,-0,0.1770071721,-0.06580150031,-0.291866028,0.08264063642,1.02274043,0.001105382806,-10.93409896,-0.08264063642,-0.001105382806,-11.30971101,-11.30971101,0.03614341423,-0.5089369955,-3.83495197e-06,-4.458131665e-05,2.876213977e-06,-3.691141271e-05,-0.5089369955,-0.0001006674892,-3.83495197e-06,-4.458131665e-05,2.876213977e-06,-3.691141271e-05,-0.5089369955,-0.0001006674892,0,0,0,0,0,0
4.41,1,1,5.00940601e-05,2.54065568e-05,-6.471481449e-06,4.625910813e-05,0.01530265678,-4.146541817e-05,0,0,0,0,-0.01047197551,0,0.01479957275,-0.007047770561,-0.004055481283,0.0005030840317,0.006287044829,0.05273484432,12.53020018,-0,0.1759349032,-0.06320681983,-0.190328975,0.07877793023,1.025802048,0.001001960648,-9.861415887,-0.07877793023,-0.001001960648,-10.13152475,-10.13152475,0.03610889488,-0.4559186139,-3.83495197e-06,-4.506068564e-05,4.793689962e-07,-3.83495197e-05,-0.4559186139,-0.0001016262272,-3.83495197e-06,-4.506068564e-05,4.793689962e-07,-3.83495197e-05,-0.4559186139,-0.0001016262272,0,0,0,0,0,0
4.42,1,1,4.985437561e-05,2.54065568e-05,-5.512743456e-06,4.506068564e-05,0.01519647655,-4.098604918e-05,0,0,0,0,-0.01256637061,0,0.01472889259,-0.007088228579,-0.004036103917,0.0004675839562,0.005837990242,0.04672861917,12.51606623,-0,0.1747229459,-0.05929498978,-0.08336830559,0.07306867255,1.027802326,0.0008904518749,-8.738251784,-0.07306867255,-0.0008904518749,-8.895579214,-8.895579214,0.03607416318,-0.4003010646,-3.355582973e-06,-4.506068564e-05,-1.438106989e-06,-3.595267472e-05,-0.4003010646,-0.0001025849652,-3.355582973e-06,-4.506068564e-05,-1.438106989e-06,-3.595267472e-05,-0.4133431123,-0.0001025849652,0,0,0,0,1,0
4.43,1,1,4.961469111e-05,2.468750331e-05,-6.231796951e-06,4.601942364e-05,0.01508334547,-4.146541817e-05,0,0,0,0,-0.01047197551,0,0.01465780883,-0.00712849227,-0.004016615899,0.0004255366398,0.005307918149,0.04417977944,12.50113212,-0,0.1734314371,-0.05465175495,0.01693556754,0.06635498609,1.025582737,0.0008374375974,-8.261618755,-0.06635498609,-0.0008374375974,-8.311875611,-8.311875611,0.03603921386,-0.3740344025,-2.876213977e-06,-4.362257866e-05,-0,-3.78701507e-05,-0.3740344025,-0.0001016262272,-2.876213977e-06,-4.362257866e-05,-0,-3.78701507e-05,-0.3740344025,-0.0001016262272,0,0,0,0,0,0
4.44,1,1,5.03337446e-05,2.51668723e-05,-6.711165947e-06,4.554005464e-05,0.01497021438,-4.098604918e-05,0,0,0,0,-0.01256637061,0,0.0145863234,-0.00716856053,-0.003997017763,0.000383890984,0.004783881108,0.03748440713,12.48632666,-0,0.1721397097,-0.05005077775,0.09784481927,0.05973310221,1.027576063,0.0007125951508,-7.009584134,-0.05973310221,-0.0007125951508,-6.972185012,-6.972185012,0.03600407991,-0.3137483255,-4.314320966e-06,-4.458131665e-05,9.587379924e-07,-3.691141271e-05,-0.3137483255,-0.0001025849652,-4.314320966e-06,-4.458131665e-05,9.587379924e-07,-3.691141271e-05,-0.3234760079,-0.0001025849652,0,0,0,0,1,0
4.45,1,1,4.961469111e-05,2.54065568e-05,-7.909588438e-06,4.458131665e-05,0.01485564519,-4.170510267e-05,0,0,0,0,-0.01047197551,0,0.01451443827,-0.00720843226,-0.003977310047,0.0003412069221,0.0042478975,0.03485957051,12.47146367,-0,0.1708313409,-0.04533154602,0.1658883247,0.05297749936,1.025355036,0.0006591878252,-6.518739686,-0.05297749936,-0.0006591878252,-6.406488048,-6.406488048,0.03596879951,-0.2882919622,-2.876213977e-06,-4.506068564e-05,3.355582973e-06,-3.499393672e-05,-0.2882919622,-0.0001011468582,-2.876213977e-06,-4.506068564e-05,3.355582973e-06,-3.499393672e-05,-0.2904157103,-0.0001011468582,0,0,0,0,1,0
4.46,1,1,4.913532211e-05,2.612561029e-05,-8.86832643e-06,4.673847713e-05,0.01476073013,-4.170510267e-05,-0.001047197551,0,0,0,-0.007330382858,0,0.01444215541,-0.007248106368,-0.003957493291,0.0003185747191,0.003962749673,0.03551662247,12.45924972,-0,0.1697472528,-0.04284700532,0.179867161,0.04937288774,1.022104547,0.000666705708,-6.641608401,-0.04937288774,-0.000666705708,-6.511780834,-6.511780834,0.03593347635,-0.2930301375,0.0001028022791,-4.649879263e-05,5.273058958e-06,-3.930825769e-05,-0.2930301375,-0.0001011468582,0.0001028022791,-4.649879263e-05,5.273058958e-06,-3.930825769e-05,-0.2930301375,-0.0001011468582,0,0,0,0,0,0
4.47,1,1,4.937500661e-05,2.636529479e-05,-1.030643342e-05,4.673847713e-05,0.01470416459,-4.194478717e-05,0,0,0,0,-0.002094395102,0,0.01436947681,-0.007287581764,-0.003937568038,0.0003346877843,0.004160449674,0.04258979533,12.45201339,-0,0.1691011083,-0.04468419043,0.1115210451,0.05180597503,1.016799656,0.000790428841,-7.964291727,-0.05180597503,-0.000790428841,-7.905367086,-7.905367086,0.03589832146,-0.3557415189,-2.396844981e-06,-4.697816163e-05,8.149272936e-06,-3.930825769e-05,-0.3557415189,-0.0001006674892,-2.396844981e-06,-4.697816163e-05,8.149272936e-06,-3.930825769e-05,-0.3521675908,-0.0001006674892,0,0,0,0,1,0
4.48,1,1,5.03337446e-05,2.708434829e-05,-1.030643342e-05,4.649879263e-05,0.01468642794,-4.242415616e-05,0,0,0,0,0,0,0.01429640444,-0.007326857369,-0.003917534835,0.000390023494,0.004846098257,0.05089433618,12.44975092,-0,0.1688984927,-0.05089433618,-0.02343883735,0.06033271625,1.014686428,0.0009397199794,-9.517240865,-0.06033271625,-0.0009397199794,-9.601952139,-9.601952139,0.03586356698,-0.4320878462,-4.314320966e-06,-4.841626862e-05,8.149272936e-06,-3.882888869e-05,-0.4320878462,-9.970875121e-05,-4.314320966e-06,-4.841626862e-05,8.149272936e-06,-3.882888869e-05,-0.4320878462,-9.970875121e-05,0,0,0,0,0,0
4.49,1,1,5.00940601e-05,2.756371728e-05,-1.030643342e-05,4.673847713e-05,0.01467875803,-4.146541817e-05,0,0,0,0,0,0,0.01422294033,-0.007365932103,-0.003897394231,0.0004558177053,0.005661293628,0.05826610551,12.44877353,-0,0.1688108735,-0.05826610551,-0.1539828955,0.07047616225,1.014678758,0.001074787008,-10.89576173,-0.07047616225,-0.001074787008,-11.12129557,-11.12129557,0.03582927022,-0.5004583009,-3.83495197e-06,-4.937500661e-05,8.149272936e-06,-3.930825769e-05,-0.5004583009,-0.0001016262272,-3.83495197e-06,-4.937500661e-05,8.149272936e-06,-3.930825769e-05,-0.5004583009,-0.0001016262272,0,0,0,0,0,0
4.5,1,1,4.889563761e-05,2.612561029e-05,-9.587379924e-06,4.625910813e-05,0.01465790548,-4.194478717e-05,0,0,0,0,-0.003141592654,0,0.01414908647,-0.007404804897,-0.003877146778,0.0005088190077,0.006316575405,0.06106700052,12.44611919,-0,0.1685726539,-0.06420859318,-0.2335383542,0.07861685039,1.017801966,0.001132324145,-11.4195291,-0.07861685039,-0.001132324145,-11.73281663,-11.73281663,0.035795342,-0.5279767482,-1.438106989e-06,-4.649879263e-05,6.711165947e-06,-3.83495197e-05,-0.5279767482,-0.0001006674892,-1.438106989e-06,-4.649879263e-05,6.711165947e-06,-3.83495197e-05,-0.5279767482,-0.0001006674892,0,0,0,0,0,0
4.51,1,1,4.913532211e-05,2.54065568e-05,-7.909588438e-06,4.554005464e-05,0.01459822404,-4.146541817e-05,0,0,0,0,-0.007330382858,0,0.01407484491,-0.007443474684,-0.00385679303,0.0005233791352,0.006492973107,0.05853871956,12.43854617,-0,0.1678908131,-0.06586910242,-0.2195256406,0.08076314577,1.021942041,0.001093256084,-10.94674056,-0.08076314577,-0.001093256084,-11.2481226,-11.2481226,0.03576143112,-0.506165517,-1.917475985e-06,-4.506068564e-05,3.355582973e-06,-3.691141271e-05,-0.506165517,-0.0001016262272,-1.917475985e-06,-4.506068564e-05,3.355582973e-06,-3.691141271e-05,-0.506165517,-0.0001016262272,0,0,0,0,0,0
4.52,1,1,5.00940601e-05,2.636529479e-05,-6.711165947e-06,4.577973914e-05,0.01449276286,-4.170510267e-05,0,0,0,0,-0.01256637061,0,0.01400021766,-0.007481940405,-0.003836333547,0.0004925452019,0.006104964671,0.0499086103,12.42525044,-0,0.1666858098,-0.06247498091,-0.1162697321,0.07585571496,1.027098612,0.0009406125002,-9.332910125,-0.07585571496,-0.0009406125002,-9.525976185,-9.525976185,0.03572721352,-0.4286689283,-3.83495197e-06,-4.697816163e-05,9.587379924e-07,-3.73907817e-05,-0.4286689283,-0.0001011468582,-3.83495197e-06,-4.697816163e-05,9.587379924e-07,-3.73907817e-05,-0.4356287141,-0.0001011468582,0,0,0,0,1,0
4.53,1,1,4.985437561e-05,2.660497929e-05,-6.231796951e-06,4.434163215e-05,0.01435206806,-4.098604918e-05,0,0,0,0,-0.01466076572,0,0.01392520678,-0.007520201005,-0.003815768889,0.00042686128,0.005285175564,0.0405353611,12.40768391,-0,0.1650779415,-0.05519612681,0.03904553716,0.06557678782,1.029066568,0.0007661454124,-7.580112525,-0.06557678782,-0.0007661454124,-7.607409921,-7.607409921,0.03569257192,-0.3423334464,-3.355582973e-06,-4.745753063e-05,-0,-3.451456773e-05,-0.3423334464,-0.0001025849652,-3.355582973e-06,-4.745753063e-05,-0,-3.451456773e-05,-0.3477269603,-0.0001025849652,0,0,0,0,1,0
4.54,1,1,4.985437561e-05,2.660497929e-05,-6.231796951e-06,4.577973914e-05,0.01418692544,-4.170510267e-05,0,0,0,0,-0.01675516082,0,0.01384981433,-0.007558255434,-0.003795099619,0.0003371111152,0.00416900087,0.02847228469,12.38731366,-0,0.163190271,-0.04522744551,0.2147666228,0.05164272142,1.03101227,0.0005396520722,-5.324317236,-0.05164272142,-0.0005396520722,-5.161732987,-5.161732987,0.03565750507,-0.2322779844,-3.355582973e-06,-4.745753063e-05,-0,-3.73907817e-05,-0.2322779844,-0.0001011468582,-3.355582973e-06,-4.745753063e-05,-0,-3.73907817e-05,-0.2477269603,-0.0001011468582,0,0,0,0,1,0
4.55,1,1,4.937500661e-05,2.684466379e-05,-7.430219441e-06,4.625910813e-05,0.01403065115,-4.170510267e-05,0,0,0,0,-0.01256637061,0,0.01377404236,-0.00759610265,-0.003774326305,0.000256608786,0.003169853714,0.02371521417,12.36828364,-0,0.1614035659,-0.03628158478,0.3378635908,0.03920564985,1.0266365,0.0004452400043,-4.434745049,-0.03920564985,-0.0004452400043,-4.136532348,-4.136532348,0.03562219291,-0.1861439557,-2.396844981e-06,-4.793689962e-05,2.396844981e-06,-3.83495197e-05,-0.1861439557,-0.0001011468582,-2.396844981e-06,-4.793689962e-05,2.396844981e-06,-3.83495197e-05,-0.1840346925,-0.0001011468582,0,0,0,0,1,0
4.56,1,1,4.937500661e-05,2.58859258e-05,-8.388957434e-06,4.649879263e-05,0.01393142177,-4.218447167e-05,0,0,0,0,-0.005235987756,0,0.01369789297,-0.007633741615,-0.003753449516,0.0002335287991,0.002882304999,0.0285063429,12.35632405,-0,0.1602688608,-0.03374233066,0.3198214232,0.03561469457,1.019174263,0.0005269163956,-5.330686123,-0.03561469457,-0.0005269163956,-5.047006311,-5.047006311,0.03558691902,-0.227115284,-2.396844981e-06,-4.601942364e-05,4.314320966e-06,-3.882888869e-05,-0.227115284,-0.0001001881202,-2.396844981e-06,-4.601942364e-05,4.314320966e-06,-3.882888869e-05,-0.2265045732,-0.0001001881202,0,0,0,0,1,0
4.57,1,1,5.00940601e-05,2.660497929e-05,-1.078580241e-05,4.721784613e-05,0.01391248669,-4.218447167e-05,0,0,0,0,0,0,0.01362136823,-0.007671171298,-0.003732469825,0.0002911184631,0.00359145403,0.04020934713,12.35405281,-0,0.1600523172,-0.04020934713,0.1411196841,0.04436901275,1.013912487,0.0007348597581,-7.519147913,-0.04436901275,-0.0007348597581,-7.423132101,-7.423132101,0.0355520035,-0.3340409446,-3.83495197e-06,-4.745753063e-05,9.108010928e-06,-4.026699568e-05,-0.3340409446,-0.0001001881202,-3.83495197e-06,-4.745753063e-05,9.108010928e-06,-4.026699568e-05,-0.3265045732,-0.0001001881202,0,0,0,0,1,0
4.58,1,1,4.913532211e-05,2.612561029e-05,-1.24635939e-05,4.673847713e-05,0.01391248669,-4.194478717e-05,0,0,0,0,0,0,0.01354447024,-0.007708390671,-0.003711387805,0.0003680164486,0.004538459032,0.04882627118,12.35405281,-0,0.1600523172,-0.04882627118,-0.04222196395,0.05606836255,1.013912487,0.0008914745517,-9.130512711,-0.05606836255,-0.0008914745517,-9.229694512,-9.229694512,0.03551750993,-0.4153362531,-1.917475985e-06,-4.649879263e-05,1.24635939e-05,-3.930825769e-05,-0.4153362531,-0.0001006674892,-1.917475985e-06,-4.649879263e-05,1.24635939e-05,-3.930825769e-05,-0.4153362531,-0.0001006674892,0,0,0,0,0,0
4.59,1,1,4.961469111e-05,2.684466379e-05,-1.198422491e-05,4.721784613e-05,0.01391056922,-4.218447167e-05,0,0,0,0,0,0,0.01346720112,-0.007745398715,-0.003690204036,0.0004433680961,0.005465653609,0.05726440647,12.353823,-0,0.1600303884,-0.05726440647,-0.1886367376,0.06752171729,1.013910569,0.001044531846,-10.70844401,-0.06752171729,-0.001044531846,-10.965647,-10.965647,0.03548348343,-0.4934541148,-2.876213977e-06,-4.793689962e-05,1.150485591e-05,-4.026699568e-05,-0.4934541148,-0.0001001881202,-2.876213977e-06,-4.793689962e-05,1.150485591e-05,-4.026699568e-05,-0.4934541148,-0.0001001881202,0,0,0,0,0,0
4.6,1,1,5.03337446e-05,2.636529479e-05,-1.102548691e-05,4.745753063e-05,0.01390122152,-4.146541817e-05,0,0,0,0,-0.002094395102,0,0.01338956298,-0.007782194414,-0.003668919099,0.0005116585437,0.006304908409,0.06281560283,12.35270322,-0,0.1599234847,-0.06490999794,-0.2933285716,0.07788266241,1.015996713,0.001149419123,-11.74651773,-0.07788266241,-0.001149419123,-12.11887838,-12.11887838,0.0354499265,-0.5453495272,-4.314320966e-06,-4.697816163e-05,9.587379924e-06,-4.074636468e-05,-0.5453495272,-0.0001016262272,-4.314320966e-06,-4.697816163e-05,9.587379924e-06,-4.074636468e-05,-0.5453495272,-0.0001016262272,0,0,0,0,0,0
4.61,1,1,4.985437561e-05,2.612561029e-05,-1.006674892e-05,4.649879263e-05,0.01385735926,-4.170510267e-05,0,0,0,0,-0.006283185307,0,0.01331155794,-0.007818776761,-0.003647533576,0.0005458013146,0.006721750112,0.06246618539,12.34746021,-0,0.1594218415,-0.06874937069,-0.3084189764,0.08299654206,1.020150414,0.001151306019,-11.68117667,-0.08299654206,-0.001151306019,-12.07374349,-12.07374349,0.03541656383,-0.5433184571,-3.355582973e-06,-4.649879263e-05,7.669903939e-06,-3.882888869e-05,-0.5433184571,-0.0001011468582,-3.355582973e-06,-4.649879263e-05,7.669903939e-06,-3.882888869e-05,-0.5433184571,-0.0001011468582,0,0,0,0,0,0
4.62,1,1,4.937500661e-05,2.732403278e-05,-7.909588438e-06,4.625910813e-05,0.01375741082,-4.170510267e-05,0,0,0,0,-0.01361356817,0,0.01323318816,-0.007855144753,-0.003626048054,0.0005242226656,0.006450562617,0.05277031379,12.33558287,-0,0.15827864,-0.06638388196,-0.2068212808,0.07957144971,1.027417311,0.0009855731091,-9.868048679,-0.07957144971,-0.0009855731091,-10.15542698,-10.15542698,0.03538292883,-0.4569942142,-2.396844981e-06,-4.889563761e-05,3.355582973e-06,-3.83495197e-05,-0.4569942142,-0.0001011468582,-2.396844981e-06,-4.889563761e-05,3.355582973e-06,-3.83495197e-05,-0.4734109618,-0.0001011468582,0,0,0,0,1,0
4.63,1,1,4.985437561e-05,2.612561029e-05,-5.752427955e-06,4.554005464e-05,0.01360305401,-4.194478717e-05,0,0,0,0,-0.01675516082,0,0.01315445577,-0.007891297391,-0.003604463122,0.0004485982394,0.005513964553,0.04124058127,12.31743017,-0,0.1565128137,-0.05799574209,-0.0141383972,0.06791787336,1.030428399,0.0007740101055,-7.711988697,-0.06791787336,-0.0007740101055,-7.794818978,-7.794818978,0.0353487359,-0.350766854,-3.355582973e-06,-4.649879263e-05,-9.587379924e-07,-3.691141271e-05,-0.350766854,-0.0001006674892,-3.355582973e-06,-4.649879263e-05,-9.587379924e-07,-3.691141271e-05,-0.3734109618,-0.0001006674892,0,0,0,0,1,0
4.64,1,1,5.00940601e-05,2.58859258e-05,-5.992112453e-06,4.506068564e-05,0.01340723177,-4.242415616e-05,0,0,0,0,-0.02094395102,0,0.01307536293,-0.007927233686,-0.003582779372,0.0003318688405,0.0040739659,0.02407119153,12.29473213,-0,0.1542720977,-0.04501514255,0.227277976,0.05008831943,1.034460845,0.0004548677435,-4.501312815,-0.05008831943,-0.0004548677435,-4.324578026,-4.324578026,0.03531395694,-0.1946060112,-3.83495197e-06,-4.601942364e-05,-4.793689962e-07,-3.595267472e-05,-0.1946060112,-9.970875121e-05,-3.83495197e-06,-4.601942364e-05,-4.793689962e-07,-3.595267472e-05,-0.2734109618,-9.970875121e-05,0,0,0,0,1,0
4.65,1,1,4.961469111e-05,2.660497929e-05,-6.471481449e-06,4.601942364e-05,0.01321069048,-4.242415616e-05,0,0,0,0,-0.01570796327,0,0.01299591182,-0.007962952651,-0.003560997398,0.0002147786652,0.002633240367,0.01627092422,12.27232133,-0,0.1520225661,-0.03197888748,0.4229725757,0.03231597191,1.028980339,0.0003039163179,-3.042662828,-0.03231597191,-0.0003039163179,-2.652310141,-2.652310141,0.03527884676,-0.1193539563,-2.876213977e-06,-4.745753063e-05,4.793689962e-07,-3.78701507e-05,-0.1193539563,-9.970875121e-05,-2.876213977e-06,-4.745753063e-05,4.793689962e-07,-3.78701507e-05,-0.1734109618,-9.970875121e-05,0,0,0,0,1,0
4.66,1,1,5.00940601e-05,2.51668723e-05,-8.149272936e-06,4.601942364e-05,0.01308461644,-4.194478717e-05,0,0,0,0,-0.007330382858,0,0.0129161046,-0.007998453308,-0.003539117797,0.0001685118314,0.002064060831,0.01951473832,12.25814024,-0,0.1505792678,-0.02684512118,0.4364985016,0.02530154712,1.020428433,0.000358115345,-3.649256067,-0.02530154712,-0.000358115345,-3.238417227,-3.238417227,0.03524373317,-0.1457287752,-3.83495197e-06,-4.458131665e-05,3.83495197e-06,-3.78701507e-05,-0.1457287752,-0.0001006674892,-3.83495197e-06,-4.458131665e-05,3.83495197e-06,-3.78701507e-05,-0.1457287752,-0.0001006674892,0,0,0,0,0,0
4.67,1,1,5.03337446e-05,2.636529479e-05,-1.006674892e-05,4.625910813e-05,0.01304866376,-4.218447167e-05,0,0,0,0,0,0,0.01283594348,-0.008033734684,-0.00351714117,0.0002127202797,0.002604192489,0.03182006784,12.25412399,-0,0.1501676373,-0.03182006784,0.2626002335,0.03191209766,1.013048664,0.0005749452649,-5.950352686,-0.03191209766,-0.0005749452649,-5.720239495,-5.720239495,0.03520886207,-0.2574107773,-4.314320966e-06,-4.697816163e-05,7.669903939e-06,-3.83495197e-05,-0.2574107773,-0.0001001881202,-4.314320966e-06,-4.697816163e-05,7.669903939e-06,-3.83495197e-05,-0.2386672353,-0.0001001881202,0,0,0,0,1,0
4.68,1,1,4.889563761e-05,2.708434829e-05,-1.29429629e-05,4.673847713e-05,0.01305058124,-4.194478717e-05,0,0,0,0,0,0,0.01275543065,-0.00806879581,-0.003495068119,0.0002951505921,0.003612056902,0.0410602185,12.25433788,-0,0.1501895914,-0.0410602185,0.04542142449,0.04426336571,1.013050581,0.0007411774739,-7.678260859,-0.04426336571,-0.0007411774739,-7.677843977,-7.677843977,0.03517437,-0.345502979,-1.438106989e-06,-4.841626862e-05,1.342233189e-05,-3.930825769e-05,-0.345502979,-0.0001006674892,-1.438106989e-06,-4.841626862e-05,1.342233189e-05,-3.930825769e-05,-0.3386672353,-0.0001006674892,0,0,0,0,1,0
4.69,1,1,4.913532211e-05,2.780340178e-05,-1.342233189e-05,4.601942364e-05,0.01305034155,-4.146541817e-05,0,0,0,0,0,0,0.0126745683,-0.008103635727,-0.003472899249,0.0003757732501,0.004597050511,0.05009174821,12.25431114,-0,0.1501868472,-0.05009174821,-0.1279515595,0.05633368728,1.013050342,0.0009033282562,-9.367156915,-0.05633368728,-0.0009033282562,-9.55234549,-9.55234549,0.03514030341,-0.4298555471,-1.917475985e-06,-4.985437561e-05,1.438106989e-05,-3.78701507e-05,-0.4298555471,-0.0001016262272,-1.917475985e-06,-4.985437561e-05,1.438106989e-05,-3.78701507e-05,-0.4298555471,-0.0001016262272,0,0,0,0,0,0
4.7,1,1,4.937500661e-05,2.756371728e-05,-1.126517141e-05,4.577973914e-05,0.01304794471,-4.170510267e-05,0,0,0,0,0,0,0.01259335867,-0.008138253478,-0.003450635167,0.0004545860366,0.005559142241,0.0589149039,12.25404379,-0,0.1501594045,-0.0589149039,-0.26586982,0.06812197245,1.013047945,0.001061418878,-11.01708703,-0.06812197245,-0.001061418878,-11.35214024,-11.35214024,0.03510673181,-0.5108463109,-2.396844981e-06,-4.937500661e-05,1.006674892e-05,-3.73907817e-05,-0.5108463109,-0.0001011468582,-2.396844981e-06,-4.937500661e-05,1.006674892e-05,-3.73907817e-05,-0.5108463109,-0.0001011468582,0,0,0,0,0,0
4.71,1,1,5.03337446e-05,2.684466379e-05,-1.030643342e-05,4.577973914e-05,0.01303811764,-4.218447167e-05,0,0,0,0,-0.001047197551,0,0.01251180398,-0.008172648115,-0.003428276485,0.0005263136665,0.006433690546,0.06589536674,12.25294823,-0,0.1500468887,-0.06694256429,-0.3635616107,0.07883167716,1.014085589,0.001188491262,-12.32243358,-0.07883167716,-0.001188491262,-12.76601536,-12.76601536,0.03507367067,-0.5744706912,-4.314320966e-06,-4.793689962e-05,8.149272936e-06,-3.73907817e-05,-0.5744706912,-0.0001001881202,-4.314320966e-06,-4.793689962e-05,8.149272936e-06,-3.73907817e-05,-0.5726662067,-0.0001001881202,0,0,0,0,1,0
4.72,1,1,5.00940601e-05,2.732403278e-05,-9.587379924e-06,4.625910813e-05,0.01299497443,-4.170510267e-05,0,0,0,0,-0.006283185307,0,0.01242990646,-0.008206818694,-0.003405823814,0.000565067978,0.006903596746,0.06501074526,12.24814931,-0,0.1495529001,-0.07129393056,-0.3749865421,0.08455628375,1.019288029,0.001183489365,-12.15700936,-0.08455628375,-0.001183489365,-12.61773568,-12.61773568,0.03504085162,-0.5677981055,-3.83495197e-06,-4.889563761e-05,6.711165947e-06,-3.83495197e-05,-0.5677981055,-0.0001011468582,-3.83495197e-06,-4.889563761e-05,6.711165947e-06,-3.83495197e-05,-0.5677981055,-0.0001011468582,0,0,0,0,0,0
4.73,1,1,5.00940601e-05,2.684466379e-05,-8.388957434e-06,4.577973914e-05,0.01289646411,-4.122573367e-05,0,0,0,0,-0.01151917306,0,0.01234766835,-0.00824076428,-0.003383277772,0.000548795752,0.006699437671,0.05799764261,12.23725814,-0,0.1484248565,-0.06951681568,-0.2721595312,0.08198274818,1.02444881,0.001065532337,-10.84555917,-0.08198274818,-0.001065532337,-11.20076698,-11.20076698,0.03500777604,-0.5040345141,-3.83495197e-06,-4.793689962e-05,4.314320966e-06,-3.73907817e-05,-0.5040345141,-0.0001021055962,-3.83495197e-06,-4.793689962e-05,4.314320966e-06,-3.73907817e-05,-0.5040345141,-0.0001021055962,0,0,0,0,0,0
4.74,1,1,4.961469111e-05,2.612561029e-05,-7.190534943e-06,4.554005464e-05,0.01272988338,-4.146541817e-05,0,0,0,0,-0.01884955592,0,0.01226509192,-0.00827448394,-0.003360638975,0.0004647914556,0.005667747147,0.04134211742,12.21905062,-0,0.1465170138,-0.06019167334,-0.04933232121,0.0692544893,1.031668266,0.0007695397542,-7.730975957,-0.0692544893,-0.0007695397542,-7.850332308,-7.850332308,0.03497404738,-0.3532649538,-2.876213977e-06,-4.649879263e-05,1.917475985e-06,-3.691141271e-05,-0.3532649538,-0.0001016262272,-2.876213977e-06,-4.649879263e-05,1.917475985e-06,-3.691141271e-05,-0.4040345141,-0.0001016262272,0,0,0,0,1,0
4.75,1,1,4.889563761e-05,2.58859258e-05,-6.471481449e-06,4.506068564e-05,0.01250961333,-4.194478717e-05,0,0,0,0,-0.02408554368,0,0.01218217943,-0.008307976752,-0.003337908044,0.0003274338947,0.003987529241,0.02081973539,12.19537732,-0,0.1439936525,-0.04490527906,0.2408990228,0.04862942369,1.036740185,0.000390972427,-3.893290517,-0.04862942369,-0.000390972427,-3.701411891,-3.701411891,0.03493959874,-0.1665635351,-1.438106989e-06,-4.601942364e-05,4.793689962e-07,-3.595267472e-05,-0.1665635351,-0.0001006674892,-1.438106989e-06,-4.601942364e-05,4.793689962e-07,-3.595267472e-05,-0.3040345141,-0.0001006674892,0,0,0,0,1,0
4.76,1,1,4.841626862e-05,2.58859258e-05,-6.950850445e-06,4.530037014e-05,0.01228982264,-4.098604918e-05,0,0,0,0,-0.01989675347,0,0.01209893315,-0.008341241796,-0.003315085603,0.0001908894929,0.002321656296,0.009793177404,12.17221026,-0,0.1414750937,-0.02968993088,0.4738928141,0.02825968858,1.032285546,0.0001821469121,-1.831324175,-0.02825968858,-0.0001821469121,-1.385873196,-1.385873196,0.03490479774,-0.06236429382,-4.793689962e-07,-4.601942364e-05,1.438106989e-06,-3.643204371e-05,-0.06236429382,-0.0001025849652,-4.793689962e-07,-4.601942364e-05,1.438106989e-06,-3.643204371e-05,-0.2040345141,-0.0001025849652,0,0,0,0,1,0
4.77,1,1,4.961469111e-05,2.636529479e-05,-7.909588438e-06,4.625910813e-05,0.01211485296,-4.146541817e-05,0,0,0,0,-0.01361356817,0,0.01201535536,-0.008374278161,-0.003292172277,9.949759999e-05,0.001208795864,0.005892757546,12.15409072,-0,0.1394696498,-0.01950632571,0.5711854971,0.01469181459,1.025774753,0.000108115295,-1.101945661,-0.01469181459,-0.000108115295,-0.5455600939,-0.5455600939,0.03486993518,-0.02455020423,-2.876213977e-06,-4.697816163e-05,3.355582973e-06,-3.83495197e-05,-0.02455020423,-0.0001016262272,-2.876213977e-06,-4.697816163e-05,3.355582973e-06,-3.83495197e-05,-0.1040345141,-0.0001016262272,0,0,0,0,1,0
4.78,1,1,5.05734291e-05,2.660497929e-05,-9.827064422e-06,4.601942364e-05,0.01200004408,-4.146541817e-05,0,0,0,0,-0.007330382858,0,0.01193144835,-0.008407084941,-0.003269168694,6.85957326e-05,0.0008326751506,0.008752408794,12.14235636,-0,0.1381535188,-0.01608279165,0.5268043588,0.01011063841,1.019343861,0.0001584161637,-1.636700444,-0.01011063841,-0.0001584161637,-1.12016514,-1.12016514,0.03483510218,-0.05040743131,-4.793689962e-06,-4.745753063e-05,7.190534943e-06,-3.78701507e-05,-0.05040743131,-0.0001016262272,-4.793689962e-06,-4.745753063e-05,7.190534943e-06,-3.78701507e-05,-0.05040743131,-0.0001016262272,0,0,0,0,0,0
4.79,1,1,4.961469111e-05,2.780340178e-05,-1.150485591e-05,4.601942364e-05,0.01197128194,-4.170510267e-05,0,0,0,0,0,0,0.01184721443,-0.008439661236,-0.003246075486,0.0001240675162,0.001505332192,0.02231935289,12.13943584,-0,0.1378237708,-0.02231935289,0.3134482345,0.01827388357,1.011971282,0.0003977550825,-4.17371899,-0.01827388357,-0.0003977550825,-3.878942394,-3.878942394,0.03480043279,-0.1745524077,-2.876213977e-06,-4.985437561e-05,1.054611792e-05,-3.78701507e-05,-0.1745524077,-0.0001011468582,-2.876213977e-06,-4.985437561e-05,1.054611792e-05,-3.78701507e-05,-0.1504074313,-0.0001011468582,0,0,0,0,1,0
4.8,1,1,4.913532211e-05,2.684466379e-05,-1.198422491e-05,4.697816163e-05,0.0119734391,-4.170510267e-05,0,0,0,0,0,0,0.0117626559,-0.008472006154,-0.003222893285,0.0002107832068,0.002556596718,0.03204429571,12.13965462,-0,0.1378485023,-0.03204429571,0.07816895732,0.03103620115,1.011973439,0.000570501784,-5.992283298,-0.03103620115,-0.000570501784,-5.945721043,-5.945721043,0.03476604349,-0.267557447,-1.917475985e-06,-4.793689962e-05,1.150485591e-05,-3.978762669e-05,-0.267557447,-0.0001011468582,-1.917475985e-06,-4.793689962e-05,1.150485591e-05,-3.978762669e-05,-0.2504074313,-0.0001011468582,0,0,0,0,1,0
4.81,1,1,5.08131136e-05,2.58859258e-05,-1.174454041e-05,4.721784613e-05,0.01197439784,-4.170510267e-05,0,0,0,0,0,0,0.01167777508,-0.008504118807,-0.003199622727,0.0002966227635,0.003596504779,0.04166427999,12.13975186,-0,0.1378594941,-0.04166427999,-0.1119694027,0.04366067559,1.011974398,0.00074104605,-7.791220359,-0.04366067559,-0.00074104605,-7.947591483,-7.947591483,0.03473201184,-0.3576416167,-5.273058958e-06,-4.601942364e-05,1.102548691e-05,-4.026699568e-05,-0.3576416167,-0.0001011468582,-5.273058958e-06,-4.601942364e-05,1.102548691e-05,-4.026699568e-05,-0.3504074313,-0.0001011468582,0,0,0,0,1,0
4.82,1,1,5.00940601e-05,2.660497929e-05,-1.078580241e-05,4.625910813e-05,0.01197104226,-4.266384066e-05,0,0,0,0,0,0,0.0115925743,-0.008535998316,-0.003176264449,0.0003784679608,0.004587199711,0.05083165893,12.13941154,-0,0.1378210229,-0.05083165893,-0.2590312593,0.05568590511,1.011971042,0.0009032164555,-9.505520219,-0.05568590511,-0.0009032164555,-9.8211406,-9.8211406,0.03469841263,-0.441951327,-3.83495197e-06,-4.745753063e-05,9.108010928e-06,-3.83495197e-05,-0.441951327,-9.922938222e-05,-3.83495197e-06,-4.745753063e-05,9.108010928e-06,-3.83495197e-05,-0.4386565489,-9.922938222e-05,0,0,0,0,1,0
4.83,1,1,5.00940601e-05,2.612561029e-05,-8.628641932e-06,4.577973914e-05,0.01196600888,-4.194478717e-05,0,0,0,0,-0.001047197551,0,0.01150705589,-0.008567643806,-0.003152819092,0.0004589529923,0.005560659552,0.05879392252,12.13890125,-0,0.1377633158,-0.05984112007,-0.3762809781,0.06750029718,1.013013481,0.001045849524,-10.99446351,-0.06750029718,-0.001045849524,-11.43929064,-11.43929064,0.03466531125,-0.5147680786,-3.83495197e-06,-4.649879263e-05,4.793689962e-06,-3.73907817e-05,-0.5147680786,-0.0001006674892,-3.83495197e-06,-4.649879263e-05,4.793689962e-06,-3.73907817e-05,-0.5147680786,-0.0001006674892,0,0,0,0,0,0
4.84,1,1,4.985437561e-05,2.58859258e-05,-8.388957434e-06,4.577973914e-05,0.0119348499,-4.170510267e-05,0,0,0,0,-0.005235987756,0,0.0114212222,-0.00859905441,-0.0031292873,0.0005136276947,0.006220133547,0.06073234257,12.13574755,-0,0.1374060739,-0.06596833032,-0.4182198563,0.07548597046,1.017177692,0.001088201143,-11.35694806,-0.07548597046,-0.001088201143,-11.85174209,-11.85174209,0.03463254825,-0.5333283939,-3.355582973e-06,-4.601942364e-05,4.314320966e-06,-3.73907817e-05,-0.5333283939,-0.0001011468582,-3.355582973e-06,-4.601942364e-05,4.314320966e-06,-3.73907817e-05,-0.5333283939,-0.0001011468582,0,0,0,0,0,0
4.85,1,1,4.961469111e-05,2.636529479e-05,-7.669903939e-06,4.577973914e-05,0.01184568727,-4.194478717e-05,0,0,0,0,-0.01151917306,0,0.01133507559,-0.008630229266,-0.003105669716,0.0005106116766,0.006179209106,0.05414519615,12.12677286,-0,0.1363837393,-0.06566436922,-0.3338268967,0.07493386531,1.023398033,0.0009811433589,-10.12515168,-0.07493386531,-0.0009811433589,-10.53489359,-10.53489359,0.03459966328,-0.4740702114,-2.876213977e-06,-4.697816163e-05,2.876213977e-06,-3.73907817e-05,-0.4740702114,-0.0001006674892,-2.876213977e-06,-4.697816163e-05,2.876213977e-06,-3.73907817e-05,-0.4740702114,-0.0001006674892,0,0,0,0,0,0
4.86,1,1,4.913532211e-05,2.708434829e-05,-7.190534943e-06,4.577973914e-05,0.01170187657,-4.122573367e-05,0,-0.001047197551,0,0,-0.01466076572,0,0.01124861841,-0.00866116752,-0.003081966989,0.0004532581592,0.005480050574,0.04464130515,12.11245261,-0,0.1347345867,-0.05930207086,-0.1551715485,0.06637685289,1.026416377,0.0008129227347,-8.347924062,-0.06637685289,-0.0008129227347,-8.570285386,-8.570285386,0.03456631822,-0.3856628424,-1.917475985e-06,5.63034865e-05,1.917475985e-06,-3.73907817e-05,-0.3856628424,-0.0001021055962,-1.917475985e-06,5.63034865e-05,1.917475985e-06,-3.73907817e-05,-0.3856628424,-0.0001021055962,0,0,0,0,0,0
4.87,1,1,4.889563761e-05,2.732403278e-05,-6.950850445e-06,4.601942364e-05,0.01155686745,-4.170510267e-05,0,0,0,0,-0.01256637061,0,0.01116185303,-0.008691868324,-0.003058179768,0.0003950144153,0.004771447602,0.04027033361,12.09820629,-0,0.1330714116,-0.05283670422,-0.009156371637,0.05772595741,1.024162716,0.0007294001776,-7.530552384,-0.05772595741,-0.0007294001776,-7.598164113,-7.598164113,0.03453268503,-0.3419173851,-1.438106989e-06,-4.889563761e-05,1.438106989e-06,-3.78701507e-05,-0.3419173851,-0.0001011468582,-1.438106989e-06,-4.889563761e-05,1.438106989e-06,-3.78701507e-05,-0.3419173851,-0.0001011468582,0,0,0,0,0,0
4.88,1,1,4.913532211e-05,2.780340178e-05,-7.669903939e-06,4.625910813e-05,0.01143630614,-4.194478717e-05,0,0,0,0,-0.00837758041,0,0.01107478184,-0.008722330836,-0.003034308706,0.0003615243075,0.004363334877,0.04075298728,12.08650914,-0,0.1316884282,-0.04913056769,0.05856262485,0.05273748687,1.019831433,0.0007311973145,-7.620808622,-0.05273748687,-0.0007311973145,-7.615714681,-7.615714681,0.03449896001,-0.3427071606,-1.917475985e-06,-4.985437561e-05,2.876213977e-06,-3.83495197e-05,-0.3427071606,-0.0001006674892,-1.917475985e-06,-4.985437561e-05,2.876213977e-06,-3.83495197e-05,-0.3427071606,-0.0001006674892,0,0,0,0,0,0
4.89,1,1,4.937500661e-05,2.780340178e-05,-9.587379924e-06,4.721784613e-05,0.01134762288,-4.170510267e-05,0,0,0,0,-0.007330382858,0.001047197551,0.01098740721,-0.008752554221,-0.003010354456,0.0003602156681,0.004344546658,0.04168489942,12.07799002,-0,0.1306710031,-0.04901528228,0.04926080649,0.05247339118,1.018691439,0.0007455194272,-7.795076191,-0.05247339118,-0.0007455194272,-7.799034295,-7.799034295,0.03446534214,-0.3509565433,-2.396844981e-06,-4.985437561e-05,6.711165947e-06,-4.026699568e-05,-0.3509565433,-0.0002058666133,-2.396844981e-06,-4.985437561e-05,6.711165947e-06,-4.026699568e-05,-0.3509565433,-0.0002058666133,0,0,0,0,0,0
4.9,1,1,5.03337446e-05,2.756371728e-05,-1.030643342e-05,4.697816163e-05,0.01128290806,-4.194478717e-05,0,0,0,0,-0.005235987756,0,0.01089973155,-0.00878253765,-0.002986317676,0.0003831765133,0.00461874435,0.04637235271,12.07181883,-0,0.1299284934,-0.05160834047,-0.007528062009,0.05575664503,1.01652575,0.000825028718,-8.671629957,-0.05575664503,-0.000825028718,-8.735739693,-8.735739693,0.03443191142,-0.3931082862,-4.314320966e-06,-4.937500661e-05,8.149272936e-06,-3.978762669e-05,-0.3931082862,-0.0001006674892,-4.314320966e-06,-4.937500661e-05,8.149272936e-06,-3.978762669e-05,-0.3910994924,-0.0001006674892,0,0,0,0,1,0
4.91,1,1,4.961469111e-05,2.732403278e-05,-1.030643342e-05,4.721784613e-05,0.01122873937,-4.194478717e-05,0,0,0,0,-0.005235987756,0,0.01081175726,-0.008812280302,-0.002962199025,0.0004169821075,0.005023479596,0.05017478233,12.06668277,-0,0.1293069438,-0.05541077009,-0.07588720032,0.06061673468,1.016471581,0.0008917232122,-9.382684297,-0.06061673468,-0.0008917232122,-9.520079955,-9.520079955,0.03439872129,-0.428403598,-2.876213977e-06,-4.889563761e-05,8.149272936e-06,-4.026699568e-05,-0.428403598,-0.0001006674892,-2.876213977e-06,-4.889563761e-05,8.149272936e-06,-4.026699568e-05,-0.428403598,-0.0001006674892,0,0,0,0,0,0
4.92,1,1,4.913532211e-05,2.732403278e-05,-1.126517141e-05,4.673847713e-05,0.01117121509,-4.194478717e-05,0,0,0,0,-0.006283185307,0,0.01072348675,-0.00884178136,-0.002937999163,0.0004477283379,0.005390877263,0.05258770806,12.06125788,-0,0.1286468499,-0.05887089337,-0.1248880682,0.06502076088,1.01746427,0.0009355346908,-9.833901407,-0.06502076088,-0.0009355346908,-10.02474577,-10.02474577,0.03436573934,-0.4511135597,-1.917475985e-06,-4.889563761e-05,1.006674892e-05,-3.930825769e-05,-0.4511135597,-0.0001006674892,-1.917475985e-06,-4.889563761e-05,1.006674892e-05,-3.930825769e-05,-0.4511135597,-0.0001006674892,0,0,0,0,0,0
4.93,1,1,5.03337446e-05,2.708434829e-05,-9.108010928e-06,4.673847713e-05,0.01109163983,-4.194478717e-05,0,0,0,0,-0.00837758041,0,0.01063492244,-0.008871040016,-0.002913718755,0.0004567173937,0.005495593389,0.05152604778,12.05380322,-0,0.1277336505,-0.05990362818,-0.1199483899,0.06624280128,1.019486766,0.000919413778,-9.635370934,-0.06624280128,-0.000919413778,-9.822481539,-9.822481539,0.03433280603,-0.4420116693,-4.314320966e-06,-4.841626862e-05,5.752427955e-06,-3.930825769e-05,-0.4420116693,-0.0001006674892,-4.314320966e-06,-4.841626862e-05,5.752427955e-06,-3.930825769e-05,-0.4420116693,-0.0001006674892,0,0,0,0,0,0
4.94,1,1,5.03337446e-05,2.780340178e-05,-8.628641932e-06,4.530037014e-05,0.01097443411,-4.170510267e-05,0,0,0,0,-0.01256637061,0,0.01054606676,-0.008900055469,-0.002889358466,0.0004283673546,0.00515045222,0.04420462793,12.04292831,-0,0.1263884608,-0.05677099855,-0.03970896463,0.06202652683,1.023580283,0.000794352746,-8.266265423,-0.06202652683,-0.000794352746,-8.368795268,-8.368795268,0.0342996508,-0.376595787,-4.314320966e-06,-4.985437561e-05,4.793689962e-06,-3.643204371e-05,-0.376595787,-0.0001011468582,-4.314320966e-06,-4.985437561e-05,4.793689962e-06,-3.643204371e-05,-0.376595787,-0.0001011468582,0,0,0,0,0,0
4.95,1,1,4.913532211e-05,2.708434829e-05,-6.711165947e-06,4.577973914e-05,0.01085171565,-4.146541817e-05,0,0,0,0,-0.01151917306,0,0.01045692214,-0.008928826922,-0.002864918963,0.0003947935072,0.004743017823,0.04153509687,12.03167564,-0,0.1249798159,-0.05305426993,0.03554647638,0.057066452,1.022404062,0.0007439439862,-7.767063114,-0.057066452,-0.0007439439862,-7.789327033,-7.789327033,0.03426632932,-0.3505197165,-1.917475985e-06,-4.841626862e-05,9.587379924e-07,-3.73907817e-05,-0.3505197165,-0.0001016262272,-1.917475985e-06,-4.841626862e-05,9.587379924e-07,-3.73907817e-05,-0.3505197165,-0.0001016262272,0,0,0,0,0,0
4.96,1,1,4.817658412e-05,2.708434829e-05,-6.950850445e-06,4.554005464e-05,0.01072899719,-4.074636468e-05,0,0,0,0,-0.01151917306,0,0.01036749104,-0.008957353586,-0.002840400918,0.000361506151,0.004339694651,0.03784890834,12.02055945,-0,0.1235709843,-0.0493680814,0.09597479052,0.05216555754,1.022281343,0.0006770960188,-7.077745859,-0.05216555754,-0.0006770960188,-7.034613722,-7.034613722,0.03423288856,-0.3165576175,-0,-4.841626862e-05,1.438106989e-06,-3.691141271e-05,-0.3165576175,-0.0001030643342,-0,-4.841626862e-05,1.438106989e-06,-3.691141271e-05,-0.3165576175,-0.0001030643342,0,0,0,0,0,0
4.97,1,1,4.889563761e-05,2.660497929e-05,-7.909588438e-06,4.601942364e-05,0.01063192497,-4.074636468e-05,0,0,0,0,-0.00837758041,0,0.01027777589,-0.00898563468,-0.002815805001,0.0003541490756,0.004248466175,0.04019804864,12.01186281,-0,0.1224564456,-0.04857562905,0.09221619716,0.05103199286,1.019027051,0.0007138523053,-7.517035096,-0.05103199286,-0.0007138523053,-7.476564744,-7.476564744,0.03419948753,-0.3364454135,-1.438106989e-06,-4.745753063e-05,3.355582973e-06,-3.78701507e-05,-0.3364454135,-0.0001030643342,-1.438106989e-06,-4.745753063e-05,3.355582973e-06,-3.78701507e-05,-0.3364454135,-0.0001030643342,0,0,0,0,0,0
4.98,1,1,4.865595312e-05,2.708434829e-05,-8.388957434e-06,4.601942364e-05,0.01053964644,-4.194478717e-05,0,0,0,0,-0.00837758041,0,0.01018777917,-0.009013669429,-0.002791131887,0.00035186727,0.004218298119,0.03997190141,12.00367446,-0,0.1213968396,-0.04834948182,0.07925679933,0.05063507739,1.018934773,0.0007090153575,-7.474745563,-0.05063507739,-0.0007090153575,-7.446832857,-7.446832857,0.0341661219,-0.3351074785,-9.587379924e-07,-4.841626862e-05,4.314320966e-06,-3.78701507e-05,-0.3351074785,-0.0001006674892,-9.587379924e-07,-4.841626862e-05,4.314320966e-06,-3.78701507e-05,-0.3351074785,-0.0001006674892,0,0,0,0,0,0
4.99,1,1,4.961469111e-05,2.684466379e-05,-1.078580241e-05,4.673847713e-05,0.01044209484,-4.122573367e-05,0,0,0,0,-0.00837758041,0,0.01009750333,-0.009041457063,-0.002766382254,0.0003445915179,0.004128279998,0.03918791377,11.99510156,-0,0.1202765731,-0.04756549418,0.07903143209,0.04951913786,1.018837221,0.0006942972429,-7.328139874,-0.04951913786,-0.0006942972429,-7.299321877,-7.299321877,0.03413274921,-0.3284694845,-2.876213977e-06,-4.793689962e-05,9.108010928e-06,-3.930825769e-05,-0.3284694845,-0.0001021055962,-2.876213977e-06,-4.793689962e-05,9.108010928e-06,-3.930825769e-05,-0.3284694845,-0.0001021055962,0,0,0,0,0,0
5,1,1,4.889563761e-05,2.660497929e-05,-1.126517141e-05,4.673847713e-05,0.0103531719,-4.194478717e-05,-0.001047197551,0,0,0,-0.007330382858,0,0.01000695085,-0.009068996821,-0.002741556778,0.0003462210454,0.004145145963,0.04044514364,11.98736147,-0,0.1192552975,-0.04777552649,0.06041739821,0.04968936301,1.017696988,0.0007142706173,-7.56324186,-0.04968936301,-0.0007142706173,-7.553228095,-7.553228095,0.0340994259,-0.3398952643,0.0001032816481,-4.745753063e-05,1.006674892e-05,-3.930825769e-05,-0.3398952643,-0.0001006674892,0.0001032816481,-4.745753063e-05,1.006674892e-05,-3.930825769e-05,-0.3398952643,-0.0001006674892,0,0,0,0,0,0
5.01,1,1,5.03337446e-05,2.660497929e-05,-1.102548691e-05,4.721784613e-05,0.01027910939,-4.146541817e-05,0,0,0,0,-0.005235987756,0,0.009916124219,-0.009096287948,-0.002716656141,0.0003629851669,0.004343321195,0.04443910805,11.98096902,-0,0.1184046218,-0.0496750958,0.01394224779,0.0520371967,1.015521951,0.0007806932047,-8.310113204,-0.0520371967,-0.0007806932047,-8.348988847,-8.348988847,0.0340662475,-0.3757044981,-4.314320966e-06,-4.745753063e-05,9.587379924e-06,-4.026699568e-05,-0.3757044981,-0.0001016262272,-4.314320966e-06,-4.745753063e-05,9.587379924e-06,-4.026699568e-05,-0.3757044981,-0.0001016262272,0,0,0,0,0,0
5.02,1,1,4.985437561e-05,2.708434829e-05,-1.006674892e-05,4.745753063e-05,0.01021535331,-4.218447167e-05,0,0,0,0,-0.005235987756,0,0.009825025923,-0.009123329696,-0.002691681026,0.0003903273867,0.004667950165,0.04751910949,11.97550549,-0,0.1176722732,-0.05275509724,-0.04541457835,0.05590106285,1.015458195,0.0008338882156,-8.886073474,-0.05590106285,-0.0008338882156,-8.988223003,-8.988223003,0.03403325559,-0.4044700351,-3.355582973e-06,-4.841626862e-05,7.669903939e-06,-4.074636468e-05,-0.4044700351,-0.0001001881202,-3.355582973e-06,-4.841626862e-05,7.669903939e-06,-4.074636468e-05,-0.4044700351,-0.0001001881202,0,0,0,0,0,0
5.03,1,1,4.937500661e-05,2.732403278e-05,-9.827064422e-06,4.697816163e-05,0.01016477988,-4.218447167e-05,0,0,0,-0.001047197551,-0.004188790205,0,0.009733658459,-0.009150121323,-0.002666632117,0.0004311214215,0.005153263705,0.05314681758,11.97119751,-0,0.1170913163,-0.05733560779,-0.1212031123,0.06169073764,1.014357957,0.0009297313482,-9.938454888,-0.06169073764,-0.0009297313482,-10.12227847,-10.12227847,0.03400056627,-0.4555025311,-2.396844981e-06,-4.889563761e-05,7.190534943e-06,6.493212843e-05,-0.4555025311,-0.0001001881202,-2.396844981e-06,-4.889563761e-05,7.190534943e-06,6.493212843e-05,-0.4555025311,-0.0001001881202,0,0,0,0,0,0
5.04,1,1,4.913532211e-05,2.684466379e-05,-8.388957434e-06,4.625910813e-05,0.01012211604,-4.194478717e-05,0,0,0,0,-0.004188790205,0,0.009642024332,-0.009176662094,-0.002641510101,0.0004800917072,0.005735954103,0.05863811766,11.96758106,-0,0.1166011969,-0.06282690786,-0.1996558542,0.06864549571,1.014315293,0.001024731454,-10.965328,-0.06864549571,-0.001024731454,-11.23465408,-11.23465408,0.03396823061,-0.5055594338,-1.917475985e-06,-4.793689962e-05,4.314320966e-06,-3.83495197e-05,-0.5055594338,-0.0001006674892,-1.917475985e-06,-4.793689962e-05,4.314320966e-06,-3.83495197e-05,-0.5055594338,-0.0001006674892,0,0,0,0,0,0
5.05,1,1,4.985437561e-05,2.756371728e-05,-7.909588438e-06,4.482100115e-05,0.01007106324,-4.170510267e-05,0,0,0,0,-0.007330382858,0,0.009550126055,-0.009202951283,-0.002616315667,0.000520937186,0.006220910597,0.06007985809,11.96327488,-0,0.1160146779,-0.06741024095,-0.2461183233,0.07442246347,1.01741488,0.001055356541,-11.23493346,-0.07442246347,-0.001055356541,-11.55652961,-11.55652961,0.03393619081,-0.5200438323,-3.355582973e-06,-4.937500661e-05,3.355582973e-06,-3.547330572e-05,-0.5200438323,-0.0001011468582,-3.355582973e-06,-4.937500661e-05,3.355582973e-06,-3.547330572e-05,-0.5255129033,-0.0001011468582,0,0,0,0,1,0
5.06,1,1,4.985437561e-05,2.804308628e-05,-8.388957434e-06,4.601942364e-05,0.009974710073,-4.146541817e-05,0,0,0,0,-0.01047197551,0,0.009457966148,-0.009228988169,-0.002591049505,0.0005167439256,0.006166870814,0.05649780793,11.95521105,-0,0.1149076448,-0.06696978344,-0.1918749363,0.0737262421,1.020474101,0.0009974663308,-10.56509008,-0.0737262421,-0.0009974663308,-10.83168873,-10.83168873,0.03390403331,-0.4874259928,-3.355582973e-06,-5.03337446e-05,4.314320966e-06,-3.78701507e-05,-0.4874259928,-0.0001016262272,-3.355582973e-06,-5.03337446e-05,4.314320966e-06,-3.78701507e-05,-0.4874259928,-0.0001016262272,0,0,0,0,0,0
5.07,1,1,4.985437561e-05,2.708434829e-05,-7.909588438e-06,4.673847713e-05,0.009835693064,-4.122573367e-05,0,0,0,0,-0.01780235837,0,0.009365547136,-0.009254772037,-0.002565712308,0.0004701459288,0.005606380827,0.04399606763,11.94372232,-0,0.1133102465,-0.061798426,-0.0598882407,0.06696105579,1.027717282,0.0007870601485,-8.227264647,-0.06696105579,-0.0007870601485,-8.354901003,-8.354901003,0.03387151462,-0.3759705451,-3.355582973e-06,-4.841626862e-05,3.355582973e-06,-3.930825769e-05,-0.3759705451,-0.0001021055962,-3.355582973e-06,-4.841626862e-05,3.355582973e-06,-3.930825769e-05,-0.4080456484,-0.0001021055962,0,0,0,0,1,0
5.08,1,1,4.889563761e-05,2.684466379e-05,-7.909588438e-06,4.506068564e-05,0.009650656632,-4.170510267e-05,0,0,0,0,-0.01989675347,0,0.009272871553,-0.00928030218,-0.002540304771,0.0003777850791,0.004500826848,0.03161923021,11.9286966,-0,0.1111837172,-0.05151598368,0.1409462979,0.05368899793,1.02964638,0.0005672189494,-5.912796048,-0.05368899793,-0.0005672189494,-5.826105967,-5.826105967,0.03383845211,-0.2621747685,-1.438106989e-06,-4.793689962e-05,3.355582973e-06,-3.595267472e-05,-0.2621747685,-0.0001011468582,-1.438106989e-06,-4.793689962e-05,3.355582973e-06,-3.595267472e-05,-0.3080456484,-0.0001011468582,0,0,0,0,1,0
5.09,1,1,4.937500661e-05,2.732403278e-05,-7.909588438e-06,4.601942364e-05,0.009430626263,-4.194478717e-05,0,0,0,0,-0.02094395102,0,0.00917994194,-0.0093055779,-0.00251482759,0.0002506843225,0.002983515512,0.01640016758,11.91122356,-0,0.1086545287,-0.03734411861,0.373995705,0.03553732027,1.03048424,0.000294390576,-3.066831338,-0.03553732027,-0.000294390576,-2.728667344,-2.728667344,0.03380490011,-0.1227900305,-2.396844981e-06,-4.889563761e-05,3.355582973e-06,-3.78701507e-05,-0.1227900305,-0.0001006674892,-2.396844981e-06,-4.889563761e-05,3.355582973e-06,-3.78701507e-05,-0.2080456484,-0.0001006674892,0,0,0,0,1,0
5.1,1,1,5.00940601e-05,2.756371728e-05,-9.347695426e-06,4.673847713e-05,0.009245110461,-4.218447167e-05,0,0,0,0,-0.01466076572,0,0.009086760845,-0.009330598502,-0.002489281463,0.0001583496159,0.001882900265,0.01238652667,11.89682306,-0,0.1065216688,-0.02704729239,0.4921057152,0.02240053128,1.023959611,0.0002193184344,-2.316280487,-0.02240053128,-0.0002193184344,-1.846794622,-1.846794622,0.03377120906,-0.08310575798,-3.83495197e-06,-4.937500661e-05,6.231796951e-06,-3.930825769e-05,-0.08310575798,-0.0001001881202,-3.83495197e-06,-4.937500661e-05,6.231796951e-06,-3.930825769e-05,-0.1080456484,-0.0001001881202,0,0,0,0,1,0
5.11,1,1,5.00940601e-05,2.732403278e-05,-1.006674892e-05,4.697816163e-05,0.009127425372,-4.122573367e-05,0,0.001047197551,0,0,-0.006283185307,0,0.008993330823,-0.009355363302,-0.002463667092,0.0001340945498,0.001593417478,0.01807644823,11.88784465,-0,0.1051684636,-0.02435963354,0.4487165666,0.01894229945,1.01542048,0.0003144356798,-3.380295819,-0.01894229945,-0.0003144356798,-2.950835988,-2.950835988,0.03373755944,-0.1327876195,-3.83495197e-06,-0.0001536153927,7.669903939e-06,-3.978762669e-05,-0.1327876195,-0.0001021055962,-3.83495197e-06,-0.0001536153927,7.669903939e-06,-3.978762669e-05,-0.1234415574,-0.0001021055962,0,0,0,0,1,0
5.12,1,1,4.889563761e-05,2.828277078e-05,-1.078580241e-05,4.793689962e-05,0.00908572027,-4.098604918e-05,0,0,-0.001047197551,0,0,0,0.008899654434,-0.009379871619,-0.002437985179,0.0001860658358,0.002210039265,0.03019607841,11.88469205,-0,0.1046888815,-0.03019607841,0.2571963033,0.02626563608,1.00908572,0.0005182063146,-5.646666662,-0.02626563608,-0.0005182063146,-5.416254202,-5.416254202,0.03370413593,-0.2437314391,-1.438106989e-06,-5.08131136e-05,0.000113827766,-4.170510267e-05,-0.2437314391,-0.0001025849652,-1.438106989e-06,-5.08131136e-05,0.000113827766,-4.170510267e-05,-0.2118543252,-0.0001025849652,0,0,0,0,1,0
5.13,1,1,4.961469111e-05,2.780340178e-05,-1.126517141e-05,4.673847713e-05,0.009085959954,-4.194478717e-05,0,0,0,0,0,0,0.008805734247,-0.009404122783,-0.002412236426,0.0002802257068,0.003327472574,0.04074535214,11.88471013,-0,0.1046916377,-0.04074535214,0.01713785891,0.03954604699,1.00908596,0.0006985607695,-7.61938085,-0.03954604699,-0.0006985607695,-7.642487599,-7.642487599,0.03367111081,-0.343911942,-2.876213977e-06,-4.985437561e-05,1.006674892e-05,-3.930825769e-05,-0.343911942,-0.0001006674892,-2.876213977e-06,-4.985437561e-05,1.006674892e-05,-3.930825769e-05,-0.3118543252,-0.0001006674892,0,0,0,0,1,0
5.14,1,1,4.961469111e-05,2.780340178e-05,-1.126517141e-05,4.625910813e-05,0.009085959954,-4.170510267e-05,0,0,0,0,0,0,0.008711572838,-0.009428116127,-0.002386421541,0.0003743871165,0.004444273902,0.05128847794,11.88471013,-0,0.1046916377,-0.05128847794,-0.1787370677,0.05281890704,1.00908596,0.0008784666674,-9.590945375,-0.05281890704,-0.0008784666674,-9.823379816,-9.823379816,0.03363856356,-0.4420520917,-2.876213977e-06,-4.985437561e-05,1.006674892e-05,-3.83495197e-05,-0.4420520917,-0.0001011468582,-2.876213977e-06,-4.985437561e-05,1.006674892e-05,-3.83495197e-05,-0.4118543252,-0.0001011468582,0,0,0,0,1,0
5.15,1,1,5.05734291e-05,2.852245527e-05,-1.054611792e-05,4.625910813e-05,0.009081885318,-4.050668018e-05,0,0.001047197551,0,0,0,0,0.008617172786,-0.009451850995,-0.002360541231,0.0004647125313,0.005514838315,0.0613972225,11.88440292,-0,0.104644781,-0.0613972225,-0.3307982773,0.06554056059,1.009081885,0.001050598776,-11.48128061,-0.06554056059,-0.001050598776,-11.87867004,-11.87867004,0.03360658554,-0.534540152,-4.793689962e-06,-0.0001560122377,8.628641932e-06,-3.83495197e-05,-0.534540152,-0.0001035437032,-4.793689962e-06,-0.0001560122377,8.628641932e-06,-3.83495197e-05,-0.5118543252,-0.0001035437032,0,0,0,0,1,0
5.16,1,1,5.00940601e-05,2.828277078e-05,-1.006674892e-05,4.482100115e-05,0.009055520023,-4.002731118e-05,0,0,0,0,-0.005235987756,0,0.008522536682,-0.009475326736,-0.002334596205,0.0005329833414,0.006322678504,0.06380400022,11.88241864,-0,0.1043415865,-0.06903998798,-0.4087127371,0.07512871294,1.014298362,0.001102064194,-11.93134804,-0.07512871294,-0.001102064194,-12.41629156,-12.41629156,0.03357506093,-0.55873312,-3.83495197e-06,-5.08131136e-05,7.669903939e-06,-3.547330572e-05,-0.55873312,-0.0001045024412,-3.83495197e-06,-5.08131136e-05,7.669903939e-06,-3.547330572e-05,-0.562309965,-0.0001045024412,0,0,0,0,1,0
5.17,1,1,4.937500661e-05,2.852245527e-05,-8.86832643e-06,4.362257866e-05,0.00896372086,-4.074636468e-05,0,0,0,0,-0.01361356817,0,0.008427667118,-0.009498542706,-0.002308587176,0.0005360537426,0.006355479749,0.05579349768,11.87555722,-0,0.1032858623,-0.06940706585,-0.3376924212,0.07547486343,1.022623621,0.0009786646727,-10.43338407,-0.07547486343,-0.0009786646727,-10.84753002,-10.84753002,0.03354342113,-0.4881388507,-2.396844981e-06,-5.129248259e-05,5.273058958e-06,-3.307646074e-05,-0.4881388507,-0.0001030643342,-2.396844981e-06,-5.129248259e-05,5.273058958e-06,-3.307646074e-05,-0.4995072245,-0.0001030643342,0,0,0,0,1,0
5.18,1,1,4.985437561e-05,2.756371728e-05,-7.190534943e-06,4.506068564e-05,0.008778924112,-4.050668018e-05,0,0,0,0,-0.01780235837,0,0.008332566695,-0.009521498269,-0.002282514855,0.0004463574167,0.005287561411,0.0416186185,11.8619681,-0,0.1011603698,-0.05942097687,-0.09084464472,0.06272088481,1.026660513,0.0007350916866,-7.782681659,-0.06272088481,-0.0007350916866,-7.936982281,-7.936982281,0.03351103802,-0.3571642026,-3.355582973e-06,-4.937500661e-05,1.917475985e-06,-3.595267472e-05,-0.3571642026,-0.0001035437032,-3.355582973e-06,-4.937500661e-05,1.917475985e-06,-3.595267472e-05,-0.3995072245,-0.0001035437032,0,0,0,0,1,0
5.19,1,1,5.03337446e-05,2.780340178e-05,-6.950850445e-06,4.577973914e-05,0.00855553816,-4.122573367e-05,0,0,0,0,-0.02199114858,0,0.008237238022,-0.009544192795,-0.002256379958,0.0003183001375,0.003767024725,0.02315139847,11.84593852,-0,0.09859057438,-0.04514254705,0.1874865376,0.04462394331,1.030667589,0.0004117060369,-4.329311514,-0.04462394331,-0.0004117060369,-4.186860626,-4.186860626,0.03347801502,-0.1884087282,-4.314320966e-06,-4.985437561e-05,1.438106989e-06,-3.73907817e-05,-0.1884087282,-0.0001021055962,-4.314320966e-06,-4.985437561e-05,1.438106989e-06,-3.73907817e-05,-0.2995072245,-0.0001021055962,0,0,0,0,1,0
5.2,1,1,5.03337446e-05,2.756371728e-05,-6.471481449e-06,4.601942364e-05,0.008342458641,-4.098604918e-05,0,0,0,0,-0.01989675347,0,0.008141683712,-0.009566625662,-0.002230183201,0.0002007749293,0.002374000917,0.01213257021,11.83105224,-0,0.09613888609,-0.03202932368,0.3927594874,0.02808692887,1.028338182,0.0002145683234,-2.268790629,-0.02808692887,-0.0002145683234,-1.904332639,-1.904332639,0.03344471786,-0.08569496875,-4.314320966e-06,-4.937500661e-05,4.793689962e-07,-3.78701507e-05,-0.08569496875,-0.0001025849652,-4.314320966e-06,-4.937500661e-05,4.793689962e-07,-3.78701507e-05,-0.1995072245,-0.0001025849652,0,0,0,0,1,0
5.21,1,1,4.937500661e-05,2.780340178e-05,-7.430219441e-06,4.625910813e-05,0.008161257161,-4.146541817e-05,0,0,0,0,-0.01570796327,0,0.008045906383,-0.009588796255,-0.002203925303,0.0001153507771,0.001362850494,0.006789634838,11.81870215,-0,0.09405364353,-0.02249759811,0.4939241778,0.01610712406,1.023930905,0.0001189309683,-1.269661715,-0.01610712406,-0.0001189309683,-0.7919635919,-0.7919635919,0.03341133505,-0.03563836164,-2.396844981e-06,-4.985437561e-05,2.396844981e-06,-3.83495197e-05,-0.03563836164,-0.0001016262272,-2.396844981e-06,-4.985437561e-05,2.396844981e-06,-3.83495197e-05,-0.09950722454,-0.0001016262272,0,0,0,0,1,0
5.22,1,1,4.985437561e-05,2.828277078e-05,-8.86832643e-06,4.697816163e-05,0.008048605446,-4.098604918e-05,0,0,0,0,-0.005235987756,0,0.007949908663,-0.009610703966,-0.002177606983,9.869678346e-05,0.001165402192,0.01542040386,11.81116702,-0,0.09275710716,-0.02065639162,0.4338871282,0.01376475993,1.013291447,0.0002642640402,-2.883615522,-0.01376475993,-0.0002642640402,-2.463757418,-2.463757418,0.03337799855,-0.1108690838,-3.355582973e-06,-5.08131136e-05,5.273058958e-06,-3.978762669e-05,-0.1108690838,-0.0001025849652,-3.355582973e-06,-5.08131136e-05,5.273058958e-06,-3.978762669e-05,-0.09824512742,-0.0001025849652,0,0,0,0,1,0
5.23,1,1,4.961469111e-05,2.828277078e-05,-1.030643342e-05,4.649879263e-05,0.008024157628,-4.098604918e-05,0,0,0,0,0,0,0.007853693182,-0.009632348195,-0.002151228963,0.0001704644453,0.002012153184,0.02870621183,11.80954617,-0,0.09247571565,-0.02870621183,0.2046581754,0.02376261594,1.008024158,0.0004863624989,-5.368061612,-0.02376261594,-0.0004863624989,-5.187652415,-5.187652415,0.03334490041,-0.2334443587,-2.876213977e-06,-5.08131136e-05,8.149272936e-06,-3.882888869e-05,-0.2334443587,-0.0001025849652,-2.876213977e-06,-5.08131136e-05,8.149272936e-06,-3.882888869e-05,-0.1982451274,-0.0001025849652,0,0,0,0,1,0
5.24,1,1,4.937500661e-05,2.876213977e-05,-1.27032784e-05,4.769721512e-05,0.008025595735,-4.098604918e-05,0,0,-0.001047197551,0,0,0,0.007757262579,-0.009653728349,-0.002124791965,0.0002683331553,0.003166562648,0.03967043197,11.80964137,-0,0.09249226824,-0.03967043197,-0.03344533505,0.03739596926,1.008025596,0.0006714685025,-7.418370778,-0.03739596926,-0.0006714685025,-7.489883551,-7.489883551,0.03331219137,-0.3370447598,-2.396844981e-06,-5.177185159e-05,0.000117662718,-4.122573367e-05,-0.3370447598,-0.0001025849652,-2.396844981e-06,-5.177185159e-05,0.000117662718,-4.122573367e-05,-0.2982451274,-0.0001025849652,0,0,0,0,1,0
5.25,1,1,4.937500661e-05,2.876213977e-05,-1.438106989e-05,4.769721512e-05,0.008025116366,-4.098604918e-05,0,0,0,-0.001047197551,0,0,0.007660619498,-0.009674843841,-0.002098296716,0.000364496868,0.00430023757,0.05043814503,11.80960964,-0,0.09248675072,-0.05043814503,-0.2241522149,0.05078412705,1.008025116,0.0008528964602,-9.431933121,-0.05078412705,-0.0008528964602,-9.70772236,-9.70772236,0.0332799565,-0.4368475062,-2.396844981e-06,-5.177185159e-05,1.629854587e-05,6.349402145e-05,-0.4368475062,-0.0001025849652,-2.396844981e-06,-5.177185159e-05,1.629854587e-05,6.349402145e-05,-0.3982451274,-0.0001025849652,0,0,0,0,1,0
5.26,1,1,5.03337446e-05,2.852245527e-05,-1.366201639e-05,4.721784613e-05,0.008022240152,-4.170510267e-05,0,0,0,0,0,0,0.007563766587,-0.009695694091,-0.00207174394,0.000458473565,0.005407489665,0.06095591366,11.80941926,-0,0.0924536455,-0.06095591366,-0.3754041964,0.06385931262,1.00802224,0.001029761227,-11.39875585,-0.06385931262,-0.001029761227,-11.83904912,-11.83904912,0.03324830364,-0.5327572106,-4.314320966e-06,-5.129248259e-05,1.486043888e-05,-4.026699568e-05,-0.5327572106,-0.0001011468582,-4.314320966e-06,-5.129248259e-05,1.486043888e-05,-4.026699568e-05,-0.4982451274,-0.0001011468582,0,0,0,0,1,0
5.27,1,1,4.937500661e-05,2.780340178e-05,-1.22239094e-05,4.721784613e-05,0.008008338451,-4.098604918e-05,0,0,0,0,-0.002094395102,0,0.007466706502,-0.00971627853,-0.002045134367,0.000541631949,0.006386399207,0.06816651663,11.80850013,-0,0.09229363586,-0.07026091173,-0.4760276685,0.07541379587,1.01010383,0.001155253238,-12.74713861,-0.07541379587,-0.001155253238,-13.29973533,-13.29973533,0.03321725347,-0.5984880897,-2.396844981e-06,-4.985437561e-05,1.198422491e-05,-4.026699568e-05,-0.5984880897,-0.0001025849652,-2.396844981e-06,-4.985437561e-05,1.198422491e-05,-4.026699568e-05,-0.5982451274,-0.0001025849652,0,0,0,0,1,0
5.28,1,1,5.00940601e-05,2.780340178e-05,-1.078580241e-05,4.601942364e-05,0.007952252278,-4.098604918e-05,0,0,0,0,-0.00837758041,0,0.007369441904,-0.009736596592,-0.002018468725,0.0005828103742,0.006869111576,0.06650048347,11.80480879,-0,0.09164806172,-0.07487806388,-0.4715133852,0.08108854871,1.016347379,0.001139934605,-12.43559041,-0.08108854871,-0.001139934605,-12.98933228,-12.98933228,0.03318641543,-0.5845199525,-3.83495197e-06,-4.985437561e-05,9.108010928e-06,-3.78701507e-05,-0.5845199525,-0.0001025849652,-3.83495197e-06,-4.985437561e-05,9.108010928e-06,-3.78701507e-05,-0.5845199525,-0.0001025849652,0,0,0,0,0,0
5.29,1,1,4.937500661e-05,2.756371728e-05,-9.347695426e-06,4.554005464e-05,0.007820425804,-4.098604918e-05,0,0,0,0,-0.01570796327,0,0.00727197546,-0.00975664772,-0.001991747746,0.0005484503445,0.006460195026,0.05535717165,11.79623902,-0,0.09013057393,-0.07106513492,-0.312816654,0.07620600465,1.023590074,0.0009615866967,-10.3517911,-0.07620600465,-0.0009615866967,-10.74177534,-10.74177534,0.03315515701,-0.4833798905,-2.396844981e-06,-4.937500661e-05,6.231796951e-06,-3.691141271e-05,-0.4833798905,-0.0001025849652,-2.396844981e-06,-4.937500661e-05,6.231796951e-06,-3.691141271e-05,-0.4954318241,-0.0001025849652,0,0,0,0,1,0
5.3,1,1,4.961469111e-05,2.708434829e-05,-8.628641932e-06,4.577973914e-05,0.007634190949,-4.122573367e-05,-0.001047197551,0,0,0,-0.02094395102,0,0.007174309841,-0.009776431365,-0.001964972162,0.000459881108,0.005412909629,0.0402540929,11.78438635,-0,0.0879865123,-0.06119804393,-0.07299317987,0.06378781835,1.028687804,0.0007055409387,-7.527515373,-0.06378781835,-0.0007055409387,-7.665001912,-7.665001912,0.03312322999,-0.3449250861,0.0001018435411,-4.841626862e-05,4.793689962e-06,-3.73907817e-05,-0.3449250861,-0.0001021055962,0.0001018435411,-4.841626862e-05,4.793689962e-06,-3.73907817e-05,-0.3954318241,-0.0001021055962,0,0,0,0,1,0
5.31,1,1,5.05734291e-05,2.636529479e-05,-8.388957434e-06,4.577973914e-05,0.007396663612,-4.074636468e-05,0,0,0,0,-0.02513274123,0,0.007076447726,-0.009795946984,-0.001938142708,0.0003202158857,0.003765773544,0.02048231316,11.76969979,-0,0.08525149679,-0.04561505438,0.2268062388,0.0443220241,1.032687319,0.0003614385484,-3.83019256,-0.0443220241,-0.0003614385484,-3.648069784,-3.648069784,0.03309059966,-0.1641631403,-4.793689962e-06,-4.697816163e-05,4.314320966e-06,-3.73907817e-05,-0.1641631403,-0.0001030643342,-4.793689962e-06,-4.697816163e-05,4.314320966e-06,-3.73907817e-05,-0.2954318241,-0.0001030643342,0,0,0,0,1,0
5.32,1,1,4.889563761e-05,2.780340178e-05,-9.108010928e-06,4.625910813e-05,0.007148590156,-4.146541817e-05,0,0,0,0,-0.02199114858,0,0.006978391797,-0.009815194042,-0.001911260118,0.0001701983593,0.001999817172,0.006869987304,11.75487477,-0,0.08239453631,-0.02886113588,0.4905884902,0.02350760041,1.029260641,0.0001203071519,-1.284687626,-0.02350760041,-0.0001203071519,-0.8177270433,-0.8177270433,0.03305760427,-0.03679771695,-1.438106989e-06,-4.985437561e-05,5.752427955e-06,-3.83495197e-05,-0.03679771695,-0.0001016262272,-1.438106989e-06,-4.985437561e-05,5.752427955e-06,-3.83495197e-05,-0.1954318241,-0.0001016262272,0,0,0,0,1,0
5.33,1,1,4.913532211e-05,2.876213977e-05,-1.102548691e-05,4.697816163e-05,0.006955644135,-4.146541817e-05,0,0,0,0,-0.01466076572,0,0.006880144742,-0.009834172011,-0.00188432513,7.549939308e-05,0.0008864806521,0.003624205419,11.74370584,-0,0.08017210567,-0.01828497114,0.591747371,0.01041056801,1.021670144,6.247191362e-05,-0.6777264134,-0.01041056801,-6.247191362e-05,-0.09645208229,-0.09645208229,0.03302457004,-0.004340343703,-1.917475985e-06,-5.177185159e-05,9.587379924e-06,-3.978762669e-05,-0.004340343703,-0.0001016262272,-1.917475985e-06,-5.177185159e-05,9.587379924e-06,-3.978762669e-05,-0.09543182409,-0.0001016262272,0,0,0,0,1,0
5.34,1,1,4.913532211e-05,2.852245527e-05,-1.198422491e-05,4.697816163e-05,0.006847786111,-4.050668018e-05,0,0,0,0,-0.006283185307,0,0.006781709255,-0.009852880372,-0.001857338482,6.607685574e-05,0.0007754615364,0.01096603808,11.73759987,-0,0.07892962298,-0.01724922339,0.4993368547,0.009102057229,1.013140841,0.0001856974706,-2.050649121,-0.009102057229,-0.0001856974706,-1.560600021,-1.560600021,0.03299158939,-0.07022700093,-1.917475985e-06,-5.129248259e-05,1.150485591e-05,-3.978762669e-05,-0.07022700093,-0.0001035437032,-1.917475985e-06,-5.129248259e-05,1.150485591e-05,-3.978762669e-05,-0.07022700093,-0.0001035437032,0,0,0,0,0,0
5.35,1,1,5.08131136e-05,2.828277078e-05,-1.366201639e-05,4.721784613e-05,0.006828851036,-4.146541817e-05,0,0,0,0,0,0,0.006683088035,-0.009871318611,-0.001830300915,0.0001457630006,0.00171016258,0.02618435108,11.7365381,-0,0.07871148876,-0.02618435108,0.2420766875,0.02007138828,1.006828851,0.0004374594753,-4.896473651,-0.02007138828,-0.0004374594753,-4.674905811,-4.674905811,0.03295882576,-0.2103707615,-5.273058958e-06,-5.08131136e-05,1.486043888e-05,-4.026699568e-05,-0.2103707615,-0.0001016262272,-5.273058958e-06,-5.08131136e-05,1.486043888e-05,-4.026699568e-05,-0.1702270009,-0.0001016262272,0,0,0,0,1,0
5.36,1,1,4.985437561e-05,2.876213977e-05,-1.414138539e-05,4.721784613e-05,0.006832685988,-4.002731118e-05,0,0,0,0,0,0,0.006584283785,-0.009889486223,-0.001803213169,0.0002484022025,0.002913728435,0.03768273814,11.73675289,-0,0.07875566807,-0.03768273814,-0.01265130292,0.03419771064,1.006832686,0.0006289471189,-7.046672031,-0.03419771064,-0.0006289471189,-7.094149992,-7.094149992,0.03292642509,-0.3192367496,-3.355582973e-06,-5.177185159e-05,1.581917688e-05,-4.026699568e-05,-0.3192367496,-0.0001045024412,-3.355582973e-06,-5.177185159e-05,1.581917688e-05,-4.026699568e-05,-0.2702270009,-0.0001045024412,0,0,0,0,1,0
5.37,1,1,4.985437561e-05,2.828277078e-05,-1.366201639e-05,4.745753063e-05,0.006832925672,-4.050668018e-05,0,0,0,0,0,0,0.006485299214,-0.00990738271,-0.001776075987,0.0003476264578,0.004076684436,0.04879379611,11.73676632,-0,0.07875842927,-0.04879379611,-0.2135688312,0.0478470926,1.006832926,0.0008136065456,-9.124439873,-0.0478470926,-0.0008136065456,-9.386669403,-9.386669403,0.03289449058,-0.4224001231,-3.355582973e-06,-5.08131136e-05,1.486043888e-05,-4.074636468e-05,-0.4224001231,-0.0001035437032,-3.355582973e-06,-5.08131136e-05,1.486043888e-05,-4.074636468e-05,-0.3702270009,-0.0001035437032,0,0,0,0,1,0
5.38,1,1,4.889563761e-05,2.828277078e-05,-1.27032784e-05,4.649879263e-05,0.006830289143,-4.098604918e-05,0,0,0,0,0,0,0.006386137036,-0.009925007581,-0.001748890113,0.0004441521063,0.005207443205,0.05959817458,11.73661863,-0,0.07872805601,-0.05959817458,-0.3721436958,0.06111777494,1.006830289,0.0009928086051,-11.14485865,-0.06111777494,-0.0009928086051,-11.57911293,-11.57911293,0.03286313368,-0.5210600817,-1.438106989e-06,-5.08131136e-05,1.29429629e-05,-3.882888869e-05,-0.5210600817,-0.0001025849652,-1.438106989e-06,-5.08131136e-05,1.29429629e-05,-3.882888869e-05,-0.4702270009,-0.0001025849652,0,0,0,0,1,0
5.39,1,1,5.03337446e-05,2.828277078e-05,-1.030643342e-05,4.649879263e-05,0.006823817661,-4.146541817e-05,0,0,0,0,0,0,0.00628679997,-0.009942360352,-0.001721656292,0.0005370176915,0.006294727593,0.06998900813,11.73625636,-0,0.07865350324,-0.06998900813,-0.4941658372,0.07387653677,1.006823818,0.001164796802,-13.08794452,-0.07387653677,-0.001164796802,-13.65715169,-13.65715169,0.03283244439,-0.6145718261,-4.314320966e-06,-5.08131136e-05,8.149272936e-06,-3.882888869e-05,-0.6145718261,-0.0001016262272,-4.314320966e-06,-5.08131136e-05,8.149272936e-06,-3.882888869e-05,-0.5702270009,-0.0001016262272,0,0,0,0,1,0
5.4,1,1,5.08131136e-05,2.852245527e-05,-9.347695426e-06,4.697816163e-05,0.006787145933,-4.098604918e-05,0,0,0,0,-0.007330382858,0,0.006187290738,-0.009959440549,-0.001694375271,0.0005998551951,0.007029120147,0.06969314981,11.7342102,-0,0.07823103131,-0.07702353267,-0.5303769517,0.08248117335,1.014130962,0.001175685403,-13.03261901,-0.08248117335,-0.001175685403,-13.64665282,-13.64665282,0.03280218844,-0.6140993771,-5.273058958e-06,-5.129248259e-05,6.231796951e-06,-3.978762669e-05,-0.6140993771,-0.0001025849652,-5.273058958e-06,-5.129248259e-05,6.231796951e-06,-3.978762669e-05,-0.6140993771,-0.0001025849652,0,0,0,0,0,0
5.41,1,1,4.985437561e-05,2.756371728e-05,-8.388957434e-06,4.577973914e-05,0.006662989363,-4.050668018e-05,0,0,0.001047197551,0,-0.01570796327,0,0.006087612069,-0.009976247703,-0.001667047798,0.0005753772941,0.006738891815,0.05860126033,11.72736708,-0,0.076800624,-0.0743092236,-0.3802793567,0.07902945803,1.022432638,0.001003885707,-10.95843568,-0.07902945803,-0.001003885707,-11.41874838,-11.41874838,0.03277153986,-0.5138436772,-3.355582973e-06,-4.937500661e-05,-0.0001004054342,-3.73907817e-05,-0.5138436772,-0.0001035437032,-3.355582973e-06,-4.937500661e-05,-0.0001004054342,-3.73907817e-05,-0.5286859334,-0.0001035437032,0,0,0,0,1,0
5.42,1,1,4.985437561e-05,2.708434829e-05,-8.149272936e-06,4.577973914e-05,0.006459976593,-4.050668018e-05,0,0,0,0,-0.02303834613,0,0.005987766695,-0.009992781353,-0.001639674622,0.0004722098976,0.005526879385,0.03976649924,11.71645792,-0,0.07446146143,-0.06280484536,-0.09801674578,0.06475544974,1.029631014,0.0006901954167,-7.436335358,-0.06475544974,-0.0006901954167,-7.599797748,-7.599797748,0.03274003619,-0.3419908987,-3.355582973e-06,-4.841626862e-05,3.83495197e-06,-3.73907817e-05,-0.3419908987,-0.0001035437032,-3.355582973e-06,-4.841626862e-05,3.83495197e-06,-3.73907817e-05,-0.4286859334,-0.0001035437032,0,0,0,0,1,0
5.43,1,1,4.889563761e-05,2.780340178e-05,-7.669903939e-06,4.530037014e-05,0.006250252657,-4.026699568e-05,0,0,0,0,-0.01884955592,0,0.005887757355,-0.01000904105,-0.001612256493,0.0003624953022,0.004239916079,0.03171209026,11.70555255,-0,0.07204464991,-0.05056164619,0.1432565911,0.04963056049,1.025188635,0.0005451286322,-5.93016088,-0.04963056049,-0.0005451286322,-5.837079978,-5.837079978,0.03270798757,-0.262668599,-1.438106989e-06,-4.985437561e-05,2.876213977e-06,-3.643204371e-05,-0.262668599,-0.0001040230722,-1.438106989e-06,-4.985437561e-05,2.876213977e-06,-3.643204371e-05,-0.3286859334,-0.0001040230722,0,0,0,0,1,0
5.44,1,1,5.00940601e-05,2.780340178e-05,-8.86832643e-06,4.530037014e-05,0.006067373385,-4.050668018e-05,0,0,0,0,-0.01675516082,0,0.005787586789,-0.01002502634,-0.001584794164,0.0002797865959,0.003270570426,0.02457606506,11.69634461,-0,0.06993693193,-0.04133122588,0.2850436892,0.03825371878,1.022892718,0.0004201557208,-4.595724167,-0.03825371878,-0.0004201557208,-4.349354352,-4.349354352,0.03267568821,-0.1957209458,-3.83495197e-06,-4.985437561e-05,5.273058958e-06,-3.643204371e-05,-0.1957209458,-0.0001035437032,-3.83495197e-06,-4.985437561e-05,5.273058958e-06,-3.643204371e-05,-0.2286859334,-0.0001035437032,0,0,0,0,1,0
5.45,1,1,5.05734291e-05,2.900182427e-05,-1.126517141e-05,4.649879263e-05,0.005918529312,-4.002731118e-05,0,0,0,0,-0.01151917306,0,0.005687257744,-0.01004073678,-0.001557288387,0.0002312715674,0.002702071234,0.02440234875,11.68905725,-0,0.06822130345,-0.03592152181,0.3299863244,0.03158466535,1.017470875,0.0004123661004,-4.563239216,-0.03158466535,-0.0004123661004,-4.265249923,-4.265249923,0.03264332037,-0.1919362465,-4.793689962e-06,-5.225122059e-05,1.006674892e-05,-3.882888869e-05,-0.1919362465,-0.0001045024412,-4.793689962e-06,-5.225122059e-05,1.006674892e-05,-3.882888869e-05,-0.1919362465,-0.0001045024412,0,0,0,0,0,0
5.46,1,1,4.937500661e-05,2.924150877e-05,-1.29429629e-05,4.769721512e-05,0.005831763523,-4.050668018e-05,0,0,0,0,-0.004188790205,0,0.005586772971,-0.01005617196,-0.001529739916,0.0002449905524,0.002861280558,0.03328300258,11.68489475,-0,0.06722114104,-0.03747179278,0.2387963265,0.03343376217,1.01002494,0.0005536877315,-6.223921482,-0.03343376217,-0.0005536877315,-6.019112605,-6.019112605,0.03261110561,-0.2708600672,-2.396844981e-06,-5.273058958e-05,1.342233189e-05,-4.122573367e-05,-0.2708600672,-0.0001035437032,-2.396844981e-06,-5.273058958e-05,1.342233189e-05,-4.122573367e-05,-0.261635427,-0.0001035437032,0,0,0,0,1,0
5.47,1,1,5.08131136e-05,2.948119327e-05,-1.390170089e-05,4.745753063e-05,0.005814266555,-4.098604918e-05,0,0,0,0,0,0,0.005486135224,-0.01007133144,-0.001502149506,0.000328131331,0.00383140113,0.04678498091,11.68406298,-0,0.06701944469,-0.04678498091,0.02326182158,0.04476633209,1.005814267,0.0007710753054,-8.74879143,-0.04476633209,-0.0007710753054,-8.771067016,-8.771067016,0.03257937849,-0.3946980157,-5.273058958e-06,-5.320995858e-05,1.533980788e-05,-4.074636468e-05,-0.3946980157,-0.0001025849652,-5.273058958e-06,-5.320995858e-05,1.533980788e-05,-4.074636468e-05,-0.361635427,-0.0001025849652,0,0,0,0,1,0
5.48,1,1,5.03337446e-05,2.876213977e-05,-1.414138539e-05,4.625910813e-05,0.005814026871,-4.098604918e-05,0,0,0,0,0,0,0.005385347263,-0.01008621481,-0.001474517914,0.000428679608,0.005004463342,0.05804067665,11.6840516,-0,0.06701668171,-0.05804067665,-0.1869080882,0.05847240791,1.005814027,0.00095566677,-10.85360653,-0.05847240791,-0.00095566677,-11.0999427,-11.0999427,0.03254823779,-0.4994974214,-4.314320966e-06,-5.177185159e-05,1.581917688e-05,-3.83495197e-05,-0.4994974214,-0.0001025849652,-4.314320966e-06,-5.177185159e-05,1.581917688e-05,-3.83495197e-05,-0.461635427,-0.0001025849652,0,0,0,0,1,0
5.49,1,1,5.08131136e-05,2.948119327e-05,-1.342233189e-05,4.841626862e-05,0.005810671288,-4.074636468e-05,0,0,0,0,-0.001047197551,0,0.00528441185,-0.01010082167,-0.001446845897,0.000526259438,0.006142392956,0.06791307814,11.68389238,-0,0.06697799998,-0.06896027569,-0.35217789,0.07176705826,1.006858143,0.001119492326,-12.69974561,-0.07176705826,-0.001119492326,-13.12481005,-13.12481005,0.03251777476,-0.5906164523,-5.273058958e-06,-5.320995858e-05,1.438106989e-05,-4.266384066e-05,-0.5906164523,-0.0001030643342,-5.273058958e-06,-5.320995858e-05,1.438106989e-05,-4.266384066e-05,-0.561635427,-0.0001030643342,0,0,0,0,1,0
5.5,1,1,4.961469111e-05,2.828277078e-05,-1.24635939e-05,4.697816163e-05,0.005785504415,-4.026699568e-05,0,-0.001047197551,0,0,-0.004188790205,0,0.005183331752,-0.0101151516,-0.001419134215,0.000602172663,0.007026744879,0.07326721396,11.68270123,-0,0.06668788459,-0.07745600416,-0.4419037289,0.08209136107,1.009978681,0.001214130196,-13.70096901,-0.08209136107,-0.001214130196,-14.22617823,-14.22617823,0.0324878816,-0.6401780204,-2.876213977e-06,5.390664152e-05,1.24635939e-05,-3.978762669e-05,-0.6401780204,-0.0001040230722,-2.876213977e-06,5.390664152e-05,1.24635939e-05,-3.978762669e-05,-0.6401780204,-0.0001040230722,0,0,0,0,0,0
5.51,1,1,4.913532211e-05,2.780340178e-05,-1.102548691e-05,4.697816163e-05,0.005711921274,-4.026699568e-05,0,0,0,0,-0.01047197551,0,0.005082109742,-0.01012920422,-0.001391383626,0.0006298115324,0.007346828477,0.0700867721,11.67924889,-0,0.06583961836,-0.08055874761,-0.4154321389,0.08580543834,1.016211312,0.001174728184,-13.10622638,-0.08580543834,-0.001174728184,-13.60863869,-13.60863869,0.0324581107,-0.612388741,-1.917475985e-06,-4.985437561e-05,9.587379924e-06,-3.978762669e-05,-0.612388741,-0.0001040230722,-1.917475985e-06,-4.985437561e-05,9.587379924e-06,-3.978762669e-05,-0.612388741,-0.0001040230722,0,0,0,0,0,0
5.52,1,1,5.00940601e-05,2.876213977e-05,-9.347695426e-06,4.530037014e-05,0.005559002565,-3.954794219e-05,0,0,0,0,-0.01780235837,0,0.004980748594,-0.01014297914,-0.001363594892,0.000578253971,0.006742195632,0.05701333828,11.67221881,-0,0.06407665867,-0.07481569665,-0.2318292175,0.07869638266,1.023440592,0.0009683437121,-10.66149426,-0.07869638266,-0.0009683437121,-10.9729882,-10.9729882,0.03242773638,-0.4937844691,-3.83495197e-06,-5.177185159e-05,6.231796951e-06,-3.643204371e-05,-0.4937844691,-0.0001054611792,-3.83495197e-06,-5.177185159e-05,6.231796951e-06,-3.643204371e-05,-0.5205904084,-0.0001054611792,0,0,0,0,1,0
5.53,1,1,5.08131136e-05,2.876213977e-05,-7.909588438e-06,4.577973914e-05,0.005335137243,-4.002731118e-05,0,0,0,0,-0.02513274123,0,0.004879251086,-0.01015647599,-0.001335768774,0.0004558861574,0.005312285098,0.03602435259,11.66227842,-0,0.06149550558,-0.06115709381,0.0630788004,0.06195334784,1.030625792,0.0006198807253,-6.736553933,-0.06195334784,-0.0006198807253,-6.736048362,-6.736048362,0.03239644996,-0.3031221763,-5.273058958e-06,-5.177185159e-05,3.355582973e-06,-3.73907817e-05,-0.3031221763,-0.0001045024412,-5.273058958e-06,-5.177185159e-05,3.355582973e-06,-3.73907817e-05,-0.4205904084,-0.0001045024412,0,0,0,0,1,0
5.54,1,1,4.913532211e-05,2.900182427e-05,-7.669903939e-06,4.601942364e-05,0.005049193637,-4.074636468e-05,0,0,0,0,-0.02827433388,0,0.004777620002,-0.0101696944,-0.001307906035,0.0002715736353,0.003162395883,0.01228782788,11.65018725,-0,0.0581981481,-0.04056216176,0.4299520478,0.03684250421,1.033523387,0.0002124203017,-2.297823814,-0.03684250421,-0.0002124203017,-1.90492669,-1.90492669,0.03236435507,-0.08572170107,-1.917475985e-06,-5.225122059e-05,2.876213977e-06,-3.78701507e-05,-0.08572170107,-0.0001030643342,-1.917475985e-06,-5.225122059e-05,2.876213977e-06,-3.78701507e-05,-0.3205904084,-0.0001030643342,0,0,0,0,1,0
5.55,1,1,4.937500661e-05,2.876213977e-05,-8.149272936e-06,4.601942364e-05,0.004785540689,-4.026699568e-05,0,0,0,0,-0.02199114858,0,0.004675858127,-0.010182634,-0.001280007439,0.0001096825618,0.001276433213,0.0004700070708,11.63963917,-0,0.05515741369,-0.02246115565,0.6793790231,0.01485722202,1.026897592,8.013180486e-06,-0.08789132225,-0.01485722202,-8.013180486e-06,0.5766224656,0.5766224656,0.03233201909,0.02594801095,-2.396844981e-06,-5.177185159e-05,3.83495197e-06,-3.78701507e-05,0.02594801095,-0.0001040230722,-2.396844981e-06,-5.177185159e-05,3.83495197e-06,-3.78701507e-05,-0.2205904084,-0.0001040230722,0,0,0,0,1,0
5.56,1,1,4.961469111e-05,2.948119327e-05,-9.827064422e-06,4.721784613e-05,0.004601942364,-4.026699568e-05,0,0,0,0,-0.01466076572,0,0.004573968252,-0.01019529443,-0.001252073751,2.797411118e-05,0.0003253979862,-0.001333425473,11.63263336,-0,0.05303972945,-0.01332734024,0.7192930317,0.00378523547,1.019316443,-2.237684019e-05,0.2493505634,-0.00378523547,2.237684019e-05,0.9648807365,0.9648807365,0.03229970222,0.04341963314,-2.876213977e-06,-5.320995858e-05,7.190534943e-06,-4.026699568e-05,0.04341963314,-0.0001040230722,-2.876213977e-06,-5.320995858e-05,7.190534943e-06,-4.026699568e-05,-0.1205904084,-0.0001040230722,0,0,0,0,1,0
5.57,1,1,5.05734291e-05,2.924150877e-05,-1.174454041e-05,4.793689962e-05,0.004504151088,-3.930825769e-05,0,0,0,0,-0.003141592654,0,0.00447195317,-0.01020767536,-0.001224105737,3.219791795e-05,0.0003744111733,0.01067103691,11.62901539,-0,0.05191169899,-0.01381262956,0.575363609,0.004354033295,1.007648211,0.0001748244816,-1.995483902,-0.004354033295,-0.0001748244816,-1.424649151,-1.424649151,0.03226743118,-0.06410921178,-4.793689962e-06,-5.273058958e-05,1.102548691e-05,-4.170510267e-05,-0.06410921178,-0.0001059405482,-4.793689962e-06,-5.273058958e-05,1.102548691e-05,-4.170510267e-05,-0.05000153179,-0.0001059405482,0,0,0,0,1,0
5.58,1,1,5.00940601e-05,3.020024676e-05,-1.414138539e-05,4.889563761e-05,0.004498638345,-3.930825769e-05,0,0,0,0,0,0,0.004369815678,-0.01021977643,-0.001196104164,0.0001288226668,0.001497754526,0.02464094543,11.62881378,-0,0.05184810755,-0.02464094543,0.2705107112,0.01741710848,1.004498638,0.0004007760282,-4.607856796,-0.01741710848,-0.0004007760282,-4.355163969,-4.355163969,0.03223536871,-0.1959823786,-3.83495197e-06,-5.464806557e-05,1.581917688e-05,-4.362257866e-05,-0.1959823786,-0.0001059405482,-3.83495197e-06,-5.464806557e-05,1.581917688e-05,-4.362257866e-05,-0.1500015318,-0.0001059405482,0,0,0,0,1,0
5.59,1,1,4.985437561e-05,3.067961576e-05,-1.486043888e-05,4.793689962e-05,0.004506308249,-3.930825769e-05,0,0,0,-0.001047197551,0,0,0.004267558576,-0.01023159733,-0.001168069799,0.0002387496732,0.002775417809,0.03695420824,11.62909435,-0,0.05193658255,-0.03695420824,-0.004494875378,0.03227559555,1.004506308,0.0006004639429,-6.910436941,-0.03227559555,-0.0006004639429,-6.947807876,-6.947807876,0.03220365669,-0.3126513544,-3.355582973e-06,-5.560680356e-05,1.725728386e-05,6.301465245e-05,-0.3126513544,-0.0001059405482,-3.355582973e-06,-5.560680356e-05,1.725728386e-05,6.301465245e-05,-0.2500015318,-0.0001059405482,0,0,0,0,1,0
5.6,1,1,4.817658412e-05,2.948119327e-05,-1.462075438e-05,4.745753063e-05,0.004509903516,-4.002731118e-05,0,0,0,0,0,0,0.004165184667,-0.01024313772,-0.00114000341,0.0003447188498,0.004006692761,0.04882053075,11.62922603,-0,0.0519780551,-0.04882053075,-0.2204714153,0.04659473573,1.004509904,0.0007925136436,-9.12943925,-0.04659473573,-0.0007925136436,-9.397297915,-9.397297915,0.03217243949,-0.4228784062,-0,-5.320995858e-05,1.677791487e-05,-4.074636468e-05,-0.4228784062,-0.0001045024412,-0,-5.320995858e-05,1.677791487e-05,-4.074636468e-05,-0.3500015318,-0.0001045024412,0,0,0,0,1,0
5.61,1,1,4.985437561e-05,2.900182427e-05,-1.198422491e-05,4.793689962e-05,0.004507746356,-3.906857319e-05,0,0,0,0,0,0,0.004062696757,-0.01025439729,-0.001111905768,0.0004450495985,0.005172041439,0.0600525352,11.62914701,-0,0.05195317158,-0.0600525352,-0.3854505494,0.06014643021,1.004507746,0.000973911053,-11.22982408,-0.06014643021,-0.000973911053,-11.67639497,-11.67639497,0.0321418145,-0.5254377738,-3.355582973e-06,-5.225122059e-05,1.150485591e-05,-4.170510267e-05,-0.5254377738,-0.0001064199172,-3.355582973e-06,-5.225122059e-05,1.150485591e-05,-4.170510267e-05,-0.4500015318,-0.0001064199172,0,0,0,0,1,0
5.62,1,1,4.961469111e-05,2.948119327e-05,-1.054611792e-05,4.554005464e-05,0.004501754243,-3.954794219e-05,0,0,0,0,0,0,0.003960097658,-0.01026537574,-0.001083777642,0.0005416565856,0.006293738384,0.07086492134,11.6289277,-0,0.05188405055,-0.07086492134,-0.5125446361,0.07318942865,1.004501754,0.00114817639,-13.25174029,-0.07318942865,-0.00114817639,-13.83862253,-13.83862253,0.03211189199,-0.6227380139,-2.876213977e-06,-5.320995858e-05,8.628641932e-06,-3.691141271e-05,-0.6227380139,-0.0001054611792,-2.876213977e-06,-5.320995858e-05,8.628641932e-06,-3.691141271e-05,-0.5500015318,-0.0001054611792,0,0,0,0,1,0
5.63,1,1,5.00940601e-05,2.828277078e-05,-9.108010928e-06,4.673847713e-05,0.004490968441,-3.978762669e-05,0,0,0,0,-0.001047197551,0,0.003857390181,-0.01027607275,-0.001055619804,0.0006335782603,0.00736061249,0.0801035058,11.6285337,-0,0.05175963224,-0.08115070335,-0.6066749267,0.08559313042,1.00553844,0.001299358208,-14.97935559,-0.08559313042,-0.001299358208,-15.672923,-15.672923,0.03208270443,-0.705281535,-3.83495197e-06,-5.08131136e-05,5.752427955e-06,-3.930825769e-05,-0.705281535,-0.0001049818102,-3.83495197e-06,-5.08131136e-05,5.752427955e-06,-3.930825769e-05,-0.6500015318,-0.0001049818102,0,0,0,0,1,0
5.64,1,1,4.937500661e-05,2.828277078e-05,-9.108010928e-06,4.601942364e-05,0.004440395012,-3.930825769e-05,0,0,0,0,-0.009424777961,0,0.003754577142,-0.01028648804,-0.001027433026,0.00068581787,0.007965758438,0.07757569302,11.62669908,-0,0.05117624059,-0.08700047098,-0.5999998153,0.09261547628,1.01388738,0.001278189822,-14.50665459,-0.09261547628,-0.001278189822,-15.20054808,-15.20054808,0.03205390988,-0.6840246634,-2.396844981e-06,-5.08131136e-05,5.752427955e-06,-3.78701507e-05,-0.6840246634,-0.0001059405482,-2.396844981e-06,-5.08131136e-05,5.752427955e-06,-3.78701507e-05,-0.68445072,-0.0001059405482,0,0,0,0,1,0
5.65,1,1,5.05734291e-05,2.924150877e-05,-8.388957434e-06,4.530037014e-05,0.004287955671,-4.002731118e-05,0,0,0,0,-0.01989675347,-0.001047197551,0.00365166136,-0.01029662131,-0.0009992180802,0.000636294311,0.007387870771,0.06158216352,11.6212966,-0,0.04941769251,-0.081478917,-0.3854427902,0.08585663745,1.024283679,0.001034635729,-11.51586458,-0.08585663745,-0.001034635729,-11.98819864,-11.98819864,0.03202442093,-0.5394689389,-4.793689962e-06,-5.273058958e-05,4.314320966e-06,-3.643204371e-05,-0.5394689389,2.17313945e-07,-4.793689962e-06,-5.273058958e-05,4.314320966e-06,-3.643204371e-05,-0.593726769,2.17313945e-07,0,0,0,0,1,0
5.66,1,1,5.05734291e-05,2.972087777e-05,-8.628641932e-06,4.554005464e-05,0.004041799692,-4.002731118e-05,0,0,0,0,-0.03036872898,0,0.003548645657,-0.01030647231,-0.0009709757402,0.0004931540349,0.005723163278,0.03512066018,11.61297644,-0,0.04657778407,-0.06548938917,-0.01937750967,0.06646296029,1.034641094,0.0006014772331,-6.567563454,-0.06646296029,-0.0006014772331,-6.654005401,-6.654005401,0.03199370494,-0.2994302431,-4.793689962e-06,-5.368932758e-05,4.793689962e-06,-3.691141271e-05,-0.2994302431,-0.0001045024412,-4.793689962e-06,-5.368932758e-05,4.793689962e-06,-3.691141271e-05,-0.493726769,-0.0001045024412,0,0,0,0,1,0
5.67,1,1,4.745753063e-05,2.924150877e-05,-9.827064422e-06,4.625910813e-05,0.003730689213,-3.978762669e-05,0,0,0,0,-0.03351032164,0,0.003445532856,-0.01031604074,-0.0009427067804,0.0002851563572,0.003307520889,0.008724301874,11.60317269,-0,0.0429880926,-0.04223462351,0.4117768852,0.03837773604,1.037521746,0.0001500973093,-1.63144445,-0.03837773604,-0.0001500973093,-1.258195399,-1.258195399,0.03196203524,-0.05661879293,1.438106989e-06,-5.273058958e-05,7.190534943e-06,-3.83495197e-05,-0.05661879293,-0.0001049818102,1.438106989e-06,-5.273058958e-05,7.190534943e-06,-3.83495197e-05,-0.393726769,-0.0001049818102,0,0,0,0,1,0
5.68,1,1,4.841626862e-05,3.043993126e-05,-9.827064422e-06,4.601942364e-05,0.003387940381,-4.002731118e-05,0,0,0,0,-0.03036872898,0,0.003342325785,-0.01032532636,-0.0009144119758,4.561459617e-05,0.0005287948545,-0.01493594898,11.59329009,-0,0.03903286786,-0.01543278,0.826112836,0.006130472145,1.033987234,-0.0002549630323,2.79302246,-0.006130472145,0.0002549630323,3.613259787,3.613259787,0.03193013586,0.1625966904,-4.793689962e-07,-5.512743456e-05,7.190534943e-06,-3.78701507e-05,0.1625966904,-0.0001045024412,-4.793689962e-07,-5.512743456e-05,7.190534943e-06,-3.78701507e-05,-0.293726769,-0.0001045024412,0,0,0,0,1,0
5.69,1,1,4.961469111e-05,2.996056226e-05,-1.126517141e-05,4.769721512e-05,0.003091690341,-4.002731118e-05,0,0,0,0,-0.02722713633,0,0.003239027272,-0.0103343289,-0.0008860921022,-0.0001473369312,-0.001707251153,-0.0333938446,11.58552204,-0,0.03561385519,0.00616670827,1.068494495,-0.01977939585,1.030504156,-0.000565652751,6.24464894,0.01977939585,0.000565652751,7.333488484,7.333488484,0.03189858047,0.3300069818,-2.876213977e-06,-5.416869657e-05,1.006674892e-05,-4.122573367e-05,0.3300069818,-0.0001045024412,-2.876213977e-06,-5.416869657e-05,1.006674892e-05,-4.122573367e-05,-0.193726769,-0.0001045024412,0,0,0,0,1,0
5.7,1,1,5.03337446e-05,2.996056226e-05,-1.24635939e-05,4.769721512e-05,0.00284865026,-3.882888869e-05,0,0,0,0,-0.01884955592,0,0.003135640151,-0.01034304812,-0.0008577479359,-0.0002869898911,-0.003324232896,-0.04065265706,11.57968399,-0,0.03280870245,0.02180310114,1.156514524,-0.03849356643,1.021787033,-0.0006763475294,7.60204687,0.03849356643,0.0006763475294,8.797731308,8.797731308,0.03186749584,0.3958979088,-4.314320966e-06,-5.416869657e-05,1.24635939e-05,-4.122573367e-05,0.3958979088,-0.0001068992862,-4.314320966e-06,-5.416869657e-05,1.24635939e-05,-4.122573367e-05,-0.09372676898,-0.0001068992862,0,0,0,0,1,0
5.71,1,1,5.03337446e-05,2.972087777e-05,-1.366201639e-05,4.817658412e-05,0.00271011262,-3.906857319e-05,0,0,0,0.001047197551,-0.007330382858,0,0.003032167255,-0.01035148378,-0.000829380254,-0.0003220546351,-0.003729469837,-0.033053762,11.57657158,-0,0.03120962233,0.02572337914,1.012977961,-0.04317447452,1.010053929,-0.0005368417919,6.181053494,0.04317447452,0.0005368417919,7.237742771,7.237742771,0.0318363757,0.3256984247,-4.314320966e-06,-5.368932758e-05,1.486043888e-05,-0.0001469042268,0.3256984247,-0.0001064199172,-4.314320966e-06,-5.368932758e-05,1.486043888e-05,-0.0001469042268,0.006273231017,-0.0001064199172,0,0,0,0,1,0
5.72,1,1,5.08131136e-05,2.996056226e-05,-1.390170089e-05,4.841626862e-05,0.002689979122,-3.978762669e-05,0,0,0,0,0.001047197551,0,0.002928611421,-0.01035963565,-0.0008009898342,-0.0002386322992,-0.002763076537,-0.01532130216,11.57613227,-0,0.03097722501,0.01636849971,0.653360326,-0.03198573946,1.003737451,-0.0002454947704,2.865083504,0.03198573946,0.0002454947704,3.550675064,3.550675064,0.03180482687,0.1597803779,-5.273058958e-06,-5.416869657e-05,1.533980788e-05,-4.266384066e-05,0.1597803779,-0.0001049818102,-5.273058958e-06,-5.416869657e-05,1.533980788e-05,-4.266384066e-05,0.106273231,-0.0001049818102,0,0,0,0,1,0
5.73,1,1,5.03337446e-05,3.091930026e-05,-1.366201639e-05,4.841626862e-05,0.002700285556,-3.978762669e-05,0,0,0,0,0.001047197551,0,0.002824975489,-0.0103675035,-0.0007725774549,-0.0001246899333,-0.001443627469,-0.002549745106,11.57635674,-0,0.03109619046,0.003596942657,0.2999830525,-0.01671194658,1.003747757,-4.081490148e-05,0.4768023347,0.01671194658,4.081490148e-05,0.7935381488,0.7935381488,0.03177308455,0.03570921669,-4.314320966e-06,-5.608617256e-05,1.486043888e-05,-4.266384066e-05,0.03570921669,-0.0001049818102,-4.314320966e-06,-5.608617256e-05,1.486043888e-05,-4.266384066e-05,0.06126673197,-0.0001049818102,0,0,0,0,1,0
5.74,1,1,4.985437561e-05,2.972087777e-05,-1.390170089e-05,4.721784613e-05,0.002723774636,-3.906857319e-05,0,0,0,0,0.001047197551,0,0.002721262299,-0.01037508712,-0.0007441438949,2.512337554e-06,2.908494072e-05,0.01170361628,11.57687157,-0,0.0313673198,-0.01065641873,-0.0156086478,0.0003367126232,1.003771246,0.0001871665898,-2.188576244,-0.0003367126232,-0.0001871665898,-2.204708771,-2.204708771,0.03174135117,-0.09921189469,-3.355582973e-06,-5.368932758e-05,1.533980788e-05,-4.026699568e-05,-0.09921189469,-0.0001064199172,-3.355582973e-06,-5.368932758e-05,1.533980788e-05,-4.026699568e-05,-0.03873326803,-0.0001064199172,0,0,0,0,1,0
5.75,1,1,5.05734291e-05,2.972087777e-05,-1.198422491e-05,4.793689962e-05,0.002735758861,-4.026699568e-05,0,0,0,0,0,0,0.002617474695,-0.01038238631,-0.0007156899339,0.0001182841667,0.001369239494,0.02362644436,11.57713596,-0,0.03150565042,-0.02362644436,-0.2496369012,0.01585187178,1.002735759,0.0003766847177,-4.418145096,-0.01585187178,-0.0003766847177,-4.684010554,-4.684010554,0.03170980535,-0.2107804749,-4.793689962e-06,-5.368932758e-05,1.150485591e-05,-4.170510267e-05,-0.2107804749,-0.0001040230722,-4.793689962e-06,-5.368932758e-05,1.150485591e-05,-4.170510267e-05,-0.138733268,-0.0001040230722,0,0,0,0,1,0
5.76,1,1,4.937500661e-05,2.900182427e-05,-1.078580241e-05,4.721784613e-05,0.002736477915,-4.002731118e-05,0,0,0.001047197551,0,0,0,0.002513615522,-0.01038940086,-0.0006872163519,0.0002228623934,0.002579577633,0.03534057962,11.57715186,-0,0.03151395025,-0.03534057962,-0.4180244723,0.029864162,1.002736478,0.0005628925024,-6.608688388,-0.029864162,-0.0005628925024,-7.057139915,-7.057139915,0.03167857172,-0.3175712962,-2.396844981e-06,-5.225122059e-05,-9.561174419e-05,-4.026699568e-05,-0.3175712962,-0.0001045024412,-2.396844981e-06,-5.225122059e-05,-9.561174419e-05,-4.026699568e-05,-0.238733268,-0.0001045024412,0,0,0,0,1,0
5.77,1,1,4.961469111e-05,2.852245527e-05,-9.587379924e-06,4.625910813e-05,0.002733601701,-3.954794219e-05,0,0,0,0,0,-0.001047197551,0.002409687627,-0.01039613057,-0.0006587239296,0.000323914074,0.003748869038,0.04665769842,11.57708829,-0,0.03148075094,-0.04665769842,-0.5485256772,0.04340098783,1.002733602,0.000742419891,-8.724989605,-0.04340098783,-0.000742419891,-9.31765869,-9.31765869,0.03164777749,-0.419294641,-2.876213977e-06,-5.129248259e-05,6.711165947e-06,-3.83495197e-05,-0.419294641,-7.414240475e-07,-2.876213977e-06,-5.129248259e-05,6.711165947e-06,-3.83495197e-05,-0.338733268,-7.414240475e-07,0,0,0,0,1,0
5.78,1,1,5.03337446e-05,2.948119327e-05,-9.108010928e-06,4.673847713e-05,0.002725931797,-3.906857319e-05,-0.001047197551,0,0,0,0,0,0.00230569386,-0.01040257528,-0.0006302134479,0.0004202379369,0.004863216079,0.05744370615,11.57691907,-0,0.03139221934,-0.05744370615,-0.6453954852,0.05630105897,1.002725932,0.0009131580764,-10.74197305,-0.05630105897,-0.0009131580764,-11.44458275,-11.44458275,0.0316175244,-0.5150062238,0.0001004054342,-5.320995858e-05,5.752427955e-06,-3.930825769e-05,-0.5150062238,-0.0001064199172,0.0001004054342,-5.320995858e-05,5.752427955e-06,-3.930825769e-05,-0.438733268,-0.0001064199172,0,0,0,0,1,0
5.79,1,1,5.00940601e-05,2.996056226e-05,-8.86832643e-06,4.625910813e-05,0.002714187257,-3.882888869e-05,0,0,0,0,-0.001047197551,0,0.002201637072,-0.01040873479,-0.0006016856887,0.0005125501845,0.005930921188,0.06673190305,11.57666089,-0,0.03125665497,-0.0677791006,-0.7160914695,0.06866026336,1.003761659,0.001062003025,-12.47886587,-0.06866026336,-0.001062003025,-13.26467961,-13.26467961,0.03158789506,-0.5969105823,-3.83495197e-06,-5.416869657e-05,5.273058958e-06,-3.83495197e-05,-0.5969105823,-0.0001068992862,-3.83495197e-06,-5.416869657e-05,5.273058958e-06,-3.83495197e-05,-0.538733268,-0.0001068992862,0,0,0,0,1,0
5.8,1,1,4.961469111e-05,2.972087777e-05,-9.587379924e-06,4.673847713e-05,0.002691896598,-3.882888869e-05,0,0,0,0,-0.002094395102,0,0.002097520116,-0.01041460893,-0.0005731414339,0.0005943764826,0.006877047855,0.07484561878,11.57617396,-0,0.03099935814,-0.07694001389,-0.7521212699,0.07960990232,1.004787388,0.001192465317,-13.99613071,-0.07960990232,-0.001192465317,-14.82905435,-14.82905435,0.03155887243,-0.6673074458,-2.876213977e-06,-5.368932758e-05,6.711165947e-06,-3.930825769e-05,-0.6673074458,-0.0001068992862,-2.876213977e-06,-5.368932758e-05,6.711165947e-06,-3.930825769e-05,-0.638733268,-0.0001068992862,0,0,0,0,1,0
5.81,1,1,4.937500661e-05,2.972087777e-05,-1.030643342e-05,4.625910813e-05,0.002639885062,-3.954794219e-05,0,0,0,0,-0.00837758041,0,0.001993345845,-0.01042019756,-0.0005445814662,0.000646539217,0.007479634389,0.07440453333,11.57505353,-0,0.03039899291,-0.08278211374,-0.7192641944,0.0865771684,1.011035011,0.001199136312,-13.91364773,-0.0865771684,-0.001199136312,-14.72068823,-14.72068823,0.03153023649,-0.6624309704,-2.396844981e-06,-5.368932758e-05,8.149272936e-06,-3.83495197e-05,-0.6624309704,-0.0001054611792,-2.396844981e-06,-5.368932758e-05,8.149272936e-06,-3.83495197e-05,-0.6624309704,-0.0001054611792,0,0,0,0,0,0
5.82,1,1,5.03337446e-05,2.948119327e-05,-1.054611792e-05,4.673847713e-05,0.002510934802,-3.906857319e-05,0,0,0,0,-0.01675516082,0,0.001889117117,-0.01042550051,-0.0005160065685,0.0006218176856,0.007192309661,0.0632691805,11.57237061,-0,0.0289104947,-0.08002434132,-0.534736416,0.08323207295,1.019336279,0.001035534348,-11.83133675,-0.08323207295,-0.001035534348,-12.45034078,-12.45034078,0.03150117604,-0.560265335,-4.314320966e-06,-5.320995858e-05,8.628641932e-06,-3.930825769e-05,-0.560265335,-0.0001064199172,-4.314320966e-06,-5.320995858e-05,8.628641932e-06,-3.930825769e-05,-0.5792764026,-0.0001064199172,0,0,0,0,1,0
5.83,1,1,5.03337446e-05,2.948119327e-05,-1.102548691e-05,4.673847713e-05,0.002293301278,-3.978762669e-05,0,0,0,0,-0.02617993878,0,0.001784836788,-0.01043051765,-0.0004874175242,0.0005084644903,0.005879778187,0.04116961653,11.56814926,-0,0.02639820043,-0.06734955531,-0.2020701939,0.06801815169,1.028644587,0.0006855390886,-7.698718292,-0.06801815169,-0.0006855390886,-7.969492177,-7.969492177,0.03147114268,-0.358627148,-4.314320966e-06,-5.320995858e-05,9.587379924e-06,-3.930825769e-05,-0.358627148,-0.0001049818102,-4.314320966e-06,-5.320995858e-05,9.587379924e-06,-3.930825769e-05,-0.4792764026,-0.0001049818102,0,0,0,0,1,0
5.84,1,1,4.961469111e-05,3.043993126e-05,-9.827064422e-06,4.506068564e-05,0.001976678056,-3.930825769e-05,0,0,0,0,-0.03351032164,0,0.001680507717,-0.01043524882,-0.0004588151171,0.000296170339,0.003423863346,0.01008563411,11.56269493,-0,0.02274297965,-0.04359595575,0.2725168305,0.03958908737,1.035767735,0.0001701078659,-1.886013579,-0.03958908737,-0.0001701078659,-1.653255944,-1.653255944,0.03144003857,-0.07439651747,-2.876213977e-06,-5.512743456e-05,7.190534943e-06,-3.595267472e-05,-0.07439651747,-0.0001059405482,-2.876213977e-06,-5.512743456e-05,7.190534943e-06,-3.595267472e-05,-0.3792764026,-0.0001059405482,0,0,0,0,1,0
5.85,1,1,4.937500661e-05,2.924150877e-05,-9.108010928e-06,4.625910813e-05,0.001643756288,-3.930825769e-05,0,0,0,0,-0.03246312409,0,0.001576132765,-0.01043969391,-0.0004302001313,6.762352322e-05,0.0007815518352,-0.01445067677,11.55783714,-0,0.01889935699,-0.01801244732,0.6904388169,0.009033048831,1.034370344,-0.0002428302681,2.702276556,-0.009033048831,0.0002428302681,3.383925154,3.383925154,0.03140864709,0.152276632,-2.396844981e-06,-5.273058958e-05,5.752427955e-06,-3.83495197e-05,0.152276632,-0.0001059405482,-2.396844981e-06,-5.273058958e-05,5.752427955e-06,-3.83495197e-05,-0.2792764026,-0.0001059405482,0,0,0,0,1,0
5.86,1,1,4.985437561e-05,3.067961576e-05,-8.86832643e-06,4.625910813e-05,0.001320661585,-3.978762669e-05,0,0,0,0,-0.03036872898,0,0.001471714793,-0.01044385278,-0.0004015733514,-0.0001510532082,-0.001745391917,-0.03684252196,11.55398165,-0,0.01516898834,0.006473792978,1.011270288,-0.02016622618,1.031919955,-0.0006155659769,6.889551607,0.02016622618,0.0006155659769,7.921603687,7.921603687,0.03137767779,0.3564721659,-3.355582973e-06,-5.560680356e-05,5.273058958e-06,-3.83495197e-05,0.3564721659,-0.0001049818102,-3.355582973e-06,-5.560680356e-05,5.273058958e-06,-3.83495197e-05,-0.1792764026,-0.0001049818102,0,0,0,0,1,0
5.87,1,1,4.937500661e-05,3.043993126e-05,-9.587379924e-06,4.649879263e-05,0.001067794439,-3.882888869e-05,0,0,0,0,-0.01884955592,0,0.001367256664,-0.01044772534,-0.0003729355622,-0.0002994622245,-0.003459674968,-0.0419430297,11.55155383,-0,0.01224933666,0.02309347378,1.126251828,-0.03996462163,1.020006177,-0.0006840317208,7.843346554,0.03996462163,0.0006840317208,9.010247036,9.010247036,0.03134719406,0.4054611166,-2.396844981e-06,-5.512743456e-05,6.711165947e-06,-3.882888869e-05,0.4054611166,-0.0001068992862,-2.396844981e-06,-5.512743456e-05,6.711165947e-06,-3.882888869e-05,-0.07927640261,-0.0001068992862,0,0,0,0,1,0
5.88,1,1,5.00940601e-05,2.996056226e-05,-1.126517141e-05,4.769721512e-05,0.0009491506125,-3.930825769e-05,0,0,0,0,-0.004188790205,0,0.001262761241,-0.01045131146,-0.0003442875488,-0.0003136106283,-0.003622805083,-0.02886338434,11.55059307,-0,0.01087942457,0.02467459413,0.9445973974,-0.04184554728,1.005142327,-0.000456655469,5.397452871,0.04184554728,0.000456655469,6.384352472,6.384352472,0.03131651561,0.2872958612,-3.83495197e-06,-5.416869657e-05,1.006674892e-05,-4.122573367e-05,0.2872958612,-0.0001059405482,-3.83495197e-06,-5.416869657e-05,1.006674892e-05,-4.122573367e-05,0.02072359739,-0.0001059405482,0,0,0,0,1,0
5.89,1,1,4.985437561e-05,3.067961576e-05,-1.31826474e-05,4.769721512e-05,0.0009386044946,-3.954794219e-05,0,0,0,0,0,0,0.001158231389,-0.01045461106,-0.0003156300965,-0.0002196268948,-0.002536999385,-0.01414382806,11.55051318,-0,0.01075765383,0.01414382806,0.5770032741,-0.02930364483,1.000938604,-0.0002216854943,2.644895848,0.02930364483,0.0002216854943,3.251424453,3.251424453,0.03128543027,0.1463141004,-3.355582973e-06,-5.560680356e-05,1.390170089e-05,-4.122573367e-05,0.1463141004,-0.0001054611792,-3.355582973e-06,-5.560680356e-05,1.390170089e-05,-4.122573367e-05,0.1207235974,-0.0001054611792,0,0,0,0,1,0
5.9,1,1,5.05734291e-05,3.043993126e-05,-1.486043888e-05,4.841626862e-05,0.0009568205164,-3.906857319e-05,0,0,0,0,0.003141592654,0,0.001053669975,-0.01045762403,-0.0002869639911,-9.684945866e-05,-0.001118711648,0.002752423599,11.55065173,-0,0.01096798502,0.0003891690543,0.2187538307,-0.01292184864,1.004100881,4.337021823e-05,-0.5147032131,0.01292184864,-4.337021823e-05,-0.2830709039,-0.2830709039,0.03125418713,-0.01273819068,-4.793689962e-06,-5.512743456e-05,1.725728386e-05,-4.266384066e-05,-0.01273819068,-0.0001064199172,-4.793689962e-06,-5.512743456e-05,1.725728386e-05,-4.266384066e-05,0.04235225105,-0.0001064199172,0,0,0,0,1,0
5.91,1,1,5.03337446e-05,3.091930026e-05,-1.486043888e-05,4.817658412e-05,0.0009841445492,-3.930825769e-05,0,0,0,0,0.002094395102,0,0.0009490798644,-0.01046035031,-0.0002582900184,3.506468479e-05,0.0004050226407,0.01648169732,11.5508646,-0,0.01128348112,-0.01438730221,-0.0915476844,0.004678361684,1.003079636,0.000258917079,-3.082077398,-0.004678361684,-0.000258917079,-3.178562362,-3.178562362,0.03122300447,-0.1430353063,-4.314320966e-06,-5.608617256e-05,1.725728386e-05,-4.218447167e-05,-0.1430353063,-0.0001059405482,-4.314320966e-06,-5.608617256e-05,1.725728386e-05,-4.218447167e-05,-0.05764774895,-0.0001059405482,0,0,0,0,1,0
5.92,1,1,5.00940601e-05,3.139866925e-05,-1.438106989e-05,4.817658412e-05,0.001004997101,-3.954794219e-05,0,0,0,0,0,0,0.0008444639248,-0.01046278981,-0.0002296089646,0.0001605331757,0.001854225366,0.02844047296,11.55103112,-0,0.0115242539,-0.02844047296,-0.3310280484,0.02141821491,1.001004997,0.0004444946394,-5.318368443,-0.02141821491,-0.0004444946394,-5.671259201,-5.671259201,0.03119208105,-0.2552066641,-3.83495197e-06,-5.704491055e-05,1.629854587e-05,-4.218447167e-05,-0.2552066641,-0.0001054611792,-3.83495197e-06,-5.704491055e-05,1.629854587e-05,-4.218447167e-05,-0.1576477489,-0.0001054611792,0,0,0,0,1,0
5.93,1,1,4.937500661e-05,3.139866925e-05,-1.22239094e-05,4.745753063e-05,0.001006674892,-3.978762669e-05,0,0,0,0,0,0,0.0007398250244,-0.01046494247,-0.0002009216159,0.0002668498677,0.003082132663,0.04034789323,11.55104467,-0,0.0115436264,-0.04034789323,-0.4880007868,0.03560185206,1.001006675,0.0006299786164,-7.545056033,-0.03560185206,-0.0006299786164,-8.069288651,-8.069288651,0.03116152471,-0.3631179893,-2.396844981e-06,-5.704491055e-05,1.198422491e-05,-4.074636468e-05,-0.3631179893,-0.0001049818102,-2.396844981e-06,-5.704491055e-05,1.198422491e-05,-4.074636468e-05,-0.2576477489,-0.0001049818102,0,0,0,0,1,0
5.94,1,1,4.961469111e-05,3.115898475e-05,-1.006674892e-05,4.673847713e-05,0.00100283994,-3.85892042e-05,0,0,0,0,0,0,0.0006351660318,-0.01046680822,-0.0001722287589,0.0003676739083,0.004246529245,0.05163947246,11.55101373,-0,0.01149934639,-0.05163947246,-0.6051481534,0.04905171761,1.00100284,0.0008054963023,-9.656581351,-0.04905171761,-0.0008054963023,-10.31158672,-10.31158672,0.03113146531,-0.4640214023,-2.876213977e-06,-5.656554155e-05,7.669903939e-06,-3.930825769e-05,-0.4640214023,-0.0001073786552,-2.876213977e-06,-5.656554155e-05,7.669903939e-06,-3.930825769e-05,-0.3576477489,-0.0001073786552,0,0,0,0,1,0
5.95,1,1,5.03337446e-05,3.067961576e-05,-8.388957434e-06,4.721784613e-05,0.0009954097206,-3.882888869e-05,0,0,0,0,-0.001047197551,0,0.0005304898164,-0.01046838703,-0.0001435311801,0.0004649199042,0.005369540387,0.06148258375,11.55095412,-0,0.01141355384,-0.0625297813,-0.6937281691,0.06202331468,1.002042881,0.0009601165379,-11.49724316,-0.06202331468,-0.0009601165379,-12.25395476,-12.25395476,0.03110200882,-0.5514279643,-4.314320966e-06,-5.560680356e-05,4.314320966e-06,-4.026699568e-05,-0.5514279643,-0.0001068992862,-4.314320966e-06,-5.560680356e-05,4.314320966e-06,-4.026699568e-05,-0.4576477489,-0.0001068992862,0,0,0,0,1,0
5.96,1,1,5.08131136e-05,2.972087777e-05,-8.149272936e-06,4.769721512e-05,0.0009762349608,-4.026699568e-05,0,0,0,0,-0.002094395102,0,0.0004257992479,-0.01046967883,-0.0001148296663,0.0005504357129,0.006357011932,0.07001195432,11.55080236,-0,0.01119215339,-0.07210634942,-0.7417605879,0.07342858844,1.003071727,0.001094538659,-13.09223546,-0.07342858844,-0.001094538659,-13.90851917,-13.90851917,0.03107312533,-0.6258833628,-5.273058958e-06,-5.368932758e-05,3.83495197e-06,-4.122573367e-05,-0.6258833628,-0.0001040230722,-5.273058958e-06,-5.368932758e-05,3.83495197e-06,-4.122573367e-05,-0.5576477489,-0.0001040230722,0,0,0,0,1,0
5.97,1,1,4.961469111e-05,3.020024676e-05,-8.628641932e-06,4.601942364e-05,0.0009467537675,-3.906857319e-05,0,0,0,0,-0.003141592654,0,0.0003210971965,-0.01047068361,-8.612500443e-05,0.000625656571,0.00722553621,0.07738853497,11.55057483,-0,0.01085174941,-0.08053012763,-0.7590967107,0.08345909669,1.004090814,0.00121121617,-14.47165604,-0.08345909669,-0.00121121617,-15.31542306,-15.31542306,0.03104486923,-0.6891940378,-2.876213977e-06,-5.464806557e-05,4.793689962e-06,-3.78701507e-05,-0.6891940378,-0.0001064199172,-2.876213977e-06,-5.464806557e-05,4.793689962e-06,-3.78701507e-05,-0.6576477489,-0.0001064199172,0,0,0,0,1,0
5.98,1,1,5.00940601e-05,3.043993126e-05,-9.347695426e-06,4.625910813e-05,0.0008726912576,-3.906857319e-05,0,0,0,0,-0.01151917306,0,0.0002163865326,-0.01047140133,-5.741798139e-05,0.000656304725,0.007579215877,0.07244485116,11.55003425,-0,0.009996584092,-0.08396402423,-0.6804578052,0.08754020298,1.012425037,0.001151700752,-13.54718717,-0.08754020298,-0.001151700752,-14.31633688,-14.31633688,0.0310167795,-0.6442351594,-3.83495197e-06,-5.512743456e-05,6.231796951e-06,-3.83495197e-05,-0.6442351594,-0.0001064199172,-3.83495197e-06,-5.512743456e-05,6.231796951e-06,-3.83495197e-05,-0.6538210838,-0.0001064199172,0,0,0,0,1,0
5.99,1,1,4.985437561e-05,3.091930026e-05,-1.006674892e-05,4.697816163e-05,0.000691010408,-4.002731118e-05,0,0,0,0,-0.02513274123,0,0.0001116701269,-0.01047183196,-2.870938421e-05,0.0005793402812,0.006690074913,0.05021707077,11.54889608,-0,0.007898777653,-0.07534981199,-0.3940787895,0.07726297991,1.025981665,0.0008190922505,-9.390592233,-0.07726297991,-0.0008190922505,-9.862753095,-9.862753095,0.03098779438,-0.4438238893,-3.355582973e-06,-5.608617256e-05,7.669903939e-06,-3.978762669e-05,-0.4438238893,-0.0001045024412,-3.355582973e-06,-5.608617256e-05,7.669903939e-06,-3.978762669e-05,-0.5538210838,-0.0001045024412,0,0,0,0,1,0
6,1,1,4.913532211e-05,3.163835375e-05,-1.006674892e-05,4.697816163e-05,0.000379180876,-3.978762669e-05,0,0,0,0,-0.03455751919,0,6.950850237e-06,-0.01047197551,5.693673632e-14,0.0003722300258,0.004298211511,0.01760236499,11.54756476,-0,0.004298132108,-0.05215988418,0.1054343818,0.04963387577,1.035235256,0.000292029853,-3.291642254,-0.04963387577,-0.000292029853,-3.236133777,-3.236133777,0.03095743126,-0.14562602,-1.917475985e-06,-5.752427955e-05,7.669903939e-06,-3.978762669e-05,-0.14562602,-0.0001049818102,-1.917475985e-06,-5.752427955e-05,7.669903939e-06,-3.978762669e-05,-0.4538210838,-0.0001049818102,0,0,0,0,1,0
6.01,1,1,4.937500661e-05,3.139866925e-05,-1.030643342e-05,4.649879263e-05,-1.438106989e-06,-3.978762669e-05,0,0,0,0,-0.04188790205,0,-9.776842639e-05,-0.01047183196,2.870938432e-05,9.63303194e-05,0.001112328242,-0.02062701929,11.54700507,0,-9.686733483e-05,-0.02126088276,0.6540637464,0.01284405985,1.042327989,-0.0003465692341,3.857252606,-0.01284405985,0.0003465692341,4.498818862,4.498818862,0.03092656038,0.2024468488,-2.396844981e-06,-5.704491055e-05,8.149272936e-06,-3.882888869e-05,0.2024468488,-0.0001049818102,-2.396844981e-06,-5.704491055e-05,8.149272936e-06,-3.882888869e-05,-0.3538210838,-0.0001049818102,0,0,0,0,1,0
6.02,1,1,4.913532211e-05,3.163835375e-05,-9.587379924e-06,4.673847713e-05,-0.0004036286948,-3.978762669e-05,0,0,0,0,-0.03769911184,0,-0.0002024848321,-0.01047140133,5.74179815e-05,-0.0002011438627,-0.00232269009,-0.04975573612,11.54768609,0,-0.004740950816,0.01205662428,1.142556022,-0.02682169604,1.038458046,-0.0008289738763,9.304322655,0.02682169604,0.0008289738763,10.47452935,10.47452935,0.03089642409,0.4713538206,-1.917475985e-06,-5.752427955e-05,6.711165947e-06,-3.930825769e-05,0.4713538206,-0.0001049818102,-1.917475985e-06,-5.752427955e-05,6.711165947e-06,-3.930825769e-05,-0.2538210838,-0.0001049818102,0,0,0,0,1,0
6.03,1,1,4.985437561e-05,3.235740724e-05,-9.587379924e-06,4.577973914e-05,-0.0007370298317,-3.954794219e-05,0,0,0,-0.001047197551,-0.03141592654,0,-0.000307195496,-0.01047068361,8.612500454e-05,-0.0004298343357,-0.004963812315,-0.06908400647,11.54924196,0,-0.008590669541,0.03766807993,1.399437053,-0.05732826947,1.032399696,-0.001136536893,12.91870921,0.05732826947,0.001136536893,14.37661107,14.37661107,0.03086742688,0.6469474981,-3.355582973e-06,-5.896238653e-05,6.711165947e-06,6.732897341e-05,0.6469474981,-0.0001054611792,-3.355582973e-06,-5.896238653e-05,6.711165947e-06,6.732897341e-05,-0.1538210838,-0.0001054611792,0,0,0,0,1,0
6.04,1,1,4.961469111e-05,3.163835375e-05,-9.587379924e-06,4.649879263e-05,-0.001011947951,-3.978762669e-05,0,0,0,0,-0.02094395102,0,-0.0004118975474,-0.01046967883,0.0001148296664,-0.0006000504036,-0.006930111249,-0.07767152387,11.55120115,0,-0.01176502617,0.05672757285,1.489004933,-0.08005110904,1.022065561,-0.001251227991,14.52457496,0.08005110904,0.001251227991,16.09488223,16.09488223,0.03083955602,0.7242697006,-2.876213977e-06,-5.752427955e-05,6.711165947e-06,-3.882888869e-05,0.7242697006,-0.0001049818102,-2.876213977e-06,-5.752427955e-05,6.711165947e-06,-3.882888869e-05,-0.05382108382,-0.0001049818102,0,0,0,0,1,0
6.05,1,1,5.05734291e-05,3.139866925e-05,-1.054611792e-05,4.721784613e-05,-0.001161031709,-3.882888869e-05,0,0,0,0,-0.007330382858,0,-0.0005165881159,-0.01046838703,0.0001435311802,-0.0006444435929,-0.00744334694,-0.06902815862,11.5525193,0,-0.01348639403,0.06169777576,1.303015319,-0.0859894092,1.008504848,-0.001081698446,12.90826566,0.0859894092,0.001081698446,14.29835209,14.29835209,0.03081157623,0.643425844,-4.793689962e-06,-5.704491055e-05,8.628641932e-06,-4.026699568e-05,0.643425844,-0.0001068992862,-4.793689962e-06,-5.704491055e-05,8.628641932e-06,-4.026699568e-05,0.04617891618,-0.0001068992862,0,0,0,0,1,0
6.06,1,1,5.10527981e-05,3.259709174e-05,-1.29429629e-05,4.841626862e-05,-0.001182123945,-3.85892042e-05,0,0,0,0,0,0,-0.0006212643313,-0.01046680822,0.000172228759,-0.0005608596133,-0.006478180033,-0.05234084848,11.55272032,0,-0.01372992928,0.05234084848,0.8901461755,-0.07484060209,1.001182124,-0.0008075751074,9.787738665,0.07484060209,0.0008075751074,10.75353302,10.75353302,0.03078254288,0.4839089858,-5.752427955e-06,-5.944175553e-05,1.342233189e-05,-4.266384066e-05,0.4839089858,-0.0001073786552,-5.752427955e-06,-5.944175553e-05,1.342233189e-05,-4.266384066e-05,0.1461789162,-0.0001073786552,0,0,0,0,1,0
6.07,1,1,5.10527981e-05,3.235740724e-05,-1.414138539e-05,4.889563761e-05,-0.001164866661,-3.906857319e-05,0,0,0,0,0.003141592654,0,-0.0007259233239,-0.01046494247,0.000200921616,-0.0004389433369,-0.005070118651,-0.0355504376,11.55255558,0,-0.01353067321,0.03869203025,0.4766180143,-0.05857282753,1.004308927,-0.0005514117196,6.647931831,0.05857282753,0.0005514117196,7.183674084,7.183674084,0.03075274306,0.3232653338,-5.752427955e-06,-5.896238653e-05,1.581917688e-05,-4.362257866e-05,0.3232653338,-0.0001064199172,-5.752427955e-06,-5.896238653e-05,1.581917688e-05,-4.362257866e-05,0.2461789162,-0.0001064199172,0,0,0,0,1,0
6.08,1,1,5.10527981e-05,3.283677624e-05,-1.462075438e-05,4.865595312e-05,-0.001125798088,-3.906857319e-05,0,0,0,0,0.004188790205,0,-0.0008305622243,-0.01046278981,0.0002296089647,-0.0002952358633,-0.003410256862,-0.01841343382,11.55219155,0,-0.01307957815,0.02260222402,0.09476143367,-0.03939594049,1.005318975,-0.0002858975666,3.443312124,0.03939594049,0.0002858975666,3.577755395,3.577755395,0.03072237038,0.1609989928,-5.752427955e-06,-5.992112453e-05,1.677791487e-05,-4.314320966e-05,0.1609989928,-0.0001064199172,-5.752427955e-06,-5.992112453e-05,1.677791487e-05,-4.314320966e-05,0.2061789162,-0.0001064199172,0,0,0,0,1,0
6.09,1,1,5.00940601e-05,3.283677624e-05,-1.462075438e-05,4.889563761e-05,-0.001055330845,-3.906857319e-05,0,0,0,0,0.00837758041,0,-0.000935178164,-0.01046035031,0.0002582900185,-0.0001201526812,-0.001387892032,0.005380526773,11.55156618,0,-0.01226594155,0.002997053637,-0.2825537145,-0.01603232665,1.009450457,8.414516833e-05,-1.006158507,0.01603232665,-8.414516833e-05,-1.27276404,-1.27276404,0.03069170064,-0.05727438178,-3.83495197e-06,-5.992112453e-05,1.677791487e-05,-4.362257866e-05,-0.05727438178,-0.0001064199172,-3.83495197e-06,-5.992112453e-05,1.677791487e-05,-4.362257866e-05,0.1061789162,-0.0001064199172,0,0,0,0,1,0
6.1,1,1,4.985437561e-05,3.331614524e-05,-1.462075438e-05,4.841626862e-05,-0.0009620935754,-3.930825769e-05,0,0,0,0,0.007330382858,0,-0.001039768275,-0.01045762403,0.0002869639912,7.767469922e-05,0.0008972292512,0.02648838189,11.55080048,0,-0.01118938588,-0.01915799903,-0.6360282254,0.01036371607,1.00830591,0.0004128975001,-4.953327414,-0.01036371607,-0.0004128975001,-5.600132253,-5.600132253,0.03066120847,-0.2520059514,-3.355582973e-06,-6.087986252e-05,1.677791487e-05,-4.266384066e-05,-0.2520059514,-0.0001059405482,-3.355582973e-06,-6.087986252e-05,1.677791487e-05,-4.266384066e-05,0.00617891618,-0.0001059405482,0,0,0,0,1,0
6.11,1,1,5.00940601e-05,3.355582973e-05,-1.102548691e-05,4.697816163e-05,-0.0009069661408,-3.882888869e-05,0,0,0,0,0.002094395102,0,-0.001144329689,-0.01045461106,0.0003156300966,0.0002373635481,0.002741865662,0.03913771154,11.55038085,0,-0.01055285733,-0.03704331644,-0.845494364,0.03166959262,1.003002458,0.0006030801465,-7.318752058,-0.03166959262,-0.0006030801465,-8.196519095,-8.196519095,0.03063114743,-0.3688433593,-3.83495197e-06,-6.135923152e-05,9.587379924e-06,-3.978762669e-05,-0.3688433593,-0.0001068992862,-3.83495197e-06,-6.135923152e-05,9.587379924e-06,-3.978762669e-05,-0.09382108382,-0.0001068992862,0,0,0,0,1,0
6.12,1,1,4.937500661e-05,3.331614524e-05,-1.006674892e-05,4.601942364e-05,-0.0008995359214,-3.85892042e-05,0,0,0,0,0,0,-0.00124885954,-0.01045131146,0.0003442875489,0.000349323619,0.004035306522,0.04958321483,11.55032617,0,-0.0104670641,-0.04958321483,-0.9188932296,0.04660910652,1.000899536,0.0007600998448,-9.272061174,-0.04660910652,-0.0007600998448,-10.23832361,-10.23832361,0.03060154109,-0.4607245624,-2.396844981e-06,-6.087986252e-05,7.669903939e-06,-3.78701507e-05,-0.4607245624,-0.0001073786552,-2.396844981e-06,-6.087986252e-05,7.669903939e-06,-3.78701507e-05,-0.1938210838,-0.0001073786552,0,0,0,0,1,0
6.13,1,1,4.985437561e-05,3.283677624e-05,-7.669903939e-06,4.577973914e-05,-0.0009062470873,-3.882888869e-05,0,0,0,0,-0.001047197551,0,-0.001353354963,-0.01044772534,0.0003729355623,0.0004471078757,0.005165122558,0.05948865387,11.55037554,0,-0.01054455476,-0.06053585142,-0.9507956372,0.05965910523,1.001953719,0.000913000831,-11.12437827,-0.05965910523,-0.000913000831,-12.13574602,-12.13574602,0.03057248887,-0.5461085707,-3.355582973e-06,-5.992112453e-05,2.876213977e-06,-3.73907817e-05,-0.5461085707,-0.0001068992862,-3.355582973e-06,-5.992112453e-05,2.876213977e-06,-3.73907817e-05,-0.2938210838,-0.0001068992862,0,0,0,0,1,0
6.14,1,1,5.10527981e-05,3.187803825e-05,-7.190534943e-06,4.577973914e-05,-0.0009220662642,-3.882888869e-05,0,0,0,0,-0.001047197551,0,-0.001457813092,-0.01044385278,0.0004015733516,0.0005357468281,0.006189425731,0.0694174542,11.55049335,0,-0.01072721113,-0.07046465175,-0.9586596947,0.07149092072,1.001969538,0.001064423367,-12.98106394,-0.07149092072,-0.001064423367,-14.01227897,-14.01227897,0.03054405439,-0.6305525538,-5.752427955e-06,-5.800364854e-05,1.917475985e-06,-3.73907817e-05,-0.6305525538,-0.0001068992862,-5.752427955e-06,-5.800364854e-05,1.917475985e-06,-3.73907817e-05,-0.3938210838,-0.0001068992862,0,0,0,0,1,0
6.15,1,1,5.03337446e-05,3.187803825e-05,-9.347695426e-06,4.649879263e-05,-0.0009539443025,-3.85892042e-05,0,0,0,0,-0.004188790205,0,-0.001562231064,-0.01043969391,0.0004302001315,0.0006082867619,0.007027901514,0.07440152869,11.5507369,0,-0.01109529057,-0.0785903189,-0.9309339766,0.08117744136,1.005147121,0.00114704541,-13.91308587,-0.08117744136,-0.00114704541,-14.92634433,-14.92634433,0.03051617031,-0.6716854948,-4.314320966e-06,-5.800364854e-05,6.231796951e-06,-3.882888869e-05,-0.6716854948,-0.0001073786552,-4.314320966e-06,-5.800364854e-05,6.231796951e-06,-3.882888869e-05,-0.4938210838,-0.0001073786552,0,0,0,0,1,0
6.16,1,1,4.985437561e-05,3.283677624e-05,-1.006674892e-05,4.649879263e-05,-0.001007873315,-3.85892042e-05,0,0,0,0,-0.006283185307,0,-0.001666606016,-0.01043524882,0.0004588151172,0.0006587327019,0.007611298043,0.077957599,11.55116765,0,-0.01171797876,-0.08424078431,-0.8632499399,0.08791937974,1.007300928,0.00120593603,-14.57807101,-0.08791937974,-0.00120593603,-15.53044627,-15.53044627,0.03048865763,-0.6988700821,-3.355582973e-06,-5.992112453e-05,7.669903939e-06,-3.882888869e-05,-0.6988700821,-0.0001073786552,-3.355582973e-06,-5.992112453e-05,7.669903939e-06,-3.882888869e-05,-0.5938210838,-0.0001073786552,0,0,0,0,1,0
6.17,1,1,4.985437561e-05,3.211772275e-05,-1.126517141e-05,4.697816163e-05,-0.00110782175,-3.882888869e-05,0,0,0,0,-0.01361356817,0,-0.001770935087,-0.01043051765,0.0004874175243,0.0006631133368,0.007662679548,0.07111567975,11.5520282,0,-0.01287201839,-0.08472924791,-0.7117614493,0.0885194902,1.014767722,0.001115459594,-13.29863211,-0.0885194902,-0.001115459594,-14.10002851,-14.10002851,0.03046109177,-0.634501283,-3.355582973e-06,-5.848301754e-05,1.006674892e-05,-3.978762669e-05,-0.634501283,-0.0001068992862,-3.355582973e-06,-5.848301754e-05,1.006674892e-05,-3.978762669e-05,-0.6459300797,-0.0001068992862,0,0,0,0,1,0
6.18,1,1,4.889563761e-05,3.283677624e-05,-1.174454041e-05,4.745753063e-05,-0.001276559637,-3.85892042e-05,0,0,0,0,-0.01989675347,0,-0.001875215416,-0.01042550051,0.0005160065686,0.0005986557792,0.006918817923,0.05760595253,11.55366447,0,-0.01482029534,-0.07750270601,-0.4471603003,0.07993770083,1.021272283,0.0009143307501,-10.77231312,-0.07993770083,-0.0009143307501,-11.30032546,-11.30032546,0.0304327996,-0.5085146455,-1.438106989e-06,-5.992112453e-05,1.102548691e-05,-4.074636468e-05,-0.5085146455,-0.0001073786552,-1.438106989e-06,-5.992112453e-05,1.102548691e-05,-4.074636468e-05,-0.5459300797,-0.0001073786552,0,0,0,0,1,0
6.19,1,1,4.913532211e-05,3.235740724e-05,-1.078580241e-05,4.721784613e-05,-0.001539253847,-3.978762669e-05,0,0,0,0,-0.02932153143,0,-0.001979444145,-0.01042019756,0.0005445814663,0.0004401902978,0.005088461487,0.03041851406,11.55667068,0,-0.01785332228,-0.0597400455,-0.03727033371,0.0588056737,1.031075723,0.0004916468611,-5.68826213,-0.0588056737,-0.0004916468611,-5.784829784,-5.784829784,0.03040334861,-0.2603173403,-1.917475985e-06,-5.896238653e-05,9.108010928e-06,-4.026699568e-05,-0.2603173403,-0.0001049818102,-1.917475985e-06,-5.896238653e-05,9.108010928e-06,-4.026699568e-05,-0.4459300797,-0.0001049818102,0,0,0,0,1,0
6.2,1,1,5.03337446e-05,3.163835375e-05,-1.006674892e-05,4.745753063e-05,-0.001865464449,-3.882888869e-05,0,0,0,0,-0.03351032164,0,-0.002083618415,-0.01041460893,0.000573141434,0.0002181539664,0.002522492394,0.001344312778,11.56118205,0,-0.02161952592,-0.03485463442,0.4256625551,0.02916299378,1.035656522,2.189950783e-05,-0.2513864895,-0.02916299378,-2.189950783e-05,0.1450911723,0.1450911723,0.03037309894,0.006529102754,-4.314320966e-06,-5.752427955e-05,7.669903939e-06,-4.074636468e-05,0.006529102754,-0.0001068992862,-4.314320966e-06,-5.752427955e-05,7.669903939e-06,-4.074636468e-05,-0.3459300797,-0.0001068992862,0,0,0,0,1,0
6.21,1,1,4.985437561e-05,3.235740724e-05,-8.628641932e-06,4.649879263e-05,-0.002173219344,-3.882888869e-05,0,0,0,0,-0.02932153143,0,-0.002187735372,-0.01040873479,0.0006016856888,1.451602725e-05,0.0001678975708,-0.01728675216,11.56622942,0,-0.02517244247,-0.01203477927,0.7635700859,0.001941941823,1.031709689,-0.0002791882428,3.232622654,-0.001941941823,0.0002791882428,3.994529987,3.994529987,0.03034278874,0.1797538494,-3.355582973e-06,-5.896238653e-05,4.793689962e-06,-3.882888869e-05,0.1797538494,-0.0001068992862,-3.355582973e-06,-5.896238653e-05,4.793689962e-06,-3.882888869e-05,-0.2459300797,-0.0001068992862,0,0,0,0,1,0
6.22,1,1,5.03337446e-05,3.235740724e-05,-8.388957434e-06,4.673847713e-05,-0.002448137464,-3.85892042e-05,0,0,0,0,-0.02303834613,0,-0.00229179216,-0.01040257528,0.000630213448,-0.000156345304,-0.001808894501,-0.03014684883,11.57138867,0,-0.02834607004,0.007108502701,0.972317361,-0.02093142132,1.025619175,-0.0004806767535,5.637460731,0.02093142132,0.0004806767535,6.63119019,6.63119019,0.03031280888,0.2984035585,-4.314320966e-06,-5.896238653e-05,4.314320966e-06,-3.930825769e-05,0.2984035585,-0.0001073786552,-4.314320966e-06,-5.896238653e-05,4.314320966e-06,-3.930825769e-05,-0.1459300797,-0.0001073786552,0,0,0,0,1,0
6.23,1,1,5.08131136e-05,3.187803825e-05,-9.108010928e-06,4.745753063e-05,-0.002625743677,-3.930825769e-05,0,0,0,0,-0.01151917306,0,-0.002395785926,-0.01039613057,0.0006587239297,-0.0002299577503,-0.00266122474,-0.02687722626,11.57504841,0,-0.03039622623,0.0153580532,0.9407528185,-0.03080380521,1.01417809,-0.0004186240706,5.026041311,0.03080380521,0.0004186240706,5.998016559,5.998016559,0.03028296526,0.2699107452,-5.273058958e-06,-5.800364854e-05,5.752427955e-06,-4.074636468e-05,0.2699107452,-0.0001059405482,-5.273058958e-06,-5.800364854e-05,5.752427955e-06,-4.074636468e-05,-0.04593007966,-0.0001059405482,0,0,0,0,1,0
6.24,1,1,5.03337446e-05,3.187803825e-05,-1.102548691e-05,4.913532211e-05,-0.002670564678,-3.930825769e-05,0,0,0,0,0.001047197551,0,-0.002499713821,-0.01038940086,0.0006872163521,-0.0001708508569,-0.00197746188,-0.00769892015,11.57601255,0,-0.03091359219,0.008746117701,0.6432011629,-0.02289112355,1.003718036,-0.0001173364375,1.439698068,0.02289112355,0.0001173364375,2.105907691,2.105907691,0.03025284577,0.09476584609,-4.314320966e-06,-5.800364854e-05,9.587379924e-06,-4.410194765e-05,0.09476584609,-0.0001059405482,-4.314320966e-06,-5.800364854e-05,9.587379924e-06,-4.410194765e-05,0.05406992034,-0.0001059405482,0,0,0,0,1,0
6.25,1,1,4.985437561e-05,3.451456773e-05,-1.29429629e-05,5.00940601e-05,-0.002658340769,-3.83495197e-05,0,0,0,0,0.001047197551,0,-0.002603572994,-0.01038238631,0.0007156899341,-5.476777434e-05,-0.0006339458119,0.005294854341,11.57574798,0,-0.030772493,-0.00424765679,0.2876715355,-0.007338396954,1.003705812,8.061434776e-05,-0.9901377619,0.007338396954,-8.061434776e-05,-0.6952084437,-0.6952084437,0.03022261461,-0.03128437997,-3.355582973e-06,-6.32767075e-05,1.342233189e-05,-4.601942364e-05,-0.03128437997,-0.0001078580241,-3.355582973e-06,-6.32767075e-05,1.342233189e-05,-4.601942364e-05,-0.004505467826,-0.0001078580241,0,0,0,0,1,0
6.26,1,1,4.985437561e-05,3.619235921e-05,-1.366201639e-05,4.865595312e-05,-0.00262909926,-3.930825769e-05,0,0,0,0,0.003141592654,0,-0.002707360598,-0.01037508712,0.0007441438951,7.826133872e-05,0.0009059504701,0.02228410951,11.57512003,0,-0.03043495973,-0.01914251685,-0.03773062822,0.01048648543,1.005773159,0.0003403360366,-4.167128478,-0.01048648543,-0.0003403360366,-4.215685927,-4.215685927,0.03019252921,-0.1897058667,-3.355582973e-06,-6.663229047e-05,1.486043888e-05,-4.314320966e-05,-0.1897058667,-0.0001059405482,-3.355582973e-06,-6.663229047e-05,1.486043888e-05,-4.314320966e-05,-0.1045054678,-0.0001059405482,0,0,0,0,1,0
6.27,1,1,5.00940601e-05,3.667172821e-05,-1.438106989e-05,4.889563761e-05,-0.002612800714,-3.83495197e-05,0,0,0,0,0,0,-0.002811073789,-0.0103675035,0.000772577455,0.0001982730747,0.002295393655,0.03258213989,11.57477304,0,-0.0302468253,-0.03258213989,-0.2760477564,0.02656866059,1.002612801,0.0004940029166,-6.09286016,-0.02656866059,-0.0004940029166,-6.39597058,-6.39597058,0.03016273726,-0.2878186761,-3.83495197e-06,-6.759102847e-05,1.629854587e-05,-4.362257866e-05,-0.2878186761,-0.0001078580241,-3.83495197e-06,-6.759102847e-05,1.629854587e-05,-4.362257866e-05,-0.2045054678,-0.0001078580241,0,0,0,0,1,0
6.28,1,1,4.889563761e-05,3.619235921e-05,-1.366201639e-05,4.841626862e-05,-0.002612561029,-3.882888869e-05,0,0,0,0,0,0,-0.002914709721,-0.01035963565,0.0008009898343,0.0003021486917,0.00349830722,0.04421609704,11.57476795,0,-0.03024405861,-0.04421609704,-0.4380361529,0.0404920943,1.002612561,0.000669740058,-8.268410146,-0.0404920943,-0.000669740058,-8.747608133,-8.747608133,0.03013336058,-0.393642366,-1.438106989e-06,-6.663229047e-05,1.486043888e-05,-4.266384066e-05,-0.393642366,-0.0001068992862,-1.438106989e-06,-6.663229047e-05,1.486043888e-05,-4.266384066e-05,-0.3045054678,-0.0001068992862,0,0,0,0,1,0
6.29,1,1,5.03337446e-05,3.475425223e-05,-1.174454041e-05,4.721784613e-05,-0.002617594404,-3.85892042e-05,0,0,0,0,0,0,-0.003018265555,-0.01035148378,0.0008293802541,0.0004006711509,0.004639512566,0.05525221622,11.57487487,0,-0.03030215904,-0.05525221622,-0.5596930972,0.05370177741,1.002617594,0.0008361092462,-10.33216443,-0.05370177741,-0.0008361092462,-10.94639542,-10.94639542,0.03010450274,-0.4925877937,-4.314320966e-06,-6.37560765e-05,1.102548691e-05,-4.026699568e-05,-0.4925877937,-0.0001073786552,-4.314320966e-06,-6.37560765e-05,1.102548691e-05,-4.026699568e-05,-0.4045054678,-0.0001073786552,0,0,0,0,1,0
6.3,1,1,4.961469111e-05,3.499393672e-05,-1.006674892e-05,4.721784613e-05,-0.002626942099,-3.85892042e-05,0,0,0.001047197551,0,-0.001047197551,0,-0.003121738451,-0.01034304812,0.000857747936,0.0004947963513,0.005730081032,0.06475023407,11.57507398,0,-0.03041005963,-0.06579743162,-0.6498666134,0.06632611186,1.003674414,0.0009809830264,-12.10829377,-0.06632611186,-0.0009809830264,-12.82546748,-12.82546748,0.03007627572,-0.5771460366,-2.876213977e-06,-6.423544549e-05,-9.704985118e-05,-4.026699568e-05,-0.5771460366,-0.0001073786552,-2.876213977e-06,-6.423544549e-05,-9.704985118e-05,-4.026699568e-05,-0.5045054678,-0.0001073786552,0,0,0,0,1,0
6.31,1,1,5.03337446e-05,3.451456773e-05,-9.587379924e-06,4.745753063e-05,-0.002643000961,-3.930825769e-05,0,0,0,0,-0.002094395102,0,-0.003225125572,-0.0103343289,0.0008860921023,0.0005821246112,0.006742241132,0.07348806976,11.5754177,0,-0.03059542669,-0.07558246486,-0.7097744786,0.07804425732,1.004738493,0.001114699378,-13.74226904,-0.07804425732,-0.001114699378,-14.53120248,-14.53120248,0.03004867596,-0.6539041116,-4.314320966e-06,-6.32767075e-05,6.711165947e-06,-4.074636468e-05,-0.6539041116,-0.0001059405482,-4.314320966e-06,-6.32767075e-05,6.711165947e-06,-4.074636468e-05,-0.6045054678,-0.0001059405482,0,0,0,0,1,0
6.32,1,1,4.937500661e-05,3.427488323e-05,-9.827064422e-06,4.745753063e-05,-0.002673201207,-3.83495197e-05,0,0,0,0,-0.003141592654,0,-0.003328424084,-0.01032532636,0.0009144119759,0.0006552228767,0.00758994924,0.08063174367,11.57606978,0,-0.03094402529,-0.08377333632,-0.7291642566,0.087861782,1.005817261,0.001224582642,-15.07813607,-0.087861782,-0.001224582642,-15.89638669,-15.89638669,0.03002169442,-0.7153374009,-2.396844981e-06,-6.27973385e-05,7.190534943e-06,-4.074636468e-05,-0.7153374009,-0.0001078580241,-2.396844981e-06,-6.27973385e-05,7.190534943e-06,-4.074636468e-05,-0.7045054678,-0.0001078580241,0,0,0,0,1,0
6.33,1,1,4.913532211e-05,3.499393672e-05,-9.827064422e-06,4.745753063e-05,-0.00274366845,-3.81098352e-05,0,0,0,0,-0.01047197551,0,-0.003431631155,-0.01031604074,0.0009427067805,0.0006879627055,0.00797068801,0.07696657688,11.57762017,0,-0.031757411,-0.08743855239,-0.6599955218,0.09228159825,1.01324306,0.001185185359,-14.39274988,-0.09228159825,-0.001185185359,-15.14621218,-15.14621218,0.02999492622,-0.6815795482,-1.917475985e-06,-6.423544549e-05,7.190534943e-06,-4.074636468e-05,-0.6815795482,-0.0001083373931,-1.917475985e-06,-6.423544549e-05,7.190534943e-06,-4.074636468e-05,-0.6815795482,-0.0001083373931,0,0,0,0,0,0
6.34,1,1,4.985437561e-05,3.547330572e-05,-1.006674892e-05,4.745753063e-05,-0.00290617454,-3.85892042e-05,0,0,0,0,-0.02199114858,0,-0.003534743956,-0.01030647231,0.0009709757403,0.0006285694166,0.007284684818,0.05877811984,11.58134974,0,-0.03363311729,-0.08076926841,-0.4136711873,0.08436648262,1.025018226,0.0009254192511,-10.99150841,-0.08436648262,-0.0009254192511,-11.4904715,-11.4904715,0.02996738579,-0.5170712174,-3.355582973e-06,-6.519418349e-05,7.669903939e-06,-4.074636468e-05,-0.5170712174,-0.0001073786552,-3.355582973e-06,-6.519418349e-05,7.669903939e-06,-4.074636468e-05,-0.5815795482,-0.0001073786552,0,0,0,0,1,0
6.35,1,1,5.03337446e-05,3.427488323e-05,-1.006674892e-05,4.649879263e-05,-0.003178216445,-3.930825769e-05,0,0,0,0,-0.02932153143,0,-0.00363775966,-0.01029662131,0.0009992180803,0.0004595432147,0.005328081163,0.03248288557,11.58807509,0,-0.03677292592,-0.061804417,0.01210845502,0.06174220458,1.032714686,0.0005186302548,-6.074299601,-0.06174220458,-0.0005186302548,-6.124451981,-6.124451981,0.02993849193,-0.2756003391,-4.314320966e-06,-6.27973385e-05,7.669903939e-06,-3.882888869e-05,-0.2756003391,-0.0001059405482,-4.314320966e-06,-6.27973385e-05,7.669903939e-06,-3.882888869e-05,-0.4815795482,-0.0001059405482,0,0,0,0,1,0
6.36,1,1,5.08131136e-05,3.403519873e-05,-1.006674892e-05,4.697816163e-05,-0.003514493796,-3.954794219e-05,0,0,0,0,-0.03351032164,0,-0.003740675441,-0.01028648804,0.001027433026,0.0002261816457,0.002623826049,0.002121643551,11.59722362,0,-0.04065373828,-0.03563196519,0.4895499416,0.03042909743,1.037305551,3.414262915e-05,-0.3967473441,-0.03042909743,-3.414262915e-05,0.06233935743,0.06233935743,0.02990871146,0.002805271084,-5.273058958e-06,-6.231796951e-05,7.669903939e-06,-3.978762669e-05,0.002805271084,-0.0001054611792,-5.273058958e-06,-6.231796951e-05,7.669903939e-06,-3.978762669e-05,-0.3815795482,-0.0001054611792,0,0,0,0,1,0
6.37,1,1,4.985437561e-05,3.451456773e-05,-1.054611792e-05,4.721784613e-05,-0.003866350639,-4.002731118e-05,0,0,0,0,-0.03665191429,0,-0.00384348848,-0.01027607275,0.001055619805,-2.286215868e-05,-0.0002653708626,-0.02893695911,11.60778663,0,-0.04471385346,-0.007714955183,0.9114073976,-0.003080368351,1.040854106,-0.0004683937154,5.411211353,0.003080368351,0.0004683937154,6.326167513,6.326167513,0.02987897349,0.2846775381,-3.355582973e-06,-6.32767075e-05,8.628641932e-06,-4.026699568e-05,0.2846775381,-0.0001045024412,-3.355582973e-06,-6.32767075e-05,8.628641932e-06,-4.026699568e-05,-0.2815795482,-0.0001045024412,0,0,0,0,1,0
6.38,1,1,4.889563761e-05,3.451456773e-05,-1.126517141e-05,4.889563761e-05,-0.004172667428,-3.906857319e-05,0,0,0,0,-0.02303834613,0,-0.003946195957,-0.01026537574,0.001083777643,-0.0002264714702,-0.002630246996,-0.03813614214,11.61780935,0,-0.04824802837,0.01509779601,1.157885301,-0.03055770816,1.027343705,-0.0006007886203,7.131458579,0.03055770816,0.0006007886203,8.320502377,8.320502377,0.02984977713,0.3744226069,-1.438106989e-06,-6.32767075e-05,1.006674892e-05,-4.362257866e-05,0.3744226069,-0.0001064199172,-1.438106989e-06,-6.32767075e-05,1.006674892e-05,-4.362257866e-05,-0.1815795482,-0.0001064199172,0,0,0,0,1,0
6.39,1,1,4.961469111e-05,3.451456773e-05,-1.198422491e-05,4.889563761e-05,-0.004358422914,-3.906857319e-05,0,0,0,0,-0.01256637061,0,-0.004048795057,-0.01025439729,0.001111905768,-0.0003096278567,-0.003597534449,-0.03698363814,11.624263,0,-0.05039099142,0.02441726753,1.112235074,-0.04181868658,1.016964272,-0.0005703634149,6.915940332,0.04181868658,0.0005703634149,8.070564456,8.070564456,0.02982072738,0.3631754005,-2.876213977e-06,-6.32767075e-05,1.150485591e-05,-4.362257866e-05,0.3631754005,-0.0001064199172,-2.876213977e-06,-6.32767075e-05,1.150485591e-05,-4.362257866e-05,-0.08157954816,-0.0001064199172,0,0,0,0,1,0
6.4,1,1,4.985437561e-05,3.451456773e-05,-1.31826474e-05,4.961469111e-05,-0.004422658359,-3.81098352e-05,0,0,0,0,0,0,-0.004151282966,-0.01024313772,0.00114000341,-0.0002713753929,-0.003153863104,-0.02014673759,11.62656082,0,-0.05113200183,0.02014673759,0.8264587187,-0.0366685812,1.004422658,-0.000302789618,3.76743993,0.0366685812,0.000302789618,4.630870019,4.630870019,0.02979134496,0.2083891509,-3.355582973e-06,-6.32767075e-05,1.390170089e-05,-4.506068564e-05,0.2083891509,-0.0001083373931,-3.355582973e-06,-6.32767075e-05,1.390170089e-05,-4.506068564e-05,0.01842045184,-0.0001083373931,0,0,0,0,1,0
6.41,1,1,5.10527981e-05,3.475425223e-05,-1.438106989e-05,4.889563761e-05,-0.004411393188,-3.954794219e-05,0,0,0,0,0.001047197551,0,-0.004253656875,-0.01023159733,0.001168069799,-0.0001577363124,-0.001833425175,-0.006388316354,11.62615539,0,-0.05100205003,0.007435513906,0.4422085372,-0.02131568597,1.005458865,-9.611375266e-05,1.194615158,0.02131568597,9.611375266e-05,1.658235495,1.658235495,0.02976165641,0.07462059728,-5.752427955e-06,-6.37560765e-05,1.629854587e-05,-4.362257866e-05,0.07462059728,-0.0001054611792,-5.752427955e-06,-6.37560765e-05,1.629854587e-05,-4.362257866e-05,0.07842045184,-0.0001054611792,0,0,0,0,1,0
6.42,1,1,5.00940601e-05,3.499393672e-05,-1.533980788e-05,4.841626862e-05,-0.004379275465,-3.906857319e-05,0,0,0,0,0.003141592654,0,-0.004355913978,-0.01021977643,0.001196104164,-2.336148721e-05,-0.000271567701,0.01074424528,11.62500521,0,-0.0506315456,-0.007602652626,0.08558112307,-0.003156975938,1.007523336,0.0001621520851,-2.009173867,0.003156975938,-0.0001621520851,-1.92059792,-1.92059792,0.02973192615,-0.08642690642,-3.83495197e-06,-6.423544549e-05,1.821602186e-05,-4.266384066e-05,-0.08642690642,-0.0001064199172,-3.83495197e-06,-6.423544549e-05,1.821602186e-05,-4.266384066e-05,-0.02157954816,-0.0001064199172,0,0,0,0,1,0
6.43,1,1,5.00940601e-05,3.619235921e-05,-1.533980788e-05,4.841626862e-05,-0.004332536988,-3.85892042e-05,0,0,0,0,0.005235987756,0,-0.00445805147,-0.01020767536,0.001224105738,0.0001255144822,0.001459179105,0.02950793793,11.62334662,0,-0.05009236939,-0.02427195018,-0.2351678354,0.01696054452,1.009575379,0.0004467055212,-5.517984394,-0.01696054452,-0.0004467055212,-5.770559479,-5.770559479,0.02970244298,-0.2596751766,-3.83495197e-06,-6.663229047e-05,1.821602186e-05,-4.266384066e-05,-0.2596751766,-0.0001073786552,-3.83495197e-06,-6.663229047e-05,1.821602186e-05,-4.266384066e-05,-0.1215795482,-0.0001073786552,0,0,0,0,1,0
6.44,1,1,5.00940601e-05,3.643204371e-05,-1.486043888e-05,4.865595312e-05,-0.004289393778,-3.906857319e-05,0,0,0,0,0.002094395102,0,-0.004560066552,-0.01019529443,0.001252073752,0.0002706727739,0.003147020595,0.04262619867,11.62183158,0,-0.04959465858,-0.04053180357,-0.4891315429,0.03657414335,1.006384886,0.0006405972321,-7.971099152,-0.03657414335,-0.0006405972321,-8.497445435,-8.497445435,0.0296734575,-0.3823850446,-3.83495197e-06,-6.711165947e-05,1.725728386e-05,-4.314320966e-05,-0.3823850446,-0.0001064199172,-3.83495197e-06,-6.711165947e-05,1.725728386e-05,-4.314320966e-05,-0.2215795482,-0.0001064199172,0,0,0,0,1,0
6.45,1,1,5.05734291e-05,3.595267472e-05,-1.29429629e-05,4.817658412e-05,-0.004281004821,-3.882888869e-05,0,0,0,0,0,0,-0.004661956427,-0.01018263399,0.001280007439,0.0003809516062,0.004429850139,0.05288649417,11.62153877,0,-0.0494978804,-0.05288649417,-0.6244524278,0.05148167515,1.004281005,0.0007907108526,-9.88977441,-0.05148167515,-0.0007907108526,-10.56649922,-10.56649922,0.02964497267,-0.4754924651,-4.793689962e-06,-6.615292148e-05,1.342233189e-05,-4.218447167e-05,-0.4754924651,-0.0001068992862,-4.793689962e-06,-6.615292148e-05,1.342233189e-05,-4.218447167e-05,-0.3215795482,-0.0001068992862,0,0,0,0,1,0
6.46,1,1,5.00940601e-05,3.547330572e-05,-1.150485591e-05,4.745753063e-05,-0.004286038195,-3.83495197e-05,0,0,0,0,-0.001047197551,0,-0.004763718301,-0.0101696944,0.001307906035,0.0004776801062,0.005555594625,0.06267791341,11.62171439,0,-0.04955594735,-0.06372511096,-0.7080686513,0.06456553401,1.00533351,0.0009381834933,-11.72076981,-0.06456553401,-0.0009381834933,-12.49434218,-12.49434218,0.02961709205,-0.5622453979,-3.83495197e-06,-6.519418349e-05,1.054611792e-05,-4.074636468e-05,-0.5622453979,-0.0001078580241,-3.83495197e-06,-6.519418349e-05,1.054611792e-05,-4.074636468e-05,-0.4215795482,-0.0001078580241,0,0,0,0,1,0
6.47,1,1,4.985437561e-05,3.427488323e-05,-1.030643342e-05,4.769721512e-05,-0.004297543051,-3.83495197e-05,0,0,0,0,-0.002094395102,0,-0.004865349385,-0.01015647599,0.001335768774,0.0005678063344,0.006605006137,0.07173172816,11.62211658,0,-0.04968867133,-0.07382612326,-0.7629142463,0.07676415136,1.006393035,0.001074977148,-13.41383317,-0.07676415136,-0.001074977148,-14.25458654,-14.25458654,0.02958987168,-0.6414563943,-3.355582973e-06,-6.27973385e-05,8.149272936e-06,-4.122573367e-05,-0.6414563943,-0.0001078580241,-3.355582973e-06,-6.27973385e-05,8.149272936e-06,-4.122573367e-05,-0.5215795482,-0.0001078580241,0,0,0,0,1,0
6.48,1,1,4.961469111e-05,3.499393672e-05,-9.587379924e-06,4.769721512e-05,-0.004320073394,-3.906857319e-05,0,0,0,0,-0.003141592654,0,-0.004966846893,-0.01014297914,0.001363594892,0.0006467734992,0.007525121087,0.07953589946,11.62290737,0,-0.04994858722,-0.08267749211,-0.7848617319,0.08746378535,1.007464133,0.001193394719,-14.8732132,-0.08746378535,-0.001193394719,-15.74673211,-15.74673211,0.02956330659,-0.708602945,-2.876213977e-06,-6.423544549e-05,6.711165947e-06,-4.122573367e-05,-0.708602945,-0.0001064199172,-2.876213977e-06,-6.423544549e-05,6.711165947e-06,-4.122573367e-05,-0.6215795482,-0.0001064199172,0,0,0,0,1,0
6.49,1,1,4.961469111e-05,3.427488323e-05,-9.827064422e-06,4.697816163e-05,-0.004367770609,-3.954794219e-05,0,0,0,0,-0.006283185307,0,-0.005068208041,-0.01012920422,0.001391383626,0.0007004374325,0.008151503462,0.08240715083,11.62459527,0,-0.05049882632,-0.08869033614,-0.7497526735,0.0947579286,1.010660826,0.001243234222,-15.41013721,-0.0947579286,-0.001243234222,-16.25589104,-16.25589104,0.02953716823,-0.7315150969,-2.876213977e-06,-6.27973385e-05,7.190534943e-06,-3.978762669e-05,-0.7315150969,-0.0001054611792,-2.876213977e-06,-6.27973385e-05,7.190534943e-06,-3.978762669e-05,-0.7215795482,-0.0001054611792,0,0,0,0,1,0
6.5,1,1,5.00940601e-05,3.475425223e-05,-1.126517141e-05,4.793689962e-05,-0.004466520622,-3.882888869e-05,0,0,0,0,-0.01570796327,0,-0.005169430052,-0.0101151516,0.001419134215,0.0007029094296,0.008183005848,0.07324828845,11.62814939,0,-0.0516379782,-0.08895625172,-0.6148088386,0.09515321444,1.020236169,0.001125099107,-13.69742994,-0.09515321444,-0.001125099107,-14.40851709,-14.40851709,0.02951090583,-0.6483832692,-3.83495197e-06,-6.37560765e-05,1.006674892e-05,-4.170510267e-05,-0.6483832692,-0.0001068992862,-3.83495197e-06,-6.37560765e-05,1.006674892e-05,-4.170510267e-05,-0.6819822402,-0.0001068992862,0,0,0,0,1,0
6.51,1,1,4.985437561e-05,3.547330572e-05,-1.24635939e-05,4.793689962e-05,-0.004670731815,-3.906857319e-05,0,0,0,0,-0.02617993878,0,-0.005270510149,-0.01010082167,0.001446845897,0.0005997783345,0.006986020833,0.05118597509,11.63575426,0,-0.05399353927,-0.07736591387,-0.2868652183,0.08128762166,1.031022018,0.0008021902172,-9.571777342,-0.08128762166,-0.0008021902172,-9.940732372,-9.940732372,0.02948350532,-0.4473329567,-3.355582973e-06,-6.519418349e-05,1.24635939e-05,-4.170510267e-05,-0.4473329567,-0.0001064199172,-3.355582973e-06,-6.519418349e-05,1.24635939e-05,-4.170510267e-05,-0.5819822402,-0.0001064199172,0,0,0,0,1,0
6.52,1,1,5.05734291e-05,3.547330572e-05,-1.126517141e-05,4.769721512e-05,-0.004970816806,-3.83495197e-05,0,0,0,0,-0.03036872898,0,-0.005371445562,-0.01008621481,0.001474517914,0.0004006287558,0.004669689721,0.02463471482,11.64755461,0,-0.05745458682,-0.0550034438,0.1767336214,0.05439046603,1.035570111,0.0003891124703,-4.606691671,-0.05439046603,-0.0003891124703,-4.484737628,-4.484737628,0.02945477028,-0.2018131933,-4.793689962e-06,-6.519418349e-05,1.006674892e-05,-4.122573367e-05,-0.2018131933,-0.0001078580241,-4.793689962e-06,-6.519418349e-05,1.006674892e-05,-4.122573367e-05,-0.4819822402,-0.0001078580241,0,0,0,0,1,0
6.53,1,1,5.03337446e-05,3.499393672e-05,-1.102548691e-05,4.721784613e-05,-0.005319078382,-3.81098352e-05,0,0,0,0,-0.03665191429,0,-0.005472233524,-0.01007133144,0.001502149506,0.0001531551416,0.001786638225,-0.009416432499,11.66218466,0,-0.06147063213,-0.02723548179,0.6543847641,0.0208361049,1.042306833,-0.0001505265863,1.760872877,-0.0208361049,0.0001505265863,2.394572063,2.394572063,0.02942539355,0.1077557428,-4.314320966e-06,-6.423544549e-05,9.587379924e-06,-4.026699568e-05,0.1077557428,-0.0001083373931,-4.314320966e-06,-6.423544549e-05,9.587379924e-06,-4.026699568e-05,-0.3819822402,-0.0001083373931,0,0,0,0,1,0
6.54,1,1,5.00940601e-05,3.523362122e-05,-9.827064422e-06,4.865595312e-05,-0.00567117491,-3.81098352e-05,0,0,0,0,-0.03141592654,0,-0.005572871271,-0.01005617196,0.001529739916,-9.830363915e-05,-0.001147767191,-0.0323715176,11.67800066,0,-0.06553014428,0.0009555910678,1.048466648,-0.01340362601,1.037333842,-0.000512041667,6.053473792,0.01340362601,0.000512041667,7.115856108,7.115856108,0.02939629162,0.3202135249,-3.83495197e-06,-6.471481449e-05,7.190534943e-06,-4.314320966e-05,0.3202135249,-0.0001083373931,-3.83495197e-06,-6.471481449e-05,7.190534943e-06,-4.314320966e-05,-0.2819822402,-0.0001083373931,0,0,0,0,1,0
6.55,1,1,5.03337446e-05,3.547330572e-05,-1.102548691e-05,4.865595312e-05,-0.005952085141,-3.85892042e-05,0,0,0,0,-0.02513274123,0,-0.005673356044,-0.01004073678,0.001557288387,-0.0002787290976,-0.003256859622,-0.04630320538,11.69136062,0,-0.06876833199,0.02117046415,1.224682664,-0.03807712031,1.03124274,-0.0007231282603,8.658699405,0.03807712031,0.0007231282603,9.922182318,9.922182318,0.02936775305,0.4464982043,-4.314320966e-06,-6.519418349e-05,9.587379924e-06,-4.314320966e-05,0.4464982043,-0.0001073786552,-4.314320966e-06,-6.519418349e-05,9.587379924e-06,-4.314320966e-05,-0.1819822402,-0.0001073786552,0,0,0,0,1,0
6.56,1,1,5.05734291e-05,3.547330572e-05,-1.174454041e-05,4.889563761e-05,-0.006163486869,-3.930825769e-05,0,0,0,0,-0.01675516082,0,-0.005773685089,-0.01002502634,0.001584794164,-0.0003898017802,-0.004557647896,-0.05036832309,11.70185023,0,-0.07120490602,0.03361316228,1.225673301,-0.05333291309,1.022988832,-0.0007733318715,9.418876419,0.05333291309,0.0007733318715,10.69865596,10.69865596,0.02933966572,0.4814395184,-4.793689962e-06,-6.519418349e-05,1.102548691e-05,-4.362257866e-05,0.4814395184,-0.0001059405482,-4.793689962e-06,-6.519418349e-05,1.102548691e-05,-4.362257866e-05,-0.08198224024,-0.0001059405482,0,0,0,0,1,0
6.57,1,1,5.05734291e-05,3.499393672e-05,-1.27032784e-05,4.865595312e-05,-0.006269667101,-3.954794219e-05,0,0,0,0,-0.004188790205,0,-0.005873855654,-0.01000904105,0.001612256493,-0.0003958114471,-0.004629928397,-0.03848977663,11.70726024,0,-0.07242859907,0.03430098642,1.009967564,-0.05420377666,1.010462844,-0.0005760158138,7.197588229,0.05420377666,0.0005760158138,8.262335586,8.262335586,0.0293113623,0.3718051014,-4.793689962e-06,-6.423544549e-05,1.29429629e-05,-4.314320966e-05,0.3718051014,-0.0001054611792,-4.793689962e-06,-6.423544549e-05,1.29429629e-05,-4.314320966e-05,0.01801775976,-0.0001054611792,0,0,0,0,1,0
6.58,1,1,4.937500661e-05,3.475425223e-05,-1.390170089e-05,4.937500661e-05,-0.006271105208,-3.882888869e-05,0,0,0,0,0.001047197551,0,-0.005973864995,-0.009992781353,0.001639674622,-0.0002972402136,-0.003477656322,-0.02224227787,11.70733417,0,-0.07244517223,0.02328947542,0.6220919911,-0.04071408468,1.007318577,-0.0003304714722,4.159305961,0.04071408468,0.0003304714722,4.822442508,4.822442508,0.02928248726,0.2170099129,-2.396844981e-06,-6.37560765e-05,1.533980788e-05,-4.458131665e-05,0.2170099129,-0.0001068992862,-2.396844981e-06,-6.37560765e-05,1.533980788e-05,-4.458131665e-05,0.1180177598,-0.0001068992862,0,0,0,0,1,0
6.59,1,1,5.03337446e-05,3.571299022e-05,-1.533980788e-05,4.865595312e-05,-0.006252409818,-3.882888869e-05,0,0,0,0,0.002094395102,0,-0.006073710368,-0.009976247703,0.001667047798,-0.0001786994493,-0.002091112406,-0.007943634172,11.70637452,0,-0.07222971993,0.01003802927,0.2654808121,-0.02447934499,1.008347902,-0.000118148657,1.48545959,0.02447934499,0.000118148657,1.775537896,1.775537896,0.02925333387,0.07989920531,-4.314320966e-06,-6.567355248e-05,1.821602186e-05,-4.314320966e-05,0.07989920531,-0.0001068992862,-4.314320966e-06,-6.567355248e-05,1.821602186e-05,-4.314320966e-05,0.1044585538,-0.0001068992862,0,0,0,0,1,0
6.6,1,1,5.03337446e-05,3.619235921e-05,-1.581917688e-05,4.889563761e-05,-0.006216217458,-3.85892042e-05,0,0,0,0,0.005235987756,0,-0.006173389037,-0.009959440549,0.001694375271,-4.282842114e-05,-0.0005012397298,0.0103972409,11.70452509,0,-0.07181261921,-0.005161253144,-0.06192297388,-0.005866772993,1.011459059,0.0001554423465,-1.944284048,0.005866772993,-0.0001554423465,-2.000495692,-2.000495692,0.02922410813,-0.09002230612,-4.314320966e-06,-6.663229047e-05,1.917475985e-05,-4.362257866e-05,-0.09002230612,-0.0001073786552,-4.314320966e-06,-6.663229047e-05,1.917475985e-05,-4.362257866e-05,0.004458553811,-0.0001073786552,0,0,0,0,1,0
6.61,1,1,5.00940601e-05,3.571299022e-05,-1.510012338e-05,4.961469111e-05,-0.006172115511,-3.906857319e-05,0,0,0,0,0.003141592654,0,-0.006272898269,-0.009942360352,0.001721656292,0.0001007827584,0.001179647032,0.02437846142,11.70228634,0,-0.07130435135,-0.02123686877,-0.3440438041,0.01380456735,1.009316176,0.0003625628636,-4.558772286,-0.01380456735,-0.0003625628636,-4.91698322,-4.91698322,0.0291950735,-0.2212642449,-3.83495197e-06,-6.567355248e-05,1.773665286e-05,-4.506068564e-05,-0.2212642449,-0.0001064199172,-3.83495197e-06,-6.567355248e-05,1.773665286e-05,-4.506068564e-05,-0.09554144619,-0.0001064199172,0,0,0,0,1,0
6.62,1,1,4.961469111e-05,3.571299022e-05,-1.414138539e-05,4.865595312e-05,-0.006151502644,-3.954794219e-05,0,0,0,0,0,0,-0.006372235336,-0.009925007581,0.001748890113,0.0002207326918,0.002584090505,0.03466857793,11.70124556,0,-0.07106678662,-0.03466857793,-0.5257380576,0.03023707756,1.006151503,0.0005118675074,-6.483024073,-0.03023707756,-0.0005118675074,-7.039511076,-7.039511076,0.02916636081,-0.3167779984,-2.876213977e-06,-6.567355248e-05,1.581917688e-05,-4.314320966e-05,-0.3167779984,-0.0001054611792,-2.876213977e-06,-6.567355248e-05,1.581917688e-05,-4.314320966e-05,-0.1955414462,-0.0001054611792,0,0,0,0,1,0
6.63,1,1,5.00940601e-05,3.619235921e-05,-1.22239094e-05,4.769721512e-05,-0.006153899489,-3.882888869e-05,0,0,0,0,0,0,-0.006471397514,-0.00990738271,0.001776075987,0.0003174980248,0.003717747193,0.04550583184,11.7013664,0,-0.07109441058,-0.04550583184,-0.6274714811,0.0435027221,1.006153899,0.0006712251173,-8.509590554,-0.0435027221,-0.0006712251173,-9.181235982,-9.181235982,0.02913804695,-0.4131556192,-3.83495197e-06,-6.663229047e-05,1.198422491e-05,-4.122573367e-05,-0.4131556192,-0.0001068992862,-3.83495197e-06,-6.663229047e-05,1.198422491e-05,-4.122573367e-05,-0.2955414462,-0.0001068992862,0,0,0,0,1,0
6.64,1,1,5.05734291e-05,3.523362122e-05,-9.587379924e-06,4.817658412e-05,-0.00616037097,-3.83495197e-05,0,0,0,0,-0.001047197551,0,-0.006570382085,-0.009889486223,0.001803213169,0.0004100111142,0.004802163841,0.0548231587,11.7016929,0,-0.07116899507,-0.05587035625,-0.7021333609,0.05619344653,1.007207843,0.0008095792058,-10.25193068,-0.05619344653,-0.0008095792058,-11.01106706,-11.01106706,0.02911024974,-0.4954980179,-4.793689962e-06,-6.471481449e-05,6.711165947e-06,-4.218447167e-05,-0.4954980179,-0.0001078580241,-4.793689962e-06,-6.471481449e-05,6.711165947e-06,-4.218447167e-05,-0.3955414462,-0.0001078580241,0,0,0,0,1,0
6.65,1,1,5.00940601e-05,3.595267472e-05,-9.347695426e-06,4.841626862e-05,-0.006176909201,-3.85892042e-05,0,0,0,0,-0.002094395102,0,-0.006669186334,-0.009871318611,0.001830300915,0.0004922771337,0.005767188013,0.0629941417,11.70252889,0,-0.07135959853,-0.0650885368,-0.7419196809,0.06749068434,1.008272401,0.0009313329991,-11.7799045,-0.06749068434,-0.0009313329991,-12.5902462,-12.5902462,0.02908296263,-0.5665610788,-3.83495197e-06,-6.615292148e-05,6.231796951e-06,-4.266384066e-05,-0.5665610788,-0.0001073786552,-3.83495197e-06,-6.615292148e-05,6.231796951e-06,-4.266384066e-05,-0.4955414462,-0.0001073786552,0,0,0,0,1,0
6.66,1,1,5.00940601e-05,3.451456773e-05,-1.054611792e-05,4.673847713e-05,-0.006205911025,-3.906857319e-05,0,0,0,0,-0.003141592654,0,-0.006767807555,-0.009852880372,0.001857338483,0.0005618965297,0.006584715326,0.06974809245,11.70400044,0,-0.07169384046,-0.0728896851,-0.7483159607,0.07706751107,1.009349971,0.001032438319,-13.04289329,-0.07706751107,-0.001032438319,-13.8693092,-13.8693092,0.02905617877,-0.6241189139,-3.83495197e-06,-6.32767075e-05,8.628641932e-06,-3.930825769e-05,-0.6241189139,-0.0001064199172,-3.83495197e-06,-6.32767075e-05,8.628641932e-06,-3.930825769e-05,-0.5955414462,-0.0001064199172,0,0,0,0,1,0
6.67,1,1,4.937500661e-05,3.403519873e-05,-1.126517141e-05,4.817658412e-05,-0.006264394043,-3.83495197e-05,0,0,0,0,-0.00837758041,0,-0.006866243041,-0.009834172011,0.00188432513,0.000601848999,0.00705544644,0.06898282917,11.70698934,0,-0.07236783067,-0.07736040958,-0.691937268,0.08259803627,1.01465952,0.001030939753,-12.89978905,-0.08259803627,-0.001030939753,-13.6753553,-13.6753553,0.02902965293,-0.6153909884,-2.396844981e-06,-6.231796951e-05,1.006674892e-05,-4.218447167e-05,-0.6153909884,-0.0001078580241,-2.396844981e-06,-6.231796951e-05,1.006674892e-05,-4.218447167e-05,-0.6218895099,-0.0001078580241,0,0,0,0,1,0
6.68,1,1,5.00940601e-05,3.547330572e-05,-1.24635939e-05,4.817658412e-05,-0.00637776481,-3.81098352e-05,0,0,0,0,-0.01466076572,0,-0.006964490096,-0.009815194042,0.001911260118,0.0005867252861,0.006881521259,0.06098339785,11.71286526,0,-0.07367430674,-0.07564416357,-0.5316372823,0.08060233131,1.021092265,0.0009221326213,-11.4038954,-0.08060233131,-0.0009221326213,-12.01705714,-12.01705714,0.02900288909,-0.5407675715,-3.83495197e-06,-6.519418349e-05,1.24635939e-05,-4.218447167e-05,-0.5407675715,-0.0001083373931,-3.83495197e-06,-6.519418349e-05,1.24635939e-05,-4.218447167e-05,-0.5544705027,-0.0001083373931,0,0,0,0,1,0
6.69,1,1,4.985437561e-05,3.547330572e-05,-1.27032784e-05,4.793689962e-05,-0.006560404398,-3.78701507e-05,0,0,0,0,-0.02199114858,0,-0.007062546025,-0.009795946984,0.001938142708,0.0005021416277,0.005893351516,0.04413470678,11.72255882,0,-0.07577883209,-0.06612585535,-0.258112371,0.0690851598,1.028672456,0.0006766678561,-8.253190168,-0.0690851598,-0.0006766678561,-8.581064366,-8.581064366,0.02897538316,-0.3861478965,-3.355582973e-06,-6.519418349e-05,1.29429629e-05,-4.170510267e-05,-0.3861478965,-0.0001088167621,-3.355582973e-06,-6.519418349e-05,1.29429629e-05,-4.170510267e-05,-0.4544705027,-0.0001088167621,0,0,0,0,1,0
6.7,1,1,5.10527981e-05,3.571299022e-05,-1.198422491e-05,4.721784613e-05,-0.006805601639,-3.882888869e-05,0,0,0,0,-0.02722713633,0,-0.007160408141,-0.009776431365,0.001964972162,0.0003548065014,0.004167597148,0.02233878475,11.73601505,0,-0.0786038012,-0.04956592108,0.09442440014,0.04891098284,1.034218067,0.0003458605155,-4.177352748,-0.04891098284,-0.0003458605155,-4.132185191,-4.132185191,0.02894704023,-0.1859483336,-5.752427955e-06,-6.567355248e-05,1.150485591e-05,-4.026699568e-05,-0.1859483336,-0.0001068992862,-5.752427955e-06,-6.567355248e-05,1.150485591e-05,-4.026699568e-05,-0.3544705027,-0.0001068992862,0,0,0,0,1,0
6.71,1,1,5.00940601e-05,3.523362122e-05,-1.126517141e-05,4.769721512e-05,-0.0070752467,-3.85892042e-05,0,0,0,0,-0.02513274123,0,-0.007258073759,-0.00975664772,0.001991747746,0.0001828270596,0.002149455372,0.005118843213,11.75140023,0,-0.08170989423,-0.03025158444,0.4296174182,0.02525911034,1.032365902,7.889032887e-05,-0.9572236809,-0.02525911034,-7.889032887e-05,-0.5529442633,-0.5529442633,0.02891819758,-0.02488249185,-3.83495197e-06,-6.471481449e-05,1.006674892e-05,-4.122573367e-05,-0.02488249185,-0.0001073786552,-3.83495197e-06,-6.471481449e-05,1.006674892e-05,-4.122573367e-05,-0.2544705027,-0.0001073786552,0,0,0,0,1,0
6.72,1,1,5.00940601e-05,3.499393672e-05,-1.126517141e-05,4.769721512e-05,-0.007288805587,-3.85892042e-05,0,0,0,0,-0.01675516082,0,-0.007355540203,-0.009736596592,0.002018468725,6.673461603e-05,0.0007852016655,0.0004603199932,11.76402327,0,-0.08416950082,-0.01721548081,0.5874881703,0.009237130661,1.02411415,6.974402086e-06,-0.08607983872,-0.009237130661,-6.974402086e-06,0.4921642265,0.4921642265,0.02888929702,0.02214739019,-3.83495197e-06,-6.423544549e-05,1.006674892e-05,-4.122573367e-05,0.02214739019,-0.0001073786552,-3.83495197e-06,-6.423544549e-05,1.006674892e-05,-4.122573367e-05,-0.1544705027,-0.0001073786552,0,0,0,0,1,0
6.73,1,1,5.05734291e-05,3.499393672e-05,-1.174454041e-05,4.865595312e-05,-0.00742590512,-3.85892042e-05,0,0,0,0,-0.00837758041,0,-0.007452804801,-0.00971627853,0.002045134367,2.689968093e-05,0.000316694138,0.004353034308,11.77233158,0,-0.08574830661,-0.01273061472,0.5591219252,0.003728228401,1.015821031,6.482501108e-05,-0.8140174156,-0.003728228401,-6.482501108e-05,-0.2586885438,-0.2586885438,0.02886042273,-0.01164098447,-4.793689962e-06,-6.423544549e-05,1.102548691e-05,-4.314320966e-05,-0.01164098447,-0.0001073786552,-4.793689962e-06,-6.423544549e-05,1.102548691e-05,-4.314320966e-05,-0.05447050272,-0.0001073786552,0,0,0,0,1,0
6.74,1,1,5.08131136e-05,3.499393672e-05,-1.22239094e-05,4.913532211e-05,-0.007474081704,-3.83495197e-05,0,0,0,0,0,0,-0.007549864886,-0.009695694091,0.00207174394,7.578318167e-05,0.0008925464044,0.01818896273,11.77528917,0,-0.08630305878,-0.01818896273,0.3539065633,0.01050999201,1.007474082,0.0002661695227,-3.401336031,-0.01050999201,-0.0002661695227,-3.05820563,-3.05820563,0.02883164653,-0.1376192533,-5.273058958e-06,-6.423544549e-05,1.198422491e-05,-4.410194765e-05,-0.1376192533,-0.0001078580241,-5.273058958e-06,-6.423544549e-05,1.198422491e-05,-4.410194765e-05,-0.109277408,-0.0001078580241,0,0,0,0,1,0
6.75,1,1,5.05734291e-05,3.523362122e-05,-1.27032784e-05,4.865595312e-05,-0.007469527699,-3.83495197e-05,0,0,0,0,0,0,-0.007646717797,-0.00967484384,0.002098296716,0.0001771900981,0.002087389285,0.02953847451,11.77500875,0,-0.08625062037,-0.02953847451,0.08162810445,0.0245790271,1.007469528,0.0004318216905,-5.523694733,-0.0245790271,-0.0004318216905,-5.467077478,-5.467077478,0.02880313658,-0.2460184865,-4.793689962e-06,-6.471481449e-05,1.29429629e-05,-4.314320966e-05,-0.2460184865,-0.0001078580241,-4.793689962e-06,-6.471481449e-05,1.29429629e-05,-4.314320966e-05,-0.209277408,-0.0001078580241,0,0,0,0,1,0
6.76,1,1,5.03337446e-05,3.619235921e-05,-1.438106989e-05,4.865595312e-05,-0.007462816533,-3.83495197e-05,0,0,0,0,0,0,-0.007743360879,-0.009653728349,0.002124791965,0.0002805443458,0.00330574803,0.04111243773,11.77459582,0,-0.08617334239,-0.04111243773,-0.1445756729,0.03892384693,1.007462817,0.0006004253562,-7.688025855,-0.03892384693,-0.0006004253562,-7.8721258,-7.8721258,0.02877501788,-0.354245661,-4.314320966e-06,-6.663229047e-05,1.629854587e-05,-4.314320966e-05,-0.354245661,-0.0001078580241,-4.314320966e-06,-6.663229047e-05,1.629854587e-05,-4.314320966e-05,-0.309277408,-0.0001078580241,0,0,0,0,1,0
6.77,1,1,4.937500661e-05,3.667172821e-05,-1.438106989e-05,4.889563761e-05,-0.007464014956,-3.78701507e-05,0,0,0,0,0,0,-0.007839791482,-0.009632348195,0.002151228963,0.0003757765263,0.004429063049,0.05178075166,11.77466953,0,-0.08618714206,-0.05178075166,-0.3131579627,0.05215075372,1.007464015,0.0007555045997,-9.683000561,-0.05215075372,-0.0007555045997,-10.04906478,-10.04906478,0.02874738177,-0.4522079152,-2.396844981e-06,-6.759102847e-05,1.629854587e-05,-4.362257866e-05,-0.4522079152,-0.0001088167621,-2.396844981e-06,-6.759102847e-05,1.629854587e-05,-4.362257866e-05,-0.409277408,-0.0001088167621,0,0,0,0,1,0
6.78,1,1,5.08131136e-05,3.667172821e-05,-1.414138539e-05,4.769721512e-05,-0.007469527699,-3.930825769e-05,0,0,0,0,0,0,-0.007936006962,-0.009610703966,0.002177606983,0.0004664792635,0.005499639829,0.06194566155,11.77500875,0,-0.08625062037,-0.06194566155,-0.4418836576,0.0647583071,1.007469528,0.0009029722865,-11.58383871,-0.0647583071,-0.0009029722865,-12.09138365,-12.09138365,0.02872031484,-0.5441122641,-5.273058958e-06,-6.759102847e-05,1.581917688e-05,-4.122573367e-05,-0.5441122641,-0.0001059405482,-5.273058958e-06,-6.759102847e-05,1.581917688e-05,-4.122573367e-05,-0.509277408,-0.0001059405482,0,0,0,0,1,0
6.79,1,1,4.985437561e-05,3.595267472e-05,-1.414138539e-05,4.865595312e-05,-0.007485346876,-3.882888869e-05,0,0,0,0,-0.002094395102,0,-0.008032004683,-0.009588796255,0.002203925303,0.000546657807,0.006446884517,0.06883846704,11.77598361,0,-0.08643277407,-0.07093286214,-0.5249437455,0.07591840638,1.009580839,0.001006726914,-12.87279334,-0.07591840638,-0.001006726914,-13.47466221,-13.47466221,0.02869382926,-0.6063597997,-3.355582973e-06,-6.615292148e-05,1.581917688e-05,-4.314320966e-05,-0.6063597997,-0.0001068992862,-3.355582973e-06,-6.615292148e-05,1.581917688e-05,-4.314320966e-05,-0.6063597997,-0.0001068992862,0,0,0,0,0,0
6.8,1,1,4.913532211e-05,3.523362122e-05,-1.24635939e-05,4.817658412e-05,-0.007539275888,-3.81098352e-05,0,0,0,0,-0.00837758041,0,-0.008127782011,-0.009566625661,0.002230183202,0.0005885061233,0.00694325802,0.06723774942,11.77932305,0,-0.08705373638,-0.07561532983,-0.5121077193,0.08178687921,1.015934402,0.0009948225401,-12.57345914,-0.08178687921,-0.0009948225401,-13.16834856,-13.16834856,0.02866759187,-0.5925756853,-1.917475985e-06,-6.471481449e-05,1.24635939e-05,-4.218447167e-05,-0.5925756853,-0.0001083373931,-1.917475985e-06,-6.471481449e-05,1.24635939e-05,-4.218447167e-05,-0.5925756853,-0.0001083373931,0,0,0,0,0,0
6.81,1,1,4.889563761e-05,3.523362122e-05,-9.587379924e-06,4.769721512e-05,-0.007689797753,-3.83495197e-05,0,0,0,0,-0.01989675347,0,-0.008223336322,-0.009544192794,0.002256379958,0.0005335385691,0.006299013519,0.04952000581,11.78877537,0,-0.08878677717,-0.06941675928,-0.3014442504,0.07425765542,1.027685521,0.0007490252839,-9.260241087,-0.07425765542,-0.0007490252839,-9.636692018,-9.636692018,0.02864071413,-0.4336511408,-1.438106989e-06,-6.471481449e-05,6.711165947e-06,-4.122573367e-05,-0.4336511408,-0.0001078580241,-1.438106989e-06,-6.471481449e-05,6.711165947e-06,-4.122573367e-05,-0.4927551404,-0.0001078580241,0,0,0,0,1,0
6.82,1,1,4.985437561e-05,3.523362122e-05,-8.86832643e-06,4.673847713e-05,-0.00791342339,-3.906857319e-05,0,0.001047197551,0,0,-0.02199114858,0,-0.008318664995,-0.009521498269,0.002282514855,0.0004052416055,0.004788600727,0.03299117884,11.80317688,0,-0.09136113065,-0.05498232742,0.01884994866,0.05652070138,1.030025475,0.0005008051426,-6.169350444,-0.05652070138,-0.0005008051426,-6.207522002,-6.207522002,0.02861293805,-0.2793384901,-3.355582973e-06,-0.0001694345696,5.273058958e-06,-3.930825769e-05,-0.2793384901,-0.0001064199172,-3.355582973e-06,-0.0001694345696,5.273058958e-06,-3.930825769e-05,-0.3927551404,-0.0001064199172,0,0,0,0,1,0
6.83,1,1,5.00940601e-05,3.523362122e-05,-1.078580241e-05,4.841626862e-05,-0.008148553882,-3.882888869e-05,0,0,0,0,-0.02513274123,0,-0.008413765417,-0.009498542706,0.002308587176,0.000265211535,0.003136874332,0.01410681325,11.8187829,0,-0.09406743584,-0.03923955448,0.3038815169,0.03707403671,1.033439209,0.000215349986,-2.637974077,-0.03707403671,-0.000215349986,-2.371381947,-2.371381947,0.02858464394,-0.1067121876,-3.83495197e-06,-6.471481449e-05,9.108010928e-06,-4.266384066e-05,-0.1067121876,-0.0001068992862,-3.83495197e-06,-6.471481449e-05,9.108010928e-06,-4.266384066e-05,-0.2927551404,-0.0001068992862,0,0,0,0,1,0
6.84,1,1,4.985437561e-05,3.571299022e-05,-1.054611792e-05,4.721784613e-05,-0.008399024183,-3.85892042e-05,0,0,0,0,-0.02408554368,0,-0.008508634981,-0.009475326736,0.002334596206,0.0001096107984,0.001297765675,-0.002323690917,11.83593172,0,-0.09694972927,-0.02176185276,0.5683052521,0.01536026593,1.032629596,-3.538179335e-05,0.4345302016,-0.01536026593,3.538179335e-05,0.9875105695,0.9875105695,0.02855610125,0.04443797563,-3.355582973e-06,-6.567355248e-05,8.628641932e-06,-4.026699568e-05,0.04443797563,-0.0001073786552,-3.355582973e-06,-6.567355248e-05,8.628641932e-06,-4.026699568e-05,-0.1927551404,-0.0001073786552,0,0,0,0,1,0
6.85,1,1,5.03337446e-05,3.547330572e-05,-1.22239094e-05,4.817658412e-05,-0.008623608557,-3.81098352e-05,0,0,0,0,-0.01884955592,0,-0.008603271086,-0.009451850995,0.002360541231,-2.033747146e-05,-0.0002410202724,-0.01167652041,11.85177022,0,-0.09953362551,-0.007173035513,0.7289859516,-0.002856516886,1.027561991,-0.0001758765826,2.183509316,0.002856516886,0.0001758765826,2.915527661,2.915527661,0.0285275967,0.1311987448,-4.314320966e-06,-6.519418349e-05,1.198422491e-05,-4.218447167e-05,0.1311987448,-0.0001083373931,-4.314320966e-06,-6.519418349e-05,1.198422491e-05,-4.218447167e-05,-0.09275514037,-0.0001083373931,0,0,0,0,1,0
6.86,1,1,5.03337446e-05,3.667172821e-05,-1.414138539e-05,4.841626862e-05,-0.008767658941,-3.85892042e-05,0,0,0,-0.001047197551,-0.00837758041,0,-0.008697671137,-0.009428116127,0.002386421541,-6.998780354e-05,-0.0008300288599,-0.006790450912,11.86215989,0,-0.101190697,-0.001587129498,0.6947185682,-0.009845935047,1.017162785,-0.0001001208689,1.269814321,0.009845935047,0.0001001208689,1.974478945,1.974478945,0.02849913453,0.08885155251,-4.314320966e-06,-6.759102847e-05,1.581917688e-05,6.205591446e-05,0.08885155251,-0.0001073786552,-4.314320966e-06,-6.759102847e-05,1.581917688e-05,6.205591446e-05,0.007244859626,-0.0001073786552,0,0,0,0,1,0
6.87,1,1,4.985437561e-05,3.715109721e-05,-1.557949238e-05,4.985437561e-05,-0.008805529091,-3.81098352e-05,0,0,0,0,0,0,-0.008791832547,-0.009404122782,0.002412236426,-1.369654457e-05,-0.0001625015774,0.007869381685,11.86492128,0,-0.1016262986,-0.007869381685,0.4492804481,-0.001928068424,1.008805529,0.0001140161663,-1.471574375,0.001928068424,-0.0001140161663,-1.020479875,-1.020479875,0.02847065956,-0.04592159437,-3.355582973e-06,-6.854976646e-05,1.869539085e-05,-4.554005464e-05,-0.04592159437,-0.0001083373931,-3.355582973e-06,-6.854976646e-05,1.869539085e-05,-4.554005464e-05,-0.01910073228,-0.0001083373931,0,0,0,0,1,0
6.88,1,1,5.03337446e-05,3.643204371e-05,-1.605886137e-05,5.03337446e-05,-0.008795941712,-3.83495197e-05,0,0,0,0,0.001047197551,0,-0.008885752733,-0.009379871619,0.002437985179,8.981102193e-05,0.001065833308,0.02049390422,11.86422101,0,-0.1015160211,-0.01944670667,0.1552011314,0.01264528193,1.009843413,0.0002972424586,-3.832360089,-0.01264528193,-0.0002972424586,-3.690101482,-3.690101482,0.02844231615,-0.1660545667,-4.314320966e-06,-6.711165947e-05,1.965412884e-05,-4.649879263e-05,-0.1660545667,-0.0001078580241,-4.314320966e-06,-6.711165947e-05,1.965412884e-05,-4.649879263e-05,-0.1191007323,-0.0001078580241,0,0,0,0,1,0
6.89,1,1,5.10527981e-05,3.667172821e-05,-1.629854587e-05,4.961469111e-05,-0.008785874963,-3.930825769e-05,0,0,0,0,0,0,-0.008979429122,-0.009355363302,0.002463667092,0.0001935541595,0.00229760354,0.03105768067,11.86348659,0,-0.1014002287,-0.03105768067,-0.08548858868,0.02725758879,1.008785875,0.000449071845,-5.807786286,-0.02725758879,-0.000449071845,-5.920981535,-5.920981535,0.028414246,-0.2664441691,-5.752427955e-06,-6.759102847e-05,2.013349784e-05,-4.506068564e-05,-0.2664441691,-0.0001059405482,-5.752427955e-06,-6.759102847e-05,2.013349784e-05,-4.506068564e-05,-0.2191007323,-0.0001059405482,0,0,0,0,1,0
6.9,1,1,5.03337446e-05,3.619235921e-05,-1.557949238e-05,4.889563761e-05,-0.008785635278,-3.882888869e-05,0,0,0,0,0,0,-0.009072859145,-0.009330598502,0.002489281464,0.0002872238664,0.003410513463,0.04154514376,11.86346912,0,-0.1013974717,-0.04154514376,-0.2614036942,0.04046052115,1.008785635,0.0006001262524,-7.768941883,-0.04046052115,-0.0006001262524,-8.071406224,-8.071406224,0.02838654183,-0.3632132801,-4.314320966e-06,-6.663229047e-05,1.869539085e-05,-4.362257866e-05,-0.3632132801,-0.0001068992862,-4.314320966e-06,-6.663229047e-05,1.869539085e-05,-4.362257866e-05,-0.3191007323,-0.0001068992862,0,0,0,0,1,0
6.91,1,1,5.03337446e-05,3.619235921e-05,-1.342233189e-05,4.913532211e-05,-0.008789949599,-3.906857319e-05,0,0,0,0,0,0,-0.009166040239,-0.0093055779,0.00251482759,0.0003760906404,0.00446709454,0.05149916835,11.86378375,0,-0.1014470972,-0.05149916835,-0.3953860778,0.05299664362,1.00878995,0.0007432048202,-9.630344482,-0.05299664362,-0.0007432048202,-10.07947041,-10.07947041,0.02835929557,-0.4535761684,-4.314320966e-06,-6.663229047e-05,1.438106989e-05,-4.410194765e-05,-0.4535761684,-0.0001064199172,-4.314320966e-06,-6.663229047e-05,1.438106989e-05,-4.410194765e-05,-0.4191007323,-0.0001064199172,0,0,0,0,1,0
6.92,1,1,5.00940601e-05,3.643204371e-05,-1.198422491e-05,4.913532211e-05,-0.008798578241,-3.882888869e-05,0,0,0,0,-0.001047197551,0,-0.009258969852,-0.00928030218,0.002540304771,0.0004603916112,0.005470157608,0.05989838431,11.86441351,0,-0.1015463475,-0.06094558186,-0.4954782736,0.06490021181,1.00984605,0.000865410461,-11.20099787,-0.06490021181,-0.000865410461,-11.76224176,-11.76224176,0.02833257577,-0.5293008793,-3.83495197e-06,-6.711165947e-05,1.150485591e-05,-4.410194765e-05,-0.5293008793,-0.0001068992862,-3.83495197e-06,-6.711165947e-05,1.150485591e-05,-4.410194765e-05,-0.5191007323,-0.0001068992862,0,0,0,0,1,0
6.93,1,1,4.913532211e-05,3.595267472e-05,-1.102548691e-05,4.889563761e-05,-0.008823745113,-3.85892042e-05,0,0,0,0,-0.003141592654,0,-0.009351645435,-0.009254772037,0.002565712308,0.0005279003217,0.0062746193,0.06536747082,11.866254,0,-0.1018358233,-0.06850906347,-0.5426171197,0.07445622639,1.011967805,0.0009475199919,-12.22371704,-0.07445622639,-0.0009475199919,-12.84173791,-12.84173791,0.02830630808,-0.5778782059,-1.917475985e-06,-6.615292148e-05,9.587379924e-06,-4.362257866e-05,-0.5778782059,-0.0001073786552,-1.917475985e-06,-6.615292148e-05,9.587379924e-06,-4.362257866e-05,-0.5778782059,-0.0001073786552,0,0,0,0,0,0
6.94,1,1,4.985437561e-05,3.523362122e-05,-1.030643342e-05,4.793689962e-05,-0.008913387116,-3.930825769e-05,0,0,0,0,-0.01361356817,0,-0.009444064447,-0.009228988169,0.002591049505,0.0005306773315,0.006311296369,0.05518316069,11.87285458,0,-0.1028668563,-0.06879672886,-0.4449979891,0.07493310398,1.022573288,0.0008159896795,-10.31925105,-0.07493310398,-0.0008159896795,-10.83999813,-10.83999813,0.02827992257,-0.487799916,-3.355582973e-06,-6.471481449e-05,8.149272936e-06,-4.170510267e-05,-0.487799916,-0.0001059405482,-3.355582973e-06,-6.471481449e-05,8.149272936e-06,-4.170510267e-05,-0.4969953858,-0.0001059405482,0,0,0,0,1,0
6.95,1,1,4.889563761e-05,3.571299022e-05,-1.078580241e-05,4.817658412e-05,-0.009093150489,-3.85892042e-05,0,0,0,0,-0.02094395102,0,-0.009536224355,-0.009202951283,0.002616315667,0.0004430738658,0.005274057942,0.03798099505,11.88630269,0,-0.1049341872,-0.05892494607,-0.1806092847,0.06268904908,1.030146764,0.0005694274831,-7.102446074,-0.06268904908,-0.0005694274831,-7.346313835,-7.346313835,0.02825280821,-0.3305841226,-1.438106989e-06,-6.567355248e-05,9.108010928e-06,-4.218447167e-05,-0.3305841226,-0.0001073786552,-1.438106989e-06,-6.567355248e-05,9.108010928e-06,-4.218447167e-05,-0.3969953858,-0.0001073786552,0,0,0,0,1,0
6.96,1,1,4.985437561e-05,3.595267472e-05,-1.174454041e-05,4.865595312e-05,-0.009321569816,-3.83495197e-05,0,0,0,0,-0.02199114858,0,-0.009628122632,-0.009176662094,0.002641510101,0.0003065528159,0.003652832014,0.02157279435,11.90379943,0,-0.1075605884,-0.04356394292,0.1333538253,0.04348257963,1.031433621,0.000323918615,-4.034112543,-0.04348257963,-0.000323918615,-3.944565216,-3.944565216,0.02822499547,-0.1775054347,-3.355582973e-06,-6.615292148e-05,1.102548691e-05,-4.314320966e-05,-0.1775054347,-0.0001078580241,-3.355582973e-06,-6.615292148e-05,1.102548691e-05,-4.314320966e-05,-0.2969953858,-0.0001078580241,0,0,0,0,1,0
6.97,1,1,4.985437561e-05,3.547330572e-05,-1.27032784e-05,4.913532211e-05,-0.009515953944,-3.906857319e-05,0,0,0,0,-0.01780235837,0,-0.009719756758,-0.009150121323,0.002666632117,0.0002038028144,0.00243079584,0.0142018252,11.91905063,0,-0.1097952086,-0.03200418357,0.3183396561,0.02897277868,1.027397543,0.0002113667707,-2.655741313,-0.02897277868,-0.0002113667707,-2.366585802,-2.366585802,0.02819695632,-0.1064963611,-3.355582973e-06,-6.519418349e-05,1.29429629e-05,-4.410194765e-05,-0.1064963611,-0.0001064199172,-3.355582973e-06,-6.519418349e-05,1.29429629e-05,-4.410194765e-05,-0.1969953858,-0.0001064199172,0,0,0,0,1,0
6.98,1,1,5.10527981e-05,3.547330572e-05,-1.31826474e-05,4.913532211e-05,-0.009653293161,-3.906857319e-05,0,0,0,0,-0.009424777961,0,-0.009811124222,-0.009123329696,0.002691681026,0.0001578310608,0.001883937757,0.01739490661,11.93002723,0,-0.1113737982,-0.02681968457,0.3527447624,0.02247542873,1.019100278,0.0002544714347,-3.252847536,-0.02247542873,-0.0002544714347,-2.922832674,-2.922832674,0.02816890099,-0.1315274703,-5.752427955e-06,-6.519418349e-05,1.390170089e-05,-4.410194765e-05,-0.1315274703,-0.0001064199172,-5.752427955e-06,-6.519418349e-05,1.390170089e-05,-4.410194765e-05,-0.1315274703,-0.0001064199172,0,0,0,0,0,0
6.99,1,1,4.985437561e-05,3.499393672e-05,-1.462075438e-05,4.985437561e-05,-0.009722082612,-3.906857319e-05,0,0,0,0,-0.002094395102,0,-0.009902222518,-0.009096287948,0.002716656141,0.0001801399062,0.002151400904,0.02720124713,11.93558785,0,-0.1121643922,-0.02929564224,0.2402965798,0.02567823448,1.011817574,0.0003918730997,-5.086633214,-0.02567823448,-0.0003918730997,-4.872406742,-4.872406742,0.02814098843,-0.2192583034,-3.355582973e-06,-6.423544549e-05,1.677791487e-05,-4.554005464e-05,-0.2192583034,-0.0001064199172,-3.355582973e-06,-6.423544549e-05,1.677791487e-05,-4.554005464e-05,-0.2095794582,-0.0001064199172,0,0,0,0,1,0
7,1,1,5.10527981e-05,3.523362122e-05,-1.533980788e-05,4.937500661e-05,-0.009725917564,-3.83495197e-05,0,0,0,0,0,0,-0.00999304915,-0.009068996821,0.002741556778,0.0002671315856,0.003191380216,0.03903189352,11.93589908,0,-0.1122084655,-0.03903189352,0.01755858045,0.03809199218,1.009725918,0.0005594396766,-7.298964089,-0.03809199218,-0.0005594396766,-7.32005694,-7.32005694,0.02811346655,-0.3294025623,-5.752427955e-06,-6.471481449e-05,1.821602186e-05,-4.458131665e-05,-0.3294025623,-0.0001078580241,-5.752427955e-06,-6.471481449e-05,1.821602186e-05,-4.458131665e-05,-0.3095794582,-0.0001078580241,0,0,0,0,1,0
7.01,1,1,5.03337446e-05,3.547330572e-05,-1.486043888e-05,4.985437561e-05,-0.009725198511,-3.882888869e-05,0,0,0,0,0,0,-0.01008360163,-0.009041457063,0.002766382254,0.0003584031154,0.004283123885,0.04925463258,11.93584071,0,-0.1122002018,-0.04925463258,-0.1724087085,0.05112268445,1.009725199,0.0007052789314,-9.210616293,-0.05112268445,-0.0007052789314,-9.434852965,-9.434852965,0.02808638947,-0.4245683834,-4.314320966e-06,-6.519418349e-05,1.725728386e-05,-4.554005464e-05,-0.4245683834,-0.0001068992862,-4.314320966e-06,-6.519418349e-05,1.725728386e-05,-4.554005464e-05,-0.4095794582,-0.0001068992862,0,0,0,0,1,0
7.02,1,1,5.03337446e-05,3.499393672e-05,-1.438106989e-05,4.913532211e-05,-0.009726876302,-3.85892042e-05,0,0,0,0,0,0,-0.01017387746,-0.009013669429,0.002791131887,0.0004470011626,0.005343638528,0.05918322154,11.93597691,0,-0.1122194839,-0.05918322154,-0.3223496528,0.06378154608,1.009726876,0.0008466470755,-11.06726243,-0.06378154608,-0.0008466470755,-11.45424027,-11.45424027,0.02805984749,-0.5154408123,-4.314320966e-06,-6.423544549e-05,1.629854587e-05,-4.410194765e-05,-0.5154408123,-0.0001073786552,-4.314320966e-06,-6.423544549e-05,1.629854587e-05,-4.410194765e-05,-0.5095794582,-0.0001073786552,0,0,0,0,1,0
7.03,1,1,4.937500661e-05,3.547330572e-05,-1.390170089e-05,4.889563761e-05,-0.009735744629,-3.882888869e-05,0,0,0,0,-0.001047197551,0,-0.01026387419,-0.00898563468,0.002815805001,0.0005281295623,0.006315673842,0.06723057112,11.93669721,0,-0.1123214028,-0.06827776868,-0.4292062073,0.07538828633,1.010783216,0.0009628882986,-12.5721168,-0.07538828633,-0.0009628882986,-13.07767418,-13.07767418,0.02803387971,-0.5884953382,-2.396844981e-06,-6.519418349e-05,1.533980788e-05,-4.362257866e-05,-0.5884953382,-0.0001068992862,-2.396844981e-06,-6.519418349e-05,1.533980788e-05,-4.362257866e-05,-0.5884953382,-0.0001068992862,0,0,0,0,0,0
7.04,1,1,4.865595312e-05,3.571299022e-05,-1.342233189e-05,4.889563761e-05,-0.009788235534,-3.882888869e-05,0,0,0,0,-0.01047197551,0,-0.01035358934,-0.008957353586,0.002840400918,0.0005653538035,0.006764204804,0.06196575269,11.9409749,0,-0.1129246349,-0.0724377282,-0.4240719468,0.08077119981,1.020287627,0.0009034228134,-11.58759575,-0.08077119981,-0.0009034228134,-12.09334232,-12.09334232,0.02800810638,-0.5442004045,-9.587379924e-07,-6.567355248e-05,1.438106989e-05,-4.362257866e-05,-0.5442004045,-0.0001068992862,-9.587379924e-07,-6.567355248e-05,1.438106989e-05,-4.362257866e-05,-0.5574660614,-0.0001068992862,0,0,0,0,1,0
7.05,1,1,4.937500661e-05,3.523362122e-05,-1.174454041e-05,4.817658412e-05,-0.009939955821,-3.83495197e-05,0,0,0,0,-0.01884955592,0,-0.01044302044,-0.008928826922,0.002864918963,0.0005030646231,0.006024072938,0.04655484101,11.95347678,0,-0.1146680491,-0.06540439694,-0.2147804153,0.07200861599,1.028878338,0.0006895693233,-8.70575527,-0.07200861599,-0.0006895693233,-8.99323387,-8.99323387,0.027981654,-0.4046955242,-2.396844981e-06,-6.471481449e-05,1.102548691e-05,-4.218447167e-05,-0.4046955242,-0.0001078580241,-2.396844981e-06,-6.471481449e-05,1.102548691e-05,-4.218447167e-05,-0.4574660614,-0.0001078580241,0,0,0,0,1,0
7.06,1,1,4.985437561e-05,3.523362122e-05,-1.078580241e-05,4.865595312e-05,-0.01015591155,-3.85892042e-05,0,0,0,0,-0.02199114858,0,-0.01053216506,-0.008900055469,0.002889358466,0.0003762535059,0.004510462321,0.02913058171,11.97162524,0,-0.117149138,-0.05112173029,0.08688343994,0.05399756457,1.032267963,0.0004339074709,-5.44741878,-0.05399756457,-0.0004339074709,-5.414966812,-5.414966812,0.02795441056,-0.2436735065,-3.355582973e-06,-6.471481449e-05,9.108010928e-06,-4.314320966e-05,-0.2436735065,-0.0001073786552,-3.355582973e-06,-6.471481449e-05,9.108010928e-06,-4.314320966e-05,-0.3574660614,-0.0001073786552,0,0,0,0,1,0
7.07,1,1,4.985437561e-05,3.619235921e-05,-1.078580241e-05,4.841626862e-05,-0.01039391826,-3.85892042e-05,0,0,0,0,-0.02408554368,0,-0.01062102074,-0.008871040016,0.002913718755,0.0002271024797,0.002725702503,0.01025693438,11.99210978,0,-0.1198829389,-0.03434247806,0.3787577558,0.03268692363,1.03462449,0.0001533259498,-1.91804673,-0.03268692363,-0.0001533259498,-1.572129224,-1.572129224,0.02792667492,-0.07074581507,-3.355582973e-06,-6.663229047e-05,9.108010928e-06,-4.266384066e-05,-0.07074581507,-0.0001073786552,-3.355582973e-06,-6.663229047e-05,9.108010928e-06,-4.266384066e-05,-0.2574660614,-0.0001073786552,0,0,0,0,1,0
7.08,1,1,5.03337446e-05,3.523362122e-05,-1.054611792e-05,4.793689962e-05,-0.01063312339,-3.906857319e-05,0,0,0,0,-0.02094395102,0,-0.01070958505,-0.00884178136,0.002937999163,7.646165982e-05,0.0009188116867,-0.003530979669,12.01321004,0,-0.1226298258,-0.01741297136,0.6184261524,0.01103787778,1.031686737,-5.243115263e-05,0.660293198,-0.01103787778,5.243115263e-05,1.267733904,1.267733904,0.02789877074,0.05704802567,-4.314320966e-06,-6.471481449e-05,8.628641932e-06,-4.170510267e-05,0.05704802567,-0.0001064199172,-4.314320966e-06,-6.471481449e-05,8.628641932e-06,-4.170510267e-05,-0.1574660614,-0.0001064199172,0,0,0,0,1,0
7.09,1,1,4.937500661e-05,3.571299022e-05,-1.24635939e-05,4.865595312e-05,-0.0108107296,-3.954794219e-05,0,0,-0.001047197551,0.001047197551,-0.01151917306,0,-0.01079785556,-0.008812280302,0.002962199025,-1.287404331e-05,-0.0001548570535,-0.004149572239,12.02921054,0,-0.1246688984,-0.007369600824,0.6855974011,-0.001862808099,1.022363076,-6.04474646e-05,0.7759700087,0.001862808099,6.04474646e-05,1.463490665,1.463490665,0.02787090215,0.06585707994,-2.396844981e-06,-6.567355248e-05,0.000117183349,-0.0001478629648,0.06585707994,-0.0001054611792,-2.396844981e-06,-6.567355248e-05,0.000117183349,-0.0001478629648,-0.05746606137,-0.0001054611792,0,0,0,0,1,0
7.1,1,1,5.05734291e-05,3.619235921e-05,-1.510012338e-05,5.03337446e-05,-0.01086657609,-3.930825769e-05,0,0,0,0,0,0,-0.01088582985,-0.00878253765,0.002986317676,1.925375938e-05,0.0002317224902,0.01094040204,12.03430073,0,-0.1253099839,-0.01094040204,0.4907344463,0.002788618132,1.010866576,0.0001556507697,-2.045855181,-0.002788618132,-0.0001556507697,-1.558065004,-1.558065004,0.02784306084,-0.07011292516,-4.793689962e-06,-6.663229047e-05,1.773665286e-05,-4.649879263e-05,-0.07011292516,-0.0001059405482,-4.793689962e-06,-6.663229047e-05,1.773665286e-05,-4.649879263e-05,-0.04433823462,-0.0001059405482,0,0,0,0,1,0
7.11,1,1,4.985437561e-05,3.691141271e-05,-1.701759937e-05,5.05734291e-05,-0.01085914587,-3.978762669e-05,0,0,0,0,0.001047197551,0,-0.01097350551,-0.008752554221,0.003010354456,0.0001143596385,0.001376760177,0.02262125127,12.03362186,0,-0.1252246915,-0.02157405372,0.2060574278,0.01656741137,1.011906618,0.0003221777771,-4.230173988,-0.01656741137,-0.0003221777771,-4.041006149,-4.041006149,0.02781538387,-0.1818452767,-3.355582973e-06,-6.807039746e-05,2.157160483e-05,-4.697816163e-05,-0.1818452767,-0.0001049818102,-3.355582973e-06,-6.807039746e-05,2.157160483e-05,-4.697816163e-05,-0.1443382346,-0.0001049818102,0,0,0,0,1,0
7.12,1,1,4.937500661e-05,3.643204371e-05,-1.893507535e-05,5.05734291e-05,-0.01084548385,-3.930825769e-05,0,0,0,0,0,0,-0.01106088013,-0.008722330836,0.003034308706,0.0002153962798,0.002593859818,0.03288094421,12.03237493,0,-0.1250678617,-0.03288094421,-0.03801103173,0.03121029385,1.010845484,0.0004668570028,-6.148736567,-0.03121029385,-0.0004668570028,-6.21842475,-6.21842475,0.02778801178,-0.2798291137,-2.396844981e-06,-6.711165947e-05,2.54065568e-05,-4.697816163e-05,-0.2798291137,-0.0001059405482,-2.396844981e-06,-6.711165947e-05,2.54065568e-05,-4.697816163e-05,-0.2443382346,-0.0001059405482,0,0,0,0,1,0
7.13,1,1,5.00940601e-05,3.619235921e-05,-1.845570635e-05,4.985437561e-05,-0.01084452512,-3.930825769e-05,0,0,0,0,-0.001047197551,0,-0.01114795133,-0.008691868324,0.003058179768,0.0003034262125,0.003655152051,0.04168817145,12.03228749,0,-0.1250568561,-0.042735369,-0.2110210112,0.0439798403,1.011891997,0.000592554276,-7.795688061,-0.0439798403,-0.000592554276,-8.051281467,-8.051281467,0.02776098836,-0.362307666,-3.83495197e-06,-6.663229047e-05,2.444781881e-05,-4.554005464e-05,-0.362307666,-0.0001059405482,-3.83495197e-06,-6.663229047e-05,2.444781881e-05,-4.554005464e-05,-0.3443382346,-0.0001059405482,0,0,0,0,1,0
7.14,1,1,5.08131136e-05,3.619235921e-05,-1.749696836e-05,4.961469111e-05,-0.01084883944,-3.954794219e-05,0,0,0,0,0,0,-0.01123471671,-0.00866116752,0.003081966989,0.000385877269,0.004650017983,0.05196928856,12.03268104,0,-0.1251063815,-0.05196928856,-0.3411451469,0.05595218321,1.010848839,0.0007364602513,-9.718256961,-0.05595218321,-0.0007364602513,-10.11609075,-10.11609075,0.02773440361,-0.4552240838,-5.273058958e-06,-6.663229047e-05,2.253034282e-05,-4.506068564e-05,-0.4552240838,-0.0001054611792,-5.273058958e-06,-6.663229047e-05,2.253034282e-05,-4.506068564e-05,-0.4443382346,-0.0001054611792,0,0,0,0,1,0
7.15,1,1,5.08131136e-05,3.571299022e-05,-1.557949238e-05,4.985437561e-05,-0.01085626966,-3.882888869e-05,0,0,0,0,0,0,-0.01132117389,-0.008630229266,0.003105669716,0.000464904231,0.005604379213,0.06082390878,12.03335921,0,-0.1251916749,-0.06082390878,-0.4405002051,0.06743950822,1.01085627,0.0008611403044,-11.37407094,-0.06743950822,-0.0008611403044,-11.88287179,-11.88287179,0.02770832663,-0.5347292308,-5.273058958e-06,-6.567355248e-05,1.869539085e-05,-4.554005464e-05,-0.5347292308,-0.0001068992862,-5.273058958e-06,-6.567355248e-05,1.869539085e-05,-4.554005464e-05,-0.5300555068,-0.0001068992862,0,0,0,0,1,0
7.16,1,1,5.03337446e-05,3.595267472e-05,-1.557949238e-05,5.03337446e-05,-0.01087208883,-3.85892042e-05,0,0,0,0,-0.003141592654,0,-0.0114073205,-0.00859905441,0.0031292873,0.0005352316693,0.006454740091,0.06556338055,12.03480473,0,-0.1253732649,-0.0687049732,-0.5031243862,0.07768153655,1.014016149,0.0009331902982,-12.26035216,-0.07768153655,-0.0009331902982,-12.84209128,-12.84209128,0.0276827458,-0.5778941074,-4.314320966e-06,-6.615292148e-05,1.869539085e-05,-4.649879263e-05,-0.5778941074,-0.0001073786552,-4.314320966e-06,-6.615292148e-05,1.869539085e-05,-4.649879263e-05,-0.5778941074,-0.0001073786552,0,0,0,0,0,0
7.17,1,1,4.913532211e-05,3.619235921e-05,-1.462075438e-05,4.745753063e-05,-0.0109159511,-3.85892042e-05,0,0,0,0,-0.007330382858,0,-0.01149315419,-0.008567643806,0.003152819092,0.0005772030933,0.006964438895,0.06606787334,12.03882462,0,-0.1258767483,-0.0733982562,-0.49538046,0.08384365843,1.018259768,0.0009473908868,-12.35469231,-0.08384365843,-0.0009473908868,-12.93486382,-12.93486382,0.02765743009,-0.5820688721,-1.917475985e-06,-6.663229047e-05,1.677791487e-05,-4.074636468e-05,-0.5820688721,-0.0001073786552,-1.917475985e-06,-6.663229047e-05,1.677791487e-05,-4.074636468e-05,-0.5820688721,-0.0001073786552,0,0,0,0,0,0
7.18,1,1,4.961469111e-05,3.595267472e-05,-1.366201639e-05,4.769721512e-05,-0.01102093291,-4.050668018e-05,0,0,0,0,-0.01361356817,0,-0.0115786726,-0.008535998316,0.003176264449,0.0005577396891,0.006734634132,0.05756358049,12.04851695,0,-0.127081709,-0.07117714866,-0.362229435,0.08114235348,1.024680833,0.0008351127366,-10.76438955,-0.08114235348,-0.0008351127366,-11.20859645,-11.20859645,0.02763181295,-0.5043868404,-2.876213977e-06,-6.615292148e-05,1.486043888e-05,-4.122573367e-05,-0.5043868404,-0.0001035437032,-2.876213977e-06,-6.615292148e-05,1.486043888e-05,-4.122573367e-05,-0.5141421191,-0.0001035437032,0,0,0,0,1,0
7.19,1,1,4.985437561e-05,3.547330572e-05,-1.342233189e-05,4.793689962e-05,-0.0111942248,-4.002731118e-05,0,0,0,0,-0.02094395102,0,-0.01166387338,-0.008504118807,0.003199622727,0.0004696485773,0.005676752761,0.04029086031,12.06473538,0,-0.129070415,-0.06123481134,-0.1116945226,0.06848851987,1.032247838,0.0005926274756,-7.534390878,-0.06848851987,-0.0005926274756,-7.715166548,-7.715166548,0.02760547361,-0.3471824947,-3.355582973e-06,-6.519418349e-05,1.438106989e-05,-4.170510267e-05,-0.3471824947,-0.0001045024412,-3.355582973e-06,-6.519418349e-05,1.438106989e-05,-4.170510267e-05,-0.4141421191,-0.0001045024412,0,0,0,0,1,0
7.2,1,1,5.00940601e-05,3.643204371e-05,-1.486043888e-05,4.817658412e-05,-0.0114276775,-3.930825769e-05,0,0,0,0,-0.02513274123,0,-0.0117487542,-0.008472006154,0.003222893285,0.0003210766949,0.003885885611,0.01936847822,12.08701795,0,-0.1317489205,-0.04450121945,0.2161546677,0.04696876915,1.036718332,0.0002870771444,-3.621905428,-0.04696876915,-0.0002870771444,-3.453006607,-3.453006607,0.0275783604,-0.1553852973,-3.83495197e-06,-6.711165947e-05,1.725728386e-05,-4.218447167e-05,-0.1553852973,-0.0001059405482,-3.83495197e-06,-6.711165947e-05,1.725728386e-05,-4.218447167e-05,-0.3141421191,-0.0001059405482,0,0,0,0,1,0
7.21,1,1,5.00940601e-05,3.619235921e-05,-1.510012338e-05,4.841626862e-05,-0.01166903979,-3.85892042e-05,0,0,0,0,-0.02199114858,0,-0.01183331273,-0.008439661236,0.003246075486,0.0001642729354,0.001990779888,0.004870856236,12.11058135,0,-0.1345174276,-0.02686200481,0.4980843264,0.02410950178,1.033781091,7.171519232e-05,-0.9108501162,-0.02410950178,-7.171519232e-05,-0.4369470067,-0.4369470067,0.02755086708,-0.0196626153,-3.83495197e-06,-6.663229047e-05,1.773665286e-05,-4.266384066e-05,-0.0196626153,-0.0001073786552,-3.83495197e-06,-6.663229047e-05,1.773665286e-05,-4.266384066e-05,-0.2141421191,-0.0001073786552,0,0,0,0,1,0
7.22,1,1,4.985437561e-05,3.523362122e-05,-1.581917688e-05,4.913532211e-05,-0.01185623338,-3.85892042e-05,0,0,0,0,-0.01466076572,0,-0.01191754665,-0.008407084941,0.003269168695,6.13132657e-05,0.0007438717045,0.0006194340612,12.12922633,0,-0.1366640676,-0.01528019978,0.6161893304,0.009022588268,1.026570734,8.984362545e-06,-0.1158341694,-0.009022588268,-8.984362545e-06,0.4913235884,0.4913235884,0.02752333099,0.02210956148,-3.355582973e-06,-6.471481449e-05,1.917475985e-05,-4.410194765e-05,0.02210956148,-0.0001073786552,-3.355582973e-06,-6.471481449e-05,1.917475985e-05,-4.410194765e-05,-0.1141421191,-0.0001073786552,0,0,0,0,1,0
7.23,1,1,4.985437561e-05,3.643204371e-05,-1.701759937e-05,4.961469111e-05,-0.01196744699,-3.76304662e-05,0,0,0,0,-0.006283185307,0,-0.01200145366,-0.008374278161,0.003292172277,3.400666579e-05,0.0004129152336,0.005902766164,12.14045715,0,-0.1379391839,-0.01218595147,0.5571545226,0.005012979701,1.018260502,8.41498886e-05,-1.103817273,-0.005012979701,-8.41498886e-05,-0.5517598797,-0.5517598797,0.02749582551,-0.02482919459,-3.355582973e-06,-6.711165947e-05,2.157160483e-05,-4.506068564e-05,-0.02482919459,-0.0001092961311,-3.355582973e-06,-6.711165947e-05,2.157160483e-05,-4.506068564e-05,-0.02482919459,-0.0001092961311,0,0,0,0,0,0
7.24,1,1,5.05734291e-05,3.595267472e-05,-1.701759937e-05,5.10527981e-05,-0.01198877891,-3.83495197e-05,0,0,0,0,0.001047197551,0,-0.01208503145,-0.008341241796,0.003315085603,9.625253618e-05,0.001169230916,0.02017983559,12.14262446,0,-0.1381837452,-0.01913263804,0.3250450179,0.01419753192,1.013036251,0.0002844558137,-3.773629256,-0.01419753192,-0.0002844558137,-3.463066226,-3.463066226,0.02746844737,-0.1558379802,-4.793689962e-06,-6.615292148e-05,2.157160483e-05,-4.793689962e-05,-0.1558379802,-0.0001078580241,-4.793689962e-06,-6.615292148e-05,2.157160483e-05,-4.793689962e-05,-0.1167942012,-0.0001078580241,0,0,0,0,1,0
7.25,1,1,5.03337446e-05,3.595267472e-05,-1.725728386e-05,4.817658412e-05,-0.01198350585,-3.906857319e-05,0,0,0,-0.001047197551,0,0,-0.01216827773,-0.008307976752,0.003337908044,0.0001847718781,0.002245261505,0.0290314834,12.14208833,0,-0.1381232924,-0.0290314834,0.08437853565,0.02726216352,1.011983506,0.0004079750741,-5.428887395,-0.02726216352,-0.0004079750741,-5.372178998,-5.372178998,0.02744130632,-0.2417480549,-4.314320966e-06,-6.615292148e-05,2.205097383e-05,6.253528345e-05,-0.2417480549,-0.0001064199172,-4.314320966e-06,-6.615292148e-05,2.205097383e-05,6.253528345e-05,-0.2167942012,-0.0001064199172,0,0,0,0,1,0
7.26,1,1,5.05734291e-05,3.667172821e-05,-1.653823037e-05,5.00940601e-05,-0.01197847248,-3.81098352e-05,0,0,0,0,0,0,-0.01225119022,-0.00827448394,0.003360638975,0.0002727177454,0.003315033363,0.03887313546,12.14157681,0,-0.1380655871,-0.03887313546,-0.1107038883,0.04024973219,1.011978472,0.0005457384998,-7.269276332,-0.04024973219,-0.0005457384998,-7.420775691,-7.420775691,0.0274144958,-0.3339349061,-4.793689962e-06,-6.759102847e-05,2.061286684e-05,-4.601942364e-05,-0.3339349061,-0.0001083373931,-4.793689962e-06,-6.759102847e-05,2.061286684e-05,-4.601942364e-05,-0.3167942012,-0.0001083373931,0,0,0,0,1,0
7.27,1,1,5.00940601e-05,3.643204371e-05,-1.677791487e-05,5.00940601e-05,-0.01198182806,-3.81098352e-05,0,0,0,0,0,0,-0.01233376665,-0.008240764279,0.003383277772,0.0003519385922,0.004279571454,0.04774123925,12.14191779,0,-0.1381040573,-0.04774123925,-0.252674637,0.05196220479,1.011981828,0.0006695950532,-8.92761174,-0.05196220479,-0.0006695950532,-9.232918177,-9.232918177,0.02738807668,-0.415481318,-3.83495197e-06,-6.711165947e-05,2.109223583e-05,-4.601942364e-05,-0.415481318,-0.0001083373931,-3.83495197e-06,-6.711165947e-05,2.109223583e-05,-4.601942364e-05,-0.415481318,-0.0001083373931,0,0,0,0,0,0
7.28,1,1,5.00940601e-05,3.715109721e-05,-1.605886137e-05,4.913532211e-05,-0.0119890186,-3.882888869e-05,0,0,0,0,0,0,-0.01241600476,-0.008206818694,0.003405823815,0.00042698616,0.005194134915,0.05614582047,12.14264884,0,-0.138186493,-0.05614582047,-0.3600202341,0.06307055628,1.011989019,0.0007867365401,-10.49926843,-0.06307055628,-0.0007867365401,-10.92314596,-10.92314596,0.02736209933,-0.491541568,-3.83495197e-06,-6.854976646e-05,1.965412884e-05,-4.410194765e-05,-0.491541568,-0.0001068992862,-3.83495197e-06,-6.854976646e-05,1.965412884e-05,-4.410194765e-05,-0.4876161868,-0.0001068992862,0,0,0,0,1,0
7.29,1,1,4.913532211e-05,3.619235921e-05,-1.557949238e-05,4.913532211e-05,-0.01200220124,-3.83495197e-05,0,0,0,0,-0.002094395102,0,-0.01249790228,-0.008172648114,0.003428276485,0.0004957010338,0.00603248796,0.06174863045,12.14399033,0,-0.1383376232,-0.06384302555,-0.4343382454,0.07325847542,1.014097693,0.000868043332,-11.54699389,-0.07325847542,-0.000868043332,-12.05545866,-12.05545866,0.02733657904,-0.5424956396,-1.917475985e-06,-6.663229047e-05,1.869539085e-05,-4.410194765e-05,-0.5424956396,-0.0001078580241,-1.917475985e-06,-6.663229047e-05,1.869539085e-05,-4.410194765e-05,-0.5424956396,-0.0001078580241,0,0,0,0,0,0
7.3,1,1,4.985437561e-05,3.643204371e-05,-1.510012338e-05,4.913532211e-05,-0.01204822067,-3.81098352e-05,0,0,0,0,-0.006283185307,0,-0.01257945697,-0.008138253478,0.003450635167,0.0005312363044,0.006468484738,0.0615259729,12.14868601,0,-0.1388651863,-0.0678091582,-0.4258433109,0.07858359006,1.018341276,0.0008713588978,-11.50535693,-0.07858359006,-0.0008713588978,-12.01065519,-12.01065519,0.02731124962,-0.5404794836,-3.355582973e-06,-6.711165947e-05,1.773665286e-05,-4.410194765e-05,-0.5404794836,-0.0001083373931,-3.355582973e-06,-6.711165947e-05,1.773665286e-05,-4.410194765e-05,-0.5404794836,-0.0001083373931,0,0,0,0,0,0
7.31,1,1,4.913532211e-05,3.571299022e-05,-1.486043888e-05,4.889563761e-05,-0.01217213755,-3.78701507e-05,0,0,0,0,-0.01570796327,0,-0.0126606666,-0.008103635726,0.003472899249,0.0004885290504,0.005953732442,0.04726064817,12.16142816,0,-0.1402856146,-0.06296861144,-0.2566441943,0.07240588939,1.027941786,0.0006813644636,-8.837741208,-0.07240588939,-0.0006813644636,-9.167472656,-9.167472656,0.02728545542,-0.4125362695,-1.917475985e-06,-6.567355248e-05,1.725728386e-05,-4.362257866e-05,-0.4125362695,-0.0001088167621,-1.917475985e-06,-6.567355248e-05,1.725728386e-05,-4.362257866e-05,-0.4404794836,-0.0001088167621,0,0,0,0,1,0
7.32,1,1,4.913532211e-05,3.571299022e-05,-1.438106989e-05,4.865595312e-05,-0.01234087544,-3.81098352e-05,0,0,0,0,-0.01570796327,0,-0.01274152894,-0.00806879581,0.003495068119,0.0004006535062,0.004888089879,0.03734080692,12.17900965,0,-0.1422194716,-0.05304877018,-0.02756449715,0.05953209382,1.028110524,0.0005380058137,-6.982730893,-0.05953209382,-0.0005380058137,-7.07036549,-7.07036549,0.02725909285,-0.3181664471,-1.917475985e-06,-6.567355248e-05,1.629854587e-05,-4.314320966e-05,-0.3181664471,-0.0001083373931,-1.917475985e-06,-6.567355248e-05,1.629854587e-05,-4.314320966e-05,-0.3404794836,-0.0001083373931,0,0,0,0,1,0
7.33,1,1,4.961469111e-05,3.547330572e-05,-1.486043888e-05,4.961469111e-05,-0.01250481964,-3.78701507e-05,0,0,0,0,-0.01570796327,0,-0.01282204178,-0.008033734683,0.003517141171,0.0003172221459,0.003874361333,0.02792690223,12.19634714,0,-0.1440980055,-0.0436348655,0.1490438855,0.04725305576,1.028274468,0.0004021047279,-5.222330717,-0.04725305576,-0.0004021047279,-5.120941992,-5.120941992,0.02723237581,-0.2304423897,-2.876213977e-06,-6.519418349e-05,1.725728386e-05,-4.506068564e-05,-0.2304423897,-0.0001088167621,-2.876213977e-06,-6.519418349e-05,1.725728386e-05,-4.506068564e-05,-0.2424360095,-0.0001088167621,0,0,0,0,1,0
7.34,1,1,4.985437561e-05,3.667172821e-05,-1.486043888e-05,4.913532211e-05,-0.01263616674,-3.76304662e-05,0,0,0,0,-0.009424777961,0,-0.0129022029,-0.007998453308,0.003539117798,0.000266036164,0.00325225634,0.02842397474,12.21041974,0,-0.1456027535,-0.0378487527,0.2260034532,0.03971141501,1.022083151,0.0004039499581,-5.315283277,-0.03971141501,-0.0004039499581,-5.129395189,-5.129395189,0.02720555176,-0.2308227835,-3.355582973e-06,-6.759102847e-05,1.725728386e-05,-4.410194765e-05,-0.2308227835,-0.0001092961311,-3.355582973e-06,-6.759102847e-05,1.725728386e-05,-4.410194765e-05,-0.2308227835,-0.0001092961311,0,0,0,0,0,0
7.35,1,1,5.10527981e-05,3.619235921e-05,-1.557949238e-05,4.985437561e-05,-0.01271142767,-3.85892042e-05,0,0,0,0,-0.004188790205,0,-0.01298201012,-0.007962952651,0.003560997398,0.0002705824437,0.003310129069,0.03413543537,12.21855655,0,-0.1464648512,-0.03832422558,0.1742267952,0.04044499922,1.016904604,0.0004797440366,-6.383326415,-0.04044499922,-0.0004797440366,-6.250024363,-6.250024363,0.02717886008,-0.2812510963,-5.752427955e-06,-6.663229047e-05,1.869539085e-05,-4.554005464e-05,-0.2812510963,-0.0001073786552,-5.752427955e-06,-6.663229047e-05,1.869539085e-05,-4.554005464e-05,-0.2794705881,-0.0001073786552,0,0,0,0,1,0
7.36,1,1,5.00940601e-05,3.643204371e-05,-1.749696836e-05,5.00940601e-05,-0.01273156117,-3.906857319e-05,0,0,0,0,0,0,-0.01306146123,-0.007927233685,0.003582779372,0.0003299000591,0.004037593432,0.04495433968,12.22074235,0,-0.1466954622,-0.04495433968,0.01940091875,0.04934238904,1.012731561,0.0006260117349,-8.406461521,-0.04934238904,-0.0006260117349,-8.437029003,-8.437029003,0.02715253509,-0.3796663051,-3.83495197e-06,-6.711165947e-05,2.253034282e-05,-4.601942364e-05,-0.3796663051,-0.0001064199172,-3.83495197e-06,-6.711165947e-05,2.253034282e-05,-4.601942364e-05,-0.3776808346,-0.0001064199172,0,0,0,0,1,0
7.37,1,1,4.913532211e-05,3.667172821e-05,-1.797633736e-05,4.961469111e-05,-0.01273347865,-3.882888869e-05,0,0,0,0,0,0,-0.01314055407,-0.007891297391,0.003604463122,0.0004070754192,0.004983959963,0.05359632032,12.22095072,0,-0.1467174249,-0.05359632032,-0.1421324239,0.0609087291,1.012733479,0.0007456461904,-10.0225119,-0.0609087291,-0.0007456461904,-10.2262987,-10.2262987,0.02712666585,-0.4601834414,-1.917475985e-06,-6.759102847e-05,2.348908081e-05,-4.506068564e-05,-0.4601834414,-0.0001068992862,-1.917475985e-06,-6.759102847e-05,2.348908081e-05,-4.506068564e-05,-0.4601834414,-0.0001068992862,0,0,0,0,0,0
7.38,1,1,4.985437561e-05,3.619235921e-05,-1.773665286e-05,5.00940601e-05,-0.01273947076,-3.83495197e-05,0,0,0,0,-0.001047197551,0,-0.01321928646,-0.007855144752,0.003626048054,0.0004798156973,0.005876808041,0.06069784684,12.2216021,0,-0.1467860578,-0.0617450444,-0.2647477921,0.07182400952,1.013786942,0.0008454089623,-11.35049736,-0.07182400952,-0.0008454089623,-11.68791457,-11.68791457,0.02710127815,-0.5259561557,-3.355582973e-06,-6.663229047e-05,2.300971182e-05,-4.601942364e-05,-0.5259561557,-0.0001078580241,-3.355582973e-06,-6.663229047e-05,2.300971182e-05,-4.601942364e-05,-0.5259561557,-0.0001078580241,0,0,0,0,0,0
7.39,1,1,5.05734291e-05,3.547330572e-05,-1.629854587e-05,4.937500661e-05,-0.01277230754,-3.76304662e-05,0,0,0,0,-0.005235987756,0,-0.01329765624,-0.007818776761,0.003647533576,0.0005253487077,0.006437758846,0.06159928583,12.22517772,0,-0.1471621569,-0.06683527358,-0.3080913584,0.07870274601,1.018015149,0.0008643335359,-11.51906645,-0.07870274601,-0.0008643335359,-11.90672489,-11.90672489,0.02707615072,-0.5358026199,-4.793689962e-06,-6.519418349e-05,2.013349784e-05,-4.458131665e-05,-0.5358026199,-0.0001092961311,-4.793689962e-06,-6.519418349e-05,2.013349784e-05,-4.458131665e-05,-0.5358026199,-0.0001092961311,0,0,0,0,0,0
7.4,1,1,4.985437561e-05,3.667172821e-05,-1.581917688e-05,4.769721512e-05,-0.01286530512,-3.85892042e-05,0,0,0,0,-0.01256637061,0,-0.01337566128,-0.007782194414,0.003668919099,0.0005103561565,0.006258918174,0.05254516307,12.23535968,0,-0.1482272283,-0.06511153369,-0.2171864952,0.07658011509,1.025471154,0.0007474310361,-9.825945494,-0.07658011509,-0.0007474310361,-10.12045954,-10.12045954,0.02705081667,-0.4554206791,-3.355582973e-06,-6.759102847e-05,1.917475985e-05,-4.122573367e-05,-0.4554206791,-0.0001073786552,-3.355582973e-06,-6.759102847e-05,1.917475985e-05,-4.122573367e-05,-0.4616138954,-0.0001073786552,0,0,0,0,1,0
7.41,1,1,4.937500661e-05,3.595267472e-05,-1.438106989e-05,4.889563761e-05,-0.01301343014,-3.78701507e-05,0,0,0,0,-0.01570796327,0,-0.01345329942,-0.007745398714,0.003690204036,0.0004398692797,0.005400073462,0.04143404063,12.25174684,0,-0.1499233942,-0.0571420039,-0.03043425977,0.06616033295,1.028783078,0.0005926271537,-7.748165598,-0.06616033295,-0.0005926271537,-7.845352818,-7.845352818,0.02702493503,-0.3530408768,-2.396844981e-06,-6.615292148e-05,1.629854587e-05,-4.362257866e-05,-0.3530408768,-0.0001088167621,-2.396844981e-06,-6.615292148e-05,1.629854587e-05,-4.362257866e-05,-0.366399961,-0.0001088167621,0,0,0,0,1,0
7.42,1,1,5.03337446e-05,3.595267472e-05,-1.462075438e-05,4.889563761e-05,-0.01316515043,-3.78701507e-05,0,0,0,0,-0.01361356817,0,-0.01353056854,-0.007708390671,0.003711387805,0.0003654181159,0.004490830849,0.03511739944,12.2687483,0,-0.1516603919,-0.0487309676,0.1276899934,0.05509687336,1.026825051,0.0004998849724,-6.566953695,-0.05509687336,-0.0004998849724,-6.49486046,-6.49486046,0.02699867386,-0.2922687207,-4.314320966e-06,-6.615292148e-05,1.677791487e-05,-4.362257866e-05,-0.2922687207,-0.0001088167621,-4.314320966e-06,-6.615292148e-05,1.677791487e-05,-4.362257866e-05,-0.2922687207,-0.0001088167621,0,0,0,0,0,0
7.43,1,1,4.961469111e-05,3.499393672e-05,-1.486043888e-05,4.985437561e-05,-0.01327324814,-3.83495197e-05,0,0,-0.001047197551,0,-0.007330382858,0,-0.01360746653,-0.007671171297,0.003732469825,0.0003342183927,0.004110951278,0.037855863,12.28099567,0,-0.1528977582,-0.04518624586,0.1673806167,0.05048657484,1.020617065,0.0005318513786,-7.079046381,-0.05048657484,-0.0005318513786,-6.96268419,-6.96268419,0.02697237897,-0.3133207886,-2.876213977e-06,-6.423544549e-05,0.000121977039,-4.554005464e-05,-0.3133207886,-0.0001078580241,-2.876213977e-06,-6.423544549e-05,0.000121977039,-4.554005464e-05,-0.3133207886,-0.0001078580241,0,0,0,0,0,0
7.44,1,1,5.00940601e-05,3.547330572e-05,-1.510012338e-05,4.985437561e-05,-0.01333125178,-3.78701507e-05,0,0.001047197551,0,0,-0.001047197551,0,-0.01368399127,-0.007633741615,0.003753449516,0.0003527394836,0.004341512381,0.04618430069,12.28761356,0,-0.1535616382,-0.04723149824,0.09715652608,0.05334682642,1.014378723,0.000640331883,-8.636464229,-0.05334682642,-0.000640331883,-8.593294861,-8.593294861,0.02694628038,-0.3866982688,-3.83495197e-06,-0.0001699139386,1.773665286e-05,-4.554005464e-05,-0.3866982688,-0.0001088167621,-3.83495197e-06,-0.0001699139386,1.773665286e-05,-4.554005464e-05,-0.370332971,-0.0001088167621,0,0,0,0,1,0
7.45,1,1,4.913532211e-05,3.667172821e-05,-1.605886137e-05,4.985437561e-05,-0.01333964074,-3.83495197e-05,0,0,0,0,0,0,-0.01376014066,-0.00759610265,0.003774326306,0.0004204999215,0.005177582389,0.05481568306,12.28857337,0,-0.1536576496,-0.05481568306,-0.06015595972,0.06362510107,1.013339641,0.0007577252629,-10.25053273,-0.06362510107,-0.0007577252629,-10.37507152,-10.37507152,0.02692067379,-0.4668782183,-1.917475985e-06,-6.759102847e-05,1.965412884e-05,-4.554005464e-05,-0.4668782183,-0.0001078580241,-1.917475985e-06,-6.759102847e-05,1.965412884e-05,-4.554005464e-05,-0.4668782183,-0.0001078580241,0,0,0,0,0,0
7.46,1,1,4.937500661e-05,3.595267472e-05,-1.821602186e-05,5.10527981e-05,-0.01334251696,-3.85892042e-05,0,0,0,0,0,0,-0.01383591263,-0.007558255434,0.00379509962,0.000493395671,0.006077418873,0.06298278982,12.2889026,0,-0.1536905676,-0.06298278982,-0.1984669262,0.07468480861,1.013342517,0.0008698120042,-11.7777817,-0.07468480861,-0.0008698120042,-12.05180324,-12.05180324,0.02689557456,-0.5423311459,-2.396844981e-06,-6.615292148e-05,2.396844981e-05,-4.793689962e-05,-0.5423311459,-0.0001073786552,-2.396844981e-06,-6.615292148e-05,2.396844981e-05,-4.793689962e-05,-0.5423311459,-0.0001073786552,0,0,0,0,0,0
7.47,1,1,4.961469111e-05,3.667172821e-05,-1.845570635e-05,5.08131136e-05,-0.01335522023,-3.83495197e-05,0,0,0,0,-0.002094395102,0,-0.01391130508,-0.007520201005,0.003815768889,0.0005560848471,0.006852477383,0.06791120784,12.29035766,0,-0.1538359538,-0.07000560294,-0.2899215464,0.08421939787,1.015450712,0.0009409175734,-12.69939587,-0.08421939787,-0.0009409175734,-13.07447773,-13.07447773,0.02687093852,-0.5883514978,-2.876213977e-06,-6.759102847e-05,2.444781881e-05,-4.745753063e-05,-0.5883514978,-0.0001078580241,-2.876213977e-06,-6.759102847e-05,2.444781881e-05,-4.745753063e-05,-0.5883514978,-0.0001078580241,0,0,0,0,0,0
7.48,1,1,4.985437561e-05,3.667172821e-05,-1.797633736e-05,5.03337446e-05,-0.01341370325,-3.930825769e-05,0,0,0,0,-0.009424777961,0,-0.01398631596,-0.007481940405,0.003836333547,0.0005726127079,0.007060644882,0.06240558553,12.2970764,0,-0.1545052473,-0.07183036349,-0.2677545454,0.08682528957,1.022860688,0.0008764991722,-11.66984449,-0.08682528957,-0.0008764991722,-12.02530083,-12.02530083,0.02684633052,-0.5411385372,-3.355582973e-06,-6.759102847e-05,2.348908081e-05,-4.649879263e-05,-0.5411385372,-0.0001059405482,-3.355582973e-06,-6.759102847e-05,2.348908081e-05,-4.649879263e-05,-0.5425134536,-0.0001059405482,0,0,0,0,1,0
7.49,1,1,4.985437561e-05,3.691141271e-05,-1.701759937e-05,5.00940601e-05,-0.01354648846,-3.76304662e-05,0,0,0,0,-0.01675516082,0,-0.01406094321,-0.007443474684,0.00385679303,0.0005144547419,0.006349829183,0.04848640581,12.31245345,0,-0.1560246786,-0.06524156663,-0.09569838806,0.07818197622,1.030371833,0.0006903934868,-9.066957887,-0.07818197622,-0.0006903934868,-9.241528644,-9.241528644,0.02682114551,-0.415868789,-3.355582973e-06,-6.807039746e-05,2.157160483e-05,-4.601942364e-05,-0.415868789,-0.0001092961311,-3.355582973e-06,-6.807039746e-05,2.157160483e-05,-4.601942364e-05,-0.4518012938,-0.0001092961311,0,0,0,0,1,0
7.5,1,1,4.985437561e-05,3.571299022e-05,-1.510012338e-05,4.889563761e-05,-0.01375165839,-3.78701507e-05,0,0,0,0,-0.02303834613,0,-0.01413518477,-0.007404804897,0.003877146778,0.0003835263791,0.004740193023,0.02742901271,12.33654766,0,-0.1583718565,-0.05046735884,0.193798535,0.05847761713,1.036922696,0.0003951582208,-5.129225377,-0.05847761713,-0.0003951582208,-4.994299617,-4.994299617,0.02679509522,-0.2247434828,-3.355582973e-06,-6.567355248e-05,1.773665286e-05,-4.362257866e-05,-0.2247434828,-0.0001088167621,-3.355582973e-06,-6.567355248e-05,1.773665286e-05,-4.362257866e-05,-0.3518012938,-0.0001088167621,0,0,0,0,1,0
7.51,1,1,5.08131136e-05,3.451456773e-05,-1.438106989e-05,4.937500661e-05,-0.0139618617,-3.81098352e-05,0,0,0,0,-0.01989675347,0,-0.01420903863,-0.007365932103,0.003897394231,0.000247176928,0.003059221195,0.01520448409,12.36165644,0,-0.1607759343,-0.03510123756,0.4383713792,0.03781704139,1.033957585,0.0002175782183,-2.843238525,-0.03781704139,-0.0002175782183,-2.442901765,-2.442901765,0.0267685622,-0.1099305794,-5.273058958e-06,-6.32767075e-05,1.629854587e-05,-4.458131665e-05,-0.1099305794,-0.0001083373931,-5.273058958e-06,-6.32767075e-05,1.629854587e-05,-4.458131665e-05,-0.2518012938,-0.0001083373931,0,0,0,0,1,0
7.52,1,1,5.08131136e-05,3.523362122e-05,-1.438106989e-05,4.769721512e-05,-0.01413994728,-3.78701507e-05,0,0,0,-0.001047197551,-0.01570796327,0,-0.01428250274,-0.007326857368,0.003917534835,0.0001425554611,0.001766548794,0.007606748026,12.38326588,0,-0.162812136,-0.02331471129,0.5722293244,0.02187564341,1.029909596,0.0001078952732,-1.422461881,-0.02187564341,-0.0001078952732,-0.8722160952,-0.8722160952,0.02674187126,-0.03924972428,-5.273058958e-06,-6.471481449e-05,1.629854587e-05,6.349402145e-05,-0.03924972428,-0.0001088167621,-5.273058958e-06,-6.471481449e-05,1.629854587e-05,6.349402145e-05,-0.1518012938,-0.0001088167621,0,0,0,0,1,0
7.53,1,1,5.05734291e-05,3.547330572e-05,-1.438106989e-05,4.913532211e-05,-0.01426314511,-3.78701507e-05,0,0,0,0,-0.007330382858,0,-0.01435557511,-0.007287581764,0.003937568038,9.242999164e-05,0.001146512272,0.01032086279,12.39839685,0,-0.1642204623,-0.01765124565,0.5684169189,0.01421491414,1.021606962,0.0001438981057,-1.930001341,-0.01421491414,-0.0001438981057,-1.375943235,-1.375943235,0.02671517598,-0.06191744557,-4.793689962e-06,-6.519418349e-05,1.629854587e-05,-4.410194765e-05,-0.06191744557,-0.0001088167621,-4.793689962e-06,-6.519418349e-05,1.629854587e-05,-4.410194765e-05,-0.06191744557,-0.0001088167621,0,0,0,0,0,0
7.54,1,1,5.05734291e-05,3.571299022e-05,-1.653823037e-05,4.961469111e-05,-0.01429765968,-3.76304662e-05,0,0,0,0,0,0,-0.01442825371,-0.007248106367,0.003957493291,0.0001305940306,0.001620772787,0.02189369624,12.40266261,0,-0.1646149689,-0.02189369624,0.3839361537,0.02010189804,1.01429766,0.0003006000924,-4.094121196,-0.02010189804,-0.0003006000924,-3.730587541,-3.730587541,0.02668862135,-0.1678764393,-4.793689962e-06,-6.567355248e-05,2.061286684e-05,-4.506068564e-05,-0.1678764393,-0.0001092961311,-4.793689962e-06,-6.567355248e-05,2.061286684e-05,-4.506068564e-05,-0.1534924599,-0.0001092961311,0,0,0,0,1,0
7.55,1,1,5.00940601e-05,3.715109721e-05,-1.845570635e-05,5.03337446e-05,-0.01429502315,-3.715109721e-05,0,0,0,0,0,0,-0.01450053657,-0.00720843226,0.003977310047,0.0002055134184,0.002551473939,0.03026456309,12.40233634,0,-0.1645848336,-0.03026456309,0.1604737244,0.03164423796,1.014295023,0.0004151198075,-5.659473298,-0.03164423796,-0.0004151198075,-5.531058931,-5.531058931,0.02666231101,-0.2488976519,-3.83495197e-06,-6.854976646e-05,2.444781881e-05,-4.649879263e-05,-0.2488976519,-0.0001102548691,-3.83495197e-06,-6.854976646e-05,2.444781881e-05,-4.649879263e-05,-0.2488976519,-0.0001102548691,0,0,0,0,0,0
7.56,1,1,5.05734291e-05,3.78701507e-05,-1.965412884e-05,5.03337446e-05,-0.01429286599,-3.78701507e-05,0,0,0,0,0,0,-0.0145724217,-0.00716856053,0.003997017763,0.000279555707,0.00347193958,0.0385429957,12.40206944,0,-0.1645601775,-0.0385429957,-0.02017248156,0.04305923578,1.014292866,0.0005281509986,-7.207540195,-0.04305923578,-0.0005281509986,-7.271300063,-7.271300063,0.02663628831,-0.3272085029,-4.793689962e-06,-6.998787345e-05,2.684466379e-05,-4.649879263e-05,-0.3272085029,-0.0001088167621,-4.793689962e-06,-6.998787345e-05,2.684466379e-05,-4.649879263e-05,-0.3272085029,-0.0001088167621,0,0,0,0,0,0
7.57,1,1,5.05734291e-05,3.78701507e-05,-1.941444435e-05,5.00940601e-05,-0.01429406441,-3.73907817e-05,0,0,0,0,0,0,-0.01464390713,-0.00712849227,0.004016615899,0.0003498427119,0.004346467505,0.04640511484,12.40221772,0,-0.1645738753,-0.04640511484,-0.160307937,0.05390583629,1.014294064,0.0006352725662,-8.677756475,-0.05390583629,-0.0006352725662,-8.892605521,-8.892605521,0.02661061141,-0.4001672484,-4.793689962e-06,-6.998787345e-05,2.636529479e-05,-4.601942364e-05,-0.4001672484,-0.0001097755001,-4.793689962e-06,-6.998787345e-05,2.636529479e-05,-4.601942364e-05,-0.4001672484,-0.0001097755001,0,0,0,0,0,0
7.58,1,1,5.05734291e-05,3.76304662e-05,-1.893507535e-05,4.841626862e-05,-0.01429861842,-3.78701507e-05,0,0,0,0,0,0,-0.01471499089,-0.007088228579,0.004036103917,0.0004163724731,0.005175024565,0.05384984617,12.40278127,0,-0.1646259271,-0.05384984617,-0.2671973299,0.06418469776,1.014298618,0.0007364937156,-10.06992123,-0.06418469776,-0.0007364937156,-10.40203975,-10.40203975,0.02658532118,-0.468091789,-4.793689962e-06,-6.950850445e-05,2.54065568e-05,-4.266384066e-05,-0.468091789,-0.0001088167621,-4.793689962e-06,-6.950850445e-05,2.54065568e-05,-4.266384066e-05,-0.468091789,-0.0001088167621,0,0,0,0,0,0
7.59,1,1,5.00940601e-05,3.643204371e-05,-1.773665286e-05,4.913532211e-05,-0.01431012327,-3.81098352e-05,0,0,0,0,-0.002094395102,0,-0.01478567105,-0.007047770561,0.004055481284,0.0004755477743,0.005912977803,0.05837691631,12.40420591,0,-0.1647574248,-0.06047131141,-0.3387425821,0.07334579419,1.016405615,0.0008009780973,-10.91648335,-0.07334579419,-0.0008009780973,-11.3293727,-11.3293727,0.02656041286,-0.5098217717,-3.83495197e-06,-6.711165947e-05,2.300971182e-05,-4.410194765e-05,-0.5098217717,-0.0001083373931,-3.83495197e-06,-6.711165947e-05,2.300971182e-05,-4.410194765e-05,-0.5098217717,-0.0001083373931,0,0,0,0,0,0
7.6,1,1,5.00940601e-05,3.547330572e-05,-1.510012338e-05,4.793689962e-05,-0.01435062996,-3.83495197e-05,0,0,0,0,-0.005235987756,0,-0.01485594566,-0.007007119324,0.004074747467,0.0005053157041,0.006286660397,0.05854780221,12.40923218,0,-0.1652203892,-0.06378378996,-0.3361070193,0.07801262849,1.019593472,0.000807616519,-10.94843901,-0.07801262849,-0.000807616519,-11.36336628,-11.36336628,0.02653566553,-0.5113514825,-3.83495197e-06,-6.519418349e-05,1.773665286e-05,-4.170510267e-05,-0.5113514825,-0.0001078580241,-3.83495197e-06,-6.519418349e-05,1.773665286e-05,-4.170510267e-05,-0.5113514825,-0.0001078580241,0,0,0,0,0,0
7.61,1,1,4.889563761e-05,3.619235921e-05,-1.390170089e-05,4.841626862e-05,-0.01443044489,-3.81098352e-05,0,0,0,0,-0.009424777961,0,-0.0149258128,-0.006966275984,0.004093901939,0.0004953679024,0.006167611417,0.05319834317,12.41918335,0,-0.1661325425,-0.06262312113,-0.2518874896,0.076596697,1.023877429,0.0007393113622,-9.948090172,-0.076596697,-0.0007393113622,-10.27731367,-10.27731367,0.02651076924,-0.4624791152,-1.438106989e-06,-6.663229047e-05,1.533980788e-05,-4.266384066e-05,-0.4624791152,-0.0001083373931,-1.438106989e-06,-6.663229047e-05,1.533980788e-05,-4.266384066e-05,-0.4624791152,-0.0001083373931,0,0,0,0,0,0
7.62,1,1,5.05734291e-05,3.667172821e-05,-1.390170089e-05,4.841626862e-05,-0.01453302986,-3.76304662e-05,0,0,0,0,-0.009424777961,0,-0.01499527054,-0.006925241659,0.004112944175,0.0004622406841,0.005760240563,0.04942730572,12.43206585,0,-0.1673047663,-0.05885208368,-0.1367309185,0.07161169001,1.023980014,0.000686390845,-9.242906169,-0.07161169001,-0.000686390845,-9.451935169,-9.451935169,0.02648562636,-0.4253370826,-4.793689962e-06,-6.759102847e-05,1.533980788e-05,-4.266384066e-05,-0.4253370826,-0.0001092961311,-4.793689962e-06,-6.759102847e-05,1.533980788e-05,-4.266384066e-05,-0.4253370826,-0.0001092961311,0,0,0,0,0,0
7.63,1,1,5.03337446e-05,3.691141271e-05,-1.342233189e-05,4.961469111e-05,-0.01462938303,-3.882888869e-05,0,0,0,0,-0.00837758041,0,-0.015064317,-0.006884017476,0.004131873652,0.0004349339693,0.005424584536,0.04735950672,12.44426069,0,-0.1684056221,-0.05573708713,-0.05528800408,0.06750494408,1.023024509,0.0006558227534,-8.856227757,-0.06750494408,-0.0006558227534,-8.979676528,-8.979676528,0.02646035845,-0.4040854438,-4.314320966e-06,-6.807039746e-05,1.438106989e-05,-4.506068564e-05,-0.4040854438,-0.0001068992862,-4.314320966e-06,-6.807039746e-05,1.438106989e-05,-4.506068564e-05,-0.4040854438,-0.0001068992862,0,0,0,0,0,0
7.64,1,1,5.03337446e-05,3.691141271e-05,-1.557949238e-05,4.985437561e-05,-0.01470344554,-3.882888869e-05,0,0,0,0.001047197551,-0.005235987756,0,-0.01513295026,-0.006842604564,0.004150689852,0.0004295047264,0.005360839543,0.04984898734,12.45369697,0,-0.1692516976,-0.0550849751,-0.03404236415,0.0667622712,1.019946287,0.0006854941998,-9.321760633,-0.0667622712,-0.0006854941998,-9.423250763,-9.423250763,0.02643513477,-0.4240462843,-4.314320966e-06,-6.807039746e-05,1.869539085e-05,-0.0001502598098,-0.4240462843,-0.0001068992862,-4.314320966e-06,-6.807039746e-05,1.869539085e-05,-0.0001502598098,-0.4240462843,-0.0001068992862,0,0,0,0,0,0
7.65,1,1,4.985437561e-05,3.667172821e-05,-1.845570635e-05,5.03337446e-05,-0.01474467127,-3.81098352e-05,0,0,0,0,-0.002094395102,0,-0.01520116846,-0.006801004058,0.004169392258,0.0004564971917,0.005701001449,0.05598830131,12.45897317,0,-0.1697226127,-0.05808269641,-0.08370948971,0.0710286241,1.016840163,0.0007645123817,-10.46981235,-0.0710286241,-0.0007645123817,-10.62531497,-10.62531497,0.02641016278,-0.4781391737,-3.355582973e-06,-6.759102847e-05,2.444781881e-05,-4.649879263e-05,-0.4781391737,-0.0001083373931,-3.355582973e-06,-6.759102847e-05,2.444781881e-05,-4.649879263e-05,-0.4781391737,-0.0001083373931,0,0,0,0,0,0
7.66,1,1,4.913532211e-05,3.715109721e-05,-1.941444435e-05,5.05734291e-05,-0.01476935877,-3.83495197e-05,0,0,0,0,-0.001047197551,0,-0.01526896972,-0.0067592171,0.004187980359,0.0004996109491,0.006242459445,0.06184985601,12.46214086,0,-0.1700046005,-0.06289705356,-0.1563957951,0.0777944089,1.01581683,0.0008420654177,-11.56592307,-0.0777944089,-0.0008420654177,-11.80095534,-11.80095534,0.02638554952,-0.5310429904,-1.917475985e-06,-6.854976646e-05,2.636529479e-05,-4.697816163e-05,-0.5310429904,-0.0001078580241,-1.917475985e-06,-6.854976646e-05,2.636529479e-05,-4.697816163e-05,-0.5187262371,-0.0001078580241,0,0,0,0,1,0
7.67,1,1,4.937500661e-05,3.78701507e-05,-1.941444435e-05,5.03337446e-05,-0.01480507176,-3.83495197e-05,0,0,0,0,-0.004188790205,0,-0.01533635219,-0.006717244834,0.004206453644,0.0005312804225,0.006641758347,0.06223503541,12.46673399,0,-0.1704125066,-0.06642382562,-0.1917157617,0.08280103456,1.018998248,0.0008518370328,-11.63795162,-0.08280103456,-0.0008518370328,-11.91332026,-11.91332026,0.02636116368,-0.5360994115,-2.396844981e-06,-6.998787345e-05,2.636529479e-05,-4.649879263e-05,-0.5360994115,-0.0001078580241,-2.396844981e-06,-6.998787345e-05,2.636529479e-05,-4.649879263e-05,-0.5360994115,-0.0001078580241,0,0,0,0,0,0
7.68,1,1,4.985437561e-05,3.691141271e-05,-1.869539085e-05,5.03337446e-05,-0.01486954689,-3.73907817e-05,0,0,0,0,-0.00837758041,0,-0.01540331401,-0.006675088411,0.004224811607,0.0005337671117,0.006677468866,0.05828498064,12.47505853,0,-0.1711488734,-0.06666256105,-0.1598122272,0.08330181492,1.023264673,0.0008037205128,-10.89929138,-0.08330181492,-0.0008037205128,-11.14320914,-11.14320914,0.02633673482,-0.5014444114,-3.355582973e-06,-6.807039746e-05,2.49271878e-05,-4.649879263e-05,-0.5014444114,-0.0001097755001,-3.355582973e-06,-6.807039746e-05,2.49271878e-05,-4.649879263e-05,-0.5014444114,-0.0001097755001,0,0,0,0,0,0
7.69,1,1,5.00940601e-05,3.715109721e-05,-1.749696836e-05,4.961469111e-05,-0.0149745287,-3.715109721e-05,0,0,0,0,-0.01256637061,0,-0.01546985334,-0.006632748988,0.004243053744,0.0004953246405,0.00620217279,0.0497231026,12.48870192,0,-0.1723477145,-0.06228947321,-0.04916321814,0.07745708721,1.027580378,0.0006908033162,-9.298220186,-0.07745708721,-0.0006908033162,-9.425531295,-9.425531295,0.0263119665,-0.4241489083,-3.83495197e-06,-6.854976646e-05,2.253034282e-05,-4.506068564e-05,-0.4241489083,-0.0001102548691,-3.83495197e-06,-6.854976646e-05,2.253034282e-05,-4.506068564e-05,-0.4294687635,-0.0001102548691,0,0,0,0,1,0
7.7,1,1,5.03337446e-05,3.643204371e-05,-1.653823037e-05,4.889563761e-05,-0.01512337278,-3.81098352e-05,0,0,0,0,-0.01675516082,0,-0.01553596838,-0.006590227724,0.004261179556,0.0004125956018,0.005172194989,0.0361765669,12.50823507,0,-0.1740471202,-0.05293172772,0.1323689527,0.06469503074,1.031948717,0.0005063969387,-6.765018011,-0.06469503074,-0.0005063969387,-6.697850486,-6.697850486,0.02628664773,-0.3014032719,-4.314320966e-06,-6.711165947e-05,2.061286684e-05,-4.362257866e-05,-0.3014032719,-0.0001083373931,-4.314320966e-06,-6.711165947e-05,2.061286684e-05,-4.362257866e-05,-0.3294687635,-0.0001083373931,0,0,0,0,1,0
7.71,1,1,5.10527981e-05,3.619235921e-05,-1.486043888e-05,4.841626862e-05,-0.01528492013,-3.85892042e-05,0,0,0,0,-0.01570796327,0,-0.0156016573,-0.006547525786,0.004279188546,0.0003167371677,0.003975373668,0.02639689479,12.52968771,0,-0.1758911338,-0.04210485806,0.3056839928,0.04981019061,1.031054568,0.0003685008469,-4.936219326,-0.04981019061,-0.0003685008469,-4.680714025,-4.680714025,0.02626089503,-0.2106321311,-5.752427955e-06,-6.663229047e-05,1.725728386e-05,-4.266384066e-05,-0.2106321311,-0.0001073786552,-5.752427955e-06,-6.663229047e-05,1.725728386e-05,-4.266384066e-05,-0.2294687635,-0.0001073786552,0,0,0,0,1,0
7.72,1,1,5.05734291e-05,3.691141271e-05,-1.533980788e-05,4.889563761e-05,-0.01540739891,-3.78701507e-05,0,0,0,0,-0.00837758041,0,-0.0156669183,-0.006504644344,0.00429708022,0.0002595193889,0.003260534354,0.02725236165,12.54612809,0,-0.1772888907,-0.03562994206,0.3664523441,0.04090708164,1.023802525,0.0003747405542,-5.096191629,-0.04090708164,-0.0003747405542,-4.771021107,-4.771021107,0.02623501801,-0.2146959498,-4.793689962e-06,-6.807039746e-05,1.821602186e-05,-4.362257866e-05,-0.2146959498,-0.0001088167621,-4.793689962e-06,-6.807039746e-05,1.821602186e-05,-4.362257866e-05,-0.2146715382,-0.0001088167621,0,0,0,0,1,0
7.73,1,1,5.00940601e-05,3.643204371e-05,-1.557949238e-05,4.913532211e-05,-0.01546060887,-3.73907817e-05,0,0,0,0,-0.002094395102,0,-0.01573174959,-0.006461584574,0.004314854087,0.000271140723,0.003408726443,0.0347987448,12.55331788,0,-0.1778960539,-0.0368931399,0.2744527289,0.04279082662,1.017556101,0.000472224257,-6.507365277,-0.04279082662,-0.000472224257,-6.276175599,-6.276175599,0.0262093102,-0.282427902,-3.83495197e-06,-6.711165947e-05,1.869539085e-05,-4.410194765e-05,-0.282427902,-0.0001097755001,-3.83495197e-06,-6.711165947e-05,1.869539085e-05,-4.410194765e-05,-0.282427902,-0.0001097755001,0,0,0,0,0,0
7.74,1,1,4.985437561e-05,3.643204371e-05,-1.773665286e-05,5.08131136e-05,-0.01546612161,-3.81098352e-05,0,0,0,0,0,0,-0.0157961494,-0.006418347657,0.00433250966,0.0003300277879,0.004150627654,0.04347095116,12.55406442,0,-0.1779589554,-0.04347095116,0.1032609783,0.05210724695,1.015466122,0.0005869173169,-8.129067867,-0.05210724695,-0.0005869173169,-8.078501053,-8.078501053,0.02618394518,-0.3635325474,-3.355582973e-06,-6.711165947e-05,2.300971182e-05,-4.745753063e-05,-0.3635325474,-0.0001083373931,-3.355582973e-06,-6.711165947e-05,2.300971182e-05,-4.745753063e-05,-0.3635325474,-0.0001083373931,0,0,0,0,0,0
7.75,1,1,4.961469111e-05,3.715109721e-05,-1.821602186e-05,4.913532211e-05,-0.01546636129,-3.85892042e-05,0,0,0,0,0,0,-0.01586011596,-0.006374934777,0.004350046455,0.0003937546617,0.00495383833,0.0505975453,12.55409688,0,-0.1779616902,-0.0505975453,-0.04589371951,0.06219096634,1.015466361,0.0006824829653,-9.46174097,-0.06219096634,-0.0006824829653,-9.570508139,-9.570508139,0.02615893392,-0.4306728663,-2.876213977e-06,-6.854976646e-05,2.396844981e-05,-4.410194765e-05,-0.4306728663,-0.0001073786552,-2.876213977e-06,-6.854976646e-05,2.396844981e-05,-4.410194765e-05,-0.4306728663,-0.0001073786552,0,0,0,0,0,0
7.76,1,1,5.03337446e-05,3.691141271e-05,-1.797633736e-05,4.937500661e-05,-0.0154709153,-3.81098352e-05,0,0,0,0,0,0,-0.01592364751,-0.006331347125,0.004367463991,0.0004527322109,0.005697967388,0.05719410425,12.55471383,0,-0.1780136519,-0.05719410425,-0.1579930229,0.07153634996,1.015470915,0.0007707399252,-10.69529749,-0.07153634996,-0.0007707399252,-10.92559761,-10.92559761,0.02613430665,-0.4916518923,-4.314320966e-06,-6.807039746e-05,2.348908081e-05,-4.458131665e-05,-0.4916518923,-0.0001083373931,-4.314320966e-06,-6.807039746e-05,2.348908081e-05,-4.458131665e-05,-0.4916518923,-0.0001083373931,0,0,0,0,0,0
7.77,1,1,5.00940601e-05,3.691141271e-05,-1.797633736e-05,4.937500661e-05,-0.01549224722,-3.85892042e-05,0,0,0,0,-0.003141592654,0,-0.01598674232,-0.006287585896,0.004384761792,0.0004944950998,0.006226473521,0.05871349705,12.55760654,0,-0.1782570464,-0.0618550897,-0.2132180843,0.0781896046,1.018636307,0.0007954126739,-10.97942395,-0.0781896046,-0.0007954126739,-11.27162705,-11.27162705,0.0261099352,-0.5072232172,-3.83495197e-06,-6.807039746e-05,2.348908081e-05,-4.458131665e-05,-0.5072232172,-0.0001073786552,-3.83495197e-06,-6.807039746e-05,2.348908081e-05,-4.458131665e-05,-0.5072232172,-0.0001073786552,0,0,0,0,0,0
7.78,1,1,4.985437561e-05,3.571299022e-05,-1.725728386e-05,4.865595312e-05,-0.01554785402,-3.83495197e-05,0,0,0,0,-0.00837758041,0,-0.01604939865,-0.00624365229,0.004401939381,0.0005015446303,0.006319348545,0.05422837315,12.56516885,0,-0.1788914754,-0.06260595356,-0.186311085,0.07940368152,1.02394298,0.0007416329636,-10.14070578,-0.07940368152,-0.0007416329636,-10.40716218,-10.40716218,0.02608555213,-0.468322298,-3.355582973e-06,-6.567355248e-05,2.205097383e-05,-4.314320966e-05,-0.468322298,-0.0001078580241,-3.355582973e-06,-6.567355248e-05,2.205097383e-05,-4.314320966e-05,-0.4696425585,-0.0001078580241,0,0,0,0,1,0
7.79,1,1,4.889563761e-05,3.523362122e-05,-1.533980788e-05,4.889563761e-05,-0.01566529943,-3.81098352e-05,0,0,0,0,-0.01466076572,0,-0.01611161479,-0.006199547511,0.00441899629,0.0004463153674,0.005629047619,0.04168009053,12.58124459,0,-0.1802312542,-0.05634085625,-0.03520016844,0.07082042491,1.0303798,0.0005766623158,-7.794176929,-0.07082042491,-0.0005766623158,-7.900774185,-7.900774185,0.02606071623,-0.3555348383,-1.438106989e-06,-6.471481449e-05,1.821602186e-05,-4.362257866e-05,-0.3555348383,-0.0001083373931,-1.438106989e-06,-6.471481449e-05,1.821602186e-05,-4.362257866e-05,-0.38261196,-0.0001083373931,0,0,0,0,1,0
7.8,1,1,4.937500661e-05,3.595267472e-05,-1.438106989e-05,4.961469111e-05,-0.01583044205,-3.81098352e-05,0,0,0,0,-0.01675516082,0,-0.01617338904,-0.006155272768,0.004435932049,0.0003429469907,0.004330787448,0.02790711982,12.60408772,0,-0.1821147331,-0.04466228064,0.1859143269,0.0545856249,1.032655787,0.0003874373319,-5.218631406,-0.0545856249,-0.0003874373319,-5.087690141,-5.087690141,0.02603529716,-0.2289460563,-2.396844981e-06,-6.615292148e-05,1.629854587e-05,-4.506068564e-05,-0.2289460563,-0.0001083373931,-2.396844981e-06,-6.615292148e-05,1.629854587e-05,-4.506068564e-05,-0.28261196,-0.0001083373931,0,0,0,0,1,0
7.81,1,1,5.05734291e-05,3.643204371e-05,-1.29429629e-05,4.865595312e-05,-0.01600037836,-3.83495197e-05,0,0,0,0,-0.01466076572,0,-0.01623471969,-0.006110829275,0.004452746195,0.0002343413319,0.002963127406,0.01774692715,12.62788645,0,-0.1840523748,-0.03240769287,0.3745813939,0.03741803641,1.030714879,0.0002452141917,-3.318675377,-0.03741803641,-0.0002452141917,-2.981757234,-2.981757234,0.02600951102,-0.1341790755,-4.793689962e-06,-6.711165947e-05,1.342233189e-05,-4.314320966e-05,-0.1341790755,-0.0001078580241,-4.793689962e-06,-6.711165947e-05,1.342233189e-05,-4.314320966e-05,-0.18261196,-0.0001078580241,0,0,0,0,1,0
7.82,1,1,4.961469111e-05,3.595267472e-05,-1.414138539e-05,4.985437561e-05,-0.01610607922,-3.81098352e-05,0,0,0,0,-0.006283185307,0,-0.01629560506,-0.006066218251,0.004469438267,0.000189525845,0.002398707287,0.02104563126,12.64283964,0,-0.1852573301,-0.02732881657,0.3964068849,0.03032647157,1.022399134,0.0002858360924,-3.935533046,-0.03032647157,-0.0002858360924,-3.569738469,-3.569738469,0.02598370722,-0.1606382311,-2.876213977e-06,-6.615292148e-05,1.581917688e-05,-4.554005464e-05,-0.1606382311,-0.0001083373931,-2.876213977e-06,-6.615292148e-05,1.581917688e-05,-4.554005464e-05,-0.1606382311,-0.0001083373931,0,0,0,0,0,0
7.83,1,1,5.03337446e-05,3.619235921e-05,-1.653823037e-05,4.961469111e-05,-0.01612932862,-3.83495197e-05,0,0,0,0,0,0,-0.0163560435,-0.006021440919,0.004486007807,0.0002267148826,0.002870745275,0.03146154923,12.64614418,0,-0.1855223384,-0.03146154923,0.2457519213,0.03630385864,1.016129329,0.000421661471,-5.883309705,-0.03630385864,-0.000421661471,-5.674283304,-5.674283304,0.0259581215,-0.2553427487,-4.314320966e-06,-6.663229047e-05,2.061286684e-05,-4.506068564e-05,-0.2553427487,-0.0001078580241,-4.314320966e-06,-6.663229047e-05,2.061286684e-05,-4.506068564e-05,-0.2507266352,-0.0001078580241,0,0,0,0,1,0
7.84,1,1,5.03337446e-05,3.73907817e-05,-1.869539085e-05,4.985437561e-05,-0.01612669209,-3.83495197e-05,0,0,0,0,0,0,-0.01641603333,-0.005976498505,0.00450245436,0.0002893412462,0.003664938186,0.03845547378,12.64576915,0,-0.1854922864,-0.03845547378,0.07273467289,0.04634596226,1.016126692,0.0005148915641,-7.191173596,-0.04634596226,-0.0005148915641,-7.165299777,-7.165299777,0.02593281926,-0.32243849,-4.314320966e-06,-6.902913545e-05,2.49271878e-05,-4.554005464e-05,-0.32243849,-0.0001078580241,-4.314320966e-06,-6.902913545e-05,2.49271878e-05,-4.554005464e-05,-0.32243849,-0.0001078580241,0,0,0,0,0,0
7.85,1,1,5.03337446e-05,3.81098352e-05,-1.989381334e-05,5.129248259e-05,-0.0161264524,-3.83495197e-05,0,0,0,0,0,0,-0.01647557292,-0.005931392243,0.004518777477,0.0003491205205,0.004423627006,0.04513389782,12.64573506,0,-0.1854895544,-0.04513389782,-0.06247281281,0.05594001514,1.016126452,0.000603727395,-8.440038893,-0.05594001514,-0.000603727395,-8.559055448,-8.559055448,0.02590781898,-0.3851574952,-4.314320966e-06,-7.046724244e-05,2.732403278e-05,-4.841626862e-05,-0.3851574952,-0.0001078580241,-4.314320966e-06,-7.046724244e-05,2.732403278e-05,-4.841626862e-05,-0.3851574952,-0.0001078580241,0,0,0,0,0,0
7.86,1,1,4.961469111e-05,3.78701507e-05,-1.941444435e-05,5.10527981e-05,-0.01612908893,-3.76304662e-05,0,0,0,0,0,0,-0.01653466064,-0.005886123368,0.004534976709,0.0004055717041,0.005140719608,0.05144204701,12.64611008,0,-0.1855196064,-0.05144204701,-0.1663269032,0.06501010606,1.016129089,0.0006874548809,-9.619662792,-0.06501010606,-0.0006874548809,-9.851687256,-9.851687256,0.02588314503,-0.4433259265,-2.876213977e-06,-6.998787345e-05,2.636529479e-05,-4.793689962e-05,-0.4433259265,-0.0001092961311,-2.876213977e-06,-6.998787345e-05,2.636529479e-05,-4.793689962e-05,-0.4433259265,-0.0001092961311,0,0,0,0,0,0
7.87,1,1,4.985437561e-05,3.715109721e-05,-1.893507535e-05,4.985437561e-05,-0.01613316357,-3.83495197e-05,0,0,0,0,0,0,-0.01659329485,-0.005840693123,0.004551051612,0.000460131284,0.005834370057,0.05754104401,12.64668979,0,-0.1855660502,-0.05754104401,-0.2472085624,0.07378546824,1.016133164,0.0007682424583,-10.76017523,-0.07378546824,-0.0007682424583,-11.0819375,-11.0819375,0.02585882289,-0.4986871876,-3.355582973e-06,-6.854976646e-05,2.54065568e-05,-4.554005464e-05,-0.4986871876,-0.0001078580241,-3.355582973e-06,-6.854976646e-05,2.54065568e-05,-4.554005464e-05,-0.4986871876,-0.0001078580241,0,0,0,0,0,0
7.88,1,1,5.10527981e-05,3.667172821e-05,-1.797633736e-05,4.889563761e-05,-0.01614946211,-3.83495197e-05,0,0,0,0,-0.002094395102,0,-0.01665147396,-0.005795102752,0.004567001746,0.0005020118504,0.006368124361,0.06012029905,12.64901036,0,-0.1857518221,-0.06221469415,-0.2865795703,0.08055047104,1.018244954,0.0008052687886,-11.24249592,-0.08055047104,-0.0008052687886,-11.61043123,-11.61043123,0.02583478879,-0.5224694054,-5.752427955e-06,-6.759102847e-05,2.348908081e-05,-4.362257866e-05,-0.5224694054,-0.0001078580241,-5.752427955e-06,-6.759102847e-05,2.348908081e-05,-4.362257866e-05,-0.5224694054,-0.0001078580241,0,0,0,0,0,0
7.89,1,1,4.961469111e-05,3.667172821e-05,-1.701759937e-05,4.937500661e-05,-0.01619548154,-3.81098352e-05,0,0,0,0,-0.006283185307,0,-0.01670919638,-0.005749353505,0.004582826674,0.00051371484,0.006520455021,0.05720522167,12.65557744,0,-0.1862763286,-0.06348840698,-0.2563588237,0.08252012347,1.022488536,0.000771905674,-10.69737645,-0.08252012347,-0.000771905674,-11.03702731,-11.03702731,0.02581077872,-0.4966662288,-2.876213977e-06,-6.759102847e-05,2.157160483e-05,-4.458131665e-05,-0.4966662288,-0.0001083373931,-2.876213977e-06,-6.759102847e-05,2.157160483e-05,-4.458131665e-05,-0.4966662288,-0.0001083373931,0,0,0,0,0,0
7.9,1,1,4.865595312e-05,3.595267472e-05,-1.533980788e-05,4.865595312e-05,-0.01627721395,-3.76304662e-05,0,0,0,0,-0.009424777961,0,-0.01676646051,-0.005703446637,0.00459852596,0.0004892465577,0.00621484374,0.05126048359,12.66729508,0,-0.1872077783,-0.06068526156,-0.1564063983,0.07872525954,1.025724199,0.0006954213969,-9.585710432,-0.07872525954,-0.0006954213969,-9.821537511,-9.821537511,0.025786538,-0.441969188,-9.587379924e-07,-6.615292148e-05,1.821602186e-05,-4.314320966e-05,-0.441969188,-0.0001092961311,-9.587379924e-07,-6.615292148e-05,1.821602186e-05,-4.314320966e-05,-0.441969188,-0.0001092961311,0,0,0,0,0,0
7.91,1,1,4.889563761e-05,3.595267472e-05,-1.438106989e-05,4.793689962e-05,-0.01639921336,-3.906857319e-05,0,0,0,0,-0.01361356817,0,-0.01682326479,-0.005657383407,0.004614099176,0.0004240514281,0.005392232389,0.0396817673,12.68491507,0,-0.1885978953,-0.05329533546,0.007945427222,0.06840000991,1.030059114,0.0005423804453,-7.420490484,-0.06840000991,-0.0005423804453,-7.481487447,-7.481487447,0.0257618289,-0.3366669351,-1.438106989e-06,-6.615292148e-05,1.629854587e-05,-4.170510267e-05,-0.3366669351,-0.0001064199172,-1.438106989e-06,-6.615292148e-05,1.629854587e-05,-4.170510267e-05,-0.3501552371,-0.0001064199172,0,0,0,0,1,0
7.92,1,1,5.03337446e-05,3.667172821e-05,-1.510012338e-05,4.817658412e-05,-0.0165470987,-3.83495197e-05,0,0,0,0,-0.01570796327,0,-0.01687960766,-0.005611165076,0.004629545894,0.0003325089639,0.004233188761,0.02723800005,12.70648227,0,-0.1902825984,-0.04294596332,0.196757212,0.05378893793,1.032316747,0.0003735651601,-5.09350601,-0.05378893793,-0.0003735651601,-4.950911301,-4.950911301,0.02573667479,-0.2227910085,-4.314320966e-06,-6.759102847e-05,1.773665286e-05,-4.218447167e-05,-0.2227910085,-0.0001078580241,-4.314320966e-06,-6.759102847e-05,1.773665286e-05,-4.218447167e-05,-0.2501552371,-0.0001078580241,0,0,0,0,1,0
7.93,1,1,4.841626862e-05,3.643204371e-05,-1.533980788e-05,4.817658412e-05,-0.01670505078,-3.85892042e-05,0,0,0,0,-0.01256637061,0,-0.01693548758,-0.005564792912,0.004644865691,0.0002304367973,0.002937366099,0.01885722987,12.72977113,0,-0.1920815301,-0.03142360049,0.3710080333,0.03739199817,1.0293109,0.0002568659507,-3.526301986,-0.03739199817,-0.0002568659507,-3.192942817,-3.192942817,0.02571120215,-0.1436824268,-4.793689962e-07,-6.711165947e-05,1.821602186e-05,-4.218447167e-05,-0.1436824268,-0.0001073786552,-4.793689962e-07,-6.711165947e-05,1.821602186e-05,-4.218447167e-05,-0.1501552371,-0.0001073786552,0,0,0,0,1,0
7.94,1,1,5.00940601e-05,3.691141271e-05,-1.677791487e-05,4.961469111e-05,-0.01681075164,-3.83495197e-05,0,0,0,0,-0.006283185307,0,-0.01699090301,-0.005518268186,0.004660058146,0.0001801513657,0.002298554349,0.01944515641,12.74550283,0,-0.193285105,-0.02572834172,0.4044240415,0.02929623095,1.023103807,0.0002614296261,-3.636244249,-0.02929623095,-0.0002614296261,-3.261377868,-3.261377868,0.02568566763,-0.1467620041,-3.83495197e-06,-6.807039746e-05,2.109223583e-05,-4.506068564e-05,-0.1467620041,-0.0001078580241,-3.83495197e-06,-6.807039746e-05,2.109223583e-05,-4.506068564e-05,-0.1467620041,-0.0001078580241,0,0,0,0,0,0
7.95,1,1,4.985437561e-05,3.73907817e-05,-1.965412884e-05,4.985437561e-05,-0.01684478684,-3.81098352e-05,0,0.001047197551,0,0,0,0,-0.01704585244,-0.005471592175,0.004675122844,0.0002010655943,0.002566747146,0.02803066779,12.75059351,0,-0.1936726057,-0.02803066779,0.285978725,0.0327275495,1.016844787,0.0003718921775,-5.241734876,-0.0327275495,-0.0003718921775,-4.988855593,-4.988855593,0.02566028749,-0.2244985017,-3.355582973e-06,-0.0001737488906,2.684466379e-05,-4.554005464e-05,-0.2244985017,-0.0001083373931,-3.355582973e-06,-0.0001737488906,2.684466379e-05,-4.554005464e-05,-0.2221069036,-0.0001083373931,0,0,0,0,1,0
7.96,1,1,4.961469111e-05,3.73907817e-05,-2.109223583e-05,5.00940601e-05,-0.01684430747,-3.76304662e-05,0,0,0,0,0,-0.001047197551,-0.01710033435,-0.005424766157,0.00469005937,0.0002560268794,0.003269414,0.0341596089,12.75052172,0,-0.193667148,-0.0341596089,0.1215827371,0.04168673423,1.016844307,0.000452762129,-6.387846865,-0.04168673423,-0.000452762129,-6.308403624,-6.308403624,0.02563515019,-0.2838781631,-2.876213977e-06,-6.902913545e-05,2.972087777e-05,-4.601942364e-05,-0.2838781631,-4.576376017e-06,-2.876213977e-06,-6.902913545e-05,2.972087777e-05,-4.601942364e-05,-0.2838781631,-4.576376017e-06,0,0,0,0,0,0
7.97,1,1,4.865595312e-05,3.691141271e-05,-2.109223583e-05,5.10527981e-05,-0.01684406779,-3.78701507e-05,0,0,0,0,0,0,-0.01715434726,-0.005377791416,0.004704867317,0.0003102794752,0.003963475212,0.04021268677,12.75048583,0,-0.1936644192,-0.04021268677,-0.01117078645,0.05053623454,1.016844068,0.0005324732057,-7.519772426,-0.05053623454,-0.0005324732057,-7.582011921,-7.582011921,0.02561025665,-0.3411905364,-9.587379924e-07,-6.807039746e-05,2.972087777e-05,-4.793689962e-05,-0.3411905364,-0.0001088167621,-9.587379924e-07,-6.807039746e-05,2.972087777e-05,-4.793689962e-05,-0.3411905364,-0.0001088167621,0,0,0,0,0,0
7.98,1,1,4.937500661e-05,3.691141271e-05,-1.989381334e-05,5.129248259e-05,-0.01684526621,-3.78701507e-05,0,0,0,0,0,0,-0.01720788969,-0.00533066924,0.004719546277,0.0003626234783,0.004633621345,0.04605472467,12.7506653,0,-0.1936780633,-0.04605472467,-0.1159671823,0.05908175489,1.016845266,0.0006092446079,-8.612233513,-0.05908175489,-0.0006092446079,-8.787891694,-8.787891694,0.02558563423,-0.3954551263,-2.396844981e-06,-6.807039746e-05,2.732403278e-05,-4.841626862e-05,-0.3954551263,-0.0001088167621,-2.396844981e-06,-6.807039746e-05,2.732403278e-05,-4.841626862e-05,-0.3954551263,-0.0001088167621,0,0,0,0,0,0
7.99,1,1,4.961469111e-05,3.691141271e-05,-1.869539085e-05,5.08131136e-05,-0.01684982022,-3.78701507e-05,0,0,0,0,-0.001047197551,0,-0.01726096016,-0.005283400922,0.004734095848,0.0004111399449,0.005255372743,0.0504220603,12.7513474,0,-0.1937299102,-0.05146925785,-0.1935866004,0.06701308356,1.017897292,0.0006677634818,-9.428925276,-0.06701308356,-0.0006677634818,-9.690192724,-9.690192724,0.02556130141,-0.4360586726,-2.876213977e-06,-6.807039746e-05,2.49271878e-05,-4.745753063e-05,-0.4360586726,-0.0001088167621,-2.876213977e-06,-6.807039746e-05,2.49271878e-05,-4.745753063e-05,-0.4360586726,-0.0001088167621,0,0,0,0,0,0
8,1,1,4.985437561e-05,3.523362122e-05,-1.677791487e-05,5.03337446e-05,-0.01687091245,-3.81098352e-05,0,0,0.001047197551,0,-0.003141592654,0,-0.01731355723,-0.005235987756,0.004748515632,0.0004426447726,0.005660568746,0.05182871707,12.75450947,0,-0.1939700384,-0.05497030972,-0.2216364714,0.07219777767,1.020014973,0.0006885998108,-9.691970092,-0.07219777767,-0.0006885998108,-9.986492941,-9.986492941,0.02553714177,-0.4493921823,-3.355582973e-06,-6.471481449e-05,-8.362751929e-05,-4.649879263e-05,-0.4493921823,-0.0001083373931,-3.355582973e-06,-6.471481449e-05,-8.362751929e-05,-4.649879263e-05,-0.4493921823,-0.0001083373931,0,0,0,0,0,0
8.01,1,1,4.889563761e-05,3.73907817e-05,-1.557949238e-05,5.03337446e-05,-0.01691645251,-3.882888869e-05,0,0,0,0,-0.006283185307,0,-0.01736567944,-0.005188431043,0.004762805232,0.0004492269311,0.005748091457,0.04938129234,12.76135276,0,-0.194488468,-0.05566447765,-0.1925392585,0.07335342276,1.023209507,0.0006595752584,-9.234301668,-0.07335342276,-0.0006595752584,-9.500853924,-9.500853924,0.02551299877,-0.4275384266,-1.438106989e-06,-6.902913545e-05,1.869539085e-05,-4.649879263e-05,-0.4275384266,-0.0001068992862,-1.438106989e-06,-6.902913545e-05,1.869539085e-05,-4.649879263e-05,-0.427927815,-0.0001068992862,0,0,0,0,1,0
8.02,1,1,4.937500661e-05,3.715109721e-05,-1.533980788e-05,5.05734291e-05,-0.01700034208,-3.81098352e-05,0,0,0,0,-0.009424777961,0,-0.01741732537,-0.005140732086,0.004776964258,0.0004169832904,0.005339843259,0.0425604037,12.77401647,0,-0.1954433664,-0.05198518167,-0.08893085694,0.06821124576,1.026447327,0.0005715272411,-7.958795493,-0.06821124576,-0.0005715272411,-8.116509123,-8.116509123,0.02548860403,-0.3652429105,-2.396844981e-06,-6.854976646e-05,1.821602186e-05,-4.697816163e-05,-0.3652429105,-0.0001083373931,-2.396844981e-06,-6.854976646e-05,1.821602186e-05,-4.697816163e-05,-0.3652429105,-0.0001083373931,0,0,0,0,0,0
8.03,1,1,5.03337446e-05,3.81098352e-05,-1.533980788e-05,5.08131136e-05,-0.01711275411,-3.81098352e-05,0,0,0,0,-0.01151917306,0,-0.01746849361,-0.005092892194,0.004790992321,0.000355739499,0.004560037143,0.033523681,12.79110334,0,-0.1967227185,-0.04504285406,0.05507322666,0.05832790632,1.0286651,0.0004516859585,-6.268928347,-0.05832790632,-0.0004516859585,-6.272634712,-6.272634712,0.02546387288,-0.2822685621,-4.314320966e-06,-7.046724244e-05,1.821602186e-05,-4.745753063e-05,-0.2822685621,-0.0001083373931,-4.314320966e-06,-7.046724244e-05,1.821602186e-05,-4.745753063e-05,-0.2848902129,-0.0001083373931,0,0,0,0,1,0
8.04,1,1,4.961469111e-05,3.78701507e-05,-1.605886137e-05,5.05734291e-05,-0.01724410122,-3.78701507e-05,0,0,0,0,-0.01256637061,0,-0.01751918275,-0.005044912678,0.004804889037,0.0002750815343,0.003529999677,0.02335578436,12.81123941,0,-0.1982172602,-0.03592215497,0.2123939475,0.04522367098,1.02984995,0.000315102844,-4.367531675,-0.04522367098,-0.000315102844,-4.200676501,-4.200676501,0.02543882334,-0.1890304425,-2.876213977e-06,-6.998787345e-05,1.965412884e-05,-4.697816163e-05,-0.1890304425,-0.0001088167621,-2.876213977e-06,-6.998787345e-05,1.965412884e-05,-4.697816163e-05,-0.1890304425,-0.0001088167621,0,0,0,0,0,0
8.05,1,1,5.00940601e-05,3.73907817e-05,-1.725728386e-05,5.03337446e-05,-0.01736394347,-3.81098352e-05,0,0,0,0,-0.009424777961,0,-0.0175693914,-0.004996794853,0.004818654024,0.0002054479376,0.00263914354,0.01862344844,12.82977317,0,-0.1995806006,-0.0280482264,0.3170113282,0.03385961299,1.026810928,0.0002495287751,-3.482584859,-0.03385961299,-0.0002495287751,-3.199682672,-3.199682672,0.02541361499,-0.1439857203,-3.83495197e-06,-6.902913545e-05,2.205097383e-05,-4.649879263e-05,-0.1439857203,-0.0001083373931,-3.83495197e-06,-6.902913545e-05,2.205097383e-05,-4.649879263e-05,-0.1439857203,-0.0001083373931,0,0,0,0,0,0
8.06,1,1,4.937500661e-05,3.715109721e-05,-1.893507535e-05,5.05734291e-05,-0.01743728692,-3.83495197e-05,0,0,0,0,-0.004188790205,0,-0.01761911819,-0.004948540038,0.004832286905,0.0001818312692,0.002337521473,0.02115845848,12.84119208,0,-0.2004148265,-0.02534724869,0.3061440729,0.03001656222,1.021630464,0.0002803627427,-3.956631736,-0.03001656222,-0.0002803627427,-3.680784588,-3.680784588,0.02538841396,-0.1656353065,-2.396844981e-06,-6.854976646e-05,2.54065568e-05,-4.697816163e-05,-0.1656353065,-0.0001078580241,-2.396844981e-06,-6.854976646e-05,2.54065568e-05,-4.697816163e-05,-0.1656353065,-0.0001078580241,0,0,0,0,0,0
8.07,1,1,4.961469111e-05,3.691141271e-05,-1.893507535e-05,5.225122059e-05,-0.01745022988,-3.83495197e-05,0,0,0,0,0,0,-0.01766836175,-0.004900149556,0.004845787307,0.0002181318668,0.002805249612,0.02937659481,12.8432132,0,-0.2005620319,-0.02937659481,0.1750774747,0.03602841885,1.01745023,0.0003856985653,-5.49342323,-0.03602841885,-0.0003856985653,-5.354759872,-5.354759872,0.02536340466,-0.2409641943,-2.876213977e-06,-6.807039746e-05,2.54065568e-05,-5.03337446e-05,-0.2409641943,-0.0001078580241,-2.876213977e-06,-6.807039746e-05,2.54065568e-05,-5.03337446e-05,-0.2409641943,-0.0001078580241,0,0,0,0,0,0
8.08,1,1,4.865595312e-05,3.691141271e-05,-1.869539085e-05,5.201153609e-05,-0.01745022988,-3.78701507e-05,0,-0.001047197551,0,0,0,0,-0.01771712073,-0.004851624734,0.004859154859,0.0002668908496,0.003433334531,0.03480811789,12.8432132,0,-0.2005620319,-0.03480811789,0.04370996031,0.04409504738,1.01745023,0.0004565641401,-6.509118045,-0.04409504738,-0.0004565641401,-6.509959697,-6.509959697,0.02533859599,-0.2929481863,-9.587379924e-07,3.664935766e-05,2.49271878e-05,-4.985437561e-05,-0.2929481863,-0.0001088167621,-9.587379924e-07,3.664935766e-05,2.49271878e-05,-4.985437561e-05,-0.2929481863,-0.0001088167621,0,0,0,0,0,0
8.09,1,1,4.985437561e-05,3.76304662e-05,-1.845570635e-05,5.177185159e-05,-0.01745022988,-3.78701507e-05,0,0,0,0,0,0,-0.0177653938,-0.004802966903,0.004872389195,0.0003151639181,0.004055532841,0.04018809507,12.8432132,0,-0.2005620319,-0.04018809507,-0.06266116177,0.05208607294,1.01745023,0.0005266192031,-7.515173777,-0.05208607294,-0.0005266192031,-7.630447631,-7.630447631,0.02531400843,-0.3433701434,-3.355582973e-06,-6.950850445e-05,2.444781881e-05,-4.937500661e-05,-0.3433701434,-0.0001088167621,-3.355582973e-06,-6.950850445e-05,2.444781881e-05,-4.937500661e-05,-0.3433701434,-0.0001088167621,0,0,0,0,0,0
8.1,1,1,4.961469111e-05,3.691141271e-05,-1.869539085e-05,5.153216709e-05,-0.01745478389,-3.78701507e-05,0,0,0,0,-0.001047197551,0,-0.01781317963,-0.004754177396,0.004885489951,0.0003583957433,0.004613327795,0.04395653798,12.84392477,0,-0.2006138256,-0.04500373553,-0.1392550992,0.05925323514,1.018502256,0.0005766362749,-8.219872602,-0.05925323514,-0.0005766362749,-8.418957572,-8.418957572,0.02528964739,-0.3788530908,-2.876213977e-06,-6.807039746e-05,2.49271878e-05,-4.889563761e-05,-0.3788530908,-0.0001088167621,-2.876213977e-06,-6.807039746e-05,2.49271878e-05,-4.889563761e-05,-0.3788530908,-0.0001088167621,0,0,0,0,0,0
8.11,1,1,5.00940601e-05,3.715109721e-05,-1.797633736e-05,5.201153609e-05,-0.01747060307,-3.78701507e-05,0,0,0,0,-0.002094395102,0,-0.01786047692,-0.00470525755,0.00489845677,0.0003898738492,0.005020471989,0.04640397274,12.84639827,0,-0.2007937374,-0.04849836784,-0.1773034522,0.06449498266,1.019566095,0.0006094310684,-8.677542902,-0.06449498266,-0.0006094310684,-8.919950768,-8.919950768,0.02526545629,-0.4013977846,-3.83495197e-06,-6.854976646e-05,2.348908081e-05,-4.985437561e-05,-0.4013977846,-0.0001088167621,-3.83495197e-06,-6.854976646e-05,2.348908081e-05,-4.985437561e-05,-0.4013977846,-0.0001088167621,0,0,0,0,0,0
8.12,1,1,4.889563761e-05,3.73907817e-05,-1.725728386e-05,5.10527981e-05,-0.017505597,-3.78701507e-05,0,0,0,0,-0.004188790205,0,-0.01790728435,-0.004656208708,0.004911289295,0.0004016873507,0.005175206865,0.0455908234,12.85187955,0,-0.2011917066,-0.0497796136,-0.1676296987,0.06651113529,1.021698774,0.0006006845876,-8.525483975,-0.06651113529,-0.0006006845876,-8.760225494,-8.760225494,0.02524130121,-0.3942101472,-1.438106989e-06,-6.902913545e-05,2.205097383e-05,-4.793689962e-05,-0.3942101472,-0.0001088167621,-1.438106989e-06,-6.902913545e-05,2.205097383e-05,-4.793689962e-05,-0.3942101472,-0.0001088167621,0,0,0,0,0,0
8.13,1,1,4.913532211e-05,3.715109721e-05,-1.653823037e-05,5.08131136e-05,-0.01755377359,-3.83495197e-05,0,0,0,0,-0.005235987756,0,-0.01795360066,-0.004607032213,0.004923987175,0.000399827077,0.005154247998,0.04428507529,12.85944738,0,-0.2017395562,-0.04952106305,-0.1316629472,0.06628078089,1.022796615,0.000584175812,-8.28130908,-0.06628078089,-0.000584175812,-8.479836983,-8.479836983,0.02521714699,-0.3815926643,-1.917475985e-06,-6.854976646e-05,2.061286684e-05,-4.745753063e-05,-0.3815926643,-0.0001078580241,-1.917475985e-06,-6.854976646e-05,2.061286684e-05,-4.745753063e-05,-0.3815926643,-0.0001078580241,0,0,0,0,0,0
8.14,1,1,4.937500661e-05,3.73907817e-05,-1.629854587e-05,5.129248259e-05,-0.01763191073,-3.81098352e-05,0,0,0,0,-0.007330382858,0,-0.01799942458,-0.004557729415,0.00493655006,0.0003675138435,0.004741329104,0.03850348702,12.87177503,0,-0.2026280107,-0.04583386988,-0.03954376867,0.06102932159,1.024975727,0.0005095838884,-7.200152073,-0.06102932159,-0.0005095838884,-7.301234747,-7.301234747,0.02519279604,-0.3285555636,-2.396844981e-06,-6.902913545e-05,2.013349784e-05,-4.841626862e-05,-0.3285555636,-0.0001083373931,-2.396844981e-06,-6.902913545e-05,2.013349784e-05,-4.841626862e-05,-0.3285555636,-0.0001083373931,0,0,0,0,0,0
8.15,1,1,4.985437561e-05,3.691141271e-05,-1.629854587e-05,5.08131136e-05,-0.01771412252,-3.78701507e-05,0,0,0,0,-0.007330382858,0,-0.01804475484,-0.004508301663,0.004948977608,0.0003306323196,0.004268898436,0.03430350988,12.88481714,0,-0.2035626648,-0.04163389274,0.04455243759,0.05500397572,1.025057939,0.0004536298559,-6.414756348,-0.05500397572,-0.0004536298559,-6.425661516,-6.425661516,0.0251682996,-0.2891547682,-3.355582973e-06,-6.807039746e-05,2.013349784e-05,-4.745753063e-05,-0.2891547682,-0.0001088167621,-3.355582973e-06,-6.807039746e-05,2.013349784e-05,-4.745753063e-05,-0.2891547682,-0.0001088167621,0,0,0,0,0,0
8.16,1,1,5.00940601e-05,3.78701507e-05,-1.701759937e-05,5.05734291e-05,-0.01778219291,-3.83495197e-05,0,0,0,0,-0.005235987756,0,-0.0180895902,-0.004458750315,0.004961269477,0.0003073972844,0.003971698904,0.03373447034,12.89567153,0,-0.2043364456,-0.0389704581,0.08420778681,0.05121772449,1.023025035,0.0004439035616,-6.308345954,-0.05121772449,-0.0004439035616,-6.275799796,-6.275799796,0.02514373572,-0.2824109908,-3.83495197e-06,-6.998787345e-05,2.157160483e-05,-4.697816163e-05,-0.2824109908,-0.0001078580241,-3.83495197e-06,-6.998787345e-05,2.157160483e-05,-4.697816163e-05,-0.2824109908,-0.0001078580241,0,0,0,0,0,0
8.17,1,1,4.961469111e-05,3.78701507e-05,-1.821602186e-05,5.273058958e-05,-0.01783444414,-3.85892042e-05,0,0,0,0,-0.004188790205,0,-0.01813392944,-0.004409076727,0.004973425331,0.0002994853003,0.003871812073,0.03384208236,12.90403773,0,-0.2049303411,-0.03803087256,0.08562019906,0.04996200907,1.022027621,0.0004440180054,-6.328469401,-0.04996200907,-0.0004440180054,-6.293255229,-6.293255229,0.02511920185,-0.2831964853,-2.876213977e-06,-6.998787345e-05,2.396844981e-05,-5.129248259e-05,-0.2831964853,-0.0001073786552,-2.876213977e-06,-6.998787345e-05,2.396844981e-05,-5.129248259e-05,-0.2831964853,-0.0001073786552,0,0,0,0,0,0
8.18,1,1,4.985437561e-05,3.691141271e-05,-1.893507535e-05,5.129248259e-05,-0.01786368564,-3.78701507e-05,0,0,0,0,-0.001047197551,0,-0.01817777133,-0.004359282263,0.004985444835,0.0003140856867,0.004062432485,0.0385761857,12.90873275,0,-0.2052626808,-0.03962338325,0.04002851022,0.05244085527,1.018911157,0.0005025596293,-7.213746726,-0.05244085527,-0.0005025596293,-7.22666163,-7.22666163,0.02509479083,-0.3251997734,-3.355582973e-06,-6.807039746e-05,2.54065568e-05,-4.841626862e-05,-0.3251997734,-0.0001088167621,-3.355582973e-06,-6.807039746e-05,2.54065568e-05,-4.841626862e-05,-0.3251997734,-0.0001088167621,0,0,0,0,0,0
8.19,1,1,5.00940601e-05,3.643204371e-05,-1.965412884e-05,5.129248259e-05,-0.01788046356,-3.882888869e-05,0,0,0,0,-0.001047197551,0,-0.01822111468,-0.004309368286,0.004997327661,0.0003406511236,0.004407701798,0.04151521647,12.91143084,0,-0.2054533598,-0.04256241402,-0.0210870709,0.05690973693,1.018927935,0.0005403434804,-7.763345479,-0.05690973693,-0.0005403434804,-7.84188263,-7.84188263,0.02507054555,-0.3528847184,-3.83495197e-06,-6.711165947e-05,2.684466379e-05,-4.841626862e-05,-0.3528847184,-0.0001068992862,-3.83495197e-06,-6.711165947e-05,2.684466379e-05,-4.841626862e-05,-0.3528847184,-0.0001068992862,0,0,0,0,0,0
8.2,1,1,5.03337446e-05,3.715109721e-05,-1.893507535e-05,5.177185159e-05,-0.01790011769,-3.78701507e-05,0,0,0,0,-0.002094395102,0,-0.0182639583,-0.004259336166,0.005009073483,0.0003638406149,0.004709607157,0.04302791636,12.91459538,0,-0.2056767193,-0.04512231146,-0.06371912374,0.06082267083,1.019995609,0.0005606662578,-8.046220359,-0.06082267083,-0.0005606662578,-8.17132282,-8.17132282,0.02504642431,-0.3677095269,-4.314320966e-06,-6.854976646e-05,2.54065568e-05,-4.937500661e-05,-0.3677095269,-0.0001088167621,-4.314320966e-06,-6.854976646e-05,2.54065568e-05,-4.937500661e-05,-0.3677095269,-0.0001088167621,0,0,0,0,0,0
8.21,1,1,5.00940601e-05,3.78701507e-05,-1.845570635e-05,5.249090509e-05,-0.01793103699,-3.83495197e-05,0,0,0,0,-0.003141592654,0,-0.01830630102,-0.004209187274,0.005020681978,0.0003752640286,0.004859720057,0.04321655339,12.9195823,0,-0.2060280863,-0.04635814605,-0.07423436191,0.06278555325,1.021075097,0.0005637747249,-8.081495484,-0.06278555325,-0.0005637747249,-8.219079174,-8.219079174,0.02502236523,-0.3698585628,-3.83495197e-06,-6.998787345e-05,2.444781881e-05,-5.08131136e-05,-0.3698585628,-0.0001078580241,-3.83495197e-06,-6.998787345e-05,2.444781881e-05,-5.08131136e-05,-0.3698585628,-0.0001078580241,0,0,0,0,0,0
8.22,1,1,4.961469111e-05,3.715109721e-05,-1.821602186e-05,5.08131136e-05,-0.01797753578,-3.882888869e-05,0,0,0,0,-0.005235987756,0,-0.01834814166,-0.004158922985,0.005032152829,0.0003706058828,0.004802076654,0.04054753059,12.92710177,0,-0.2065564624,-0.04578351834,-0.04931941241,0.06207693359,1.023220377,0.0005306702596,-7.58238822,-0.06207693359,-0.0005306702596,-7.694315236,-7.694315236,0.02499827477,-0.3462441856,-2.876213977e-06,-6.854976646e-05,2.396844981e-05,-4.745753063e-05,-0.3462441856,-0.0001068992862,-2.876213977e-06,-6.854976646e-05,2.396844981e-05,-4.745753063e-05,-0.3462441856,-0.0001068992862,0,0,0,0,0,0
8.23,1,1,4.937500661e-05,3.715109721e-05,-1.797633736e-05,5.00940601e-05,-0.01806358252,-3.76304662e-05,0,0,0,0,-0.01047197551,0,-0.0183894791,-0.004108544677,0.005043485721,0.0003258965808,0.004226168819,0.03022945641,12.9410793,0,-0.2075341151,-0.04070143193,0.05395493432,0.05469118584,1.028562974,0.0003993847561,-5.652908349,-0.05469118584,-0.0003993847561,-5.654043986,-5.654043986,0.02497392358,-0.2544319794,-2.396844981e-06,-6.854976646e-05,2.348908081e-05,-4.601942364e-05,-0.2544319794,-0.0001092961311,-2.396844981e-06,-6.854976646e-05,2.348908081e-05,-4.601942364e-05,-0.2643260955,-0.0001092961311,0,0,0,0,1,0
8.24,1,1,5.00940601e-05,3.73907817e-05,-1.773665286e-05,5.00940601e-05,-0.01815562136,-3.76304662e-05,0,0,0,0,-0.007330382858,0,-0.01843031218,-0.004058053732,0.005054680343,0.0002746908188,0.003565150388,0.02756107313,12.95612048,0,-0.208579683,-0.03489145598,0.1496566791,0.04619051798,1.025499438,0.0003616095731,-5.153920674,-0.04619051798,-0.0003616095731,-5.050816123,-5.050816123,0.02494940552,-0.2272867255,-3.83495197e-06,-6.902913545e-05,2.300971182e-05,-4.601942364e-05,-0.2272867255,-0.0001092961311,-3.83495197e-06,-6.902913545e-05,2.300971182e-05,-4.601942364e-05,-0.2272867255,-0.0001092961311,0,0,0,0,0,0
8.25,1,1,5.05734291e-05,3.81098352e-05,-1.797633736e-05,5.03337446e-05,-0.01822081555,-3.73907817e-05,0,0,0,0,-0.004188790205,0,-0.0184706398,-0.004007451532,0.005065736389,0.0002498242538,0.003244595998,0.02785642743,12.96683126,0,-0.209320189,-0.03204521764,0.1732416466,0.04207212882,1.022413992,0.0003629312313,-5.20915193,-0.04207212882,-0.0003629312313,-5.078345343,-5.078345343,0.02492485419,-0.2285255405,-4.793689962e-06,-7.046724244e-05,2.348908081e-05,-4.649879263e-05,-0.2285255405,-0.0001097755001,-4.793689962e-06,-7.046724244e-05,2.348908081e-05,-4.649879263e-05,-0.2285255405,-0.0001097755001,0,0,0,0,0,0
8.26,1,1,5.00940601e-05,3.73907817e-05,-1.797633736e-05,5.10527981e-05,-0.0182431062,-3.73907817e-05,0,0,0,0,0,0,-0.01851046085,-0.003956739467,0.005076653555,0.0002673546414,0.003473653312,0.03396522444,12.97050419,0,-0.2095733568,-0.03396522444,0.1051632977,0.04505503485,1.018243106,0.0004384873281,-6.35149697,-0.04505503485,-0.0004384873281,-6.291827195,-6.291827195,0.02490045074,-0.2831322238,-3.83495197e-06,-6.902913545e-05,2.348908081e-05,-4.793689962e-05,-0.2831322238,-0.0001097755001,-3.83495197e-06,-6.902913545e-05,2.348908081e-05,-4.793689962e-05,-0.2831322238,-0.0001097755001,0,0,0,0,0,0
8.27,1,1,5.00940601e-05,3.691141271e-05,-1.989381334e-05,5.273058958e-05,-0.01824574273,-3.906857319e-05,0,0,0,0,0,0,-0.01854977423,-0.003905918925,0.005087431542,0.0003040314937,0.003951248656,0.03803896909,12.97093899,0,-0.2096033007,-0.03803896909,0.01125881604,0.05125140525,1.018245743,0.0004906036881,-7.113287221,-0.05125140525,-0.0004906036881,-7.153770413,-7.153770413,0.02487623998,-0.3219196686,-3.83495197e-06,-6.807039746e-05,2.732403278e-05,-5.129248259e-05,-0.3219196686,-0.0001064199172,-3.83495197e-06,-6.807039746e-05,2.732403278e-05,-5.129248259e-05,-0.3219196686,-0.0001064199172,0,0,0,0,0,0
8.28,1,1,4.985437561e-05,3.73907817e-05,-2.013349784e-05,5.273058958e-05,-0.01824789989,-3.81098352e-05,0,0,0,0,0,0,-0.01858857887,-0.003854991301,0.005098070054,0.000340678973,0.004428693062,0.04211121415,12.97129479,0,-0.2096278002,-0.04211121415,-0.06514853566,0.05744588325,1.0182479,0.0005426025024,-7.874797046,-0.05744588325,-0.0005426025024,-7.997934067,-7.997934067,0.02485221795,-0.359907033,-3.355582973e-06,-6.902913545e-05,2.780340178e-05,-5.129248259e-05,-0.359907033,-0.0001083373931,-3.355582973e-06,-6.902913545e-05,2.780340178e-05,-5.129248259e-05,-0.359907033,-0.0001083373931,0,0,0,0,0,0
8.29,1,1,4.961469111e-05,3.78701507e-05,-1.989381334e-05,5.153216709e-05,-0.01825533011,-3.715109721e-05,0,0,0,0,0,0,-0.0186268737,-0.00380395799,0.0051085688,0.0003715435875,0.004831343087,0.04553421286,12.97252072,0,-0.2097121864,-0.04553421286,-0.115841865,0.0626746983,1.01825533,0.0005861529172,-8.514897804,-0.0626746983,-0.0005861529172,-8.694000521,-8.694000521,0.02482836706,-0.3912300234,-2.876213977e-06,-6.998787345e-05,2.732403278e-05,-4.889563761e-05,-0.3912300234,-0.0001102548691,-2.876213977e-06,-6.998787345e-05,2.732403278e-05,-4.889563761e-05,-0.3912300234,-0.0001102548691,0,0,0,0,0,0
8.3,1,1,4.961469111e-05,3.619235921e-05,-1.845570635e-05,5.08131136e-05,-0.01827498424,-3.83495197e-05,0,0,0,0,-0.002094395102,0,-0.01866465768,-0.003752820392,0.005118927492,0.0003896734369,0.005068967748,0.04542996075,12.97576645,0,-0.2099353963,-0.04752435585,-0.1305036159,0.06577374163,1.020370476,0.0005866811421,-8.49540266,-0.06577374163,-0.0005866811421,-8.692266699,-8.692266699,0.02480461236,-0.3911520014,-2.876213977e-06,-6.663229047e-05,2.444781881e-05,-4.745753063e-05,-0.3911520014,-0.0001078580241,-2.876213977e-06,-6.663229047e-05,2.444781881e-05,-4.745753063e-05,-0.3911520014,-0.0001078580241,0,0,0,0,0,0
8.31,1,1,5.00940601e-05,3.619235921e-05,-1.797633736e-05,5.08131136e-05,-0.01830254796,-3.83495197e-05,0,0,0,0,-0.003141592654,0,-0.01870192977,-0.003701579908,0.005129145847,0.0003993818063,0.005197428001,0.04542480778,12.9803256,0,-0.2102484211,-0.04856640044,-0.1255828802,0.06746430775,1.021446608,0.0005872907944,-8.494439055,-0.06746430775,-0.0005872907944,-8.688073534,-8.688073534,0.02478090738,-0.390963309,-3.83495197e-06,-6.663229047e-05,2.348908081e-05,-4.745753063e-05,-0.390963309,-0.0001078580241,-3.83495197e-06,-6.663229047e-05,2.348908081e-05,-4.745753063e-05,-0.390963309,-0.0001078580241,0,0,0,0,0,0
8.32,1,1,5.05734291e-05,3.643204371e-05,-1.677791487e-05,5.10527981e-05,-0.01833993874,-3.715109721e-05,0,0,0,0,-0.004188790205,0.001047197551,-0.01873868894,-0.003650237944,0.005139223583,0.0003987501978,0.005191691882,0.04425513725,12.98652368,0,-0.2106730211,-0.04844392746,-0.0994240423,0.06742202958,1.022533115,0.0005728380486,-8.275710666,-0.06742202958,-0.0005728380486,-8.443129576,-8.443129576,0.02475721345,-0.3799408309,-4.793689962e-06,-6.711165947e-05,2.109223583e-05,-4.793689962e-05,-0.3799408309,-0.0002149746242,-4.793689962e-06,-6.711165947e-05,2.109223583e-05,-4.793689962e-05,-0.3799408309,-0.0002149746242,0,0,0,0,0,0
8.33,1,1,5.05734291e-05,3.691141271e-05,-1.653823037e-05,5.08131136e-05,-0.01839650428,-3.78701507e-05,0,0,0,0,-0.005235987756,0,-0.01877493419,-0.003598795906,0.005149160424,0.0003784299083,0.004930079074,0.04086831876,12.99592981,0,-0.2113153099,-0.04610430652,-0.03792625861,0.0640709616,1.023639346,0.0005296345903,-7.642375608,-0.0640709616,-0.0005296345903,-7.744902463,-7.744902463,0.02473339471,-0.3485206108,-4.793689962e-06,-6.807039746e-05,2.061286684e-05,-4.745753063e-05,-0.3485206108,-0.0001088167621,-4.793689962e-06,-6.807039746e-05,2.061286684e-05,-4.745753063e-05,-0.3485206108,-0.0001088167621,0,0,0,0,0,0
8.34,1,1,4.985437561e-05,3.667172821e-05,-1.749696836e-05,5.153216709e-05,-0.01844563961,-3.76304662e-05,0,0,0,0,-0.004188790205,0,-0.01881066453,-0.003547255206,0.005158956099,0.0003650249234,0.004758057945,0.04035479441,13.0041293,0,-0.2118731766,-0.04454358461,-0.002749055181,0.06187440074,1.022638816,0.0005214543653,-7.546346554,-0.06187440074,-0.0005214543653,-7.611491464,-7.611491464,0.02470954126,-0.3425171159,-3.355582973e-06,-6.759102847e-05,2.253034282e-05,-4.889563761e-05,-0.3425171159,-0.0001092961311,-3.355582973e-06,-6.759102847e-05,2.253034282e-05,-4.889563761e-05,-0.3425171159,-0.0001092961311,0,0,0,0,0,0
8.35,1,1,4.961469111e-05,3.691141271e-05,-1.773665286e-05,5.177185159e-05,-0.01848374944,-3.715109721e-05,0,0,0,0,-0.002094395102,0,-0.01884587897,-0.003495617255,0.005168610338,0.000362129531,0.004722565509,0.04207158318,13.01050745,0,-0.212305829,-0.04416597828,0.003978934526,0.06144297374,1.020579241,0.0005409285874,-7.867386054,-0.06144297374,-0.0005409285874,-7.925391022,-7.925391022,0.02468572029,-0.356642596,-2.876213977e-06,-6.807039746e-05,2.300971182e-05,-4.937500661e-05,-0.356642596,-0.0001102548691,-2.876213977e-06,-6.807039746e-05,2.300971182e-05,-4.937500661e-05,-0.356642596,-0.0001102548691,0,0,0,0,0,0
8.36,1,1,4.985437561e-05,3.667172821e-05,-1.821602186e-05,5.10527981e-05,-0.0185122719,-3.81098352e-05,0,0,0,0,-0.002094395102,0,-0.01888057655,-0.003443883471,0.005178122878,0.0003683046586,0.004805073351,0.04271496894,13.01529165,0,-0.2126296183,-0.04480936405,-0.008595141537,0.06253943106,1.020607764,0.0005487029988,-7.987699193,-0.06253943106,-0.0005487029988,-8.059382468,-8.059382468,0.02466196863,-0.3626722111,-3.355582973e-06,-6.759102847e-05,2.396844981e-05,-4.793689962e-05,-0.3626722111,-0.0001083373931,-3.355582973e-06,-6.759102847e-05,2.396844981e-05,-4.793689962e-05,-0.3626722111,-0.0001083373931,0,0,0,0,0,0
8.37,1,1,4.937500661e-05,3.73907817e-05,-1.917475985e-05,5.177185159e-05,-0.0185369594,-3.83495197e-05,0,0,0,0,-0.002094395102,0,-0.01891475633,-0.003392055271,0.005187493456,0.0003777969271,0.004930806944,0.04373179035,13.01943994,0,-0.2129098593,-0.04582618545,-0.02566926304,0.06419634484,1.020632451,0.0005612525981,-8.177844796,-0.06419634484,-0.0005612525981,-8.268271656,-8.268271656,0.02463829674,-0.3720722245,-2.396844981e-06,-6.902913545e-05,2.58859258e-05,-4.937500661e-05,-0.3720722245,-0.0001078580241,-2.396844981e-06,-6.902913545e-05,2.58859258e-05,-4.937500661e-05,-0.3720722245,-0.0001078580241,0,0,0,0,0,0
8.38,1,1,5.00940601e-05,3.691141271e-05,-1.893507535e-05,5.177185159e-05,-0.01856596122,-3.882888869e-05,0,0,0,0,-0.002094395102,0,-0.01894841735,-0.003340134076,0.005196721817,0.0003824561265,0.004993659716,0.04420443469,13.02432188,0,-0.2132390582,-0.04629882979,-0.02939313913,0.0650390315,1.020661453,0.0005668065498,-8.266229287,-0.0650390315,-0.0005668065498,-8.361228264,-8.361228264,0.02461466631,-0.3762552719,-3.83495197e-06,-6.807039746e-05,2.54065568e-05,-4.937500661e-05,-0.3762552719,-0.0001068992862,-3.83495197e-06,-6.807039746e-05,2.54065568e-05,-4.937500661e-05,-0.3762552719,-0.0001068992862,0,0,0,0,0,0
8.39,1,1,5.08131136e-05,3.667172821e-05,-1.893507535e-05,5.177185159e-05,-0.01859807895,-3.76304662e-05,0,0,0,0,-0.002094395102,0,-0.0189815587,-0.00328812131,0.005205807707,0.0003834797564,0.00500916276,0.04426763977,13.02973932,0,-0.2136036052,-0.04636203487,-0.02528546644,0.06526808498,1.020693571,0.0005671080378,-8.278048637,-0.06526808498,-0.0005671080378,-8.369169297,-8.369169297,0.02459104837,-0.3766126183,-5.273058958e-06,-6.759102847e-05,2.54065568e-05,-4.937500661e-05,-0.3766126183,-0.0001092961311,-5.273058958e-06,-6.759102847e-05,2.54065568e-05,-4.937500661e-05,-0.3766126183,-0.0001092961311,0,0,0,0,0,0
8.4,1,1,5.03337446e-05,3.571299022e-05,-1.869539085e-05,5.10527981e-05,-0.01863235383,-3.76304662e-05,0,0,0,0,-0.004188790205,0,-0.01901417948,-0.003236018398,0.005214750877,0.0003818256462,0.004989742369,0.04193484157,13.03553338,0,-0.2139926129,-0.04612363178,-0.01581439986,0.06504395321,1.022825531,0.0005389519619,-7.841815374,-0.06504395321,-0.0005389519619,-7.923212679,-7.923212679,0.02456745228,-0.3565445705,-4.314320966e-06,-6.567355248e-05,2.49271878e-05,-4.793689962e-05,-0.3565445705,-0.0001092961311,-4.314320966e-06,-6.567355248e-05,2.49271878e-05,-4.793689962e-05,-0.3565590251,-0.0001092961311,0,0,0,0,1,0
8.41,1,1,4.937500661e-05,3.619235921e-05,-1.749696836e-05,5.10527981e-05,-0.01867813357,-3.85892042e-05,0,0,0,0,-0.004188790205,0,-0.01904627877,-0.003183826769,0.005223551082,0.0003681452062,0.004813423114,0.04034232515,13.04329287,0,-0.2145121582,-0.04453111536,0.01645346146,0.06278288741,1.02287131,0.000518031754,-7.544014803,-0.06278288741,-0.000518031754,-7.590862261,-7.590862261,0.02454378465,-0.3415888017,-2.396844981e-06,-6.663229047e-05,2.253034282e-05,-4.793689962e-05,-0.3415888017,-0.0001073786552,-2.396844981e-06,-6.663229047e-05,2.253034282e-05,-4.793689962e-05,-0.3415888017,-0.0001073786552,0,0,0,0,0,0
8.42,1,1,5.03337446e-05,3.691141271e-05,-1.701759937e-05,5.08131136e-05,-0.01873302132,-3.85892042e-05,0,0,0,0,-0.005235987756,0,-0.01907785572,-0.003131547853,0.005232208081,0.0003448344014,0.004511201729,0.03661885075,13.0526272,0,-0.2151350107,-0.04185483851,0.0625542954,0.05888303441,1.023975863,0.0004707788476,-6.847725091,-0.05888303441,-0.0004707788476,-6.844524609,-6.844524609,0.02452000764,-0.3080036074,-4.314320966e-06,-6.807039746e-05,2.157160483e-05,-4.745753063e-05,-0.3080036074,-0.0001073786552,-4.314320966e-06,-6.807039746e-05,2.157160483e-05,-4.745753063e-05,-0.3080036074,-0.0001073786552,0,0,0,0,0,0
8.43,1,1,5.03337446e-05,3.619235921e-05,-1.701759937e-05,5.10527981e-05,-0.01878886781,-3.76304662e-05,0,0,0,0,-0.005235987756,0,-0.01910890945,-0.003079183085,0.005240721636,0.000320041639,0.004189254395,0.0337765184,13.06215941,0,-0.2157686778,-0.03901250616,0.10333013,0.05472070873,1.024031709,0.0004338623363,-6.316208941,-0.05472070873,-0.0004338623363,-6.268033382,-6.268033382,0.02449615288,-0.2820615022,-4.314320966e-06,-6.663229047e-05,2.157160483e-05,-4.793689962e-05,-0.2820615022,-0.0001092961311,-4.314320966e-06,-6.663229047e-05,2.157160483e-05,-4.793689962e-05,-0.2820615022,-0.0001092961311,0,0,0,0,0,0
8.44,1,1,5.00940601e-05,3.73907817e-05,-1.701759937e-05,5.201153609e-05,-0.01884399524,-3.81098352e-05,0,0,0,0,-0.004188790205,0,-0.0191394391,-0.0030267339,0.005249091515,0.0002954438591,0.003869464065,0.03200410789,13.07160341,0,-0.2163941215,-0.0361928981,0.1358444245,0.05058009966,1.023037172,0.0004098967028,-5.984768176,-0.05058009966,-0.0004098967028,-5.899913748,-5.899913748,0.02447222102,-0.2654961186,-3.83495197e-06,-6.902913545e-05,2.157160483e-05,-4.985437561e-05,-0.2654961186,-0.0001083373931,-3.83495197e-06,-6.902913545e-05,2.157160483e-05,-4.985437561e-05,-0.2654961186,-0.0001083373931,0,0,0,0,0,0
8.45,1,1,5.05734291e-05,3.78701507e-05,-1.821602186e-05,5.153216709e-05,-0.0188833035,-3.83495197e-05,0,0,0,0,-0.002094395102,0,-0.01916944385,-0.002974201735,0.005257317486,0.0002861403481,0.003749334619,0.03299953339,13.07835837,0,-0.2168400509,-0.0350939285,0.1303796342,0.0490351418,1.020978795,0.0004205352351,-6.170912745,-0.0490351418,-0.0004205352351,-6.089988788,-6.089988788,0.02444830294,-0.2740494954,-4.793689962e-06,-6.998787345e-05,2.396844981e-05,-4.889563761e-05,-0.2740494954,-0.0001078580241,-4.793689962e-06,-6.998787345e-05,2.396844981e-05,-4.889563761e-05,-0.2740494954,-0.0001078580241,0,0,0,0,0,0
8.46,1,1,4.889563761e-05,3.76304662e-05,-1.893507535e-05,5.177185159e-05,-0.01890559416,-3.81098352e-05,0.001047197551,0,0,0,-0.001047197551,0,-0.01919892286,-0.00292158803,0.005265399326,0.000293328706,0.00384484513,0.03480248122,13.0821967,0,-0.217092911,-0.03584967877,0.09201487779,0.05029902027,1.019953066,0.0004421888514,-6.508063988,-0.05029902027,-0.0004421888514,-6.46679032,-6.46679032,0.02442445545,-0.2910055644,-0.0001061578621,-6.950850445e-05,2.54065568e-05,-4.937500661e-05,-0.2910055644,-0.0001083373931,-0.0001061578621,-6.950850445e-05,2.54065568e-05,-4.937500661e-05,-0.2910055644,-0.0001083373931,0,0,0,0,0,0
8.47,1,1,4.985437561e-05,3.81098352e-05,-1.893507535e-05,5.129248259e-05,-0.01891446248,-3.83495197e-05,0,0,0,0,0,0,-0.01922787534,-0.002868894229,0.005273336812,0.000313412857,0.004109134457,0.03805609682,13.08372534,0,-0.2171935083,-0.03805609682,0.03471452753,0.05376278663,1.018914462,0.000482075401,-7.116490106,-0.05376278663,-0.000482075401,-7.136020441,-7.136020441,0.02440075007,-0.3211209198,-3.355582973e-06,-7.046724244e-05,2.54065568e-05,-4.841626862e-05,-0.3211209198,-0.0001078580241,-3.355582973e-06,-7.046724244e-05,2.54065568e-05,-4.841626862e-05,-0.3211209198,-0.0001078580241,0,0,0,0,0,0
8.48,1,1,5.129248259e-05,3.715109721e-05,-1.917475985e-05,5.10527981e-05,-0.01892069428,-3.83495197e-05,0,0,0,0,0,0,-0.01925630049,-0.002816121776,0.005281129727,0.000335606205,0.004401125881,0.04050037564,13.08480006,0,-0.2172641973,-0.04050037564,-0.01632709029,0.05758785218,1.018920694,0.0005125483178,-7.573570244,-0.05758785218,-0.0005125483178,-7.647997735,-7.647997735,0.02437715824,-0.3441598981,-6.231796951e-06,-6.854976646e-05,2.58859258e-05,-4.793689962e-05,-0.3441598981,-0.0001078580241,-6.231796951e-06,-6.854976646e-05,2.58859258e-05,-4.793689962e-05,-0.3441598981,-0.0001078580241,0,0,0,0,0,0
8.49,1,1,5.201153609e-05,3.715109721e-05,-1.917475985e-05,5.177185159e-05,-0.0189281245,-3.76304662e-05,0,0,0,0,0,0,-0.01928419752,-0.002763272117,0.005288777857,0.0003560730188,0.004670626766,0.04275094709,13.08608202,0,-0.2173484792,-0.04275094709,-0.05435807367,0.06112020495,1.018928125,0.0005405168865,-7.994427107,-0.06112020495,-0.0005405168865,-8.110445902,-8.110445902,0.02435368488,-0.3649700656,-7.669903939e-06,-6.854976646e-05,2.58859258e-05,-4.937500661e-05,-0.3649700656,-0.0001092961311,-7.669903939e-06,-6.854976646e-05,2.58859258e-05,-4.937500661e-05,-0.3640902898,-0.0001092961311,0,0,0,0,1,0
8.5,1,1,5.03337446e-05,3.715109721e-05,-1.869539085e-05,5.129248259e-05,-0.01894178652,-3.715109721e-05,0,0,0,0,-0.001047197551,0,-0.01931156568,-0.002710346702,0.005296280992,0.000369779159,0.004851738049,0.04319367952,13.08844082,0,-0.2175034462,-0.04424087708,-0.0713082053,0.06350168633,1.019989258,0.0005467268568,-8.077218071,-0.06350168633,-0.0005467268568,-8.212574689,-8.212574689,0.02433029119,-0.369565861,-4.314320966e-06,-6.854976646e-05,2.49271878e-05,-4.841626862e-05,-0.369565861,-0.0001102548691,-4.314320966e-06,-6.854976646e-05,2.49271878e-05,-4.841626862e-05,-0.369565861,-0.0001102548691,0,0,0,0,0,0
8.51,1,1,5.00940601e-05,3.715109721e-05,-1.773665286e-05,5.05734291e-05,-0.01896455654,-3.76304662e-05,0,0,0,0,-0.001047197551,0,-0.01933840421,-0.002657346982,0.005303638928,0.0003738476614,0.004906742518,0.04359863944,13.09237685,0,-0.2177617158,-0.04464583699,-0.06557393832,0.06424092217,1.020012028,0.0005513471769,-8.152945575,-0.06424092217,-0.0005513471769,-8.283311782,-8.283311782,0.02430692176,-0.3727490302,-3.83495197e-06,-6.854976646e-05,2.300971182e-05,-4.697816163e-05,-0.3727490302,-0.0001092961311,-3.83495197e-06,-6.854976646e-05,2.300971182e-05,-4.697816163e-05,-0.3727490302,-0.0001092961311,0,0,0,0,0,0
8.52,1,1,5.05734291e-05,3.667172821e-05,-1.701759937e-05,5.05734291e-05,-0.01900050922,-3.76304662e-05,0,0,0,0,-0.004188790205,0,-0.01936471237,-0.002604274408,0.005310851461,0.0003642031538,0.004782144831,0.03931806231,13.09860363,0,-0.2181694873,-0.04350685251,-0.03210905015,0.06263941966,1.023193686,0.0004998402979,-7.352477652,-0.06263941966,-0.0004998402979,-7.447725962,-7.447725962,0.02428351042,-0.3351476683,-4.793689962e-06,-6.759102847e-05,2.157160483e-05,-4.697816163e-05,-0.3351476683,-0.0001092961311,-4.793689962e-06,-6.759102847e-05,2.157160483e-05,-4.697816163e-05,-0.3361002765,-0.0001092961311,0,0,0,0,1,0
8.53,1,1,5.05734291e-05,3.715109721e-05,-1.701759937e-05,5.08131136e-05,-0.01905204139,-3.73907817e-05,0,0,0,0,-0.005235987756,0,-0.01939048946,-0.002551130438,0.005317918395,0.0003384480698,0.004446265108,0.03531869186,13.10755431,0,-0.2187539118,-0.04055467962,0.0282448364,0.05827966139,1.024294883,0.0004495282896,-6.604595378,-0.05827966139,-0.0004495282896,-6.635079732,-6.635079732,0.02425996373,-0.2985785879,-4.793689962e-06,-6.854976646e-05,2.157160483e-05,-4.745753063e-05,-0.2985785879,-0.0001097755001,-4.793689962e-06,-6.854976646e-05,2.157160483e-05,-4.745753063e-05,-0.2985785879,-0.0001097755001,0,0,0,0,0,0
8.54,1,1,4.913532211e-05,3.715109721e-05,-1.773665286e-05,5.129248259e-05,-0.0190951846,-3.78701507e-05,0,0,0,0,-0.002094395102,0,-0.01941573475,-0.002497916526,0.005324839535,0.0003205501526,0.004213064905,0.03639299009,13.11507116,0,-0.2192431539,-0.0384873852,0.05990841196,0.05525464604,1.021190676,0.0004599507325,-6.805489148,-0.05525464604,-0.0004599507325,-6.801295333,-6.801295333,0.02423637677,-0.30605829,-1.917475985e-06,-6.854976646e-05,2.300971182e-05,-4.841626862e-05,-0.30605829,-0.0001088167621,-1.917475985e-06,-6.854976646e-05,2.300971182e-05,-4.841626862e-05,-0.30605829,-0.0001088167621,0,0,0,0,0,0
8.55,1,1,5.05734291e-05,3.715109721e-05,-1.773665286e-05,5.129248259e-05,-0.0191136403,-3.83495197e-05,0,0,0,0,-0.001047197551,0,-0.01944044756,-0.002444634134,0.005331614692,0.000326807256,0.004296548648,0.03809081572,13.11829318,0,-0.2194524286,-0.03913801327,0.03683438838,0.05636338485,1.020161112,0.0004799725618,-7.12298254,-0.05636338485,-0.0004799725618,-7.142991509,-7.142991509,0.02421288433,-0.3214346179,-4.793689962e-06,-6.854976646e-05,2.300971182e-05,-4.841626862e-05,-0.3214346179,-0.0001078580241,-4.793689962e-06,-6.854976646e-05,2.300971182e-05,-4.841626862e-05,-0.3214346179,-0.0001078580241,0,0,0,0,0,0
8.56,1,1,5.08131136e-05,3.73907817e-05,-1.893507535e-05,5.05734291e-05,-0.01912490547,-3.73907817e-05,0,0,0,0,0,0,-0.01946462721,-0.00239128472,0.00533824368,0.0003397217341,0.004467400847,0.04053781713,13.12026178,0,-0.2195801641,-0.04053781713,0.004212437936,0.05861346861,1.019124905,0.0005092766043,-7.580571804,-0.05861346861,-0.0005092766043,-7.635482111,-7.635482111,0.02418948557,-0.343596695,-5.273058958e-06,-6.902913545e-05,2.54065568e-05,-4.697816163e-05,-0.343596695,-0.0001097755001,-5.273058958e-06,-6.902913545e-05,2.54065568e-05,-4.697816163e-05,-0.343596695,-0.0001097755001,0,0,0,0,0,0
8.57,1,1,5.00940601e-05,3.76304662e-05,-1.965412884e-05,5.177185159e-05,-0.0191337738,-3.73907817e-05,0,0,0,0,-0.001047197551,0,-0.01948827303,-0.002337869748,0.005344726318,0.0003544992341,0.004662748564,0.04110030122,13.12181255,0,-0.2196807199,-0.04214749878,-0.02604768035,0.06118371263,1.020181246,0.0005169155727,-7.685756329,-0.06118371263,-0.0005169155727,-7.773504638,-7.773504638,0.02416618435,-0.3498077087,-3.83495197e-06,-6.950850445e-05,2.684466379e-05,-4.937500661e-05,-0.3498077087,-0.0001097755001,-3.83495197e-06,-6.950850445e-05,2.684466379e-05,-4.937500661e-05,-0.3498077087,-0.0001097755001,0,0,0,0,0,0
8.58,1,1,4.937500661e-05,3.73907817e-05,-1.989381334e-05,5.225122059e-05,-0.01914527866,-3.76304662e-05,0,0,0,0,-0.001047197551,0,-0.01951138439,-0.002284390682,0.005351062427,0.0003661057331,0.004816532858,0.04235324013,13.1238257,0,-0.2198111682,-0.04340043768,-0.04408080852,0.06321133769,1.02019275,0.0005321734902,-7.920055905,-0.06321133769,-0.0005321734902,-8.027880225,-8.027880225,0.02414295213,-0.3612546101,-2.396844981e-06,-6.902913545e-05,2.732403278e-05,-5.03337446e-05,-0.3612546101,-0.0001092961311,-2.396844981e-06,-6.902913545e-05,2.732403278e-05,-5.03337446e-05,-0.3612546101,-0.0001092961311,0,0,0,0,0,0
8.59,1,1,4.937500661e-05,3.691141271e-05,-1.917475985e-05,5.225122059e-05,-0.01916277562,-3.715109721e-05,0,0,0,0,-0.001047197551,0,-0.01953396064,-0.002230848988,0.005357251834,0.0003711850147,0.004884675548,0.04287140312,13.12689025,0,-0.2200095529,-0.04391860067,-0.04562450406,0.06412059984,1.020210247,0.0005381851054,-8.016952383,-0.06412059984,-0.0005381851054,-8.127235672,-8.127235672,0.02411975545,-0.3657256052,-2.396844981e-06,-6.807039746e-05,2.58859258e-05,-5.03337446e-05,-0.3657256052,-0.0001102548691,-2.396844981e-06,-6.807039746e-05,2.58859258e-05,-5.03337446e-05,-0.3657256052,-0.0001102548691,0,0,0,0,0,0
8.6,1,1,5.00940601e-05,3.715109721e-05,-1.773665286e-05,5.153216709e-05,-0.01918099165,-3.76304662e-05,0,0,0,0,-0.002094395102,0,-0.01955600116,-0.002177246135,0.00536329437,0.0003750095188,0.004936345088,0.04220106192,13.13008447,0,-0.2202160834,-0.04429545703,-0.04387561288,0.06481462797,1.021276483,0.0005303681686,-7.89159858,-0.06481462797,-0.0005303681686,-8.000819189,-8.000819189,0.02409659321,-0.3600368635,-3.83495197e-06,-6.854976646e-05,2.300971182e-05,-4.889563761e-05,-0.3600368635,-0.0001092961311,-3.83495197e-06,-6.854976646e-05,2.300971182e-05,-4.889563761e-05,-0.3600368635,-0.0001092961311,0,0,0,0,0,0
8.61,1,1,5.05734291e-05,3.73907817e-05,-1.821602186e-05,5.129248259e-05,-0.01921167126,-3.78701507e-05,0,0,0,0,-0.003141592654,0,-0.01957750536,-0.002123583591,0.005369189867,0.0003658341008,0.004817262329,0.04006704399,13.13547278,0,-0.2205639081,-0.04320863664,-0.01544268309,0.0632770182,1.022355731,0.0005041278702,-7.492537226,-0.0632770182,-0.0005041278702,-7.571761055,-7.571761055,0.0240733988,-0.3407292475,-4.793689962e-06,-6.902913545e-05,2.396844981e-05,-4.841626862e-05,-0.3407292475,-0.0001088167621,-4.793689962e-06,-6.902913545e-05,2.396844981e-05,-4.841626862e-05,-0.3407292475,-0.0001088167621,0,0,0,0,0,0
8.62,1,1,5.00940601e-05,3.667172821e-05,-1.773665286e-05,5.129248259e-05,-0.01924786362,-3.78701507e-05,0,0,0,0,-0.003141592654,0,-0.01959847264,-0.002069862828,0.005374938166,0.0003506090216,0.004618562738,0.03829933641,13.14184317,0,-0.2209742065,-0.04144092906,0.0197691033,0.06069642715,1.022391924,0.0004814549424,-7.161975909,-0.06069642715,-0.0004814549424,-7.203384687,-7.203384687,0.02405013554,-0.3241523109,-3.83495197e-06,-6.759102847e-05,2.300971182e-05,-4.841626862e-05,-0.3241523109,-0.0001088167621,-3.83495197e-06,-6.759102847e-05,2.300971182e-05,-4.841626862e-05,-0.3241523109,-0.0001088167621,0,0,0,0,0,0
8.63,1,1,4.985437561e-05,3.715109721e-05,-1.773665286e-05,4.961469111e-05,-0.01928309724,-3.73907817e-05,0,0,0,-0.001047197551,-0.003141592654,0,-0.01961890243,-0.002016085319,0.005380539109,0.0003358051877,0.004425217951,0.03657931967,13.14805923,0,-0.221373609,-0.03972091233,0.04787131577,0.05818302771,1.022427157,0.0004594190443,-6.840332779,-0.05818302771,-0.0004594190443,-6.85110391,-6.85110391,0.02402682833,-0.3082996759,-3.355582973e-06,-6.854976646e-05,2.300971182e-05,5.965906948e-05,-0.3082996759,-0.0001097755001,-3.355582973e-06,-6.854976646e-05,2.300971182e-05,5.965906948e-05,-0.3082996759,-0.0001097755001,0,0,0,0,0,0
8.64,1,1,4.961469111e-05,3.73907817e-05,-1.797633736e-05,5.10527981e-05,-0.01932144676,-3.73907817e-05,0,0,0,0,-0.002094395102,0,-0.01963879416,-0.001962252538,0.005385992541,0.0003173474028,0.004183632375,0.03549567088,13.1548412,0,-0.2218083023,-0.03759006598,0.07778666152,0.05503501956,1.021416938,0.0004444957463,-6.637690455,-0.05503501956,-0.0004444957463,-6.615383309,-6.615383309,0.02400346079,-0.2976922489,-2.876213977e-06,-6.902913545e-05,2.348908081e-05,-4.793689962e-05,-0.2976922489,-0.0001097755001,-2.876213977e-06,-6.902913545e-05,2.348908081e-05,-4.793689962e-05,-0.2976922489,-0.0001097755001,0,0,0,0,0,0
8.65,1,1,4.961469111e-05,3.715109721e-05,-1.845570635e-05,5.129248259e-05,-0.0193502089,-3.691141271e-05,0,0,0,0,-0.002094395102,0,-0.0196581473,-0.00190836596,0.005391298313,0.0003079383997,0.004060917735,0.03438313474,13.15993878,0,-0.2221343014,-0.03647752985,0.08354018244,0.05344142878,1.021445701,0.0004301689568,-6.429646197,-0.05344142878,-0.0004301689568,-6.399977612,-6.399977612,0.02398008447,-0.2879989926,-2.876213977e-06,-6.854976646e-05,2.444781881e-05,-4.841626862e-05,-0.2879989926,-0.0001107342381,-2.876213977e-06,-6.854976646e-05,2.444781881e-05,-4.841626862e-05,-0.2879989926,-0.0001107342381,0,0,0,0,0,0
8.66,1,1,4.913532211e-05,3.667172821e-05,-1.869539085e-05,5.153216709e-05,-0.01936506934,-3.83495197e-05,0,0,0,0,-0.001047197551,0,-0.01967696131,-0.001854427064,0.00539645628,0.0003118919689,0.004113996976,0.0358209986,13.16257626,0,-0.2223027272,-0.03686819616,0.06071329583,0.05415079892,1.020412541,0.0004468171117,-6.698526739,-0.05415079892,-0.0004468171117,-6.692411059,-6.692411059,0.02395677247,-0.3011584977,-1.917475985e-06,-6.759102847e-05,2.49271878e-05,-4.889563761e-05,-0.3011584977,-0.0001078580241,-1.917475985e-06,-6.759102847e-05,2.49271878e-05,-4.889563761e-05,-0.3011584977,-0.0001078580241,0,0,0,0,0,0
8.67,1,1,4.961469111e-05,3.643204371e-05,-1.869539085e-05,5.177185159e-05,-0.01937130114,-3.78701507e-05,0,0,0,0,-0.001047197551,0,-0.01969523567,-0.001800437328,0.005401466301,0.0003239345357,0.004273557346,0.03712171787,13.16368305,0,-0.222373356,-0.03816891542,0.0255543461,0.05625575441,1.020418773,0.0004625983969,-6.941761241,-0.05625575441,-0.0004625983969,-6.972925248,-6.972925248,0.02393354575,-0.3137816362,-2.876213977e-06,-6.711165947e-05,2.49271878e-05,-4.937500661e-05,-0.3137816362,-0.0001088167621,-2.876213977e-06,-6.711165947e-05,2.49271878e-05,-4.937500661e-05,-0.3137816362,-0.0001088167621,0,0,0,0,0,0
8.68,1,1,4.961469111e-05,3.691141271e-05,-1.869539085e-05,5.201153609e-05,-0.01937873136,-3.81098352e-05,0,0,0,0,0,0,-0.01971296989,-0.001746398232,0.005406328237,0.0003342385346,0.004410250807,0.03927414881,13.16500328,0,-0.2224575661,-0.03927414881,0.0005333347408,0.05806096634,1.019378731,0.0004879514818,-7.344265828,-0.05806096634,-0.0004879514818,-7.402281411,-7.402281411,0.02391039459,-0.3331026635,-2.876213977e-06,-6.807039746e-05,2.49271878e-05,-4.985437561e-05,-0.3331026635,-0.0001083373931,-2.876213977e-06,-6.807039746e-05,2.49271878e-05,-4.985437561e-05,-0.3331026635,-0.0001083373931,0,0,0,0,0,0
8.69,1,1,4.769721512e-05,3.667172821e-05,-1.869539085e-05,5.153216709e-05,-0.01938400442,-3.906857319e-05,0,0,0,0,0,0,-0.01973016348,-0.001692311257,0.005411041957,0.0003461590623,0.004568241434,0.04056141891,13.1659406,0,-0.2225173274,-0.04056141891,-0.02315294811,0.06014519536,1.019384004,0.0005034637011,-7.584985336,-0.06014519536,-0.0005034637011,-7.668786943,-7.668786943,0.02388732476,-0.3450954124,9.587379924e-07,-6.759102847e-05,2.49271878e-05,-4.889563761e-05,-0.3450954124,-0.0001064199172,9.587379924e-07,-6.759102847e-05,2.49271878e-05,-4.889563761e-05,-0.3450954124,-0.0001064199172,0,0,0,0,0,0
8.7,1,1,4.985437561e-05,3.715109721e-05,-1.749696836e-05,5.129248259e-05,-0.01939407116,-3.78701507e-05,0,0,0,0,-0.001047197551,0,-0.01974681596,-0.001638177887,0.00541560733,0.0003527447972,0.004656001413,0.04020115642,13.16773092,0,-0.2226314155,-0.04124835397,-0.03135498899,0.06130897375,1.020441543,0.0004995458937,-7.51761625,-0.06130897375,-0.0004995458937,-7.610779759,-7.610779759,0.02386429897,-0.3424850892,-3.355582973e-06,-6.854976646e-05,2.253034282e-05,-4.841626862e-05,-0.3424850892,-0.0001088167621,-3.355582973e-06,-6.854976646e-05,2.253034282e-05,-4.841626862e-05,-0.3424850892,-0.0001088167621,0,0,0,0,0,0
8.71,1,1,4.985437561e-05,3.667172821e-05,-1.773665286e-05,5.08131136e-05,-0.0194151634,-3.81098352e-05,0,0,0,0,-0.002094395102,0,-0.01976292689,-0.001583999605,0.005420024231,0.0003477634856,0.004591415505,0.03853894067,13.17148585,0,-0.22287045,-0.04063333577,-0.01394229962,0.06047576434,1.021510655,0.0004794317781,-7.206781906,-0.06047576434,-0.0004794317781,-7.281679401,-7.281679401,0.02384126075,-0.3276755731,-3.355582973e-06,-6.759102847e-05,2.300971182e-05,-4.745753063e-05,-0.3276755731,-0.0001083373931,-3.355582973e-06,-6.759102847e-05,2.300971182e-05,-4.745753063e-05,-0.3276755731,-0.0001083373931,0,0,0,0,0,0
8.72,1,1,4.985437561e-05,3.73907817e-05,-1.773665286e-05,5.10527981e-05,-0.01944776049,-3.81098352e-05,0,0,0,0,-0.003141592654,0,-0.01977849581,-0.001529777898,0.00542429254,0.0003307353169,0.004368032027,0.03552105138,13.17729901,0,-0.223239848,-0.03866264404,0.02519368981,0.05755886413,1.022591821,0.0004423953975,-6.642436608,-0.05755886413,-0.0004423953975,-6.675244178,-6.675244178,0.02381814451,-0.300385988,-3.355582973e-06,-6.902913545e-05,2.300971182e-05,-4.793689962e-05,-0.300385988,-0.0001083373931,-3.355582973e-06,-6.902913545e-05,2.300971182e-05,-4.793689962e-05,-0.300385988,-0.0001083373931,0,0,0,0,0,0
8.73,1,1,5.00940601e-05,3.78701507e-05,-1.749696836e-05,5.153216709e-05,-0.0194846719,-3.76304662e-05,0,0,0,0,-0.002094395102,0,-0.0197935223,-0.00147551425,0.005428412139,0.0003088503993,0.004080443542,0.03405160116,13.18389638,0,-0.2236581089,-0.03614599626,0.06624837206,0.05379614486,1.021580164,0.0004228432832,-6.367649417,-0.05379614486,-0.0004228432832,-6.355620033,-6.355620033,0.02379494272,-0.2860029015,-3.83495197e-06,-6.998787345e-05,2.253034282e-05,-4.889563761e-05,-0.2860029015,-0.0001092961311,-3.83495197e-06,-6.998787345e-05,2.253034282e-05,-4.889563761e-05,-0.2860029015,-0.0001092961311,0,0,0,0,0,0
8.74,1,1,4.985437561e-05,3.76304662e-05,-1.749696836e-05,5.249090509e-05,-0.01950911972,-3.83495197e-05,0,0,0,0,-0.001047197551,0,-0.01980800596,-0.001421210151,0.005432382915,0.0002988862356,0.003949851184,0.03392352626,13.18827474,0,-0.2239351225,-0.03497072382,0.07538900133,0.0520917226,1.020556591,0.0004199993811,-6.343699411,-0.0520917226,-0.0004199993811,-6.320822132,-6.320822132,0.02377174898,-0.2844369959,-3.355582973e-06,-6.950850445e-05,2.253034282e-05,-5.08131136e-05,-0.2844369959,-0.0001078580241,-3.355582973e-06,-6.950850445e-05,2.253034282e-05,-5.08131136e-05,-0.2844369959,-0.0001078580241,0,0,0,0,0,0
8.75,1,1,5.05734291e-05,3.85892042e-05,-1.821602186e-05,5.201153609e-05,-0.01952062458,-3.76304662e-05,0,0,0,0,0,0,-0.01982194638,-0.001366867088,0.00543620476,0.0003013217977,0.003982731957,0.03519015425,13.19033754,0,-0.2240654774,-0.03519015425,0.05753263362,0.05253357884,1.019520625,0.0004343738152,-6.580558846,-0.05253357884,-0.0004343738152,-6.575994165,-6.575994165,0.02374860893,-0.2959197374,-4.793689962e-06,-7.142598044e-05,2.396844981e-05,-4.985437561e-05,-0.2959197374,-0.0001092961311,-4.793689962e-06,-7.142598044e-05,2.396844981e-05,-4.985437561e-05,-0.2959197374,-0.0001092961311,0,0,0,0,0,0
8.76,1,1,4.889563761e-05,3.73907817e-05,-1.845570635e-05,5.03337446e-05,-0.01952709606,-3.78701507e-05,0,0,0,0,0,0,-0.01983534318,-0.001312486553,0.005439877568,0.0003082471151,0.004074823007,0.03591458244,13.19149853,0,-0.2241388007,-0.03591458244,0.03366450189,0.05375302172,1.019527096,0.0004428905313,-6.716026916,-0.05375302172,-0.0004428905313,-6.736558327,-6.736558327,0.02372552438,-0.3031451247,-1.438106989e-06,-6.902913545e-05,2.444781881e-05,-4.649879263e-05,-0.3031451247,-0.0001088167621,-1.438106989e-06,-6.902913545e-05,2.444781881e-05,-4.649879263e-05,-0.3031451247,-0.0001088167621,0,0,0,0,0,0
8.77,1,1,4.985437561e-05,3.667172821e-05,-1.893507535e-05,5.08131136e-05,-0.01953093101,-3.78701507e-05,0,0,0,0,-0.001047197551,0,-0.01984819599,-0.001258070034,0.00544340124,0.0003172649754,0.00419451391,0.03582725223,13.19218676,0,-0.2241822511,-0.03687444978,0.009993245992,0.05533481087,1.020578403,0.0004422955224,-6.699696167,-0.05533481087,-0.0004422955224,-6.745480028,-6.745480028,0.02370249606,-0.3035466013,-3.355582973e-06,-6.759102847e-05,2.54065568e-05,-4.745753063e-05,-0.3035466013,-0.0001088167621,-3.355582973e-06,-6.759102847e-05,2.54065568e-05,-4.745753063e-05,-0.3035466013,-0.0001088167621,0,0,0,0,0,0
8.78,1,1,4.985437561e-05,3.619235921e-05,-1.869539085e-05,5.00940601e-05,-0.01953716281,-3.76304662e-05,0,0,0,0,0,0,-0.01986050446,-0.001203619025,0.005446775677,0.0003233416519,0.004275397051,0.03750347437,13.19330549,0,-0.2242528574,-0.03750347437,-0.003339703713,0.05640661938,1.019537163,0.0004615966153,-7.013149707,-0.05640661938,-0.0004615966153,-7.073357627,-7.073357627,0.02367952006,-0.3183010932,-3.355582973e-06,-6.663229047e-05,2.49271878e-05,-4.601942364e-05,-0.3183010932,-0.0001092961311,-3.355582973e-06,-6.663229047e-05,2.49271878e-05,-4.601942364e-05,-0.3183010932,-0.0001092961311,0,0,0,0,0,0
8.79,1,1,4.985437561e-05,3.667172821e-05,-1.797633736e-05,5.03337446e-05,-0.01954435334,-3.76304662e-05,0,0,0,0,-0.001047197551,0,-0.01987226826,-0.001149135018,0.005450000789,0.000327914914,0.004336431674,0.03691615478,13.19459689,0,-0.2243343251,-0.03796335234,-0.01107249018,0.0572174679,1.020591825,0.0004548673943,-6.903320945,-0.0572174679,-0.0004548673943,-6.97206577,-6.97206577,0.02365658466,-0.3137429597,-3.355582973e-06,-6.759102847e-05,2.348908081e-05,-4.649879263e-05,-0.3137429597,-0.0001092961311,-3.355582973e-06,-6.759102847e-05,2.348908081e-05,-4.649879263e-05,-0.3137429597,-0.0001092961311,0,0,0,0,0,0
8.8,1,1,5.10527981e-05,3.667172821e-05,-1.797633736e-05,5.08131136e-05,-0.01955322167,-3.691141271e-05,0,0,0,0,-0.001047197551,0,-0.01988348706,-0.001094619507,0.005453076486,0.0003302653859,0.00436811756,0.03712591386,13.19619045,0,-0.2244348004,-0.03817311141,-0.01285020368,0.05764251123,1.020600693,0.0004570169166,-6.942545892,-0.05764251123,-0.0004570169166,-7.013495624,-7.013495624,0.02363367659,-0.3156073031,-5.752427955e-06,-6.759102847e-05,2.348908081e-05,-4.745753063e-05,-0.3156073031,-0.0001107342381,-5.752427955e-06,-6.759102847e-05,2.348908081e-05,-4.745753063e-05,-0.3156073031,-0.0001107342381,0,0,0,0,0,0
8.81,1,1,5.08131136e-05,3.691141271e-05,-1.773665286e-05,5.10527981e-05,-0.01956209,-3.715109721e-05,0,0,0,0,-0.001047197551,0,-0.01989416055,-0.001040073987,0.005456002685,0.0003320705513,0.004392582637,0.03727428694,13.19778491,0,-0.2245352739,-0.03832148449,-0.01311055419,0.05797236086,1.020609562,0.0004584071684,-6.970291658,-0.05797236086,-0.0004584071684,-7.04183298,-7.04183298,0.02361079909,-0.3168824841,-5.273058958e-06,-6.807039746e-05,2.300971182e-05,-4.793689962e-05,-0.3168824841,-0.0001102548691,-5.273058958e-06,-6.807039746e-05,2.300971182e-05,-4.793689962e-05,-0.3168824841,-0.0001102548691,0,0,0,0,0,0
8.82,1,1,4.913532211e-05,3.619235921e-05,-1.773665286e-05,5.08131136e-05,-0.01956880116,-3.76304662e-05,0,0,0,0,-0.001047197551,0,-0.01990428844,-0.0009854999524,0.005458779304,0.0003354872782,0.004438292587,0.03760397388,13.19899214,0,-0.2246113068,-0.03865117143,-0.01648133947,0.05858098899,1.020616273,0.0004620205083,-7.031943115,-0.05858098899,-0.0004620205083,-7.107467464,-7.107467464,0.02358796389,-0.3198360359,-1.917475985e-06,-6.663229047e-05,2.300971182e-05,-4.745753063e-05,-0.3198360359,-0.0001092961311,-1.917475985e-06,-6.663229047e-05,2.300971182e-05,-4.745753063e-05,-0.3198360359,-0.0001092961311,0,0,0,0,0,0
8.83,1,1,4.913532211e-05,3.595267472e-05,-1.821602186e-05,5.129248259e-05,-0.01957551233,-3.76304662e-05,0,0,0,0,0,0,-0.01991387046,-0.0009308988998,0.005461406268,0.0003383581284,0.004476773971,0.03891941463,13.2001999,0,-0.2246873387,-0.03891941463,-0.01833271506,0.05909431131,1.019575512,0.0004767464724,-7.277930535,-0.05909431131,-0.0004767464724,-7.355834308,-7.355834308,0.023565161,-0.3310125439,-1.917475985e-06,-6.615292148e-05,2.396844981e-05,-4.841626862e-05,-0.3310125439,-0.0001092961311,-1.917475985e-06,-6.615292148e-05,2.396844981e-05,-4.841626862e-05,-0.3310125439,-0.0001092961311,0,0,0,0,0,0
8.84,1,1,5.00940601e-05,3.715109721e-05,-1.773665286e-05,5.03337446e-05,-0.01958557908,-3.715109721e-05,0,0,0,0,0,0,-0.01992290633,-0.0008762723261,0.005463883505,0.0003373272562,0.004463720991,0.03874857191,13.2020125,0,-0.2248013848,-0.03874857191,-0.01190517779,0.05893010033,1.019585579,0.0004742040971,-7.245982948,-0.05893010033,-0.0004742040971,-7.31729243,-7.31729243,0.02354237299,-0.3292781593,-3.83495197e-06,-6.854976646e-05,2.300971182e-05,-4.649879263e-05,-0.3292781593,-0.0001102548691,-3.83495197e-06,-6.854976646e-05,2.300971182e-05,-4.649879263e-05,-0.3292781593,-0.0001102548691,0,0,0,0,0,0
8.85,1,1,5.129248259e-05,3.715109721e-05,-1.869539085e-05,5.08131136e-05,-0.01959588551,-3.691141271e-05,0,0,0,0,0,0,-0.01993139582,-0.000821621729,0.005466210947,0.0003355103125,0.004440252176,0.03848925148,13.20386948,0,-0.2249181439,-0.03848925148,-0.005019375039,0.05862851021,1.019595886,0.0004705844997,-7.197490028,-0.05862851021,-0.0004705844997,-7.261608497,-7.261608497,0.02351960319,-0.3267723824,-6.231796951e-06,-6.854976646e-05,2.49271878e-05,-4.745753063e-05,-0.3267723824,-0.0001107342381,-6.231796951e-06,-6.854976646e-05,2.49271878e-05,-4.745753063e-05,-0.3267723824,-0.0001107342381,0,0,0,0,0,0
8.86,1,1,5.00940601e-05,3.81098352e-05,-1.965412884e-05,5.153216709e-05,-0.01960571258,-3.882888869e-05,0,0,0,0,-0.001047197551,0,-0.01993933869,-0.0007669486067,0.00546838853,0.0003336261179,0.004415856146,0.03717514787,13.20564124,0,-0.2250294701,-0.03822234542,0.0009892475936,0.05831421205,1.020653184,0.0004550201883,-6.951752652,-0.05831421205,-0.0004550201883,-7.009532637,-7.009532637,0.02349684035,-0.3154289687,-3.83495197e-06,-7.046724244e-05,2.684466379e-05,-4.889563761e-05,-0.3154289687,-0.0001068992862,-3.83495197e-06,-7.046724244e-05,2.684466379e-05,-4.889563761e-05,-0.3154289687,-0.0001068992862,0,0,0,0,0,0
8.87,1,1,4.937500661e-05,3.76304662e-05,-1.893507535e-05,5.10527981e-05,-0.01961529996,-3.76304662e-05,0,0,0,0,-0.001047197551,0,-0.01994673473,-0.0007122544581,0.005470416194,0.0003314347702,0.004387364559,0.03687366508,13.20737087,0,-0.2251380791,-0.03792086263,0.006506359374,0.05794555087,1.020662772,0.0004509015456,-6.89537537,-0.05794555087,-0.0004509015456,-6.947265463,-6.947265463,0.02347408879,-0.3126269458,-2.396844981e-06,-6.950850445e-05,2.54065568e-05,-4.793689962e-05,-0.3126269458,-0.0001092961311,-2.396844981e-06,-6.950850445e-05,2.54065568e-05,-4.793689962e-05,-0.3126269458,-0.0001092961311,0,0,0,0,0,0
8.88,1,1,4.865595312e-05,3.643204371e-05,-1.845570635e-05,5.10527981e-05,-0.01962584607,-3.715109721e-05,0,0,0,-0.001047197551,0,0,-0.01995358372,-0.0006575407827,0.005472293884,0.0003277376441,0.004338943563,0.03744994751,13.20927469,0,-0.2252575466,-0.03744994751,0.01377865497,0.0573142974,1.019625846,0.0004565755545,-7.003140185,-0.0573142974,-0.0004565755545,-7.047132403,-7.047132403,0.02345134116,-0.3171209581,-9.587379924e-07,-6.711165947e-05,2.444781881e-05,5.67828555e-05,-0.3171209581,-0.0001102548691,-9.587379924e-07,-6.711165947e-05,2.444781881e-05,5.67828555e-05,-0.3171209581,-0.0001102548691,0,0,0,0,0,0
8.89,1,1,4.985437561e-05,3.691141271e-05,-1.797633736e-05,5.129248259e-05,-0.01963495408,-3.715109721e-05,0,0,0,0,0,0,-0.01995988548,-0.0006028090805,0.005474021548,0.0003249313969,0.004302248156,0.03707926636,13.21091994,0,-0.2253607212,-0.03707926636,0.01778531013,0.05683665596,1.019634954,0.0004516262133,-6.933822809,-0.05683665596,-0.0004516262133,-6.973325781,-6.973325781,0.02342860699,-0.3137996602,-3.355582973e-06,-6.807039746e-05,2.348908081e-05,-4.841626862e-05,-0.3137996602,-0.0001102548691,-3.355582973e-06,-6.807039746e-05,2.348908081e-05,-4.841626862e-05,-0.3137996602,-0.0001102548691,0,0,0,0,0,0
8.9,1,1,5.05734291e-05,3.83495197e-05,-1.773665286e-05,5.08131136e-05,-0.0196409462,-3.691141271e-05,0,-0.001047197551,0,0,0,0,-0.01996563984,-0.000548060852,0.00547559914,0.0003246936473,0.00429944847,0.03699754827,13.21200287,0,-0.2254285981,-0.03699754827,0.01592300143,0.05680432551,1.019640946,0.0004501994393,-6.918541527,-0.05680432551,-0.0004501994393,-6.95987305,-6.95987305,0.02340590047,-0.3131942873,-4.793689962e-06,3.377314368e-05,2.300971182e-05,-4.745753063e-05,-0.3131942873,-0.0001107342381,-4.793689962e-06,3.377314368e-05,2.300971182e-05,-4.745753063e-05,-0.3131942873,-0.0001107342381,0,0,0,0,0,0
8.91,1,1,5.03337446e-05,3.73907817e-05,-1.797633736e-05,5.05734291e-05,-0.01964837642,-3.715109721e-05,0,0,0,0,0,0,-0.01997084665,-0.0004932975981,0.005477026615,0.000322470232,0.00427037901,0.03669241827,13.21334628,0,-0.2255127645,-0.03669241827,0.01884131336,0.0564259966,1.019648376,0.0004460600936,-6.861482217,-0.0564259966,-0.0004460600936,-6.899512961,-6.899512961,0.02338320491,-0.3104780832,-4.314320966e-06,-6.902913545e-05,2.348908081e-05,-4.697816163e-05,-0.3104780832,-0.0001102548691,-4.314320966e-06,-6.902913545e-05,2.348908081e-05,-4.697816163e-05,-0.3104780832,-0.0001102548691,0,0,0,0,0,0
8.92,1,1,5.05734291e-05,3.76304662e-05,-1.821602186e-05,5.05734291e-05,-0.01965460821,-3.78701507e-05,0,0,0,0,0,0,-0.01997550575,-0.0004385208202,0.005478303934,0.0003208975378,0.004249871484,0.03646048784,13.2144735,0,-0.2255833547,-0.03646048784,0.01958603503,0.05615981411,1.019654608,0.0004428160503,-6.818111226,-0.05615981411,-0.0004428160503,-6.855127822,-6.855127822,0.02336052264,-0.308480752,-4.793689962e-06,-6.950850445e-05,2.396844981e-05,-4.697816163e-05,-0.308480752,-0.0001088167621,-4.793689962e-06,-6.950850445e-05,2.396844981e-05,-4.697816163e-05,-0.308480752,-0.0001088167621,0,0,0,0,0,0
8.93,1,1,5.00940601e-05,3.691141271e-05,-1.797633736e-05,5.08131136e-05,-0.01965844317,-3.76304662e-05,0,0,0,0,0,0,-0.01997961703,-0.0003837320201,0.005479431063,0.0003211738594,0.004253764317,0.0364365585,13.2151674,0,-0.2256267944,-0.0364365585,0.01652049175,0.05621420754,1.019658443,0.0004420995169,-6.813636439,-0.05621420754,-0.0004420995169,-6.853772255,-6.853772255,0.02333786369,-0.3084197515,-3.83495197e-06,-6.807039746e-05,2.348908081e-05,-4.745753063e-05,-0.3084197515,-0.0001092961311,-3.83495197e-06,-6.807039746e-05,2.348908081e-05,-4.745753063e-05,-0.3084197515,-0.0001092961311,0,0,0,0,0,0
8.94,1,1,4.985437561e-05,3.715109721e-05,-1.797633736e-05,5.201153609e-05,-0.01966347654,-3.715109721e-05,0,0,0,0,0,0,-0.01998318036,-0.0003289326997,0.005480407971,0.0003197038167,0.004234545585,0.03621615458,13.21607841,0,-0.2256838086,-0.03621615458,0.01751943903,0.05596408649,1.019663477,0.0004390032897,-6.772420907,-0.05596408649,-0.0004390032897,-6.811304558,-6.811304558,0.02331522155,-0.3065087051,-3.355582973e-06,-6.854976646e-05,2.348908081e-05,-4.985437561e-05,-0.3065087051,-0.0001102548691,-3.355582973e-06,-6.854976646e-05,2.348908081e-05,-4.985437561e-05,-0.3065087051,-0.0001102548691,0,0,0,0,0,0
8.95,1,1,4.985437561e-05,3.691141271e-05,-1.917475985e-05,5.10527981e-05,-0.01966731149,-3.73907817e-05,0,0,0,0,0,0,-0.01998619565,-0.0002741243615,0.00548123463,0.0003188841569,0.004223888711,0.03606890851,13.21677271,0,-0.2257272475,-0.03606890851,0.01703061215,0.05582617703,1.019667311,0.0004367974093,-6.744885891,-0.05582617703,-0.0004367974093,-6.784118253,-6.784118253,0.0232925955,-0.3052853214,-3.355582973e-06,-6.807039746e-05,2.58859258e-05,-4.793689962e-05,-0.3052853214,-0.0001097755001,-3.355582973e-06,-6.807039746e-05,2.58859258e-05,-4.793689962e-05,-0.3052853214,-0.0001097755001,0,0,0,0,0,0
8.96,1,1,4.961469111e-05,3.643204371e-05,-1.869539085e-05,5.129248259e-05,-0.01967018771,-3.715109721e-05,0,0,0,0,0,0,-0.01998866282,-0.000219308508,0.005481911019,0.0003184751129,0.004218626201,0.03596784596,13.21729354,0,-0.2257598265,-0.03596784596,0.01581159772,0.05575882084,1.019670188,0.0004351532287,-6.725987194,-0.05575882084,-0.0004351532287,-6.766369571,-6.766369571,0.02326998782,-0.3044866307,-2.876213977e-06,-6.711165947e-05,2.49271878e-05,-4.841626862e-05,-0.3044866307,-0.0001102548691,-2.876213977e-06,-6.711165947e-05,2.49271878e-05,-4.841626862e-05,-0.3044866307,-0.0001102548691,0,0,0,0,0,0
8.97,1,1,5.00940601e-05,3.643204371e-05,-1.845570635e-05,5.129248259e-05,-0.01967234487,-3.691141271e-05,0,0,0,0,0,0,-0.0199905818,-0.0001644866421,0.005482437118,0.0003182369326,0.004215589836,0.03588599668,13.21768423,0,-0.2257842607,-0.03588599668,0.0144475748,0.0557203353,1.019672345,0.0004337433732,-6.71068138,-0.0557203353,-0.0004337433732,-6.752387884,-6.752387884,0.0232473992,-0.3038574548,-3.83495197e-06,-6.711165947e-05,2.444781881e-05,-4.841626862e-05,-0.3038574548,-0.0001107342381,-3.83495197e-06,-6.711165947e-05,2.444781881e-05,-4.841626862e-05,-0.3038574548,-0.0001107342381,0,0,0,0,0,0
8.98,1,1,5.00940601e-05,3.81098352e-05,-1.797633736e-05,5.05734291e-05,-0.01967570045,-3.691141271e-05,0,0,0,0,0,0,-0.01999195254,-0.0001096602667,0.005482812914,0.0003162520873,0.004189433752,0.03560765988,13.21829208,0,-0.2258222691,-0.03560765988,0.01682400499,0.05537715898,1.0196757,0.0004299641312,-6.658632397,-0.05537715898,-0.0004299641312,-6.697615515,-6.697615515,0.02322482504,-0.3013926982,-3.83495197e-06,-7.046724244e-05,2.348908081e-05,-4.697816163e-05,-0.3013926982,-0.0001107342381,-3.83495197e-06,-7.046724244e-05,2.348908081e-05,-4.697816163e-05,-0.3013926982,-0.0001107342381,0,0,0,0,0,0
8.99,1,1,5.03337446e-05,3.882888869e-05,-1.845570635e-05,5.10527981e-05,-0.01967881635,-3.73907817e-05,0,0,0,0,0,0,-0.01999277499,-5.483088486e-05,0.005483038395,0.0003139586464,0.004159165165,0.03529461467,13.21885663,0,-0.2258575624,-0.03529461467,0.01947513035,0.054979408,1.019678816,0.0004257727,-6.600092943,-0.054979408,-0.0004257727,-6.636022993,-6.636022993,0.0232022632,-0.2986210347,-4.314320966e-06,-7.190534943e-05,2.444781881e-05,-4.793689962e-05,-0.2986210347,-0.0001097755001,-4.314320966e-06,-7.190534943e-05,2.444781881e-05,-4.793689962e-05,-0.2986210347,-0.0001097755001,0,0,0,0,0,0
9,1,1,4.985437561e-05,3.83495197e-05,-1.917475985e-05,5.153216709e-05,-0.01968169256,-3.691141271e-05,0,0,0,0,0,0,-0.01999304915,1.628024768e-13,0.005483113556,0.0003113565875,0.004124783932,0.03494686404,13.21937785,0,-0.2258901407,-0.03494686404,0.02216847581,0.05452707733,1.019681693,0.0004211702732,-6.535063576,-0.05452707733,-0.0004211702732,-6.567843348,-6.567843348,0.02317971061,-0.2955529507,-3.355582973e-06,-7.094661144e-05,2.58859258e-05,-4.889563761e-05,-0.2955529507,-0.0001107342381,-3.355582973e-06,-7.094661144e-05,2.58859258e-05,-4.889563761e-05,-0.2955529507,-0.0001107342381,0,0,0,0,0,0
9.01,1,1,4.961469111e-05,3.73907817e-05,-1.869539085e-05,5.05734291e-05,-0.01968145288,-3.76304662e-05,0,0,0,0,0,0,-0.01999277499,5.483088519e-05,0.005483038395,0.0003113221169,0.004124312629,0.03488791854,13.21933441,0,-0.2258874259,-0.03488791854,0.01928361209,0.05452066784,1.019681453,0.0004200509192,-6.524040766,-0.05452066784,-0.0004200509192,-6.559697873,-6.559697873,0.0231571757,-0.2951864043,-2.876213977e-06,-6.902913545e-05,2.49271878e-05,-4.697816163e-05,-0.2951864043,-0.0001092961311,-2.876213977e-06,-6.902913545e-05,2.49271878e-05,-4.697816163e-05,-0.2951864043,-0.0001092961311,0,0,0,0,0,0
9.02,1,1,4.985437561e-05,3.715109721e-05,-1.869539085e-05,5.03337446e-05,-0.01968169256,-3.73907817e-05,0,0,0,0,0,0,-0.01999195254,0.000109660267,0.005482812914,0.0003102599748,0.004110225004,0.03471338344,13.21937785,0,-0.2258901407,-0.03471338344,0.01894245039,0.05433461736,1.019681693,0.0004175433115,-6.491402704,-0.05433461736,-0.0004175433115,-6.527212414,-6.527212414,0.0231346579,-0.2937245586,-3.355582973e-06,-6.854976646e-05,2.49271878e-05,-4.649879263e-05,-0.2937245586,-0.0001097755001,-3.355582973e-06,-6.854976646e-05,2.49271878e-05,-4.649879263e-05,-0.2937245586,-0.0001097755001,0,0,0,0,0,0
9.03,1,1,4.913532211e-05,3.83495197e-05,-1.893507535e-05,5.129248259e-05,-0.01968145288,-3.667172821e-05,0,0,0,0,0,0,-0.0199905818,0.0001644866424,0.005482437118,0.0003091289216,0.004095195505,0.03453110206,13.21933441,0,-0.2258874259,-0.03453110206,0.01876351517,0.05413575885,1.019681453,0.0004149465957,-6.457316085,-0.05413575885,-0.0004149465957,-6.493103276,-6.493103276,0.02311215577,-0.2921896474,-1.917475985e-06,-7.094661144e-05,2.54065568e-05,-4.841626862e-05,-0.2921896474,-0.0001112136071,-1.917475985e-06,-7.094661144e-05,2.54065568e-05,-4.841626862e-05,-0.2921896474,-0.0001112136071,0,0,0,0,0,0
9.04,1,1,4.889563761e-05,3.76304662e-05,-1.845570635e-05,5.129248259e-05,-0.01968313067,-3.715109721e-05,-0.001047197551,0,0,0,0,0,-0.01998866282,0.0002193085083,0.005481911019,0.00030553215,0.004047540082,0.03407151003,13.21963849,0,-0.2259064298,-0.03407151003,0.02391895503,0.05350701667,1.019683131,0.0004090268403,-6.371372375,-0.05350701667,-0.0004090268403,-6.401369464,-6.401369464,0.02308966627,-0.2880616259,0.0001032816481,-6.950850445e-05,2.444781881e-05,-4.841626862e-05,-0.2880616259,-0.0001102548691,0.0001032816481,-6.950850445e-05,2.444781881e-05,-4.841626862e-05,-0.2880616259,-0.0001102548691,0,0,0,0,0,0
9.05,1,1,4.937500661e-05,3.691141271e-05,-1.821602186e-05,5.10527981e-05,-0.01968337035,-3.691141271e-05,0,0,0,0,0,0,-0.01998619565,0.0002741243618,0.00548123463,0.0003028252955,0.004011619028,0.03371202902,13.21968194,0,-0.2259091446,-0.03371202902,0.02609940575,0.05303232759,1.01968337,0.0004043174186,-6.304149428,-0.05303232759,-0.0004043174186,-6.331486667,-6.331486667,0.0230671831,-0.2849169,-2.396844981e-06,-6.807039746e-05,2.396844981e-05,-4.793689962e-05,-0.2849169,-0.0001107342381,-2.396844981e-06,-6.807039746e-05,2.396844981e-05,-4.793689962e-05,-0.2849169,-0.0001107342381,0,0,0,0,0,0
9.06,1,1,5.03337446e-05,3.73907817e-05,-1.797633736e-05,5.177185159e-05,-0.01968313067,-3.667172821e-05,0,0,-0.001047197551,0,0,0,-0.01998318036,0.0003289327,0.005480407971,0.0003000496878,0.003974760091,0.03334483747,13.21963849,0,-0.2259064298,-0.03334483747,0.0279460223,0.05254489149,1.019683131,0.0003995237923,-6.235484607,-0.05254489149,-0.0003995237923,-6.260483,-6.260483,0.02304470892,-0.281721735,-4.314320966e-06,-6.902913545e-05,0.0001282088359,-4.937500661e-05,-0.281721735,-0.0001112136071,-4.314320966e-06,-6.902913545e-05,0.0001282088359,-4.937500661e-05,-0.281721735,-0.0001112136071,0,0,0,0,0,0
9.07,1,1,4.985437561e-05,3.715109721e-05,-1.821602186e-05,5.05734291e-05,-0.01968504815,-3.667172821e-05,0,0,0,0,0,-0.001047197551,-0.01997961703,0.0003837320204,0.005479431063,0.0002945688801,0.003902110968,0.03267346952,13.21998606,0,-0.2259281485,-0.03267346952,0.03500774816,0.05158585259,1.019685048,0.0003910994738,-6.1099388,-0.05158585259,-0.0003910994738,-6.126908004,-6.126908004,0.02302223521,-0.2757108602,-3.355582973e-06,-6.854976646e-05,2.396844981e-05,-4.697816163e-05,-0.2757108602,-6.493852002e-06,-3.355582973e-06,-6.854976646e-05,2.396844981e-05,-4.697816163e-05,-0.2757108602,-6.493852002e-06,0,0,0,0,0,0
9.08,1,1,5.00940601e-05,3.715109721e-05,-1.749696836e-05,5.10527981e-05,-0.01968504815,-3.691141271e-05,0,0,0,0,0,0,-0.01997550575,0.0004385208206,0.005478303934,0.0002904576065,0.003847539931,0.03215615554,13.21998606,0,-0.2259281485,-0.03215615554,0.03803151703,0.05086442425,1.019685048,0.0003845316601,-6.013201086,-0.05086442425,-0.0003845316601,-6.026418525,-6.026418525,0.02299976819,-0.2711888336,-3.83495197e-06,-6.854976646e-05,2.253034282e-05,-4.793689962e-05,-0.2711888336,-0.0001107342381,-3.83495197e-06,-6.854976646e-05,2.253034282e-05,-4.793689962e-05,-0.2711888336,-0.0001107342381,0,0,0,0,0,0
9.09,1,1,4.937500661e-05,3.667172821e-05,-1.845570635e-05,5.10527981e-05,-0.01968600688,-3.691141271e-05,0,0,0,0,0,0,-0.01997084665,0.0004932975985,0.005477026615,0.0002848397657,0.003773026465,0.03146949729,13.22015986,0,-0.2259390078,-0.03146949729,0.04366133678,0.04988001302,1.019686007,0.0003759536054,-5.884795992,-0.04988001302,-0.0003759536054,-5.891390622,-5.891390622,0.02297730382,-0.265112578,-2.396844981e-06,-6.759102847e-05,2.444781881e-05,-4.793689962e-05,-0.265112578,-0.0001107342381,-2.396844981e-06,-6.759102847e-05,2.444781881e-05,-4.793689962e-05,-0.265112578,-0.0001107342381,0,0,0,0,0,0
9.1,1,1,4.985437561e-05,3.73907817e-05,-1.797633736e-05,5.05734291e-05,-0.01968552751,-3.667172821e-05,0,0,0,0,0,0,-0.01996563984,0.0005480608523,0.00547559914,0.0002801123306,0.003710260164,0.03088301059,13.22007296,0,-0.2259335781,-0.03088301059,0.04614305567,0.04904991006,1.019685528,0.0003685860418,-5.77512298,-0.04904991006,-0.0003685860418,-5.77839842,-5.77839842,0.02295483872,-0.2600279289,-3.355582973e-06,-6.902913545e-05,2.348908081e-05,-4.697816163e-05,-0.2600279289,-0.0001112136071,-3.355582973e-06,-6.902913545e-05,2.348908081e-05,-4.697816163e-05,-0.2600279289,-0.0001112136071,0,0,0,0,0,0
9.11,1,1,4.937500661e-05,3.76304662e-05,-1.845570635e-05,5.05734291e-05,-0.01968744499,-3.715109721e-05,0,0,0,0,0,0,-0.01995988548,0.0006028090809,0.005474021548,0.0002724404918,0.003608545779,0.0299655899,13.22042058,0,-0.2259552967,-0.0299655899,0.0543324206,0.04770649287,1.019687445,0.0003572880687,-5.603565312,-0.04770649287,-0.0003572880687,-5.597296672,-5.597296672,0.02293237242,-0.2518783502,-2.396844981e-06,-6.950850445e-05,2.444781881e-05,-4.697816163e-05,-0.2518783502,-0.0001102548691,-2.396844981e-06,-6.950850445e-05,2.444781881e-05,-4.697816163e-05,-0.2518783502,-0.0001102548691,0,0,0,0,0,0
9.12,1,1,4.985437561e-05,3.73907817e-05,-1.773665286e-05,5.05734291e-05,-0.01968672594,-3.73907817e-05,0,0,0,0,0,0,-0.01995358372,0.0006575407831,0.005472293884,0.0002668577816,0.003534429615,0.02928310542,13.22029021,0,-0.2259471523,-0.02928310542,0.05690880509,0.04672618526,1.019686726,0.0003488080941,-5.475940713,-0.04672618526,-0.0003488080941,-5.466106902,-5.466106902,0.02290990566,-0.2459748106,-3.355582973e-06,-6.902913545e-05,2.300971182e-05,-4.697816163e-05,-0.2459748106,-0.0001097755001,-3.355582973e-06,-6.902913545e-05,2.300971182e-05,-4.697816163e-05,-0.2459748106,-0.0001097755001,0,0,0,0,0,0
9.13,1,1,5.05734291e-05,3.643204371e-05,-1.869539085e-05,5.08131136e-05,-0.01968720531,-3.715109721e-05,0,0,0,0,0,0,-0.01994673473,0.0007122544585,0.005470416194,0.0002595294207,0.00343721666,0.02840449985,13.22037712,0,-0.2259525819,-0.02840449985,0.06247889172,0.04544130049,1.019687205,0.0003380110331,-5.311641472,-0.04544130049,-0.0003380110331,-5.294941892,-5.294941892,0.02288743637,-0.2382723851,-4.793689962e-06,-6.711165947e-05,2.49271878e-05,-4.745753063e-05,-0.2382723851,-0.0001102548691,-4.793689962e-06,-6.711165947e-05,2.49271878e-05,-4.745753063e-05,-0.2382723851,-0.0001102548691,0,0,0,0,0,0
9.14,1,1,5.153216709e-05,3.715109721e-05,-1.845570635e-05,5.201153609e-05,-0.01968672594,-3.715109721e-05,0,0,0,0,0,0,-0.01993933869,0.000766948607,0.00546838853,0.0002526127575,0.003345429871,0.02757227314,13.22029021,0,-0.2259471523,-0.02757227314,0.06624919482,0.04422755379,1.019686726,0.0003277851911,-5.156015077,-0.04422755379,-0.0003277851911,-5.134321221,-5.134321221,0.02286496495,-0.2310444549,-6.711165947e-06,-6.854976646e-05,2.444781881e-05,-4.985437561e-05,-0.2310444549,-0.0001102548691,-6.711165947e-06,-6.854976646e-05,2.444781881e-05,-4.985437561e-05,-0.2310444549,-0.0001102548691,0,0,0,0,0,0
9.15,1,1,5.03337446e-05,3.667172821e-05,-1.869539085e-05,5.05734291e-05,-0.01968648625,-3.76304662e-05,0,0,0,0,0,0,-0.01993139582,0.0008216217293,0.005466210947,0.0002449095722,0.003243230609,0.02665177323,13.22024676,0,-0.2259444375,-0.02665177323,0.07097287539,0.04287630896,1.019686486,0.0003165305506,-4.983881594,-0.04287630896,-0.0003165305506,-4.956101558,-4.956101558,0.02284249101,-0.2230245701,-4.314320966e-06,-6.759102847e-05,2.49271878e-05,-4.697816163e-05,-0.2230245701,-0.0001092961311,-4.314320966e-06,-6.759102847e-05,2.49271878e-05,-4.697816163e-05,-0.2230245701,-0.0001092961311,0,0,0,0,0,0
9.16,1,1,5.05734291e-05,3.691141271e-05,-1.869539085e-05,5.201153609e-05,-0.0196857672,-3.73907817e-05,0,0,0,0,0,0,-0.01992290633,0.0008762723264,0.005463883505,0.000237139136,0.003140130206,0.02572384332,13.22011641,0,-0.225936293,-0.02572384332,0.07503609955,0.04151288686,1.019685767,0.000305208952,-4.810358702,-0.04151288686,-0.000305208952,-4.777140698,-4.777140698,0.02282001448,-0.2149713314,-4.793689962e-06,-6.807039746e-05,2.49271878e-05,-4.985437561e-05,-0.2149713314,-0.0001097755001,-4.793689962e-06,-6.807039746e-05,2.49271878e-05,-4.985437561e-05,-0.2149713314,-0.0001097755001,0,0,0,0,0,0
9.17,1,1,5.05734291e-05,3.73907817e-05,-1.845570635e-05,5.03337446e-05,-0.01968528783,-3.667172821e-05,0,0,0,0,0,0,-0.01991387046,0.0009308989001,0.005461406268,0.0002285826282,0.003026628255,0.02470773581,13.22002951,0,-0.2259308633,-0.02470773581,0.07995176529,0.04001211484,1.019685288,0.0002928639828,-4.620346596,-0.04001211484,-0.0002928639828,-4.58069981,-4.58069981,0.02279753428,-0.2061314914,-4.793689962e-06,-6.902913545e-05,2.444781881e-05,-4.649879263e-05,-0.2061314914,-0.0001112136071,-4.793689962e-06,-6.902913545e-05,2.444781881e-05,-4.649879263e-05,-0.2061314914,-0.0001112136071,0,0,0,0,0,0
9.18,1,1,5.00940601e-05,3.78701507e-05,-1.893507535e-05,5.129248259e-05,-0.0196857672,-3.571299022e-05,0,0,0,0,0,0,-0.01990428844,0.0009854999527,0.005458779304,0.0002185212431,0.002893224896,0.02352274673,13.22011641,0,-0.225936293,-0.02352274673,0.08703335648,0.03824876991,1.019685767,0.0002785434403,-4.398753639,-0.03824876991,-0.0002785434403,-4.350247596,-4.350247596,0.02277504796,-0.1957611418,-3.83495197e-06,-6.998787345e-05,2.54065568e-05,-4.841626862e-05,-0.1957611418,-0.0001131310831,-3.83495197e-06,-6.998787345e-05,2.54065568e-05,-4.841626862e-05,-0.1957611418,-0.0001131310831,0,0,0,0,0,0
9.19,1,1,5.08131136e-05,3.73907817e-05,-1.749696836e-05,5.05734291e-05,-0.01968384972,-3.619235921e-05,0,0,0,0,0,0,-0.01989416055,0.001040073987,0.005456002685,0.0002103108262,0.002784287291,0.02254583464,13.21976882,0,-0.2259145743,-0.02254583464,0.08905227612,0.03680763432,1.01968385,0.0002667107496,-4.216071078,-0.03680763432,-0.0002667107496,-4.164093147,-4.164093147,0.02275255587,-0.1873841916,-5.273058958e-06,-6.902913545e-05,2.253034282e-05,-4.697816163e-05,-0.1873841916,-0.0001121723451,-5.273058958e-06,-6.902913545e-05,2.253034282e-05,-4.697816163e-05,-0.1873841916,-0.0001121723451,0,0,0,0,0,0
9.2,1,1,5.05734291e-05,3.715109721e-05,-1.821602186e-05,5.08131136e-05,-0.01968408941,-3.643204371e-05,0,0,0,0,0,0,-0.01988348706,0.001094619508,0.005453076486,0.0001993976498,0.002639618437,0.02126556548,13.21981227,0,-0.2259172892,-0.02126556548,0.09613743581,0.0348952602,1.019684089,0.0002513169693,-3.976660745,-0.0348952602,-0.0002513169693,-3.915669886,-3.915669886,0.02273006123,-0.1762051449,-4.793689962e-06,-6.854976646e-05,2.396844981e-05,-4.745753063e-05,-0.1762051449,-0.0001116929761,-4.793689962e-06,-6.854976646e-05,2.396844981e-05,-4.745753063e-05,-0.1762051449,-0.0001116929761,0,0,0,0,0,0
9.21,1,1,5.153216709e-05,3.78701507e-05,-1.869539085e-05,5.177185159e-05,-0.01968337035,-3.715109721e-05,0,0,0,0,0,0,-0.01987226826,0.001149135019,0.005450000789,0.0001888979051,0.002500417195,0.02003194508,13.21968194,0,-0.2259091446,-0.02003194508,0.1010415611,0.03305472002,1.01968337,0.0002365033657,-3.74597373,-0.03305472002,-0.0002365033657,-3.678223392,-3.678223392,0.02270756126,-0.1655200526,-6.711165947e-06,-6.998787345e-05,2.49271878e-05,-4.937500661e-05,-0.1655200526,-0.0001102548691,-6.711165947e-06,-6.998787345e-05,2.49271878e-05,-4.937500661e-05,-0.1655200526,-0.0001102548691,0,0,0,0,0,0
9.22,1,1,5.05734291e-05,3.73907817e-05,-1.845570635e-05,5.10527981e-05,-0.01968313067,-3.691141271e-05,0,0,0,0,0,0,-0.01986050446,0.001203619026,0.005446775677,0.0001773737925,0.002347679549,0.01868355061,13.21963849,0,-0.2259064298,-0.01868355061,0.1072922201,0.03103547494,1.019683131,0.0002203651221,-3.493823964,-0.03103547494,-0.0002203651221,-3.417787584,-3.417787584,0.0226850577,-0.1538004413,-4.793689962e-06,-6.902913545e-05,2.444781881e-05,-4.793689962e-05,-0.1538004413,-0.0001107342381,-4.793689962e-06,-6.902913545e-05,2.444781881e-05,-4.793689962e-05,-0.1538004413,-0.0001107342381,0,0,0,0,0,0
9.23,1,1,5.05734291e-05,3.78701507e-05,-1.869539085e-05,5.08131136e-05,-0.01968241162,-3.691141271e-05,0,0,0,0,0,0,-0.01984819599,0.001258070035,0.00544340124,0.0001657843725,0.002194087472,0.01732808239,13.21950817,0,-0.2258982853,-0.01732808239,0.1126239885,0.02900475725,1.019682412,0.0002041748715,-3.240351406,-0.02900475725,-0.0002041748715,-3.15693635,-3.15693635,0.02266255095,-0.1420621357,-4.793689962e-06,-6.998787345e-05,2.49271878e-05,-4.745753063e-05,-0.1420621357,-0.0001107342381,-4.793689962e-06,-6.998787345e-05,2.49271878e-05,-4.745753063e-05,-0.1420621357,-0.0001107342381,0,0,0,0,0,0
9.24,1,1,5.05734291e-05,3.76304662e-05,-1.845570635e-05,5.10527981e-05,-0.01968193225,-3.715109721e-05,0,0,0,0,0,0,-0.01983534318,0.001312486553,0.005439877568,0.0001534109292,0.002030143485,0.01588489246,13.21942129,0,-0.2258928556,-0.01588489246,0.1185391428,0.026837322,1.019681932,0.0001869838623,-2.97047489,-0.026837322,-0.0001869838623,-2.878960053,-2.878960053,0.0226400413,-0.1295532024,-4.793689962e-06,-6.950850445e-05,2.444781881e-05,-4.793689962e-05,-0.1295532024,-0.0001102548691,-4.793689962e-06,-6.950850445e-05,2.444781881e-05,-4.793689962e-05,-0.1295532024,-0.0001102548691,0,0,0,0,0,0
9.25,1,1,4.961469111e-05,3.76304662e-05,-1.845570635e-05,5.05734291e-05,-0.01968121319,-3.691141271e-05,0,0,0,0,0,0,-0.01982194638,0.001366867089,0.00543620476,0.0001407331839,0.001862193077,0.01440785225,13.21929097,0,-0.225884711,-0.01440785225,0.124016777,0.02461687212,1.019681213,0.0001694285092,-2.694268371,-0.02461687212,-0.0001694285092,-2.595037895,-2.595037895,0.02261753019,-0.1167767053,-2.876213977e-06,-6.950850445e-05,2.444781881e-05,-4.697816163e-05,-0.1167767053,-0.0001107342381,-2.876213977e-06,-6.950850445e-05,2.444781881e-05,-4.697816163e-05,-0.1167767053,-0.0001107342381,0,0,0,0,0,0
9.26,1,1,5.129248259e-05,3.667172821e-05,-1.845570635e-05,5.225122059e-05,-0.0196795354,-3.73907817e-05,0,0,0,0,0,0,-0.01980800596,0.001421210151,0.005432382915,0.0001284705574,0.001699750193,0.01297768442,13.21898692,0,-0.225865707,-0.01297768442,0.1274845713,0.02246897557,1.019679535,0.0001524581341,-2.426826986,-0.02246897557,-0.0001524581341,-2.321963848,-2.321963848,0.02259501932,-0.1044883732,-6.231796951e-06,-6.759102847e-05,2.444781881e-05,-5.03337446e-05,-0.1044883732,-0.0001097755001,-6.231796951e-06,-6.759102847e-05,2.444781881e-05,-5.03337446e-05,-0.1044883732,-0.0001097755001,0,0,0,0,0,0
9.27,1,1,5.03337446e-05,3.667172821e-05,-1.917475985e-05,5.08131136e-05,-0.01967929572,-3.73907817e-05,0,0,0,0,0,0,-0.0197935223,0.001475514251,0.005428412139,0.0001142265868,0.001511139904,0.01132558564,13.21894349,0,-0.2258629922,-0.01132558564,0.1344294983,0.019975673,1.019679296,0.0001329171641,-2.117884514,-0.019975673,-0.0001329171641,-2.003563606,-2.003563606,0.02257251178,-0.09016036228,-4.314320966e-06,-6.759102847e-05,2.58859258e-05,-4.745753063e-05,-0.09016036228,-0.0001097755001,-4.314320966e-06,-6.759102847e-05,2.58859258e-05,-4.745753063e-05,-0.09016036228,-0.0001097755001,0,0,0,0,0,0
9.28,1,1,5.05734291e-05,3.667172821e-05,-1.821602186e-05,5.08131136e-05,-0.01967761793,-3.73907817e-05,0,0,0,0,0,0,-0.01977849581,0.001529777898,0.00542429254,0.0001008778832,0.001334392317,0.009774251395,13.21863948,0,-0.2258439881,-0.009774251395,0.1383396767,0.01763885096,1.019677618,0.0001145959573,-1.827785011,-0.01763885096,-0.0001145959573,-1.707198781,-1.707198781,0.02255000687,-0.07682394514,-4.793689962e-06,-6.759102847e-05,2.396844981e-05,-4.745753063e-05,-0.07682394514,-0.0001097755001,-4.793689962e-06,-6.759102847e-05,2.396844981e-05,-4.745753063e-05,-0.07682394514,-0.0001097755001,0,0,0,0,0,0
9.29,1,1,4.985437561e-05,3.715109721e-05,-1.869539085e-05,5.129248259e-05,-0.01967665919,-3.643204371e-05,0,0,0,0,0,0,-0.01976292689,0.001583999606,0.005420024231,8.626769807e-05,0.001141002064,0.008081827531,13.21846577,0,-0.2258331286,-0.008081827531,0.1439318998,0.01508229673,1.019676659,9.465881218e-05,-1.511301748,-0.01508229673,-9.465881218e-05,-1.382546804,-1.382546804,0.02252750762,-0.06221460618,-3.355582973e-06,-6.854976646e-05,2.49271878e-05,-4.841626862e-05,-0.06221460618,-0.0001116929761,-3.355582973e-06,-6.854976646e-05,2.49271878e-05,-4.841626862e-05,-0.06221460618,-0.0001116929761,0,0,0,0,0,0
9.3,1,1,4.985437561e-05,3.76304662e-05,-1.893507535e-05,5.00940601e-05,-0.01967474171,-3.667172821e-05,0,0,0,0,0,0,-0.01974681596,0.001638177887,0.00541560733,7.207424979e-05,0.0009531572438,0.006436509424,13.2181184,0,-0.2258114096,-0.006436509424,0.1475679661,0.0125989453,1.019674742,7.53123969e-05,-1.203627262,-0.0125989453,-7.53123969e-05,-1.068733554,-1.068733554,0.02250501687,-0.04809300992,-3.355582973e-06,-6.950850445e-05,2.54065568e-05,-4.601942364e-05,-0.04809300992,-0.0001112136071,-3.355582973e-06,-6.950850445e-05,2.54065568e-05,-4.601942364e-05,-0.04809300992,-0.0001112136071,0,0,0,0,0,0
9.31,1,1,4.985437561e-05,3.73907817e-05,-1.965412884e-05,5.00940601e-05,-0.01967354329,-3.691141271e-05,-0.001047197551,0,0,0,0,0,-0.01973016348,0.001692311257,0.005411041957,5.662018851e-05,0.0007486907933,0.004650297809,13.21790131,0,-0.2257978351,-0.004650297809,0.1532192557,0.009896121014,1.019673543,5.435779222e-05,-0.8696056903,-0.009896121014,-5.435779222e-05,-0.7263369133,-0.7263369133,0.0224825375,-0.0326851611,0.0001013641721,-6.902913545e-05,2.684466379e-05,-4.601942364e-05,-0.0326851611,-0.0001107342381,0.0001013641721,-6.902913545e-05,2.684466379e-05,-4.601942364e-05,-0.0326851611,-0.0001107342381,0,0,0,0,0,0
9.32,1,1,5.05734291e-05,3.73907817e-05,-1.869539085e-05,5.153216709e-05,-0.01967162581,-3.715109721e-05,0,0,0,0.001047197551,0,0,-0.01971296989,0.001746398232,0.005406328237,4.134407777e-05,0.0005466225303,0.00288446076,13.217554,0,-0.225776116,-0.00288446076,0.1575399274,0.00722501281,1.019671626,3.368293146e-05,-0.5393941621,-0.00722501281,-3.368293146e-05,-0.3891129304,-0.3891129304,0.02246007229,-0.01751008187,-4.793689962e-06,-6.902913545e-05,2.49271878e-05,-0.0001536153927,-0.01751008187,-0.0001102548691,-4.793689962e-06,-6.902913545e-05,2.49271878e-05,-0.0001536153927,-0.01751008187,-0.0001102548691,0,0,0,0,0,0
9.33,1,1,5.129248259e-05,3.691141271e-05,-1.893507535e-05,5.05734291e-05,-0.01967066708,-3.715109721e-05,0,0,0,0,0,0,-0.01969523567,0.001800437328,0.005401466301,2.456859744e-05,0.000324787196,0.0009511025055,13.21738036,0,-0.2257652563,-0.0009511025055,0.1640737616,0.004292835905,1.019670667,1.109525998e-05,-0.1778561685,-0.004292835905,-1.109525998e-05,-0.01808633809,-0.01808633809,0.02243762421,-0.0008138852142,-6.231796951e-06,-6.807039746e-05,2.54065568e-05,-4.697816163e-05,-0.0008138852142,-0.0001102548691,-6.231796951e-06,-6.807039746e-05,2.54065568e-05,-4.697816163e-05,-0.0008138852142,-0.0001102548691,0,0,0,0,0,0
9.34,1,1,4.937500661e-05,3.691141271e-05,-1.893507535e-05,5.129248259e-05,-0.01967042739,-3.73907817e-05,0,0,0,0,0,0,-0.01967696131,0.001854427064,0.00539645628,6.533918227e-06,8.636486806e-05,-0.001122761493,13.21733695,0,-0.2257625414,0.001122761493,0.1719795276,0.001141513562,1.019670427,-1.308468132e-05,0.2099563991,-0.001141513562,1.308468132e-05,0.3808074978,0.3808074978,0.02241519689,0.0171363374,-2.396844981e-06,-6.807039746e-05,2.54065568e-05,-4.841626862e-05,0.0171363374,-0.0001097755001,-2.396844981e-06,-6.807039746e-05,2.54065568e-05,-4.841626862e-05,0.0171363374,-0.0001097755001,0,0,0,0,0,0
9.35,1,1,4.985437561e-05,3.667172821e-05,-1.869539085e-05,5.08131136e-05,-0.01966946865,-3.76304662e-05,0,0,0,0,0,0,-0.0196581473,0.001908365961,0.005391298313,-1.132135189e-05,-0.0001496245592,-0.003175963182,13.21716332,0,-0.2257516818,0.003175963182,0.1780612635,-0.001977612236,1.019669469,-3.697566667e-05,0.5939051151,0.001977612236,3.697566667e-05,0.7739809665,0.7739809665,0.02239279461,0.03482914349,-3.355582973e-06,-6.759102847e-05,2.49271878e-05,-4.745753063e-05,0.03482914349,-0.0001092961311,-3.355582973e-06,-6.759102847e-05,2.49271878e-05,-4.745753063e-05,0.03482914349,-0.0001092961311,0,0,0,0,0,0
9.36,1,1,5.10527981e-05,3.76304662e-05,-1.869539085e-05,5.10527981e-05,-0.01966755118,-3.643204371e-05,0,0,0,0,0,0,-0.01963879416,0.001962252538,0.005385992541,-2.875701261e-05,-0.000380001337,-0.005181631649,13.21681611,0,-0.2257299624,0.005181631649,0.1822225859,-0.005022407791,1.019667551,-6.026585347e-05,0.9689651183,0.005022407791,6.026585347e-05,1.156270378,1.156270378,0.02237042154,0.052032167,-5.752427955e-06,-6.950850445e-05,2.49271878e-05,-4.793689962e-05,0.052032167,-0.0001116929761,-5.752427955e-06,-6.950850445e-05,2.49271878e-05,-4.793689962e-05,0.052032167,-0.0001116929761,0,0,0,0,0,0
9.37,1,1,5.03337446e-05,3.643204371e-05,-1.869539085e-05,5.03337446e-05,-0.01966635275,-3.691141271e-05,0,0,0,0,0,0,-0.01961890243,0.002016085319,0.005380539109,-4.745032485e-05,-0.000626928323,-0.007327487855,13.21659912,0,-0.2257163878,0.007327487855,0.1882406454,-0.00828586032,1.019666353,-8.513829072e-05,1.370240229,0.00828586032,8.513829072e-05,1.566851873,1.566851873,0.02234808223,0.07050833428,-4.314320966e-06,-6.711165947e-05,2.49271878e-05,-4.649879263e-05,0.07050833428,-0.0001107342381,-4.314320966e-06,-6.711165947e-05,2.49271878e-05,-4.649879263e-05,0.07050833428,-0.0001107342381,0,0,0,0,0,0
9.38,1,1,5.05734291e-05,3.691141271e-05,-1.845570635e-05,4.985437561e-05,-0.01966323686,-3.76304662e-05,0,0,0,0,0,0,-0.01959847264,0.002069862828,0.005374938166,-6.476421379e-05,-0.0008555470382,-0.009318409943,13.21603502,0,-0.2256810936,0.009318409943,0.1904701244,-0.01130693962,1.019663237,-0.0001081621564,1.742542659,0.01130693962,0.0001081621564,1.944427885,1.944427885,0.02232578066,0.08749925484,-4.793689962e-06,-6.807039746e-05,2.444781881e-05,-4.554005464e-05,0.08749925484,-0.0001092961311,-4.793689962e-06,-6.807039746e-05,2.444781881e-05,-4.554005464e-05,0.08749925484,-0.0001092961311,0,0,0,0,0,0
9.39,1,1,5.00940601e-05,3.715109721e-05,-1.869539085e-05,5.03337446e-05,-0.01965916222,-3.691141271e-05,0,0.001047197551,0,0,0,0,-0.01957750536,0.002123583591,0.005369189867,-8.165685732e-05,-0.001078517409,-0.01126167907,13.21529753,0,-0.2256349393,0.01126167907,0.191183844,-0.01425292845,1.019659162,-0.000130586998,2.105933986,0.01425292845,0.000130586998,2.311501345,2.311501345,0.02230352113,0.1040175605,-3.83495197e-06,-0.0001732695216,2.49271878e-05,-4.649879263e-05,0.1040175605,-0.0001107342381,-3.83495197e-06,-0.0001732695216,2.49271878e-05,-4.649879263e-05,0.1040175605,-0.0001107342381,0,0,0,0,0,0
9.4,1,1,5.00940601e-05,3.76304662e-05,-1.773665286e-05,4.961469111e-05,-0.01965580664,-3.715109721e-05,0,0,0,0,0,0,-0.01955600116,0.002177246135,0.00536329437,-9.980547211e-05,-0.001317999228,-0.01334487238,13.21469033,0,-0.2255969297,0.01334487238,0.194282588,-0.01741695165,1.019655807,-0.0001545879204,2.495491135,0.01741695165,0.0001545879204,2.707345262,2.707345262,0.02228130795,0.1218305368,-3.83495197e-06,-6.950850445e-05,2.300971182e-05,-4.506068564e-05,0.1218305368,-0.0001102548691,-3.83495197e-06,-6.950850445e-05,2.300971182e-05,-4.506068564e-05,0.1218305368,-0.0001102548691,0,0,0,0,0,0
9.41,1,1,5.10527981e-05,3.73907817e-05,-1.821602186e-05,5.08131136e-05,-0.01965101295,-3.667172821e-05,0,0,0,0,0,0,-0.01953396064,0.002230848989,0.005357251834,-0.0001170523081,-0.001545472531,-0.0153266705,13.21382313,0,-0.2255426297,0.0153266705,0.1950283775,-0.02042160067,1.019651013,-0.0001773669126,2.866087384,0.02042160067,0.0001773669126,3.081714729,3.081714729,0.02225914496,0.1386771628,-5.752427955e-06,-6.902913545e-05,2.396844981e-05,-4.745753063e-05,0.1386771628,-0.0001112136071,-5.752427955e-06,-6.902913545e-05,2.396844981e-05,-4.745753063e-05,0.1386771628,-0.0001112136071,0,0,0,0,0,0
9.42,1,1,4.937500661e-05,3.76304662e-05,-1.869539085e-05,5.00940601e-05,-0.01964621926,-3.643204371e-05,0,0,0,0,0,0,-0.01951138439,0.002284390682,0.005351062427,-0.0001348348681,-0.001779928301,-0.01736780669,13.21295619,0,-0.2254883292,0.01736780669,0.1967810794,-0.02351811466,1.019646219,-0.0002007862657,3.247779852,0.02351811466,0.0002007862657,3.468279832,3.468279832,0.02223703449,0.1560725924,-2.396844981e-06,-6.950850445e-05,2.49271878e-05,-4.601942364e-05,0.1560725924,-0.0001116929761,-2.396844981e-06,-6.950850445e-05,2.49271878e-05,-4.601942364e-05,0.1560725924,-0.0001116929761,0,0,0,0,0,0
9.43,1,1,5.00940601e-05,3.81098352e-05,-1.845570635e-05,5.05734291e-05,-0.01964118588,-3.691141271e-05,0,0,0,0,0,0,-0.01948827303,0.002337869748,0.005344726318,-0.0001529128486,-0.002018185274,-0.019441386,13.21204619,0,-0.2254313132,0.019441386,0.1988700482,-0.02666435706,1.019641186,-0.000224533405,3.635539181,0.02666435706,0.000224533405,3.86129812,3.86129812,0.02221498114,0.1737584154,-3.83495197e-06,-7.046724244e-05,2.444781881e-05,-4.697816163e-05,0.1737584154,-0.0001107342381,-3.83495197e-06,-7.046724244e-05,2.444781881e-05,-4.697816163e-05,0.1737584154,-0.0001107342381,0,0,0,0,0,0
9.44,1,1,5.10527981e-05,3.78701507e-05,-1.869539085e-05,5.03337446e-05,-0.01963615251,-3.715109721e-05,0,0,0,0,0,0,-0.01946462721,0.00239128472,0.00533824368,-0.0001715253005,-0.002263395746,-0.02157408651,13.21113649,0,-0.2253742966,0.02157408651,0.2014097029,-0.02990203014,1.019636153,-0.0002489153697,4.034354177,0.02990203014,0.0002489153697,4.265914826,4.265914826,0.02219299341,0.1919661672,-5.752427955e-06,-6.998787345e-05,2.49271878e-05,-4.649879263e-05,0.1919661672,-0.0001102548691,-5.752427955e-06,-6.998787345e-05,2.49271878e-05,-4.649879263e-05,0.1919661672,-0.0001102548691,0,0,0,0,0,0
9.45,1,1,5.08131136e-05,3.81098352e-05,-1.869539085e-05,5.03337446e-05,-0.01963040008,-3.691141271e-05,0,0,0,0,0,0,-0.01944044756,0.002444634134,0.005331614692,-0.000189952522,-0.002506045734,-0.02368548859,13.2100972,0,-0.2253091341,0.02368548859,0.2032223673,-0.03310510773,1.0196304,-0.0002730031088,4.429186366,0.03310510773,0.0002730031088,4.665786845,4.665786845,0.02217107898,0.209960408,-5.273058958e-06,-7.046724244e-05,2.49271878e-05,-4.649879263e-05,0.209960408,-0.0001107342381,-5.273058958e-06,-7.046724244e-05,2.49271878e-05,-4.649879263e-05,0.209960408,-0.0001107342381,0,0,0,0,0,0
9.46,1,1,5.05734291e-05,3.81098352e-05,-1.893507535e-05,5.08131136e-05,-0.01962225081,-3.667172821e-05,0,0,0,0,0,0,-0.01941573475,0.002497916527,0.005324839535,-0.0002065160589,-0.00272396042,-0.02558821075,13.20862552,0,-0.2252168193,0.02558821075,0.2008414055,-0.03597977312,1.019622251,-0.0002946387711,4.784995411,0.03597977312,0.0002946387711,5.022111228,5.022111228,0.02214922822,0.2259950053,-4.793689962e-06,-7.046724244e-05,2.54065568e-05,-4.745753063e-05,0.2259950053,-0.0001112136071,-4.793689962e-06,-7.046724244e-05,2.54065568e-05,-4.745753063e-05,0.2254522258,-0.0001112136071,0,0,0,0,1,0
9.47,1,1,5.08131136e-05,3.691141271e-05,-1.821602186e-05,5.201153609e-05,-0.01961386185,-3.619235921e-05,0,0,0,0,0,0,-0.01939048946,0.002551130438,0.005317918395,-0.0002233723939,-0.002945624025,-0.0275231165,13.20711136,0,-0.2251217879,0.0275231165,0.1995916017,-0.03890318452,1.019613862,-0.0003166016253,5.146822786,0.03890318452,0.0003166016253,5.385634174,5.385634174,0.02212745194,0.2423535378,-5.273058958e-06,-6.807039746e-05,2.396844981e-05,-4.985437561e-05,0.2423535378,-0.0001121723451,-5.273058958e-06,-6.807039746e-05,2.396844981e-05,-4.985437561e-05,0.2423535378,-0.0001121723451,0,0,0,0,0,0
9.48,1,1,5.10527981e-05,3.691141271e-05,-1.797633736e-05,5.129248259e-05,-0.01960019983,-3.643204371e-05,0,0,0,0,0,0,-0.01936471237,0.002604274409,0.005310851461,-0.0002354874607,-0.003104555307,-0.02892837531,13.20464719,0,-0.2249670191,0.02892837531,0.1886561508,-0.04099455752,1.0196002,-0.0003324308565,5.409606183,0.04099455752,0.0003324308565,5.639589322,5.639589322,0.02210573096,0.2537815195,-5.752427955e-06,-6.807039746e-05,2.348908081e-05,-4.841626862e-05,0.2537815195,-0.0001116929761,-5.752427955e-06,-6.807039746e-05,2.348908081e-05,-4.841626862e-05,0.2536199676,-0.0001116929761,0,0,0,0,1,0
9.49,1,1,5.08131136e-05,3.73907817e-05,-1.869539085e-05,4.985437561e-05,-0.01958390129,-3.691141271e-05,0,0,0,0,0.001047197551,0,-0.0193384042,0.002657346982,0.005303638928,-0.0002454970818,-0.003235582876,-0.02905119374,13.20171032,0,-0.2247823772,0.0300983913,0.1753671028,-0.04271522784,1.020631373,-0.000334189889,5.43257323,0.04271522784,0.000334189889,5.650989751,5.650989751,0.02208406029,0.2542945388,-5.273058958e-06,-6.902913545e-05,2.49271878e-05,-4.554005464e-05,0.2542945388,-0.0001107342381,-5.273058958e-06,-6.902913545e-05,2.49271878e-05,-4.554005464e-05,0.2542945388,-0.0001107342381,0,0,0,0,0,0
9.5,1,1,5.00940601e-05,3.691141271e-05,-1.797633736e-05,5.03337446e-05,-0.01957023927,-3.691141271e-05,0,0,0,-0.001047197551,0.001047197551,0,-0.01931156568,0.002710346703,0.005296280992,-0.0002586735952,-0.003408311124,-0.03057431558,13.1992509,0,-0.2246275995,0.03162151313,0.1713206645,-0.04498715368,1.020617711,-0.0003513575987,5.717397013,0.04498715368,0.0003513575987,5.934056189,5.934056189,0.02206245963,0.2670325285,-3.83495197e-06,-6.807039746e-05,2.348908081e-05,5.822096249e-05,0.2670325285,-0.0001107342381,-3.83495197e-06,-6.807039746e-05,2.348908081e-05,5.822096249e-05,0.2670325285,-0.0001107342381,0,0,0,0,0,0
9.51,1,1,5.03337446e-05,3.715109721e-05,-1.821602186e-05,5.03337446e-05,-0.01955058514,-3.691141271e-05,0,0,0,0,0.001047197551,0,-0.01928419752,0.002763272118,0.005288777857,-0.000266387623,-0.003508835743,-0.03148773927,13.19571659,0,-0.2244049295,0.03253493682,0.1565213811,-0.04630160204,1.020598057,-0.0003614869323,5.888207244,0.04630160204,0.0003614869323,6.091391714,6.091391714,0.02204089516,0.2741126271,-4.314320966e-06,-6.854976646e-05,2.396844981e-05,-4.649879263e-05,0.2741126271,-0.0001107342381,-4.314320966e-06,-6.854976646e-05,2.396844981e-05,-4.649879263e-05,0.2741126271,-0.0001107342381,0,0,0,0,0,0
9.52,1,1,5.03337446e-05,3.667172821e-05,-1.845570635e-05,4.961469111e-05,-0.01952925322,-3.78701507e-05,0,0,0,0,0.002094395102,0,-0.01925630049,0.002816121776,0.005281129727,-0.0002729527359,-0.003594115215,-0.03122564229,13.19188564,0,-0.2241632416,0.0333200374,0.1421267082,-0.04741315689,1.021624745,-0.0003588489018,5.839195109,0.04741315689,0.0003588489018,6.029093823,6.029093823,0.02201937571,0.271309222,-4.314320966e-06,-6.759102847e-05,2.444781881e-05,-4.506068564e-05,0.271309222,-0.0001088167621,-4.314320966e-06,-6.759102847e-05,2.444781881e-05,-4.506068564e-05,0.271309222,-0.0001088167621,0,0,0,0,0,0
9.53,1,1,5.00940601e-05,3.643204371e-05,-1.773665286e-05,5.03337446e-05,-0.01950696256,-3.643204371e-05,0,0,0,0,0.001047197551,0,-0.01922787534,0.00286889423,0.005273336812,-0.0002790872225,-0.003673633849,-0.03300976787,13.18788814,0,-0.2239106807,0.03405696542,0.1299814513,-0.04844747225,1.020554434,-0.0003781884498,6.172826592,0.04844747225,0.0003781884498,6.351633704,6.351633704,0.02199789511,0.2858235167,-3.83495197e-06,-6.711165947e-05,2.300971182e-05,-4.649879263e-05,0.2858235167,-0.0001116929761,-3.83495197e-06,-6.711165947e-05,2.300971182e-05,-4.649879263e-05,0.2858235167,-0.0001116929761,0,0,0,0,0,0
9.54,1,1,5.08131136e-05,3.571299022e-05,-1.869539085e-05,5.08131136e-05,-0.01948970528,-3.667172821e-05,0,0,0,0,0.001047197551,0,-0.01919892286,0.002921588031,0.005265399326,-0.0002907824161,-0.003826386686,-0.03436671097,13.18479725,0,-0.2237151422,0.03541390852,0.1310550707,-0.05045013264,1.020537177,-0.0003933383666,6.426574952,0.05045013264,0.0003933383666,6.608473494,6.608473494,0.02197649652,0.2973813072,-5.273058958e-06,-6.567355248e-05,2.49271878e-05,-4.745753063e-05,0.2973813072,-0.0001112136071,-5.273058958e-06,-6.567355248e-05,2.49271878e-05,-4.745753063e-05,0.2973813072,-0.0001112136071,0,0,0,0,0,0
9.55,1,1,5.177185159e-05,3.667172821e-05,-1.845570635e-05,5.129248259e-05,-0.01947124957,-3.667172821e-05,0,0,0,0,0.002094395102,0,-0.01916944385,0.002974201735,0.005257317486,-0.0003018057259,-0.003970160913,-0.0346012528,13.18149552,0,-0.2235060175,0.0366956479,0.1302840547,-0.05233265829,1.021566741,-0.000396436973,6.470434274,0.05233265829,0.000396436973,6.653447424,6.653447424,0.02195516155,0.2994051341,-7.190534943e-06,-6.759102847e-05,2.444781881e-05,-4.841626862e-05,0.2994051341,-0.0001112136071,-7.190534943e-06,-6.759102847e-05,2.444781881e-05,-4.841626862e-05,0.2994051341,-0.0001112136071,0,0,0,0,0,0
9.56,1,1,5.00940601e-05,3.691141271e-05,-1.821602186e-05,5.153216709e-05,-0.01945303355,-3.73907817e-05,0,0,0,-0.001047197551,0.001047197551,0,-0.0191394391,0.0030267339,0.005249091515,-0.0003135944508,-0.004123901379,-0.0370152576,13.17824053,0,-0.2232996013,0.03806245515,0.1317282392,-0.05434576431,1.020500505,-0.0004228001164,6.921853171,0.05434576431,0.0004228001164,7.108349975,7.108349975,0.02193389957,0.3198757489,-3.83495197e-06,-6.807039746e-05,2.396844981e-05,5.582411751e-05,0.3198757489,-0.0001097755001,-3.83495197e-06,-6.807039746e-05,2.396844981e-05,5.582411751e-05,0.3198757489,-0.0001097755001,0,0,0,0,0,0
9.57,1,1,4.961469111e-05,3.715109721e-05,-1.845570635e-05,5.153216709e-05,-0.01943649532,-3.83495197e-05,0,0,0,0,0.001047197551,0,-0.01910890945,0.003079183086,0.005240721636,-0.0003275858751,-0.004306534194,-0.03862729651,13.17528867,0,-0.223112191,0.03967449406,0.1370845753,-0.05673983115,1.020483967,-0.0004407729602,7.223304447,0.05673983115,0.0004407729602,7.417569626,7.417569626,0.02191272372,0.3337906332,-2.876213977e-06,-6.854976646e-05,2.444781881e-05,-4.889563761e-05,0.3337906332,-0.0001078580241,-2.876213977e-06,-6.854976646e-05,2.444781881e-05,-4.889563761e-05,0.3337906332,-0.0001078580241,0,0,0,0,0,0
9.58,1,1,4.985437561e-05,3.643204371e-05,-1.821602186e-05,5.08131136e-05,-0.01941540308,-3.715109721e-05,0,0,0,0,0.002094395102,0,-0.01907785572,0.003131547854,0.005232208081,-0.0003375473649,-0.004435939639,-0.03874264578,13.17152855,0,-0.2228731662,0.04083704088,0.1328201807,-0.05842810559,1.021510895,-0.0004425525275,7.244874761,0.05842810559,0.0004425525275,7.436565599,7.436565599,0.02189160793,0.334645452,-3.355582973e-06,-6.711165947e-05,2.396844981e-05,-4.745753063e-05,0.334645452,-0.0001102548691,-3.355582973e-06,-6.711165947e-05,2.396844981e-05,-4.745753063e-05,0.334645452,-0.0001102548691,0,0,0,0,0,0
9.59,1,1,5.129248259e-05,3.619235921e-05,-1.797633736e-05,5.129248259e-05,-0.0193811282,-3.73907817e-05,0,0,0,0,0.004188790205,-0.001047197551,-0.01904627877,0.003183826769,0.005223551082,-0.0003348494269,-0.004398543238,-0.03639977106,13.16542929,0,-0.2224847304,0.04058856126,0.1033160844,-0.05790871,1.023574305,-0.0004170688416,6.806757188,0.05790871,0.0004170688416,6.968399051,6.968399051,0.02187047854,0.3135779573,-6.231796951e-06,-6.663229047e-05,2.348908081e-05,-4.841626862e-05,0.3135779573,-5.055745013e-06,-6.231796951e-06,-6.663229047e-05,2.348908081e-05,-4.841626862e-05,0.3141270811,-5.055745013e-06,0,0,0,0,1,0
9.6,1,1,5.05734291e-05,3.715109721e-05,-1.773665286e-05,5.03337446e-05,-0.01933798499,-3.715109721e-05,0,0,0,0,0.003141592654,0,-0.01901417948,0.003236018398,0.005214750877,-0.0003238055164,-0.004251331226,-0.03626812863,13.15777115,0,-0.221995754,0.03940972128,0.06296437392,-0.05593804335,1.022482045,-0.0004142725451,6.782140054,0.05593804335,0.0004142725451,6.901456744,6.901456744,0.02184930137,0.3105655535,-4.793689962e-06,-6.854976646e-05,2.300971182e-05,-4.649879263e-05,0.3105655535,-0.0001102548691,-4.793689962e-06,-6.854976646e-05,2.300971182e-05,-4.649879263e-05,0.3105655535,-0.0001102548691,0,0,0,0,0,0
9.61,1,1,5.129248259e-05,3.715109721e-05,-1.797633736e-05,5.08131136e-05,-0.01929364336,-3.667172821e-05,0,0,0,0,0.004188790205,0,-0.0189815587,0.00328812131,0.005205807707,-0.0003120846573,-0.004095339926,-0.03396634478,13.14992259,0,-0.2214931528,0.03815513499,0.02830879222,-0.05385340299,1.02348682,-0.0003883663761,6.351706475,0.05385340299,0.0003883663761,6.434257036,6.434257036,0.02182810662,0.2895415666,-6.231796951e-06,-6.854976646e-05,2.348908081e-05,-4.745753063e-05,0.2895415666,-0.0001112136071,-6.231796951e-06,-6.854976646e-05,2.348908081e-05,-4.745753063e-05,0.2901643893,-0.0001112136071,0,0,0,0,1,0
9.62,1,1,5.129248259e-05,3.595267472e-05,-1.869539085e-05,5.129248259e-05,-0.01925073983,-3.667172821e-05,0,0,0,0,0.003141592654,0,-0.01894841735,0.003340134076,0.005196721817,-0.0003023224848,-0.003965225976,-0.03397705663,13.14235007,0,-0.2210068118,0.03711864928,0.004657278726,-0.05211238787,1.0223948,-0.000387283411,6.35370959,0.05211238787,0.000387283411,6.41086654,6.41086654,0.02180688546,0.2884889943,-6.231796951e-06,-6.615292148e-05,2.49271878e-05,-4.841626862e-05,0.2884889943,-0.0001112136071,-6.231796951e-06,-6.615292148e-05,2.49271878e-05,-4.841626862e-05,0.2884889943,-0.0001112136071,0,0,0,0,0,0
9.63,1,1,4.985437561e-05,3.523362122e-05,-1.773665286e-05,5.03337446e-05,-0.01921694432,-3.619235921e-05,0,0,0,0,0.003141592654,0,-0.01891475633,0.003392055271,0.005187493456,-0.0003021879942,-0.003961685127,-0.03401391617,13.13639998,0,-0.2206236885,0.03715550882,0.004501669185,-0.05204228043,1.022361004,-0.0003873014019,6.360602324,0.05204228043,0.0003873014019,6.417533575,6.417533575,0.02178570655,0.2887890109,-3.355582973e-06,-6.471481449e-05,2.300971182e-05,-4.649879263e-05,0.2887890109,-0.0001121723451,-3.355582973e-06,-6.471481449e-05,2.300971182e-05,-4.649879263e-05,0.2887890109,-0.0001121723451,0,0,0,0,0,0
9.64,1,1,4.937500661e-05,3.691141271e-05,-1.797633736e-05,5.10527981e-05,-0.01919465366,-3.619235921e-05,0,0,0,0,0.001047197551,0,-0.01888057655,0.003443883472,0.005178122878,-0.0003140771077,-0.004116009634,-0.03748563893,13.13248262,0,-0.2203709766,0.03853283648,0.02917955038,-0.05405342499,1.020242125,-0.0004246531239,7.00981448,0.05405342499,0.0004246531239,7.093472108,7.093472108,0.02176461184,0.3192062449,-2.396844981e-06,-6.807039746e-05,2.348908081e-05,-4.793689962e-05,0.3192062449,-0.0001121723451,-2.396844981e-06,-6.807039746e-05,2.348908081e-05,-4.793689962e-05,0.3192062449,-0.0001121723451,0,0,0,0,0,0
9.65,1,1,5.03337446e-05,3.667172821e-05,-1.749696836e-05,5.249090509e-05,-0.01917715669,-3.76304662e-05,0,0,0,0,0.001047197551,0,-0.01884587897,0.003495617256,0.005168610338,-0.0003312777223,-0.004339925543,-0.03945470201,13.12941169,0,-0.2201726039,0.04050189956,0.0598955533,-0.05698066915,1.020224628,-0.0004465129865,7.378029276,0.05698066915,0.0004465129865,7.495352011,7.495352011,0.02174362265,0.3372908405,-4.314320966e-06,-6.759102847e-05,2.253034282e-05,-5.08131136e-05,0.3372908405,-0.0001092961311,-4.314320966e-06,-6.759102847e-05,2.253034282e-05,-5.08131136e-05,0.3363313557,-0.0001092961311,0,0,0,0,1,0
9.66,1,1,5.03337446e-05,3.715109721e-05,-1.797633736e-05,5.201153609e-05,-0.01916397405,-3.715109721e-05,0,0,0,0,0.001047197551,0,-0.01881066453,0.003547255206,0.005158956099,-0.0003533095176,-0.004627074658,-0.04196157008,13.12710028,0,-0.2200231407,0.04300876763,0.09469482576,-0.06074007305,1.020211446,-0.000474415752,7.846813605,0.06074007305,0.000474415752,8.00272292,8.00272292,0.02172277898,0.3601225314,-4.314320966e-06,-6.854976646e-05,2.348908081e-05,-4.985437561e-05,0.3601225314,-0.0001102548691,-4.314320966e-06,-6.854976646e-05,2.348908081e-05,-4.985437561e-05,0.3601225314,-0.0001102548691,0,0,0,0,0,0
9.67,1,1,5.129248259e-05,3.691141271e-05,-1.797633736e-05,5.177185159e-05,-0.01914719613,-3.715109721e-05,0,0,0,0,0.002094395102,0,-0.01877493419,0.003598795906,0.005149160424,-0.00037226194,-0.004873593361,-0.04307740025,13.12416137,0,-0.2198329093,0.04517179535,0.1167106204,-0.0639618257,1.021242688,-0.000487550082,8.055473847,0.0639618257,0.000487550082,8.236633843,8.236633843,0.02170202847,0.3706485229,-6.231796951e-06,-6.807039746e-05,2.348908081e-05,-4.937500661e-05,0.3706485229,-0.0001102548691,-6.231796951e-06,-6.807039746e-05,2.348908081e-05,-4.937500661e-05,0.3706485229,-0.0001102548691,0,0,0,0,0,0
9.68,1,1,5.153216709e-05,3.691141271e-05,-1.845570635e-05,5.225122059e-05,-0.01912083084,-3.715109721e-05,0,0,0,0,0.003141592654,0,-0.01873868894,0.003650237944,0.005139223583,-0.0003821418972,-0.005000874604,-0.0431821529,13.11954957,0,-0.2195339622,0.04632374555,0.115950512,-0.06560922226,1.022264891,-0.0004892475477,8.075062592,0.06560922226,0.0004892475477,8.257111574,8.257111574,0.02168133358,0.3715700208,-6.711165947e-06,-6.807039746e-05,2.444781881e-05,-5.03337446e-05,0.3715700208,-0.0001102548691,-6.711165947e-06,-6.807039746e-05,2.444781881e-05,-5.03337446e-05,0.3715700208,-0.0001102548691,0,0,0,0,0,0
9.69,1,1,5.03337446e-05,3.667172821e-05,-1.821602186e-05,5.08131136e-05,-0.01908104321,-3.76304662e-05,0,0,0,0,0.003141592654,0,-0.01870192977,0.003701579908,0.005129145846,-0.0003791134438,-0.004958741307,-0.04289615369,13.11260497,0,-0.2190827956,0.04603774634,0.08919864348,-0.0650220159,1.022225103,-0.0004855052215,8.021580739,0.0650220159,0.0004855052215,8.176286904,8.176286904,0.02166062383,0.3679329107,-4.314320966e-06,-6.759102847e-05,2.396844981e-05,-4.745753063e-05,0.3679329107,-0.0001092961311,-4.314320966e-06,-6.759102847e-05,2.396844981e-05,-4.745753063e-05,0.3679329107,-0.0001092961311,0,0,0,0,0,0
9.7,1,1,5.08131136e-05,3.667172821e-05,-1.845570635e-05,5.201153609e-05,-0.01904077621,-3.715109721e-05,0,0,0,0,0.003141592654,0,-0.01866465768,0.003752820392,0.005118927492,-0.0003761185347,-0.004917060714,-0.04261377756,13.10559507,0,-0.2186261587,0.04575537021,0.06796032263,-0.06444100666,1.022184836,-0.0004818100992,7.968776403,0.06444100666,0.0004818100992,8.101659543,8.101659543,0.0216399107,0.3645746794,-5.273058958e-06,-6.759102847e-05,2.444781881e-05,-4.985437561e-05,0.3645746794,-0.0001102548691,-5.273058958e-06,-6.759102847e-05,2.444781881e-05,-4.985437561e-05,0.3645746794,-0.0001102548691,0,0,0,0,0,0
9.71,1,1,5.177185159e-05,3.667172821e-05,-1.797633736e-05,5.05734291e-05,-0.01900889818,-3.667172821e-05,0,0,0,0,0.002094395102,0,-0.0186268737,0.00380395799,0.0051085688,-0.0003820244747,-0.004991988467,-0.04436996188,13.10005866,0,-0.21826463,0.04646435699,0.06884444359,-0.06539534176,1.02110439,-0.0005001284336,8.297182872,0.06539534176,0.0005001284336,8.431922786,8.431922786,0.02161926025,0.3794365254,-7.190534943e-06,-6.759102847e-05,2.348908081e-05,-4.697816163e-05,0.3794365254,-0.0001112136071,-7.190534943e-06,-6.759102847e-05,2.348908081e-05,-4.697816163e-05,0.3794365254,-0.0001112136071,0,0,0,0,0,0
9.72,1,1,5.177185159e-05,3.691141271e-05,-1.821602186e-05,5.08131136e-05,-0.01898253288,-3.595267472e-05,0,0,0,0,0.001047197551,0,-0.01858857887,0.003854991301,0.005098070054,-0.0003939540139,-0.005145695961,-0.04679685972,13.09548841,0,-0.217965605,0.04784405727,0.08184497822,-0.06738540181,1.020030005,-0.0005258740098,8.751012767,0.06738540181,0.0005258740098,8.900769021,8.900769021,0.02159871717,0.4005346059,-7.190534943e-06,-6.807039746e-05,2.396844981e-05,-4.745753063e-05,0.4005346059,-0.0001126517141,-7.190534943e-06,-6.807039746e-05,2.396844981e-05,-4.745753063e-05,0.4005346059,-0.0001126517141,0,0,0,0,0,0
9.73,1,1,5.129248259e-05,3.619235921e-05,-1.773665286e-05,5.10527981e-05,-0.01895712632,-3.691141271e-05,0,0,0,0,0.002094395102,0,-0.01854977423,0.003905918926,0.005087431542,-0.0004073520969,-0.005318465735,-0.04729258264,13.09109182,0,-0.2176774396,0.04938697774,0.09514624793,-0.06962452326,1.021052618,-0.0005320062939,8.843712954,0.06962452326,0.0005320062939,9.009015731,9.009015731,0.02157825907,0.4054057079,-6.231796951e-06,-6.663229047e-05,2.300971182e-05,-4.793689962e-05,0.4054057079,-0.0001107342381,-6.231796951e-06,-6.663229047e-05,2.300971182e-05,-4.793689962e-05,0.4054057079,-0.0001107342381,0,0,0,0,0,0
9.74,1,1,5.08131136e-05,3.643204371e-05,-1.773665286e-05,5.03337446e-05,-0.01892716576,-3.76304662e-05,0,0,0,0,0.003141592654,0,-0.01851046085,0.003956739467,0.005076653555,-0.0004167049164,-0.005438119837,-0.04733758725,13.08591657,0,-0.2173376042,0.0504791799,0.09761110454,-0.0711627825,1.022071226,-0.0005330713186,8.852128815,0.0711627825,0.0005330713186,9.021435773,9.021435773,0.02155786739,0.4059646098,-5.273058958e-06,-6.711165947e-05,2.300971182e-05,-4.649879263e-05,0.4059646098,-0.0001092961311,-5.273058958e-06,-6.711165947e-05,2.300971182e-05,-4.649879263e-05,0.4059646098,-0.0001092961311,0,0,0,0,0,0
9.75,1,1,5.05734291e-05,3.643204371e-05,-1.797633736e-05,5.153216709e-05,-0.01889864331,-3.76304662e-05,0,0,0,0,0.003141592654,0,-0.0184706398,0.004007451533,0.005065736389,-0.0004280035071,-0.005583084959,-0.0486461709,13.0809992,0,-0.2170140633,0.05178776355,0.1033572259,-0.07303232986,1.022042703,-0.0005472604763,9.096833958,0.07303232986,0.0005472604763,9.273770774,9.273770774,0.02153755479,0.4173196848,-4.793689962e-06,-6.711165947e-05,2.348908081e-05,-4.889563761e-05,0.4173196848,-0.0001092961311,-4.793689962e-06,-6.711165947e-05,2.348908081e-05,-4.889563761e-05,0.4173196848,-0.0001092961311,0,0,0,0,0,0
9.76,1,1,5.05734291e-05,3.619235921e-05,-1.773665286e-05,5.08131136e-05,-0.01886173189,-3.76304662e-05,0,0,0,0,0.003141592654,0,-0.01843031218,0.004058053732,0.005054680343,-0.0004314197128,-0.005624822242,-0.04907710508,13.07464921,0,-0.2165953376,0.05221869773,0.09218478027,-0.07354257771,1.022005792,-0.0005515486798,9.17741865,0.07354257771,0.0005515486798,9.343697557,9.343697557,0.02151727653,0.42046639,-4.793689962e-06,-6.663229047e-05,2.300971182e-05,-4.745753063e-05,0.42046639,-0.0001092961311,-4.793689962e-06,-6.663229047e-05,2.300971182e-05,-4.745753063e-05,0.42046639,-0.0001092961311,0,0,0,0,0,0
9.77,1,1,5.153216709e-05,3.619235921e-05,-1.821602186e-05,5.129248259e-05,-0.01882170458,-3.73907817e-05,0,0,0,0,0.003141592654,0,-0.0183894791,0.004108544678,0.005043485721,-0.000432225487,-0.005632371799,-0.04921735126,13.06778061,0,-0.2161412324,0.05235894391,0.07772288332,-0.073602599,1.021965765,-0.0005525605995,9.203644685,0.073602599,0.0005525605995,9.355522728,9.355522728,0.02149701213,0.4209985228,-6.711165947e-06,-6.663229047e-05,2.396844981e-05,-4.841626862e-05,0.4209985228,-0.0001097755001,-6.711165947e-06,-6.663229047e-05,2.396844981e-05,-4.841626862e-05,0.4209985228,-0.0001097755001,0,0,0,0,0,0
9.78,1,1,5.05734291e-05,3.73907817e-05,-1.821602186e-05,5.153216709e-05,-0.01878191696,-3.715109721e-05,0,0,0,0,0.003141592654,0,-0.01834814166,0.004158922986,0.005032152829,-0.0004337752931,-0.005649599209,-0.04944031129,13.06097108,0,-0.2156898129,0.05258190395,0.06775242037,-0.07378925189,1.021925977,-0.0005544982225,9.245338212,0.07378925189,0.0005544982225,9.387434382,9.387434382,0.02147678299,0.4224345472,-4.793689962e-06,-6.902913545e-05,2.396844981e-05,-4.889563761e-05,0.4224345472,-0.0001102548691,-4.793689962e-06,-6.902913545e-05,2.396844981e-05,-4.889563761e-05,0.4224345472,-0.0001102548691,0,0,0,0,0,0
9.79,1,1,4.889563761e-05,3.667172821e-05,-1.845570635e-05,5.177185159e-05,-0.01873757532,-3.691141271e-05,0,0,0,0,0.005235987756,0,-0.01830630102,0.004209187274,0.005020681978,-0.0004312743078,-0.005613898609,-0.04711785983,13.05340319,0,-0.2151866856,0.05235384758,0.05065766852,-0.07328048202,1.023980417,-0.0005300779884,8.811039788,0.07328048202,0.0005300779884,8.935508017,8.935508017,0.021456547,0.4020978607,-1.438106989e-06,-6.759102847e-05,2.444781881e-05,-4.937500661e-05,0.4020978607,-0.0001107342381,-1.438106989e-06,-6.759102847e-05,2.444781881e-05,-4.937500661e-05,0.4020978607,-0.0001107342381,0,0,0,0,0,0
9.8,1,1,4.913532211e-05,3.73907817e-05,-1.821602186e-05,5.08131136e-05,-0.01867981136,-3.76304662e-05,0,0,0,0,0.006283185307,0,-0.0182639583,0.004259336166,0.005009073483,-0.0004158530577,-0.005409666465,-0.04440406115,13.0435777,0,-0.2145311983,0.05068724646,0.01053160027,-0.07056140487,1.024972866,-0.0005000425499,8.303559435,0.07056140487,0.0005000425499,8.385152482,8.385152482,0.02143621944,0.3773318617,-1.917475985e-06,-6.902913545e-05,2.396844981e-05,-4.745753063e-05,0.3773318617,-0.0001092961311,-1.917475985e-06,-6.902913545e-05,2.396844981e-05,-4.745753063e-05,0.3773318617,-0.0001092961311,0,0,0,0,0,0
9.81,1,1,4.985437561e-05,3.715109721e-05,-1.797633736e-05,5.129248259e-05,-0.01861102191,-3.73907817e-05,0,0,0,0,0.007330382858,0,-0.01822111468,0.004309368286,0.004997327661,-0.0003899072269,-0.005068506342,-0.04051763181,13.03192574,0,-0.2137505061,0.04784801467,-0.04389864282,-0.06605239827,1.025954838,-0.0004567152703,7.576797149,0.06605239827,0.0004567152703,7.59940762,7.59940762,0.02141575092,0.3419733429,-3.355582973e-06,-6.854976646e-05,2.348908081e-05,-4.841626862e-05,0.3419733429,-0.0001097755001,-3.355582973e-06,-6.854976646e-05,2.348908081e-05,-4.841626862e-05,0.3419733429,-0.0001097755001,0,0,0,0,0,0
9.82,1,1,5.10527981e-05,3.715109721e-05,-1.821602186e-05,5.10527981e-05,-0.01854247214,-3.691141271e-05,0,0,0,0,0.005235987756,0,-0.01817777133,0.004359282263,0.004985444835,-0.0003647008122,-0.004737440885,-0.03985403141,13.02036718,0,-0.2129724356,0.04509001916,-0.08561344159,-0.06168321983,1.023785314,-0.0004469074911,7.452703873,0.06168321983,0.0004469074911,7.429220559,7.429220559,0.02139517479,0.3343149251,-5.752427955e-06,-6.854976646e-05,2.396844981e-05,-4.793689962e-05,0.3343149251,-0.0001107342381,-5.752427955e-06,-6.854976646e-05,2.396844981e-05,-4.793689962e-05,0.3343149251,-0.0001107342381,0,0,0,0,0,0
9.83,1,1,5.201153609e-05,3.715109721e-05,-1.725728386e-05,5.153216709e-05,-0.01848782408,-3.667172821e-05,0,0,0,0,0.004188790205,0,-0.01813392944,0.004409076727,0.004973425331,-0.0003538946418,-0.00459417646,-0.03974697665,13.01119035,0,-0.2123520856,0.04393576685,-0.09083723197,-0.05977570444,1.022681001,-0.0004443183436,7.432684633,0.05977570444,0.0004443183436,7.402067424,7.402067424,0.02137460072,0.3330930341,-7.669903939e-06,-6.854976646e-05,2.205097383e-05,-4.889563761e-05,0.3330930341,-0.0001112136071,-7.669903939e-06,-6.854976646e-05,2.205097383e-05,-4.889563761e-05,0.3330930341,-0.0001112136071,0,0,0,0,0,0
9.84,1,1,5.129248259e-05,3.78701507e-05,-1.821602186e-05,5.177185159e-05,-0.01845283014,-3.73907817e-05,0,0,0,0,0.001047197551,0,-0.0180895902,0.004458750315,0.004961269477,-0.0003632399415,-0.004713112437,-0.04397960884,13.00533149,0,-0.2119548114,0.04502680639,-0.05309032748,-0.06129558957,1.019500302,-0.0004881119436,8.224186853,0.06129558957,0.0004881119436,8.232880227,8.232880227,0.02135413398,0.3704796102,-6.231796951e-06,-6.998787345e-05,2.396844981e-05,-4.937500661e-05,0.3704796102,-0.0001097755001,-6.231796951e-06,-6.998787345e-05,2.396844981e-05,-4.937500661e-05,0.3689123913,-0.0001097755001,0,0,0,0,1,0
9.85,1,1,5.129248259e-05,3.715109721e-05,-1.797633736e-05,5.08131136e-05,-0.0184410856,-3.643204371e-05,0,0,0,0,0,0,-0.01804475484,0.004508301664,0.004948977608,-0.0003963307635,-0.005140626587,-0.04876264649,13.00336822,0,-0.2118214739,0.04876264649,0.0255311918,-0.06684546038,1.018441086,-0.0005395608557,9.118614894,0.06684546038,0.0005395608557,9.211531107,9.211531107,0.02133390804,0.4145188998,-6.231796951e-06,-6.854976646e-05,2.348908081e-05,-4.745753063e-05,0.4145188998,-0.0001116929761,-6.231796951e-06,-6.854976646e-05,2.348908081e-05,-4.745753063e-05,0.4145188998,-0.0001116929761,0,0,0,0,0,0
9.86,1,1,4.961469111e-05,3.643204371e-05,-1.797633736e-05,5.10527981e-05,-0.01843437443,-3.691141271e-05,0,0,0,0,0,0,-0.01799942458,0.004557729415,0.00493655006,-0.0004349498565,-0.00563967913,-0.05311223997,13.00224704,0,-0.2117452798,0.05311223997,0.1004548084,-0.07332850127,1.018434374,-0.00058713046,9.931988875,0.07332850127,0.00058713046,10.10635931,10.10635931,0.02131392535,0.4547861692,-2.876213977e-06,-6.711165947e-05,2.348908081e-05,-4.793689962e-05,0.4547861692,-0.0001107342381,-2.876213977e-06,-6.711165947e-05,2.348908081e-05,-4.793689962e-05,0.4547861692,-0.0001107342381,0,0,0,0,0,0
9.87,1,1,5.05734291e-05,3.667172821e-05,-1.749696836e-05,5.129248259e-05,-0.01842119179,-3.715109721e-05,0,0,0,0,0.001047197551,0,-0.01795360066,0.004607032214,0.004923987174,-0.0004675911219,-0.006060652449,-0.05574727779,13.00004619,0,-0.2115956101,0.05679447535,0.1490345257,-0.07878876178,1.019468663,-0.0006169387508,10.42474095,0.07878876178,0.0006169387508,10.65318117,10.65318117,0.02129415841,0.4793931528,-4.793689962e-06,-6.759102847e-05,2.253034282e-05,-4.841626862e-05,0.4793931528,-0.0001102548691,-4.793689962e-06,-6.759102847e-05,2.253034282e-05,-4.841626862e-05,0.4793931528,-0.0001102548691,0,0,0,0,0,0
9.88,1,1,5.129248259e-05,3.643204371e-05,-1.797633736e-05,5.225122059e-05,-0.01839458681,-3.643204371e-05,0,0,0,0,0.002094395102,0,-0.01790728435,0.004656208708,0.004911289295,-0.000487302453,-0.006313228507,-0.05694246427,12.99561037,0,-0.2112935384,0.05903685937,0.1622389063,-0.08204425788,1.020490079,-0.0006308459125,10.64824082,0.08204425788,0.0006308459125,10.89315483,10.89315483,0.02127450542,0.4901919673,-6.231796951e-06,-6.711165947e-05,2.348908081e-05,-5.03337446e-05,0.4901919673,-0.0001116929761,-6.231796951e-06,-6.711165947e-05,2.348908081e-05,-5.03337446e-05,0.4901919673,-0.0001116929761,0,0,0,0,0,0
9.89,1,1,4.961469111e-05,3.643204371e-05,-1.773665286e-05,5.177185159e-05,-0.01835000549,-3.73907817e-05,0,0,0,0,0.004188790205,0,-0.01786047692,0.004705257551,0.00489845677,-0.0004895285746,-0.006338409249,-0.05514496008,12.98819505,0,-0.2107873315,0.05933375029,0.1373419494,-0.08232449563,1.022543182,-0.0006128259222,10.31210754,0.08232449563,0.0006128259222,10.53238681,10.53238681,0.02125483796,0.4739574063,-2.876213977e-06,-6.711165947e-05,2.300971182e-05,-4.937500661e-05,0.4739574063,-0.0001097755001,-2.876213977e-06,-6.711165947e-05,2.300971182e-05,-4.937500661e-05,0.4739574063,-0.0001097755001,0,0,0,0,0,0
9.9,1,1,5.03337446e-05,3.691141271e-05,-1.773665286e-05,5.177185159e-05,-0.01828313352,-3.73907817e-05,0,0,0,0,0.007330382858,0,-0.01781317963,0.004754177396,0.004885489951,-0.0004699538824,-0.006080577844,-0.04987468045,12.9771135,0,-0.2100279444,0.05720506331,0.07236155692,-0.0789083488,1.02562695,-0.0005570861963,9.326565244,0.0789083488,0.0005570861963,9.478392236,9.478392236,0.02123501944,0.4265276506,-4.314320966e-06,-6.807039746e-05,2.300971182e-05,-4.937500661e-05,0.4265276506,-0.0001097755001,-4.314320966e-06,-6.807039746e-05,2.300971182e-05,-4.937500661e-05,0.4265276506,-0.0001097755001,0,0,0,0,0,0
9.91,1,1,5.00940601e-05,3.667172821e-05,-1.773665286e-05,5.153216709e-05,-0.0182121869,-3.715109721e-05,0,0,0,0,0.006283185307,0,-0.0177653938,0.004802966903,0.004872389195,-0.0004467931017,-0.005776595681,-0.04839331615,12.96541096,0,-0.2092221859,0.05467650146,0.01313234422,-0.07489593695,1.024505242,-0.0005388514867,9.049550121,0.07489593695,0.0005388514867,9.138117253,9.138117253,0.02121506725,0.4112152764,-3.83495197e-06,-6.759102847e-05,2.300971182e-05,-4.889563761e-05,0.4112152764,-0.0001102548691,-3.83495197e-06,-6.759102847e-05,2.300971182e-05,-4.889563761e-05,0.4112152764,-0.0001102548691,0,0,0,0,0,0
9.92,1,1,5.03337446e-05,3.73907817e-05,-1.797633736e-05,5.129248259e-05,-0.01816928338,-3.667172821e-05,0,0,0,0,0.002094395102,0,-0.01771712073,0.004851624735,0.004859154859,-0.000452162645,-0.005842683442,-0.05322858518,12.95836113,0,-0.2087348698,0.05532298028,0.02379568957,-0.07571160201,1.020264775,-0.0005872446675,9.953745429,0.07571160201,0.0005872446675,10.05383997,10.05383997,0.02119522148,0.4524227984,-4.314320966e-06,-6.902913545e-05,2.348908081e-05,-4.841626862e-05,0.4524227984,-0.0001112136071,-4.314320966e-06,-6.902913545e-05,2.348908081e-05,-4.841626862e-05,0.4524227984,-0.0001112136071,0,0,0,0,0,0
9.93,1,1,5.153216709e-05,3.667172821e-05,-1.749696836e-05,5.05734291e-05,-0.0181520261,-3.691141271e-05,0,0,0,0,0.001047197551,0,-0.01766836175,0.004900149556,0.004845787307,-0.000483664344,-0.00624716666,-0.05782993909,12.95553118,0,-0.2085388437,0.05887713665,0.08492511557,-0.08093536248,1.019199498,-0.0006360892748,10.81419861,0.08093536248,0.0006360892748,10.98069518,10.98069518,0.02117566523,0.494131283,-6.711165947e-06,-6.759102847e-05,2.253034282e-05,-4.697816163e-05,0.494131283,-0.0001107342381,-6.711165947e-06,-6.759102847e-05,2.253034282e-05,-4.697816163e-05,0.494131283,-0.0001107342381,0,0,0,0,0,0
9.94,1,1,5.153216709e-05,3.619235921e-05,-1.725728386e-05,5.08131136e-05,-0.01814387682,-3.643204371e-05,0,0,0,0,0,0,-0.01761911819,0.004948540038,0.004832286905,-0.0005247586315,-0.006775538233,-0.06349655112,12.95419596,0,-0.2084462738,0.06349655112,0.1539915614,-0.08777165003,1.018143877,-0.0006963383486,11.87385506,0.08777165003,0.0006963383486,12.11631461,12.11631461,0.02115644644,0.5452341574,-6.711165947e-06,-6.663229047e-05,2.205097383e-05,-4.745753063e-05,0.5452341574,-0.0001116929761,-6.711165947e-06,-6.663229047e-05,2.205097383e-05,-4.745753063e-05,0.5452341574,-0.0001116929761,0,0,0,0,0,0
9.95,1,1,5.03337446e-05,3.715109721e-05,-1.725728386e-05,5.153216709e-05,-0.01812829733,-3.715109721e-05,0,0,0,0,0.001047197551,0,-0.0175693914,0.004996794853,0.004818654024,-0.0005589059272,-0.007213514571,-0.06629420291,12.95164538,0,-0.208269298,0.06734140046,0.1959032055,-0.09342688266,1.019175769,-0.0007278392265,12.39701594,0.09342688266,0.0007278392265,12.68707387,12.68707387,0.02113746878,0.5709183242,-4.314320966e-06,-6.854976646e-05,2.205097383e-05,-4.889563761e-05,0.5709183242,-0.0001102548691,-4.314320966e-06,-6.854976646e-05,2.205097383e-05,-4.889563761e-05,0.5709183242,-0.0001102548691,0,0,0,0,0,0
9.96,1,1,5.03337446e-05,3.81098352e-05,-1.749696836e-05,5.10527981e-05,-0.01809593992,-3.643204371e-05,0,0,0,0,0.004188790205,0,-0.01751918275,0.005044912678,0.004804889037,-0.0005767571723,-0.007440099172,-0.06518504992,12.94635657,0,-0.2079017172,0.06937384013,0.1961854482,-0.09632217679,1.022289117,-0.0007193983305,12.18960434,0.09632217679,0.0007193983305,12.48283136,12.48283136,0.02111859777,0.5617274111,-4.314320966e-06,-7.046724244e-05,2.253034282e-05,-4.793689962e-05,0.5617274111,-0.0001116929761,-4.314320966e-06,-7.046724244e-05,2.253034282e-05,-4.793689962e-05,0.5617274111,-0.0001116929761,0,0,0,0,0,0
9.97,1,1,5.05734291e-05,3.715109721e-05,-1.773665286e-05,5.08131136e-05,-0.01804296965,-3.643204371e-05,0,0,0,0,0.006283185307,0,-0.01746849361,0.005092892195,0.004790992321,-0.0005744760384,-0.007405913245,-0.06288554626,12.93772351,0,-0.2072999278,0.06916873157,0.1559367664,-0.09581565787,1.024336025,-0.0006961780424,11.75959715,0.09581565787,0.0006961780424,12.01204575,12.01204575,0.02109965844,0.5405420589,-4.793689962e-06,-6.854976646e-05,2.300971182e-05,-4.745753063e-05,0.5405420589,-0.0001116929761,-4.793689962e-06,-6.854976646e-05,2.300971182e-05,-4.745753063e-05,0.5406458229,-0.0001116929761,0,0,0,0,1,0
9.98,1,1,5.129248259e-05,3.73907817e-05,-1.773665286e-05,5.08131136e-05,-0.01795692291,-3.571299022e-05,0,0,0,0,0.009424777961,0,-0.01741732537,0.005140732087,0.004776964258,-0.0005395975419,-0.006950371623,-0.05591521493,12.92376547,0,-0.2063222392,0.06533999289,0.05605370417,-0.08982497277,1.027403907,-0.0006221592527,10.45614519,0.08982497277,0.0006221592527,10.60264603,10.60264603,0.02108041241,0.4771190713,-6.231796951e-06,-6.902913545e-05,2.300971182e-05,-4.745753063e-05,0.4771190713,-0.0001131310831,-6.231796951e-06,-6.902913545e-05,2.300971182e-05,-4.745753063e-05,0.4771190713,-0.0001131310831,0,0,0,0,0,0
9.99,1,1,5.10527981e-05,3.78701507e-05,-1.941444435e-05,5.08131136e-05,-0.01784139499,-3.643204371e-05,0,0,0,0,0.01256637061,0,-0.01736567944,0.005188431043,0.004762805232,-0.0004757155474,-0.006121219211,-0.0457161115,12.90515291,0,-0.2050093415,0.05828248212,-0.08398643843,-0.07899526992,1.030447244,-0.0005112161699,8.548912851,0.07899526992,0.0005112161699,8.544432899,8.544432899,0.02106069152,0.3844994804,-5.752427955e-06,-6.998787345e-05,2.636529479e-05,-4.745753063e-05,0.3844994804,-0.0001116929761,-5.752427955e-06,-6.998787345e-05,2.636529479e-05,-4.745753063e-05,0.3976285663,-0.0001116929761,0,0,0,0,1,0
10,1,1,5.03337446e-05,3.78701507e-05,-1.917475985e-05,5.10527981e-05,-0.01772035431,-3.595267472e-05,0,0,0,0,0.01151917306,0,-0.01731355723,0.005235987756,0.004748515631,-0.000406797089,-0.005228862639,-0.03913874563,12.88580875,0,-0.2036335077,0.05065791869,-0.2080193545,-0.06737812393,1.0292727,-0.0004362521985,7.318945433,0.06737812393,0.0004362521985,7.178740455,7.178740455,0.02104059693,0.3230433205,-4.314320966e-06,-6.998787345e-05,2.58859258e-05,-4.793689962e-05,0.3230433205,-0.0001126517141,-4.314320966e-06,-6.998787345e-05,2.58859258e-05,-4.793689962e-05,0.3230433205,-0.0001126517141,0,0,0,0,0,0
10.01,1,1,4.985437561e-05,3.667172821e-05,-1.917475985e-05,5.177185159e-05,-0.01762999326,-3.619235921e-05,0,0,0,0,0.005235987756,0,-0.01726096016,0.005283400922,0.004734095848,-0.0003690330968,-0.004739319517,-0.0412625354,12.87147172,0,-0.2026062096,0.04649852316,-0.2442096165,-0.06100201715,1.022872835,-0.0004537865127,7.71609412,0.06100201715,0.0004537865127,7.533340307,7.533340307,0.02102039091,0.3390003138,-3.355582973e-06,-6.759102847e-05,2.58859258e-05,-4.937500661e-05,0.3390003138,-0.0001121723451,-3.355582973e-06,-6.759102847e-05,2.58859258e-05,-4.937500661e-05,0.3390003138,-0.0001121723451,0,0,0,0,0,0
10.02,1,1,4.985437561e-05,3.691141271e-05,-1.821602186e-05,5.153216709e-05,-0.01759811522,-3.643204371e-05,0,0,0,0,0.001047197551,0,-0.01720788969,0.00533066924,0.004719546277,-0.0003902255306,-0.005008902098,-0.04785988694,12.86643501,0,-0.2022437553,0.04890708449,-0.1535676826,-0.06444671329,1.018645587,-0.0005215029562,8.949798857,0.06444671329,0.0005215029562,8.861199391,8.861199391,0.02100041668,0.3987539726,-3.355582973e-06,-6.807039746e-05,2.396844981e-05,-4.889563761e-05,0.3987539726,-0.0001116929761,-3.355582973e-06,-6.807039746e-05,2.396844981e-05,-4.889563761e-05,0.3987539726,-0.0001116929761,0,0,0,0,0,0
10.03,1,1,5.05734291e-05,3.667172821e-05,-1.677791487e-05,5.08131136e-05,-0.0175969168,-3.76304662e-05,0,0,0,0,0,0,-0.01715434726,0.005377791416,0.004704867317,-0.0004425695337,-0.005678909496,-0.05478365173,12.86624587,0,-0.2022301289,0.05478365173,-0.01788769882,-0.07306624585,1.017596917,-0.0005951622461,10.24454287,0.07306624585,0.0005951622461,10.30031658,10.30031658,0.02098082745,0.4635142462,-4.793689962e-06,-6.759102847e-05,2.109223583e-05,-4.745753063e-05,0.4635142462,-0.0001092961311,-4.793689962e-06,-6.759102847e-05,2.109223583e-05,-4.745753063e-05,0.4635142462,-0.0001092961311,0,0,0,0,0,0
10.04,1,1,5.03337446e-05,3.619235921e-05,-1.581917688e-05,5.129248259e-05,-0.0175969168,-3.715109721e-05,0,0,0,0.001047197551,0,0,-0.01710033435,0.005424766157,0.00469005937,-0.0004965824449,-0.00636991461,-0.06084206005,12.86624587,0,-0.2022301289,0.06084206005,0.09610173617,-0.08195688755,1.017596917,-0.0006603733242,11.37746523,0.08195688755,0.0006603733242,11.55618423,11.55618423,0.02096160734,0.5200282902,-4.314320966e-06,-6.663229047e-05,1.917475985e-05,-0.0001531360237,0.5200282902,-0.0001102548691,-4.314320966e-06,-6.663229047e-05,1.917475985e-05,-0.0001531360237,0.5200282902,-0.0001102548691,0,0,0,0,0,0
10.05,1,1,4.985437561e-05,3.571299022e-05,-1.653823037e-05,5.08131136e-05,-0.01759356121,-3.73907817e-05,0,0,0,0,0,0,-0.01704585244,0.005471592175,0.004675122844,-0.0005477087781,-0.007023296373,-0.06657547386,12.86571637,0,-0.2021919745,0.06657547386,0.1832379987,-0.09035973915,1.017593561,-0.0007219480588,12.44961361,0.09035973915,0.0007219480588,12.7239333,12.7239333,0.02094277896,0.5725769984,-3.355582973e-06,-6.567355248e-05,2.061286684e-05,-4.745753063e-05,0.5725769984,-0.0001097755001,-3.355582973e-06,-6.567355248e-05,2.061286684e-05,-4.745753063e-05,0.5725769984,-0.0001097755001,0,0,0,0,0,0
10.06,1,1,5.129248259e-05,3.667172821e-05,-1.725728386e-05,5.05734291e-05,-0.01758181667,-3.715109721e-05,0,0,0,0,0.002094395102,0,-0.01699090301,0.005518268186,0.004660058146,-0.000590913665,-0.007574280451,-0.06933064237,12.8638641,0,-0.2020584326,0.07142503748,0.2378539085,-0.09743451438,1.019677308,-0.0007542405049,12.96483012,0.09743451438,0.0007542405049,13.30087279,13.30087279,0.02092429665,0.5985392754,-6.231796951e-06,-6.759102847e-05,2.205097383e-05,-4.697816163e-05,0.5985392754,-0.0001102548691,-6.231796951e-06,-6.759102847e-05,2.205097383e-05,-4.697816163e-05,0.5985392754,-0.0001102548691,0,0,0,0,0,0
10.07,1,1,5.10527981e-05,3.691141271e-05,-1.773665286e-05,5.273058958e-05,-0.0175489799,-3.78701507e-05,0,0,0,0,0.004188790205,0,-0.01693548758,0.005564792912,0.004644865691,-0.0006134923209,-0.007859524023,-0.06979205003,12.85869323,0,-0.2016850459,0.07398084024,0.2403402385,-0.1010632084,1.021742157,-0.0007616695201,13.05111336,0.1010632084,0.0007616695201,13.39327847,13.39327847,0.02090594686,0.6026975313,-5.752427955e-06,-6.807039746e-05,2.300971182e-05,-5.129248259e-05,0.6026975313,-0.0001088167621,-5.752427955e-06,-6.807039746e-05,2.300971182e-05,-5.129248259e-05,0.6026975313,-0.0001088167621,0,0,0,0,0,0
10.08,1,1,5.10527981e-05,3.78701507e-05,-1.821602186e-05,5.201153609e-05,-0.01747923171,-3.595267472e-05,0,0.001047197551,0,0,0.00837758041,0,-0.01687960766,0.005611165076,0.004629545894,-0.0005996240495,-0.007676063988,-0.0641093725,12.84774859,0,-0.200891869,0.07248695291,0.1673145254,-0.09862014027,1.025874358,-0.0007046980435,11.98845266,0.09862014027,0.0007046980435,12.25509202,12.25509202,0.02088739363,0.5514791409,-5.752427955e-06,-0.0001747076286,2.396844981e-05,-4.985437561e-05,0.5514791409,-0.0001126517141,-5.752427955e-06,-0.0001747076286,2.396844981e-05,-4.985437561e-05,0.5514791409,-0.0001126517141,0,0,0,0,0,0
10.09,1,1,5.10527981e-05,3.643204371e-05,-1.941444435e-05,5.153216709e-05,-0.01738767223,-3.643204371e-05,0,0,0,0,0.00837758041,0,-0.01682326479,0.005657383407,0.004614099176,-0.0005644074424,-0.007218846822,-0.06024207006,12.83346118,0,-0.1998505088,0.06861965047,0.06594286267,-0.09264279046,1.025782799,-0.0006614726879,11.2652671,0.09264279046,0.0006614726879,11.42451423,11.42451423,0.0208685245,0.5141031402,-5.752427955e-06,-6.711165947e-05,2.636529479e-05,-4.889563761e-05,0.5141031402,-0.0001116929761,-5.752427955e-06,-6.711165947e-05,2.636529479e-05,-4.889563761e-05,0.5141031402,-0.0001116929761,0,0,0,0,0,0
10.1,1,1,5.10527981e-05,3.619235921e-05,-1.965412884e-05,5.177185159e-05,-0.01729251748,-3.667172821e-05,0,0,0,0,0.00837758041,0,-0.01676646051,0.005703446638,0.00459852596,-0.0005260569767,-0.006722249171,-0.05602419029,12.81870847,0,-0.1987680834,0.0644017707,-0.02300540638,-0.08617055239,1.025687644,-0.0006144818466,10.47652358,0.08617055239,0.0006144818466,10.54030321,10.54030321,0.02084938382,0.4743136446,-5.752427955e-06,-6.663229047e-05,2.684466379e-05,-4.937500661e-05,0.4743136446,-0.0001112136071,-5.752427955e-06,-6.663229047e-05,2.684466379e-05,-4.937500661e-05,0.4743136446,-0.0001112136071,0,0,0,0,0,0
10.11,1,1,5.05734291e-05,3.667172821e-05,-1.989381334e-05,5.153216709e-05,-0.01721078507,-3.691141271e-05,0,0,0,0,0.006283185307,0,-0.01670919638,0.005749353506,0.004582826673,-0.0005015886943,-0.006404298338,-0.0554430243,12.80611442,0,-0.1978382018,0.0617262096,-0.06705673743,-0.08201417727,1.02350384,-0.0006049623227,10.36784554,0.08201417727,0.0006049623227,10.38340795,10.38340795,0.02083014934,0.4672533575,-4.793689962e-06,-6.759102847e-05,2.732403278e-05,-4.889563761e-05,0.4672533575,-0.0001107342381,-4.793689962e-06,-6.759102847e-05,2.732403278e-05,-4.889563761e-05,0.4672533575,-0.0001107342381,0,0,0,0,0,0
10.12,1,1,5.03337446e-05,3.643204371e-05,-1.797633736e-05,5.10527981e-05,-0.0171546989,-3.691141271e-05,0,0,0,0,0.004188790205,0,-0.01665147396,0.005795102752,0.004567001746,-0.000503224935,-0.006420875591,-0.05776562333,12.79751359,0,-0.1972000263,0.06195441353,-0.05000370439,-0.08217124262,1.021347876,-0.0006270753193,10.80217156,0.08217124262,0.0006270753193,10.83496618,10.83496618,0.02081100532,0.4875734779,-4.314320966e-06,-6.711165947e-05,2.348908081e-05,-4.793689962e-05,0.4875734779,-0.0001107342381,-4.314320966e-06,-6.711165947e-05,2.348908081e-05,-4.793689962e-05,0.4875734779,-0.0001107342381,0,0,0,0,0,0
10.13,1,1,5.08131136e-05,3.643204371e-05,-1.725728386e-05,5.05734291e-05,-0.01711563033,-3.667172821e-05,0,0,0,0,0.002094395102,0,-0.01659329485,0.005840693123,0.004551051612,-0.0005223354741,-0.006660907548,-0.06203203422,12.7915423,0,-0.1967554492,0.06412642932,-0.0004961602329,-0.08520328063,1.019211122,-0.0006699632998,11.5999904,0.08520328063,0.0006699632998,11.68536748,11.68536748,0.02079205522,0.5258415367,-5.273058958e-06,-6.711165947e-05,2.205097383e-05,-4.697816163e-05,0.5258415367,-0.0001112136071,-5.273058958e-06,-6.711165947e-05,2.205097383e-05,-4.697816163e-05,0.5258415367,-0.0001112136071,0,0,0,0,0,0
10.14,1,1,5.05734291e-05,3.667172821e-05,-1.701759937e-05,5.00940601e-05,-0.01709022377,-3.691141271e-05,0,0,0,0,0.002094395102,0,-0.01653466063,0.005886123369,0.004534976709,-0.0005555631337,-0.007081147657,-0.06577331456,12.78766788,0,-0.196466322,0.06786770966,0.06829715098,-0.09055136442,1.019185715,-0.0007096968266,12.29960982,0.09055136442,0.0007096968266,12.45916803,12.45916803,0.02077340749,0.5606625615,-4.793689962e-06,-6.759102847e-05,2.157160483e-05,-4.601942364e-05,0.5606625615,-0.0001107342381,-4.793689962e-06,-6.759102847e-05,2.157160483e-05,-4.601942364e-05,0.5606625615,-0.0001107342381,0,0,0,0,0,0
10.15,1,1,4.985437561e-05,3.76304662e-05,-1.605886137e-05,4.889563761e-05,-0.01706673469,-3.643204371e-05,0,0,0,0,0.003141592654,0,-0.01647557292,0.005931392243,0.004518777477,-0.0005911617659,-0.007531253042,-0.06872940378,12.784092,0,-0.1961990046,0.07187099643,0.1290165358,-0.09628023174,1.020210795,-0.0007424287241,12.85239851,0.09628023174,0.0007424287241,13.0784377,13.0784377,0.02075506361,0.5885296966,-3.355582973e-06,-6.950850445e-05,1.965412884e-05,-4.362257866e-05,0.5885296966,-0.0001116929761,-3.355582973e-06,-6.950850445e-05,1.965412884e-05,-4.362257866e-05,0.5885296966,-0.0001116929761,0,0,0,0,0,0
10.16,1,1,5.153216709e-05,3.81098352e-05,-1.653823037e-05,5.129248259e-05,-0.01703006296,-3.643204371e-05,0,0,0,0,0.004188790205,0,-0.01641603333,0.005976498505,0.00450245436,-0.0006140296275,-0.007818198301,-0.07026929271,12.77852101,0,-0.1957816409,0.07445808291,0.1519601407,-0.09990501125,1.02122324,-0.0007599036814,13.14035774,0.09990501125,0.0007599036814,13.39298279,13.39298279,0.02073688619,0.6026842256,-6.711165947e-06,-7.046724244e-05,2.061286684e-05,-4.841626862e-05,0.6026842256,-0.0001116929761,-6.711165947e-06,-7.046724244e-05,2.061286684e-05,-4.841626862e-05,0.6026842256,-0.0001116929761,0,0,0,0,0,0
10.17,1,1,5.03337446e-05,3.73907817e-05,-1.797633736e-05,5.00940601e-05,-0.0169660672,-3.595267472e-05,0,0,0,0,0.007330382858,0,-0.0163560435,0.006021440919,0.004486007807,-0.0006100237007,-0.007761588785,-0.06672820424,12.7688334,0,-0.1950532385,0.0740585871,0.1156158027,-0.09910643413,1.024309884,-0.0007253398656,12.47817419,0.09910643413,0.0007253398656,12.69362177,12.69362177,0.0207186209,0.5712129796,-4.314320966e-06,-6.902913545e-05,2.348908081e-05,-4.601942364e-05,0.5712129796,-0.0001126517141,-4.314320966e-06,-6.902913545e-05,2.348908081e-05,-4.601942364e-05,0.5712129796,-0.0001126517141,0,0,0,0,0,0
10.18,1,1,5.03337446e-05,3.76304662e-05,-1.893507535e-05,5.129248259e-05,-0.01687067277,-3.571299022e-05,0,0,0,0,0.01047197551,0,-0.01629560506,0.006066218251,0.004469438267,-0.0005750677043,-0.007310213643,-0.05974672513,12.75447351,0,-0.1939673097,0.07021870064,0.02344541798,-0.09323792626,1.027370064,-0.0006527512531,11.1726376,0.09323792626,0.0006527512531,11.28997369,11.28997369,0.02069999839,0.5080488162,-4.314320966e-06,-6.950850445e-05,2.54065568e-05,-4.841626862e-05,0.5080488162,-0.0001131310831,-4.314320966e-06,-6.950850445e-05,2.54065568e-05,-4.841626862e-05,0.5080488162,-0.0001131310831,0,0,0,0,0,0
10.19,1,1,5.08131136e-05,3.81098352e-05,-1.917475985e-05,5.153216709e-05,-0.01676017821,-3.667172821e-05,0,0,0,0,0.01047197551,0,-0.01623471969,0.006110829276,0.004452746195,-0.0005254585274,-0.006672974886,-0.05427493131,12.73796114,0,-0.1927092713,0.06474690682,-0.08105543123,-0.08500009481,1.027259569,-0.0005922997864,10.14941215,0.08500009481,0.0005922997864,10.15394912,10.15394912,0.02068100933,0.4569277103,-5.273058958e-06,-7.046724244e-05,2.58859258e-05,-4.889563761e-05,0.4569277103,-0.0001112136071,-5.273058958e-06,-7.046724244e-05,2.58859258e-05,-4.889563761e-05,0.4569277103,-0.0001112136071,0,0,0,0,0,0
10.2,1,1,5.05734291e-05,3.76304662e-05,-1.893507535e-05,5.153216709e-05,-0.0166753299,-3.691141271e-05,0,0,0,0,0.00837758041,0,-0.01617338904,0.006155272768,0.004435932049,-0.0005019408655,-0.006368965194,-0.05379768648,12.72536895,0,-0.1917430719,0.06217526689,-0.1124792114,-0.0810474319,1.025070456,-0.0005840529834,10.06016737,0.0810474319,0.0005840529834,10.02931965,10.02931965,0.02066193417,0.451319384,-4.793689962e-06,-6.950850445e-05,2.54065568e-05,-4.889563761e-05,0.451319384,-0.0001107342381,-4.793689962e-06,-6.950850445e-05,2.54065568e-05,-4.889563761e-05,0.452075341,-0.0001107342381,0,0,0,0,1,0
10.21,1,1,5.05734291e-05,3.78701507e-05,-1.893507535e-05,5.03337446e-05,-0.0166166072,-3.667172821e-05,0,0,0,0,0.003141592654,0,-0.01611161479,0.006199547511,0.00441899629,-0.000504992406,-0.006403273799,-0.05941799612,12.71669844,0,-0.1910742952,0.06255958877,-0.08353239059,-0.08142850194,1.019760667,-0.0006378173084,11.11116527,0.08142850194,0.0006378173084,11.1096992,11.1096992,0.02064297143,0.4999364641,-4.793689962e-06,-6.998787345e-05,2.54065568e-05,-4.649879263e-05,0.4999364641,-0.0001112136071,-4.793689962e-06,-6.998787345e-05,2.54065568e-05,-4.649879263e-05,0.4999364641,-0.0001112136071,0,0,0,0,0,0
10.22,1,1,5.03337446e-05,3.73907817e-05,-1.797633736e-05,5.10527981e-05,-0.01659096096,-3.715109721e-05,0,0,0,0,0.001047197551,0,-0.01604939865,0.00624365229,0.004401939381,-0.0005415623058,-0.006863549787,-0.06562550305,12.71292312,0,-0.1907821969,0.0666727006,0.007752765578,-0.08725578074,1.017638433,-0.0007008890573,12.27196907,0.08725578074,0.0007008890573,12.36767851,12.36767851,0.02062437958,0.5565455328,-4.314320966e-06,-6.902913545e-05,2.348908081e-05,-4.793689962e-05,0.5565455328,-0.0001102548691,-4.314320966e-06,-6.902913545e-05,2.348908081e-05,-4.793689962e-05,0.5565455328,-0.0001102548691,0,0,0,0,0,0
10.23,1,1,5.05734291e-05,3.619235921e-05,-1.653823037e-05,5.03337446e-05,-0.01657873705,-3.691141271e-05,0,0,0,0,0.001047197551,0,-0.01598674232,0.006287585897,0.004384761792,-0.0005919947305,-0.007499532666,-0.07127798404,12.71112609,0,-0.1906429682,0.07232518159,0.1098508962,-0.09532750536,1.017626209,-0.0007605686249,13.32898302,0.09532750536,0.0007605686249,13.53492199,13.53492199,0.02060622981,0.6090714894,-4.793689962e-06,-6.663229047e-05,2.061286684e-05,-4.649879263e-05,0.6090714894,-0.0001107342381,-4.793689962e-06,-6.663229047e-05,2.061286684e-05,-4.649879263e-05,0.6090714894,-0.0001107342381,0,0,0,0,0,0
10.24,1,1,5.10527981e-05,3.643204371e-05,-1.629854587e-05,4.985437561e-05,-0.01656339724,-3.76304662e-05,0,0,0,0,0.002094395102,0,-0.01592364751,0.006331347126,0.004367463991,-0.0006397497319,-0.008100916852,-0.07558251092,12.70887323,0,-0.1904682458,0.07767690603,0.1871836427,-0.1029535253,1.018658889,-0.0008074401385,14.13392954,0.1029535253,0.0008074401385,14.42487415,14.42487415,0.02058847963,0.6491193368,-5.752427955e-06,-6.711165947e-05,2.013349784e-05,-4.554005464e-05,0.6491193368,-0.0001092961311,-5.752427955e-06,-6.711165947e-05,2.013349784e-05,-4.554005464e-05,0.6491193368,-0.0001092961311,0,0,0,0,0,0
10.25,1,1,5.08131136e-05,3.667172821e-05,-1.701759937e-05,4.985437561e-05,-0.01652480804,-3.78701507e-05,0,0,0,0,0.005235987756,0,-0.01586011596,0.006374934777,0.004350046455,-0.0006646920823,-0.008411902611,-0.07525619795,12.70321679,0,-0.1900286903,0.08049218571,0.2035681823,-0.1068582225,1.02176765,-0.0008081785326,14.07290902,0.1068582225,0.0008081785326,14.3841436,14.3841436,0.02057091198,0.647286462,-5.273058958e-06,-6.759102847e-05,2.157160483e-05,-4.554005464e-05,0.647286462,-0.0001088167621,-5.273058958e-06,-6.759102847e-05,2.157160483e-05,-4.554005464e-05,0.647286462,-0.0001088167621,0,0,0,0,0,0
10.26,1,1,4.937500661e-05,3.691141271e-05,-1.845570635e-05,5.08131136e-05,-0.01643804225,-3.667172821e-05,0,0,0,0,0.01151917306,0,-0.0157961494,0.006418347657,0.00433250966,-0.0006418928523,-0.008116467499,-0.06648459717,12.69055561,0,-0.1890402716,0.07800377024,0.1186824633,-0.1030024821,1.027990388,-0.0007220767672,12.43261967,0.1030024821,0.0007220767672,12.65502669,12.65502669,0.02055302362,0.5694762012,-2.396844981e-06,-6.807039746e-05,2.444781881e-05,-4.745753063e-05,0.5694762012,-0.0001112136071,-2.396844981e-06,-6.807039746e-05,2.444781881e-05,-4.745753063e-05,0.577382905,-0.0001112136071,0,0,0,0,1,0
10.27,1,1,5.00940601e-05,3.73907817e-05,-1.941444435e-05,5.05734291e-05,-0.01628704102,-3.667172821e-05,0,0,0,0,0.01675516082,0,-0.01573174959,0.006461584575,0.004314854087,-0.0005552914268,-0.007012936828,-0.05166561524,12.66870863,0,-0.1873197625,0.06842077606,-0.07992561939,-0.0888448533,1.033112386,-0.0005662224629,9.66147005,0.0888448533,0.0005662224629,9.670955506,9.670955506,0.02053430127,0.4351929978,-3.83495197e-06,-6.902913545e-05,2.636529479e-05,-4.697816163e-05,0.4351929978,-0.0001112136071,-3.83495197e-06,-6.902913545e-05,2.636529479e-05,-4.697816163e-05,0.477382905,-0.0001112136071,0,0,0,0,1,0
10.28,1,1,5.08131136e-05,3.78701507e-05,-2.013349784e-05,5.08131136e-05,-0.01609601247,-3.715109721e-05,0,0,0,0,0.01780235837,0,-0.0156669183,0.006504644345,0.00429708022,-0.0004290941745,-0.005411427384,-0.03661544839,12.64141055,0,-0.1851425812,0.05441780676,-0.3216378984,-0.0684080752,1.033977602,-0.0004015729364,6.847088848,0.0684080752,0.0004015729364,6.594260598,6.594260598,0.02051473439,0.2967417269,-5.273058958e-06,-6.998787345e-05,2.780340178e-05,-4.745753063e-05,0.2967417269,-0.0001102548691,-5.273058958e-06,-6.998787345e-05,2.780340178e-05,-4.745753063e-05,0.377382905,-0.0001102548691,0,0,0,0,1,0
10.29,1,1,5.05734291e-05,3.73907817e-05,-2.013349784e-05,5.08131136e-05,-0.01593254764,-3.643204371e-05,0,0,0,0,0.01151917306,0,-0.0156016573,0.006547525786,0.004279188546,-0.0003308903466,-0.004167676587,-0.03199670561,12.61835143,0,-0.1832790202,0.04351587867,-0.4599935514,-0.05258920781,1.027484894,-0.000346187965,5.983383949,0.05258920781,0.000346187965,5.576325793,5.576325793,0.02049479217,0.2509346607,-4.793689962e-06,-6.902913545e-05,2.780340178e-05,-4.745753063e-05,0.2509346607,-0.0001116929761,-4.793689962e-06,-6.902913545e-05,2.780340178e-05,-4.745753063e-05,0.277382905,-0.0001116929761,0,0,0,0,1,0
10.3,1,1,5.10527981e-05,3.73907817e-05,-1.917475985e-05,5.05734291e-05,-0.01585968356,-3.667172821e-05,0,0,0,0,0.002094395102,0,-0.01553596838,0.006590227724,0.004261179556,-0.0003237151768,-0.004074203722,-0.04066421515,12.60816167,0,-0.1824481865,0.04275861025,-0.3862888855,-0.05136821921,1.017955175,-0.0004314245648,7.604208233,0.05136821921,0.0004314245648,7.269718991,7.269718991,0.02047498287,0.3271373546,-5.752427955e-06,-6.902913545e-05,2.58859258e-05,-4.697816163e-05,0.3271373546,-0.0001112136071,-5.752427955e-06,-6.902913545e-05,2.58859258e-05,-4.697816163e-05,0.3205767868,-0.0001112136071,0,0,0,0,1,0
10.31,1,1,5.08131136e-05,3.619235921e-05,-1.725728386e-05,5.08131136e-05,-0.01585800576,-3.667172821e-05,0.001047197551,0,0,0,0,0,-0.01546985334,0.006632748988,0.004243053744,-0.0003881524199,-0.004883392512,-0.04998531782,12.60792768,0,-0.1824290544,0.04998531782,-0.1827028732,-0.06156945964,1.015858006,-0.0005276331479,9.347254432,0.06156945964,0.0005276331479,9.226648651,9.226648651,0.0204556319,0.4151991893,-0.0001099928141,-6.663229047e-05,2.205097383e-05,-4.745753063e-05,0.4151991893,-0.0001112136071,-0.0001099928141,-6.663229047e-05,2.205097383e-05,-4.745753063e-05,0.4151991893,-0.0001112136071,0,0,0,0,0,0
10.32,1,1,4.985437561e-05,3.691141271e-05,-1.653823037e-05,5.10527981e-05,-0.01586160103,-3.643204371e-05,0,0,0,0,0,0,-0.015403314,0.006675088412,0.004224811607,-0.0004582870264,-0.005763795669,-0.05784130167,12.60842913,0,-0.1824700518,0.05784130167,-0.005522207239,-0.07267240919,1.015861601,-0.0006099974112,10.81632341,0.07267240919,0.0006099974112,10.88408361,10.88408361,0.02043671448,0.4897837626,-3.355582973e-06,-6.807039746e-05,2.061286684e-05,-4.793689962e-05,0.4897837626,-0.0001116929761,-3.355582973e-06,-6.807039746e-05,2.061286684e-05,-4.793689962e-05,0.4897837626,-0.0001116929761,0,0,0,0,0,0
10.33,1,1,5.00940601e-05,3.595267472e-05,-1.462075438e-05,5.05734291e-05,-0.01586112166,-3.691141271e-05,0,0,0,0,0,0,-0.01533635219,0.006717244834,0.004206453644,-0.0005247694766,-0.006597524575,-0.0652847662,12.60836226,0,-0.1824645855,0.0652847662,0.1316132522,-0.08318397986,1.015861122,-0.0006878728985,12.20825128,0.08318397986,0.0006878728985,12.42373638,12.42373638,0.0204182684,0.5590681373,-3.83495197e-06,-6.615292148e-05,1.677791487e-05,-4.697816163e-05,0.5590681373,-0.0001107342381,-3.83495197e-06,-6.615292148e-05,1.677791487e-05,-4.697816163e-05,0.5590681373,-0.0001107342381,0,0,0,0,0,0
10.34,1,1,5.05734291e-05,3.595267472e-05,-1.438106989e-05,5.00940601e-05,-0.01585728671,-3.619235921e-05,0,0,0,0,0,0,-0.01526896972,0.0067592171,0.004187980359,-0.0005883169882,-0.007393614347,-0.07239639791,12.60782741,0,-0.1824208549,0.07239639791,0.2375365017,-0.09321741365,1.015857287,-0.0007621268978,13.53812641,0.09321741365,0.0007621268978,13.86964245,13.86964245,0.0204003328,0.6241339103,-4.793689962e-06,-6.615292148e-05,1.629854587e-05,-4.601942364e-05,0.6241339103,-0.0001121723451,-4.793689962e-06,-6.615292148e-05,1.629854587e-05,-4.601942364e-05,0.6241339103,-0.0001121723451,0,0,0,0,0,0
10.35,1,1,5.10527981e-05,3.643204371e-05,-1.533980788e-05,5.05734291e-05,-0.01585297239,-3.643204371e-05,0,0,0,0,0,0,-0.01520116846,0.006801004059,0.004169392258,-0.000651803928,-0.008188299465,-0.07949632558,12.60722589,0,-0.1823716576,0.07949632558,0.3238359286,-0.103231741,1.015852972,-0.0008361463063,14.86581288,0.103231741,0.0008361463063,15.2937167,15.2937167,0.02038294913,0.6882172515,-5.752427955e-06,-6.711165947e-05,1.821602186e-05,-4.697816163e-05,0.6882172515,-0.0001116929761,-5.752427955e-06,-6.711165947e-05,1.821602186e-05,-4.697816163e-05,0.6882172515,-0.0001116929761,0,0,0,0,0,0
10.36,1,1,5.05734291e-05,3.715109721e-05,-1.677791487e-05,5.225122059e-05,-0.01583307858,-3.715109721e-05,0,0,0,0,0.003141592654,0,-0.01513295026,0.006842604564,0.004150689852,-0.0007001283136,-0.008791204646,-0.08176588695,12.60445469,0,-0.1821447992,0.0849074796,0.3627369196,-0.1108083406,1.018977139,-0.0008645943676,15.29022086,0.1108083406,0.0008645943676,15.76463071,15.76463071,0.02036598102,0.7094083821,-4.793689962e-06,-6.854976646e-05,2.109223583e-05,-5.03337446e-05,0.7094083821,-0.0001102548691,-4.793689962e-06,-6.854976646e-05,2.109223583e-05,-5.03337446e-05,0.7094083821,-0.0001102548691,0,0,0,0,0,0
10.37,1,1,5.00940601e-05,3.73907817e-05,-1.749696836e-05,5.225122059e-05,-0.0157738765,-3.78701507e-05,0,0,0,0,0.007330382858,0,-0.015064317,0.006884017476,0.004131873652,-0.0007095595096,-0.0089034957,-0.07866715211,12.59623189,0,-0.1814696485,0.08599753497,0.3147365725,-0.1121504965,1.023117693,-0.0008379033042,14.71075744,0.1121504965,0.0008379033042,15.13848242,15.13848242,0.02034898546,0.6812317088,-3.83495197e-06,-6.902913545e-05,2.253034282e-05,-5.03337446e-05,0.6812317088,-0.0001088167621,-3.83495197e-06,-6.902913545e-05,2.253034282e-05,-5.03337446e-05,0.6812317088,-0.0001088167621,0,0,0,0,0,0
10.38,1,1,5.05734291e-05,3.73907817e-05,-1.845570635e-05,5.225122059e-05,-0.01565619142,-3.691141271e-05,0,0,0,0,0.01361356817,0,-0.01499527054,0.00692524166,0.004112944174,-0.0006609208744,-0.008284863633,-0.06702326325,12.57999286,0,-0.1801273617,0.08063683142,0.1568660635,-0.1042235254,1.029316092,-0.0007219351037,12.53335023,0.1042235254,0.0007219351037,12.79516175,12.79516175,0.02033137324,0.5757822788,-4.793689962e-06,-6.902913545e-05,2.444781881e-05,-5.03337446e-05,0.5757822788,-0.0001107342381,-4.793689962e-06,-6.902913545e-05,2.444781881e-05,-5.03337446e-05,0.5812317088,-0.0001107342381,0,0,0,0,1,0
10.39,1,1,5.10527981e-05,3.667172821e-05,-2.037318234e-05,5.273058958e-05,-0.0154879329,-3.76304662e-05,0,0,0,0,0.01884955592,0,-0.0149258128,0.006966275984,0.004093901939,-0.0005621201037,-0.007037419821,-0.05084424771,12.55702112,0,-0.1782078212,0.06969380363,-0.07383143288,-0.08836902934,1.034426315,-0.0005526155839,9.507874322,0.08836902934,0.0005526155839,9.522964534,9.522964534,0.02031288935,0.4285334041,-5.752427955e-06,-6.759102847e-05,2.828277078e-05,-5.129248259e-05,0.4285334041,-0.0001092961311,-5.752427955e-06,-6.759102847e-05,2.828277078e-05,-5.129248259e-05,0.4812317088,-0.0001092961311,0,0,0,0,1,0
10.4,1,1,5.00940601e-05,3.643204371e-05,-1.965412884e-05,5.177185159e-05,-0.01528276297,-3.73907817e-05,0,0,0,0,0.01884955592,0,-0.01485594566,0.007007119324,0.004074747467,-0.0004268173094,-0.005335727302,-0.03582212655,12.52939952,0,-0.1758665135,0.05467168248,-0.3348476319,-0.06685345908,1.034221145,-0.0003888190473,6.698737666,0.06685345908,0.0003888190473,6.431132312,6.431132312,0.02029351958,0.289400954,-3.83495197e-06,-6.711165947e-05,2.684466379e-05,-4.937500661e-05,0.289400954,-0.0001097755001,-3.83495197e-06,-6.711165947e-05,2.684466379e-05,-4.937500661e-05,0.3812317088,-0.0001097755001,0,0,0,0,1,0
10.41,1,1,4.985437561e-05,3.667172821e-05,-1.845570635e-05,5.129248259e-05,-0.01510563612,-3.691141271e-05,0,0,0,0,0.01361356817,0,-0.01478567105,0.007047770561,0.004055481283,-0.0003199650753,-0.003994758034,-0.02918688326,12.50589576,0,-0.1738446344,0.04280045143,-0.4889423509,-0.04995802756,1.028765537,-0.0003131604091,5.45794717,0.04995802756,0.0003131604091,5.019276007,5.019276007,0.02027373877,0.2258674203,-3.355582973e-06,-6.759102847e-05,2.444781881e-05,-4.841626862e-05,0.2258674203,-0.0001107342381,-3.355582973e-06,-6.759102847e-05,2.444781881e-05,-4.841626862e-05,0.2812317088,-0.0001107342381,0,0,0,0,1,0
10.42,1,1,4.937500661e-05,3.619235921e-05,-1.677791487e-05,5.03337446e-05,-0.01498483514,-3.691141271e-05,0,0,0,-0.001047197551,0.00837758041,0,-0.01471499089,0.007088228579,0.004036103917,-0.0002698442454,-0.003365645811,-0.02887107306,12.49004729,0,-0.1724653988,0.03724865347,-0.4995351766,-0.04203707533,1.023379962,-0.0003062369451,5.398890662,0.04203707533,0.0003062369451,4.941698798,4.941698798,0.02025388502,0.2223764459,-2.396844981e-06,-6.663229047e-05,2.109223583e-05,5.822096249e-05,0.2223764459,-0.0001107342381,-2.396844981e-06,-6.663229047e-05,2.109223583e-05,5.822096249e-05,0.2223764459,-0.0001107342381,0,0,0,0,0,0
10.43,1,1,4.937500661e-05,3.643204371e-05,-1.486043888e-05,4.985437561e-05,-0.01493330297,-3.78701507e-05,0,0,0,0,0,0,-0.01464390713,0.00712849227,0.004016615899,-0.000289395845,-0.003607217863,-0.03947106539,12.48333108,0,-0.1718769589,0.03947106539,-0.3647036667,-0.04503009487,1.014933303,-0.0004113885024,7.381089228,0.04503009487,0.0004113885024,7.061827045,7.061827045,0.02023422527,0.317782217,-2.396844981e-06,-6.711165947e-05,1.725728386e-05,-4.554005464e-05,0.317782217,-0.0001088167621,-2.396844981e-06,-6.711165947e-05,1.725728386e-05,-4.554005464e-05,0.2997574132,-0.0001088167621,0,0,0,0,1,0
10.44,1,1,5.08131136e-05,3.643204371e-05,-1.462075438e-05,5.00940601e-05,-0.01493378234,-3.667172821e-05,0,0,0,0,0,0,-0.0145724217,0.00716856053,0.003997017763,-0.0003613606413,-0.004502592933,-0.04753884333,12.48339344,0,-0.171882433,0.04753884333,-0.1501751095,-0.05620763907,1.014933782,-0.0004950038199,8.889763703,0.05620763907,0.0004950038199,8.796291236,8.796291236,0.02021499265,0.3958331056,-5.273058958e-06,-6.711165947e-05,1.677791487e-05,-4.601942364e-05,0.3958331056,-0.0001112136071,-5.273058958e-06,-6.711165947e-05,1.677791487e-05,-4.601942364e-05,0.3958331056,-0.0001112136071,0,0,0,0,0,0
10.45,1,1,5.08131136e-05,3.571299022e-05,-1.533980788e-05,5.03337446e-05,-0.01493641887,-3.691141271e-05,0,0,0,0,0,0,-0.01450053657,0.00720843226,0.003977310047,-0.000435882299,-0.005429218319,-0.05588540463,12.48373642,0,-0.1719125403,0.05588540463,0.0297335756,-0.06777693048,1.014936419,-0.0005813739201,10.45057067,0.06777693048,0.0005813739201,10.54866255,10.54866255,0.02019619225,0.4746898146,-5.273058958e-06,-6.567355248e-05,1.821602186e-05,-4.649879263e-05,0.4746898146,-0.0001107342381,-5.273058958e-06,-6.567355248e-05,1.821602186e-05,-4.649879263e-05,0.4746898146,-0.0001107342381,0,0,0,0,0,0
10.46,1,1,5.05734291e-05,3.571299022e-05,-1.581917688e-05,5.00940601e-05,-0.01493450139,-3.715109721e-05,0,0,0,0,0,0,-0.01442825371,0.007248106368,0.003957493291,-0.0005062476813,-0.006303282889,-0.063762734,12.48348697,0,-0.1718906441,0.063762734,0.168296527,-0.07868694982,1.014934501,-0.0006627158315,11.92363126,0.07868694982,0.0006627158315,12.17127745,12.17127745,0.02017787625,0.5477074853,-4.793689962e-06,-6.567355248e-05,1.917475985e-05,-4.601942364e-05,0.5477074853,-0.0001102548691,-4.793689962e-06,-6.567355248e-05,1.917475985e-05,-4.601942364e-05,0.5477074853,-0.0001102548691,0,0,0,0,0,0
10.47,1,1,5.03337446e-05,3.595267472e-05,-1.749696836e-05,5.129248259e-05,-0.01493042676,-3.667172821e-05,0,0,0,0,0,0,-0.0143555751,0.007287581765,0.003937568038,-0.0005748516515,-0.007154677714,-0.07143833607,12.48295701,0,-0.1718441144,0.07143833607,0.2779331196,-0.08931153431,1.014930427,-0.0007418294937,13.35896885,0.08931153431,0.0007418294937,13.72695533,13.72695533,0.02016008909,0.6177129898,-4.314320966e-06,-6.615292148e-05,2.253034282e-05,-4.841626862e-05,0.6177129898,-0.0001112136071,-4.314320966e-06,-6.615292148e-05,2.253034282e-05,-4.841626862e-05,0.6177129898,-0.0001112136071,0,0,0,0,0,0
10.48,1,1,5.05734291e-05,3.667172821e-05,-1.797633736e-05,5.201153609e-05,-0.01491077263,-3.691141271e-05,0,0,0,0,0.003141592654,0,-0.01428250274,0.007326857369,0.003917534835,-0.0006282698853,-0.007815846725,-0.07427847408,12.48040305,0,-0.1716196734,0.07742006674,0.3355084258,-0.09754491733,1.018054833,-0.0007754085865,13.89007465,0.09754491733,0.0007754085865,14.32390341,14.32390341,0.02014271563,0.6445756532,-4.793689962e-06,-6.759102847e-05,2.348908081e-05,-4.985437561e-05,0.6445756532,-0.0001107342381,-4.793689962e-06,-6.759102847e-05,2.348908081e-05,-4.985437561e-05,0.6445756532,-0.0001107342381,0,0,0,0,0,0
10.49,1,1,4.913532211e-05,3.643204371e-05,-1.941444435e-05,5.153216709e-05,-0.01483527201,-3.715109721e-05,0,0,0,-0.001047197551,0.01151917306,0,-0.01420903863,0.007365932103,0.003897394231,-0.0006262333836,-0.007784617951,-0.06571461759,12.47062805,0,-0.1707574306,0.07723379065,0.2681484101,-0.09707907497,1.026387618,-0.0006966798293,12.28863349,0.09707907497,0.0006966798293,12.65455765,12.65455765,0.02012518662,0.5694550944,-1.917475985e-06,-6.711165947e-05,2.636529479e-05,5.582411751e-05,0.5694550944,-0.0001102548691,-1.917475985e-06,-6.711165947e-05,2.636529479e-05,5.582411751e-05,0.5811158844,-0.0001102548691,0,0,0,0,1,0
10.5,1,1,5.05734291e-05,3.619235921e-05,-1.941444435e-05,5.177185159e-05,-0.01467324529,-3.81098352e-05,0,0,0,0,0.01989675347,0,-0.01413518477,0.007404804897,0.003877146778,-0.0005380605166,-0.00668057314,-0.04756719595,12.44984258,0,-0.168906707,0.06746394942,0.037485298,-0.08317208396,1.034668969,-0.0005119925541,8.895065643,0.08317208396,0.0005119925541,9.016235018,9.016235018,0.02010677535,0.4057305758,-4.793689962e-06,-6.663229047e-05,2.636529479e-05,-4.937500661e-05,0.4057305758,-0.0001083373931,-4.793689962e-06,-6.663229047e-05,2.636529479e-05,-4.937500661e-05,0.4811158844,-0.0001083373931,0,0,0,0,1,0
10.51,1,1,5.129248259e-05,3.691141271e-05,-2.037318234e-05,5.129248259e-05,-0.01446639757,-3.83495197e-05,0,0,0,0,0.01989675347,0,-0.01406094321,0.007443474684,0.00385679303,-0.0004054543622,-0.005027037846,-0.03283567242,12.4236864,0,-0.1665433882,0.05273242589,-0.2390732858,-0.06245434172,1.034462121,-0.0003529501662,6.140270742,0.06245434172,0.0003529501662,5.964004748,5.964004748,0.02008750982,0.2683802137,-6.231796951e-06,-6.807039746e-05,2.828277078e-05,-4.841626862e-05,0.2683802137,-0.0001078580241,-6.231796951e-06,-6.807039746e-05,2.828277078e-05,-4.841626862e-05,0.3811158844,-0.0001078580241,0,0,0,0,1,0
10.52,1,1,5.153216709e-05,3.643204371e-05,-2.037318234e-05,5.177185159e-05,-0.01428783262,-3.715109721e-05,0,0,0,0,0.01466076572,0,-0.01398631596,0.007481940405,0.003836333547,-0.0003015166571,-0.003733666392,-0.02651845172,12.40144686,0,-0.1645026461,0.04117921744,-0.4047364431,-0.04630286536,1.029002333,-0.0002817700814,4.958950472,0.04630286536,0.0002817700814,4.600798665,4.600798665,0.02006787394,0.2070359399,-6.711165947e-06,-6.711165947e-05,2.828277078e-05,-4.937500661e-05,0.2070359399,-0.0001102548691,-6.711165947e-06,-6.711165947e-05,2.828277078e-05,-4.937500661e-05,0.2811158844,-0.0001102548691,0,0,0,0,1,0
10.53,1,1,5.10527981e-05,3.571299022e-05,-1.821602186e-05,5.10527981e-05,-0.01416846974,-3.691141271e-05,0,0,0,0,0.006283185307,0,-0.01391130508,0.007520201005,0.003815768889,-0.0002571646555,-0.003181413141,-0.02998415648,12.38675572,0,-0.16313821,0.03626734179,-0.4176317499,-0.03940738741,1.020461525,-0.0003130204047,5.607037261,0.03940738741,0.0003130204047,5.229125919,5.229125919,0.02004818778,0.2353106664,-5.752427955e-06,-6.567355248e-05,2.396844981e-05,-4.793689962e-05,0.2353106664,-0.0001107342381,-5.752427955e-06,-6.567355248e-05,2.396844981e-05,-4.793689962e-05,0.2296061595,-0.0001107342381,0,0,0,0,1,0
10.54,1,1,5.00940601e-05,3.691141271e-05,-1.677791487e-05,5.00940601e-05,-0.01413131864,-3.691141271e-05,0,0,0,0,0,0,-0.01383591263,0.007558255434,0.003795099619,-0.0002954060127,-0.003652493115,-0.04057414756,12.3822117,0,-0.1627134892,0.04057414756,-0.2596368052,-0.045225943,1.014131319,-0.0004179304488,7.587365593,0.045225943,0.0004179304488,7.373372661,7.373372661,0.02002878566,0.3318017698,-3.83495197e-06,-6.807039746e-05,2.109223583e-05,-4.601942364e-05,0.3318017698,-0.0001107342381,-3.83495197e-06,-6.807039746e-05,2.109223583e-05,-4.601942364e-05,0.317324665,-0.0001107342381,0,0,0,0,1,0
10.55,1,1,5.05734291e-05,3.715109721e-05,-1.557949238e-05,5.08131136e-05,-0.01413299643,-3.73907817e-05,0,0,0,0,0,0,-0.01376014066,0.00759610265,0.003774326305,-0.0003728557677,-0.004608449583,-0.04925239452,12.38241663,0,-0.1627326707,0.04925239452,-0.05340920614,-0.05706374273,1.014132996,-0.000506840398,9.210197776,0.05706374273,0.000506840398,9.214359153,9.214359153,0.02000982628,0.4146461619,-4.793689962e-06,-6.854976646e-05,1.869539085e-05,-4.745753063e-05,0.4146461619,-0.0001097755001,-4.793689962e-06,-6.854976646e-05,1.869539085e-05,-4.745753063e-05,0.4146461619,-0.0001097755001,0,0,0,0,0,0
10.56,1,1,5.03337446e-05,3.73907817e-05,-1.581917688e-05,5.05734291e-05,-0.01413683138,-3.667172821e-05,0,0,0,0,0,0,-0.01368399127,0.007633741616,0.003753449516,-0.000452840115,-0.00559509076,-0.058206401,12.38288512,0,-0.1627765137,0.058206401,0.1196654655,-0.06928336613,1.014136831,-0.0005984333298,10.88459699,0.06928336613,0.0005984333298,11.07414425,11.07414425,0.01999135651,0.4983364913,-4.314320966e-06,-6.902913545e-05,1.917475985e-05,-4.697816163e-05,0.4983364913,-0.0001112136071,-4.314320966e-06,-6.902913545e-05,1.917475985e-05,-4.697816163e-05,0.4983364913,-0.0001112136071,0,0,0,0,0,0
10.57,1,1,5.10527981e-05,3.595267472e-05,-1.629854587e-05,5.05734291e-05,-0.0141334758,-3.73907817e-05,0,0,0,0,0,0,-0.01360746653,0.007671171298,0.003732469825,-0.0005260092714,-0.006496635105,-0.06639453471,12.38247518,0,-0.1627381511,0.06639453471,0.2473663774,-0.08044442295,1.014133476,-0.000681997793,12.41577799,0.08044442295,0.000681997793,12.74427079,12.74427079,0.01997339511,0.5734921855,-5.752427955e-06,-6.615292148e-05,2.013349784e-05,-4.697816163e-05,0.5734921855,-0.0001097755001,-5.752427955e-06,-6.615292148e-05,2.013349784e-05,-4.697816163e-05,0.5676000082,-0.0001097755001,0,0,0,0,1,0
10.58,1,1,5.05734291e-05,3.595267472e-05,-1.653823037e-05,5.153216709e-05,-0.01412844243,-3.73907817e-05,0,0,0,0,0.001047197551,0,-0.01353056854,0.007708390671,0.003711387805,-0.0005978738825,-0.007381316018,-0.07338445325,12.38186047,0,-0.1626806067,0.0744316508,0.3489607183,-0.09139442505,1.015175914,-0.0007546882017,13.72289276,0.09139442505,0.0007546882017,14.16400259,14.16400259,0.01995599978,0.6373801165,-4.793689962e-06,-6.615292148e-05,2.061286684e-05,-4.889563761e-05,0.6373801165,-0.0001097755001,-4.793689962e-06,-6.615292148e-05,2.061286684e-05,-4.889563761e-05,0.6373801165,-0.0001097755001,0,0,0,0,0,0
10.59,1,1,4.985437561e-05,3.619235921e-05,-1.749696836e-05,5.153216709e-05,-0.01410519303,-3.715109721e-05,0.001047197551,0,0,0,0.004188790205,0,-0.01345329942,0.007745398715,0.003690204036,-0.0006518936096,-0.008044361164,-0.07629005539,12.37902434,0,-0.1624148014,0.08047884559,0.3945979682,-0.09958134261,1.01829837,-0.0007887308004,14.26624036,0.09958134261,0.0007887308004,14.7612084,14.7612084,0.01993902465,0.6642543779,-0.0001080753381,-6.663229047e-05,2.253034282e-05,-4.889563761e-05,0.6642543779,-0.0001102548691,-0.0001080753381,-6.663229047e-05,2.253034282e-05,-4.889563761e-05,0.6642543779,-0.0001102548691,0,0,0,0,0,0
10.6,1,1,5.08131136e-05,3.643204371e-05,-1.917475985e-05,5.225122059e-05,-0.01402489872,-3.643204371e-05,0,0,0,0,0.01047197551,0,-0.01337566128,0.007782194414,0.003668919099,-0.0006492374458,-0.008005517323,-0.06974958411,12.3692701,0,-0.1614967473,0.08022155962,0.3149124601,-0.09902240607,1.02452429,-0.000729330771,13.04317223,0.09902240607,0.000729330771,13.45783643,13.45783643,0.01992188948,0.6056026391,-5.273058958e-06,-6.711165947e-05,2.58859258e-05,-5.03337446e-05,0.6056026391,-0.0001116929761,-5.273058958e-06,-6.711165947e-05,2.58859258e-05,-5.03337446e-05,0.6056026391,-0.0001116929761,0,0,0,0,0,0
10.61,1,1,5.03337446e-05,3.595267472e-05,-2.037318234e-05,5.249090509e-05,-0.01387293875,-3.715109721e-05,0,0,0,0,0.01780235837,0,-0.01329765624,0.007818776761,0.003647533576,-0.0005752825081,-0.007085819881,-0.054228831,12.35098214,0,-0.1597590149,0.07203118937,0.1052945958,-0.08751683479,1.031754528,-0.0005745568511,10.1407914,0.08751683479,0.0005745568511,10.33417738,10.33417738,0.01990398232,0.4650379823,-4.314320966e-06,-6.615292148e-05,2.828277078e-05,-5.08131136e-05,0.4650379823,-0.0001102548691,-4.314320966e-06,-6.615292148e-05,2.828277078e-05,-5.08131136e-05,0.5056026391,-0.0001102548691,0,0,0,0,1,0
10.62,1,1,5.10527981e-05,3.667172821e-05,-2.205097383e-05,5.273058958e-05,-0.01367879431,-3.76304662e-05,0,0,0,0,0.01884955592,0,-0.01321928646,0.007855144753,0.003626048054,-0.0004595078512,-0.005652515022,-0.04032515603,12.32794419,0,-0.1575383542,0.05917471195,-0.1494559162,-0.06968388972,1.032617177,-0.0004275596785,7.540804177,0.06968388972,0.0004275596785,7.46145971,7.46145971,0.01988522242,0.335765687,-5.752427955e-06,-6.759102847e-05,3.163835375e-05,-5.129248259e-05,0.335765687,-0.0001092961311,-5.752427955e-06,-6.759102847e-05,3.163835375e-05,-5.129248259e-05,0.4056026391,-0.0001092961311,0,0,0,0,1,0
10.63,1,1,5.153216709e-05,3.715109721e-05,-2.109223583e-05,5.201153609e-05,-0.01349136103,-3.73907817e-05,0,0,0,0,0.01780235837,0,-0.01314055407,0.007891297391,0.003604463122,-0.0003508069643,-0.004309984559,-0.02928934027,12.30604886,0,-0.1553939006,0.04709169864,-0.3431545072,-0.05303888056,1.03137295,-0.0003095019513,5.477106631,0.05303888056,0.0003095019513,5.187300507,5.187300507,0.01986597521,0.2334285228,-6.711165947e-06,-6.854976646e-05,2.972087777e-05,-4.985437561e-05,0.2334285228,-0.0001097755001,-6.711165947e-06,-6.854976646e-05,2.972087777e-05,-4.985437561e-05,0.3056026391,-0.0001097755001,0,0,0,0,1,0
10.64,1,1,5.10527981e-05,3.667172821e-05,-1.941444435e-05,5.129248259e-05,-0.01331878819,-3.76304662e-05,0,0,0,0,0.01570796327,0,-0.01306146123,0.007927233686,0.003582779372,-0.0002573269617,-0.003157812187,-0.02098689061,12.28618882,0,-0.1534189906,0.03669485388,-0.4695088998,-0.03879747677,1.029088436,-0.0002205712909,3.924548545,0.03879747677,0.0002205712909,3.494057693,3.494057693,0.01984643764,0.1572325962,-5.752427955e-06,-6.759102847e-05,2.636529479e-05,-4.841626862e-05,0.1572325962,-0.0001092961311,-5.752427955e-06,-6.759102847e-05,2.636529479e-05,-4.841626862e-05,0.2056026391,-0.0001092961311,0,0,0,0,1,0
10.65,1,1,5.00940601e-05,3.691141271e-05,-1.749696836e-05,5.201153609e-05,-0.01318839982,-3.691141271e-05,0,0,0,0,0.00837758041,0,-0.01298201012,0.007962952651,0.003560997398,-0.000206389708,-0.002530292362,-0.02266417884,12.271373,0,-0.1519265365,0.03104175925,-0.4846792468,-0.03105016138,1.021583526,-0.0002345059072,4.238201443,0.03105016138,0.0002345059072,3.784806863,3.784806863,0.01982682566,0.1703163088,-3.83495197e-06,-6.807039746e-05,2.253034282e-05,-4.985437561e-05,0.1703163088,-0.0001107342381,-3.83495197e-06,-6.807039746e-05,2.253034282e-05,-4.985437561e-05,0.1703163088,-0.0001107342381,0,0,0,0,0,0
10.66,1,1,5.08131136e-05,3.715109721e-05,-1.677791487e-05,5.05734291e-05,-0.01314837251,-3.691141271e-05,0,0,0,0,0,0,-0.0129022029,0.007998453308,0.003539117797,-0.0002461696089,-0.003016338895,-0.03552062187,12.2668574,0,-0.1514683238,0.03552062187,-0.3106856708,-0.0370009991,1.013148373,-0.0003611333628,6.64235629,0.0370009991,0.0003611333628,6.369032752,6.369032752,0.01980746664,0.2866064738,-5.273058958e-06,-6.854976646e-05,2.109223583e-05,-4.697816163e-05,0.2866064738,-0.0001107342381,-5.273058958e-06,-6.854976646e-05,2.109223583e-05,-4.697816163e-05,0.259677224,-0.0001107342381,0,0,0,0,1,0
10.67,1,1,5.03337446e-05,3.619235921e-05,-1.557949238e-05,5.05734291e-05,-0.01315220746,-3.81098352e-05,0,0,0,0,0,0,-0.01282204178,0.008033734684,0.00351714117,-0.000330165684,-0.004044154902,-0.04493273372,12.26728937,0,-0.1515122254,0.04493273372,-0.0814229022,-0.04961081844,1.013152207,-0.0004563906999,8.402421206,0.04961081844,0.0004563906999,8.371065513,8.371065513,0.01978852355,0.3766979481,-4.314320966e-06,-6.663229047e-05,1.869539085e-05,-4.697816163e-05,0.3766979481,-0.0001083373931,-4.314320966e-06,-6.663229047e-05,1.869539085e-05,-4.697816163e-05,0.359677224,-0.0001083373931,0,0,0,0,1,0
10.68,1,1,5.08131136e-05,3.643204371e-05,-1.629854587e-05,5.10527981e-05,-0.01315364557,-3.81098352e-05,0,0,0,0,0,0,-0.01274152894,0.00806879581,0.003495068119,-0.0004121166274,-0.005046163912,-0.05410950934,12.2674514,0,-0.1515286885,0.05410950934,0.1013396991,-0.06190357052,1.013153646,-0.000549087631,10.11847825,0.06190357052,0.000549087631,10.2822706,10.2822706,0.01977002903,0.4627021772,-5.273058958e-06,-6.711165947e-05,2.013349784e-05,-4.793689962e-05,0.4627021772,-0.0001083373931,-5.273058958e-06,-6.711165947e-05,2.013349784e-05,-4.793689962e-05,0.459677224,-0.0001083373931,0,0,0,0,1,0
10.69,1,1,5.05734291e-05,3.595267472e-05,-1.701759937e-05,5.153216709e-05,-0.01315196778,-3.76304662e-05,0,0,0,0,0,0,-0.0126606666,0.008103635727,0.003472899249,-0.0004913011783,-0.006013512624,-0.0629711505,12.26726237,0,-0.1515094816,0.0629711505,0.2449912774,-0.07376933712,1.013151968,-0.0006384281858,11.77560514,0.07376933712,0.0006384281858,12.09500419,12.09500419,0.01975205465,0.5442751884,-4.793689962e-06,-6.615292148e-05,2.157160483e-05,-4.889563761e-05,0.5442751884,-0.0001092961311,-4.793689962e-06,-6.615292148e-05,2.157160483e-05,-4.889563761e-05,0.5442751884,-0.0001092961311,0,0,0,0,0,0
10.7,1,1,5.177185159e-05,3.73907817e-05,-1.653823037e-05,5.129248259e-05,-0.01314094229,-3.691141271e-05,0,0,0,0,0.001047197551,0,-0.01257945697,0.008138253478,0.003450635167,-0.0005614853229,-0.006869730019,-0.06977704556,12.26602086,0,-0.1513832637,0.07082424311,0.3437046177,-0.08426425173,1.014188414,-0.0007082492027,13.04830752,0.08426425173,0.0007082492027,13.47698464,13.47698464,0.01973459882,0.6064643087,-7.190534943e-06,-6.902913545e-05,2.061286684e-05,-4.841626862e-05,0.6064643087,-0.0001107342381,-7.190534943e-06,-6.902913545e-05,2.061286684e-05,-4.841626862e-05,0.6064643087,-0.0001107342381,0,0,0,0,0,0
10.71,1,1,5.201153609e-05,3.667172821e-05,-1.821602186e-05,5.201153609e-05,-0.01310451025,-3.691141271e-05,0,0,0,0,0.006283185307,0,-0.01249790228,0.008172648115,0.003428276485,-0.0006066079735,-0.007417892616,-0.06960002829,12.26192674,0,-0.1509661828,0.0758832136,0.3716534196,-0.09095765585,1.019397565,-0.000713108097,13.01520529,0.09095765585,0.000713108097,13.47852947,13.47852947,0.01971745578,0.6065338263,-7.669903939e-06,-6.759102847e-05,2.396844981e-05,-4.985437561e-05,0.6065338263,-0.0001107342381,-7.669903939e-06,-6.759102847e-05,2.396844981e-05,-4.985437561e-05,0.6065338263,-0.0001107342381,0,0,0,0,0,0
10.72,1,1,5.129248259e-05,3.691141271e-05,-1.917475985e-05,5.225122059e-05,-0.01301726509,-3.691141271e-05,0,0,0,0,0.01047197551,0,-0.01241600475,0.008206818694,0.003405823814,-0.0006012603374,-0.007346958974,-0.06485141493,12.25217387,0,-0.1499673036,0.07532339044,0.2923178639,-0.09001621877,1.023516656,-0.0006692473605,12.12721459,0.09001621877,0.0006692473605,12.51021792,12.51021792,0.01970011686,0.5629598065,-6.231796951e-06,-6.807039746e-05,2.58859258e-05,-5.03337446e-05,0.5629598065,-0.0001107342381,-6.231796951e-06,-6.807039746e-05,2.58859258e-05,-5.03337446e-05,0.5642059997,-0.0001107342381,0,0,0,0,1,0
10.73,1,1,5.10527981e-05,3.691141271e-05,-1.821602186e-05,5.225122059e-05,-0.0128919101,-3.667172821e-05,0,0,0,0,0.01361356817,0,-0.01233376665,0.00824076428,0.003383277772,-0.0005581434476,-0.006813832649,-0.05694429751,12.23828765,0,-0.1485319032,0.07055786567,0.1506422453,-0.08338964397,1.026551811,-0.0005906076791,10.64858363,0.08338964397,0.0005906076791,10.88320613,10.88320613,0.01968237206,0.4897442759,-5.752427955e-06,-6.807039746e-05,2.396844981e-05,-5.03337446e-05,0.4897442759,-0.0001112136071,-5.752427955e-06,-6.807039746e-05,2.396844981e-05,-5.03337446e-05,0.494336681,-0.0001112136071,0,0,0,0,1,0
10.74,1,1,5.03337446e-05,3.76304662e-05,-1.917475985e-05,5.177185159e-05,-0.01274714066,-3.619235921e-05,0,0,0,0,0.01466076572,0,-0.01225119022,0.00827448394,0.003360638974,-0.0004959504405,-0.006048533098,-0.04900355672,12.22243637,0,-0.1468739072,0.06366432244,-0.003714378367,-0.07392781093,1.027461641,-0.0005086808507,9.163665107,0.07392781093,0.0005086808507,9.23438722,9.23438722,0.01966418339,0.4155474249,-4.314320966e-06,-6.950850445e-05,2.58859258e-05,-4.937500661e-05,0.4155474249,-0.0001121723451,-4.314320966e-06,-6.950850445e-05,2.58859258e-05,-4.937500661e-05,0.4214718661,-0.0001121723451,0,0,0,0,1,0
10.75,1,1,5.08131136e-05,3.78701507e-05,-1.869539085e-05,5.225122059e-05,-0.01258511394,-3.619235921e-05,0,0,0,0.001047197551,0.01570796327,0,-0.01216827773,0.008307976752,0.003337908044,-0.0004168362127,-0.005078250761,-0.03917130264,12.20493061,0,-0.1450179082,0.05487926591,-0.1640652234,-0.06197969814,1.028354762,-0.0004069389889,7.325033594,0.06197969814,0.0004069389889,7.223355008,7.223355008,0.01964552855,0.3250509754,-5.273058958e-06,-6.998787345e-05,2.49271878e-05,-0.0001550534997,0.3250509754,-0.0001121723451,-5.273058958e-06,-6.998787345e-05,2.49271878e-05,-0.0001550534997,0.3257430407,-0.0001121723451,0,0,0,0,1,0
10.76,1,1,5.03337446e-05,3.691141271e-05,-1.701759937e-05,5.10527981e-05,-0.01243698892,-3.73907817e-05,0,0,0,0,0.01256637061,0,-0.01208503145,0.008341241796,0.003315085603,-0.0003519574758,-0.004283570135,-0.03510936982,12.18914328,0,-0.1433208221,0.04767574044,-0.2644985646,-0.05221305014,1.025042838,-0.0003620460924,6.565452157,0.05221305014,0.0003620460924,6.353528688,6.353528688,0.01962658756,0.285908791,-4.314320966e-06,-6.807039746e-05,2.157160483e-05,-4.793689962e-05,0.285908791,-0.0001097755001,-4.314320966e-06,-6.807039746e-05,2.157160483e-05,-4.793689962e-05,0.285908791,-0.0001097755001,0,0,0,0,0,0
10.77,1,1,5.08131136e-05,3.78701507e-05,-1.653823037e-05,5.10527981e-05,-0.01233775954,-3.73907817e-05,0,0,0,0,0.005235987756,0,-0.01200145366,0.008374278161,0.003292172277,-0.0003363058843,-0.00408988677,-0.04072660549,12.17868258,0,-0.1421837648,0.04596259324,-0.2448527983,-0.04980943276,1.017580601,-0.0004134791801,7.615875226,0.04980943276,0.0004134791801,7.42124534,7.42124534,0.01960768225,0.3339560403,-5.273058958e-06,-6.998787345e-05,2.061286684e-05,-4.793689962e-05,0.3339560403,-0.0001097755001,-5.273058958e-06,-6.998787345e-05,2.061286684e-05,-4.793689962e-05,0.3323299933,-0.0001097755001,0,0,0,0,1,0
10.78,1,1,5.05734291e-05,3.76304662e-05,-1.557949238e-05,5.10527981e-05,-0.01230875772,-3.619235921e-05,0,0,0,0,0,0,-0.01191754665,0.008407084941,0.003269168694,-0.0003912110672,-0.00475532888,-0.05212211159,12.17564265,0,-0.1418514102,0.05212211159,-0.08521147698,-0.05789918515,1.012308758,-0.0005232089344,9.746834868,0.05789918515,0.0005232089344,9.720045785,9.720045785,0.01958920503,0.4374020603,-4.793689962e-06,-6.950850445e-05,1.869539085e-05,-4.793689962e-05,0.4374020603,-0.0001121723451,-4.793689962e-06,-6.950850445e-05,1.869539085e-05,-4.793689962e-05,0.4237428576,-0.0001121723451,0,0,0,0,1,0
10.79,1,1,5.177185159e-05,3.667172821e-05,-1.629854587e-05,5.177185159e-05,-0.01230803866,-3.691141271e-05,0,0,0,0,0,0,-0.01183331273,0.008439661236,0.003246075486,-0.0004747259371,-0.005768429154,-0.06146828221,12.17556738,0,-0.1418431699,0.06146828221,0.1014486072,-0.07023389787,1.012308039,-0.0006164607009,11.49456877,0.07023389787,0.0006164607009,11.66686774,11.66686774,0.01957130604,0.5250090483,-7.190534943e-06,-6.759102847e-05,2.013349784e-05,-4.937500661e-05,0.5250090483,-0.0001107342381,-7.190534943e-06,-6.759102847e-05,2.013349784e-05,-4.937500661e-05,0.5237428576,-0.0001107342381,0,0,0,0,1,0
10.8,1,1,5.05734291e-05,3.76304662e-05,-1.677791487e-05,5.153216709e-05,-0.01230660056,-3.715109721e-05,0,0,0,0,0,0,-0.0117487542,0.008472006154,0.003222893285,-0.0005578463602,-0.00677599707,-0.07076386228,12.17541686,0,-0.1418266892,0.07076386228,0.2528444653,-0.08250058897,1.012306601,-0.0007090542121,13.23284225,0.08250058897,0.0007090542121,13.56889635,13.56889635,0.01955401924,0.610600336,-4.793689962e-06,-6.950850445e-05,2.109223583e-05,-4.889563761e-05,0.610600336,-0.0001102548691,-4.793689962e-06,-6.950850445e-05,2.109223583e-05,-4.889563761e-05,0.610600336,-0.0001102548691,0,0,0,0,0,0
10.81,1,1,5.00940601e-05,3.715109721e-05,-1.749696836e-05,5.177185159e-05,-0.01229006232,-3.667172821e-05,0,0,0,0,0.002094395102,0,-0.01166387338,0.008504118807,0.003199622727,-0.0006261889486,-0.007602920787,-0.07631345269,12.17368721,0,-0.1416371589,0.07840784779,0.3454499842,-0.09255557952,1.014385554,-0.0007671471783,14.27061565,0.09255557952,0.0007671471783,14.70938836,14.70938836,0.01953730705,0.6619224763,-3.83495197e-06,-6.854976646e-05,2.253034282e-05,-4.937500661e-05,0.6619224763,-0.0001112136071,-3.83495197e-06,-6.854976646e-05,2.253034282e-05,-4.937500661e-05,0.6619224763,-0.0001112136071,0,0,0,0,0,0
10.82,1,1,5.03337446e-05,3.595267472e-05,-1.749696836e-05,5.249090509e-05,-0.0122332571,-3.715109721e-05,0,0,0,0,0.009424777961,0,-0.0115786726,0.008535998316,0.003176264449,-0.0006545845028,-0.007942990346,-0.07217730096,12.16776571,0,-0.1409861344,0.08160207892,0.338718956,-0.0966484456,1.021680242,-0.000735417223,13.49715528,0.0966484456,0.000735417223,13.9332581,13.9332581,0.01952071778,0.6269966144,-4.314320966e-06,-6.615292148e-05,2.253034282e-05,-5.08131136e-05,0.6269966144,-0.0001102548691,-4.314320966e-06,-6.615292148e-05,2.253034282e-05,-5.08131136e-05,0.6355020817,-0.0001102548691,0,0,0,0,1,0
10.83,1,1,5.08131136e-05,3.595267472e-05,-1.917475985e-05,5.297027408e-05,-0.01211988633,-3.76304662e-05,0,0,0,0,0.01361356817,0,-0.01149315419,0.008567643806,0.003152819092,-0.0006267321412,-0.007598748057,-0.06492117928,12.15603782,0,-0.1396866978,0.07853474744,0.218791045,-0.09237066874,1.025779787,-0.0006662246509,12.14026053,0.09237066874,0.0006662246509,12.45208846,12.45208846,0.01950372324,0.5603439809,-5.273058958e-06,-6.615292148e-05,2.58859258e-05,-5.177185159e-05,0.5603439809,-0.0001092961311,-5.273058958e-06,-6.615292148e-05,2.58859258e-05,-5.177185159e-05,0.5645253567,-0.0001092961311,0,0,0,0,1,0
10.84,1,1,5.129248259e-05,3.715109721e-05,-1.965412884e-05,5.225122059e-05,-0.01195570245,-3.73907817e-05,0,0,0,0,0.01884955592,0,-0.0114073205,0.00859905441,0.0031292873,-0.0005483819471,-0.006641963497,-0.05099156769,12.13926572,0,-0.1378045352,0.06984112361,0.01763708396,-0.08062855979,1.030894085,-0.0005280320007,9.535423158,0.08062855979,0.0005280320007,9.634216834,9.634216834,0.0194860327,0.4335397575,-6.231796951e-06,-6.854976646e-05,2.684466379e-05,-5.03337446e-05,0.4335397575,-0.0001097755001,-6.231796951e-06,-6.854976646e-05,2.684466379e-05,-5.03337446e-05,0.4693952668,-0.0001097755001,0,0,0,0,1,0
10.85,1,1,5.10527981e-05,3.73907817e-05,-1.917475985e-05,5.273058958e-05,-0.01174837536,-3.73907817e-05,0,0,0,0,0.02094395102,0,-0.01132117389,0.008630229266,0.003105669716,-0.0004272014715,-0.00516806027,-0.03542039992,12.11844383,0,-0.1354272646,0.05636435095,-0.2329895336,-0.06262884811,1.032801989,-0.0003677987723,6.623614785,0.06262884811,0.0003677987723,6.453621899,6.453621899,0.01946752498,0.2904129854,-5.752427955e-06,-6.902913545e-05,2.58859258e-05,-5.129248259e-05,0.2904129854,-0.0001097755001,-5.752427955e-06,-6.902913545e-05,2.58859258e-05,-5.129248259e-05,0.3693952668,-0.0001097755001,0,0,0,0,1,0
10.86,1,1,5.153216709e-05,3.76304662e-05,-1.941444435e-05,5.297027408e-05,-0.01154560227,-3.76304662e-05,0,0,0,0,0.01780235837,0,-0.01123471671,0.00866116752,0.003081966989,-0.0003108855675,-0.003756567289,-0.02561335234,12.09846359,0,-0.1331016536,0.04341571071,-0.4259649325,-0.04544869256,1.029427192,-0.000263971557,4.789696887,0.04544869256,0.000263971557,4.409444619,4.409444619,0.01944852991,0.1984250079,-6.711165947e-06,-6.950850445e-05,2.636529479e-05,-5.177185159e-05,0.1984250079,-0.0001092961311,-6.711165947e-06,-6.950850445e-05,2.636529479e-05,-5.177185159e-05,0.2693952668,-0.0001092961311,0,0,0,0,1,0
10.87,1,1,5.03337446e-05,3.83495197e-05,-1.797633736e-05,5.129248259e-05,-0.01140107252,-3.691141271e-05,0,0,0,0,0.009424777961,0,-0.01114795133,0.008691868324,0.003058179768,-0.0002531211926,-0.003055771976,-0.02757099372,12.08445336,0,-0.1314437056,0.03699577168,-0.462782643,-0.03692733392,1.020848057,-0.0002791562631,5.155775826,0.03692733392,0.0002791562631,4.730199673,4.730199673,0.01942943595,0.2128589853,-4.314320966e-06,-7.094661144e-05,2.348908081e-05,-4.841626862e-05,0.2128589853,-0.0001107342381,-4.314320966e-06,-7.094661144e-05,2.348908081e-05,-4.841626862e-05,0.2128589853,-0.0001107342381,0,0,0,0,0,0
10.88,1,1,5.03337446e-05,3.715109721e-05,-1.605886137e-05,5.10527981e-05,-0.01134402761,-3.667172821e-05,0,0,0,0,0.001047197551,0,-0.01106088013,0.008722330836,0.003034308705,-0.0002831474768,-0.00341632813,-0.03933307014,12.07897638,0,-0.1307892496,0.04038026769,-0.313572057,-0.04126574679,1.012391499,-0.0003912959857,7.355284116,0.04126574679,0.0003912959857,7.083369102,7.083369102,0.0194105975,0.3187516096,-4.314320966e-06,-6.854976646e-05,1.965412884e-05,-4.793689962e-05,0.3187516096,-0.0001112136071,-4.314320966e-06,-6.854976646e-05,1.965412884e-05,-4.793689962e-05,0.2993757022,-0.0001112136071,0,0,0,0,1,0
10.89,1,1,5.00940601e-05,3.715109721e-05,-1.462075438e-05,5.05734291e-05,-0.01134450698,-3.691141271e-05,0,0,0,0,0,0,-0.01097350551,0.008752554221,0.003010354456,-0.0003710014707,-0.004474823044,-0.05021905179,12.07902228,0,-0.1307947494,0.05021905179,-0.07582797127,-0.05405148725,1.011344507,-0.0004980876511,9.390962685,0.05405148725,0.0004980876511,9.369684289,9.369684289,0.01939226238,0.421635793,-3.83495197e-06,-6.854976646e-05,1.677791487e-05,-4.697816163e-05,0.421635793,-0.0001107342381,-3.83495197e-06,-6.854976646e-05,1.677791487e-05,-4.697816163e-05,0.3993757022,-0.0001107342381,0,0,0,0,1,0
10.9,1,1,5.08131136e-05,3.643204371e-05,-1.414138539e-05,5.10527981e-05,-0.01134714351,-3.691141271e-05,0,0,0,0.001047197551,0,0,-0.01088582985,0.00878253765,0.002986317676,-0.0004613136598,-0.005562292787,-0.06032514163,12.07927477,0,-0.1308249983,0.06032514163,0.122684708,-0.06718846295,1.011347144,-0.0005977754936,11.28080148,0.06718846295,0.0005977754936,11.47127243,11.47127243,0.01937447701,0.5162072594,-5.273058958e-06,-6.711165947e-05,1.581917688e-05,-0.0001526566547,0.5162072594,-0.0001107342381,-5.273058958e-06,-6.711165947e-05,1.581917688e-05,-0.0001526566547,0.4993757022,-0.0001107342381,0,0,0,0,1,0
10.91,1,1,5.03337446e-05,3.571299022e-05,-1.557949238e-05,5.129248259e-05,-0.01134498635,-3.715109721e-05,0,0,0,0,0,0,-0.01079785556,0.008812280302,0.002962199025,-0.0005471307901,-0.006594746807,-0.06992311819,12.07906818,0,-0.1308002492,0.06992311819,0.2756730349,-0.07965839634,1.011344986,-0.0006922651131,13.0756231,0.07965839634,0.0006922651131,13.4316468,13.4316468,0.01935731783,0.6044241059,-4.314320966e-06,-6.567355248e-05,1.869539085e-05,-4.841626862e-05,0.6044241059,-0.0001102548691,-4.314320966e-06,-6.567355248e-05,1.869539085e-05,-4.841626862e-05,0.5993757022,-0.0001102548691,0,0,0,0,1,0
10.92,1,1,4.985437561e-05,3.691141271e-05,-1.581917688e-05,5.10527981e-05,-0.01133635771,-3.691141271e-05,0,0,0,0,0.001047197551,0,-0.01070958505,0.00884178136,0.002937999163,-0.0006267726581,-0.007551893159,-0.07777973663,12.07824225,0,-0.1307012523,0.07882693418,0.3876000672,-0.09121359505,1.012383829,-0.0007709710987,14.54481075,0.09121359505,0.0007709710987,15.02439538,15.02439538,0.01934081434,0.6760977922,-3.355582973e-06,-6.807039746e-05,1.917475985e-05,-4.793689962e-05,0.6760977922,-0.0001107342381,-3.355582973e-06,-6.807039746e-05,1.917475985e-05,-4.793689962e-05,0.6760977922,-0.0001107342381,0,0,0,0,0,0
10.93,1,1,5.153216709e-05,3.619235921e-05,-1.677791487e-05,5.177185159e-05,-0.01129585103,-3.691141271e-05,0,0,0,0,0.006283185307,0,-0.01062102074,0.008871040016,0.002913718755,-0.0006748302872,-0.008126918865,-0.07792614865,12.07437408,0,-0.130236504,0.08420933396,0.4131996246,-0.09812745852,1.017588906,-0.0007797337504,14.5721898,0.09812745852,0.0007797337504,15.08429662,15.08429662,0.01932466718,0.6787933477,-6.711165947e-06,-6.663229047e-05,2.109223583e-05,-4.937500661e-05,0.6787933477,-0.0001107342381,-6.711165947e-06,-6.663229047e-05,2.109223583e-05,-4.937500661e-05,0.6787933477,-0.0001107342381,0,0,0,0,0,0
10.94,1,1,5.10527981e-05,3.643204371e-05,-1.821602186e-05,5.153216709e-05,-0.01118751363,-3.691141271e-05,0,0,0,0,0.01361356817,0,-0.01053216506,0.008900055469,0.002889358466,-0.0006553485745,-0.00788636503,-0.06845729672,12.06410218,0,-0.1289934045,0.08207086488,0.2959363941,-0.09514191356,1.024847414,-0.0006942029978,12.80151449,0.09514191356,0.0006942029978,13.193287,13.193287,0.01930813914,0.5936979149,-5.752427955e-06,-6.711165947e-05,2.396844981e-05,-4.889563761e-05,0.5936979149,-0.0001107342381,-5.752427955e-06,-6.711165947e-05,2.396844981e-05,-4.889563761e-05,0.6007514632,-0.0001107342381,0,0,0,0,1,0
10.95,1,1,5.03337446e-05,3.715109721e-05,-1.917475985e-05,5.153216709e-05,-0.01098761676,-3.667172821e-05,0,0,0,0,0.02617993878,0,-0.01044302044,0.008928826922,0.002864918963,-0.0005445963187,-0.006546424416,-0.04358206141,12.04543022,0,-0.1266993278,0.06976200019,0.0133694081,-0.07885449851,1.037338903,-0.0004523812418,8.149845484,0.07885449851,0.0004523812418,8.242521772,8.242521772,0.01929053863,0.3709134797,-4.314320966e-06,-6.854976646e-05,2.58859258e-05,-4.889563761e-05,0.3709134797,-0.0001112136071,-4.314320966e-06,-6.854976646e-05,2.58859258e-05,-4.889563761e-05,0.5007514632,-0.0001112136071,0,0,0,0,1,0
10.96,1,1,5.08131136e-05,3.78701507e-05,-1.941444435e-05,5.05734291e-05,-0.01072612097,-3.73907817e-05,0,0,0,0,0.02513274123,0,-0.01035358934,0.008957353586,0.002840400917,-0.0003725316381,-0.004472232652,-0.02546606525,12.0215526,0,-0.1236975666,0.05059880648,-0.3401179248,-0.05376318006,1.036016776,-0.0002634100508,4.762154202,0.05376318006,0.0002634100508,4.476062867,4.476062867,0.01927188819,0.201422829,-5.273058958e-06,-6.998787345e-05,2.636529479e-05,-4.697816163e-05,0.201422829,-0.0001097755001,-5.273058958e-06,-6.998787345e-05,2.636529479e-05,-4.697816163e-05,0.4007514632,-0.0001097755001,0,0,0,0,1,0
10.97,1,1,5.153216709e-05,3.595267472e-05,-1.965412884e-05,5.03337446e-05,-0.01049913976,-3.619235921e-05,0,0,0,0,0.01884955592,0,-0.01026387419,0.008985634681,0.002815805001,-0.0002352655647,-0.002821081179,-0.0164479275,12.0013279,0,-0.1210913237,0.03529748342,-0.556129806,-0.03385672028,1.029437522,-0.0001678104617,3.075762442,0.03385672028,0.0001678104617,2.553657166,2.553657166,0.01925283766,0.1149145725,-6.711165947e-06,-6.615292148e-05,2.684466379e-05,-4.649879263e-05,0.1149145725,-0.0001121723451,-6.711165947e-06,-6.615292148e-05,2.684466379e-05,-4.649879263e-05,0.3007514632,-0.0001121723451,0,0,0,0,1,0
10.98,1,1,5.10527981e-05,3.619235921e-05,-1.821602186e-05,5.10527981e-05,-0.01032249228,-3.619235921e-05,0,0,0,0,0.01361356817,0,-0.01017387746,0.009013669429,0.002791131887,-0.0001486148157,-0.001780333466,-0.01202648948,11.98590904,0,-0.1190625935,0.02564005765,-0.629123462,-0.02133891497,1.023982393,-0.0001212828861,2.248953533,0.02133891497,0.0001212828861,1.641290269,1.641290269,0.01923368081,0.07385806211,-5.752427955e-06,-6.663229047e-05,2.396844981e-05,-4.793689962e-05,0.07385806211,-0.0001121723451,-5.752427955e-06,-6.663229047e-05,2.396844981e-05,-4.793689962e-05,0.2007514632,-0.0001121723451,0,0,0,0,1,0
10.99,1,1,5.08131136e-05,3.619235921e-05,-1.629854587e-05,4.937500661e-05,-0.01022062637,-3.691141271e-05,0,0,0,0,0.005235987756,0,-0.01008360163,0.009041457063,0.002766382254,-0.0001370247427,-0.001640365659,-0.01913597498,11.97714484,0,-0.1178925334,0.02437196273,-0.5339299309,-0.01964689708,1.015463468,-0.0001895933218,3.578427321,0.01964689708,0.0001895933218,3.06433388,3.06433388,0.01921457683,0.1378950246,-5.273058958e-06,-6.663229047e-05,2.013349784e-05,-4.458131665e-05,0.1378950246,-0.0001107342381,-5.273058958e-06,-6.663229047e-05,2.013349784e-05,-4.458131665e-05,0.1378950246,-0.0001107342381,0,0,0,0,0,0
11,1,1,5.153216709e-05,3.571299022e-05,-1.462075438e-05,4.961469111e-05,-0.01020648498,-3.73907817e-05,0,0,0,0,-0.001047197551,0,-0.009993049149,0.009068996821,0.002741556778,-0.0002134358337,-0.002554161926,-0.03398928323,11.9759355,0,-0.117730092,0.03294208568,-0.2771577956,-0.03058847849,1.011253957,-0.0003336414683,6.355995965,0.03058847849,0.0003336414683,6.109760289,6.109760289,0.01919576614,0.274939213,-6.711165947e-06,-6.567355248e-05,1.677791487e-05,-4.506068564e-05,0.274939213,-0.0001097755001,-6.711165947e-06,-6.567355248e-05,1.677791487e-05,-4.506068564e-05,0.2378950246,-0.0001097755001,0,0,0,0,1,0
11.01,1,1,5.10527981e-05,3.76304662e-05,-1.510012338e-05,5.00940601e-05,-0.01021655173,-3.715109721e-05,0,0.001047197551,0,0,-0.001047197551,0,-0.009902222518,0.009096287948,0.002716656141,-0.0003143292139,-0.003760477313,-0.04528918517,11.9767962,0,-0.1178457285,0.04424198762,-0.0194367844,-0.0450384704,1.011264023,-0.0004441442033,8.469077627,0.0450384704,0.0004441442033,8.495123457,8.495123457,0.01917738187,0.3822805556,-5.752427955e-06,-0.0001742282596,1.773665286e-05,-4.601942364e-05,0.3822805556,-0.0001102548691,-5.752427955e-06,-0.0001742282596,1.773665286e-05,-4.601942364e-05,0.3378950246,-0.0001102548691,0,0,0,0,1,0
11.02,1,1,4.985437561e-05,3.691141271e-05,-1.390170089e-05,5.03337446e-05,-0.01022230416,-3.83495197e-05,0,0,0,0,0,0,-0.009811124222,0.009123329696,0.002691681026,-0.0004111799382,-0.004917688601,-0.05508255607,11.97728843,0,-0.117911806,0.05508255607,0.1820635079,-0.05890057481,1.010222304,-0.0005385706349,10.30043799,0.05890057481,0.0005385706349,10.54194064,10.54194064,0.01915952565,0.4743873287,-3.355582973e-06,-6.807039746e-05,1.533980788e-05,-4.649879263e-05,0.4743873287,-0.0001078580241,-3.355582973e-06,-6.807039746e-05,1.533980788e-05,-4.649879263e-05,0.4378950246,-0.0001078580241,0,0,0,0,1,0
11.03,1,1,5.05734291e-05,3.715109721e-05,-1.486043888e-05,5.05734291e-05,-0.01021798984,-3.715109721e-05,0,0,0,0,0,0,-0.009719756758,0.009150121323,0.002666632117,-0.0004982330811,-0.005956862437,-0.0648229255,11.97691923,0,-0.1178622479,0.0648229255,0.3266978518,-0.07134486027,1.01021799,-0.0006332278393,12.12188707,0.07134486027,0.0006332278393,12.52056301,12.52056301,0.01914223331,0.5634253354,-4.793689962e-06,-6.854976646e-05,1.725728386e-05,-4.697816163e-05,0.5634253354,-0.0001102548691,-4.793689962e-06,-6.854976646e-05,1.725728386e-05,-4.697816163e-05,0.5378950246,-0.0001102548691,0,0,0,0,1,0
11.04,1,1,5.03337446e-05,3.667172821e-05,-1.749696836e-05,5.08131136e-05,-0.0102107993,-3.667172821e-05,0,0,0,0,0,0,-0.009628122631,0.009176662095,0.002641510101,-0.0005826766726,-0.006964094664,-0.07426647119,11.97630426,0,-0.1177796506,0.07426647119,0.4394274345,-0.0834041166,1.010210799,-0.0007248341455,13.88783011,0.0834041166,0.0007248341455,14.4113865,14.4113865,0.01912558801,0.6485123924,-4.314320966e-06,-6.759102847e-05,2.253034282e-05,-4.745753063e-05,0.6485123924,-0.0001112136071,-4.314320966e-06,-6.759102847e-05,2.253034282e-05,-4.745753063e-05,0.6378950246,-0.0001112136071,0,0,0,0,1,0
11.05,1,1,5.03337446e-05,3.73907817e-05,-1.845570635e-05,5.177185159e-05,-0.01019306265,-3.643204371e-05,0,0,0,0,0.002094395102,0,-0.009536224354,0.009202951283,0.002616315667,-0.0006568382966,-0.007847513538,-0.0804646166,11.97478932,0,-0.117575908,0.0825590117,0.5102991947,-0.09397232129,1.012288554,-0.000787897678,15.0468833,0.09397232129,0.000787897678,15.65194272,15.65194272,0.01910954404,0.7043374223,-4.314320966e-06,-6.902913545e-05,2.444781881e-05,-4.937500661e-05,0.7043374223,-0.0001116929761,-4.314320966e-06,-6.902913545e-05,2.444781881e-05,-4.937500661e-05,0.7043374223,-0.0001116929761,0,0,0,0,0,0
11.06,1,1,4.985437561e-05,3.76304662e-05,-1.989381334e-05,5.225122059e-05,-0.01013026531,-3.715109721e-05,0,0,0,0,0.009424777961,0,-0.009444064447,0.009228988169,0.002591049505,-0.0006862008659,-0.008193967043,-0.07643320437,11.96944821,0,-0.1168545197,0.08585798233,0.4745165379,-0.09807726414,1.01957725,-0.0007586088523,14.29300922,0.09807726414,0.0007586088523,14.86636163,14.86636163,0.0190936535,0.6689862732,-3.355582973e-06,-6.950850445e-05,2.732403278e-05,-5.03337446e-05,0.6689862732,-0.0001102548691,-3.355582973e-06,-6.950850445e-05,2.732403278e-05,-5.03337446e-05,0.6689862732,-0.0001102548691,0,0,0,0,0,0
11.07,1,1,4.961469111e-05,3.81098352e-05,-1.965412884e-05,5.249090509e-05,-0.009993405464,-3.667172821e-05,0,0.001047197551,0,0,0.01675516082,0,-0.009351645434,0.009254772037,0.002565712308,-0.0006417600296,-0.007657307421,-0.0641791673,11.95792985,0,-0.1152821754,0.08093432812,0.2953640027,-0.09156554498,1.02681875,-0.0006455103195,12.00150428,0.09156554498,0.0006455103195,12.38907934,12.38907934,0.01907712995,0.5575085704,-2.876213977e-06,-0.0001751869976,2.684466379e-05,-5.08131136e-05,0.5575085704,-0.0001112136071,-2.876213977e-06,-0.0001751869976,2.684466379e-05,-5.08131136e-05,0.5698927861,-0.0001112136071,0,0,0,0,1,0
11.08,1,1,5.08131136e-05,3.715109721e-05,-1.965412884e-05,5.201153609e-05,-0.00980669124,-3.73907817e-05,0,0,0,0,0.01989675347,0,-0.009258969852,0.00928030218,0.002540304771,-0.0005477213884,-0.006529113519,-0.05058159879,11.94248474,0,-0.1131367229,0.07047835226,0.04840771458,-0.07797383858,1.029802415,-0.0005112453073,9.458758974,0.07797383858,0.0005112453073,9.585651773,9.585651773,0.01905981257,0.4313543298,-5.273058958e-06,-6.854976646e-05,2.684466379e-05,-4.985437561e-05,0.4313543298,-0.0001097755001,-5.273058958e-06,-6.854976646e-05,2.684466379e-05,-4.985437561e-05,0.4698927861,-0.0001097755001,0,0,0,0,1,0
11.09,1,1,5.10527981e-05,3.667172821e-05,-1.893507535e-05,5.153216709e-05,-0.009585702133,-3.73907817e-05,0,0,0,0,0.02303834613,0,-0.009166040239,0.0093055779,0.00251482759,-0.0004196618939,-0.00499737218,-0.03317870529,11.92460429,0,-0.1105969266,0.05621705141,-0.2223618283,-0.05959168573,1.03275674,-0.0003369557234,6.204417888,0.05959168573,0.0003369557234,6.041984702,6.041984702,0.01904167858,0.2718893116,-5.752427955e-06,-6.759102847e-05,2.54065568e-05,-4.889563761e-05,0.2718893116,-0.0001097755001,-5.752427955e-06,-6.759102847e-05,2.54065568e-05,-4.889563761e-05,0.3698927861,-0.0001097755001,0,0,0,0,1,0
11.1,1,1,5.08131136e-05,3.715109721e-05,-1.797633736e-05,5.08131136e-05,-0.009349852587,-3.73907817e-05,0,0,0,0,0.02094395102,0,-0.009072859144,0.009330598502,0.002489281463,-0.0002769934426,-0.003294927963,-0.01936547647,11.90599777,0,-0.1078857496,0.0403094275,-0.472150364,-0.03922940497,1.030403466,-0.000195584366,3.6213441,0.03922940497,0.000195584366,3.188618726,3.188618726,0.01902297103,0.1434878427,-5.273058958e-06,-6.854976646e-05,2.348908081e-05,-4.745753063e-05,0.1434878427,-0.0001097755001,-5.273058958e-06,-6.854976646e-05,2.348908081e-05,-4.745753063e-05,0.2698927861,-0.0001097755001,0,0,0,0,1,0
11.11,1,1,5.10527981e-05,3.667172821e-05,-1.605886137e-05,5.03337446e-05,-0.009180875015,-3.691141271e-05,0,0,0,0,0.01151917306,0,-0.008979429122,0.009355363302,0.002463667092,-0.000201445894,-0.002394252135,-0.02037169024,11.89296813,0,-0.1059429227,0.0318908633,-0.535912998,-0.02847476433,1.020733221,-0.0002017031858,3.809506074,0.02847476433,0.0002017031858,3.302269544,3.302269544,0.01900414138,0.1486021295,-5.752427955e-06,-6.759102847e-05,1.965412884e-05,-4.649879263e-05,0.1486021295,-0.0001107342381,-5.752427955e-06,-6.759102847e-05,1.965412884e-05,-4.649879263e-05,0.1698927861,-0.0001107342381,0,0,0,0,1,0
11.12,1,1,5.03337446e-05,3.667172821e-05,-1.510012338e-05,5.03337446e-05,-0.009129582533,-3.73907817e-05,0,0,0,0,0,0,-0.008885752733,0.009379871619,0.002437985178,-0.0002438298,-0.002896672305,-0.03665335159,11.88906265,0,-0.1053531254,0.03665335159,-0.3465484833,-0.03443871852,1.009129583,-0.0003543591477,6.854176747,0.03443871852,0.0003543591477,6.542421342,6.542421342,0.01898559486,0.2944089604,-4.314320966e-06,-6.759102847e-05,1.773665286e-05,-4.649879263e-05,0.2944089604,-0.0001097755001,-4.314320966e-06,-6.759102847e-05,1.773665286e-05,-4.649879263e-05,0.2447419405,-0.0001097755001,0,0,0,0,1,0
11.13,1,1,5.05734291e-05,3.667172821e-05,-1.510012338e-05,5.08131136e-05,-0.009136773068,-3.73907817e-05,0,0,0,0,-0.001047197551,0,-0.008791832546,0.009404122783,0.002412236426,-0.0003449405215,-0.004096747722,-0.0490223267,11.88960876,0,-0.1054358089,0.04797512914,-0.07600848882,-0.0487087276,1.010184245,-0.000474479555,9.167175092,0.0487087276,0.000474479555,9.14034981,9.14034981,0.01896757342,0.4113157415,-4.793689962e-06,-6.759102847e-05,1.773665286e-05,-4.745753063e-05,0.4113157415,-0.0001097755001,-4.793689962e-06,-6.759102847e-05,1.773665286e-05,-4.745753063e-05,0.3447419405,-0.0001097755001,0,0,0,0,1,0
11.14,1,1,5.03337446e-05,3.691141271e-05,-1.557949238e-05,5.08131136e-05,-0.009145162025,-3.76304662e-05,0,0,0,0,0,0,-0.008697671137,0.009428116127,0.002386421541,-0.0004474908886,-0.005313293149,-0.05945031093,11.89024646,0,-0.1055322724,0.05945031093,0.1474308263,-0.06317636504,1.009145162,-0.0005736980252,11.11720814,0.06317636504,0.0005736980252,11.32838903,11.32838903,0.01895014896,0.5097775065,-4.314320966e-06,-6.807039746e-05,1.869539085e-05,-4.745753063e-05,0.5097775065,-0.0001092961311,-4.314320966e-06,-6.807039746e-05,1.869539085e-05,-4.745753063e-05,0.4447419405,-0.0001092961311,0,0,0,0,1,0
11.15,1,1,5.03337446e-05,3.691141271e-05,-1.581917688e-05,5.08131136e-05,-0.009144442972,-3.83495197e-05,0,0.001047197551,0,0,0,0,-0.008603271085,0.009451850995,0.002360541231,-0.0005411718864,-0.006423733108,-0.06992869107,11.89019177,0,-0.1055240041,0.06992869107,0.3121529854,-0.07637941855,1.009144443,-0.0006742141382,13.07666523,0.07637941855,0.0006742141382,13.46587185,13.46587185,0.01893337626,0.6059642332,-4.314320966e-06,-0.0001727901526,1.917475985e-05,-4.745753063e-05,0.6059642332,-0.0001078580241,-4.314320966e-06,-0.0001727901526,1.917475985e-05,-4.745753063e-05,0.5447419405,-0.0001078580241,0,0,0,0,1,0
11.16,1,1,5.249090509e-05,3.691141271e-05,-1.629854587e-05,5.10527981e-05,-0.009138211175,-3.76304662e-05,0,0,0,0,0,0,-0.008508634981,0.009475326736,0.002334596205,-0.0006295761943,-0.007470787135,-0.07981267547,11.88971804,0,-0.1054523456,0.07981267547,0.4358979249,-0.08882555254,1.009138211,-0.0007688457075,14.92497031,0.08882555254,0.0007688457075,15.45046264,15.45046264,0.0189173384,0.6952708186,-8.628641932e-06,-6.807039746e-05,2.013349784e-05,-4.793689962e-05,0.6952708186,-0.0001092961311,-8.628641932e-06,-6.807039746e-05,2.013349784e-05,-4.793689962e-05,0.6447419405,-0.0001092961311,0,0,0,0,1,0
11.17,1,1,5.10527981e-05,3.715109721e-05,-1.677791487e-05,5.05734291e-05,-0.00912838411,-3.73907817e-05,0,0,0,0,0.002094395102,0,-0.008413765417,0.009498542706,0.002308587176,-0.0007146186938,-0.008477231638,-0.08722231135,11.88897168,0,-0.1053393448,0.08931670645,0.5297114571,-0.1007855669,1.011223876,-0.0008430165524,16.31057222,0.1007855669,0.0008430165524,16.94191226,16.94191226,0.01890207064,0.7623860519,-5.752427955e-06,-6.854976646e-05,2.109223583e-05,-4.697816163e-05,0.7623860519,-0.0001097755001,-5.752427955e-06,-6.854976646e-05,2.109223583e-05,-4.697816163e-05,0.7447419405,-0.0001097755001,0,0,0,0,1,0
11.18,1,1,5.129248259e-05,3.715109721e-05,-1.773665286e-05,5.177185159e-05,-0.009096266388,-3.667172821e-05,0,0,0,0,0.005235987756,0,-0.008318664994,0.009521498269,0.002282514855,-0.0007776013932,-0.00922080992,-0.0911228964,11.88653828,0,-0.104970018,0.09635888416,0.5600822482,-0.1096035101,1.014339108,-0.0008854611969,17.03998163,0.1096035101,0.0008854611969,17.71055285,17.71055285,0.01888739506,0.7969748781,-6.231796951e-06,-6.854976646e-05,2.300971182e-05,-4.937500661e-05,0.7969748781,-0.0001112136071,-6.231796951e-06,-6.854976646e-05,2.300971182e-05,-4.937500661e-05,0.7969748781,-0.0001112136071,0,0,0,0,0,0
11.19,1,1,5.05734291e-05,3.76304662e-05,-1.869539085e-05,5.153216709e-05,-0.008983135305,-3.78701507e-05,-0.001047197551,0,0,0,0.01570796327,0,-0.008223336321,0.009544192795,0.002256379958,-0.0007597989832,-0.009004016725,-0.07869305299,11.87803888,0,-0.1036690203,0.09440101626,0.4184860254,-0.1069500607,1.024752784,-0.0007798385762,14.71560091,0.1069500607,0.0007798385762,15.24181683,15.24181683,0.01887227052,0.6858817575,9.992606516e-05,-6.950850445e-05,2.49271878e-05,-4.889563761e-05,0.6858817575,-0.0001088167621,9.992606516e-05,-6.950850445e-05,2.49271878e-05,-4.889563761e-05,0.7058350081,-0.0001088167621,0,0,0,0,1,0
11.2,1,1,5.10527981e-05,3.715109721e-05,-1.869539085e-05,5.129248259e-05,-0.008768617679,-3.78701507e-05,0,0,0,0,0.02722713633,0,-0.008127782011,0.009566625662,0.002230183201,-0.000640835668,-0.007587180992,-0.05393945707,11.86222964,0,-0.1012017251,0.0811665934,0.09635412081,-0.09000088326,1.036181083,-0.0005460498787,10.08667847,0.09000088326,0.0005460498787,10.27357953,10.27357953,0.01885578367,0.4623110786,-5.752427955e-06,-6.854976646e-05,2.49271878e-05,-4.841626862e-05,0.4623110786,-0.0001088167621,-5.752427955e-06,-6.854976646e-05,2.49271878e-05,-4.841626862e-05,0.6058350081,-0.0001088167621,0,0,0,0,1,0
11.21,1,1,5.129248259e-05,3.73907817e-05,-1.965412884e-05,5.249090509e-05,-0.008480037543,-3.691141271e-05,0,0,0,0,0.03036872898,0,-0.008032004682,0.009588796255,0.002203925303,-0.0004480328607,-0.005298502499,-0.0293095034,11.84159462,0,-0.09788186389,0.05967823239,-0.3160053982,-0.06274271868,1.039079331,-0.0002980920308,5.480877136,0.06274271868,0.0002980920308,5.227912548,5.227912548,0.01883788435,0.2352560647,-6.231796951e-06,-6.902913545e-05,2.684466379e-05,-5.08131136e-05,0.2352560647,-0.0001107342381,-6.231796951e-06,-6.902913545e-05,2.684466379e-05,-5.08131136e-05,0.5058350081,-0.0001107342381,0,0,0,0,1,0
11.22,1,1,4.985437561e-05,3.76304662e-05,-1.941444435e-05,5.177185159e-05,-0.008153107888,-3.78701507e-05,0,0,0,0,0.03351032164,0,-0.007936006962,0.009610703966,0.002177606983,-0.0002171009257,-0.002564361194,-0.000389031395,11.81908986,0,-0.09411984647,0.03389935303,-0.7309061404,-0.03030841539,1.041944165,-3.974551138e-06,0.07274887087,0.03030841539,3.974551138e-06,-0.6278448796,-0.6278448796,0.01881919789,-0.02825301958,-3.355582973e-06,-6.950850445e-05,2.636529479e-05,-4.937500661e-05,-0.02825301958,-0.0001088167621,-3.355582973e-06,-6.950850445e-05,2.636529479e-05,-4.937500661e-05,0.4058350081,-0.0001088167621,0,0,0,0,1,0
11.23,1,1,5.00940601e-05,3.76304662e-05,-1.869539085e-05,5.10527981e-05,-0.007796697039,-3.691141271e-05,0,0,0,0,0.03455751919,0,-0.007839791481,0.009632348195,0.002151228963,4.309444236e-05,0.0005083849614,0.02975004589,11.79560616,0,-0.09001744583,0.004807473301,-1.129669371,0.005996708782,1.042652772,0.0003040540565,-5.563258581,-0.005996708782,-0.0003040540565,-6.699228715,-6.699228715,0.01880058803,-0.3014652922,-3.83495197e-06,-6.950850445e-05,2.49271878e-05,-4.793689962e-05,-0.3014652922,-0.0001107342381,-3.83495197e-06,-6.950850445e-05,2.49271878e-05,-4.793689962e-05,0.3058350081,-0.0001107342381,0,0,0,0,1,0
11.24,1,1,5.08131136e-05,3.643204371e-05,-1.701759937e-05,5.05734291e-05,-0.007505480374,-3.715109721e-05,0,0,0,0,0.02408554368,0,-0.007743360878,0.009653728349,0.002124791965,0.0002378805045,0.002803342445,0.04107899965,11.77722742,0,-0.08666460294,-0.01699345598,-1.318821956,0.03301560152,1.031736052,0.0004106971857,-7.681772935,-0.03301560152,-0.0004106971857,-9.03402119,-9.03402119,0.01878249558,-0.4065309536,-5.273058958e-06,-6.711165947e-05,2.157160483e-05,-4.697816163e-05,-0.4065309536,-0.0001102548691,-5.273058958e-06,-6.711165947e-05,2.157160483e-05,-4.697816163e-05,0.2058350081,-0.0001102548691,0,0,0,0,1,0
11.25,1,1,5.03337446e-05,3.73907817e-05,-1.677791487e-05,5.03337446e-05,-0.007281854737,-3.76304662e-05,0,0,0,0,0.01780235837,0,-0.007646717797,0.009674843841,0.002098296716,0.0003648630595,0.00429616546,0.04901237391,11.76360631,0,-0.08408945224,-0.03121001554,-1.335026022,0.0505383991,1.025163444,0.0004833355992,-9.165313921,-0.0505383991,-0.0004833355992,-10.55136168,-10.55136168,0.01876490232,-0.4748112755,-4.314320966e-06,-6.902913545e-05,2.109223583e-05,-4.649879263e-05,-0.4748112755,-0.0001092961311,-4.314320966e-06,-6.902913545e-05,2.109223583e-05,-4.649879263e-05,0.1058350081,-0.0001092961311,0,0,0,0,1,0
11.26,1,1,5.05734291e-05,3.73907817e-05,-1.581917688e-05,5.08131136e-05,-0.007156020375,-3.715109721e-05,0,0,0,0,0.006283185307,0,-0.007549864886,0.009695694091,0.00207174394,0.0003938445101,0.004634740748,0.04072274148,11.756129,0,-0.08264022741,-0.03443955617,-1.145983382,0.05448661012,1.013449075,0.0003920931394,-7.615152656,-0.05448661012,-0.0003920931394,-8.816014741,-8.816014741,0.01874722154,-0.3967206633,-4.793689962e-06,-6.902913545e-05,1.917475985e-05,-4.745753063e-05,-0.3967206633,-0.0001102548691,-4.793689962e-06,-6.902913545e-05,1.917475985e-05,-4.745753063e-05,0.005835008099,-0.0001102548691,0,0,0,0,1,0
11.27,1,1,5.08131136e-05,3.643204371e-05,-1.533980788e-05,5.10527981e-05,-0.007138283723,-3.715109721e-05,0,0,0,0,-0.001047197551,0,-0.007452804801,0.00971627853,0.002045134367,0.0003145210781,0.003700171708,0.02447536859,11.75508589,0,-0.08243594518,-0.02552256614,-0.770377521,0.04349583622,1.008185755,0.0002329902651,-4.576893927,-0.04349583622,-0.0002329902651,-5.391000274,-5.391000274,0.01872900435,-0.2425950123,-5.273058958e-06,-6.711165947e-05,1.821602186e-05,-4.793689962e-05,-0.2425950123,-0.0001102548691,-5.273058958e-06,-6.711165947e-05,1.821602186e-05,-4.793689962e-05,-0.0941649919,-0.0001102548691,0,0,0,0,1,0
11.28,1,1,5.00940601e-05,3.643204371e-05,-1.510012338e-05,5.05734291e-05,-0.00715626006,-3.78701507e-05,0,0,0,0,-0.002094395102,0,-0.007355540203,0.009736596592,0.002018468725,0.0001992801429,0.002343946489,0.0104897726,11.75614312,0,-0.08264298796,-0.0125841677,-0.3923876991,0.02755577038,1.009251752,9.996832095e-05,-1.961587476,-0.02755577038,-9.996832095e-05,-2.381630914,-2.381630914,0.01871043974,-0.1071733911,-3.83495197e-06,-6.711165947e-05,1.773665286e-05,-4.697816163e-05,-0.1071733911,-0.0001088167621,-3.83495197e-06,-6.711165947e-05,1.773665286e-05,-4.697816163e-05,-0.1252640969,-0.0001088167621,0,0,0,0,1,0
11.29,1,1,5.05734291e-05,3.715109721e-05,-1.533980788e-05,5.10527981e-05,-0.007192212735,-3.76304662e-05,0,0,0,0,-0.004188790205,0,-0.007258073759,0.00975664772,0.001991747746,6.586102396e-05,0.0007745402406,-0.006571026512,11.75826582,0,-0.08305706554,0.002382236308,-0.04602268074,0.009107250036,1.011385389,-6.282463552e-05,1.228781958,-0.009107250036,6.282463552e-05,1.173714852,1.173714852,0.01869175253,0.05281716832,-4.793689962e-06,-6.854976646e-05,1.821602186e-05,-4.793689962e-05,0.05281716832,-0.0001092961311,-4.793689962e-06,-6.854976646e-05,1.821602186e-05,-4.793689962e-05,-0.02526409685,-0.0001092961311,0,0,0,0,1,0
11.3,1,1,5.05734291e-05,3.667172821e-05,-1.605886137e-05,5.08131136e-05,-0.007255249758,-3.691141271e-05,0,0,0,0,-0.006283185307,0,-0.00716040814,0.009776431365,0.001964972162,-9.484161759e-05,-0.001115261059,-0.02667465487,11.76201416,0,-0.08378305569,0.02039146957,0.2920711953,-0.01311771637,1.013548305,-0.000255870584,4.988160461,0.01311771637,0.000255870584,5.293605243,5.293605243,0.01867325647,0.238212236,-4.793689962e-06,-6.759102847e-05,1.965412884e-05,-4.745753063e-05,0.238212236,-0.0001107342381,-4.793689962e-06,-6.759102847e-05,1.965412884e-05,-4.745753063e-05,0.07473590315,-0.0001107342381,0,0,0,0,1,0
11.31,1,1,5.10527981e-05,3.715109721e-05,-1.629854587e-05,5.177185159e-05,-0.007306781925,-3.691141271e-05,0,0,0,0,-0.003141592654,0,-0.007062546025,0.009795946984,0.001938142708,-0.0002442359,-0.002871686816,-0.04026304951,11.76510352,0,-0.08437652111,0.03712145686,0.5439090658,-0.03378569266,1.010450842,-0.0003834851091,7.529190259,0.03378569266,0.0003834851091,8.107268503,8.107268503,0.01865520174,0.3648270826,-5.752427955e-06,-6.854976646e-05,2.013349784e-05,-4.937500661e-05,0.3648270826,-0.0001107342381,-5.752427955e-06,-6.854976646e-05,2.013349784e-05,-4.937500661e-05,0.1747359031,-0.0001107342381,0,0,0,0,1,0
11.32,1,1,5.05734291e-05,3.667172821e-05,-1.749696836e-05,5.249090509e-05,-0.007324278893,-3.76304662e-05,0,0,0,0,0,0,-0.006964490096,0.009815194042,0.001911260118,-0.0003597887975,-0.004229493831,-0.05005736312,11.76615761,0,-0.08457801825,0.05005736312,0.6797658691,-0.049764891,1.007324279,-0.0004733774249,9.360726904,0.049764891,0.0004733774249,10.09073104,10.09073104,0.01863762193,0.4540828969,-4.793689962e-06,-6.759102847e-05,2.253034282e-05,-5.08131136e-05,0.4540828969,-0.0001092961311,-4.793689962e-06,-6.759102847e-05,2.253034282e-05,-5.08131136e-05,0.2747359031,-0.0001092961311,0,0,0,0,1,0
11.33,1,1,5.177185159e-05,3.691141271e-05,-1.773665286e-05,5.273058958e-05,-0.007316848674,-3.83495197e-05,0,-0.001047197551,0,0,0.001047197551,0,-0.006866243041,0.009834172011,0.00188432513,-0.0004506056328,-0.005295707649,-0.05917583755,11.76570966,0,-0.08449245129,0.0602230351,0.7409306887,-0.06230775864,1.00836432,-0.0005602492686,11.06588162,0.06230775864,0.0005602492686,11.86968032,11.86968032,0.01862055668,0.5341356143,-7.190534943e-06,3.664935766e-05,2.300971182e-05,-5.129248259e-05,0.5341356143,-0.0001078580241,-7.190534943e-06,3.664935766e-05,2.300971182e-05,-5.129248259e-05,0.3747359031,-0.0001078580241,0,0,0,0,1,0
11.34,1,1,5.153216709e-05,3.691141271e-05,-1.773665286e-05,5.201153609e-05,-0.007303905711,-3.715109721e-05,0,-0.001047197551,0,0,0.001047197551,0,-0.006767807554,0.009852880372,0.001857338482,-0.0005360981567,-0.006298733204,-0.06874249729,11.76493049,0,-0.08434339804,0.06978969484,0.7799478266,-0.07410415833,1.008351377,-0.0006502275764,12.85484699,0.07410415833,0.0006502275764,13.70954921,13.70954921,0.01860409118,0.6169297143,-6.711165947e-06,3.664935766e-05,2.300971182e-05,-4.985437561e-05,0.6169297143,-0.0001102548691,-6.711165947e-06,3.664935766e-05,2.300971182e-05,-4.985437561e-05,0.4747359031,-0.0001102548691,0,0,0,0,1,0
11.35,1,1,5.10527981e-05,3.83495197e-05,-1.797633736e-05,5.129248259e-05,-0.007277061047,-3.643204371e-05,0,0,0,0,0.003141592654,0,-0.006669186334,0.009871318611,0.001830300915,-0.0006078747132,-0.007139872566,-0.07468007938,11.76331899,0,-0.08403424609,0.07782167203,0.7837149839,-0.08398859852,1.010421121,-0.0007086840767,13.96517484,0.08398859852,0.0007086840767,14.83358711,14.83358711,0.01858815512,0.66751142,-5.752427955e-06,-7.094661144e-05,2.348908081e-05,-4.841626862e-05,0.66751142,-0.0001116929761,-5.752427955e-06,-7.094661144e-05,2.348908081e-05,-4.841626862e-05,0.5747359031,-0.0001116929761,0,0,0,0,1,0
11.36,1,1,5.129248259e-05,3.81098352e-05,-1.773665286e-05,5.225122059e-05,-0.007226727302,-3.643204371e-05,0,0,0,0,0.006283185307,0,-0.006570382084,0.009889486223,0.001803213169,-0.0006563452185,-0.007706412752,-0.07696745181,11.76031395,0,-0.08345456994,0.08325063712,0.7386240365,-0.09062983341,1.013519782,-0.000734259698,14.39291349,0.09062983341,0.000734259698,15.22290162,15.22290162,0.01857256137,0.6850305728,-6.231796951e-06,-7.046724244e-05,2.300971182e-05,-5.03337446e-05,0.6850305728,-0.0001116929761,-6.231796951e-06,-7.046724244e-05,2.300971182e-05,-5.03337446e-05,0.6747359031,-0.0001116929761,0,0,0,0,1,0
11.37,1,1,4.985437561e-05,3.78701507e-05,-1.797633736e-05,5.249090509e-05,-0.007122224861,-3.667172821e-05,0,0,0,0,0.01466076572,0,-0.006471397513,0.00990738271,0.001776075987,-0.0006508273481,-0.007637897285,-0.06799410415,11.75414375,0,-0.08225098472,0.08265486986,0.5899849747,-0.08977694263,1.021836725,-0.0006587869406,12.71489748,0.08977694263,0.0006587869406,13.39531818,13.39531818,0.01855679301,0.6027893181,-3.355582973e-06,-6.998787345e-05,2.348908081e-05,-5.08131136e-05,0.6027893181,-0.0001112136071,-3.355582973e-06,-6.998787345e-05,2.348908081e-05,-5.08131136e-05,0.6176636074,-0.0001112136071,0,0,0,0,1,0
11.38,1,1,5.10527981e-05,3.882888869e-05,-1.749696836e-05,5.297027408e-05,-0.006946536124,-3.667172821e-05,0,0,0,0,0.01884955592,0,-0.006372235335,0.009925007581,0.001748890113,-0.000574300789,-0.006735426158,-0.05528333378,11.7439795,0,-0.08022732498,0.0741328897,0.3242280402,-0.07910070671,1.025884918,-0.0005394061108,10.33798342,0.07910070671,0.0005394061108,10.74185157,10.74185157,0.01854021125,0.4833833206,-5.752427955e-06,-7.190534943e-05,2.253034282e-05,-5.177185159e-05,0.4833833206,-0.0001112136071,-5.752427955e-06,-7.190534943e-05,2.253034282e-05,-5.177185159e-05,0.5176636074,-0.0001112136071,0,0,0,0,1,0
11.39,1,1,5.177185159e-05,3.85892042e-05,-1.773665286e-05,5.249090509e-05,-0.006733935974,-3.691141271e-05,0,0,0,0,0.02199114858,0,-0.006272898269,0.009942360352,0.001721656292,-0.0004610377058,-0.005403167858,-0.03951178642,11.73202956,0,-0.07777817394,0.061502935,0.03293809532,-0.06339012504,1.028845987,-0.0003873886337,7.388704061,0.06339012504,0.0003873886337,7.48541967,7.48541967,0.01852285699,0.3368438852,-7.190534943e-06,-7.142598044e-05,2.300971182e-05,-5.08131136e-05,0.3368438852,-0.0001107342381,-7.190534943e-06,-7.142598044e-05,2.300971182e-05,-5.08131136e-05,0.4176636074,-0.0001107342381,0,0,0,0,1,0
11.4,1,1,5.10527981e-05,3.691141271e-05,-1.749696836e-05,5.05734291e-05,-0.006494730845,-3.78701507e-05,0,0,0,0,0.02513274123,0,-0.006173389037,0.009959440549,0.001694375271,-0.0003213418085,-0.003763113044,-0.02077694832,11.71904086,0,-0.07502211541,0.04590968955,-0.2588611545,-0.04410007551,1.031785386,-0.0002046718352,3.885289335,0.04410007551,0.0002046718352,3.670732928,3.670732928,0.01850481225,0.1651829818,-5.752427955e-06,-6.807039746e-05,2.253034282e-05,-4.697816163e-05,0.1651829818,-0.0001088167621,-5.752427955e-06,-6.807039746e-05,2.253034282e-05,-4.697816163e-05,0.3176636074,-0.0001088167621,0,0,0,0,1,0
11.41,1,1,5.08131136e-05,3.619235921e-05,-1.773665286e-05,5.08131136e-05,-0.006261757513,-3.715109721e-05,0,0,0,0,0.01884955592,0,-0.006073710368,0.009976247703,0.001667047798,-0.0001880471453,-0.00220054228,-0.01217127985,11.70685398,0,-0.0723374464,0.03102083577,-0.4818845598,-0.02576142715,1.02520014,-0.0001182551176,2.276029333,0.02576142715,0.0001182551176,1.820024455,1.820024455,0.01848643336,0.08190110048,-5.273058958e-06,-6.663229047e-05,2.300971182e-05,-4.745753063e-05,0.08190110048,-0.0001102548691,-5.273058958e-06,-6.663229047e-05,2.300971182e-05,-4.745753063e-05,0.2176636074,-0.0001102548691,0,0,0,0,1,0
11.42,1,1,5.03337446e-05,3.667172821e-05,-1.773665286e-05,5.129248259e-05,-0.006098292685,-3.691141271e-05,0,0,0,0,0.01151917306,0,-0.005973864994,0.009992781353,0.001639674622,-0.000124427691,-0.001455242727,-0.01240057894,11.69857539,0,-0.07045352424,0.023919752,-0.5206641288,-0.01702426676,1.017650639,-0.000118596777,2.318908261,0.01702426676,0.000118596777,1.815386996,1.815386996,0.01846801667,0.08169241482,-4.314320966e-06,-6.759102847e-05,2.300971182e-05,-4.841626862e-05,0.08169241482,-0.0001107342381,-4.314320966e-06,-6.759102847e-05,2.300971182e-05,-4.841626862e-05,0.1176636074,-0.0001107342381,0,0,0,0,1,0
11.43,1,1,5.129248259e-05,3.715109721e-05,-1.629854587e-05,5.129248259e-05,-0.006027825443,-3.643204371e-05,0,0,0,0,0.002094395102,0,-0.005873855654,0.01000904105,0.001612256493,-0.0001539697891,-0.001800108323,-0.02514728719,11.69507575,0,-0.06964133536,0.02724168229,-0.3611258837,-0.0210524032,1.008123317,-0.0002357878625,4.702542704,0.0210524032,0.0002357878625,4.362705012,4.362705012,0.01844974231,0.1963217255,-6.231796951e-06,-6.854976646e-05,2.013349784e-05,-4.841626862e-05,0.1963217255,-0.0001116929761,-6.231796951e-06,-6.854976646e-05,2.013349784e-05,-4.841626862e-05,0.1682620848,-0.0001116929761,0,0,0,0,1,0
11.44,1,1,5.08131136e-05,3.667172821e-05,-1.510012338e-05,5.08131136e-05,-0.006032619133,-3.715109721e-05,0,0,0,0,0,0,-0.005773685088,0.01002502634,0.001584794164,-0.0002589340448,-0.00302668256,-0.03899928456,11.6953125,0,-0.0696965874,0.03899928456,-0.07910171039,-0.03539799839,1.006032619,-0.0003637996176,7.292866213,0.03539799839,0.0003637996176,7.2495263,7.2495263,0.0184318892,0.3262286835,-5.273058958e-06,-6.759102847e-05,1.773665286e-05,-4.745753063e-05,0.3262286835,-0.0001102548691,-5.273058958e-06,-6.759102847e-05,1.773665286e-05,-4.745753063e-05,0.2682620848,-0.0001102548691,0,0,0,0,1,0
11.45,1,1,5.05734291e-05,3.667172821e-05,-1.486043888e-05,5.08131136e-05,-0.006037892192,-3.667172821e-05,0,0,0,0,0,0,-0.005673356043,0.01004073678,0.001557288387,-0.0003645361485,-0.004260241122,-0.05082296906,11.69557315,0,-0.06975736447,0.05082296906,0.1516550215,-0.04982596169,1.006037892,-0.000473652068,9.503895215,0.04982596169,0.000473652068,9.70584985,9.70584985,0.0184145188,0.4367632433,-4.793689962e-06,-6.759102847e-05,1.725728386e-05,-4.745753063e-05,0.4367632433,-0.0001112136071,-4.793689962e-06,-6.759102847e-05,1.725728386e-05,-4.745753063e-05,0.3682620848,-0.0001112136071,0,0,0,0,1,0
11.46,1,1,5.129248259e-05,3.667172821e-05,-1.486043888e-05,5.03337446e-05,-0.006037412823,-3.667172821e-05,0,0,0,0,0,0,-0.00557287127,0.01005617196,0.001529739915,-0.0004645415528,-0.005427873221,-0.06201609735,11.69554945,0,-0.06975183929,0.06201609735,0.3284757511,-0.06348195965,1.006037413,-0.0005774394135,11.5970102,0.06348195965,0.0005774394135,11.98954535,11.98954535,0.01839775732,0.5395295409,-6.231796951e-06,-6.759102847e-05,1.725728386e-05,-4.649879263e-05,0.5395295409,-0.0001112136071,-6.231796951e-06,-6.759102847e-05,1.725728386e-05,-4.649879263e-05,0.4682620848,-0.0001112136071,0,0,0,0,1,0
11.47,1,1,5.08131136e-05,3.667172821e-05,-1.581917688e-05,5.08131136e-05,-0.006031900079,-3.619235921e-05,0,0,0,0,0,0,-0.005472233523,0.01007133144,0.001502149506,-0.0005596665563,-0.006537962939,-0.07265955201,11.69527698,0,-0.06968829961,0.07265955201,0.462807324,-0.07646328744,1.0060319,-0.0006759409106,13.58733623,0.07646328744,0.0006759409106,14.12728278,14.12728278,0.01838168794,0.635727725,-5.273058958e-06,-6.759102847e-05,1.917475985e-05,-4.745753063e-05,0.635727725,-0.0001121723451,-5.273058958e-06,-6.759102847e-05,1.917475985e-05,-4.745753063e-05,0.5682620848,-0.0001121723451,0,0,0,0,1,0
11.48,1,1,5.05734291e-05,3.76304662e-05,-1.605886137e-05,5.129248259e-05,-0.006017998378,-3.595267472e-05,0,0,0,0,0.002094395102,0,-0.005371445561,0.01008621481,0.001474517914,-0.000646552817,-0.00755124616,-0.08028470952,11.69459101,0,-0.06952806818,0.08237910462,0.5551125455,-0.08830873547,1.00811349,-0.0007493414299,15.01324068,0.08830873547,0.0007493414299,15.6574113,15.6574113,0.01836632905,0.7045835086,-4.793689962e-06,-6.950850445e-05,1.965412884e-05,-4.841626862e-05,0.7045835086,-0.0001126517141,-4.793689962e-06,-6.950850445e-05,1.965412884e-05,-4.841626862e-05,0.6682620848,-0.0001126517141,0,0,0,0,1,0
11.49,1,1,5.05734291e-05,3.643204371e-05,-1.725728386e-05,5.201153609e-05,-0.005967904318,-3.667172821e-05,0,0,0,0,0.01047197551,0,-0.005270510148,0.01010082167,0.001446845897,-0.0006973941699,-0.008142614412,-0.07760000233,11.69213259,0,-0.0689506714,0.08807197784,0.5553674609,-0.09520452737,1.016467295,-0.0007357357424,14.51120044,0.09520452737,0.0007357357424,15.16250816,15.16250816,0.01835131656,0.6823128672,-4.793689962e-06,-6.711165947e-05,2.205097383e-05,-4.985437561e-05,0.6823128672,-0.0001112136071,-4.793689962e-06,-6.711165947e-05,2.205097383e-05,-4.985437561e-05,0.6949756897,-0.0001112136071,0,0,0,0,1,0
11.5,1,1,5.10527981e-05,3.78701507e-05,-1.821602186e-05,5.320995858e-05,-0.005816184031,-3.691141271e-05,0,0,0,0,0.02094395102,0,-0.005169430051,0.0101151516,0.001419134215,-0.0006467539798,-0.007547622154,-0.06149069772,11.68481488,0,-0.06720180038,0.08243464874,0.3467086618,-0.08819256766,1.026869797,-0.0005944893146,11.49876047,0.08819256766,0.0005944893146,11.93425619,11.93425619,0.01833560131,0.5370415287,-5.752427955e-06,-6.998787345e-05,2.396844981e-05,-5.225122059e-05,0.5370415287,-0.0001107342381,-5.752427955e-06,-6.998787345e-05,2.396844981e-05,-5.225122059e-05,0.5989231383,-0.0001107342381,0,0,0,0,1,0
11.51,1,1,5.08131136e-05,3.691141271e-05,-2.205097383e-05,5.320995858e-05,-0.005551332661,-3.619235921e-05,0,0,0,0,0.02827433388,0,-0.005068208041,0.01012920422,0.001391383626,-0.0004831246198,-0.005634132529,-0.03589731932,11.67250149,0,-0.06414850638,0.0641716532,-0.0542294249,-0.06576442033,1.034025526,-0.000351581338,6.712798713,0.06576442033,0.000351581338,6.72468529,6.72468529,0.01831848165,0.302610838,-5.273058958e-06,-6.807039746e-05,3.163835375e-05,-5.225122059e-05,0.302610838,-0.0001121723451,-5.273058958e-06,-6.807039746e-05,3.163835375e-05,-5.225122059e-05,0.4989231383,-0.0001121723451,0,0,0,0,1,0
11.52,1,1,5.153216709e-05,3.73907817e-05,-2.229065832e-05,5.225122059e-05,-0.005244296819,-3.715109721e-05,0,0,0,0,0.03141592654,0,-0.004966846892,0.01014297914,0.001363594892,-0.0002774499261,-0.003233158158,-0.009775831067,11.65895831,0,-0.06060833524,0.0411917576,-0.4649526378,-0.03769525616,1.036906963,-9.618519479e-05,1.82808041,0.03769525616,9.618519479e-05,1.400919213,1.400919213,0.01830044476,0.06304136459,-6.711165947e-06,-6.902913545e-05,3.211772275e-05,-5.03337446e-05,0.06304136459,-0.0001102548691,-6.711165947e-06,-6.902913545e-05,3.211772275e-05,-5.03337446e-05,0.3989231383,-0.0001102548691,0,0,0,0,1,0
11.53,1,1,5.08131136e-05,3.73907817e-05,-2.109223583e-05,5.153216709e-05,-0.004924318014,-3.667172821e-05,0,0,0,0,0.03246312409,0,-0.004865349385,0.01015647599,0.001335768774,-5.896862871e-05,-0.0006866600703,0.01570488441,11.64567734,0,-0.05691832335,0.01675823968,-0.8271980711,-0.007996621623,1.037650906,0.0001545890052,-2.936813384,0.007996621623,-0.0001545890052,-3.756169423,-3.756169423,0.01828218919,-0.169027624,-5.273058958e-06,-6.902913545e-05,2.972087777e-05,-4.889563761e-05,-0.169027624,-0.0001112136071,-5.273058958e-06,-6.902913545e-05,2.972087777e-05,-4.889563761e-05,0.2989231383,-0.0001112136071,0,0,0,0,1,0
11.54,1,1,4.985437561e-05,3.81098352e-05,-2.013349784e-05,5.08131136e-05,-0.00463214261,-3.643204371e-05,0,0,0,0,0.02513274123,0,-0.004763718301,0.0101696944,0.001307906035,0.0001315756903,0.001531119923,0.02969829586,11.63429082,0,-0.05354843257,-0.00456555463,-1.063315891,0.01781349446,1.029922798,0.0002877098141,-5.553581326,-0.01781349446,-0.0002877098141,-6.63499842,-6.63499842,0.01826423475,-0.2985749289,-3.355582973e-06,-7.046724244e-05,2.780340178e-05,-4.745753063e-05,-0.2985749289,-0.0001116929761,-3.355582973e-06,-7.046724244e-05,2.780340178e-05,-4.745753063e-05,0.1989231383,-0.0001116929761,0,0,0,0,1,0
11.55,1,1,4.937500661e-05,3.73907817e-05,-1.773665286e-05,5.00940601e-05,-0.004411393188,-3.643204371e-05,0,0,0,-0.001047197551,0.01780235837,0,-0.004661956426,0.010182634,0.001280007439,0.0002505632386,0.002914237164,0.0356857711,11.62615539,0,-0.05100205003,-0.01788341273,-1.110211976,0.0338813741,1.022292983,0.0003402822863,-6.673239195,-0.0338813741,-0.0003402822863,-7.817672828,-7.817672828,0.01824658713,-0.3517952772,-2.396844981e-06,-6.902913545e-05,2.300971182e-05,5.870033148e-05,-0.3517952772,-0.0001116929761,-2.396844981e-06,-6.902913545e-05,2.300971182e-05,5.870033148e-05,0.09892313825,-0.0001116929761,0,0,0,0,1,0
11.56,1,1,4.961469111e-05,3.715109721e-05,-1.510012338e-05,4.937500661e-05,-0.004273574601,-3.691141271e-05,0,0,0,0,0.01047197551,0,-0.004560066551,0.01019529443,0.001252073751,0.0002864919501,0.003330864037,0.03236881354,11.62127991,0,-0.0494121623,-0.02189683803,-0.9775174751,0.03870890332,1.014772966,0.0003038353107,-6.052968132,-0.03870890332,-0.0003038353107,-7.069498346,-7.069498346,0.01822894504,-0.3181274255,-2.876213977e-06,-6.854976646e-05,1.773665286e-05,-4.458131665e-05,-0.3181274255,-0.0001107342381,-2.876213977e-06,-6.854976646e-05,1.773665286e-05,-4.458131665e-05,-0.001076861749,-0.0001107342381,0,0,0,0,1,0
11.57,1,1,4.961469111e-05,3.715109721e-05,-1.390170089e-05,4.889563761e-05,-0.00423618382,-3.619235921e-05,0,0,0,0,0,0,-0.004458051469,0.01020767536,0.001224105737,0.0002218676499,0.002578962802,0.01464292906,11.61998414,0,-0.04898080256,-0.01464292906,-0.6625725491,0.02996750685,1.004236184,0.0001344764228,-2.738227734,-0.02996750685,-0.0001344764228,-3.430902267,-3.430902267,0.01821097845,-0.154390602,-2.876213977e-06,-6.854976646e-05,1.533980788e-05,-4.362257866e-05,-0.154390602,-0.0001121723451,-2.876213977e-06,-6.854976646e-05,1.533980788e-05,-4.362257866e-05,-0.1010768617,-0.0001121723451,0,0,0,0,1,0
11.58,1,1,5.05734291e-05,3.667172821e-05,-1.342233189e-05,4.937500661e-05,-0.004246490253,-3.619235921e-05,0,0,0,0,-0.001047197551,0,-0.004355913977,0.01021977643,0.001196104164,0.0001094237241,0.001271749793,0.0009871248173,11.62034016,0,-0.04909970368,-0.002034322369,-0.3105709582,0.01477816519,1.005293962,9.075517875e-06,-0.1845923408,-0.01477816519,-9.075517875e-06,-0.5099505398,-0.5099505398,0.01819280912,-0.02294777429,-4.793689962e-06,-6.759102847e-05,1.438106989e-05,-4.458131665e-05,-0.02294777429,-0.0001121723451,-4.793689962e-06,-6.759102847e-05,1.438106989e-05,-4.458131665e-05,-0.04501615239,-0.0001121723451,0,0,0,0,1,0
11.59,1,1,5.08131136e-05,3.73907817e-05,-1.366201639e-05,4.937500661e-05,-0.004275731762,-3.643204371e-05,0,0,0,0,-0.003141592654,0,-0.004253656875,0.01023159733,0.001168069799,-2.207488705e-05,-0.0002565316372,-0.01584482069,11.62135502,0,-0.04943704823,0.01270322804,0.01634751374,-0.00298124523,1.007419792,-0.0001461463602,2.962981469,0.00298124523,0.0001461463602,2.982456375,2.982456375,0.01817467216,0.1342105369,-5.273058958e-06,-6.902913545e-05,1.486043888e-05,-4.458131665e-05,0.1342105369,-0.0001116929761,-5.273058958e-06,-6.902913545e-05,1.486043888e-05,-4.458131665e-05,0.05498384761,-0.0001116929761,0,0,0,0,1,0
11.6,1,1,5.00940601e-05,3.715109721e-05,-1.438106989e-05,5.08131136e-05,-0.004300179581,-3.643204371e-05,0,0,0,0,-0.001047197551,0,-0.004151282966,0.01024313772,0.00114000341,-0.000148896615,-0.001730123865,-0.02795854229,11.62220891,0,-0.04971908715,0.02691134474,0.2728918432,-0.020107861,1.005347651,-0.0002565654472,5.228247409,0.020107861,0.0002565654472,5.521503679,5.521503679,0.01815677103,0.2484676655,-3.83495197e-06,-6.854976646e-05,1.629854587e-05,-4.745753063e-05,0.2484676655,-0.0001116929761,-3.83495197e-06,-6.854976646e-05,1.629854587e-05,-4.745753063e-05,0.1549838476,-0.0001116929761,0,0,0,0,1,0
11.61,1,1,5.05734291e-05,3.882888869e-05,-1.581917688e-05,5.03337446e-05,-0.004309527276,-3.667172821e-05,0,0,0,0,0,0,-0.004048795056,0.01025439729,0.001111905768,-0.0002607322197,-0.00302920097,-0.03943731385,11.62253669,0,-0.04982692478,0.03943731385,0.4514856659,-0.03520699943,1.004309527,-0.0003608051174,7.374777689,0.03520699943,0.0003608051174,7.86183116,7.86183116,0.01813922128,0.3537824022,-4.793689962e-06,-7.190534943e-05,1.917475985e-05,-4.649879263e-05,0.3537824022,-0.0001112136071,-4.793689962e-06,-7.190534943e-05,1.917475985e-05,-4.649879263e-05,0.2549838476,-0.0001112136071,0,0,0,0,1,0
11.62,1,1,5.10527981e-05,3.906857319e-05,-1.701759937e-05,5.10527981e-05,-0.004305932008,-3.595267472e-05,0,0,0,0,0,0,-0.003946195957,0.01026537574,0.001083777642,-0.0003597360517,-0.004178794515,-0.050523885,11.62241054,0,-0.04978544882,0.050523885,0.5715847702,-0.0485676654,1.004305932,-0.0004617944116,9.447966496,0.0485676654,0.0004617944116,10.06858073,10.06858073,0.01812214197,0.4530861326,-5.752427955e-06,-7.238471843e-05,2.157160483e-05,-4.793689962e-05,0.4530861326,-0.0001126517141,-5.752427955e-06,-7.238471843e-05,2.157160483e-05,-4.793689962e-05,0.3549838476,-0.0001126517141,0,0,0,0,1,0
11.63,1,1,5.10527981e-05,3.85892042e-05,-1.749696836e-05,5.153216709e-05,-0.004294427153,-3.595267472e-05,0,0,0,0,0.001047197551,0,-0.00384348848,0.01027607275,0.001055619804,-0.0004509386729,-0.005237381971,-0.05968773727,11.62200755,0,-0.04965272532,0.06073493482,0.6537358431,-0.06086889281,1.005341899,-0.0005461783222,11.16160687,0.06086889281,0.0005461783222,11.87675778,11.87675778,0.01810558914,0.5344541003,-5.752427955e-06,-7.142598044e-05,2.253034282e-05,-4.889563761e-05,0.5344541003,-0.0001126517141,-5.752427955e-06,-7.142598044e-05,2.253034282e-05,-4.889563761e-05,0.4549838476,-0.0001126517141,0,0,0,0,1,0
11.64,1,1,5.10527981e-05,3.882888869e-05,-1.725728386e-05,5.08131136e-05,-0.004273814286,-3.619235921e-05,0,0,0,0,0.003141592654,0,-0.003740675441,0.01028648804,0.001027433026,-0.0005331388449,-0.0061910208,-0.0667953767,11.62128825,0,-0.0494149274,0.06993696935,0.7017596598,-0.0719476373,1.007417874,-0.0006132002701,12.49073544,0.0719476373,0.0006132002701,13.26505594,13.26505594,0.01808958607,0.5969275173,-5.752427955e-06,-7.190534943e-05,2.205097383e-05,-4.745753063e-05,0.5969275173,-0.0001121723451,-5.752427955e-06,-7.190534943e-05,2.205097383e-05,-4.745753063e-05,0.5549838476,-0.0001121723451,0,0,0,0,1,0
11.65,1,1,5.10527981e-05,3.73907817e-05,-1.677791487e-05,5.129248259e-05,-0.004232109183,-3.571299022e-05,0,-0.001047197551,0,0,0.005235987756,0,-0.003637759659,0.01029662131,0.0009992180801,-0.0005943495241,-0.006900448467,-0.07155500801,11.61984363,0,-0.04893379499,0.07679099577,0.6980862946,-0.08018213215,1.009474951,-0.000659011215,13.3807865,0.08018213215,0.000659011215,14.15971394,14.15971394,0.01807400965,0.6371871271,-5.752427955e-06,3.569061966e-05,2.109223583e-05,-4.841626862e-05,0.6371871271,-0.0001131310831,-5.752427955e-06,3.569061966e-05,2.109223583e-05,-4.841626862e-05,0.6371871271,-0.0001131310831,0,0,0,0,0,0
11.66,1,1,5.10527981e-05,3.715109721e-05,-1.677791487e-05,5.177185159e-05,-0.004139111598,-3.595267472e-05,0,0,0,0,0.01256637061,0,-0.003534743956,0.01030647231,0.0009709757401,-0.0006043676422,-0.007014888979,-0.06535610763,11.6166738,0,-0.04786089452,0.07792247824,0.5888013424,-0.08148967704,1.016744961,-0.0006100944193,12.22159213,0.08148967704,0.0006100944193,12.89249324,12.89249324,0.01805837593,0.5801621958,-5.752427955e-06,-6.854976646e-05,2.109223583e-05,-4.937500661e-05,0.5801621958,-0.0001126517141,-5.752427955e-06,-6.854976646e-05,2.109223583e-05,-4.937500661e-05,0.5818820836,-0.0001126517141,0,0,0,0,1,0
11.67,1,1,5.03337446e-05,3.76304662e-05,-1.629854587e-05,5.05734291e-05,-0.003978043615,-3.619235921e-05,0,0,0,0,0.01884955592,0,-0.003431631155,0.01031604074,0.0009427067803,-0.0005464124603,-0.006339976927,-0.05260557761,11.61135198,0,-0.04600257786,0.07145513353,0.3600568394,-0.07361570364,1.022916426,-0.0004966042828,9.837243013,0.07361570364,0.0004966042828,10.27141216,10.27141216,0.01804215507,0.4622135472,-4.314320966e-06,-6.950850445e-05,2.013349784e-05,-4.697816163e-05,0.4622135472,-0.0001121723451,-4.314320966e-06,-6.950850445e-05,2.013349784e-05,-4.697816163e-05,0.4966987943,-0.0001121723451,0,0,0,0,1,0
11.68,1,1,5.05734291e-05,3.76304662e-05,-1.629854587e-05,5.129248259e-05,-0.003786775386,-3.499393672e-05,0,0,0,0,0.01780235837,0,-0.003328424083,0.01032532636,0.0009144119758,-0.0004583513021,-0.005316203723,-0.04381655173,11.60530895,0,-0.04379567237,0.0616189101,0.1144234677,-0.06169618663,1.021668365,-0.0004122413382,8.193695174,0.06169618663,0.0004122413382,8.37022707,8.37022707,0.01802529699,0.3766602181,-4.793689962e-06,-6.950850445e-05,2.013349784e-05,-4.841626862e-05,0.3766602181,-0.0001145691901,-4.793689962e-06,-6.950850445e-05,2.013349784e-05,-4.841626862e-05,0.3966987943,-0.0001145691901,0,0,0,0,1,0
11.69,1,1,5.10527981e-05,3.85892042e-05,-1.677791487e-05,5.129248259e-05,-0.003593349996,-3.547330572e-05,0,0,0,0,0.01780235837,0,-0.003225125571,0.0103343289,0.0008860921021,-0.0003682244244,-0.004269307129,-0.03374554022,11.59950278,0,-0.04156371423,0.05154789859,-0.09072710341,-0.0495218399,1.021474939,-0.0003170659444,6.31041602,0.0495218399,0.0003170659444,6.269527823,6.269527823,0.01800801223,0.282128752,-5.752427955e-06,-7.142598044e-05,2.109223583e-05,-4.841626862e-05,0.282128752,-0.0001136104521,-5.752427955e-06,-7.142598044e-05,2.109223583e-05,-4.841626862e-05,0.2966987943,-0.0001136104521,0,0,0,0,1,0
11.7,1,1,5.153216709e-05,3.78701507e-05,-1.677791487e-05,5.129248259e-05,-0.003425331162,-3.643204371e-05,0,0,0,0,0.01361356817,0,-0.00312173845,0.01034304812,0.0008577479358,-0.0003035927125,-0.003518823565,-0.03071262862,11.59470786,0,-0.03962479891,0.04432619678,-0.2048448268,-0.04079973127,1.017085232,-0.0002858168165,5.743261552,0.04079973127,0.0002858168165,5.579502273,5.579502273,0.0179905249,0.2510776023,-6.711165947e-06,-6.998787345e-05,2.109223583e-05,-4.841626862e-05,0.2510776023,-0.0001116929761,-6.711165947e-06,-6.998787345e-05,2.109223583e-05,-4.841626862e-05,0.2510776023,-0.0001116929761,0,0,0,0,0,0
11.71,1,1,5.03337446e-05,3.73907817e-05,-1.677791487e-05,5.05734291e-05,-0.003332093893,-3.571299022e-05,0,0,0.001047197551,0,0.003141592654,0,-0.003018265554,0.01035148378,0.0008293802539,-0.0003138283386,-0.003636652381,-0.04233895233,11.59214668,0,-0.03854880446,0.04548054499,-0.1427001039,-0.04215660781,1.006476154,-0.0003854639448,7.917384086,0.04215660781,0.0003854639448,7.817226054,7.817226054,0.01797320106,0.3517751724,-4.314320966e-06,-6.902913545e-05,-8.362751929e-05,-4.697816163e-05,0.3517751724,-0.0001131310831,-4.314320966e-06,-6.902913545e-05,-8.362751929e-05,-4.697816163e-05,0.3292156029,-0.0001131310831,0,0,0,0,1,0
11.72,1,1,5.03337446e-05,3.81098352e-05,-1.557949238e-05,5.00940601e-05,-0.003315076293,-3.595267472e-05,0,0,0,0,0,0,-0.00291470972,0.01035963565,0.0008009898341,-0.0004003665729,-0.00463885154,-0.05517160994,11.59168688,0,-0.03835241109,0.05517160994,0.06264577598,-0.05377211453,1.003315076,-0.0004986784369,10.31709106,0.05377211453,0.0004986784369,10.43400763,10.43400763,0.01795645186,0.4695303432,-4.314320966e-06,-7.046724244e-05,1.869539085e-05,-4.601942364e-05,0.4695303432,-0.0001126517141,-4.314320966e-06,-7.046724244e-05,1.869539085e-05,-4.601942364e-05,0.4292156029,-0.0001126517141,0,0,0,0,1,0
11.73,1,1,5.05734291e-05,3.73907817e-05,-1.557949238e-05,5.153216709e-05,-0.003315555662,-3.619235921e-05,0,0,0,0,0,0,-0.002811073788,0.0103675035,0.0007725774548,-0.0005044818744,-0.005844547511,-0.06682679157,11.5916998,0,-0.03835794331,0.06682679157,0.2643183417,-0.0677482402,1.003315556,-0.0006034846967,12.49661002,0.0677482402,0.0006034846967,12.82928009,12.82928009,0.0179404183,0.577317604,-4.793689962e-06,-6.902913545e-05,1.869539085e-05,-4.889563761e-05,0.577317604,-0.0001121723451,-4.793689962e-06,-6.902913545e-05,1.869539085e-05,-4.889563761e-05,0.5292156029,-0.0001121723451,0,0,0,0,1,0
11.74,1,1,5.00940601e-05,3.81098352e-05,-1.533980788e-05,5.08131136e-05,-0.003314117555,-3.571299022e-05,0,0,0,0,0,0,-0.002707360598,0.01037508712,0.0007441438949,-0.0006067569575,-0.007028665818,-0.07827360079,11.59166104,0,-0.03834134664,0.07827360079,0.4253329292,-0.08147391175,1.003314118,-0.0007062503857,14.63716335,0.08147391175,0.0007062503857,15.14467644,15.14467644,0.01792518201,0.6815104398,-3.83495197e-06,-7.046724244e-05,1.821602186e-05,-4.745753063e-05,0.6815104398,-0.0001131310831,-3.83495197e-06,-7.046724244e-05,1.821602186e-05,-4.745753063e-05,0.6292156029,-0.0001131310831,0,0,0,0,1,0
11.75,1,1,5.08131136e-05,3.715109721e-05,-1.462075438e-05,5.03337446e-05,-0.003300455539,-3.571299022e-05,0,0,0,0,0.003141592654,0,-0.002603572994,0.01038238631,0.0007156899339,-0.0006968825454,-0.008071715993,-0.08521816687,11.59129373,0,-0.03818367786,0.08835975952,0.5311211894,-0.09356163098,1.006444516,-0.0007730898185,15.9357972,0.09356163098,0.0007730898185,16.56125311,16.56125311,0.0179107418,0.7452563902,-5.273058958e-06,-6.854976646e-05,1.677791487e-05,-4.649879263e-05,0.7452563902,-0.0001131310831,-5.273058958e-06,-6.854976646e-05,1.677791487e-05,-4.649879263e-05,0.7292156029,-0.0001131310831,0,0,0,0,1,0
11.76,1,1,5.153216709e-05,3.76304662e-05,-1.533980788e-05,5.10527981e-05,-0.003247724949,-3.595267472e-05,0,0,0,0,0.00837758041,0,-0.00249971382,0.01038940086,0.0006872163519,-0.0007480111289,-0.008662550874,-0.08570754286,11.58989033,0,-0.03757512507,0.09408512327,0.5368209482,-0.1003980146,1.011642851,-0.0007849655049,16.02731051,0.1003980146,0.0007849655049,16.66531444,16.66531444,0.01789669264,0.7499391499,-6.711165947e-06,-6.950850445e-05,1.821602186e-05,-4.793689962e-05,0.7499391499,-0.0001126517141,-6.711165947e-06,-6.950850445e-05,1.821602186e-05,-4.793689962e-05,0.7559493603,-0.0001126517141,0,0,0,0,1,0
11.77,1,1,5.153216709e-05,3.76304662e-05,-1.701759937e-05,5.177185159e-05,-0.003115658791,-3.595267472e-05,0.001047197551,0,0,0,0.01675516082,0,-0.002395785926,0.01039613057,0.0006587239295,-0.000719872865,-0.008334735297,-0.07419375214,11.58647509,0,-0.03605093149,0.09094891296,0.3782272791,-0.09657020293,1.019941003,-0.0006901491064,13.87423165,0.09657020293,0.0006901491064,14.34971928,14.34971928,0.0178821202,0.6457373676,-0.0001114309211,-6.950850445e-05,2.157160483e-05,-4.937500661e-05,0.6457373676,-0.0001126517141,-0.0001114309211,-6.950850445e-05,2.157160483e-05,-4.937500661e-05,0.6620945107,-0.0001126517141,0,0,0,0,1,0
11.78,1,1,5.129248259e-05,3.83495197e-05,-1.821602186e-05,5.177185159e-05,-0.002873337763,-3.595267472e-05,0,0,0,0,0.02827433388,0,-0.002291792159,0.01040257528,0.0006302134479,-0.0005815456043,-0.006730954273,-0.04721479595,11.58057878,0,-0.03325410989,0.07548912983,0.0224735482,-0.0779483462,1.031347531,-0.0004486722345,8.829166843,0.0779483462,0.0004486722345,8.93003741,8.93003741,0.01786612865,0.4018516834,-6.231796951e-06,-7.094661144e-05,2.396844981e-05,-4.937500661e-05,0.4018516834,-0.0001126517141,-6.231796951e-06,-7.094661144e-05,2.396844981e-05,-4.937500661e-05,0.5620945107,-0.0001126517141,0,0,0,0,1,0
11.79,1,1,5.05734291e-05,3.81098352e-05,-1.989381334e-05,5.225122059e-05,-0.00253322546,-3.571299022e-05,0,0,0,0,0.03455751919,0,-0.002187735371,0.01040873479,0.0006016856886,-0.0003454900895,-0.003997222826,-0.01452880663,11.57310997,0,-0.02932827518,0.04908632582,-0.4665638541,-0.04626029933,1.0373893,-0.000139551219,2.71688684,0.04626029933,0.000139551219,2.296722837,2.296722837,0.01784871696,0.1033525277,-4.793689962e-06,-7.046724244e-05,2.732403278e-05,-5.03337446e-05,0.1033525277,-0.0001131310831,-4.793689962e-06,-7.046724244e-05,2.732403278e-05,-5.03337446e-05,0.4620945107,-0.0001131310831,0,0,0,0,1,0
11.8,1,1,5.05734291e-05,3.81098352e-05,-2.013349784e-05,5.249090509e-05,-0.002190955997,-3.619235921e-05,0,-0.001047197551,0,0,0.03141592654,0,-0.002083618415,0.01041460893,0.0005731414338,-0.0001073375827,-0.001241424057,0.008982161899,11.56654375,0,-0.02537719864,0.02243376464,-0.8674676881,-0.01435898566,1.033853623,8.560232708e-05,-1.679664275,0.01435898566,-8.560232708e-05,-2.53285858,-2.53285858,0.01783089956,-0.1139786361,-4.793689962e-06,3.425251268e-05,2.780340178e-05,-5.08131136e-05,-0.1139786361,-0.0001121723451,-4.793689962e-06,3.425251268e-05,2.780340178e-05,-5.08131136e-05,0.3620945107,-0.0001121723451,0,0,0,0,1,0
11.81,1,1,5.05734291e-05,3.85892042e-05,-2.013349784e-05,5.273058958e-05,-0.001865943818,-3.571299022e-05,0,0,0,0,0.02827433388,0,-0.001979444144,0.01042019756,0.0005445814661,0.0001135003263,0.001312298402,0.03056554063,11.56118932,0,-0.02162506022,-0.002291206746,-1.160091788,0.01517173026,1.030340137,0.0002890359311,-5.715756098,-0.01517173026,-0.0002890359311,-6.891308652,-6.891308652,0.01781337824,-0.3101088893,-4.793689962e-06,-7.142598044e-05,2.780340178e-05,-5.129248259e-05,-0.3101088893,-0.0001131310831,-4.793689962e-06,-7.142598044e-05,2.780340178e-05,-5.129248259e-05,0.2620945107,-0.0001131310831,0,0,0,0,1,0
11.82,1,1,5.08131136e-05,3.78701507e-05,-1.773665286e-05,5.08131136e-05,-0.00162362279,-3.595267472e-05,0,0,0,0,0.01675516082,0,-0.001875215416,0.01042550051,0.0005160065684,0.0002515926254,0.002908284978,0.03450906438,11.55775478,0,-0.018827408,-0.01775390356,-1.226344068,0.03361324461,1.018448967,0.0003185307508,-6.453195039,-0.03361324461,-0.0003185307508,-7.713470882,-7.713470882,0.0177962176,-0.3471061897,-5.273058958e-06,-6.998787345e-05,2.300971182e-05,-4.745753063e-05,-0.3471061897,-0.0001126517141,-5.273058958e-06,-6.998787345e-05,2.300971182e-05,-4.745753063e-05,0.1620945107,-0.0001126517141,0,0,0,0,1,0
11.83,1,1,5.03337446e-05,3.76304662e-05,-1.533980788e-05,4.961469111e-05,-0.001501623381,-3.619235921e-05,0,0,0,0,0.005235987756,0,-0.001770935086,0.01043051765,0.0004874175241,0.0002693117059,0.003112690494,0.02496969522,11.55620575,0,-0.01741885378,-0.01973370746,-1.034060578,0.03597089179,1.006744465,0.0002249935754,-4.669333006,-0.03597089179,-0.0002249935754,-5.73958947,-5.73958947,0.0177789337,-0.2582815261,-4.314320966e-06,-6.950850445e-05,1.821602186e-05,-4.506068564e-05,-0.2582815261,-0.0001121723451,-4.314320966e-06,-6.950850445e-05,1.821602186e-05,-4.506068564e-05,0.06209451067,-0.0001121723451,0,0,0,0,1,0
11.84,1,1,5.03337446e-05,3.643204371e-05,-1.342233189e-05,4.961469111e-05,-0.001491316947,-3.595267472e-05,0,0,0,0,-0.001047197551,0,-0.001666606016,0.01043524882,0.000458815117,0.0001752890686,0.002025848103,0.008149774244,11.55608041,0,-0.01729985879,-0.009196971796,-0.6495858176,0.02341086359,1.002538789,7.275048397e-05,-1.524007784,-0.02341086359,-7.275048397e-05,-2.197077215,-2.197077215,0.01776129324,-0.09886847469,-4.314320966e-06,-6.711165947e-05,1.438106989e-05,-4.506068564e-05,-0.09886847469,-0.0001126517141,-4.314320966e-06,-6.711165947e-05,1.438106989e-05,-4.506068564e-05,-0.03790548933,-0.0001126517141,0,0,0,0,1,0
11.85,1,1,5.00940601e-05,3.595267472e-05,-1.198422491e-05,4.913532211e-05,-0.001513128237,-3.571299022e-05,0,0,0.001047197551,0,-0.003141592654,0,-0.001562231064,0.01043969391,0.0004302001313,4.910282717e-05,0.0005674642959,-0.008082178773,11.55634668,0,-0.01755168518,0.004940586119,-0.2713097547,0.006557814131,1.004657188,-7.237992835e-05,1.51136743,-0.006557814131,7.237992835e-05,1.233572242,1.233572242,0.01774355141,0.05551075087,-3.83495197e-06,-6.615292148e-05,-9.321489921e-05,-4.410194765e-05,0.05551075087,-0.0001131310831,-3.83495197e-06,-6.615292148e-05,-9.321489921e-05,-4.410194765e-05,0.01042447436,-0.0001131310831,0,0,0,0,1,0
11.86,1,1,5.10527981e-05,3.523362122e-05,-1.198422491e-05,4.937500661e-05,-0.001555552393,-3.643204371e-05,0,0,0,0,-0.004188790205,0,-0.001457813092,0.01044385278,0.0004015733514,-9.7739301e-05,-0.00112950187,-0.02557779074,11.55687562,0,-0.01804149894,0.02138900054,0.07958258539,-0.01305351262,1.005748729,-0.0002293321935,4.783046869,0.01305351262,0.0002293321935,4.875912299,4.875912299,0.0177259853,0.2194160535,-5.752427955e-06,-6.471481449e-05,1.150485591e-05,-4.458131665e-05,0.2194160535,-0.0001116929761,-5.752427955e-06,-6.471481449e-05,1.150485591e-05,-4.458131665e-05,0.1104244744,-0.0001116929761,0,0,0,0,1,0
11.87,1,1,5.10527981e-05,3.571299022e-05,-1.31826474e-05,4.937500661e-05,-0.001616192571,-3.667172821e-05,0,0,0,0,-0.004188790205,0,-0.001353354962,0.01044772534,0.0003729355622,-0.0002628376083,-0.00303735797,-0.04406730397,11.55765699,0,-0.01874162257,0.03987851377,0.4035325406,-0.03510474158,1.005809369,-0.0003947772649,8.240585843,0.03510474158,0.0003947772649,8.679617902,8.679617902,0.01770896876,0.3905828056,-5.752427955e-06,-6.567355248e-05,1.390170089e-05,-4.458131665e-05,0.3905828056,-0.0001112136071,-5.752427955e-06,-6.567355248e-05,1.390170089e-05,-4.458131665e-05,0.2104244744,-0.0001112136071,0,0,0,0,1,0
11.88,1,1,5.10527981e-05,3.571299022e-05,-1.557949238e-05,5.00940601e-05,-0.001660054834,-3.643204371e-05,0,0,0,0,-0.002094395102,0,-0.00124885954,0.01045131146,0.0003442875487,-0.0004111952941,-0.004751648084,-0.05858504736,11.55824075,0,-0.01924803182,0.05649065225,0.6327829132,-0.0549206925,1.003755547,-0.0005222110232,10.95540386,0.0549206925,0.0005222110232,11.64362967,11.64362967,0.01769270114,0.5239633352,-5.752427955e-06,-6.567355248e-05,1.869539085e-05,-4.601942364e-05,0.5239633352,-0.0001116929761,-5.752427955e-06,-6.567355248e-05,1.869539085e-05,-4.601942364e-05,0.3104244744,-0.0001116929761,0,0,0,0,1,0
11.89,1,1,5.129248259e-05,3.571299022e-05,-1.773665286e-05,5.03337446e-05,-0.001664848524,-3.619235921e-05,0,0,0,0,0,0,-0.001144329688,0.01045461106,0.0003156300965,-0.0005205188355,-0.006014674061,-0.06873143767,11.55830549,0,-0.01930337687,0.06873143767,0.7398005653,-0.06951944022,1.001664849,-0.0006095618493,12.85277884,0.06951944022,0.0006095618493,13.66270841,13.66270841,0.01767705323,0.6148218785,-6.231796951e-06,-6.567355248e-05,2.300971182e-05,-4.649879263e-05,0.6148218785,-0.0001121723451,-6.231796951e-06,-6.567355248e-05,2.300971182e-05,-4.649879263e-05,0.4104244744,-0.0001121723451,0,0,0,0,1,0
11.9,1,1,5.129248259e-05,3.667172821e-05,-1.965412884e-05,5.153216709e-05,-0.001657418304,-3.619235921e-05,0,0,0,0,0.001047197551,0,-0.001039768274,0.01045762403,0.000286963991,-0.0006176500304,-0.007136675755,-0.07855929979,11.55820522,0,-0.01921759202,0.07960649734,0.8030123887,-0.08248716295,1.00270489,-0.0006975793958,14.69058906,0.08248716295,0.0006975793958,15.57678619,15.57678619,0.01766216622,0.7009553786,-6.231796951e-06,-6.759102847e-05,2.684466379e-05,-4.889563761e-05,0.7009553786,-0.0001121723451,-6.231796951e-06,-6.759102847e-05,2.684466379e-05,-4.889563761e-05,0.5104244744,-0.0001121723451,0,0,0,0,1,0
11.91,1,1,5.129248259e-05,3.691141271e-05,-2.037318234e-05,5.10527981e-05,-0.001641599128,-3.667172821e-05,0,0,0,0,0.001047197551,0,-0.0009351781634,0.01046035031,0.0002582900184,-0.0007064209642,-0.008161957133,-0.08849797029,11.55799322,0,-0.01903495296,0.08954516784,0.8379443963,-0.09433584523,1.002689071,-0.0007851753798,16.54912044,0.09433584523,0.0007851753798,17.48218586,17.48218586,0.01764806332,0.7866983637,-6.231796951e-06,-6.807039746e-05,2.828277078e-05,-4.793689962e-05,0.7866983637,-0.0001112136071,-6.231796951e-06,-6.807039746e-05,2.828277078e-05,-4.793689962e-05,0.6104244744,-0.0001112136071,0,0,0,0,1,0
11.92,1,1,5.10527981e-05,3.619235921e-05,-1.917475985e-05,5.08131136e-05,-0.001604687715,-3.571299022e-05,0,0,0,0,0.005235987756,0,-0.0008305622237,0.01046278981,0.0002296089645,-0.0007741254911,-0.008943680269,-0.09189013037,11.55750646,0,-0.01860879331,0.09712611812,0.8222559703,-0.1033666425,1.006847529,-0.0008214174094,17.18345438,0.1033666425,0.0008214174094,18.10989841,18.10989841,0.01763456384,0.8149454284,-5.752427955e-06,-6.663229047e-05,2.58859258e-05,-4.745753063e-05,0.8149454284,-0.0001131310831,-5.752427955e-06,-6.663229047e-05,2.58859258e-05,-4.745753063e-05,0.7104244744,-0.0001131310831,0,0,0,0,1,0
11.93,1,1,5.00940601e-05,3.691141271e-05,-1.749696836e-05,5.10527981e-05,-0.00152822836,-3.619235921e-05,0,0,0,0,0.01047197551,0,-0.0007259233233,0.01046494247,0.0002009216159,-0.0008023050366,-0.009268565321,-0.08981249105,11.55653327,0,-0.01772602604,0.1002844666,0.7275559792,-0.1071124835,1.012027619,-0.0008105158032,16.79493583,0.1071124835,0.0008105158032,17.6304148,17.6304148,0.0176212519,0.7933686662,-3.83495197e-06,-6.807039746e-05,2.253034282e-05,-4.793689962e-05,0.7933686662,-0.0001121723451,-3.83495197e-06,-6.807039746e-05,2.253034282e-05,-4.793689962e-05,0.7933686662,-0.0001121723451,0,0,0,0,0,0
11.94,1,1,4.985437561e-05,3.667172821e-05,-1.677791487e-05,5.10527981e-05,-0.001382020816,-3.619235921e-05,0,0,0,0,0.01884955592,0,-0.0006212643307,0.01046680822,0.0001722287588,-0.0007607564854,-0.008787735657,-0.07679060849,11.5548042,0,-0.01603794735,0.09564016441,0.5066855888,-0.1015405649,1.020320403,-0.0007038488513,14.35984379,0.1015405649,0.0007038488513,14.96877379,14.96877379,0.01760728077,0.6735948206,-3.355582973e-06,-6.759102847e-05,2.109223583e-05,-4.793689962e-05,0.6735948206,-0.0001121723451,-3.355582973e-06,-6.759102847e-05,2.109223583e-05,-4.793689962e-05,0.7091289,-0.0001121723451,0,0,0,0,1,0
11.95,1,1,5.129248259e-05,3.667172821e-05,-1.677791487e-05,5.08131136e-05,-0.001127715564,-3.643204371e-05,0,0,0,0,0.03036872898,0,-0.0005165881153,0.01046838703,0.00014353118,-0.0006111274483,-0.007058466715,-0.0485285948,11.55220913,0,-0.01310171783,0.07889732378,0.1035364752,-0.0815408836,1.031727009,-0.0004544089384,9.074847227,0.0815408836,0.0004544089384,9.260378995,9.260378995,0.01759175661,0.4167170548,-6.231796951e-06,-6.759102847e-05,2.109223583e-05,-4.745753063e-05,0.4167170548,-0.0001116929761,-6.231796951e-06,-6.759102847e-05,2.109223583e-05,-4.745753063e-05,0.6091289,-0.0001116929761,0,0,0,0,1,0
11.96,1,1,5.10527981e-05,3.667172821e-05,-1.701759937e-05,5.08131136e-05,-0.0007909588438,-3.643204371e-05,0,0,0,0,0.03560471674,0,-0.0004118975468,0.01046967883,0.0001148296663,-0.0003790612969,-0.004377608156,-0.01731435648,11.54957808,0,-0.009213369609,0.05291907322,-0.3916923427,-0.05055952721,1.0367126,-0.0001635404352,3.237784662,0.05055952721,0.0001635404352,2.896815387,2.896815387,0.01757474382,0.1303566924,-5.752427955e-06,-6.759102847e-05,2.157160483e-05,-4.745753063e-05,0.1303566924,-0.0001116929761,-5.752427955e-06,-6.759102847e-05,2.157160483e-05,-4.745753063e-05,0.5091289,-0.0001116929761,0,0,0,0,1,0
11.97,1,1,5.201153609e-05,3.643204371e-05,-1.797633736e-05,5.153216709e-05,-0.0004122573367,-3.619235921e-05,0,0,0,0,0.03560471674,0,-0.0003071954954,0.01047068361,8.612500438e-05,-0.0001050618413,-0.001213207106,0.0133675551,11.54771503,0,-0.004840584931,0.02223716165,-0.8827376457,-0.01400976993,1.036333898,0.0001260435701,-2.499732803,0.01400976993,-0.0001260435701,-3.368586722,-3.368586722,0.01755723437,-0.1515864025,-7.669903939e-06,-6.711165947e-05,2.348908081e-05,-4.889563761e-05,-0.1515864025,-0.0001121723451,-7.669903939e-06,-6.711165947e-05,2.348908081e-05,-4.889563761e-05,0.4091289,-0.0001121723451,0,0,0,0,1,0
11.98,1,1,5.05734291e-05,3.715109721e-05,-1.941444435e-05,5.177185159e-05,-6.687197497e-05,-3.667172821e-05,0,0,0,0,0.02827433388,0,-0.0002024848315,0.01047140133,5.741798134e-05,0.0001356128565,0.001565934189,0.03299151801,11.54702681,0,-0.0008524324701,-0.004717184132,-1.210786112,0.01808188406,1.028541065,0.0003061183748,-6.169413869,-0.01808188406,-0.0003061183748,-7.398587983,-7.398587983,0.01754009002,-0.3329364592,-4.793689962e-06,-6.854976646e-05,2.636529479e-05,-4.937500661e-05,-0.3329364592,-0.0001112136071,-4.793689962e-06,-6.854976646e-05,2.636529479e-05,-4.937500661e-05,0.3091289,-0.0001112136071,0,0,0,0,1,0
11.99,1,1,5.05734291e-05,3.643204371e-05,-1.773665286e-05,5.10527981e-05,0.0001831189566,-3.667172821e-05,0,0,0,0,0.02094395102,0,-9.776842579e-05,0.01047183196,2.870938416e-05,0.0002808873823,0.003243416968,0.04193132521,11.54713021,-0,0.002034212982,-0.02098737419,-1.283775414,0.03745215806,1.021236732,0.0003831947381,-7.841157814,-0.03745215806,-0.0003831947381,-9.162768581,-9.162768581,0.01752334173,-0.4123245861,-4.793689962e-06,-6.711165947e-05,2.300971182e-05,-4.793689962e-05,-0.4123245861,-0.0001112136071,-4.793689962e-06,-6.711165947e-05,2.300971182e-05,-4.793689962e-05,0.2091289,-0.0001112136071,0,0,0,0,1,0
12,0,1,4.985437561e-05,3.667172821e-05,-1.653823037e-05,5.129248259e-05,0.0003293265004,-3.619235921e-05,0,0,0,0,0.00837758041,0,6.950850445e-06,0,0,0.00032237565,0.00372251843,0.04448277887,11.5474248,-0,0.003722466852,-0.03610519846,-1.339808534,0.04298550165,1.008724453,0.0003962323882,-8.318279648,-0.04298550165,-0.0003962323882,-9.701469916,-9.701469916,0.01750660874,-0.4365661462,-3.355582973e-06,-6.759102847e-05,2.061286684e-05,-4.841626862e-05,-0.4365661462,-0.0001121723451,-3.355582973e-06,-6.759102847e-05,2.061286684e-05,-4.841626862e-05,0.1091289,-0.0001121723451,0,0,0,0,1,0
12.01,0,1,4.985437561e-05,3.619235921e-05,-1.486043888e-05,5.00940601e-05,0.0003636013836,-3.643204371e-05,0,0,0,0,0,0,6.950850445e-06,0,0,0.0003566505332,0.004118306665,0.03994367551,11.54751887,-0,0.004118236823,-0.03994367551,-1.161105021,0.04755622391,1.000363601,0.0003495948399,-7.46946732,-0.04755622391,-0.0003495948399,-8.678478159,-8.678478159,0.01748999851,-0.3905315172,-3.355582973e-06,-6.663229047e-05,1.725728386e-05,-4.601942364e-05,-0.3905315172,-0.0001116929761,-3.355582973e-06,-6.663229047e-05,1.725728386e-05,-4.601942364e-05,0.00912890004,-0.0001116929761,0,0,0,0,1,0
12.02,0,1,5.05734291e-05,3.547330572e-05,-1.22239094e-05,4.937500661e-05,0.0003513774742,-3.643204371e-05,0,0,0,0,-0.002094395102,0,6.950850445e-06,0,0,0.0003444266238,0.003977151049,0.03648032027,11.54748423,-0,0.003977088146,-0.03857471538,-0.9231594939,0.04592608901,1.002446869,0.0003203076066,-6.821819891,-0.04592608901,-0.0003203076066,-7.791225782,-7.791225782,0.0174732668,-0.3506051602,-4.793689962e-06,-6.519418349e-05,1.198422491e-05,-4.458131665e-05,-0.3506051602,-0.0001116929761,-4.793689962e-06,-6.519418349e-05,1.198422491e-05,-4.458131665e-05,-0.09087109996,-0.0001116929761,0,0,0,0,1,0
12.03,0,1,5.05734291e-05,3.523362122e-05,-1.078580241e-05,5.00940601e-05,0.0003163835375,-3.667172821e-05,0,0,0,0,-0.004188790205,0,6.950850445e-06,0,0,0.0003094326871,0.00357306075,0.03046689764,11.54739175,-0,0.003573015138,-0.03465568784,-0.6820110712,0.04125953224,1.00450956,0.0002683505964,-5.697309858,-0.04125953224,-0.0002683505964,-6.420848812,-6.420848812,0.01745636893,-0.2889381965,-4.793689962e-06,-6.471481449e-05,9.108010928e-06,-4.601942364e-05,-0.2889381965,-0.0001112136071,-4.793689962e-06,-6.471481449e-05,9.108010928e-06,-4.601942364e-05,-0.1908711,-0.0001112136071,0,0,0,0,1,0
12.04,0,1,5.129248259e-05,3.595267472e-05,-1.030643342e-05,4.961469111e-05,0.000251189354,-3.667172821e-05,0,0,0,0,-0.00837758041,0,6.950850445e-06,0,0,0.0002442385036,0.00282024289,0.01897675216,11.54724587,-0,0.002820220462,-0.02735433257,-0.4220470224,0.03256603806,1.008646316,0.0001683605416,-3.548652653,-0.03256603806,-0.0001683605416,-4.003434074,-4.003434074,0.01743924326,-0.1801545333,-6.231796951e-06,-6.615292148e-05,8.149272936e-06,-4.506068564e-05,-0.1801545333,-0.0001112136071,-6.231796951e-06,-6.615292148e-05,8.149272936e-06,-4.506068564e-05,-0.1959686146,-0.0001112136071,0,0,0,0,1,0
12.05,0,1,5.08131136e-05,3.547330572e-05,-1.126517141e-05,4.985437561e-05,0.0001076183397,-3.643204371e-05,0,0,0,0,-0.01780235837,0,6.950850445e-06,0,0,0.0001006674892,0.001162409392,-0.006527625865,11.54704574,-0,0.001162407823,-0.01127473251,-0.0480263739,0.01342239442,1.017989208,-5.893173908e-05,1.220666037,-0.01342239442,5.893173908e-05,1.1592762,1.1592762,0.01742185016,0.052167429,-5.273058958e-06,-6.519418349e-05,1.006674892e-05,-4.554005464e-05,0.052167429,-0.0001116929761,-5.273058958e-06,-6.519418349e-05,1.006674892e-05,-4.554005464e-05,-0.09596861459,-0.0001116929761,0,0,0,0,1,0
12.06,0,1,5.08131136e-05,3.643204371e-05,-1.27032784e-05,5.05734291e-05,-0.0001040230722,-3.619235921e-05,0,0,0,0,-0.02303834613,0,6.950850445e-06,0,0,-0.0001109739226,-0.001281418299,-0.03546739016,11.54705455,0,-0.001281416196,0.01242904403,0.3961087146,-0.01479660701,1.023275061,-0.0003232161482,6.63240196,0.01479660701,0.0003232161482,7.043630497,7.043630497,0.01740472823,0.3169633724,-5.273058958e-06,-6.711165947e-05,1.29429629e-05,-4.697816163e-05,0.3169633724,-0.0001121723451,-5.273058958e-06,-6.711165947e-05,1.29429629e-05,-4.697816163e-05,0.004031385412,-0.0001121723451,0,0,0,0,1,0
12.07,0,1,5.08131136e-05,3.595267472e-05,-1.414138539e-05,5.08131136e-05,-0.0003197391205,-3.691141271e-05,0,0,0,0,-0.01675516082,0,6.950850445e-06,0,0,-0.0003266899709,-0.003772337753,-0.05334352762,11.54743612,0,-0.003772284076,0.0365883668,0.7639987398,-0.04356082923,1.017145084,-0.0004798653068,9.975239664,0.04356082923,0.0004798653068,10.7832791,10.7832791,0.01738849729,0.4852475594,-5.273058958e-06,-6.615292148e-05,1.581917688e-05,-4.745753063e-05,0.4852475594,-0.0001107342381,-5.273058958e-06,-6.615292148e-05,1.581917688e-05,-4.745753063e-05,0.1040313854,-0.0001107342381,0,0,0,0,1,0
12.08,0,1,5.129248259e-05,3.691141271e-05,-1.533980788e-05,5.00940601e-05,-0.0004508465409,-3.619235921e-05,0,0,0,0,-0.007330382858,0,6.950850445e-06,0,0,-0.0004577973914,-0.005286318099,-0.05860118513,11.54785181,0,-0.005286170385,0.05127080227,0.8895438749,-0.06104561804,1.007794663,-0.0005170469596,10.95842162,0.06104561804,0.0005170469596,11.90952816,11.90952816,0.0173728234,0.5359287672,-6.231796951e-06,-6.807039746e-05,1.821602186e-05,-4.601942364e-05,0.5359287672,-0.0001121723451,-6.231796951e-06,-6.807039746e-05,1.821602186e-05,-4.601942364e-05,0.2040313854,-0.0001121723451,0,0,0,0,1,0
12.09,0,1,5.05734291e-05,3.76304662e-05,-1.701759937e-05,5.153216709e-05,-0.0004805674187,-3.619235921e-05,0,0,0,0,0.001047197551,0,6.950850445e-06,0,0,-0.0004875182691,-0.005629532072,-0.05355182244,11.54796537,0,-0.00562935368,0.05459901999,0.7843990488,-0.06500964141,1.001528039,-0.0004662147478,10.0141908,0.06500964141,0.0004662147478,10.8640657,10.8640657,0.01735704104,0.4888829565,-4.793689962e-06,-6.950850445e-05,2.157160483e-05,-4.889563761e-05,0.4888829565,-0.0001121723451,-4.793689962e-06,-6.950850445e-05,2.157160483e-05,-4.889563761e-05,0.3040313854,-0.0001121723451,0,0,0,0,1,0
12.1,0,1,5.10527981e-05,3.691141271e-05,-1.677791487e-05,5.153216709e-05,-0.0004707403543,-3.571299022e-05,0,0,0,0,0.001047197551,0,6.950850445e-06,0,0,-0.0004776912047,-0.005516049658,-0.05245137062,11.54792703,0,-0.005515881838,0.05349856817,0.6204219728,-0.06369893895,1.001518212,-0.0004562069427,9.808406306,0.06369893895,0.0004562069427,10.49298343,10.49298343,0.01734112889,0.4721842541,-5.752427955e-06,-6.807039746e-05,2.109223583e-05,-4.889563761e-05,0.4721842541,-0.0001131310831,-5.752427955e-06,-6.807039746e-05,2.109223583e-05,-4.889563761e-05,0.4040313854,-0.0001131310831,0,0,0,0,1,0
12.11,0,1,5.153216709e-05,3.667172821e-05,-1.677791487e-05,5.129248259e-05,-0.0004364654711,-3.595267472e-05,0,0,0,0,0.004188790205,0,6.950850445e-06,0,0,-0.0004434163215,-0.005120248008,-0.04547156112,11.54779943,0,-0.005120113783,0.04966035133,0.4359401339,-0.05912759703,1.004629642,-0.0003975901582,8.50318193,0.05912759703,0.0003975901582,8.998647251,8.998647251,0.01732498887,0.4049391263,-6.711165947e-06,-6.759102847e-05,2.109223583e-05,-4.841626862e-05,0.4049391263,-0.0001126517141,-6.711165947e-06,-6.759102847e-05,2.109223583e-05,-4.841626862e-05,0.4049391263,-0.0001126517141,0,0,0,0,0,0
12.12,0,1,5.177185159e-05,3.571299022e-05,-1.557949238e-05,5.129248259e-05,-0.000380618983,-3.667172821e-05,0,0,0,0,0.005235987756,0,6.950850445e-06,0,0,-0.0003875698334,-0.004475349298,-0.03817031366,11.54761187,0,-0.00447525967,0.04340630142,0.2410154035,-0.05167959666,1.005623461,-0.00033409391,7.137848655,0.05167959666,0.00033409391,7.430877749,7.430877749,0.01730854054,0.3343894987,-7.190534943e-06,-6.567355248e-05,1.869539085e-05,-4.841626862e-05,0.3343894987,-0.0001112136071,-7.190534943e-06,-6.567355248e-05,1.869539085e-05,-4.841626862e-05,0.3343894987,-0.0001112136071,0,0,0,0,0,0
12.13,0,1,5.129248259e-05,3.691141271e-05,-1.533980788e-05,5.10527981e-05,-0.0003003246761,-3.643204371e-05,0,0,0,0,0.00837758041,0,6.950850445e-06,0,0,-0.0003072755266,-0.003548151178,-0.02603652153,11.54738638,0,-0.003548106514,0.03441410194,0.03182033723,-0.04097187257,1.008695451,-0.0002290626339,4.868829526,0.04097187257,0.0002290626339,4.941850799,4.941850799,0.01729173589,0.2223832859,-6.231796951e-06,-6.807039746e-05,1.821602186e-05,-4.793689962e-05,0.2223832859,-0.0001116929761,-6.231796951e-06,-6.807039746e-05,1.821602186e-05,-4.793689962e-05,0.2343894987,-0.0001116929761,0,0,0,0,1,0
12.14,0,1,5.03337446e-05,3.643204371e-05,-1.510012338e-05,5.03337446e-05,-0.0002425607121,-3.667172821e-05,0,0,0,0,0.002094395102,0,6.950850445e-06,0,0,-0.0002495115625,-0.002881132228,-0.02585049489,11.54725639,0,-0.002881108316,0.02794488999,-0.09042602101,-0.03326917254,1.002338052,-0.000224348021,4.834042544,0.03326917254,0.000224348021,4.777110044,4.777110044,0.01727477315,0.214969952,-4.314320966e-06,-6.711165947e-05,1.773665286e-05,-4.649879263e-05,0.214969952,-0.0001112136071,-4.314320966e-06,-6.711165947e-05,1.773665286e-05,-4.649879263e-05,0.214969952,-0.0001112136071,0,0,0,0,0,0
12.15,0,1,5.00940601e-05,3.499393672e-05,-1.510012338e-05,5.03337446e-05,-0.0002363289151,-3.715109721e-05,0,0,0,0,0,0,6.950850445e-06,0,0,-0.0002432797656,-0.002809172108,-0.02724695837,11.54724398,0,-0.002809149942,0.02724695837,-0.08569991228,-0.03243819571,1.000236329,-0.0002352463635,5.095181216,0.03243819571,0.0002352463635,5.042154745,5.042154745,0.01725786791,0.2268969635,-3.83495197e-06,-6.423544549e-05,1.773665286e-05,-4.649879263e-05,0.2268969635,-0.0001102548691,-3.83495197e-06,-6.423544549e-05,1.773665286e-05,-4.649879263e-05,0.2268969635,-0.0001102548691,0,0,0,0,0,0
12.16,0,1,5.153216709e-05,3.571299022e-05,-1.557949238e-05,5.10527981e-05,-0.0002408829206,-3.691141271e-05,0,0,0,0.001047197551,0,0,6.950850445e-06,0,0,-0.000247833771,-0.002861758342,-0.02775698547,11.54725302,0,-0.002861734908,0.02775698547,-0.06093011121,-0.03304544765,1.000240883,-0.0002394178109,5.190556283,0.03304544765,0.0002394178109,5.162911038,5.162911038,0.01724100148,0.2323309967,-6.711165947e-06,-6.567355248e-05,1.869539085e-05,-0.0001526566547,0.2323309967,-0.0001107342381,-6.711165947e-06,-6.567355248e-05,1.869539085e-05,-0.0001526566547,0.2323309967,-0.0001107342381,0,0,0,0,0,0
12.17,0,1,5.177185159e-05,3.73907817e-05,-1.629854587e-05,5.03337446e-05,-0.0002437591346,-3.619235921e-05,0,0,0,0,0,0,6.950850445e-06,0,0,-0.000250709985,-0.002894970722,-0.02807910744,11.54725881,0,-0.002894946463,0.02807910744,-0.04404578981,-0.03342897618,1.000243759,-0.0002419610621,5.250793091,0.03342897618,0.0002419610621,5.240418238,5.240418238,0.01722415961,0.2358188207,-7.190534943e-06,-6.902913545e-05,2.013349784e-05,-4.649879263e-05,0.2358188207,-0.0001121723451,-7.190534943e-06,-6.902913545e-05,2.013349784e-05,-4.649879263e-05,0.2358188207,-0.0001121723451,0,0,0,0,0,0
12.18,0,1,5.177185159e-05,3.667172821e-05,-1.581917688e-05,5.00940601e-05,-0.0002449575571,-3.643204371e-05,0,0,0,0,0,0,6.950850445e-06,0,0,-0.0002519084075,-0.002908809219,-0.02821332483,11.54726125,0,-0.00290878461,0.02821332483,-0.03337737561,-0.03358877997,1.000244958,-0.0002428807748,5.275891743,0.03358877997,0.0002428807748,5.276346028,5.276346028,0.01720733834,0.2374355713,-7.190534943e-06,-6.759102847e-05,1.917475985e-05,-4.601942364e-05,0.2374355713,-0.0001116929761,-7.190534943e-06,-6.759102847e-05,1.917475985e-05,-4.601942364e-05,0.2374355713,-0.0001116929761,0,0,0,0,0,0
12.19,0,1,5.177185159e-05,3.643204371e-05,-1.605886137e-05,4.985437561e-05,-0.0002454369261,-3.643204371e-05,0,0,0,0,0,0,6.950850445e-06,0,0,-0.0002523877765,-0.002914344618,-0.02826701177,11.54726222,0,-0.002914319869,0.02826701177,-0.02631315879,-0.03365270152,1.000245437,-0.0002431055903,5.2859312,0.03365270152,0.0002431055903,5.293513849,5.293513849,0.01719053774,0.2382081232,-7.190534943e-06,-6.711165947e-05,1.965412884e-05,-4.554005464e-05,0.2382081232,-0.0001116929761,-7.190534943e-06,-6.711165947e-05,1.965412884e-05,-4.554005464e-05,0.2382081232,-0.0001116929761,0,0,0,0,0,0
12.2,0,1,5.129248259e-05,3.73907817e-05,-1.557949238e-05,5.08131136e-05,-0.0002459162951,-3.619235921e-05,0,0,0,0,0,0,6.950850445e-06,0,0,-0.0002528671455,-0.002919880018,-0.0283206987,11.5472632,0,-0.002919855127,0.0283206987,-0.02038238266,-0.03371662309,1.000245916,-0.0002433297459,5.295970657,0.03371662309,0.0002433297459,5.309548227,5.309548227,0.01717375424,0.2389296702,-6.231796951e-06,-6.902913545e-05,1.869539085e-05,-4.745753063e-05,0.2389296702,-0.0001121723451,-6.231796951e-06,-6.902913545e-05,1.869539085e-05,-4.745753063e-05,0.2389296702,-0.0001121723451,0,0,0,0,0,0
12.21,0,1,5.00940601e-05,3.571299022e-05,-1.605886137e-05,5.201153609e-05,-0.0002463956641,-3.595267472e-05,0.001047197551,0,0,0,0,0,6.950850445e-06,0,0,-0.0002533465145,-0.002925415418,-0.02837438562,11.54726418,0,-0.002925390386,0.02837438562,-0.01553368075,-0.03378054468,1.000246396,-0.00024355326,5.306010111,0.03378054468,0.00024355326,5.324500528,5.324500528,0.01715698903,0.2396025238,-0.0001085547071,-6.567355248e-05,1.965412884e-05,-4.985437561e-05,0.2396025238,-0.0001126517141,-0.0001085547071,-6.567355248e-05,1.965412884e-05,-4.985437561e-05,0.2396025238,-0.0001126517141,0,0,0,0,0,0
12.22,0,1,5.08131136e-05,3.523362122e-05,-1.486043888e-05,5.153216709e-05,-0.0002463956641,-3.595267472e-05,0,0,0,0,0,0,6.950850445e-06,0,0,-0.0002533465145,-0.002925415418,-0.02837438562,11.54726418,0,-0.002925390386,0.02837438562,-0.01254115599,-0.03378054468,1.000246396,-0.0002433155143,5.306010111,0.03378054468,0.0002433155143,5.327492815,5.327492815,0.01714024119,0.2397371767,-5.273058958e-06,-6.471481449e-05,1.725728386e-05,-4.889563761e-05,0.2397371767,-0.0001126517141,-5.273058958e-06,-6.471481449e-05,1.725728386e-05,-4.889563761e-05,0.2397371767,-0.0001126517141,0,0,0,0,0,0
12.23,0,1,5.10527981e-05,3.571299022e-05,-1.510012338e-05,5.129248259e-05,-0.0002471147175,-3.595267472e-05,0,0,0,0,0,0,6.950850445e-06,0,0,-0.000254065568,-0.00293371852,-0.02845491599,11.54726566,0,-0.002933693273,0.02845491599,-0.008648736261,-0.03387642712,1.000247115,-0.0002437682635,5.321069289,0.03387642712,0.0002437682635,5.346540748,5.346540748,0.01712351162,0.2405943337,-5.752427955e-06,-6.567355248e-05,1.773665286e-05,-4.841626862e-05,0.2405943337,-0.0001126517141,-5.752427955e-06,-6.567355248e-05,1.773665286e-05,-4.841626862e-05,0.2405943337,-0.0001126517141,0,0,0,0,0,0
12.24,0,1,5.10527981e-05,3.571299022e-05,-1.533980788e-05,5.10527981e-05,-0.0002466353486,-3.571299022e-05,0,0,0,0,0,0,6.950850445e-06,0,0,-0.000253586199,-0.002928183119,-0.02840122908,11.54726468,0,-0.002928158015,0.02840122908,-0.008012106588,-0.03381250549,1.000246635,-0.0002430706444,5.311029837,0.03381250549,0.0002430706444,5.337073307,5.337073307,0.0171067996,0.2401682988,-5.752427955e-06,-6.567355248e-05,1.821602186e-05,-4.793689962e-05,0.2401682988,-0.0001131310831,-5.752427955e-06,-6.567355248e-05,1.821602186e-05,-4.793689962e-05,0.2401682988,-0.0001131310831,0,0,0,0,0,0
12.25,0,1,5.177185159e-05,3.667172821e-05,-1.510012338e-05,5.201153609e-05,-0.0002466353486,-3.667172821e-05,0,0,0,0.001047197551,0,0,6.950850445e-06,0,0,-0.000253586199,-0.002928183119,-0.02840122908,11.54726468,0,-0.002928158015,0.02840122908,-0.006535215279,-0.03381250549,1.000246635,-0.0002428334125,5.311029837,0.03381250549,0.0002428334125,5.338549961,5.338549961,0.01709010375,0.2402347482,-7.190534943e-06,-6.759102847e-05,1.773665286e-05,-0.0001545741307,0.2402347482,-0.0001112136071,-7.190534943e-06,-6.759102847e-05,1.773665286e-05,-0.0001545741307,0.2402347482,-0.0001112136071,0,0,0,0,0,0
12.26,0,1,5.129248259e-05,3.715109721e-05,-1.629854587e-05,5.08131136e-05,-0.000247354402,-3.643204371e-05,0,0,0,0,0,0,6.950850445e-06,0,0,-0.0002543052525,-0.002936486221,-0.02848175944,11.54726615,0,-0.002936460903,0.02848175944,-0.003661383588,-0.03390838794,1.000247354,-0.0002432846317,5.326089014,0.03390838794,0.0002432846317,5.356579303,5.356579303,0.01707342436,0.2410460687,-6.231796951e-06,-6.854976646e-05,2.013349784e-05,-4.745753063e-05,0.2410460687,-0.0001116929761,-6.231796951e-06,-6.854976646e-05,2.013349784e-05,-4.745753063e-05,0.2410460687,-0.0001116929761,0,0,0,0,0,0
12.27,0,1,4.937500661e-05,3.715109721e-05,-1.629854587e-05,5.00940601e-05,-0.0002466353486,-3.643204371e-05,0,0,0,0,0,0,6.950850445e-06,0,0,-0.000253586199,-0.002928183119,-0.02840122908,11.54726468,0,-0.002928158015,0.02840122908,-0.004455397057,-0.03381250549,1.000246635,-0.0002423596705,5.311029837,0.03381250549,0.0002423596705,5.340629306,5.340629306,0.01705676287,0.2403283187,-2.396844981e-06,-6.854976646e-05,2.013349784e-05,-4.601942364e-05,0.2403283187,-0.0001116929761,-2.396844981e-06,-6.854976646e-05,2.013349784e-05,-4.601942364e-05,0.2403283187,-0.0001116929761,0,0,0,0,0,0
12.28,0,1,5.08131136e-05,3.73907817e-05,-1.653823037e-05,5.05734291e-05,-0.0002468750331,-3.595267472e-05,0,0,0,0,0,0,6.950850445e-06,0,0,-0.0002538258835,-0.002930950819,-0.02842807253,11.54726517,0,-0.002930925644,0.02842807253,-0.003258656236,-0.0338444663,1.000246875,-0.0002423521257,5.316049564,0.0338444663,0.0002423521257,5.346877726,5.346877726,0.01704011834,0.2406094977,-5.273058958e-06,-6.902913545e-05,2.061286684e-05,-4.697816163e-05,0.2406094977,-0.0001126517141,-5.273058958e-06,-6.902913545e-05,2.061286684e-05,-4.697816163e-05,0.2406094977,-0.0001126517141,0,0,0,0,0,0
12.29,0,1,5.153216709e-05,3.619235921e-05,-1.605886137e-05,5.153216709e-05,-0.0002475940865,-3.619235921e-05,0,0,0,0,0,0,6.950850445e-06,0,0,-0.000254544937,-0.002939253921,-0.02850860288,11.54726664,0,-0.002939228532,0.02850860288,-0.001217107192,-0.03394034877,1.000247594,-0.0002428018156,5.331108739,0.03394034877,0.0002428018156,5.364074783,5.364074783,0.01702348867,0.2413833652,-6.711165947e-06,-6.663229047e-05,1.965412884e-05,-4.889563761e-05,0.2413833652,-0.0001121723451,-6.711165947e-06,-6.663229047e-05,1.965412884e-05,-4.889563761e-05,0.2413833652,-0.0001121723451,0,0,0,0,0,0
12.3,0,1,5.08131136e-05,3.691141271e-05,-1.629854587e-05,5.08131136e-05,-0.000247354402,-3.715109721e-05,0,0,0,0,0,0,6.950850445e-06,0,0,-0.0002543052525,-0.002936486221,-0.02848175944,11.54726615,0,-0.002936460903,0.02848175944,-0.00144275797,-0.03390838794,1.000247354,-0.0002423363957,5.326089014,0.03390838794,0.0002423363957,5.358796981,5.358796981,0.01700687846,0.2411458641,-5.273058958e-06,-6.807039746e-05,2.013349784e-05,-4.745753063e-05,0.2411458641,-0.0001102548691,-5.273058958e-06,-6.807039746e-05,2.013349784e-05,-4.745753063e-05,0.2411458641,-0.0001102548691,0,0,0,0,0,0
12.31,0,1,5.03337446e-05,3.595267472e-05,-1.533980788e-05,5.00940601e-05,-0.0002463956641,-3.619235921e-05,0,0,0,0,0,0,6.950850445e-06,0,0,-0.0002533465145,-0.002925415418,-0.02837438562,11.54726418,0,-0.002925390386,0.02837438562,-0.003286358998,-0.03378054468,1.000246396,-0.0002411867847,5.306010111,0.03378054468,0.0002411867847,5.336745483,5.336745483,0.01699028424,0.2401535468,-4.314320966e-06,-6.615292148e-05,1.821602186e-05,-4.601942364e-05,0.2401535468,-0.0001121723451,-4.314320966e-06,-6.615292148e-05,1.821602186e-05,-4.601942364e-05,0.2401535468,-0.0001121723451,0,0,0,0,0,0
12.32,0,1,4.985437561e-05,3.595267472e-05,-1.557949238e-05,5.153216709e-05,-0.0002459162951,-3.619235921e-05,0,0,0,0,0,0,6.950850445e-06,0,0,-0.0002528671455,-0.002919880018,-0.0283206987,11.5472632,0,-0.002919855127,0.0283206987,-0.003661956577,-0.03371662309,1.000245916,-0.0002404953224,5.295970657,0.03371662309,0.0002404953224,5.326265818,5.326265818,0.01697370645,0.2396819618,-3.355582973e-06,-6.615292148e-05,1.869539085e-05,-4.889563761e-05,0.2396819618,-0.0001121723451,-3.355582973e-06,-6.615292148e-05,1.869539085e-05,-4.889563761e-05,0.2396819618,-0.0001121723451,0,0,0,0,0,0
12.33,0,1,5.05734291e-05,3.667172821e-05,-1.605886137e-05,5.201153609e-05,-0.0002463956641,-3.643204371e-05,0,0,0,0,0,0,6.950850445e-06,0,0,-0.0002533465145,-0.002925415418,-0.02837438562,11.54726418,0,-0.002925390386,0.02837438562,-0.002029270799,-0.03378054468,1.000246396,-0.0002407163164,5.306010111,0.03378054468,0.0002407163164,5.338002101,5.338002101,0.01695714241,0.2402100945,-4.793689962e-06,-6.759102847e-05,1.965412884e-05,-4.985437561e-05,0.2402100945,-0.0001116929761,-4.793689962e-06,-6.759102847e-05,1.965412884e-05,-4.985437561e-05,0.2402100945,-0.0001116929761,0,0,0,0,0,0
12.34,0,1,5.08131136e-05,3.523362122e-05,-1.605886137e-05,5.201153609e-05,-0.0002471147175,-3.619235921e-05,0,0,0,0,0,0,6.950850445e-06,0,0,-0.000254065568,-0.00293371852,-0.02845491599,11.54726566,0,-0.002933693273,0.02845491599,-0.0002530265,-0.03387642712,1.000247115,-0.00024116431,5.321069289,0.03387642712,0.00024116431,5.354933854,5.354933854,0.01694059723,0.2409720234,-5.273058958e-06,-6.471481449e-05,1.965412884e-05,-4.985437561e-05,0.2409720234,-0.0001121723451,-5.273058958e-06,-6.471481449e-05,1.965412884e-05,-4.985437561e-05,0.2409720234,-0.0001121723451,0,0,0,0,0,0
12.35,0,1,5.177185159e-05,3.571299022e-05,-1.581917688e-05,5.225122059e-05,-0.0002466353486,-3.595267472e-05,0,0,0,0,0.001047197551,0,6.950850445e-06,0,0,-0.000253586199,-0.002928183119,-0.02735403153,11.54726468,0,-0.002928158015,0.02840122908,-0.001278853283,-0.03381250549,1.001294107,-0.0002320928974,5.115203895,0.03381250549,0.0002320928974,5.14796964,5.14796964,0.01692406611,0.2316586338,-7.190534943e-06,-6.567355248e-05,1.917475985e-05,-5.03337446e-05,0.2316586338,-0.0001126517141,-7.190534943e-06,-6.567355248e-05,1.917475985e-05,-5.03337446e-05,0.2316586338,-0.0001126517141,0,0,0,0,0,0
12.36,0,1,5.08131136e-05,3.619235921e-05,-1.557949238e-05,5.153216709e-05,-0.0002466353486,-3.667172821e-05,0,0,0,0,0,0,6.950850445e-06,0,0,-0.000253586199,-0.002928183119,-0.02840122908,11.54726468,0,-0.002928158015,0.02840122908,-0.001121849451,-0.03381250549,1.000246635,-0.0002402395499,5.311029837,0.03381250549,0.0002402395499,5.343960733,5.343960733,0.0169075536,0.240478233,-5.273058958e-06,-6.663229047e-05,1.869539085e-05,-4.889563761e-05,0.240478233,-0.0001112136071,-5.273058958e-06,-6.663229047e-05,1.869539085e-05,-4.889563761e-05,0.240478233,-0.0001112136071,0,0,0,0,0,0
12.37,0,1,5.153216709e-05,3.547330572e-05,-1.533980788e-05,5.201153609e-05,-0.0002463956641,-3.715109721e-05,0,0,0,0,0,0,6.950850445e-06,0,0,-0.0002533465145,-0.002925415418,-0.02837438562,11.54726418,0,-0.002925390386,0.02837438562,-0.001524837444,-0.03378054468,1.000246396,-0.0002397782003,5.306010111,0.03378054468,0.0002397782003,5.338505596,5.338505596,0.01689105745,0.2402327518,-6.711165947e-06,-6.519418349e-05,1.821602186e-05,-4.985437561e-05,0.2402327518,-0.0001102548691,-6.711165947e-06,-6.519418349e-05,1.821602186e-05,-4.985437561e-05,0.2402327518,-0.0001102548691,0,0,0,0,0,0
12.38,0,1,5.10527981e-05,3.619235921e-05,-1.653823037e-05,5.177185159e-05,-0.0002471147175,-3.691141271e-05,0,0,0,0,0,0,6.950850445e-06,0,0,-0.000254065568,-0.00293371852,-0.02845491599,11.54726566,0,-0.002933693273,0.02845491599,0.0001172260752,-0.03387642712,1.000247115,-0.0002402244758,5.321069289,0.03387642712,0.0002402244758,5.355303167,5.355303167,0.0168745787,0.2409886425,-5.752427955e-06,-6.663229047e-05,2.061286684e-05,-4.937500661e-05,0.2409886425,-0.0001107342381,-5.752427955e-06,-6.663229047e-05,2.061286684e-05,-4.937500661e-05,0.2409886425,-0.0001107342381,0,0,0,0,0,0
12.39,0,1,5.03337446e-05,3.571299022e-05,-1.605886137e-05,5.129248259e-05,-0.0002471147175,-3.667172821e-05,0,0,0,0,0,0.001047197551,6.950850445e-06,0,0,-0.000254065568,-0.00293371852,-0.02845491599,11.54726566,0,-0.002933693273,0.02845491599,0.0001141910528,-0.03387642712,1.000247115,-0.0002399901202,5.321069289,0.03387642712,0.0002399901202,5.355299898,5.355299898,0.01685811641,0.2409884954,-4.314320966e-06,-6.567355248e-05,1.965412884e-05,-4.841626862e-05,0.2409884954,-0.0002159333622,-4.314320966e-06,-6.567355248e-05,1.965412884e-05,-4.841626862e-05,0.2409884954,-0.0002159333622,0,0,0,0,0,0
12.4,0,1,5.153216709e-05,3.547330572e-05,-1.629854587e-05,5.129248259e-05,-0.0002468750331,-3.571299022e-05,0,0,0,0,0,0,6.950850445e-06,0,0,-0.0002538258835,-0.002930950819,-0.02842807253,11.54726517,0,-0.002930925644,0.02842807253,-0.0002962258115,-0.0338444663,1.000246875,-0.0002395296919,5.316049564,0.0338444663,0.0002395296919,5.349837334,5.349837334,0.01684166952,0.24074268,-6.711165947e-06,-6.519418349e-05,2.013349784e-05,-4.841626862e-05,0.24074268,-0.0001131310831,-6.711165947e-06,-6.519418349e-05,2.013349784e-05,-4.841626862e-05,0.24074268,-0.0001131310831,0,0,0,0,0,0
12.41,0,1,5.129248259e-05,3.619235921e-05,-1.653823037e-05,5.153216709e-05,-0.0002466353486,-3.547330572e-05,0,0,0,0,0,-0.001047197551,6.950850445e-06,0,0,-0.000253586199,-0.002928183119,-0.02840122908,11.54726468,0,-0.002928158015,0.02840122908,-0.0007509044316,-0.03381250549,1.000246635,-0.0002390699425,5.311029837,0.03381250549,0.0002390699425,5.344330508,5.344330508,0.01682523929,0.2404948729,-6.231796951e-06,-6.663229047e-05,2.061286684e-05,-4.889563761e-05,0.2404948729,-8.890696983e-06,-6.231796951e-06,-6.663229047e-05,2.061286684e-05,-4.889563761e-05,0.2404948729,-8.890696983e-06,0,0,0,0,0,0
12.42,0,1,5.08131136e-05,3.619235921e-05,-1.677791487e-05,5.177185159e-05,-0.0002471147175,-3.595267472e-05,0,0,0,0,0,-0.001047197551,6.950850445e-06,0,0,-0.000254065568,-0.00293371852,-0.02845491599,11.54726566,0,-0.002933693273,0.02845491599,0.0002719851436,-0.03387642712,1.000247115,-0.0002392884341,5.321069289,0.03387642712,0.0002392884341,5.35545699,5.35545699,0.01680882656,0.2409955645,-5.273058958e-06,-6.663229047e-05,2.109223583e-05,-4.937500661e-05,0.2409955645,-7.931958991e-06,-5.273058958e-06,-6.663229047e-05,2.109223583e-05,-4.937500661e-05,0.2409955645,-7.931958991e-06,0,0,0,0,0,0
12.43,0,1,5.08131136e-05,3.715109721e-05,-1.677791487e-05,5.05734291e-05,-0.0002475940865,-3.691141271e-05,0,0,0,0,0,0,6.950850445e-06,0,0,-0.000254544937,-0.002939253921,-0.02850860288,11.54726664,0,-0.002939228532,0.02850860288,0.001178559557,-0.03394034877,1.000247594,-0.0002395062925,5.331108739,0.03394034877,0.0002395062925,5.366467154,5.366467154,0.01679243122,0.2414910219,-5.273058958e-06,-6.854976646e-05,2.109223583e-05,-4.697816163e-05,0.2414910219,-0.0001107342381,-5.273058958e-06,-6.854976646e-05,2.109223583e-05,-4.697816163e-05,0.2414910219,-0.0001107342381,0,0,0,0,0,0
12.44,0,1,5.153216709e-05,3.643204371e-05,-1.653823037e-05,5.177185159e-05,-0.0002468750331,-3.691141271e-05,0,0,0,0,0,0,6.950850445e-06,0,0,-0.0002538258835,-0.002930950819,-0.02842807253,11.54726517,0,-0.002930925644,0.02842807253,-0.0003838484049,-0.0338444663,1.000246875,-0.0002385964271,5.316049564,0.0338444663,0.0002385964271,5.349748778,5.349748778,0.01677605052,0.240738695,-6.711165947e-06,-6.711165947e-05,2.061286684e-05,-4.937500661e-05,0.240738695,-0.0001107342381,-6.711165947e-06,-6.711165947e-05,2.061286684e-05,-4.937500661e-05,0.240738695,-0.0001107342381,0,0,0,0,0,0
12.45,0,1,5.00940601e-05,3.667172821e-05,-1.581917688e-05,5.153216709e-05,-0.0002461559796,-3.667172821e-05,0,0,0,0,0,0.001047197551,6.950850445e-06,0,0,-0.00025310683,-0.002922647718,-0.02834754216,11.54726369,0,-0.002922622757,0.02834754216,-0.001614680426,-0.03374858388,1.000246156,-0.0002376880784,5.300990384,0.03374858388,0.0002376880784,5.333361975,5.333361975,0.01675968352,0.2400012889,-3.83495197e-06,-6.759102847e-05,1.917475985e-05,-4.889563761e-05,0.2400012889,-0.0002159333622,-3.83495197e-06,-6.759102847e-05,1.917475985e-05,-4.889563761e-05,0.2400012889,-0.0002159333622,0,0,0,0,0,0
12.46,0,1,5.129248259e-05,3.643204371e-05,-1.581917688e-05,5.177185159e-05,-0.0002468750331,-3.643204371e-05,0,0,0,0,0,0,6.950850445e-06,0,0,-0.0002538258835,-0.002930950819,-0.02842807253,11.54726517,0,-0.002930925644,0.02842807253,0.000262640009,-0.0338444663,1.000246875,-0.0002381311121,5.316049564,0.0338444663,0.0002381311121,5.350394801,5.350394801,0.01674333364,0.240767766,-6.231796951e-06,-6.711165947e-05,1.917475985e-05,-4.937500661e-05,0.240767766,-0.0001116929761,-6.231796951e-06,-6.711165947e-05,1.917475985e-05,-4.937500661e-05,0.240767766,-0.0001116929761,0,0,0,0,0,0
12.47,0,1,5.177185159e-05,3.691141271e-05,-1.510012338e-05,5.177185159e-05,-0.0002466353486,-3.643204371e-05,0,0,0,0,0,0,6.950850445e-06,0,0,-0.000253586199,-0.002928183119,-0.02840122908,11.54726468,0,-0.002928158015,0.02840122908,-0.0003686974429,-0.03381250549,1.000246635,-0.0002376740882,5.311029837,0.03381250549,0.0002376740882,5.34471132,5.34471132,0.01672700224,0.2405120094,-7.190534943e-06,-6.807039746e-05,1.773665286e-05,-4.937500661e-05,0.2405120094,-0.0001116929761,-7.190534943e-06,-6.807039746e-05,1.773665286e-05,-4.937500661e-05,0.2405120094,-0.0001116929761,0,0,0,0,0,0
12.48,0,1,5.129248259e-05,3.691141271e-05,-1.581917688e-05,5.153216709e-05,-0.0002468750331,-3.547330572e-05,0,0,0,0,0,0,6.950850445e-06,0,0,-0.0002538258835,-0.002930950819,-0.02842807253,11.54726517,0,-0.002930925644,0.02842807253,7.499066454e-05,-0.0338444663,1.000246875,-0.0002376668016,5.316049564,0.0338444663,0.0002376668016,5.350206687,5.350206687,0.0167106874,0.2407593009,-6.231796951e-06,-6.807039746e-05,1.917475985e-05,-4.889563761e-05,0.2407593009,-0.0001136104521,-6.231796951e-06,-6.807039746e-05,1.917475985e-05,-4.889563761e-05,0.2407593009,-0.0001136104521,0,0,0,0,0,0
12.49,0,1,5.03337446e-05,3.667172821e-05,-1.581917688e-05,5.08131136e-05,-0.0002468750331,-3.571299022e-05,0,0,0,0,0,0,6.950850445e-06,0,0,-0.0002538258835,-0.002930950819,-0.02842807253,11.54726517,0,-0.002930925644,0.02842807253,-1.866145476e-05,-0.0338444663,1.000246875,-0.000237434997,5.316049564,0.0338444663,0.000237434997,5.350112803,5.350112803,0.01669438893,0.2407550762,-4.314320966e-06,-6.759102847e-05,1.917475985e-05,-4.745753063e-05,0.2407550762,-0.0001131310831,-4.314320966e-06,-6.759102847e-05,1.917475985e-05,-4.745753063e-05,0.2407550762,-0.0001131310831,0,0,0,0,0,0
12.5,0,1,5.129248259e-05,3.643204371e-05,-1.581917688e-05,5.05734291e-05,-0.0002466353486,-3.571299022e-05,0,0,0,0,0,0,6.950850445e-06,0,0,-0.000253586199,-0.002928183119,-0.02840122908,11.54726468,0,-0.002928158015,0.02840122908,-0.0006129058299,-0.03381250549,1.000246635,-0.0002369793271,5.311029837,0.03381250549,0.0002369793271,5.344466416,5.344466416,0.01667810653,0.2405009887,-6.231796951e-06,-6.711165947e-05,1.917475985e-05,-4.697816163e-05,0.2405009887,-0.0001131310831,-6.231796951e-06,-6.711165947e-05,1.917475985e-05,-4.697816163e-05,0.2405009887,-0.0001131310831,0,0,0,0,0,0
12.51,0,1,5.08131136e-05,3.595267472e-05,-1.581917688e-05,5.08131136e-05,-0.0002461559796,-3.619235921e-05,0,0,0,0,0,0,6.950850445e-06,0,0,-0.00025310683,-0.002922647718,-0.02834754216,11.54726369,0,-0.002922622757,0.02834754216,-0.001549734841,-0.03374858388,1.000246156,-0.0002363003902,5.300990384,0.03374858388,0.0002363003902,5.333425533,5.333425533,0.01666183612,0.240004149,-5.273058958e-06,-6.615292148e-05,1.917475985e-05,-4.745753063e-05,0.240004149,-0.0001121723451,-5.273058958e-06,-6.615292148e-05,1.917475985e-05,-4.745753063e-05,0.240004149,-0.0001121723451,0,0,0,0,0,0
12.52,0,1,5.129248259e-05,3.73907817e-05,-1.533980788e-05,5.10527981e-05,-0.0002461559796,-3.571299022e-05,0,0,0,0,0,0,6.950850445e-06,0,0,-0.00025310683,-0.002922647718,-0.02834754216,11.54726369,0,-0.002922622757,0.02834754216,-0.001413152387,-0.03374858388,1.000246156,-0.0002360699103,5.300990384,0.03374858388,0.0002360699103,5.333561885,5.333561885,0.01664558474,0.2400102848,-6.231796951e-06,-6.902913545e-05,1.821602186e-05,-4.793689962e-05,0.2400102848,-0.0001131310831,-6.231796951e-06,-6.902913545e-05,1.821602186e-05,-4.793689962e-05,0.2400102848,-0.0001131310831,0,0,0,0,0,0
12.53,0,1,5.153216709e-05,3.667172821e-05,-1.581917688e-05,5.153216709e-05,-0.0002468750331,-3.691141271e-05,0,0,0,0,0,0,6.950850445e-06,0,0,-0.0002538258835,-0.002930950819,-0.02842807253,11.54726517,0,-0.002930925644,0.02842807253,0.0002263299507,-0.0338444663,1.000246875,-0.0002365099884,5.316049564,0.0338444663,0.0002365099884,5.35035687,5.35035687,0.01662935043,0.2407660591,-6.711165947e-06,-6.759102847e-05,1.917475985e-05,-4.889563761e-05,0.2407660591,-0.0001107342381,-6.711165947e-06,-6.759102847e-05,1.917475985e-05,-4.889563761e-05,0.2407660591,-0.0001107342381,0,0,0,0,0,0
12.54,0,1,5.05734291e-05,3.667172821e-05,-1.605886137e-05,5.153216709e-05,-0.0002471147175,-3.595267472e-05,0,0,0,0,0,0,6.950850445e-06,0,0,-0.000254065568,-0.00293371852,-0.02845491599,11.54726566,0,-0.002933693273,0.02845491599,0.0006819385367,-0.03387642712,1.000247115,-0.0002365025579,5.321069289,0.03387642712,0.0002365025579,5.355864157,5.355864157,0.01661313304,0.2410138871,-4.793689962e-06,-6.759102847e-05,1.965412884e-05,-4.889563761e-05,0.2410138871,-0.0001126517141,-4.793689962e-06,-6.759102847e-05,1.965412884e-05,-4.889563761e-05,0.2410138871,-0.0001126517141,0,0,0,0,0,0
12.55,0,1,5.00940601e-05,3.643204371e-05,-1.581917688e-05,5.249090509e-05,-0.0002468750331,-3.643204371e-05,0,0,0,0,0,0,6.950850445e-06,0,0,-0.0002538258835,-0.002930950819,-0.02842807253,11.54726517,0,-0.002930925644,0.02842807253,3.042232849e-05,-0.0338444663,1.000246875,-0.0002360489192,5.316049564,0.0338444663,0.0002360489192,5.350160501,5.350160501,0.01659693209,0.2407572225,-3.83495197e-06,-6.711165947e-05,1.917475985e-05,-5.08131136e-05,0.2407572225,-0.0001116929761,-3.83495197e-06,-6.711165947e-05,1.917475985e-05,-5.08131136e-05,0.2407572225,-0.0001116929761,0,0,0,0,0,0
12.56,0,1,5.153216709e-05,3.667172821e-05,-1.581917688e-05,5.225122059e-05,-0.0002468750331,-3.691141271e-05,0,0,0,0,0,0,6.950850445e-06,0,0,-0.0002538258835,-0.002930950819,-0.02842807253,11.54726517,0,-0.002930925644,0.02842807253,-1.368063947e-05,-0.0338444663,1.000246875,-0.0002358187286,5.316049564,0.0338444663,0.0002358187286,5.350116168,5.350116168,0.0165807471,0.2407552276,-6.711165947e-06,-6.759102847e-05,1.917475985e-05,-5.03337446e-05,0.2407552276,-0.0001107342381,-6.711165947e-06,-6.759102847e-05,1.917475985e-05,-5.03337446e-05,0.2407552276,-0.0001107342381,0,0,0,0,0,0
12.57,0,1,5.201153609e-05,3.667172821e-05,-1.510012338e-05,5.08131136e-05,-0.0002463956641,-3.691141271e-05,0,0,0,0,0,0,6.950850445e-06,0,0,-0.0002533465145,-0.002925415418,-0.02837438562,11.54726418,0,-0.002925390386,0.02837438562,-0.0009825448032,-0.03378054468,1.000246396,-0.0002351436129,5.306010111,0.03378054468,0.0002351436129,5.339043254,5.339043254,0.01656457699,0.2402569464,-7.669903939e-06,-6.759102847e-05,1.773665286e-05,-4.745753063e-05,0.2402569464,-0.0001107342381,-7.669903939e-06,-6.759102847e-05,1.773665286e-05,-4.745753063e-05,0.2402569464,-0.0001107342381,0,0,0,0,0,0
12.58,0,1,5.08131136e-05,3.643204371e-05,-1.557949238e-05,5.08131136e-05,-0.0002468750331,-3.595267472e-05,0,0,0,0,0,0,6.950850445e-06,0,0,-0.0002538258835,-0.002930950819,-0.02842807253,11.54726517,0,-0.002930925644,0.02842807253,7.354849543e-05,-0.0338444663,1.000246875,-0.0002353590146,5.316049564,0.0338444663,0.0002353590146,5.350202937,5.350202937,0.01654842404,0.2407591322,-5.273058958e-06,-6.711165947e-05,1.869539085e-05,-4.745753063e-05,0.2407591322,-0.0001126517141,-5.273058958e-06,-6.711165947e-05,1.869539085e-05,-4.745753063e-05,0.2407591322,-0.0001126517141,0,0,0,0,0,0
12.59,0,1,5.08131136e-05,3.667172821e-05,-1.605886137e-05,5.129248259e-05,-0.0002471147175,-3.523362122e-05,0,0,0,0,0,0,6.950850445e-06,0,0,-0.000254065568,-0.00293371852,-0.02845491599,11.54726566,0,-0.002933693273,0.02845491599,0.0006819993909,-0.03387642712,1.000247115,-0.0002353516777,5.321069289,0.03387642712,0.0002353516777,5.355863067,5.355863067,0.0165322896,0.241013838,-5.273058958e-06,-6.759102847e-05,1.965412884e-05,-4.841626862e-05,0.241013838,-0.0001140898211,-5.273058958e-06,-6.759102847e-05,1.965412884e-05,-4.841626862e-05,0.241013838,-0.0001140898211,0,0,0,0,0,0
12.6,0,1,5.129248259e-05,3.595267472e-05,-1.629854587e-05,5.10527981e-05,-0.0002466353486,-3.619235921e-05,0,0,0,0,0,0,6.950850445e-06,0,0,-0.000253586199,-0.002928183119,-0.02840122908,11.54726468,0,-0.002928158015,0.02840122908,-0.0004434839253,-0.03381250549,1.000246635,-0.0002346783489,5.311029837,0.03381250549,0.0002346783489,5.344633537,5.344633537,0.01651616892,0.2405085092,-6.231796951e-06,-6.615292148e-05,2.013349784e-05,-4.793689962e-05,0.2405085092,-0.0001121723451,-6.231796951e-06,-6.615292148e-05,2.013349784e-05,-4.793689962e-05,0.2405085092,-0.0001121723451,0,0,0,0,0,0
12.61,0,1,5.10527981e-05,3.595267472e-05,-1.605886137e-05,5.10527981e-05,-0.0002456766106,-3.73907817e-05,0,0,0,0,0,0,6.950850445e-06,0,0,-0.000252627461,-0.002917112318,-0.02829385523,11.54726271,0,-0.002917087498,0.02829385523,-0.002298270569,-0.0336846623,1.000245677,-0.000233562675,5.290950929,0.0336846623,0.000233562675,5.322570883,5.322570883,0.01650006161,0.2395156897,-5.752427955e-06,-6.615292148e-05,1.965412884e-05,-4.793689962e-05,0.2395156897,-0.0001097755001,-5.752427955e-06,-6.615292148e-05,1.965412884e-05,-4.793689962e-05,0.2395156897,-0.0001097755001,0,0,0,0,0,0
12.62,0,1,5.201153609e-05,3.643204371e-05,-1.605886137e-05,5.129248259e-05,-0.0002466353486,-3.571299022e-05,0,0,0,0,0,0,6.950850445e-06,0,0,-0.000253586199,-0.002928183119,-0.02840122908,11.54726468,0,-0.002928158015,0.02840122908,6.339637521e-05,-0.03381250549,1.000246635,-0.0002342208496,5.311029837,0.03381250549,0.0002342208496,5.34513996,5.34513996,0.01648397116,0.2405312982,-7.669903939e-06,-6.711165947e-05,1.965412884e-05,-4.841626862e-05,0.2405312982,-0.0001131310831,-7.669903939e-06,-6.711165947e-05,1.965412884e-05,-4.841626862e-05,0.2405312982,-0.0001131310831,0,0,0,0,0,0
12.63,0,1,5.153216709e-05,3.76304662e-05,-1.581917688e-05,5.10527981e-05,-0.0002471147175,-3.643204371e-05,0,0,0,-0.001047197551,0,0,6.950850445e-06,0,0,-0.000254065568,-0.00293371852,-0.02845491599,11.54726566,0,-0.002933693273,0.02845491599,0.001014900847,-0.03387642712,1.000247115,-0.0002344350177,5.321069289,0.03387642712,0.0002344350177,5.356195052,5.356195052,0.01646789893,0.2410287773,-6.711165947e-06,-6.950850445e-05,1.917475985e-05,5.67828555e-05,0.2410287773,-0.0001116929761,-6.711165947e-06,-6.950850445e-05,1.917475985e-05,5.67828555e-05,0.2410287773,-0.0001116929761,0,0,0,0,0,0
12.64,0,1,5.10527981e-05,3.643204371e-05,-1.605886137e-05,5.225122059e-05,-0.0002475940865,-3.619235921e-05,0,0,0,0,0,0,6.950850445e-06,0,0,-0.000254544937,-0.002939253921,-0.02850860288,11.54726664,0,-0.002939228532,0.02850860288,0.001833290728,-0.03394034877,1.000247594,-0.0002346485693,5.331108739,0.03394034877,0.0002346485693,5.367117027,5.367117027,0.01645184399,0.2415202662,-5.752427955e-06,-6.711165947e-05,1.965412884e-05,-5.03337446e-05,0.2415202662,-0.0001121723451,-5.752427955e-06,-6.711165947e-05,1.965412884e-05,-5.03337446e-05,0.2415202662,-0.0001121723451,0,0,0,0,0,0
12.65,0,1,5.129248259e-05,3.595267472e-05,-1.557949238e-05,5.10527981e-05,-0.0002463956641,-3.667172821e-05,0,0,0,0,0,0,6.950850445e-06,0,0,-0.0002533465145,-0.002925415418,-0.02837438562,11.54726418,0,-0.002925390386,0.02837438562,-0.0008565566844,-0.03378054468,1.000246396,-0.0002333155887,5.306010111,0.03378054468,0.0002333155887,5.339167414,5.339167414,0.01643580303,0.2402625337,-6.231796951e-06,-6.615292148e-05,1.869539085e-05,-4.793689962e-05,0.2402625337,-0.0001112136071,-6.231796951e-06,-6.615292148e-05,1.869539085e-05,-4.793689962e-05,0.2402625337,-0.0001112136071,0,0,0,0,0,0
12.66,0,1,5.177185159e-05,3.475425223e-05,-1.581917688e-05,5.08131136e-05,-0.0002463956641,-3.619235921e-05,0,0,0,0,0,0,6.950850445e-06,0,0,-0.0002533465145,-0.002925415418,-0.02837438562,11.54726418,0,-0.002925390386,0.02837438562,-0.0006432668155,-0.03378054468,1.000246396,-0.0002330880858,5.306010111,0.03378054468,0.0002330880858,5.339380477,5.339380477,0.01641977674,0.2402721215,-7.190534943e-06,-6.37560765e-05,1.917475985e-05,-4.745753063e-05,0.2402721215,-0.0001121723451,-7.190534943e-06,-6.37560765e-05,1.917475985e-05,-4.745753063e-05,0.2402721215,-0.0001121723451,0,0,0,0,0,0
12.67,0,1,5.05734291e-05,3.595267472e-05,-1.533980788e-05,5.129248259e-05,-0.0002471147175,-3.73907817e-05,0,0,0,0,0,0,6.950850445e-06,0,0,-0.000254065568,-0.00293371852,-0.02845491599,11.54726566,0,-0.002933693273,0.02845491599,0.0008901069119,-0.03387642712,1.000247115,-0.0002335220638,5.321069289,0.03387642712,0.0002335220638,5.356069345,5.356069345,0.0164037686,0.2410231205,-4.793689962e-06,-6.615292148e-05,1.821602186e-05,-4.841626862e-05,0.2410231205,-0.0001097755001,-4.793689962e-06,-6.615292148e-05,1.821602186e-05,-4.841626862e-05,0.2410231205,-0.0001097755001,0,0,0,0,0,0
12.68,0,1,5.129248259e-05,3.643204371e-05,-1.533980788e-05,5.05734291e-05,-0.0002468750331,-3.595267472e-05,0,0,0,0,0,0,6.950850445e-06,0,0,-0.0002538258835,-0.002930950819,-0.02842807253,11.54726517,0,-0.002930925644,0.02842807253,0.0002177986621,-0.0338444663,1.000246875,-0.0002330742123,5.316049564,0.0338444663,0.0002330742123,5.350344903,5.350344903,0.01638777676,0.2407655206,-6.231796951e-06,-6.711165947e-05,1.821602186e-05,-4.697816163e-05,0.2407655206,-0.0001126517141,-6.231796951e-06,-6.711165947e-05,1.821602186e-05,-4.697816163e-05,0.2407655206,-0.0001126517141,0,0,0,0,0,0
12.69,0,1,5.05734291e-05,3.643204371e-05,-1.581917688e-05,5.05734291e-05,-0.0002471147175,-3.619235921e-05,0,0,0,0,0,0,6.950850445e-06,0,0,-0.000254065568,-0.00293371852,-0.02845491599,11.54726566,0,-0.002933693273,0.02845491599,0.0006249999651,-0.03387642712,1.000247115,-0.0002330669789,5.321069289,0.03387642712,0.0002330669789,5.355803783,5.355803783,0.01637180122,0.2410111702,-4.793689962e-06,-6.711165947e-05,1.917475985e-05,-4.697816163e-05,0.2410111702,-0.0001121723451,-4.793689962e-06,-6.711165947e-05,1.917475985e-05,-4.697816163e-05,0.2410111702,-0.0001121723451,0,0,0,0,0,0
12.7,0,1,5.10527981e-05,3.667172821e-05,-1.605886137e-05,5.225122059e-05,-0.0002463956641,-3.619235921e-05,0,0,0,0,0,0,6.950850445e-06,0,0,-0.0002533465145,-0.002925415418,-0.02837438562,11.54726418,0,-0.002925390386,0.02837438562,-0.001038721185,-0.03378054468,1.000246396,-0.0002321804787,5.306010111,0.03378054468,0.0002321804787,5.338984115,5.338984115,0.01635584095,0.2402542852,-5.752427955e-06,-6.759102847e-05,1.965412884e-05,-5.03337446e-05,0.2402542852,-0.0001121723451,-5.752427955e-06,-6.759102847e-05,1.965412884e-05,-5.03337446e-05,0.2402542852,-0.0001121723451,0,0,0,0,0,0
12.71,0,1,5.153216709e-05,3.619235921e-05,-1.557949238e-05,5.177185159e-05,-0.0002461559796,-3.73907817e-05,0,0,0,0,0,0,6.950850445e-06,0,0,-0.00025310683,-0.002922647718,-0.02834754216,11.54726369,0,-0.002922622757,0.02834754216,-0.001402156158,-0.03374858388,1.000246156,-0.0002317345687,5.300990384,0.03374858388,0.0002317345687,5.333568546,5.333568546,0.01633989512,0.2400105846,-6.711165947e-06,-6.663229047e-05,1.869539085e-05,-4.937500661e-05,0.2400105846,-0.0001097755001,-6.711165947e-06,-6.663229047e-05,1.869539085e-05,-4.937500661e-05,0.2400105846,-0.0001097755001,0,0,0,0,0,0
12.72,0,1,5.129248259e-05,3.667172821e-05,-1.557949238e-05,5.177185159e-05,-0.0002471147175,-3.667172821e-05,0,0,0,0,0,0,6.950850445e-06,0,0,-0.000254065568,-0.00293371852,-0.02845491599,11.54726566,0,-0.002933693273,0.02845491599,0.0007120074099,-0.03387642712,1.000247115,-0.0002323860136,5.321069289,0.03387642712,0.0002323860136,5.35589011,5.35589011,0.0163239669,0.2410150549,-6.231796951e-06,-6.759102847e-05,1.869539085e-05,-4.937500661e-05,0.2410150549,-0.0001112136071,-6.231796951e-06,-6.759102847e-05,1.869539085e-05,-4.937500661e-05,0.2410150549,-0.0001112136071,0,0,0,0,0,0
12.73,0,1,5.201153609e-05,3.619235921e-05,-1.581917688e-05,5.249090509e-05,-0.0002468750331,-3.667172821e-05,0,0,0,0,0,0,6.950850445e-06,0,0,-0.0002538258835,-0.002930950819,-0.02842807253,11.54726517,0,-0.002930925644,0.02842807253,9.53215884e-05,-0.0338444663,1.000246875,-0.0002319403667,5.316049564,0.0338444663,0.0002319403667,5.350221292,5.350221292,0.01630805468,0.2407599581,-7.669903939e-06,-6.663229047e-05,1.917475985e-05,-5.08131136e-05,0.2407599581,-0.0001112136071,-7.669903939e-06,-6.663229047e-05,1.917475985e-05,-5.08131136e-05,0.2407599581,-0.0001112136071,0,0,0,0,0,0
12.74,0,1,5.05734291e-05,3.667172821e-05,-1.605886137e-05,5.177185159e-05,-0.0002468750331,-3.667172821e-05,0,0,0,0,0,0,6.950850445e-06,0,0,-0.0002538258835,-0.002930950819,-0.02842807253,11.54726517,0,-0.002930925644,0.02842807253,7.763039695e-05,-0.0338444663,1.000246875,-0.0002317142774,5.316049564,0.0338444663,0.0002317142774,5.350203375,5.350203375,0.01629215805,0.2407591519,-4.793689962e-06,-6.759102847e-05,1.965412884e-05,-4.937500661e-05,0.2407591519,-0.0001112136071,-4.793689962e-06,-6.759102847e-05,1.965412884e-05,-4.937500661e-05,0.2407591519,-0.0001112136071,0,0,0,0,0,0
12.75,0,1,5.03337446e-05,3.643204371e-05,-1.605886137e-05,5.201153609e-05,-0.0002471147175,-3.619235921e-05,0,0,0,0,0,0,6.950850445e-06,0,0,-0.000254065568,-0.00293371852,-0.02845491599,11.54726566,0,-0.002933693273,0.02845491599,0.0005414850965,-0.03387642712,1.000247115,-0.0002317071165,5.321069289,0.03387642712,0.0002317071165,5.355718909,5.355718909,0.01627627786,0.2410073509,-4.314320966e-06,-6.711165947e-05,1.965412884e-05,-4.985437561e-05,0.2410073509,-0.0001121723451,-4.314320966e-06,-6.711165947e-05,1.965412884e-05,-4.985437561e-05,0.2410073509,-0.0001121723451,0,0,0,0,0,0
12.76,0,1,5.08131136e-05,3.571299022e-05,-1.605886137e-05,5.129248259e-05,-0.0002468750331,-3.499393672e-05,0,0,0,0.001047197551,0,0,6.950850445e-06,0,0,-0.0002538258835,-0.002930950819,-0.02842807253,11.54726517,0,-0.002930925644,0.02842807253,-6.728521161e-05,-0.0338444663,1.000246875,-0.0002312627905,5.316049564,0.0338444663,0.0002312627905,5.350058007,5.350058007,0.01626041345,0.2407526103,-5.273058958e-06,-6.567355248e-05,1.965412884e-05,-0.0001531360237,0.2407526103,-0.0001145691901,-5.273058958e-06,-6.567355248e-05,1.965412884e-05,-0.0001531360237,0.2407526103,-0.0001145691901,0,0,0,0,0,0
12.77,0,1,5.03337446e-05,3.76304662e-05,-1.605886137e-05,5.129248259e-05,-0.0002468750331,-3.523362122e-05,0,0,0,0,0,0,6.950850445e-06,0,0,-0.0002538258835,-0.002930950819,-0.02842807253,11.54726517,0,-0.002930925644,0.02842807253,-0.0001840069557,-0.0338444663,1.000246875,-0.0002310373926,5.316049564,0.0338444663,0.0002310373926,5.34994106,5.34994106,0.01624456544,0.2407473477,-4.314320966e-06,-6.950850445e-05,1.965412884e-05,-4.841626862e-05,0.2407473477,-0.0001140898211,-4.314320966e-06,-6.950850445e-05,1.965412884e-05,-4.841626862e-05,0.2407473477,-0.0001140898211,0,0,0,0,0,0
12.78,0,1,5.05734291e-05,3.643204371e-05,-1.605886137e-05,5.08131136e-05,-0.0002466353486,-3.595267472e-05,0,0,0,0,0,0,6.950850445e-06,0,0,-0.000253586199,-0.002928183119,-0.02840122908,11.54726468,0,-0.002928158015,0.02840122908,-0.0005921008443,-0.03381250549,1.000246635,-0.0002305941432,5.311029837,0.03381250549,0.0002305941432,5.344480836,5.344480836,0.01622873181,0.2405016376,-4.793689962e-06,-6.711165947e-05,1.965412884e-05,-4.745753063e-05,0.2405016376,-0.0001126517141,-4.793689962e-06,-6.711165947e-05,1.965412884e-05,-4.745753063e-05,0.2405016376,-0.0001126517141,0,0,0,0,0,0
12.79,0,1,4.985437561e-05,3.547330572e-05,-1.653823037e-05,5.129248259e-05,-0.0002463956641,-3.643204371e-05,0,0,0,0,0,0,6.950850445e-06,0,0,-0.0002533465145,-0.002925415418,-0.02837438562,11.54726418,0,-0.002925390386,0.02837438562,-0.0008201851907,-0.03378054468,1.000246396,-0.0002301515173,5.306010111,0.03378054468,0.0002301515173,5.339200622,5.339200622,0.01621291211,0.240264028,-3.355582973e-06,-6.519418349e-05,2.061286684e-05,-4.841626862e-05,0.240264028,-0.0001116929761,-3.355582973e-06,-6.519418349e-05,2.061286684e-05,-4.841626862e-05,0.240264028,-0.0001116929761,0,0,0,0,0,0
12.8,0,1,5.05734291e-05,3.499393672e-05,-1.581917688e-05,5.10527981e-05,-0.0002466353486,-3.715109721e-05,0,0,0,0,0,-0.001047197551,6.950850445e-06,0,0,-0.000253586199,-0.002928183119,-0.02840122908,11.54726468,0,-0.002928158015,0.02840122908,-0.0002532847039,-0.03381250549,1.000246635,-0.0002301448284,5.311029837,0.03381250549,0.0002301448284,5.344819203,5.344819203,0.01619711005,0.2405168641,-4.793689962e-06,-6.423544549e-05,1.917475985e-05,-4.793689962e-05,0.2405168641,-5.53511401e-06,-4.793689962e-06,-6.423544549e-05,1.917475985e-05,-4.793689962e-05,0.2405168641,-5.53511401e-06,0,0,0,0,0,0
12.81,0,1,5.201153609e-05,3.667172821e-05,-1.581917688e-05,5.00940601e-05,-0.0002461559796,-3.619235921e-05,0,0,0,0,0,0,6.950850445e-06,0,0,-0.00025310683,-0.002922647718,-0.02834754216,11.54726369,0,-0.002922622757,0.02834754216,-0.001382005264,-0.03374858388,1.000246156,-0.000229485689,5.300990384,0.03374858388,0.000229485689,5.333586448,5.333586448,0.01618132417,0.2400113902,-7.669903939e-06,-6.759102847e-05,1.917475985e-05,-4.601942364e-05,0.2400113902,-0.0001121723451,-7.669903939e-06,-6.759102847e-05,1.917475985e-05,-4.601942364e-05,0.2400113902,-0.0001121723451,0,0,0,0,0,0
12.82,0,1,5.129248259e-05,3.667172821e-05,-1.581917688e-05,5.05734291e-05,-0.0002471147175,-3.523362122e-05,0,0,0,0,0,0,6.950850445e-06,0,0,-0.000254065568,-0.00293371852,-0.02845491599,11.54726566,0,-0.002933693273,0.02845491599,0.0006466943041,-0.03387642712,1.000247115,-0.0002301308764,5.321069289,0.03387642712,0.0002301308764,5.355822542,5.355822542,0.01616555507,0.2410120144,-6.231796951e-06,-6.759102847e-05,1.917475985e-05,-4.697816163e-05,0.2410120144,-0.0001140898211,-6.231796951e-06,-6.759102847e-05,1.917475985e-05,-4.697816163e-05,0.2410120144,-0.0001140898211,0,0,0,0,0,0
12.83,0,1,5.05734291e-05,3.691141271e-05,-1.557949238e-05,5.05734291e-05,-0.0002463956641,-3.475425223e-05,0,0,0,0,0,0,6.950850445e-06,0,0,-0.0002533465145,-0.002925415418,-0.02837438562,11.54726418,0,-0.002925390386,0.02837438562,-0.001117874408,-0.03378054468,1.000246396,-0.0002292556272,5.306010111,0.03378054468,0.0002292556272,5.338902037,5.338902037,0.01614980172,0.2402505917,-4.793689962e-06,-6.807039746e-05,1.869539085e-05,-4.697816163e-05,0.2402505917,-0.0001150485591,-4.793689962e-06,-6.807039746e-05,1.869539085e-05,-4.697816163e-05,0.2402505917,-0.0001150485591,0,0,0,0,0,0
12.84,0,1,5.05734291e-05,3.619235921e-05,-1.629854587e-05,5.10527981e-05,-0.0002461559796,-3.475425223e-05,0,0,0,0,0,0,6.950850445e-06,0,0,-0.00025310683,-0.002922647718,-0.02834754216,11.54726369,0,-0.002922622757,0.02834754216,-0.001271268563,-0.03374858388,1.000246156,-0.000228815386,5.300990384,0.03374858388,0.000228815386,5.333696515,5.333696515,0.01613406039,0.2400163432,-4.793689962e-06,-6.663229047e-05,2.013349784e-05,-4.793689962e-05,0.2400163432,-0.0001150485591,-4.793689962e-06,-6.663229047e-05,2.013349784e-05,-4.793689962e-05,0.2400163432,-0.0001150485591,0,0,0,0,0,0
12.85,0,1,4.985437561e-05,3.643204371e-05,-1.581917688e-05,5.08131136e-05,-0.0002461559796,-3.523362122e-05,0,0,0,0,0,0,6.950850445e-06,0,0,-0.00025310683,-0.002922647718,-0.02834754216,11.54726369,0,-0.002922622757,0.02834754216,-0.0009890172348,-0.03374858388,1.000246156,-0.0002285923661,5.300990384,0.03374858388,0.0002285923661,5.333978543,5.333978543,0.01611833501,0.2400290344,-3.355582973e-06,-6.711165947e-05,1.917475985e-05,-4.745753063e-05,0.2400290344,-0.0001140898211,-3.355582973e-06,-6.711165947e-05,1.917475985e-05,-4.745753063e-05,0.2400290344,-0.0001140898211,0,0,0,0,0,0
12.86,0,1,5.10527981e-05,3.715109721e-05,-1.557949238e-05,5.201153609e-05,-0.0002471147175,-3.451456773e-05,0,0,0,0,0,0,6.950850445e-06,0,0,-0.000254065568,-0.00293371852,-0.02845491599,11.54726566,0,-0.002933693273,0.02845491599,0.001196176333,-0.03387642712,1.000247115,-0.0002292350394,5.321069289,0.03387642712,0.0002292350394,5.356371128,5.356371128,0.01610262711,0.2410367007,-5.752427955e-06,-6.854976646e-05,1.869539085e-05,-4.985437561e-05,0.2410367007,-0.0001155279281,-5.752427955e-06,-6.854976646e-05,1.869539085e-05,-4.985437561e-05,0.2410367007,-0.0001155279281,0,0,0,0,0,0
12.87,0,1,5.08131136e-05,3.595267472e-05,-1.533980788e-05,5.177185159e-05,-0.0002468750331,-3.571299022e-05,0,0,0,0,0,0,6.950850445e-06,0,0,-0.0002538258835,-0.002930950819,-0.02842807253,11.54726517,0,-0.002930925644,0.02842807253,0.0004517532341,-0.0338444663,1.000246875,-0.0002287955175,5.316049564,0.0338444663,0.0002287955175,5.350574579,5.350574579,0.01608693643,0.240775856,-5.273058958e-06,-6.615292148e-05,1.821602186e-05,-4.937500661e-05,0.240775856,-0.0001131310831,-5.273058958e-06,-6.615292148e-05,1.821602186e-05,-4.937500661e-05,0.240775856,-0.0001131310831,0,0,0,0,0,0
12.88,0,1,5.05734291e-05,3.547330572e-05,-1.581917688e-05,5.129248259e-05,-0.000247354402,-3.427488323e-05,0,0,0,0,0,0,6.950850445e-06,0,0,-0.0002543052525,-0.002936486221,-0.02848175944,11.54726615,0,-0.002936460903,0.02848175944,0.001271539224,-0.03390838794,1.000247354,-0.0002290044728,5.326089014,0.03390838794,0.0002290044728,5.361497946,5.361497946,0.01607126228,0.2412674076,-4.793689962e-06,-6.519418349e-05,1.917475985e-05,-4.841626862e-05,0.2412674076,-0.0001160072971,-4.793689962e-06,-6.519418349e-05,1.917475985e-05,-4.841626862e-05,0.2412674076,-0.0001160072971,0,0,0,0,0,0
12.89,0,1,5.225122059e-05,3.619235921e-05,-1.533980788e-05,5.10527981e-05,-0.0002459162951,-3.499393672e-05,0,0,0,0,0,0,6.950850445e-06,0,0,-0.0002528671455,-0.002919880018,-0.0283206987,11.5472632,0,-0.002919855127,0.0283206987,-0.002047880715,-0.03371662309,1.000245916,-0.0002274869529,5.295970657,0.03371662309,0.0002274869529,5.327866886,5.327866886,0.01605560242,0.2397540099,-8.149272936e-06,-6.663229047e-05,1.821602186e-05,-4.793689962e-05,0.2397540099,-0.0001145691901,-8.149272936e-06,-6.663229047e-05,1.821602186e-05,-4.793689962e-05,0.2397540099,-0.0001145691901,0,0,0,0,0,0
12.9,0,1,5.03337446e-05,3.595267472e-05,-1.581917688e-05,5.177185159e-05,-0.0002459162951,-3.595267472e-05,0,0,0,0,0,0,6.950850445e-06,0,0,-0.0002528671455,-0.002919880018,-0.0283206987,11.5472632,0,-0.002919855127,0.0283206987,-0.001758313185,-0.03371662309,1.000245916,-0.0002272652598,5.295970657,0.03371662309,0.0002272652598,5.328156232,5.328156232,0.01603995578,0.2397670304,-4.314320966e-06,-6.615292148e-05,1.917475985e-05,-4.937500661e-05,0.2397670304,-0.0001126517141,-4.314320966e-06,-6.615292148e-05,1.917475985e-05,-4.937500661e-05,0.2397670304,-0.0001126517141,0,0,0,0,0,0
12.91,0,1,5.08131136e-05,3.643204371e-05,-1.533980788e-05,5.08131136e-05,-0.0002466353486,-3.595267472e-05,0,0,0,0,0,0,6.950850445e-06,0,0,-0.000253586199,-0.002928183119,-0.02840122908,11.54726468,0,-0.002928158015,0.02840122908,7.115042292e-05,-0.03381250549,1.000246635,-0.0002276897195,5.311029837,0.03381250549,0.0002276897195,5.345141183,5.345141183,0.01602432507,0.2405313532,-5.273058958e-06,-6.711165947e-05,1.821602186e-05,-4.745753063e-05,0.2405313532,-0.0001126517141,-5.273058958e-06,-6.711165947e-05,1.821602186e-05,-4.745753063e-05,0.2405313532,-0.0001126517141,0,0,0,0,0,0
12.92,0,1,5.03337446e-05,3.643204371e-05,-1.510012338e-05,5.05734291e-05,-0.0002471147175,-3.619235921e-05,0,0.001047197551,0,0,0,0,6.950850445e-06,0,0,-0.000254065568,-0.00293371852,-0.02845491599,11.54726566,0,-0.002933693273,0.02845491599,0.001080194225,-0.03387642712,1.000247115,-0.0002278980695,5.321069289,0.03387642712,0.0002278980695,5.356253809,5.356253809,0.01600871182,0.2410314214,-4.314320966e-06,-0.0001718314146,1.773665286e-05,-4.697816163e-05,0.2410314214,-0.0001121723451,-4.314320966e-06,-0.0001718314146,1.773665286e-05,-4.697816163e-05,0.2410314214,-0.0001121723451,0,0,0,0,0,0
12.93,0,1,5.153216709e-05,3.571299022e-05,-1.533980788e-05,5.05734291e-05,-0.0002468750331,-3.571299022e-05,0,-0.001047197551,0,0,0,0,6.950850445e-06,0,0,-0.0002538258835,-0.002930950819,-0.02842807253,11.54726517,0,-0.002930925644,0.02842807253,0.000469895865,-0.0338444663,1.000246875,-0.0002274611315,5.316049564,0.0338444663,0.0002274611315,5.350591387,5.350591387,0.01599311411,0.2407766124,-6.711165947e-06,3.904620264e-05,1.821602186e-05,-4.697816163e-05,0.2407766124,-0.0001131310831,-6.711165947e-06,3.904620264e-05,1.821602186e-05,-4.697816163e-05,0.2407766124,-0.0001131310831,0,0,0,0,0,0
12.94,0,1,5.03337446e-05,3.667172821e-05,-1.557949238e-05,5.03337446e-05,-0.0002471147175,-3.523362122e-05,0,0,0,0,0,0,6.950850445e-06,0,0,-0.000254065568,-0.00293371852,-0.02845491599,11.54726566,0,-0.002933693273,0.02845491599,0.0008904612492,-0.03387642712,1.000247115,-0.0002274542045,5.321069289,0.03387642712,0.0002274542045,5.356063632,5.356063632,0.01597753259,0.2410228634,-4.314320966e-06,-6.759102847e-05,1.869539085e-05,-4.649879263e-05,0.2410228634,-0.0001140898211,-4.314320966e-06,-6.759102847e-05,1.869539085e-05,-4.649879263e-05,0.2410228634,-0.0001140898211,0,0,0,0,0,0
12.95,0,1,5.05734291e-05,3.643204371e-05,-1.581917688e-05,5.08131136e-05,-0.000247833771,-3.475425223e-05,0,0,0,0,0,0,6.950850445e-06,0,0,-0.0002547846215,-0.002942021622,-0.02853544633,11.54726714,0,-0.002941996161,0.02853544633,0.002260197064,-0.0339723096,1.000247834,-0.0002278760437,5.336128464,0.0339723096,0.0002278760437,5.372588846,5.372588846,0.01596196794,0.2417664981,-4.793689962e-06,-6.711165947e-05,1.917475985e-05,-4.745753063e-05,0.2417664981,-0.0001150485591,-4.793689962e-06,-6.711165947e-05,1.917475985e-05,-4.745753063e-05,0.2417664981,-0.0001150485591,0,0,0,0,0,0
12.96,0,1,5.129248259e-05,3.619235921e-05,-1.557949238e-05,5.05734291e-05,-0.0002466353486,-3.547330572e-05,0,0,0,0,0,0,6.950850445e-06,0,0,-0.000253586199,-0.002928183119,-0.02840122908,11.54726468,0,-0.002928158015,0.02840122908,-0.0004529819738,-0.03381250549,1.000246635,-0.0002265827208,5.311029837,0.03381250549,0.0002265827208,5.344615944,5.344615944,0.01594641702,0.2405077175,-6.231796951e-06,-6.663229047e-05,1.869539085e-05,-4.697816163e-05,0.2405077175,-0.0001136104521,-6.231796951e-06,-6.663229047e-05,1.869539085e-05,-4.697816163e-05,0.2405077175,-0.0001136104521,0,0,0,0,0,0
12.97,0,1,5.08131136e-05,3.667172821e-05,-1.605886137e-05,5.10527981e-05,-0.0002463956641,-3.475425223e-05,0,0,0,0,0,0,6.950850445e-06,0,0,-0.0002533465145,-0.002925415418,-0.02837438562,11.54726418,0,-0.002925390386,0.02837438562,-0.000756068334,-0.03378054468,1.000246396,-0.0002261478995,5.306010111,0.03378054468,0.0002261478995,5.339260735,5.339260735,0.01593087989,0.2402667331,-5.273058958e-06,-6.759102847e-05,1.965412884e-05,-4.793689962e-05,0.2402667331,-0.0001150485591,-5.273058958e-06,-6.759102847e-05,1.965412884e-05,-4.793689962e-05,0.2402667331,-0.0001150485591,0,0,0,0,0,0
12.98,0,1,5.129248259e-05,3.643204371e-05,-1.581917688e-05,5.10527981e-05,-0.0002466353486,-3.523362122e-05,0,0,0,0,0,0,6.950850445e-06,0,0,-0.000253586199,-0.002928183119,-0.02840122908,11.54726468,0,-0.002928158015,0.02840122908,-0.0001998889397,-0.03381250549,1.000246635,-0.0002261414266,5.311029837,0.03381250549,0.0002261414266,5.344868595,5.344868595,0.01591535974,0.2405190868,-6.231796951e-06,-6.711165947e-05,1.917475985e-05,-4.793689962e-05,0.2405190868,-0.0001140898211,-6.231796951e-06,-6.711165947e-05,1.917475985e-05,-4.793689962e-05,0.2405190868,-0.0001140898211,0,0,0,0,0,0
12.99,0,1,5.177185159e-05,3.499393672e-05,-1.557949238e-05,5.153216709e-05,-0.0002466353486,-3.523362122e-05,0,0.001047197551,0,0,0,0,6.950850445e-06,0,0,-0.000253586199,-0.002928183119,-0.02840122908,11.54726468,0,-0.002928158015,0.02840122908,-0.0003006307641,-0.03381250549,1.000246635,-0.0002259211325,5.311029837,0.03381250549,0.0002259211325,5.344767633,5.344767633,0.01589985594,0.2405145435,-7.190534943e-06,-0.0001689552006,1.869539085e-05,-4.889563761e-05,0.2405145435,-0.0001140898211,-7.190534943e-06,-0.0001689552006,1.869539085e-05,-4.889563761e-05,0.2405145435,-0.0001140898211,0,0,0,0,0,0
13,0,1,5.177185159e-05,3.571299022e-05,-1.533980788e-05,5.08131136e-05,-0.0002475940865,-3.523362122e-05,0,0,0,0,0,0,6.950850445e-06,0,0,-0.000254544937,-0.002939253921,-0.02850860288,11.54726664,0,-0.002939228532,0.02850860288,0.001807303569,-0.03394034877,1.000247594,-0.0002265547738,5.331108739,0.03394034877,0.0002265547738,5.367082946,5.367082946,0.01588436757,0.2415187326,-7.190534943e-06,-6.567355248e-05,1.821602186e-05,-4.745753063e-05,0.2415187326,-0.0001140898211,-7.190534943e-06,-6.567355248e-05,1.821602186e-05,-4.745753063e-05,0.2415187326,-0.0001140898211,0,0,0,0,0,0
13.01,0,1,5.00940601e-05,3.667172821e-05,-1.510012338e-05,5.201153609e-05,-0.0002471147175,-3.523362122e-05,0,0,0,0,0,0,6.950850445e-06,0,0,-0.000254065568,-0.00293371852,-0.02845491599,11.54726566,0,-0.002933693273,0.02845491599,0.000629595284,-0.03387642712,1.000247115,-0.0002259076466,5.321069289,0.03387642712,0.0002259076466,5.355801219,5.355801219,0.01586889482,0.2410110549,-3.83495197e-06,-6.759102847e-05,1.773665286e-05,-4.985437561e-05,0.2410110549,-0.0001140898211,-3.83495197e-06,-6.759102847e-05,1.773665286e-05,-4.985437561e-05,0.2410110549,-0.0001140898211,0,0,0,0,0,0
13.02,0,1,5.08131136e-05,3.643204371e-05,-1.581917688e-05,5.177185159e-05,-0.0002471147175,-3.571299022e-05,0,0,0,0,0,0,6.950850445e-06,0,0,-0.000254065568,-0.00293371852,-0.02845491599,11.54726566,0,-0.002933693273,0.02845491599,0.0005958682236,-0.03387642712,1.000247115,-0.0002256875949,5.321069289,0.03387642712,0.0002256875949,5.355767272,5.355767272,0.01585343731,0.2410095272,-5.273058958e-06,-6.711165947e-05,1.917475985e-05,-4.937500661e-05,0.2410095272,-0.0001131310831,-5.273058958e-06,-6.711165947e-05,1.917475985e-05,-4.937500661e-05,0.2410095272,-0.0001131310831,0,0,0,0,0,0
13.03,0,1,5.05734291e-05,3.715109721e-05,-1.533980788e-05,5.153216709e-05,-0.0002468750331,-3.571299022e-05,0,0,0,0,0,0,6.950850445e-06,0,0,-0.0002538258835,-0.002930950819,-0.02842807253,11.54726517,0,-0.002930925644,0.02842807253,-2.673054174e-05,-0.0338444663,1.000246875,-0.0002252549626,5.316049564,0.0338444663,0.0002252549626,5.350092554,5.350092554,0.01583799564,0.2407541649,-4.793689962e-06,-6.854976646e-05,1.821602186e-05,-4.889563761e-05,0.2407541649,-0.0001131310831,-4.793689962e-06,-6.854976646e-05,1.821602186e-05,-4.889563761e-05,0.2407541649,-0.0001131310831,0,0,0,0,0,0
13.04,0,1,5.201153609e-05,3.667172821e-05,-1.533980788e-05,5.153216709e-05,-0.0002468750331,-3.523362122e-05,0,0,0,0,0,0,6.950850445e-06,0,0,-0.0002538258835,-0.002930950819,-0.02842807253,11.54726517,0,-0.002930925644,0.02842807253,4.98964927e-05,-0.0338444663,1.000246875,-0.0002250355481,5.316049564,0.0338444663,0.0002250355481,5.350168962,5.350168962,0.01582256833,0.2407576033,-7.669903939e-06,-6.759102847e-05,1.821602186e-05,-4.889563761e-05,0.2407576033,-0.0001140898211,-7.669903939e-06,-6.759102847e-05,1.821602186e-05,-4.889563761e-05,0.2407576033,-0.0001140898211,0,0,0,0,0,0
13.05,0,1,5.08131136e-05,3.619235921e-05,-1.605886137e-05,5.201153609e-05,-0.0002471147175,-3.499393672e-05,0,0,0,0,0,0,6.950850445e-06,0,0,-0.000254065568,-0.00293371852,-0.02845491599,11.54726566,0,-0.002933693273,0.02845491599,0.000574737418,-0.03387642712,1.000247115,-0.0002250287531,5.321069289,0.03387642712,0.0002250287531,5.355745483,5.355745483,0.01580715705,0.2410085467,-5.273058958e-06,-6.663229047e-05,1.965412884e-05,-4.985437561e-05,0.2410085467,-0.0001145691901,-5.273058958e-06,-6.663229047e-05,1.965412884e-05,-4.985437561e-05,0.2410085467,-0.0001145691901,0,0,0,0,0,0
13.06,0,1,5.08131136e-05,3.715109721e-05,-1.557949238e-05,5.225122059e-05,-0.0002463956641,-3.547330572e-05,0,0,0,0,0,0,6.950850445e-06,0,0,-0.0002533465145,-0.002925415418,-0.02837438562,11.54726418,0,-0.002925390386,0.02837438562,-0.001062581769,-0.03378054468,1.000246396,-0.0002241730231,5.306010111,0.03378054468,0.0002241730231,5.338952247,5.338952247,0.01579176103,0.2402528511,-5.273058958e-06,-6.854976646e-05,1.869539085e-05,-5.03337446e-05,0.2402528511,-0.0001136104521,-5.273058958e-06,-6.854976646e-05,1.869539085e-05,-5.03337446e-05,0.2402528511,-0.0001136104521,0,0,0,0,0,0
13.07,0,1,4.985437561e-05,3.667172821e-05,-1.557949238e-05,5.08131136e-05,-0.0002471147175,-3.571299022e-05,0,0,0,0,0,0,6.950850445e-06,0,0,-0.000254065568,-0.00293371852,-0.02845491599,11.54726566,0,-0.002933693273,0.02845491599,0.0005045788486,-0.03387642712,1.000247115,-0.0002245906278,5.321069289,0.03387642712,0.0002245906278,5.355674886,5.355674886,0.015776381,0.2410053699,-3.355582973e-06,-6.759102847e-05,1.869539085e-05,-4.745753063e-05,0.2410053699,-0.0001131310831,-3.355582973e-06,-6.759102847e-05,1.869539085e-05,-4.745753063e-05,0.2410053699,-0.0001131310831,0,0,0,0,0,0
13.08,0,1,5.00940601e-05,3.715109721e-05,-1.533980788e-05,5.153216709e-05,-0.0002468750331,-3.499393672e-05,0,0,0,0.001047197551,0,0,6.950850445e-06,0,0,-0.0002538258835,-0.002930950819,-0.02842807253,11.54726517,0,-0.002930925644,0.02842807253,-0.0001669239933,-0.0338444663,1.000246875,-0.0002241601329,5.316049564,0.0338444663,0.0002241601329,5.349951266,5.349951266,0.01576101681,0.240747807,-3.83495197e-06,-6.854976646e-05,1.821602186e-05,-0.0001536153927,0.240747807,-0.0001145691901,-3.83495197e-06,-6.854976646e-05,1.821602186e-05,-0.0001536153927,0.240747807,-0.0001145691901,0,0,0,0,0,0
13.09,0,1,5.08131136e-05,3.571299022e-05,-1.581917688e-05,5.153216709e-05,-0.0002461559796,-3.475425223e-05,0,0,0,0,0,0,6.950850445e-06,0,0,-0.00025310683,-0.002922647718,-0.02834754216,11.54726369,0,-0.002922622757,0.02834754216,-0.001677917933,-0.03374858388,1.000246156,-0.0002233070754,5.300990384,0.03374858388,0.0002233070754,5.333284357,5.333284357,0.01574566345,0.2399977961,-5.273058958e-06,-6.567355248e-05,1.917475985e-05,-4.889563761e-05,0.2399977961,-0.0001150485591,-5.273058958e-06,-6.567355248e-05,1.917475985e-05,-4.889563761e-05,0.2399977961,-0.0001150485591,0,0,0,0,0,0
13.1,0,1,4.985437561e-05,3.643204371e-05,-1.557949238e-05,5.153216709e-05,-0.0002463956641,-3.499393672e-05,0,0,0,0.001047197551,0,0,6.950850445e-06,0,0,-0.0002533465145,-0.002925415418,-0.02837438562,11.54726418,0,-0.002925390386,0.02837438562,-0.000937589802,-0.03378054468,1.000246396,-0.0002233009384,5.306010111,0.03378054468,0.0002233009384,5.339076367,5.339076367,0.0157303276,0.2402584365,-3.355582973e-06,-6.711165947e-05,1.869539085e-05,-0.0001536153927,0.2402584365,-0.0001145691901,-3.355582973e-06,-6.711165947e-05,1.869539085e-05,-0.0001536153927,0.2402584365,-0.0001145691901,0,0,0,0,0,0
13.11,0,1,5.03337446e-05,3.715109721e-05,-1.557949238e-05,5.297027408e-05,-0.0002466353486,-3.523362122e-05,0,0,0,0,0,0,6.950850445e-06,0,0,-0.000253586199,-0.002928183119,-0.02840122908,11.54726468,0,-0.002928158015,0.02840122908,-0.0001994944768,-0.03381250549,1.000246635,-0.0002232946029,5.311029837,0.03381250549,0.0002232946029,5.344866143,5.344866143,0.01571500676,0.2405189764,-4.314320966e-06,-6.854976646e-05,1.869539085e-05,-5.177185159e-05,0.2405189764,-0.0001140898211,-4.314320966e-06,-6.854976646e-05,1.869539085e-05,-5.177185159e-05,0.2405189764,-0.0001140898211,0,0,0,0,0,0
13.12,0,1,5.10527981e-05,3.81098352e-05,-1.557949238e-05,5.153216709e-05,-0.0002471147175,-3.547330572e-05,0,0,0,0,0,0,6.950850445e-06,0,0,-0.000254065568,-0.00293371852,-0.02845491599,11.54726566,0,-0.002933693273,0.02845491599,0.0009020419132,-0.03387642712,1.000247115,-0.0002234990377,5.321069289,0.03387642712,0.0002234990377,5.356071257,5.356071257,0.01569970239,0.2410232066,-5.752427955e-06,-7.046724244e-05,1.869539085e-05,-4.889563761e-05,0.2410232066,-0.0001136104521,-5.752427955e-06,-7.046724244e-05,1.869539085e-05,-4.889563761e-05,0.2410232066,-0.0001136104521,0,0,0,0,0,0
13.13,0,1,5.153216709e-05,3.76304662e-05,-1.414138539e-05,5.129248259e-05,-0.0002466353486,-3.451456773e-05,0,0,0,0,0,0,6.950850445e-06,0,0,-0.000253586199,-0.002928183119,-0.02840122908,11.54726468,0,-0.002928158015,0.02840122908,-0.0003111857803,-0.03381250549,1.000246635,-0.0002228599123,5.311029837,0.03381250549,0.0002228599123,5.344754017,5.344754017,0.01568441423,0.2405139308,-6.711165947e-06,-6.950850445e-05,1.581917688e-05,-4.841626862e-05,0.2405139308,-0.0001155279281,-6.711165947e-06,-6.950850445e-05,1.581917688e-05,-4.841626862e-05,0.2405139308,-0.0001155279281,0,0,0,0,0,0
13.14,0,1,5.08131136e-05,3.715109721e-05,-1.486043888e-05,5.129248259e-05,-0.0002471147175,-3.523362122e-05,0,0,0,0,0,0,6.950850445e-06,0,0,-0.000254065568,-0.00293371852,-0.02845491599,11.54726566,0,-0.002933693273,0.02845491599,0.0006208985894,-0.03387642712,1.000247115,-0.000223063981,5.321069289,0.03387642712,0.000223063981,5.355789679,5.355789679,0.01566914188,0.2410105356,-5.273058958e-06,-6.854976646e-05,1.725728386e-05,-4.841626862e-05,0.2410105356,-0.0001140898211,-5.273058958e-06,-6.854976646e-05,1.725728386e-05,-4.841626862e-05,0.2410105356,-0.0001140898211,0,0,0,0,0,0
13.15,0,1,5.03337446e-05,3.691141271e-05,-1.510012338e-05,5.10527981e-05,-0.0002463956641,-3.571299022e-05,0,0,0,0,0,0,6.950850445e-06,0,0,-0.0002533465145,-0.002925415418,-0.02837438562,11.54726418,0,-0.002925390386,0.02837438562,-0.0009771400515,-0.03378054468,1.000246396,-0.0002222157683,5.306010111,0.03378054468,0.0002222157683,5.339035731,5.339035731,0.0156538835,0.2402566079,-4.314320966e-06,-6.807039746e-05,1.773665286e-05,-4.793689962e-05,0.2402566079,-0.0001131310831,-4.314320966e-06,-6.807039746e-05,1.773665286e-05,-4.793689962e-05,0.2402566079,-0.0001131310831,0,0,0,0,0,0
13.16,0,1,5.08131136e-05,3.73907817e-05,-1.533980788e-05,5.177185159e-05,-0.0002459162951,-3.499393672e-05,0,0,0,0,0,0,6.950850445e-06,0,0,-0.0002528671455,-0.002919880018,-0.0283206987,11.5472632,0,-0.002919855127,0.0283206987,-0.001912086652,-0.03371662309,1.000245916,-0.0002215791156,5.295970657,0.03371662309,0.0002215791156,5.327996772,5.327996772,0.01563863939,0.2397598547,-5.273058958e-06,-6.902913545e-05,1.821602186e-05,-4.937500661e-05,0.2397598547,-0.0001145691901,-5.273058958e-06,-6.902913545e-05,1.821602186e-05,-4.937500661e-05,0.2397598547,-0.0001145691901,0,0,0,0,0,0
13.17,0,1,5.201153609e-05,3.595267472e-05,-1.486043888e-05,5.153216709e-05,-0.0002461559796,-3.451456773e-05,0,0,0,0,0,0,6.950850445e-06,0,0,-0.00025310683,-0.002922647718,-0.02834754216,11.54726369,0,-0.002922622757,0.02834754216,-0.001252184563,-0.03374858388,1.000246156,-0.0002215732657,5.300990384,0.03374858388,0.0002215732657,5.333708357,5.333708357,0.01562341066,0.240016876,-7.669903939e-06,-6.615292148e-05,1.725728386e-05,-4.889563761e-05,0.240016876,-0.0001155279281,-7.669903939e-06,-6.615292148e-05,1.725728386e-05,-4.889563761e-05,0.240016876,-0.0001155279281,0,0,0,0,0,0
13.18,0,1,5.177185159e-05,3.595267472e-05,-1.438106989e-05,5.153216709e-05,-0.0002466353486,-3.499393672e-05,0,0,0,0,0,0,6.950850445e-06,0,0,-0.000253586199,-0.002928183119,-0.02840122908,11.54726468,0,-0.002928158015,0.02840122908,-0.0003738884708,-0.03381250549,1.000246635,-0.0002217770187,5.311029837,0.03381250549,0.0002217770187,5.344690231,5.344690231,0.01560820264,0.2405110604,-7.190534943e-06,-6.615292148e-05,1.629854587e-05,-4.889563761e-05,0.2405110604,-0.0001145691901,-7.190534943e-06,-6.615292148e-05,1.629854587e-05,-4.889563761e-05,0.2405110604,-0.0001145691901,0,0,0,0,0,0
13.19,0,1,5.225122059e-05,3.667172821e-05,-1.533980788e-05,5.249090509e-05,-0.0002463956641,-3.523362122e-05,0,0.001047197551,0,0,0,0,6.950850445e-06,0,0,-0.0002533465145,-0.002925415418,-0.02837438562,11.54726418,0,-0.002925390386,0.02837438562,-0.0009079079126,-0.03378054468,1.000246396,-0.0002213515647,5.306010111,0.03378054468,0.0002213515647,5.339104099,5.339104099,0.01559300525,0.2402596845,-8.149272936e-06,-0.0001723107836,1.821602186e-05,-5.08131136e-05,0.2402596845,-0.0001140898211,-8.149272936e-06,-0.0001723107836,1.821602186e-05,-5.08131136e-05,0.2402596845,-0.0001140898211,0,0,0,0,0,0
13.2,0,1,5.153216709e-05,3.691141271e-05,-1.533980788e-05,5.249090509e-05,-0.0002463956641,-3.523362122e-05,0,0,0,0,0,0,6.950850445e-06,0,0,-0.0002533465145,-0.002925415418,-0.02837438562,11.54726418,0,-0.002925390386,0.02837438562,-0.0007220515709,-0.03378054468,1.000246396,-0.0002211360247,5.306010111,0.03378054468,0.0002211360247,5.33928974,5.33928974,0.01557782168,0.2402680383,-6.711165947e-06,-6.807039746e-05,1.821602186e-05,-5.08131136e-05,0.2402680383,-0.0001140898211,-6.711165947e-06,-6.807039746e-05,1.821602186e-05,-5.08131136e-05,0.2402680383,-0.0001140898211,0,0,0,0,0,0
13.21,0,1,5.10527981e-05,3.643204371e-05,-1.605886137e-05,5.129248259e-05,-0.0002468750331,-3.571299022e-05,0,0,0,0,0,0,6.950850445e-06,0,0,-0.0002538258835,-0.002930950819,-0.02842807253,11.54726517,0,-0.002930925644,0.02842807253,0.0004472708465,-0.0338444663,1.000246875,-0.0002213389642,5.316049564,0.0338444663,0.0002213389642,5.35056264,5.35056264,0.01556265694,0.2407753188,-5.752427955e-06,-6.711165947e-05,1.965412884e-05,-4.841626862e-05,0.2407753188,-0.0001131310831,-5.752427955e-06,-6.711165947e-05,1.965412884e-05,-4.841626862e-05,0.2407753188,-0.0001131310831,0,0,0,0,0,0
13.22,0,1,5.08131136e-05,3.619235921e-05,-1.605886137e-05,5.273058958e-05,-0.0002459162951,-3.595267472e-05,0,0,0,0,0,0,6.950850445e-06,0,0,-0.0002528671455,-0.002919880018,-0.0283206987,11.5472632,0,-0.002919855127,0.0283206987,-0.00176057309,-0.03371662309,1.000245916,-0.0002202878559,5.295970657,0.03371662309,0.0002202878559,5.328146994,5.328146994,0.01554750493,0.2397666147,-5.273058958e-06,-6.663229047e-05,1.965412884e-05,-5.129248259e-05,0.2397666147,-0.0001126517141,-5.273058958e-06,-6.663229047e-05,1.965412884e-05,-5.129248259e-05,0.2397666147,-0.0001126517141,0,0,0,0,0,0
13.23,0,1,5.08131136e-05,3.643204371e-05,-1.605886137e-05,5.153216709e-05,-0.0002461559796,-3.451456773e-05,0,0,0,0,0,0,6.950850445e-06,0,0,-0.00025310683,-0.002922647718,-0.02834754216,11.54726369,0,-0.002922622757,0.02834754216,-0.001009080914,-0.03374858388,1.000246156,-0.0002202820604,5.300990384,0.03374858388,0.0002202820604,5.333950169,5.333950169,0.01553236638,0.2400277576,-5.273058958e-06,-6.711165947e-05,1.965412884e-05,-4.889563761e-05,0.2400277576,-0.0001155279281,-5.273058958e-06,-6.711165947e-05,1.965412884e-05,-4.889563761e-05,0.2400277576,-0.0001155279281,0,0,0,0,0,0
13.24,0,1,5.153216709e-05,3.691141271e-05,-1.581917688e-05,5.153216709e-05,-0.0002468750331,-3.499393672e-05,0,0,0,0,0,0,6.950850445e-06,0,0,-0.0002538258835,-0.002930950819,-0.02842807253,11.54726517,0,-0.002930925644,0.02842807253,0.0005894499324,-0.0338444663,1.000246875,-0.0002206930876,5.316049564,0.0338444663,0.0002206930876,5.350704173,5.350704173,0.01551724456,0.2407816878,-6.711165947e-06,-6.807039746e-05,1.917475985e-05,-4.889563761e-05,0.2407816878,-0.0001145691901,-6.711165947e-06,-6.807039746e-05,1.917475985e-05,-4.889563761e-05,0.2407816878,-0.0001145691901,0,0,0,0,0,0
13.25,0,1,5.153216709e-05,3.643204371e-05,-1.438106989e-05,5.225122059e-05,-0.0002466353486,-3.475425223e-05,0,0,0,0,0,0,6.950850445e-06,0,0,-0.000253586199,-0.002928183119,-0.02840122908,11.54726468,0,-0.002928158015,0.02840122908,-0.0001237300061,-0.03381250549,1.000246635,-0.000220269954,5.311029837,0.03381250549,0.000220269954,5.344938883,5.344938883,0.01550213885,0.2405222497,-6.711165947e-06,-6.711165947e-05,1.629854587e-05,-5.03337446e-05,0.2405222497,-0.0001150485591,-6.711165947e-06,-6.711165947e-05,1.629854587e-05,-5.03337446e-05,0.2405222497,-0.0001150485591,0,0,0,0,0,0
13.26,0,1,5.08131136e-05,3.571299022e-05,-1.510012338e-05,5.225122059e-05,-0.0002471147175,-3.475425223e-05,0,0,0,0,0,0,6.950850445e-06,0,0,-0.000254065568,-0.00293371852,-0.02845491599,11.54726566,0,-0.002933693273,0.02845491599,0.0008417079149,-0.03387642712,1.000247115,-0.0002204717104,5.321069289,0.03387642712,0.0002204717104,5.356007896,5.356007896,0.01548704816,0.2410203553,-5.273058958e-06,-6.567355248e-05,1.773665286e-05,-5.03337446e-05,0.2410203553,-0.0001150485591,-5.273058958e-06,-6.567355248e-05,1.773665286e-05,-5.03337446e-05,0.2410203553,-0.0001150485591,0,0,0,0,0,0
13.27,0,1,5.08131136e-05,3.523362122e-05,-1.486043888e-05,5.177185159e-05,-0.0002471147175,-3.523362122e-05,0,0,0,0,0,0,6.950850445e-06,0,0,-0.000254065568,-0.00293371852,-0.02845491599,11.54726566,0,-0.002933693273,0.02845491599,0.0006956948835,-0.03387642712,1.000247115,-0.0002202570998,5.321069289,0.03387642712,0.0002202570998,5.355861668,5.355861668,0.01547197286,0.2410137751,-5.273058958e-06,-6.471481449e-05,1.725728386e-05,-4.937500661e-05,0.2410137751,-0.0001140898211,-5.273058958e-06,-6.471481449e-05,1.725728386e-05,-4.937500661e-05,0.2410137751,-0.0001140898211,0,0,0,0,0,0
13.28,0,1,5.08131136e-05,3.571299022e-05,-1.462075438e-05,5.03337446e-05,-0.0002466353486,-3.523362122e-05,0,0,0,0,0,0,6.950850445e-06,0,0,-0.000253586199,-0.002928183119,-0.02840122908,11.54726468,0,-0.002928158015,0.02840122908,-0.0004643141328,-0.03381250549,1.000246635,-0.0002196273274,5.311029837,0.03381250549,0.0002196273274,5.344597656,5.344597656,0.01545691225,0.2405068945,-5.273058958e-06,-6.567355248e-05,1.677791487e-05,-4.649879263e-05,0.2405068945,-0.0001140898211,-5.273058958e-06,-6.567355248e-05,1.677791487e-05,-4.649879263e-05,0.2405068945,-0.0001140898211,0,0,0,0,0,0
13.29,0,1,5.08131136e-05,3.691141271e-05,-1.510012338e-05,5.10527981e-05,-0.0002459162951,-3.499393672e-05,0,0,0,0,0,0,6.950850445e-06,0,0,-0.0002528671455,-0.002919880018,-0.0283206987,11.5472632,0,-0.002919855127,0.0283206987,-0.001905453015,-0.03371662309,1.000245916,-0.0002187910691,5.295970657,0.03371662309,0.0002187910691,5.328000618,5.328000618,0.01544186479,0.2397600278,-5.273058958e-06,-6.807039746e-05,1.773665286e-05,-4.793689962e-05,0.2397600278,-0.0001145691901,-5.273058958e-06,-6.807039746e-05,1.773665286e-05,-4.793689962e-05,0.2397600278,-0.0001145691901,0,0,0,0,0,0
13.3,0,1,5.05734291e-05,3.667172821e-05,-1.510012338e-05,5.177185159e-05,-0.0002463956641,-3.451456773e-05,0,0,0,0,0,0,6.950850445e-06,0,0,-0.0002533465145,-0.002925415418,-0.02837438562,11.54726418,0,-0.002925390386,0.02837438562,-0.0007002159341,-0.03378054468,1.000246396,-0.0002189926455,5.306010111,0.03378054468,0.0002189926455,5.339309432,5.339309432,0.01542683275,0.2402689245,-4.793689962e-06,-6.759102847e-05,1.773665286e-05,-4.937500661e-05,0.2402689245,-0.0001155279281,-4.793689962e-06,-6.759102847e-05,1.773665286e-05,-4.937500661e-05,0.2402689245,-0.0001155279281,0,0,0,0,0,0
13.31,0,1,5.10527981e-05,3.715109721e-05,-1.533980788e-05,5.153216709e-05,-0.0002466353486,-3.451456773e-05,0,0,0,0,0,0,6.950850445e-06,0,0,-0.000253586199,-0.002928183119,-0.02840122908,11.54726468,0,-0.002928158015,0.02840122908,-0.0001656948252,-0.03381250549,1.000246635,-0.0002189865599,5.311029837,0.03381250549,0.0002189865599,5.344895635,5.344895635,0.01541181649,0.2405203036,-5.752427955e-06,-6.854976646e-05,1.821602186e-05,-4.889563761e-05,0.2405203036,-0.0001155279281,-5.752427955e-06,-6.854976646e-05,1.821602186e-05,-4.889563761e-05,0.2405203036,-0.0001155279281,0,0,0,0,0,0
13.32,0,1,5.153216709e-05,3.691141271e-05,-1.557949238e-05,5.129248259e-05,-0.0002463956641,-3.547330572e-05,0,0,0,0,0,0,6.950850445e-06,0,0,-0.0002533465145,-0.002925415418,-0.02837438562,11.54726418,0,-0.002925390386,0.02837438562,-0.0007396195816,-0.03378054468,1.000246396,-0.0002185665311,5.306010111,0.03378054468,0.0002185665311,5.339269603,5.339269603,0.0153968154,0.2402671321,-6.711165947e-06,-6.807039746e-05,1.869539085e-05,-4.841626862e-05,0.2402671321,-0.0001136104521,-6.711165947e-06,-6.807039746e-05,1.869539085e-05,-4.841626862e-05,0.2402671321,-0.0001136104521,0,0,0,0,0,0
13.33,0,1,5.153216709e-05,3.571299022e-05,-1.438106989e-05,5.10527981e-05,-0.0002466353486,-3.475425223e-05,0,0,0,0,0,0,6.950850445e-06,0,0,-0.000253586199,-0.002928183119,-0.02840122908,11.54726468,0,-0.002928158015,0.02840122908,-8.704695954e-05,-0.03381250549,1.000246635,-0.0002185604566,5.311029837,0.03381250549,0.0002185604566,5.344973856,5.344973856,0.01538182831,0.2405238235,-6.711165947e-06,-6.567355248e-05,1.629854587e-05,-4.793689962e-05,0.2405238235,-0.0001150485591,-6.711165947e-06,-6.567355248e-05,1.629854587e-05,-4.793689962e-05,0.2405238235,-0.0001150485591,0,0,0,0,0,0
13.34,0,1,5.10527981e-05,3.571299022e-05,-1.462075438e-05,5.05734291e-05,-0.0002466353486,-3.475425223e-05,0,0,0,0,0,0,6.950850445e-06,0,0,-0.000253586199,-0.002928183119,-0.02840122908,11.54726468,0,-0.002928158015,0.02840122908,-0.0001248045047,-0.03381250549,1.000246635,-0.0002183477303,5.311029837,0.03381250549,0.0002183477303,5.344935886,5.344935886,0.01536685712,0.2405221149,-5.752427955e-06,-6.567355248e-05,1.677791487e-05,-4.697816163e-05,0.2405221149,-0.0001150485591,-5.752427955e-06,-6.567355248e-05,1.677791487e-05,-4.697816163e-05,0.2405221149,-0.0001150485591,0,0,0,0,0,0
13.35,0,1,5.08131136e-05,3.619235921e-05,-1.533980788e-05,5.201153609e-05,-0.0002468750331,-3.547330572e-05,0,0,0,0,0,0,6.950850445e-06,0,0,-0.0002538258835,-0.002930950819,-0.02842807253,11.54726517,0,-0.002930925644,0.02842807253,0.0003303990501,-0.0338444663,1.000246875,-0.0002183414974,5.316049564,0.0338444663,0.0002183414974,5.35044277,5.35044277,0.01535190135,0.2407699247,-5.273058958e-06,-6.663229047e-05,1.821602186e-05,-4.985437561e-05,0.2407699247,-0.0001136104521,-5.273058958e-06,-6.663229047e-05,1.821602186e-05,-4.985437561e-05,0.2407699247,-0.0001136104521,0,0,0,0,0,0
13.36,0,1,5.10527981e-05,3.643204371e-05,-1.510012338e-05,5.129248259e-05,-0.0002471147175,-3.499393672e-05,0,0,0,0,0,0,6.950850445e-06,0,0,-0.000254065568,-0.00293371852,-0.02845491599,11.54726566,0,-0.002933693273,0.02845491599,0.0006957676725,-0.03387642712,1.000247115,-0.0002183350876,5.321069289,0.03387642712,0.0002183350876,5.355859819,5.355859819,0.01533696136,0.2410136919,-5.752427955e-06,-6.711165947e-05,1.773665286e-05,-4.841626862e-05,0.2410136919,-0.0001145691901,-5.752427955e-06,-6.711165947e-05,1.773665286e-05,-4.841626862e-05,0.2410136919,-0.0001145691901,0,0,0,0,0,0
13.37,0,1,5.08131136e-05,3.571299022e-05,-1.557949238e-05,5.129248259e-05,-0.0002466353486,-3.499393672e-05,0,0,0,0,0,0.001047197551,6.950850445e-06,0,0,-0.000253586199,-0.002928183119,-0.02840122908,11.54726468,0,-0.002928158015,0.02840122908,-0.0004455427185,-0.03381250549,1.000246635,-0.0002177108588,5.311029837,0.03381250549,0.0002177108588,5.344614511,5.344614511,0.01532203555,0.240507653,-5.273058958e-06,-6.567355248e-05,1.869539085e-05,-4.841626862e-05,0.240507653,-0.0002192889452,-5.273058958e-06,-6.567355248e-05,1.869539085e-05,-4.841626862e-05,0.240507653,-0.0002192889452,0,0,0,0,0,0
13.38,0,1,5.00940601e-05,3.523362122e-05,-1.557949238e-05,5.08131136e-05,-0.0002461559796,-3.595267472e-05,0,0,0,0,0,0,6.950850445e-06,0,0,-0.00025310683,-0.002922647718,-0.02834754216,11.54726369,0,-0.002922622757,0.02834754216,-0.00130809413,-0.03374858388,1.000246156,-0.0002170876153,5.300990384,0.03374858388,0.0002170876153,5.333647961,5.333647961,0.0153071226,0.2400141583,-3.83495197e-06,-6.471481449e-05,1.869539085e-05,-4.745753063e-05,0.2400141583,-0.0001126517141,-3.83495197e-06,-6.471481449e-05,1.869539085e-05,-4.745753063e-05,0.2400141583,-0.0001126517141,0,0,0,0,0,0
13.39,0,1,5.08131136e-05,3.619235921e-05,-1.533980788e-05,5.153216709e-05,-0.0002463956641,-3.547330572e-05,0,0,0,0,0,0,6.950850445e-06,0,0,-0.0002533465145,-0.002925415418,-0.02837438562,11.54726418,0,-0.002925390386,0.02837438562,-0.0006319320355,-0.03378054468,1.000246396,-0.0002170818073,5.306010111,0.03378054468,0.0002170818073,5.339375805,5.339375805,0.01529222501,0.2402719112,-5.273058958e-06,-6.663229047e-05,1.821602186e-05,-4.889563761e-05,0.2402719112,-0.0001136104521,-5.273058958e-06,-6.663229047e-05,1.821602186e-05,-4.889563761e-05,0.2402719112,-0.0001136104521,0,0,0,0,0,0
13.4,0,1,5.03337446e-05,3.73907817e-05,-1.533980788e-05,5.225122059e-05,-0.0002461559796,-3.475425223e-05,0,0,0,0,0,0,6.950850445e-06,0,0,-0.00025310683,-0.002922647718,-0.02834754216,11.54726369,0,-0.002922622757,0.02834754216,-0.00117431407,-0.03374858388,1.000246156,-0.000216665277,5.300990384,0.03374858388,0.000216665277,5.333781319,5.333781319,0.01527734307,0.2400201594,-4.314320966e-06,-6.902913545e-05,1.821602186e-05,-5.03337446e-05,0.2400201594,-0.0001150485591,-4.314320966e-06,-6.902913545e-05,1.821602186e-05,-5.03337446e-05,0.2400201594,-0.0001150485591,0,0,0,0,0,0
13.41,0,1,5.03337446e-05,3.78701507e-05,-1.510012338e-05,5.273058958e-05,-0.0002468750331,-3.523362122e-05,0,0,0,0,0,0,6.950850445e-06,0,0,-0.0002538258835,-0.002930950819,-0.02842807253,11.54726517,0,-0.002930925644,0.02842807253,0.0004866559922,-0.0338444663,1.000246875,-0.0002170696505,5.316049564,0.0338444663,0.0002170696505,5.350597755,5.350597755,0.01526247621,0.240776899,-4.314320966e-06,-6.998787345e-05,1.773665286e-05,-5.129248259e-05,0.240776899,-0.0001140898211,-4.314320966e-06,-6.998787345e-05,1.773665286e-05,-5.129248259e-05,0.240776899,-0.0001140898211,0,0,0,0,0,0
13.42,0,1,5.08131136e-05,3.715109721e-05,-1.438106989e-05,5.153216709e-05,-0.0002466353486,-3.499393672e-05,0,0,0,0,0,0,6.950850445e-06,0,0,-0.000253586199,-0.002928183119,-0.02840122908,11.54726468,0,-0.002928158015,0.02840122908,-0.0001447184417,-0.03381250549,1.000246635,-0.000216653552,5.311029837,0.03381250549,0.000216653552,5.344914278,5.344914278,0.0152476247,0.2405211425,-5.273058958e-06,-6.854976646e-05,1.629854587e-05,-4.889563761e-05,0.2405211425,-0.0001145691901,-5.273058958e-06,-6.854976646e-05,1.629854587e-05,-4.889563761e-05,0.2405211425,-0.0001145691901,0,0,0,0,0,0
13.43,0,1,5.00940601e-05,3.691141271e-05,-1.510012338e-05,5.177185159e-05,-0.0002468750331,-3.475425223e-05,0,0,0,0,0,0,6.950850445e-06,0,0,-0.0002538258835,-0.002930950819,-0.02842807253,11.54726517,0,-0.002930925644,0.02842807253,0.000407436516,-0.0338444663,1.000246875,-0.0002166474023,5.316049564,0.0338444663,0.0002166474023,5.350518114,5.350518114,0.01523278742,0.2407733151,-3.83495197e-06,-6.807039746e-05,1.773665286e-05,-4.937500661e-05,0.2407733151,-0.0001150485591,-3.83495197e-06,-6.807039746e-05,1.773665286e-05,-4.937500661e-05,0.2407733151,-0.0001150485591,0,0,0,0,0,0
13.44,0,1,5.00940601e-05,3.691141271e-05,-1.581917688e-05,5.177185159e-05,-0.0002463956641,-3.499393672e-05,0,0,0,0,0,0,6.950850445e-06,0,0,-0.0002533465145,-0.002925415418,-0.02837438562,11.54726418,0,-0.002925390386,0.02837438562,-0.0006827242618,-0.03378054468,1.000246396,-0.0002160276412,5.306010111,0.03378054468,0.0002160276412,5.339323959,5.339323959,0.01521796497,0.2402695782,-3.83495197e-06,-6.807039746e-05,1.917475985e-05,-4.937500661e-05,0.2402695782,-0.0001145691901,-3.83495197e-06,-6.807039746e-05,1.917475985e-05,-4.937500661e-05,0.2402695782,-0.0001145691901,0,0,0,0,0,0
13.45,0,1,5.03337446e-05,3.691141271e-05,-1.510012338e-05,5.03337446e-05,-0.0002468750331,-3.475425223e-05,0,0,0,-0.001047197551,0,0,6.950850445e-06,0,0,-0.0002538258835,-0.002930950819,-0.02842807253,11.54726517,0,-0.002930925644,0.02842807253,0.000379509806,-0.0338444663,1.000246875,-0.0002162259934,5.316049564,0.0338444663,0.0002162259934,5.350489766,5.350489766,0.01520315764,0.2407720395,-4.314320966e-06,-6.807039746e-05,1.773665286e-05,5.822096249e-05,0.2407720395,-0.0001150485591,-4.314320966e-06,-6.807039746e-05,1.773665286e-05,5.822096249e-05,0.2407720395,-0.0001150485591,0,0,0,0,0,0
13.46,0,1,5.129248259e-05,3.78701507e-05,-1.510012338e-05,5.08131136e-05,-0.0002471147175,-3.427488323e-05,0,0,0,0,0,0,6.950850445e-06,0,0,-0.000254065568,-0.00293371852,-0.02845491599,11.54726566,0,-0.002933693273,0.02845491599,0.00080825083,-0.03387642712,1.000247115,-0.000216219694,5.321069289,0.03387642712,0.000216219694,5.355970187,5.355970187,0.0151883658,0.2410186584,-6.231796951e-06,-6.998787345e-05,1.773665286e-05,-4.745753063e-05,0.2410186584,-0.0001160072971,-6.231796951e-06,-6.998787345e-05,1.773665286e-05,-4.745753063e-05,0.2410186584,-0.0001160072971,0,0,0,0,0,0
13.47,0,1,5.10527981e-05,3.73907817e-05,-1.510012338e-05,5.153216709e-05,-0.0002471147175,-3.547330572e-05,0,0,0,0,0,0,6.950850445e-06,0,0,-0.000254065568,-0.00293371852,-0.02845491599,11.54726566,0,-0.002933693273,0.02845491599,0.0007012443445,-0.03387642712,1.000247115,-0.0002160093302,5.321069289,0.03387642712,0.0002160093302,5.35586297,5.35586297,0.01517358882,0.2410138337,-5.752427955e-06,-6.902913545e-05,1.773665286e-05,-4.889563761e-05,0.2410138337,-0.0001136104521,-5.752427955e-06,-6.902913545e-05,1.773665286e-05,-4.889563761e-05,0.2410138337,-0.0001136104521,0,0,0,0,0,0
13.48,0,1,5.05734291e-05,3.73907817e-05,-1.581917688e-05,5.225122059e-05,-0.0002471147175,-3.475425223e-05,0,0,0,0,0,0,6.950850445e-06,0,0,-0.000254065568,-0.00293371852,-0.02845491599,11.54726566,0,-0.002933693273,0.02845491599,0.0006513168771,-0.03387642712,1.000247115,-0.0002157991723,5.321069289,0.03387642712,0.0002157991723,5.355812832,5.355812832,0.01515882631,0.2410115775,-4.793689962e-06,-6.902913545e-05,1.917475985e-05,-5.03337446e-05,0.2410115775,-0.0001150485591,-4.793689962e-06,-6.902913545e-05,1.917475985e-05,-5.03337446e-05,0.2410115775,-0.0001150485591,0,0,0,0,0,0
13.49,0,1,5.08131136e-05,3.715109721e-05,-1.557949238e-05,5.201153609e-05,-0.0002468750331,-3.595267472e-05,0,0,0,0,0,0,6.950850445e-06,0,0,-0.0002538258835,-0.002930950819,-0.02842807253,11.54726517,0,-0.002930925644,0.02842807253,9.402352363e-05,-0.0338444663,1.000246875,-0.0002153857391,5.316049564,0.0338444663,0.0002153857391,5.350203439,5.350203439,0.01514407832,0.2407591548,-5.273058958e-06,-6.854976646e-05,1.869539085e-05,-4.985437561e-05,0.2407591548,-0.0001126517141,-5.273058958e-06,-6.854976646e-05,1.869539085e-05,-4.985437561e-05,0.2407591548,-0.0001126517141,0,0,0,0,0,0
13.5,0,1,5.08131136e-05,3.73907817e-05,-1.510012338e-05,5.201153609e-05,-0.0002471147175,-3.523362122e-05,0,0,0,0,0,0,6.950850445e-06,0,0,-0.000254065568,-0.00293371852,-0.02845491599,11.54726566,0,-0.002933693273,0.02845491599,0.0005296903897,-0.03387642712,1.000247115,-0.0002153794908,5.321069289,0.03387642712,0.0002153794908,5.355690786,5.355690786,0.01512934584,0.2410060854,-5.273058958e-06,-6.902913545e-05,1.773665286e-05,-4.985437561e-05,0.2410060854,-0.0001140898211,-5.273058958e-06,-6.902913545e-05,1.773665286e-05,-4.985437561e-05,0.2410060854,-0.0001140898211,0,0,0,0,0,0
13.51,0,1,5.129248259e-05,3.73907817e-05,-1.486043888e-05,5.201153609e-05,-0.0002463956641,-3.499393672e-05,0,0,0,0,0,0,6.950850445e-06,0,0,-0.0002533465145,-0.002925415418,-0.02837438562,11.54726418,0,-0.002925390386,0.02837438562,-0.001158856602,-0.03378054468,1.000246396,-0.0002145607072,5.306010111,0.03378054468,0.0002145607072,5.33884636,5.33884636,0.01511462778,0.2402480862,-6.231796951e-06,-6.902913545e-05,1.725728386e-05,-4.985437561e-05,0.2402480862,-0.0001145691901,-6.231796951e-06,-6.902913545e-05,1.725728386e-05,-4.985437561e-05,0.2402480862,-0.0001145691901,0,0,0,0,0,0
13.52,0,1,5.129248259e-05,3.73907817e-05,-1.438106989e-05,5.177185159e-05,-0.0002463956641,-3.499393672e-05,0,-0.001047197551,0,0,0,0,6.950850445e-06,0,0,-0.0002533465145,-0.002925415418,-0.02837438562,11.54726418,0,-0.002925390386,0.02837438562,-0.0009992037057,-0.03378054468,1.000246396,-0.0002143519626,5.306010111,0.03378054468,0.0002143519626,5.339005804,5.339005804,0.0150999229,0.2402552612,-6.231796951e-06,3.569061966e-05,1.629854587e-05,-4.937500661e-05,0.2402552612,-0.0001145691901,-6.231796951e-06,3.569061966e-05,1.629854587e-05,-4.937500661e-05,0.2402552612,-0.0001145691901,0,0,0,0,0,0
13.53,0,1,5.08131136e-05,3.76304662e-05,-1.510012338e-05,5.08131136e-05,-0.0002468750331,-3.499393672e-05,0,0,0,0,0,0,6.950850445e-06,0,0,-0.0002538258835,-0.002930950819,-0.02842807253,11.54726517,0,-0.002930925644,0.02842807253,0.0001563605306,-0.0338444663,1.000246875,-0.0002145488165,5.316049564,0.0338444663,0.0002145488165,5.350264939,5.350264939,0.01508523326,0.2407619223,-5.273058958e-06,-6.950850445e-05,1.773665286e-05,-4.745753063e-05,0.2407619223,-0.0001145691901,-5.273058958e-06,-6.950850445e-05,1.773665286e-05,-4.745753063e-05,0.2407619223,-0.0001145691901,0,0,0,0,0,0
13.54,0,1,5.08131136e-05,3.691141271e-05,-1.533980788e-05,5.08131136e-05,-0.0002468750331,-3.523362122e-05,0,0,0,0,0,0,6.950850445e-06,0,0,-0.0002538258835,-0.002930950819,-0.02842807253,11.54726517,0,-0.002930925644,0.02842807253,0.0002103039511,-0.0338444663,1.000246875,-0.0002143401011,5.316049564,0.0338444663,0.0002143401011,5.350318674,5.350318674,0.01507055822,0.2407643403,-5.273058958e-06,-6.807039746e-05,1.821602186e-05,-4.745753063e-05,0.2407643403,-0.0001140898211,-5.273058958e-06,-6.807039746e-05,1.821602186e-05,-4.745753063e-05,0.2407643403,-0.0001140898211,0,0,0,0,0,0
13.55,0,1,5.03337446e-05,3.643204371e-05,-1.533980788e-05,5.05734291e-05,-0.0002468750331,-3.499393672e-05,0,0,0,0,0,0,6.950850445e-06,0,0,-0.0002538258835,-0.002930950819,-0.02842807253,11.54726517,0,-0.002930925644,0.02842807253,3.504023388e-05,-0.0338444663,1.000246875,-0.0002141315778,5.316049564,0.0338444663,0.0002141315778,5.350143202,5.350143202,0.01505589668,0.2407564441,-4.314320966e-06,-6.711165947e-05,1.821602186e-05,-4.697816163e-05,0.2407564441,-0.0001145691901,-4.314320966e-06,-6.711165947e-05,1.821602186e-05,-4.697816163e-05,0.2407564441,-0.0001145691901,0,0,0,0,0,0
13.56,0,1,5.03337446e-05,3.691141271e-05,-1.581917688e-05,5.08131136e-05,-0.0002468750331,-3.547330572e-05,0,0,0,0,0,0,6.950850445e-06,0,0,-0.0002538258835,-0.002930950819,-0.02842807253,11.54726517,0,-0.002930925644,0.02842807253,-3.868575733e-05,-0.0338444663,1.000246875,-0.0002139232968,5.316049564,0.0338444663,0.0002139232968,5.350069267,5.350069267,0.01504125219,0.240753117,-4.314320966e-06,-6.807039746e-05,1.917475985e-05,-4.745753063e-05,0.240753117,-0.0001136104521,-4.314320966e-06,-6.807039746e-05,1.917475985e-05,-4.745753063e-05,0.240753117,-0.0001136104521,0,0,0,0,0,0
13.57,0,1,5.05734291e-05,3.619235921e-05,-1.557949238e-05,5.129248259e-05,-0.0002471147175,-3.451456773e-05,-0.001047197551,0,0,0,0,0,6.950850445e-06,0,0,-0.000254065568,-0.00293371852,-0.02845491599,11.54726566,0,-0.002933693273,0.02845491599,0.0005534330852,-0.03387642712,1.000247115,-0.0002139171614,5.321069289,0.03387642712,0.0002139171614,5.355713067,5.355713067,0.01502662469,0.241007088,9.992606516e-05,-6.663229047e-05,1.869539085e-05,-4.841626862e-05,0.241007088,-0.0001155279281,9.992606516e-05,-6.663229047e-05,1.869539085e-05,-4.841626862e-05,0.241007088,-0.0001155279281,0,0,0,0,0,0
13.58,0,1,5.129248259e-05,3.643204371e-05,-1.533980788e-05,5.129248259e-05,-0.0002463956641,-3.427488323e-05,0,0,0,0,0,0,6.950850445e-06,0,0,-0.0002533465145,-0.002925415418,-0.02837438562,11.54726418,0,-0.002925390386,0.02837438562,-0.001034536701,-0.03378054468,1.000246396,-0.0002131039651,5.306010111,0.03378054468,0.0002131039651,5.338969223,5.338969223,0.01501200854,0.240253615,-6.231796951e-06,-6.711165947e-05,1.821602186e-05,-4.841626862e-05,0.240253615,-0.0001160072971,-6.231796951e-06,-6.711165947e-05,1.821602186e-05,-4.841626862e-05,0.240253615,-0.0001160072971,0,0,0,0,0,0
13.59,0,1,5.129248259e-05,3.667172821e-05,-1.605886137e-05,5.177185159e-05,-0.0002459162951,-3.499393672e-05,0,0,0,0,0,0,6.950850445e-06,0,0,-0.0002528671455,-0.002919880018,-0.0283206987,11.5472632,0,-0.002919855127,0.0283206987,-0.001760756623,-0.03371662309,1.000245916,-0.0002124936315,5.295970657,0.03371662309,0.0002124936315,5.328139017,5.328139017,0.01499740456,0.2397662557,-6.231796951e-06,-6.759102847e-05,1.965412884e-05,-4.937500661e-05,0.2397662557,-0.0001145691901,-6.231796951e-06,-6.759102847e-05,1.965412884e-05,-4.937500661e-05,0.2397662557,-0.0001145691901,0,0,0,0,0,0
13.6,0,1,5.129248259e-05,3.619235921e-05,-1.557949238e-05,5.10527981e-05,-0.0002466353486,-3.499393672e-05,0,0,0,0,0,0,6.950850445e-06,0,0,-0.000253586199,-0.002928183119,-0.02840122908,11.54726468,0,-0.002928158015,0.02840122908,2.966446608e-06,-0.03381250549,1.000246635,-0.0002128908811,5.311029837,0.03381250549,0.0002128908811,5.3450582,5.3450582,0.01498281648,0.240527619,-6.231796951e-06,-6.663229047e-05,1.869539085e-05,-4.793689962e-05,0.240527619,-0.0001145691901,-6.231796951e-06,-6.663229047e-05,1.869539085e-05,-4.793689962e-05,0.240527619,-0.0001145691901,0,0,0,0,0,0
13.61,0,1,5.05734291e-05,3.643204371e-05,-1.581917688e-05,5.08131136e-05,-0.0002468750331,-3.523362122e-05,0,0,0,0,0,0,6.950850445e-06,0,0,-0.0002538258835,-0.002930950819,-0.02842807253,11.54726517,0,-0.002930925644,0.02842807253,0.0005036304423,-0.0338444663,1.000246875,-0.0002128849411,5.316049564,0.0338444663,0.0002128849411,5.350610545,5.350610545,0.01496824411,0.2407774745,-4.793689962e-06,-6.711165947e-05,1.917475985e-05,-4.745753063e-05,0.2407774745,-0.0001140898211,-4.793689962e-06,-6.711165947e-05,1.917475985e-05,-4.745753063e-05,0.2407774745,-0.0001140898211,0,0,0,0,0,0
13.62,0,1,5.08131136e-05,3.691141271e-05,-1.557949238e-05,5.08131136e-05,-0.0002468750331,-3.475425223e-05,0,0,0,0,0,0,6.950850445e-06,0,0,-0.0002538258835,-0.002930950819,-0.02842807253,11.54726517,0,-0.002930925644,0.02842807253,0.0003983010462,-0.0338444663,1.000246875,-0.0002126779007,5.316049564,0.0338444663,0.0002126779007,5.350505009,5.350505009,0.01495368685,0.2407727254,-5.273058958e-06,-6.807039746e-05,1.869539085e-05,-4.745753063e-05,0.2407727254,-0.0001150485591,-5.273058958e-06,-6.807039746e-05,1.869539085e-05,-4.745753063e-05,0.2407727254,-0.0001150485591,0,0,0,0,0,0
13.63,0,1,5.03337446e-05,3.619235921e-05,-1.533980788e-05,5.10527981e-05,-0.0002468750331,-3.379551423e-05,0,0,0,0,0,0,6.950850445e-06,0,0,-0.0002538258835,-0.002930950819,-0.02842807253,11.54726517,0,-0.002930925644,0.02842807253,0.0001504852896,-0.0338444663,1.000246875,-0.0002124710847,5.316049564,0.0338444663,0.0002124710847,5.350256986,5.350256986,0.01493914536,0.2407615644,-4.314320966e-06,-6.663229047e-05,1.821602186e-05,-4.793689962e-05,0.2407615644,-0.0001169660351,-4.314320966e-06,-6.663229047e-05,1.821602186e-05,-4.793689962e-05,0.2407615644,-0.0001169660351,0,0,0,0,0,0
13.64,0,1,5.10527981e-05,3.619235921e-05,-1.510012338e-05,5.153216709e-05,-0.0002454369261,-3.379551423e-05,0,0,0,0,0,0,6.950850445e-06,0,0,-0.0002523877765,-0.002914344618,-0.02826701177,11.54726222,0,-0.002914319869,0.02826701177,-0.003022700615,-0.03365270152,1.000245437,-0.0002110612458,5.2859312,0.03365270152,0.0002110612458,5.316772263,5.316772263,0.01492461604,0.2392547518,-5.752427955e-06,-6.663229047e-05,1.773665286e-05,-4.889563761e-05,0.2392547518,-0.0001169660351,-5.752427955e-06,-6.663229047e-05,1.773665286e-05,-4.889563761e-05,0.2392547518,-0.0001169660351,0,0,0,0,0,0
13.65,0,1,5.10527981e-05,3.643204371e-05,-1.557949238e-05,5.129248259e-05,-0.0002461559796,-3.427488323e-05,0,0,0,0,0,0,6.950850445e-06,0,0,-0.00025310683,-0.002922647718,-0.02834754216,11.54726369,0,-0.002922622757,0.02834754216,-0.001033386368,-0.03374858388,1.000246156,-0.0002114569637,5.300990384,0.03374858388,0.0002114569637,5.333917038,5.333917038,0.01491009927,0.2400262667,-5.752427955e-06,-6.711165947e-05,1.869539085e-05,-4.841626862e-05,0.2400262667,-0.0001160072971,-5.752427955e-06,-6.711165947e-05,1.869539085e-05,-4.841626862e-05,0.2400262667,-0.0001160072971,0,0,0,0,0,0
13.66,0,1,5.10527981e-05,3.667172821e-05,-1.510012338e-05,5.129248259e-05,-0.0002463956641,-3.427488323e-05,0,0,0,0,0,0,6.950850445e-06,0,0,-0.0002533465145,-0.002925415418,-0.02837438562,11.54726418,0,-0.002925390386,0.02837438562,-0.0003889160058,-0.03378054468,1.000246396,-0.0002114514535,5.306010111,0.03378054468,0.0002114514535,5.339613191,5.339613191,0.01489559845,0.2402825936,-5.752427955e-06,-6.759102847e-05,1.773665286e-05,-4.841626862e-05,0.2402825936,-0.0001160072971,-5.752427955e-06,-6.759102847e-05,1.773665286e-05,-4.841626862e-05,0.2402825936,-0.0001160072971,0,0,0,0,0,0
13.67,0,1,5.177185159e-05,3.667172821e-05,-1.486043888e-05,5.129248259e-05,-0.0002468750331,-3.403519873e-05,0,0,0,0,0,0,6.950850445e-06,0,0,-0.0002538258835,-0.002930950819,-0.02842807253,11.54726517,0,-0.002930925644,0.02842807253,0.0007138471915,-0.0338444663,1.000246875,-0.0002116457148,5.316049564,0.0338444663,0.0002116457148,5.350819523,5.350819523,0.01488111258,0.2407868785,-7.190534943e-06,-6.759102847e-05,1.725728386e-05,-4.841626862e-05,0.2407868785,-0.0001164866661,-7.190534943e-06,-6.759102847e-05,1.725728386e-05,-4.841626862e-05,0.2407868785,-0.0001164866661,0,0,0,0,0,0
13.68,0,1,5.10527981e-05,3.643204371e-05,-1.462075438e-05,5.08131136e-05,-0.0002468750331,-3.499393672e-05,0,0,0,0,0,0,6.950850445e-06,0,0,-0.0002538258835,-0.002930950819,-0.02842807253,11.54726517,0,-0.002930925644,0.02842807253,0.0006610319112,-0.0338444663,1.000246875,-0.0002114399023,5.316049564,0.0338444663,0.0002114399023,5.350766502,5.350766502,0.01486664165,0.2407844926,-5.752427955e-06,-6.711165947e-05,1.677791487e-05,-4.745753063e-05,0.2407844926,-0.0001145691901,-5.752427955e-06,-6.711165947e-05,1.677791487e-05,-4.745753063e-05,0.2407844926,-0.0001145691901,0,0,0,0,0,0
13.69,0,1,5.177185159e-05,3.73907817e-05,-1.533980788e-05,5.10527981e-05,-0.0002468750331,-3.451456773e-05,0,-0.001047197551,0,0,0,0,6.950850445e-06,0,0,-0.0002538258835,-0.002930950819,-0.02842807253,11.54726517,0,-0.002930925644,0.02842807253,0.0005104442428,-0.0338444663,1.000246875,-0.0002112343074,5.316049564,0.0338444663,0.0002112343074,5.350615708,5.350615708,0.01485218602,0.2407777069,-7.190534943e-06,3.569061966e-05,1.821602186e-05,-4.793689962e-05,0.2407777069,-0.0001155279281,-7.190534943e-06,3.569061966e-05,1.821602186e-05,-4.793689962e-05,0.2407777069,-0.0001155279281,0,0,0,0,0,0
13.7,0,1,5.10527981e-05,3.715109721e-05,-1.557949238e-05,5.249090509e-05,-0.0002471147175,-3.475425223e-05,0,0,0,0,0,0,6.950850445e-06,0,0,-0.000254065568,-0.00293371852,-0.02845491599,11.54726566,0,-0.002933693273,0.02845491599,0.0009563426285,-0.03387642712,1.000247115,-0.0002112282819,5.321069289,0.03387642712,0.0002112282819,5.356113287,5.356113287,0.01483774469,0.2410250979,-5.752427955e-06,-6.854976646e-05,1.869539085e-05,-5.08131136e-05,0.2410250979,-0.0001150485591,-5.752427955e-06,-6.854976646e-05,1.869539085e-05,-5.08131136e-05,0.2410250979,-0.0001150485591,0,0,0,0,0,0
13.71,0,1,5.08131136e-05,3.715109721e-05,-1.533980788e-05,5.153216709e-05,-0.0002471147175,-3.523362122e-05,0,0,0,0,0,0,6.950850445e-06,0,0,-0.000254065568,-0.00293371852,-0.02845491599,11.54726566,0,-0.002933693273,0.02845491599,0.000868289485,-0.03387642712,1.000247115,-0.0002110229029,5.321069289,0.03387642712,0.0002110229029,5.356025029,5.356025029,0.01482331787,0.2410211263,-5.273058958e-06,-6.854976646e-05,1.821602186e-05,-4.889563761e-05,0.2410211263,-0.0001140898211,-5.273058958e-06,-6.854976646e-05,1.821602186e-05,-4.889563761e-05,0.2410211263,-0.0001140898211,0,0,0,0,0,0
13.72,0,1,5.10527981e-05,3.78701507e-05,-1.533980788e-05,5.225122059e-05,-0.0002468750331,-3.571299022e-05,0,0,0,0,0,0,6.950850445e-06,0,0,-0.0002538258835,-0.002930950819,-0.02842807253,11.54726517,0,-0.002930925644,0.02842807253,0.0003252306937,-0.0338444663,1.000246875,-0.000210618742,5.316049564,0.0338444663,0.000210618742,5.350429879,5.350429879,0.01480890485,0.2407693446,-5.752427955e-06,-6.998787345e-05,1.821602186e-05,-5.03337446e-05,0.2407693446,-0.0001131310831,-5.752427955e-06,-6.998787345e-05,1.821602186e-05,-5.03337446e-05,0.2407693446,-0.0001131310831,0,0,0,0,0,0
13.73,0,1,5.08131136e-05,3.73907817e-05,-1.557949238e-05,5.249090509e-05,-0.0002475940865,-3.523362122e-05,0,0,0,0,0,0,6.950850445e-06,0,0,-0.000254544937,-0.002939253921,-0.02850860288,11.54726664,0,-0.002939228532,0.02850860288,0.001860124093,-0.03394034877,1.000247594,-0.0002110103258,5.331108739,0.03394034877,0.0002110103258,5.367120223,5.367120223,0.01479450709,0.24152041,-5.273058958e-06,-6.902913545e-05,1.869539085e-05,-5.08131136e-05,0.24152041,-0.0001140898211,-5.273058958e-06,-6.902913545e-05,1.869539085e-05,-5.08131136e-05,0.24152041,-0.0001140898211,0,0,0,0,0,0
13.74,0,1,5.03337446e-05,3.81098352e-05,-1.533980788e-05,5.225122059e-05,-0.000247354402,-3.523362122e-05,0,0,0,0,0,0,6.950850445e-06,0,0,-0.0002543052525,-0.002936486221,-0.02848175944,11.54726615,0,-0.002936460903,0.02848175944,0.001238418592,-0.03390838794,1.000247354,-0.0002106065856,5.326089014,0.03390838794,0.0002106065856,5.361446428,5.361446428,0.01478012364,0.2412650892,-4.314320966e-06,-7.046724244e-05,1.821602186e-05,-5.03337446e-05,0.2412650892,-0.0001140898211,-4.314320966e-06,-7.046724244e-05,1.821602186e-05,-5.03337446e-05,0.2412650892,-0.0001140898211,0,0,0,0,0,0
13.75,0,1,5.00940601e-05,3.73907817e-05,-1.510012338e-05,5.201153609e-05,-0.0002475940865,-3.571299022e-05,0,0,0,0,0,0,6.950850445e-06,0,0,-0.000254544937,-0.002939253921,-0.02850860288,11.54726664,0,-0.002939228532,0.02850860288,0.001686791801,-0.03394034877,1.000247594,-0.0002106002391,5.331108739,0.03394034877,0.0002106002391,5.36694648,5.36694648,0.01476575487,0.2415125916,-3.83495197e-06,-6.902913545e-05,1.773665286e-05,-4.985437561e-05,0.2415125916,-0.0001131310831,-3.83495197e-06,-6.902913545e-05,1.773665286e-05,-4.985437561e-05,0.2415125916,-0.0001131310831,0,0,0,0,0,0
13.76,0,1,5.10527981e-05,3.691141271e-05,-1.462075438e-05,5.249090509e-05,-0.0002463956641,-3.499393672e-05,0,0,0,0,0,0,6.950850445e-06,0,0,-0.0002533465145,-0.002925415418,-0.02837438562,11.54726418,0,-0.002925390386,0.02837438562,-0.0008823295492,-0.03378054468,1.000246396,-0.0002094044085,5.306010111,0.03378054468,0.0002094044085,5.33911773,5.33911773,0.01475139572,0.2402602979,-5.752427955e-06,-6.807039746e-05,1.677791487e-05,-5.08131136e-05,0.2402602979,-0.0001145691901,-5.752427955e-06,-6.807039746e-05,1.677791487e-05,-5.08131136e-05,0.2402602979,-0.0001145691901,0,0,0,0,0,0
13.77,0,1,5.153216709e-05,3.643204371e-05,-1.462075438e-05,5.03337446e-05,-0.0002468750331,-3.451456773e-05,0,0,0,0,0,0,6.950850445e-06,0,0,-0.0002538258835,-0.002930950819,-0.02842807253,11.54726517,0,-0.002930925644,0.02842807253,0.0002818893785,-0.0338444663,1.000246875,-0.0002095968479,5.316049564,0.0338444663,0.0002095968479,5.350385516,5.350385516,0.01473705421,0.2407673482,-6.711165947e-06,-6.711165947e-05,1.677791487e-05,-4.649879263e-05,0.2407673482,-0.0001155279281,-6.711165947e-06,-6.711165947e-05,1.677791487e-05,-4.649879263e-05,0.2407673482,-0.0001155279281,0,0,0,0,0,0
13.78,0,1,5.129248259e-05,3.619235921e-05,-1.462075438e-05,5.05734291e-05,-0.0002463956641,-3.523362122e-05,0,0,0,0,0,0,6.950850445e-06,0,0,-0.0002533465145,-0.002925415418,-0.02837438562,11.54726418,0,-0.002925390386,0.02837438562,-0.0009272836155,-0.03378054468,1.000246396,-0.0002089974578,5.306010111,0.03378054468,0.0002089974578,5.339072369,5.339072369,0.01472272834,0.2402582566,-6.231796951e-06,-6.663229047e-05,1.677791487e-05,-4.697816163e-05,0.2402582566,-0.0001140898211,-6.231796951e-06,-6.663229047e-05,1.677791487e-05,-4.697816163e-05,0.2402582566,-0.0001140898211,0,0,0,0,0,0
13.79,0,1,5.177185159e-05,3.643204371e-05,-1.462075438e-05,5.05734291e-05,-0.0002466353486,-3.475425223e-05,0,0,0,0,0,0,6.950850445e-06,0,0,-0.000253586199,-0.002928183119,-0.02840122908,11.54726468,0,-0.002928158015,0.02840122908,-0.0004414287695,-0.03381250549,1.000246635,-0.0002089919214,5.311029837,0.03381250549,0.0002089919214,5.344609906,5.344609906,0.01470841656,0.2405074458,-7.190534943e-06,-6.711165947e-05,1.677791487e-05,-4.697816163e-05,0.2405074458,-0.0001150485591,-7.190534943e-06,-6.711165947e-05,1.677791487e-05,-4.697816163e-05,0.2405074458,-0.0001150485591,0,0,0,0,0,0
13.8,0,1,5.10527981e-05,3.715109721e-05,-1.486043888e-05,5.10527981e-05,-0.0002466353486,-3.547330572e-05,0,0,0,0,0,0,6.950850445e-06,0,0,-0.000253586199,-0.002928183119,-0.02840122908,11.54726468,0,-0.002928158015,0.02840122908,-0.0004614658699,-0.03381250549,1.000246635,-0.0002087887648,5.311029837,0.03381250549,0.0002087887648,5.344589666,5.344589666,0.01469411886,0.240506535,-5.752427955e-06,-6.854976646e-05,1.725728386e-05,-4.793689962e-05,0.240506535,-0.0001136104521,-5.752427955e-06,-6.854976646e-05,1.725728386e-05,-4.793689962e-05,0.240506535,-0.0001136104521,0,0,0,0,0,0
13.81,0,1,5.05734291e-05,3.667172821e-05,-1.462075438e-05,5.201153609e-05,-0.0002466353486,-3.547330572e-05,0,0,0,0,0,0,6.950850445e-06,0,0,-0.000253586199,-0.002928183119,-0.02840122908,11.54726468,0,-0.002928158015,0.02840122908,-0.0003875008014,-0.03381250549,1.000246635,-0.0002085858014,5.311029837,0.03381250549,0.0002085858014,5.344663428,5.344663428,0.01467983476,0.2405098543,-4.793689962e-06,-6.759102847e-05,1.677791487e-05,-4.985437561e-05,0.2405098543,-0.0001136104521,-4.793689962e-06,-6.759102847e-05,1.677791487e-05,-4.985437561e-05,0.2405098543,-0.0001136104521,0,0,0,0,0,0
13.82,0,1,5.201153609e-05,3.715109721e-05,-1.510012338e-05,5.153216709e-05,-0.0002471147175,-3.547330572e-05,0,0,0,0,0,0,6.950850445e-06,0,0,-0.000254065568,-0.00293371852,-0.02845491599,11.54726566,0,-0.002933693273,0.02845491599,0.0007077397068,-0.03387642712,1.000247115,-0.0002087771523,5.321069289,0.03387642712,0.0002087771523,5.355862233,5.355862233,0.0146655654,0.2410138005,-7.669903939e-06,-6.854976646e-05,1.773665286e-05,-4.889563761e-05,0.2410138005,-0.0001136104521,-7.669903939e-06,-6.854976646e-05,1.773665286e-05,-4.889563761e-05,0.2410138005,-0.0001136104521,0,0,0,0,0,0
13.83,0,1,5.03337446e-05,3.691141271e-05,-1.581917688e-05,5.08131136e-05,-0.000247833771,-3.523362122e-05,0,0,0,0,0,0,6.950850445e-06,0,0,-0.0002547846215,-0.002942021622,-0.02853544633,11.54726714,0,-0.002941996161,0.02853544633,0.002116392722,-0.0339723096,1.000247834,-0.0002091648281,5.336128464,0.0339723096,0.0002091648281,5.372426331,5.372426331,0.01465131213,0.2417591849,-4.314320966e-06,-6.807039746e-05,1.917475985e-05,-4.745753063e-05,0.2417591849,-0.0001140898211,-4.314320966e-06,-6.807039746e-05,1.917475985e-05,-4.745753063e-05,0.2417591849,-0.0001140898211,0,0,0,0,0,0
13.84,0,1,5.10527981e-05,3.78701507e-05,-1.510012338e-05,5.297027408e-05,-0.0002468750331,-3.571299022e-05,0,0,0,0,0,0,6.950850445e-06,0,0,-0.0002538258835,-0.002930950819,-0.02842807253,11.54726517,0,-0.002930925644,0.02842807253,-0.0001824727057,-0.0338444663,1.000246875,-0.0002081748602,5.316049564,0.0338444663,0.0002081748602,5.349919732,5.349919732,0.0146370725,0.2407463879,-5.752427955e-06,-6.998787345e-05,1.773665286e-05,-5.177185159e-05,0.2407463879,-0.0001131310831,-5.752427955e-06,-6.998787345e-05,1.773665286e-05,-5.177185159e-05,0.2407463879,-0.0001131310831,0,0,0,0,0,0
13.85,0,1,5.03337446e-05,3.76304662e-05,-1.533980788e-05,5.177185159e-05,-0.0002456766106,-3.547330572e-05,0,0,0,0,0,0,6.950850445e-06,0,0,-0.000252627461,-0.002917112318,-0.02829385523,11.54726271,0,-0.002917087498,0.02829385523,-0.002467646806,-0.0336846623,1.000245677,-0.0002069900513,5.290950929,0.0336846623,0.0002069900513,5.322374934,5.322374934,0.01462284016,0.239506872,-4.314320966e-06,-6.950850445e-05,1.821602186e-05,-4.937500661e-05,0.239506872,-0.0001136104521,-4.314320966e-06,-6.950850445e-05,1.821602186e-05,-4.937500661e-05,0.239506872,-0.0001136104521,0,0,0,0,0,0
13.86,0,1,5.201153609e-05,3.78701507e-05,-1.533980788e-05,5.177185159e-05,-0.0002461559796,-3.619235921e-05,0,0,0,0,0,0,6.950850445e-06,0,0,-0.00025310683,-0.002922647718,-0.02834754216,11.54726369,0,-0.002922622757,0.02834754216,-0.001037256722,-0.03374858388,1.000246156,-0.0002071814053,5.300990384,0.03374858388,0.0002071814053,5.333908892,5.333908892,0.01460862502,0.2400259002,-7.669903939e-06,-6.998787345e-05,1.821602186e-05,-4.937500661e-05,0.2400259002,-0.0001121723451,-7.669903939e-06,-6.998787345e-05,1.821602186e-05,-4.937500661e-05,0.2400259002,-0.0001121723451,0,0,0,0,0,0
13.87,0,1,5.129248259e-05,3.81098352e-05,-1.510012338e-05,5.153216709e-05,-0.0002466353486,-3.499393672e-05,0,0,0,0,0,0,6.950850445e-06,0,0,-0.000253586199,-0.002928183119,-0.02840122908,11.54726468,0,-0.002928158015,0.02840122908,-4.415592737e-05,-0.03381250549,1.000246635,-0.0002073722389,5.311029837,0.03381250549,0.0002073722389,5.345005559,5.345005559,0.01459442699,0.2405252502,-6.231796951e-06,-7.046724244e-05,1.773665286e-05,-4.889563761e-05,0.2405252502,-0.0001145691901,-6.231796951e-06,-7.046724244e-05,1.773665286e-05,-4.889563761e-05,0.2405252502,-0.0001145691901,0,0,0,0,0,0
13.88,0,1,5.129248259e-05,3.78701507e-05,-1.605886137e-05,5.249090509e-05,-0.0002471147175,-3.499393672e-05,0,0,0,0,0,0,6.950850445e-06,0,0,-0.000254065568,-0.00293371852,-0.02845491599,11.54726566,0,-0.002933693273,0.02845491599,0.0008943134027,-0.03387642712,1.000247115,-0.0002075625197,5.321069289,0.03387642712,0.0002075625197,5.356047592,5.356047592,0.01458024368,0.2410221417,-6.231796951e-06,-6.998787345e-05,1.965412884e-05,-5.08131136e-05,0.2410221417,-0.0001145691901,-6.231796951e-06,-6.998787345e-05,1.965412884e-05,-5.08131136e-05,0.2410221417,-0.0001145691901,0,0,0,0,0,0
13.89,0,1,5.03337446e-05,3.715109721e-05,-1.557949238e-05,5.177185159e-05,-0.000247354402,-3.571299022e-05,0,0,0,0,0,0,6.950850445e-06,0,0,-0.0002543052525,-0.002936486221,-0.02848175944,11.54726615,0,-0.002936460903,0.02848175944,0.001394395531,-0.03390838794,1.000247354,-0.0002075565164,5.326089014,0.03390838794,0.0002075565164,5.361599354,5.361599354,0.01456607394,0.241271971,-4.314320966e-06,-6.854976646e-05,1.869539085e-05,-4.937500661e-05,0.241271971,-0.0001131310831,-4.314320966e-06,-6.854976646e-05,1.869539085e-05,-4.937500661e-05,0.241271971,-0.0001131310831,0,0,0,0,0,0
13.9,0,1,5.10527981e-05,3.667172821e-05,-1.486043888e-05,5.177185159e-05,-0.0002466353486,-3.547330572e-05,0,0,0,0,0,0,6.950850445e-06,0,0,-0.000253586199,-0.002928183119,-0.02840122908,11.54726468,0,-0.002928158015,0.02840122908,-0.0003144565491,-0.03381250549,1.000246635,-0.0002067682353,5.311029837,0.03381250549,0.0002067682353,5.344734655,5.344734655,0.01455191859,0.2405130595,-5.752427955e-06,-6.759102847e-05,1.725728386e-05,-4.937500661e-05,0.2405130595,-0.0001136104521,-5.752427955e-06,-6.759102847e-05,1.725728386e-05,-4.937500661e-05,0.2405130595,-0.0001136104521,0,0,0,0,0,0
13.91,0,1,5.153216709e-05,3.643204371e-05,-1.533980788e-05,5.153216709e-05,-0.0002466353486,-3.427488323e-05,0,0.001047197551,0,0,0,0.001047197551,6.950850445e-06,0,0,-0.000253586199,-0.002928183119,-0.02840122908,11.54726468,0,-0.002928158015,0.02840122908,-0.0003246667786,-0.03381250549,1.000246635,-0.0002065672981,5.311029837,0.03381250549,0.0002065672981,5.344724243,5.344724243,0.01453777709,0.240512591,-6.711165947e-06,-0.0001718314146,1.821602186e-05,-4.889563761e-05,0.240512591,-0.0002207270522,-6.711165947e-06,-0.0001718314146,1.821602186e-05,-4.889563761e-05,0.240512591,-0.0002207270522,0,0,0,0,0,0
13.92,0,1,5.129248259e-05,3.715109721e-05,-1.462075438e-05,5.10527981e-05,-0.0002461559796,-3.403519873e-05,0,0,0,0,0,0,6.950850445e-06,0,0,-0.00025310683,-0.002922647718,-0.02834754216,11.54726369,0,-0.002922622757,0.02834754216,-0.001406452492,-0.03374858388,1.000246156,-0.000205976269,5.300990384,0.03374858388,0.000205976269,5.333538492,5.333538492,0.01452364956,0.2400092321,-6.231796951e-06,-6.854976646e-05,1.677791487e-05,-4.793689962e-05,0.2400092321,-0.0001164866661,-6.231796951e-06,-6.854976646e-05,1.677791487e-05,-4.793689962e-05,0.2400092321,-0.0001164866661,0,0,0,0,0,0
13.93,0,1,5.05734291e-05,3.619235921e-05,-1.557949238e-05,5.201153609e-05,-0.0002466353486,-3.571299022e-05,0,0,0,0,0,0,6.950850445e-06,0,0,-0.000253586199,-0.002928183119,-0.02840122908,11.54726468,0,-0.002928158015,0.02840122908,-0.0003462380336,-0.03381250549,1.000246635,-0.0002061660704,5.311029837,0.03381250549,0.0002061660704,5.344702271,5.344702271,0.01450953959,0.2405116022,-4.793689962e-06,-6.663229047e-05,1.869539085e-05,-4.985437561e-05,0.2405116022,-0.0001131310831,-4.793689962e-06,-6.663229047e-05,1.869539085e-05,-4.985437561e-05,0.2405116022,-0.0001131310831,0,0,0,0,0,0
13.94,0,1,5.08131136e-05,3.667172821e-05,-1.486043888e-05,5.129248259e-05,-0.0002454369261,-3.571299022e-05,0,0,0,0,0,0.001047197551,6.950850445e-06,0,0,-0.0002523877765,-0.002914344618,-0.02826701177,11.54726222,0,-0.002914319869,0.02826701177,-0.002866853133,-0.03365270152,1.000245437,-0.0002049918815,5.2859312,0.03365270152,0.0002049918815,5.316922041,5.316922041,0.01449543877,0.2392614918,-5.273058958e-06,-6.759102847e-05,1.725728386e-05,-4.841626862e-05,0.2392614918,-0.0002178508382,-5.273058958e-06,-6.759102847e-05,1.725728386e-05,-4.841626862e-05,0.2392614918,-0.0002178508382,0,0,0,0,0,0
13.95,0,1,5.08131136e-05,3.691141271e-05,-1.533980788e-05,5.249090509e-05,-0.0002463956641,-3.595267472e-05,0,0,0,0,0,0,6.950850445e-06,0,0,-0.0002533465145,-0.002925415418,-0.02837438562,11.54726418,0,-0.002925390386,0.02837438562,-0.0003160346924,-0.03378054468,1.000246396,-0.0002055709588,5.306010111,0.03378054468,0.0002055709588,5.339680192,5.339680192,0.01448135088,0.2402856086,-5.273058958e-06,-6.807039746e-05,1.821602186e-05,-5.08131136e-05,0.2402856086,-0.0001126517141,-5.273058958e-06,-6.807039746e-05,1.821602186e-05,-5.08131136e-05,0.2402856086,-0.0001126517141,0,0,0,0,0,0
13.96,0,1,5.08131136e-05,3.691141271e-05,-1.533980788e-05,5.129248259e-05,-0.0002461559796,-3.523362122e-05,0,0,0,0,0,0,6.950850445e-06,0,0,-0.00025310683,-0.002922647718,-0.02834754216,11.54726369,0,-0.002922622757,0.02834754216,-0.0008347599107,-0.03374858388,1.000246156,-0.00020517681,5.300990384,0.03374858388,0.00020517681,5.334109385,5.334109385,0.01446727884,0.2400349223,-5.273058958e-06,-6.807039746e-05,1.821602186e-05,-4.841626862e-05,0.2400349223,-0.0001140898211,-5.273058958e-06,-6.807039746e-05,1.821602186e-05,-4.841626862e-05,0.2400349223,-0.0001140898211,0,0,0,0,0,0
13.97,0,1,5.177185159e-05,3.691141271e-05,-1.462075438e-05,5.10527981e-05,-0.0002461559796,-3.547330572e-05,0,0,0,0,0,0,6.950850445e-06,0,0,-0.00025310683,-0.002922647718,-0.02834754216,11.54726369,0,-0.002922622757,0.02834754216,-0.0008643371417,-0.03374858388,1.000246156,-0.0002049774429,5.300990384,0.03374858388,0.0002049774429,5.334079608,5.334079608,0.01445322125,0.2400335824,-7.190534943e-06,-6.807039746e-05,1.677791487e-05,-4.793689962e-05,0.2400335824,-0.0001136104521,-7.190534943e-06,-6.807039746e-05,1.677791487e-05,-4.793689962e-05,0.2400335824,-0.0001136104521,0,0,0,0,0,0
13.98,0,1,5.10527981e-05,3.691141271e-05,-1.510012338e-05,5.201153609e-05,-0.0002459162951,-3.475425223e-05,0,0,0,0,0,0,6.950850445e-06,0,0,-0.0002528671455,-0.002919880018,-0.0283206987,11.5472632,0,-0.002919855127,0.0283206987,-0.001327996784,-0.03371662309,1.000245916,-0.0002045842532,5.295970657,0.03371662309,0.0002045842532,5.328563867,5.328563867,0.01443917688,0.239785374,-5.752427955e-06,-6.807039746e-05,1.773665286e-05,-4.985437561e-05,0.239785374,-0.0001150485591,-5.752427955e-06,-6.807039746e-05,1.773665286e-05,-4.985437561e-05,0.239785374,-0.0001150485591,0,0,0,0,0,0
13.99,0,1,4.985437561e-05,3.691141271e-05,-1.557949238e-05,5.177185159e-05,-0.0002466353486,-3.355582973e-05,0,0,0,0,0,0,6.950850445e-06,0,0,-0.000253586199,-0.002928183119,-0.02840122908,11.54726468,0,-0.002928158015,0.02840122908,0.0002617727906,-0.03381250549,1.000246635,-0.000204966939,5.311029837,0.03381250549,0.000204966939,5.345309083,5.345309083,0.01442514745,0.2405389087,-3.355582973e-06,-6.807039746e-05,1.869539085e-05,-4.937500661e-05,0.2405389087,-0.0001174454041,-3.355582973e-06,-6.807039746e-05,1.869539085e-05,-4.937500661e-05,0.2405389087,-0.0001174454041,0,0,0,0,0,0
14,0,1,4.985437561e-05,3.715109721e-05,-1.581917688e-05,5.129248259e-05,-0.0002468750331,-3.403519873e-05,0,0,0,0,0,0,6.950850445e-06,0,0,-0.0002538258835,-0.002930950819,-0.02842807253,11.54726517,0,-0.002930925644,0.02842807253,0.0007179590835,-0.0338444663,1.000246875,-0.0002049614327,5.316049564,0.0338444663,0.0002049614327,5.35081695,5.35081695,0.01441113243,0.2407867628,-3.355582973e-06,-6.854976646e-05,1.917475985e-05,-4.841626862e-05,0.2407867628,-0.0001164866661,-3.355582973e-06,-6.854976646e-05,1.917475985e-05,-4.841626862e-05,0.2407867628,-0.0001164866661,0,0,0,0,0,0
14.01,0,0.9997532802,5.00940601e-05,3.619235921e-05,-1.533980788e-05,5.10527981e-05,-0.000247354402,-3.403519873e-05,0,0,0,0,0,0,6.950850445e-06,0,0,-0.0002543052525,-0.002936486221,-0.02848175944,11.54726615,0,-0.002936460903,0.02848175944,0.001647673507,-0.03390838794,1.000247354,-0.0002051492061,5.326089014,0.03390838794,0.0002051492061,5.361850225,5.361850225,0.01439713218,0.2412832601,-3.83495197e-06,-6.663229047e-05,1.821602186e-05,-4.793689962e-05,0.2412832601,-0.0001164866661,-3.834005811e-06,-6.661585097e-05,1.82115276e-05,-4.792507264e-05,0.2412237308,-0.0001164579265,0,0,0,0,0,0
14.02,0,0.9990133642,5.129248259e-05,3.571299022e-05,-1.486043888e-05,5.08131136e-05,-0.0002463956641,-3.523362122e-05,0,0,0,0,0,0,6.950850445e-06,0,0,-0.0002533465145,-0.002925415418,-0.02837438562,11.54726418,0,-0.002925390386,0.02837438562,-0.0005602130198,-0.03378054468,1.000246396,-0.0002041768672,5.306010111,0.03378054468,0.0002041768672,5.339434619,5.339434619,0.01438314501,0.2402745579,-6.231796951e-06,-6.567355248e-05,1.725728386e-05,-4.745753063e-05,0.2402745579,-0.0001140898211,-6.225648437e-06,-6.56087566e-05,1.724025721e-05,-4.741070733e-05,0.2400374944,-0.000113977256,0,0,0,0,0,0
14.03,0,0.9977809823,5.10527981e-05,3.595267472e-05,-1.438106989e-05,5.153216709e-05,-0.0002466353486,-3.499393672e-05,0,0,0,0,0,0,6.950850445e-06,0,0,-0.000253586199,-0.002928183119,-0.02840122908,11.54726468,0,-0.002928158015,0.02840122908,3.993170036e-05,-0.03381250549,1.000246635,-0.0002041715714,5.311029837,0.03381250549,0.0002041715714,5.345086446,5.345086446,0.01436917129,0.2405288901,-5.752427955e-06,-6.615292148e-05,1.629854587e-05,-4.889563761e-05,0.2405288901,-0.0001145691901,-5.739663215e-06,-6.600612697e-05,1.626237911e-05,-4.878713733e-05,0.2399951522,-0.000114314959,0,0,0,0,0,0
14.04,0,0.9960573507,5.08131136e-05,3.667172821e-05,-1.486043888e-05,5.177185159e-05,-0.0002468750331,-3.595267472e-05,0,0,0,0,0,0,6.950850445e-06,0,0,-0.0002538258835,-0.002930950819,-0.02842807253,11.54726517,0,-0.002930925644,0.02842807253,0.0004197388429,-0.0338444663,1.000246875,-0.0002041661218,5.316049564,0.0338444663,0.0002041661218,5.350517935,5.350517935,0.01435521314,0.2407733071,-5.273058958e-06,-6.759102847e-05,1.725728386e-05,-4.937500661e-05,0.2407733071,-0.0001126517141,-5.252269136e-06,-6.732454074e-05,1.718924444e-05,-4.918033827e-05,0.2398240223,-0.0001122075679,0,0,0,0,0,0
14.05,0,0.9938441703,5.05734291e-05,3.667172821e-05,-1.462075438e-05,5.10527981e-05,-0.0002471147175,-3.523362122e-05,0,0,0,0,0,0,6.950850445e-06,0,0,-0.000254065568,-0.00293371852,-0.02845491599,11.54726566,0,-0.002933693273,0.02845491599,0.0008370444373,-0.03387642712,1.000247115,-0.0002041604947,5.321069289,0.03387642712,0.0002041604947,5.355986921,5.355986921,0.01434126886,0.2410194115,-4.793689962e-06,-6.759102847e-05,1.677791487e-05,-4.793689962e-05,0.2410194115,-0.0001140898211,-4.764180823e-06,-6.71749496e-05,1.667463288e-05,-4.764180823e-05,0.239535737,-0.0001133875036,0,0,0,0,0,0
14.06,0,0.9911436254,5.05734291e-05,3.595267472e-05,-1.486043888e-05,5.10527981e-05,-0.0002471147175,-3.523362122e-05,0,0,0,0,0,0,6.950850445e-06,0,0,-0.000254065568,-0.00293371852,-0.02845491599,11.54726566,0,-0.002933693273,0.02845491599,0.0006878831047,-0.03387642712,1.000247115,-0.000203962189,5.321069289,0.03387642712,0.000203962189,5.355837562,5.355837562,0.0143273389,0.2410126903,-4.793689962e-06,-6.615292148e-05,1.725728386e-05,-4.793689962e-05,0.2410126903,-0.0001140898211,-4.751235248e-06,-6.556704642e-05,1.710444689e-05,-4.751235248e-05,0.2388781916,-0.0001130793989,0,0,0,0,0,0
14.07,0,0.987958381,5.00940601e-05,3.691141271e-05,-1.414138539e-05,5.177185159e-05,-0.000247354402,-3.523362122e-05,0,0,0,0,0,0,6.950850445e-06,0,0,-0.0002543052525,-0.002936486221,-0.02848175944,11.54726615,0,-0.002936460903,0.02848175944,0.001195640946,-0.03390838794,1.000247354,-0.0002039563929,5.326089014,0.03390838794,0.0002039563929,5.361397,5.361397,0.01431342218,0.241262865,-3.83495197e-06,-6.807039746e-05,1.581917688e-05,-4.937500661e-05,0.241262865,-0.0001140898211,-3.788772939e-06,-6.725071967e-05,1.562868837e-05,-4.878045159e-05,0.2383576695,-0.0001127159949,0,0,0,0,0,0
14.08,0,0.9842915806,5.10527981e-05,3.691141271e-05,-1.390170089e-05,5.153216709e-05,-0.0002468750331,-3.499393672e-05,0,0,0,0,0,0,6.950850445e-06,0,0,-0.0002538258835,-0.002930950819,-0.02842807253,11.54726517,0,-0.002930925644,0.02842807253,4.363454414e-05,-0.0338444663,1.000246875,-0.0002033740217,5.316049564,0.0338444663,0.0002033740217,5.350141038,5.350141038,0.0142995196,0.2407563467,-5.752427955e-06,-6.807039746e-05,1.533980788e-05,-4.889563761e-05,0.2407563467,-0.0001145691901,-5.662066403e-06,-6.700111911e-05,1.509884374e-05,-4.812756443e-05,0.236974445,-0.0001127694892,0,0,0,0,0,0
14.09,0,0.9801468428,5.177185159e-05,3.643204371e-05,-1.438106989e-05,5.05734291e-05,-0.0002468750331,-3.547330572e-05,0,0,0,0,0,0,6.950850445e-06,0,0,-0.0002538258835,-0.002930950819,-0.02842807253,11.54726517,0,-0.002930925644,0.02842807253,2.531688556e-05,-0.0338444663,1.000246875,-0.0002031764869,5.316049564,0.0338444663,0.0002031764869,5.350122523,5.350122523,0.01428563069,0.2407555135,-7.190534943e-06,-6.711165947e-05,1.629854587e-05,-4.697816163e-05,0.2407555135,-0.0001136104521,-7.047780123e-06,-6.577928115e-05,1.597496828e-05,-4.60454968e-05,0.2359757565,-0.0001113549259,0,0,0,0,0,0
14.1,0,0.9755282581,5.05734291e-05,3.73907817e-05,-1.414138539e-05,5.10527981e-05,-0.0002471147175,-3.499393672e-05,0.001047197551,0,0,0,0,0,6.950850445e-06,0,0,-0.000254065568,-0.00293371852,-0.02845491599,11.54726566,0,-0.002933693273,0.02845491599,0.0006124356109,-0.03387642712,1.000247115,-0.0002031709042,5.321069289,0.03387642712,0.0002031709042,5.355761323,5.355761323,0.0142717552,0.2410092595,-0.0001095134451,-6.902913545e-05,1.581917688e-05,-4.793689962e-05,0.2410092595,-0.0001145691901,-0.0001068334603,-6.733987227e-05,1.543205406e-05,-4.676380019e-05,0.2351113431,-0.0001117654824,0,0,0,0,0,0
14.11,0,0.9704403845,5.129248259e-05,3.81098352e-05,-1.414138539e-05,5.177185159e-05,-0.0002466353486,-3.499393672e-05,0,0,0,0,0,0,6.950850445e-06,0,0,-0.000253586199,-0.002928183119,-0.02840122908,11.54726468,0,-0.002928158015,0.02840122908,-0.0004646741953,-0.03381250549,1.000246635,-0.000202590424,5.311029837,0.03381250549,0.000202590424,5.344580259,5.344580259,0.01425789373,0.2405061117,-6.231796951e-06,-7.046724244e-05,1.581917688e-05,-4.937500661e-05,0.2405061117,-0.0001145691901,-6.047587429e-06,-6.838425785e-05,1.535156809e-05,-4.79155004e-05,0.2333968435,-0.0001111825689,0,0,0,0,0,0
14.12,0,0.9648882429,5.08131136e-05,3.76304662e-05,-1.510012338e-05,5.129248259e-05,-0.0002471147175,-3.571299022e-05,0,0,0,0,0,0,6.950850445e-06,0,0,-0.000254065568,-0.00293371852,-0.02845491599,11.54726566,0,-0.002933693273,0.02845491599,0.0006281436952,-0.03387642712,1.000247115,-0.0002027764422,5.321069289,0.03387642712,0.0002027764422,5.355776636,5.355776636,0.01424404627,0.2410099486,-5.273058958e-06,-6.950850445e-05,1.773665286e-05,-4.841626862e-05,0.2410099486,-0.0001131310831,-5.087912593e-06,-6.706793873e-05,1.711388781e-05,-4.671628836e-05,0.2325476659,-0.000109158852,0,0,0,0,0,0
14.13,0,0.9588773128,5.10527981e-05,3.715109721e-05,-1.462075438e-05,5.249090509e-05,-0.000247354402,-3.523362122e-05,0,0,0,0,0,0,6.950850445e-06,0,0,-0.0002543052525,-0.002936486221,-0.02848175944,11.54726615,0,-0.002936460903,0.02848175944,0.001181482677,-0.03390838794,1.000247354,-0.00020277071,5.326089014,0.03390838794,0.00020277071,5.361381656,5.361381656,0.01423021257,0.2412621745,-5.752427955e-06,-6.854976646e-05,1.677791487e-05,-5.08131136e-05,0.2412621745,-0.0001140898211,-5.515872659e-06,-6.573081586e-05,1.608796192e-05,-4.872354182e-05,0.2313408256,-0.0001093981411,0,0,0,0,0,0
14.14,0,0.9524135262,5.10527981e-05,3.643204371e-05,-1.486043888e-05,5.249090509e-05,-0.000247354402,-3.523362122e-05,0,0,0,0,0,0,6.950850445e-06,0,0,-0.0002543052525,-0.002936486221,-0.02848175944,11.54726615,0,-0.002936460903,0.02848175944,0.00110608579,-0.03390838794,1.000247354,-0.0002025737946,5.326089014,0.03390838794,0.0002025737946,5.361306062,5.361306062,0.01421639332,0.2412587728,-5.752427955e-06,-6.711165947e-05,1.725728386e-05,-5.08131136e-05,0.2412587728,-0.0001140898211,-5.478690192e-06,-6.391805225e-05,1.643607058e-05,-4.83950967e-05,0.2297781185,-0.0001086606888,0,0,0,0,0,0
14.15,0,0.9455032621,5.05734291e-05,3.619235921e-05,-1.438106989e-05,5.177185159e-05,-0.0002471147175,-3.427488323e-05,0,0,0,0,0,0,6.950850445e-06,0,0,-0.000254065568,-0.00293371852,-0.02845491599,11.54726566,0,-0.002933693273,0.02845491599,0.0005506246296,-0.03387642712,1.000247115,-0.0002021862387,5.321069289,0.03387642712,0.0002021862387,5.355698527,5.355698527,0.01420258749,0.2410064337,-4.793689962e-06,-6.663229047e-05,1.629854587e-05,-4.937500661e-05,0.2410064337,-0.0001160072971,-4.532449497e-06,-6.3001048e-05,1.541032829e-05,-4.668422981e-05,0.2278723693,-0.0001096852778,0,0,0,0,0,0
14.16,0,0.93815334,5.05734291e-05,3.619235921e-05,-1.462075438e-05,5.129248259e-05,-0.0002471147175,-3.499393672e-05,0,0,0,0,0,0,6.950850445e-06,0,0,-0.000254065568,-0.00293371852,-0.02845491599,11.54726566,0,-0.002933693273,0.02845491599,0.0005324951779,-0.03387642712,1.000247115,-0.0002019898977,5.321069289,0.03387642712,0.0002019898977,5.355680201,5.355680201,0.01418879554,0.2410056091,-4.793689962e-06,-6.663229047e-05,1.677791487e-05,-4.841626862e-05,0.2410056091,-0.0001145691901,-4.497216249e-06,-6.251130586e-05,1.574025687e-05,-4.542188411e-05,0.2261002171,-0.0001074834683,0,0,0,0,0,0
14.17,0,0.9303710135,5.129248259e-05,3.667172821e-05,-1.486043888e-05,5.177185159e-05,-0.0002461559796,-3.547330572e-05,0,0,0,0,0,0,6.950850445e-06,0,0,-0.00025310683,-0.002922647718,-0.02834754216,11.54726369,0,-0.002922622757,0.02834754216,-0.001667260634,-0.03374858388,1.000246156,-0.0002010318674,5.300990384,0.03374858388,0.0002010318674,5.333272739,5.333272739,0.01417501446,0.2399972733,-6.231796951e-06,-6.759102847e-05,1.725728386e-05,-4.937500661e-05,0.2399972733,-0.0001136104521,-5.797883245e-06,-6.288473366e-05,1.605567668e-05,-4.593707494e-05,0.2232865064,-0.0001056998715,0,0,0,0,0,0
14.18,0,0.9221639627,5.05734291e-05,3.691141271e-05,-1.486043888e-05,5.225122059e-05,-0.0002468750331,-3.547330572e-05,0,0,0,0,0,0,6.950850445e-06,0,0,-0.0002538258835,-0.002930950819,-0.02842807253,11.54726517,0,-0.002930925644,0.02842807253,-2.364830096e-05,-0.0338444663,1.000246875,-0.0002014074842,5.316049564,0.0338444663,0.0002014074842,5.350071789,5.350071789,0.01416124992,0.2407532305,-4.793689962e-06,-6.807039746e-05,1.725728386e-05,-5.03337446e-05,0.2407532305,-0.0001136104521,-4.420568132e-06,-6.277206747e-05,1.591404527e-05,-4.641596538e-05,0.2220139531,-0.0001047674647,0,0,0,0,0,0
14.19,0,0.9135402871,5.10527981e-05,3.691141271e-05,-1.414138539e-05,5.225122059e-05,-0.0002471147175,-3.667172821e-05,0,0,0,0,0,0,6.950850445e-06,0,0,-0.000254065568,-0.00293371852,-0.02845491599,11.54726566,0,-0.002933693273,0.02845491599,0.0004474513496,-0.03387642712,1.000247115,-0.0002014020142,5.321069289,0.03387642712,0.0002014020142,5.35559457,5.35559457,0.01414749974,0.2410017556,-5.752427955e-06,-6.807039746e-05,1.581917688e-05,-5.03337446e-05,0.2410017556,-0.0001112136071,-5.255074685e-06,-6.218505044e-05,1.445145538e-05,-4.59819035e-05,0.220164813,-0.0001015981106,0,0,0,0,0,0
14.2,0,0.9045084972,5.00940601e-05,3.715109721e-05,-1.438106989e-05,5.129248259e-05,-0.000247354402,-3.619235921e-05,0,0,0,0,0,0,6.950850445e-06,0,0,-0.0002543052525,-0.002936486221,-0.02848175944,11.54726615,0,-0.002936460903,0.02848175944,0.0007354469146,-0.03390838794,1.000247354,-0.0002013963925,5.326089014,0.03390838794,0.0002013963925,5.360934246,5.360934246,0.01413376485,0.2412420411,-3.83495197e-06,-6.854976646e-05,1.629854587e-05,-4.841626862e-05,0.2412420411,-0.0001121723451,-3.468746643e-06,-6.200384624e-05,1.474217323e-05,-4.379292637e-05,0.218205476,-0.0001014608393,0,0,0,0,0,0
14.21,0,0.8950775062,5.00940601e-05,3.643204371e-05,-1.414138539e-05,5.225122059e-05,-0.0002475940865,-3.523362122e-05,0,0,0,0,0,0,6.950850445e-06,0,0,-0.000254544937,-0.002939253921,-0.02850860288,11.54726664,0,-0.002939228532,0.02850860288,0.001130280814,-0.03394034877,1.000247594,-0.0002013905911,5.331108739,0.03394034877,0.0002013905911,5.366380759,5.366380759,0.01412004322,0.2414871342,-3.83495197e-06,-6.711165947e-05,1.581917688e-05,-5.03337446e-05,0.2414871342,-0.0001140898211,-3.432579245e-06,-6.007013679e-05,1.415938939e-05,-4.505260259e-05,0.2161497018,-0.0001021192325,0,0,0,0,0,0
14.22,0,0.8852566214,5.03337446e-05,3.667172821e-05,-1.438106989e-05,5.129248259e-05,-0.0002468750331,-3.547330572e-05,0,0,0,0,0,0,6.950850445e-06,0,0,-0.0002538258835,-0.002930950819,-0.02842807253,11.54726517,0,-0.002930925644,0.02842807253,-0.0005871893277,-0.0338444663,1.000246875,-0.0002006264569,5.316049564,0.0338444663,0.0002006264569,5.349507467,5.349507467,0.01410633492,0.240727836,-4.314320966e-06,-6.759102847e-05,1.629854587e-05,-4.841626862e-05,0.240727836,-0.0001136104521,-3.819281202e-06,-5.983540549e-05,1.442839565e-05,-4.286082237e-05,0.2131059108,-0.000100574405,0,0,0,0,0,0
14.23,0,0.8750555348,5.153216709e-05,3.76304662e-05,-1.462075438e-05,5.08131136e-05,-0.0002471147175,-3.475425223e-05,0,0,0,0,0,0,6.950850445e-06,0,0,-0.000254065568,-0.00293371852,-0.02845491599,11.54726566,0,-0.002933693273,0.02845491599,-7.136664156e-05,-0.03387642712,1.000247115,-0.000200621037,5.321069289,0.03387642712,0.000200621037,5.355074971,5.355074971,0.01409264009,0.2409783737,-6.711165947e-06,-6.950850445e-05,1.677791487e-05,-4.745753063e-05,0.2409783737,-0.0001150485591,-5.872642907e-06,-6.082380153e-05,1.468160727e-05,-4.152797484e-05,0.2108694597,-0.0001006738784,0,0,0,0,0,0
14.24,0,0.8644843137,5.201153609e-05,3.715109721e-05,-1.462075438e-05,5.129248259e-05,-0.0002468750331,-3.499393672e-05,0,0,0,0,0,0,6.950850445e-06,0,0,-0.0002538258835,-0.002930950819,-0.02842807253,11.54726517,0,-0.002930925644,0.02842807253,-0.0006840766296,-0.0338444663,1.000246875,-0.0002002371073,5.316049564,0.0338444663,0.0002002371073,5.34941019,5.34941019,0.01407895927,0.2407234586,-7.669903939e-06,-6.854976646e-05,1.677791487e-05,-4.841626862e-05,0.2407234586,-0.0001145691901,-6.630511643e-06,-5.926019781e-05,1.450424422e-05,-4.185510475e-05,0.2081016539,-9.904326767e-05,0,0,0,0,0,0
14.25,0,0.8535533906,5.201153609e-05,3.73907817e-05,-1.438106989e-05,5.201153609e-05,-0.0002468750331,-3.547330572e-05,0,0,0,0,0,0,6.950850445e-06,0,0,-0.0002538258835,-0.002930950819,-0.02842807253,11.54726517,0,-0.002930925644,0.02842807253,-0.0005714248004,-0.0338444663,1.000246875,-0.000200042708,5.316049564,0.0338444663,0.000200042708,5.349522648,5.349522648,0.01406529081,0.2407285191,-7.669903939e-06,-6.902913545e-05,1.629854587e-05,-4.985437561e-05,0.2407285191,-0.0001136104521,-6.546672513e-06,-5.892005261e-05,1.391167909e-05,-4.255337133e-05,0.2054746437,-9.697258659e-05,0,0,0,0,0,0
14.26,0,0.8422735529,5.129248259e-05,3.81098352e-05,-1.462075438e-05,5.177185159e-05,-0.0002480734555,-3.499393672e-05,0,0,0,0,0,0,6.950850445e-06,0,0,-0.000255024306,-0.002944789323,-0.02856228977,11.54726763,0,-0.00294476379,0.02856228977,0.001864596502,-0.03400427044,1.000248073,-0.0002007925646,5.341148188,0.03400427044,0.0002007925646,5.377217847,5.377217847,0.014051639,0.2419748031,-6.231796951e-06,-7.046724244e-05,1.677791487e-05,-4.937500661e-05,0.2419748031,-0.0001145691901,-5.248877759e-06,-5.935269466e-05,1.413159397e-05,-4.158726224e-05,0.2038089771,-9.64985988e-05,0,0,0,0,0,0
14.27,0,0.8306559326,5.05734291e-05,3.643204371e-05,-1.462075438e-05,5.273058958e-05,-0.000248792509,-3.523362122e-05,0,0,0,0,0,0,6.950850445e-06,0,0,-0.0002557433595,-0.002953092427,-0.02864282009,11.54726912,0,-0.002953066678,0.02864282009,0.002973708898,-0.03410015298,1.000248793,-0.0002011635754,5.356207357,0.03410015298,0.0002011635754,5.393482383,5.393482383,0.01403800307,0.2427067072,-4.793689962e-06,-6.711165947e-05,1.677791487e-05,-5.129248259e-05,0.2427067072,-0.0001140898211,-3.981907006e-06,-5.574669809e-05,1.393667452e-05,-4.260640497e-05,0.2016057662,-9.476938675e-05,0,0,0,0,0,0
14.28,0,0.8187119948,5.08131136e-05,3.619235921e-05,-1.510012338e-05,5.129248259e-05,-0.000249271878,-3.499393672e-05,0,0,0,0,0,0,6.950850445e-06,0,0,-0.0002562227285,-0.002958627831,-0.02869650696,11.54727011,0,-0.002958601936,0.02869650696,0.003408499744,-0.03416407471,1.000249272,-0.0002013452707,5.366246801,0.03416407471,0.0002013452707,5.404020721,5.404020721,0.01402438253,0.2431809324,-5.273058958e-06,-6.663229047e-05,1.773665286e-05,-4.841626862e-05,0.2431809324,-0.0001145691901,-4.317116619e-06,-5.455265545e-05,1.452121044e-05,-3.963897986e-05,0.1990951463,-9.379917017e-05,0,0,0,0,0,0
14.29,0,0.8064535268,5.10527981e-05,3.595267472e-05,-1.486043888e-05,5.129248259e-05,-0.0002490321935,-3.595267472e-05,0,0,0,0,0,0,6.950850445e-06,0,0,-0.000255983044,-0.002955860129,-0.02866966353,11.54726961,0,-0.002955834307,0.02866966353,0.002245746835,-0.03413211384,1.000249032,-0.0002009616701,5.361227079,0.03413211384,0.0002009616701,5.397805902,5.397805902,0.01401077614,0.2429012656,-5.752427955e-06,-6.615292148e-05,1.725728386e-05,-4.841626862e-05,0.2429012656,-0.0001126517141,-4.639065812e-06,-5.334925683e-05,1.391719743e-05,-3.904547058e-05,0.1958885823,-9.084837214e-05,0,0,0,0,0,0
14.3,0,0.7938926261,5.129248259e-05,3.691141271e-05,-1.510012338e-05,5.273058958e-05,-0.0002490321935,-3.595267472e-05,0,0,0,0.001047197551,0,0,6.950850445e-06,0,0,-0.000255983044,-0.002955860129,-0.02866966353,11.54726961,0,-0.002955834307,0.02866966353,0.001790654067,-0.03413211384,1.000249032,-0.0002007666989,5.361227079,0.03413211384,0.0002007666989,5.397350614,5.397350614,0.01399718305,0.2428807776,-6.231796951e-06,-6.807039746e-05,1.773665286e-05,-0.0001560122377,0.2428807776,-0.0001126517141,-4.947377647e-06,-5.40405866e-05,1.408099792e-05,-0.0001238569651,0.1928212584,-8.943336515e-05,0,0,0,0,0,0
14.31,0,0.7810416889,5.08131136e-05,3.571299022e-05,-1.486043888e-05,5.225122059e-05,-0.0002485528245,-3.643204371e-05,0,0,0,0,0,0,6.950850445e-06,0,0,-0.000255503675,-0.002950324726,-0.02861597665,11.54726862,0,-0.002950299048,0.02861597665,0.000218300898,-0.03406819213,1.000248553,-0.0002001961524,5.351187634,0.03406819213,0.0002001961524,5.385674324,5.385674324,0.01398360432,0.2423553446,-5.273058958e-06,-6.567355248e-05,1.725728386e-05,-5.03337446e-05,0.2423553446,-0.0001116929761,-4.118478874e-06,-5.129378234e-05,1.347865813e-05,-3.931275289e-05,0.1892896276,-8.72368707e-05,0,0,0,0,0,0
14.32,0,0.7679133974,5.177185159e-05,3.619235921e-05,-1.486043888e-05,5.153216709e-05,-0.000249751247,-3.571299022e-05,0,0,0,0,0,0,6.950850445e-06,0,0,-0.0002567020975,-0.002964163234,-0.02875019382,11.5472711,0,-0.002964137194,0.02875019382,0.002343846792,-0.03422799646,1.000249751,-0.0002009405134,5.376286243,0.03422799646,0.0002009405134,5.413059027,5.413059027,0.01397004085,0.2435876562,-7.190534943e-06,-6.663229047e-05,1.725728386e-05,-4.889563761e-05,0.2435876562,-0.0001131310831,-5.521708118e-06,-5.116782856e-05,1.325209948e-05,-3.75476152e-05,0.1870542247,-8.687487438e-05,0,0,0,0,0,0
14.33,0,0.7545207078,5.201153609e-05,3.619235921e-05,-1.486043888e-05,5.201153609e-05,-0.0002504703005,-3.571299022e-05,0,0,0,0,0,0,6.950850445e-06,0,0,-0.000257421151,-0.002972466341,-0.02883072408,11.5472726,0,-0.002972440081,0.02883072408,0.003199702927,-0.03432387912,1.00025047,-0.0002013082748,5.391345404,0.03432387912,0.0002013082748,5.429070294,5.429070294,0.01395649636,0.2443081632,-7.669903939e-06,-6.663229047e-05,1.725728386e-05,-4.985437561e-05,0.2443081632,-0.0001131310831,-5.787101349e-06,-5.027544297e-05,1.302097804e-05,-3.761615877e-05,0.1843355683,-8.53597449e-05,0,0,0,0,0,0
14.34,0,0.740876837,5.177185159e-05,3.643204371e-05,-1.557949238e-05,5.10527981e-05,-0.0002504703005,-3.643204371e-05,0,0,0,0,0,0,6.950850445e-06,0,0,-0.000257421151,-0.002972466341,-0.02883072408,11.5472726,0,-0.002972440081,0.02883072408,0.002690859126,-0.03432387912,1.00025047,-0.0002011130425,5.391345404,0.03432387912,0.0002011130425,5.428561255,5.428561255,0.01394296115,0.2442852565,-7.190534943e-06,-6.711165947e-05,1.869539085e-05,-4.793689962e-05,0.2442852565,-0.0001116929761,-5.327300785e-06,-4.972147399e-05,1.385098204e-05,-3.551533857e-05,0.1809852881,-8.275073886e-05,0,0,0,0,0,0
14.35,0,0.7269952498,5.225122059e-05,3.643204371e-05,-1.533980788e-05,5.177185159e-05,-0.000250709985,-3.595267472e-05,0,0,0,0,0,0,6.950850445e-06,0,0,-0.0002576608355,-0.002975234043,-0.0288575675,11.54727309,0,-0.00297520771,0.0288575675,0.00272377282,-0.03435584002,1.00025071,-0.0002011051806,5.396365123,0.03435584002,0.0002011051806,5.433645841,5.433645841,0.01392944024,0.2445140628,-8.149272936e-06,-6.711165947e-05,1.821602186e-05,-4.937500661e-05,0.2445140628,-0.0001126517141,-5.924482714e-06,-4.878985764e-05,1.324296136e-05,-3.589539527e-05,0.1777605622,-8.189726104e-05,0,0,0,0,0,0
14.36,0,0.7128896457,5.10527981e-05,3.643204371e-05,-1.510012338e-05,5.129248259e-05,-0.000251189354,-3.619235921e-05,0,0,0,0,0,0,6.950850445e-06,0,0,-0.0002581402045,-0.002980769448,-0.02891125433,11.54727409,0,-0.002980742968,0.02891125433,0.003330756899,-0.03441976183,1.000251189,-0.0002012841414,5.40640456,0.03441976183,0.0002012841414,5.444356363,5.444356363,0.01391593339,0.2449960363,-5.752427955e-06,-6.711165947e-05,1.773665286e-05,-4.841626862e-05,0.2449960363,-0.0001121723451,-4.100846327e-06,-4.784320714e-05,1.264427617e-05,-3.451545658e-05,0.1746551375,-7.996650337e-05,0,0,0,0,0,0
14.37,0,0.6985739453,5.10527981e-05,3.667172821e-05,-1.581917688e-05,5.129248259e-05,-0.000252148092,-3.571299022e-05,0,0,0,0,0,0,6.950850445e-06,0,0,-0.0002590989425,-0.00299184026,-0.02901862796,11.5472761,0,-0.002991813483,0.02901862796,0.00484968363,-0.03454760552,1.000252148,-0.0002018362059,5.426483429,0.03454760552,0.0002018362059,5.466082555,5.466082555,0.01390244206,0.245973715,-5.752427955e-06,-6.759102847e-05,1.917475985e-05,-4.841626862e-05,0.245973715,-0.0001131310831,-4.018496291e-06,-4.721733142e-05,1.339498764e-05,-3.382234378e-05,0.1718308285,-7.903042706e-05,0,0,0,0,0,0
14.38,0,0.6840622763,5.153216709e-05,3.619235921e-05,-1.581917688e-05,5.177185159e-05,-0.0002528671455,-3.499393672e-05,0,0,0,0,0,0,6.950850445e-06,0,0,-0.0002598179959,-0.00300014337,-0.02909915816,11.54727761,0,-0.00300011637,0.02909915816,0.005551152124,-0.03464348835,1.000252867,-0.0002022004429,5.441542576,0.03464348835,0.0002022004429,5.481939417,5.481939417,0.01388896733,0.2466872738,-6.711165947e-06,-6.663229047e-05,1.917475985e-05,-4.937500661e-05,0.2466872738,-0.0001145691901,-4.590855454e-06,-4.55806363e-05,1.311672987e-05,-3.377557941e-05,0.168749458,-7.837246097e-05,0,0,0,0,0,0
14.39,0,0.6693689601,5.10527981e-05,3.667172821e-05,-1.510012338e-05,5.05734291e-05,-0.00025310683,-3.475425223e-05,0,0,0,0,0,0,6.950850445e-06,0,0,-0.0002600576804,-0.003002911074,-0.02912600156,11.54727811,0,-0.003002883998,0.02912600156,0.00503145608,-0.03467544931,1.000253107,-0.0002021909435,5.446562291,0.03467544931,0.0002021909435,5.486471388,5.486471388,0.0138755084,0.2468912124,-5.752427955e-06,-6.759102847e-05,1.773665286e-05,-4.697816163e-05,0.2468912124,-0.0001150485591,-3.850496718e-06,-4.524333643e-05,1.187236488e-05,-3.14457232e-05,0.1652613141,-7.700993436e-05,0,0,0,0,0,0
14.4,0,0.6545084971,5.177185159e-05,3.715109721e-05,-1.510012338e-05,5.177185159e-05,-0.0002533465145,-3.427488323e-05,0,0,0,0,0,0,6.950850445e-06,0,0,-0.0002602973649,-0.003005678777,-0.02915284495,11.54727861,0,-0.003005651627,0.02915284495,0.004638846889,-0.03470741027,1.000253347,-0.0002021812867,5.451582006,0.03470741027,0.0002021812867,5.491130444,5.491130444,0.01386206348,0.24710087,-7.190534943e-06,-6.854976646e-05,1.773665286e-05,-4.937500661e-05,0.24710087,-0.0001160072971,-4.706266219e-06,-4.486640462e-05,1.160879001e-05,-3.231636137e-05,0.1617296191,-7.592776167e-05,0,0,0,0,0,0
14.41,0,0.639495553,5.249090509e-05,3.619235921e-05,-1.533980788e-05,5.10527981e-05,-0.000253586199,-3.475425223e-05,0,0,0,0,0,0,6.950850445e-06,0,0,-0.0002605370494,-0.003008446481,-0.02917968834,11.54727912,0,-0.003008419256,0.02917968834,0.004356907407,-0.03473937123,1.000253586,-0.0002021714719,5.45660172,0.03473937123,0.0002021714719,5.49590017,5.49590017,0.01384863246,0.2473155076,-8.628641932e-06,-6.663229047e-05,1.821602186e-05,-4.793689962e-05,0.2473155076,-0.0001150485591,-5.517978144e-06,-4.261105344e-05,1.164906497e-05,-3.065543413e-05,0.1581571673,-7.357304191e-05,0,0,0,0,0,0
14.42,0,0.6243449435,5.201153609e-05,3.619235921e-05,-1.557949238e-05,5.10527981e-05,-0.000253586199,-3.451456773e-05,0,0,0,0,0,0,6.950850445e-06,0,0,-0.0002605370494,-0.003008446481,-0.02917968834,11.54727912,0,-0.003008419256,0.02917968834,0.003539419452,-0.03473937123,1.000253586,-0.0002019756084,5.45660172,0.03473937123,0.0002019756084,5.495082486,5.495082486,0.01383521597,0.2472787119,-7.669903939e-06,-6.663229047e-05,1.869539085e-05,-4.793689962e-05,0.2472787119,-0.0001155279281,-4.788665742e-06,-4.160153363e-05,1.167237275e-05,-2.992916089e-05,0.1543872134,-7.212927774e-05,0,0,0,0,0,0
14.43,0,0.6090716206,5.03337446e-05,3.619235921e-05,-1.653823037e-05,5.201153609e-05,-0.000255024306,-3.475425223e-05,0,0,0,0,0,0,6.950850445e-06,0,0,-0.0002619751564,-0.003025052707,-0.02934074863,11.54728216,0,-0.003025025028,0.02934074863,0.00607839132,-0.03493113714,1.000255024,-0.0002028942705,5.486719994,0.03493113714,0.0002028942705,5.527932417,5.527932417,0.01382181344,0.2487569588,-4.314320966e-06,-6.663229047e-05,2.061286684e-05,-4.985437561e-05,0.2487569588,-0.0001150485591,-2.627730463e-06,-4.058383715e-05,1.255471221e-05,-3.036488535e-05,0.151510804,-7.007281234e-05,0,0,0,0,0,0
14.44,0,0.5936906572,5.10527981e-05,3.571299022e-05,-1.510012338e-05,5.201153609e-05,-0.0002547846215,-3.451456773e-05,0,0,0.001047197551,0,0,0,6.950850445e-06,0,0,-0.0002617354719,-0.003022285002,-0.02931390526,11.54728165,0,-0.003022257399,0.02931390526,0.004567401014,-0.03489917614,1.000254785,-0.0002025122277,5.481700283,0.03489917614,0.0002025122277,5.521369372,5.521369372,0.01380842713,0.2484616218,-5.752427955e-06,-6.567355248e-05,-8.698310226e-05,-4.985437561e-05,0.2484616218,-0.0001155279281,-3.415162733e-06,-3.898977454e-05,-5.164105515e-05,-2.959807702e-05,0.1475093435,-6.858785156e-05,0,0,0,0,0,0
14.45,0,0.5782172325,5.129248259e-05,3.667172821e-05,-1.533980788e-05,5.153216709e-05,-0.000254544937,-3.379551423e-05,0,0,0,0,0,0,6.950850445e-06,0,0,-0.0002614957874,-0.003019517298,-0.02928706188,11.54728114,0,-0.003019489771,0.02928706188,0.003169441183,-0.03486721515,1.000254545,-0.000202130706,5.476680571,0.03486721515,0.000202130706,5.514919358,5.514919358,0.01379505182,0.2481713711,-6.231796951e-06,-6.759102847e-05,1.821602186e-05,-4.889563761e-05,0.2481713711,-0.0001169660351,-3.603332386e-06,-3.908229742e-05,1.053281774e-05,-2.827230026e-05,0.1434969634,-6.763177709e-05,0,0,0,0,0,0
14.46,0,0.5626666167,5.225122059e-05,3.715109721e-05,-1.533980788e-05,5.201153609e-05,-0.000255983044,-3.379551423e-05,0,0,0,-0.001047197551,0,0,6.950850445e-06,0,0,-0.0002629338944,-0.003036123526,-0.02944812211,11.54728419,0,-0.003036095543,0.02944812211,0.005490285626,-0.03505898119,1.000255983,-0.0002030460848,5.506798835,0.03505898119,0.0002030460848,5.547551148,5.547551148,0.01378169486,0.2496398017,-8.149272936e-06,-6.854976646e-05,1.821602186e-05,5.486537951e-05,0.2496398017,-0.0001169660351,-4.585323831e-06,-3.857066517e-05,1.024954739e-05,3.087091747e-05,0.1404639826,-6.581288323e-05,0,0,0,0,0,0
14.47,0,0.5470541566,5.129248259e-05,3.643204371e-05,-1.629854587e-05,5.08131136e-05,-0.0002571814665,-3.379551423e-05,0,0,0,0,0,0,6.950850445e-06,0,0,-0.0002641323169,-0.003049962053,-0.02958233891,11.54728674,0,-0.003049933685,0.02958233891,0.006938554599,-0.03521878638,1.000257181,-0.0002037745681,5.531897377,0.03521878638,0.0002037745681,5.574258492,5.574258492,0.0137683552,0.2508416322,-6.231796951e-06,-6.711165947e-05,2.013349784e-05,-4.745753063e-05,0.2508416322,-0.0001169660351,-3.409130425e-06,-3.671371227e-05,1.101411368e-05,-2.596183939e-05,0.1372239575,-6.398675567e-05,0,0,0,0,0,0
14.48,0,0.5313952597,5.129248259e-05,3.547330572e-05,-1.629854587e-05,5.08131136e-05,-0.0002576608355,-3.355582973e-05,0,0,0,0,0,-0.001047197551,6.950850445e-06,0,0,-0.0002646116859,-0.003055497465,-0.02963602562,11.54728777,0,-0.003055468942,0.02963602562,0.006712619454,-0.0352827085,1.000257661,-0.0002039470167,5.54193679,0.0352827085,0.0002039470167,5.584136065,5.584136065,0.01375503102,0.2512861229,-6.231796951e-06,-6.519418349e-05,2.013349784e-05,-4.745753063e-05,0.2512861229,-1.272564895e-05,-3.311547359e-06,-3.464388006e-05,1.069884531e-05,-2.521870681e-05,0.1335322546,-6.76234953e-06,0,0,0,0,0,0
14.49,0,0.5157053795,5.03337446e-05,3.643204371e-05,-1.533980788e-05,5.225122059e-05,-0.0002576608355,-3.403519873e-05,0,0,0,0,0,0,6.950850445e-06,0,0,-0.0002646116859,-0.003055497465,-0.02963602562,11.54728777,0,-0.003055468942,0.02963602562,0.005522509814,-0.0352827085,1.000257661,-0.0002037496678,5.54193679,0.0352827085,0.0002037496678,5.582945758,5.582945758,0.01374172104,0.2512325591,-4.314320966e-06,-6.711165947e-05,1.821602186e-05,-5.03337446e-05,0.2512325591,-0.0001164866661,-2.224918531e-06,-3.460984381e-05,9.394100464e-06,-2.595738286e-05,0.1295619822,-6.007280034e-05,0,0,0,0,0,0
14.5,0,0.4999999999,5.03337446e-05,3.73907817e-05,-1.510012338e-05,5.129248259e-05,-0.0002581402045,-3.403519873e-05,0,0,0,0,0,0,6.950850445e-06,0,0,-0.0002650910549,-0.003061032877,-0.02968971231,11.54728879,0,-0.003061004199,0.02968971231,0.005502325883,-0.03534663064,1.00025814,-0.0002039214683,5.551976202,0.03534663064,0.0002039214683,5.59302908,5.59302908,0.01372842547,0.2516863086,-4.314320966e-06,-6.902913545e-05,1.773665286e-05,-4.841626862e-05,0.2516863086,-0.0001164866661,-2.157160483e-06,-3.451456772e-05,8.868326429e-06,-2.420813431e-05,0.1258431543,-5.824333303e-05,0,0,0,0,0,0
14.51,0,0.4842946204,5.05734291e-05,3.715109721e-05,-1.581917688e-05,5.129248259e-05,-0.0002581402045,-3.427488323e-05,0,0,0,0,0,0,6.950850445e-06,0,0,-0.0002650910549,-0.003061032877,-0.02968971231,11.54728879,0,-0.003061004199,0.02968971231,0.004508940173,-0.03534663064,1.00025814,-0.0002037241839,5.551976202,0.03534663064,0.0002037241839,5.592035497,5.592035497,0.01371514391,0.2516415974,-4.793689962e-06,-6.854976646e-05,1.917475985e-05,-4.841626862e-05,0.2516415974,-0.0001160072971,-2.321558261e-06,-3.319828313e-05,9.286233042e-06,-2.344773843e-05,0.1218686719,-5.618170991e-05,0,0,0,0,0,0
14.52,0,0.4686047402,5.03337446e-05,3.643204371e-05,-1.510012338e-05,5.129248259e-05,-0.0002590989425,-3.523362122e-05,0,0,0,0,0,0,6.950850445e-06,0,0,-0.0002660497929,-0.003072103703,-0.02979708567,11.54729085,0,-0.003072074713,0.02979708567,0.005670247415,-0.03547447498,1.000259099,-0.0002042635678,5.57205502,0.03547447498,0.0002042635678,5.613404006,5.613404006,0.0137018773,0.2526031803,-4.314320966e-06,-6.711165947e-05,1.773665286e-05,-4.841626862e-05,0.2526031803,-0.0001140898211,-2.021711255e-06,-3.144884175e-05,8.311479605e-06,-2.268809298e-05,0.1183710476,-5.346303097e-05,0,0,0,0,0,0
14.53,0,0.4529458433,5.177185159e-05,3.667172821e-05,-1.438106989e-05,5.03337446e-05,-0.0002590989425,-3.403519873e-05,0,0,0,0,0,0,6.950850445e-06,0,0,-0.0002660497929,-0.003072103703,-0.02979708567,11.54729085,0,-0.003072074713,0.02979708567,0.004757099974,-0.03547447498,1.000259099,-0.0002040659985,5.57205502,0.03547447498,0.0002040659985,5.612490661,5.612490661,0.01368862452,0.2525620797,-7.190534943e-06,-6.759102847e-05,1.629854587e-05,-4.649879263e-05,0.2525620797,-0.0001164866661,-3.256922914e-06,-3.061507539e-05,7.382358604e-06,-2.106143484e-05,0.1143969442,-5.27621512e-05,0,0,0,0,0,0
14.54,0,0.4373333832,5.129248259e-05,3.595267472e-05,-1.486043888e-05,5.08131136e-05,-0.0002607767339,-3.451456773e-05,0,0,0,0,0,0,6.950850445e-06,0,0,-0.0002677275844,-0.003091477653,-0.02998498895,11.54729447,0,-0.003091448111,0.02998498895,0.00727875565,-0.03569820281,1.000260777,-0.0002051549889,5.607192934,0.03569820281,0.0002051549889,5.650375047,5.650375047,0.01367538946,0.2542668771,-6.231796951e-06,-6.615292148e-05,1.725728386e-05,-4.745753063e-05,0.2542668771,-0.0001155279281,-2.725372844e-06,-2.893088096e-05,7.547186336e-06,-2.075476242e-05,0.1111993936,-5.052421964e-05,0,0,0,0,0,0
14.55,0,0.4217827674,5.05734291e-05,3.595267472e-05,-1.510012338e-05,5.129248259e-05,-0.0002622148409,-3.427488323e-05,0,0,0,0,0,0,6.950850445e-06,0,0,-0.0002691656914,-0.003108083901,-0.03014604881,11.54729759,0,-0.00310805388,0.03014604881,0.008814529452,-0.03588996974,1.000262215,-0.0002060582491,5.637311128,0.03588996974,0.0002060582491,5.682221685,5.682221685,0.01366217643,0.2556999758,-4.793689962e-06,-6.615292148e-05,1.773665286e-05,-4.841626862e-05,0.2556999758,-0.0001160072971,-2.021895818e-06,-2.790216229e-05,7.481014528e-06,-2.042114777e-05,0.1078498434,-4.892987881e-05,0,0,0,0,0,0
14.56,0,0.4063093427,5.177185159e-05,3.691141271e-05,-1.510012338e-05,5.225122059e-05,-0.0002626942099,-3.403519873e-05,0,0,0,0,0,0,6.950850445e-06,0,0,-0.0002696450604,-0.003113619317,-0.03019973541,11.54729863,0,-0.003113589136,0.03019973541,0.008163367537,-0.03595389209,1.000262694,-0.000206225959,5.647350523,0.03595389209,0.000206225959,5.691674008,5.691674008,0.01364897588,0.2561253304,-7.190534943e-06,-6.807039746e-05,1.773665286e-05,-5.03337446e-05,0.2561253304,-0.0001164866661,-2.921581526e-06,-2.765763845e-05,7.206567764e-06,-2.045107068e-05,0.1040661146,-4.732962072e-05,0,0,0,0,0,0
14.57,0,0.3909283792,5.153216709e-05,3.667172821e-05,-1.581917688e-05,5.129248259e-05,-0.0002648513704,-3.403519873e-05,0,0,0,-0.001047197551,0,0,6.950850445e-06,0,0,-0.0002718022209,-0.0031385287,-0.030441325,11.54730336,0,-0.003138497788,0.030441325,0.01104874814,-0.03624154298,1.000264851,-0.0002076758243,5.692527775,0.03624154298,0.0002076758243,5.740025742,5.740025742,0.01363579348,0.2583011584,-6.711165947e-06,-6.759102847e-05,1.917475985e-05,5.63034865e-05,0.2583011584,-0.0001164866661,-2.623585227e-06,-2.642325121e-05,7.49595779e-06,2.201063072e-05,0.1009772532,-4.553794357e-05,0,0,0,0,0,0
14.58,0,0.3756550564,5.10527981e-05,3.643204371e-05,-1.510012338e-05,5.05734291e-05,-0.0002662894774,-3.379551423e-05,0,0,0,0,0,0,6.950850445e-06,0,0,-0.0002732403278,-0.00315513496,-0.03060238462,11.54730652,0,-0.003155103555,0.03060238462,0.01211082826,-0.03643331051,1.000266289,-0.0002085736293,5.722645923,0.03643331051,0.0002085736293,5.771398636,5.771398636,0.01362262876,0.2597129386,-5.752427955e-06,-6.711165947e-05,1.773665286e-05,-4.697816163e-05,0.2597129386,-0.0001169660351,-2.160928647e-06,-2.521083422e-05,6.66286333e-06,-1.764758395e-05,0.09756247859,-4.39388825e-05,0,0,0,0,0,0
14.59,0,0.3605044469,5.129248259e-05,3.81098352e-05,-1.533980788e-05,5.05734291e-05,-0.0002667688464,-3.379551423e-05,0,0,0,0,0,0,6.950850445e-06,0,0,-0.0002737196968,-0.003160670381,-0.03065607114,11.54730758,0,-0.00316063881,0.03065607114,0.01082860148,-0.03649723306,1.000266769,-0.0002087380892,5.732685302,0.03649723306,0.0002087380892,5.780219875,5.780219875,0.01360948186,0.2601098944,-6.231796951e-06,-7.046724244e-05,1.821602186e-05,-4.697816163e-05,0.2601098944,-0.0001169660351,-2.246590513e-06,-2.540375426e-05,6.566956884e-06,-1.693583618e-05,0.09377077361,-4.216677578e-05,0,0,0,0,0,0
14.6,0,0.3454915028,5.08131136e-05,3.73907817e-05,-1.510012338e-05,5.225122059e-05,-0.0002679672689,-3.427488323e-05,0,0,0,0,0,0,6.950850445e-06,0,0,-0.0002749181193,-0.003174508936,-0.03079028739,11.54731024,0,-0.003174476949,0.03079028739,0.01137495077,-0.03665703955,1.000267967,-0.0002094501748,5.757783742,0.03665703955,0.0002094501748,5.806025182,5.806025182,0.01359635017,0.2612711332,-5.273058958e-06,-6.902913545e-05,1.773665286e-05,-5.03337446e-05,0.2612711332,-0.0001160072971,-1.821797064e-06,-2.384897974e-05,6.12786285e-06,-1.738988106e-05,0.09026695644,-4.00795354e-05,0,0,0,0,0,0
14.61,0,0.3306310398,5.153216709e-05,3.667172821e-05,-1.414138539e-05,5.153216709e-05,-0.0002674878999,-3.451456773e-05,0,0,0,0,0,0,6.950850445e-06,0,0,-0.0002744387503,-0.003168973514,-0.03073660089,11.54730918,0,-0.003168941694,0.03073660089,0.008379832385,-0.03659311694,1.000267488,-0.0002088830517,5.747744367,0.03659311694,0.0002088830517,5.7929262,5.7929262,0.01358323251,0.260681679,-6.711165947e-06,-6.759102847e-05,1.581917688e-05,-4.889563761e-05,0.260681679,-0.0001155279281,-2.218919775e-06,-2.234769202e-05,5.230310899e-06,-1.616641551e-05,0.08618945459,-3.819711899e-05,0,0,0,0,0,0
14.62,0,0.3159377236,5.225122059e-05,3.73907817e-05,-1.486043888e-05,5.153216709e-05,-0.0002677275844,-3.379551423e-05,0,-0.001047197551,0,0,0,0,6.950850445e-06,0,0,-0.0002746784348,-0.003171741225,-0.03076344414,11.54730971,0,-0.003171709321,0.03076344414,0.007304446873,-0.03662507824,1.000267728,-0.0002088638851,5.752764055,0.03662507824,0.0002088638851,5.796902444,5.796902444,0.01357012855,0.26086061,-8.149272936e-06,3.569061966e-05,1.725728386e-05,-4.889563761e-05,0.26086061,-0.0001169660351,-2.57466274e-06,1.127601313e-05,5.45222698e-06,-1.544797644e-05,0.08241570729,-3.695398286e-05,0,0,0,0,0,0
14.63,0,0.3014260546,5.153216709e-05,3.643204371e-05,-1.462075438e-05,5.129248259e-05,-0.0002689260069,-3.355582973e-05,0,0,0,0,0,0,6.950850445e-06,0,0,-0.0002758768573,-0.003185579783,-0.03089766035,11.54731237,0,-0.00318554746,0.03089766035,0.008400501122,-0.03678488485,1.000268926,-0.0002095732945,5.777862485,0.03678488485,0.0002095732945,5.823257444,5.823257444,0.01355704024,0.262046585,-6.711165947e-06,-6.711165947e-05,1.677791487e-05,-4.841626862e-05,0.262046585,-0.0001174454041,-2.022920273e-06,-2.022920273e-05,5.057300683e-06,-1.459392483e-05,0.07898766824,-3.540110478e-05,0,0,0,0,0,0
14.64,0,0.2871103542,5.177185159e-05,3.691141271e-05,-1.510012338e-05,5.153216709e-05,-0.0002710831674,-3.427488323e-05,0,0,0,0,0,0,6.950850445e-06,0,0,-0.0002780340178,-0.003210489195,-0.03113924936,11.5473172,0,-0.003210456107,0.03113924936,0.01129772658,-0.03707253711,1.000271083,-0.0002110092298,5.82303963,0.03707253711,0.0002110092298,5.871620903,5.871620903,0.01354397067,0.2642229406,-7.190534943e-06,-6.807039746e-05,1.773665286e-05,-4.889563761e-05,0.2642229406,-0.0001160072971,-2.064477034e-06,-1.954371592e-05,5.092376684e-06,-1.403844383e-05,0.07586114206,-3.330689615e-05,0,0,0,0,0,0
14.65,0,0.2730047501,5.129248259e-05,3.715109721e-05,-1.462075438e-05,5.05734291e-05,-0.0002725212743,-3.427488323e-05,0,0,0,0,0,0,6.950850445e-06,0,0,-0.0002794721248,-0.003227095475,-0.03130030858,11.54732044,0,-0.003227061872,0.03130030858,0.01221930585,-0.03726430556,1.000272521,-0.0002118968438,5.853157705,0.03726430556,0.0002118968438,5.902853213,5.902853213,0.01353092009,0.2656283946,-6.231796951e-06,-6.854976646e-05,1.677791487e-05,-4.697816163e-05,0.2656283946,-0.0001160072971,-1.701310169e-06,-1.871441186e-05,4.580450455e-06,-1.282526127e-05,0.07251781348,-3.167054315e-05,0,0,0,0,0,0
14.66,0,0.2591231629,5.129248259e-05,3.76304662e-05,-1.414138539e-05,5.153216709e-05,-0.0002737196968,-3.451456773e-05,0,0,0.001047197551,0,0,0,6.950850445e-06,0,0,-0.0002806705473,-0.003240934046,-0.03143452454,11.54732316,0,-0.003240900008,0.03143452454,0.01256913934,-0.03742411276,1.00027372,-0.0002126010291,5.878256088,0.03742411276,0.0002126010291,5.928461942,5.928461942,0.01351788979,0.2667807874,-6.231796951e-06,-6.950850445e-05,-8.890057824e-05,-4.889563761e-05,0.2667807874,-0.0001155279281,-1.614802936e-06,-1.801126352e-05,-2.303619902e-05,-1.266999227e-05,0.06912908142,-2.993596213e-05,0,0,0,0,0,0
14.67,0,0.2454792921,5.10527981e-05,3.667172821e-05,-1.462075438e-05,5.10527981e-05,-0.0002744387503,-3.427488323e-05,0,0,0,0,0,0,6.950850445e-06,0,0,-0.0002813896008,-0.00324923719,-0.03151505408,11.54732479,0,-0.00324920289,0.03151505408,0.01185162448,-0.03751999715,1.000274439,-0.0002129407236,5.893315113,0.03751999715,0.0002129407236,5.942899675,5.942899675,0.01350487252,0.2674304854,-5.752427955e-06,-6.759102847e-05,1.677791487e-05,-4.793689962e-05,0.2674304854,-0.0001160072971,-1.412101942e-06,-1.659219782e-05,4.118630664e-06,-1.176751618e-05,0.06564864623,-2.847738916e-05,0,0,0,0,0,0
14.68,0,0.2320866025,5.129248259e-05,3.76304662e-05,-1.486043888e-05,5.10527981e-05,-0.0002746784348,-3.427488323e-05,0,0,0,0,0,0,6.950850445e-06,0,0,-0.0002816292853,-0.003252004905,-0.03154189725,11.54732534,0,-0.003251970517,0.03154189725,0.01018728129,-0.03755195863,1.000274678,-0.0002129170142,5.898334787,0.03755195863,0.0002129170142,5.946286944,5.946286944,0.01349187071,0.2675829125,-6.231796951e-06,-6.950850445e-05,1.725728386e-05,-4.793689962e-05,0.2675829125,-0.0001160072971,-1.446316582e-06,-1.613199264e-05,4.00518438e-06,-1.112551217e-05,0.06210240903,-2.692373944e-05,0,0,0,0,0,0
14.69,0,0.218958311,4.961469111e-05,3.76304662e-05,-1.533980788e-05,5.273058958e-05,-0.0002749181193,-3.451456773e-05,0,0,0,0,0,0,6.950850445e-06,0,0,-0.0002818689698,-0.00325477262,-0.03156874043,11.54732588,0,-0.003254738144,0.03156874043,0.008916646434,-0.03758392011,1.000274918,-0.0002128931621,5.90335446,0.03758392011,0.0002128931621,5.95006792,5.95006792,0.01347888198,0.2677530564,-2.876213977e-06,-6.950850445e-05,1.821602186e-05,-5.129248259e-05,0.2677530564,-0.0001155279281,-6.297709546e-07,-1.521946474e-05,3.988549379e-06,-1.123091536e-05,0.058626757,-2.529580001e-05,0,0,0,0,0,0
14.7,0,0.2061073738,5.10527981e-05,3.715109721e-05,-1.462075438e-05,5.225122059e-05,-0.0002751578038,-3.379551423e-05,0,0,0,0,0,0,6.950850445e-06,0,0,-0.0002821086543,-0.003257540335,-0.0315955836,11.54732643,0,-0.003257505771,0.0315955836,0.00777483569,-0.0376158816,1.000275158,-0.0002128691944,5.908374133,0.0376158816,0.0002128691944,5.953977719,5.953977719,0.01346590802,0.2679289974,-5.752427955e-06,-6.854976646e-05,1.677791487e-05,-5.03337446e-05,0.2679289974,-0.0001169660351,-1.185617819e-06,-1.412861234e-05,3.458051971e-06,-1.037415591e-05,0.05522214202,-2.410756231e-05,0,0,0,0,0,0
14.71,0,0.1935464731,5.177185159e-05,3.78701507e-05,-1.486043888e-05,5.05734291e-05,-0.0002765959108,-3.379551423e-05,0,0,0,0,0,0,6.950850445e-06,0,0,-0.0002835467613,-0.003274146629,-0.03175664257,11.54732972,0,-0.003274111534,0.03175664257,0.009323113586,-0.03780765066,1.000276596,-0.0002137490193,5.93849216,0.03780765066,0.0002137490193,5.985836673,5.985836673,0.01345294999,0.2693626503,-7.190534943e-06,-6.998787345e-05,1.725728386e-05,-4.697816163e-05,0.2693626503,-0.0001169660351,-1.391702678e-06,-1.354590607e-05,3.340086428e-06,-9.092457497e-06,0.05213419096,-2.263836356e-05,0,0,0,0,0,0
14.72,0,0.1812880051,5.249090509e-05,3.667172821e-05,-1.390170089e-05,5.08131136e-05,-0.0002770752798,-3.403519873e-05,0,0,0,0,0,0,6.950850445e-06,0,0,-0.0002840261303,-0.003279682061,-0.03181032887,11.54733081,0,-0.003279646788,0.03181032887,0.008515696737,-0.03787157373,1.000277075,-0.0002139046129,5.948531499,0.03787157373,0.0002139046129,5.995132674,5.995132674,0.01344000901,0.2697809703,-8.628641932e-06,-6.759102847e-05,1.533980788e-05,-4.745753063e-05,0.2697809703,-0.0001164866661,-1.564269282e-06,-1.225344271e-05,2.780923169e-06,-8.603481053e-06,0.04890805392,-2.111763531e-05,0,0,0,0,0,0
14.73,0,0.1693440673,5.153216709e-05,3.73907817e-05,-1.462075438e-05,5.177185159e-05,-0.0002806705473,-3.355582973e-05,0,0,0,0,0,0,6.950850445e-06,0,0,-0.0002876213977,-0.00332119782,-0.03221297581,11.54733912,0,-0.00332116119,0.03221297581,0.01413061151,-0.03835099752,1.000280671,-0.0002164055349,6.023826477,0.03835099752,0.0002164055349,6.076524492,6.076524492,0.01342709333,0.2734436021,-6.711165947e-06,-6.902913545e-05,1.677791487e-05,-4.937500661e-05,0.2734436021,-0.0001174454041,-1.136496138e-06,-1.168967456e-05,2.841240344e-06,-8.361364442e-06,0.04630605176,-1.988868241e-05,0,0,0,0,0,0
14.74,0,0.157726447,5.225122059e-05,3.715109721e-05,-1.438106989e-05,5.153216709e-05,-0.0002813896008,-3.403519873e-05,0,0,0,0,0,0,6.950850445e-06,0,0,-0.0002883404512,-0.003329500976,-0.03229350513,11.5473408,0,-0.00332946407,0.03229350513,0.01292250073,-0.03844688244,1.00028139,-0.0002167384058,6.03888546,0.03844688244,0.0002167384058,6.090471581,6.090471581,0.01341419343,0.2740712212,-8.149272936e-06,-6.854976646e-05,1.629854587e-05,-4.889563761e-05,0.2740712212,-0.0001164866661,-1.285355866e-06,-1.081211111e-05,2.570711731e-06,-7.712135194e-06,0.04322827994,-1.837302796e-05,0,0,0,0,0,0
14.75,0,0.1464466094,5.129248259e-05,3.76304662e-05,-1.510012338e-05,5.153216709e-05,-0.0002837864458,-3.403519873e-05,0,0,0,0,0,0,6.950850445e-06,0,0,-0.0002907372962,-0.003357178169,-0.03256193603,11.5473464,0,-0.003357140336,0.03256193603,0.0153726879,-0.03876649926,1.000283786,-0.0002183311621,6.089082037,0.03876649926,0.0002183311621,6.143439555,6.143439555,0.01340131242,0.27645478,-6.231796951e-06,-6.950850445e-05,1.773665286e-05,-4.889563761e-05,0.27645478,-0.0001164866661,-9.126255337e-07,-1.01792848e-05,2.597472673e-06,-7.160600341e-06,0.04048586517,-1.705907728e-05,0,0,0,0,0,0
14.76,0,0.1355156863,5.10527981e-05,3.73907817e-05,-1.533980788e-05,5.129248259e-05,-0.0002842658148,-3.403519873e-05,0,0,0,0,0,0,6.950850445e-06,0,0,-0.0002912166652,-0.003362713609,-0.03261562217,11.54734753,0,-0.003362675589,0.03261562217,0.01365208032,-0.0388304227,1.000284266,-0.0002184813984,6.099121346,0.0388304227,0.0002184813984,6.151822331,6.151822331,0.01338844734,0.2768320049,-5.752427955e-06,-6.902913545e-05,1.821602186e-05,-4.841626862e-05,0.2768320049,-0.0001164866661,-7.795442219e-07,-9.354530662e-06,2.468556703e-06,-6.561163867e-06,0.03751507912,-1.578577049e-05,0,0,0,0,0,0
14.77,0,0.1249444651,5.08131136e-05,3.76304662e-05,-1.486043888e-05,5.00940601e-05,-0.0002842658148,-3.451456773e-05,0,0,0,0,0,0,6.950850445e-06,0,0,-0.0002912166652,-0.003362713609,-0.03261562217,11.54734753,0,-0.003362675589,0.03261562217,0.01119276893,-0.0388304227,1.000284266,-0.0002182716895,6.099121346,0.0388304227,0.0002182716895,6.14936281,6.14936281,0.01337559652,0.2767213264,-5.273058958e-06,-6.950850445e-05,1.725728386e-05,-4.601942364e-05,0.2767213264,-0.0001155279281,-6.588395312e-07,-8.684702912e-06,2.156202102e-06,-5.749872273e-06,0.03457479813,-1.443457518e-05,0,0,0,0,0,0
14.78,0,0.1147433786,5.08131136e-05,3.691141271e-05,-1.486043888e-05,5.10527981e-05,-0.0002847451838,-3.427488323e-05,0,0,0,0,0,0,6.950850445e-06,0,0,-0.0002916960342,-0.00336824905,-0.03266930831,11.54734866,0,-0.003368210841,0.03266930831,0.01009942945,-0.03889434616,1.000284745,-0.0002184213583,6.109160654,0.03889434616,0.0002184213583,6.158372851,6.158372851,0.01336276012,0.2771267783,-5.273058958e-06,-6.807039746e-05,1.725728386e-05,-4.793689962e-05,0.2771267783,-0.0001160072971,-6.050486003e-07,-7.810627386e-06,1.980159056e-06,-5.500441821e-06,0.03179846284,-1.331106921e-05,0,0,0,0,0,0
14.79,0,0.1049224938,5.129248259e-05,3.691141271e-05,-1.462075438e-05,5.10527981e-05,-0.0002845054993,-3.499393672e-05,0,0,0,0,0,0,6.950850445e-06,0,0,-0.0002914563497,-0.00336548133,-0.03264246524,11.5473481,0,-0.003365443215,0.03264246524,0.007744677806,-0.03886238443,1.000284505,-0.0002180323534,6.104141001,0.03886238443,0.0002180323534,6.150966095,6.150966095,0.01334993672,0.2767934743,-6.231796951e-06,-6.807039746e-05,1.677791487e-05,-4.793689962e-05,0.2767934743,-0.0001145691901,-6.538556768e-07,-7.142115854e-06,1.760380668e-06,-5.029659052e-06,0.02904186158,-1.202088513e-05,0,0,0,0,0,0
14.8,0,0.09549150278,5.201153609e-05,3.715109721e-05,-1.510012338e-05,5.10527981e-05,-0.0002852245527,-3.523362122e-05,0,0.001047197551,0,0,0,0,6.950850445e-06,0,0,-0.0002921754032,-0.003373784492,-0.03272299444,11.54734979,0,-0.003373746094,0.03272299444,0.007768022369,-0.03895826965,1.000285225,-0.0002183608301,6.11919996,0.03895826965,0.0002183608301,6.166144613,6.166144613,0.01333712738,0.2774765076,-7.669903939e-06,-0.0001732695216,1.773665286e-05,-4.793689962e-05,0.2774765076,-0.0001140898211,-7.324106533e-07,-1.6545767e-05,1.693699636e-06,-4.577566583e-06,0.02649664869,-1.089460847e-05,0,0,0,0,0,0
14.81,0,0.08645971283,5.201153609e-05,3.667172821e-05,-1.533980788e-05,5.129248259e-05,-0.0002854642372,-3.427488323e-05,0,0,0,0,0,0,6.950850445e-06,0,0,-0.0002924150877,-0.003376552212,-0.0327498375,11.54735036,0,-0.00337651372,0.0327498375,0.006794407405,-0.0389902314,1.000285464,-0.0002183304031,6.124219612,0.0389902314,0.0002183304031,6.170222581,6.170222581,0.01332433259,0.2776600161,-7.669903939e-06,-6.759102847e-05,1.821602186e-05,-4.841626862e-05,0.2776600161,-0.0001160072971,-6.63137692e-07,-5.843900911e-06,1.574952019e-06,-4.186056681e-06,0.02400640526,-1.002995759e-05,0,0,0,0,0,0
14.82,0,0.07783603722,5.153216709e-05,3.643204371e-05,-1.605886137e-05,5.08131136e-05,-0.0002864229752,-3.475425223e-05,0,0,0,0,0,0,6.950850445e-06,0,0,-0.0002933738257,-0.003387623097,-0.03285720971,11.54735263,0,-0.003387584225,0.03285720971,0.007467277454,-0.03911807848,1.000286423,-0.0002188365333,6.144298215,0.03911807848,0.0002188365333,6.191102408,6.191102408,0.01331155297,0.2785996083,-6.711165947e-06,-6.711165947e-05,1.965412884e-05,-4.745753063e-05,0.2785996083,-0.0001150485591,-5.223705624e-07,-5.223705624e-06,1.529799504e-06,-3.69390612e-06,0.02168508948,-8.954923927e-06,0,0,0,0,0,0
14.83,0,0.06962898647,5.129248259e-05,3.691141271e-05,-1.486043888e-05,5.10527981e-05,-0.0002888198202,-3.379551423e-05,0,0,0,0,0,0,6.950850445e-06,0,0,-0.0002957706707,-0.003415300319,-0.03312564005,11.54735834,0,-0.003415260487,0.03312564005,0.01110729052,-0.03943769661,1.00028882,-0.0002204138701,6.194494689,0.03943769661,0.0002204138701,6.24526009,6.24526009,0.01329879125,0.2810367041,-6.231796951e-06,-6.807039746e-05,1.725728386e-05,-4.793689962e-05,0.2810367041,-0.0001169660351,-4.339137056e-07,-4.739672784e-06,1.201607185e-06,-3.337797735e-06,0.01956830086,-8.144226474e-06,0,0,0,0,0,0
14.84,0,0.06184665995,5.153216709e-05,3.691141271e-05,-1.510012338e-05,5.225122059e-05,-0.0002919357187,-3.451456773e-05,0,0,0,0,0,0,6.950850445e-06,0,0,-0.0002988865691,-0.003451280728,-0.03347459909,11.54736582,0,-0.003451239624,0.03347459909,0.01525960785,-0.03985320113,1.000291936,-0.0002225238584,6.25975003,0.03985320113,0.0002225238584,6.315085363,6.315085363,0.01328605539,0.2841788413,-6.711165947e-06,-6.807039746e-05,1.773665286e-05,-5.03337446e-05,0.2841788413,-0.0001155279281,-4.150631982e-07,-4.209926725e-06,1.096952738e-06,-3.112973986e-06,0.01757551217,-7.145016483e-06,0,0,0,0,0,0
14.85,0,0.05449673788,5.05734291e-05,3.619235921e-05,-1.510012338e-05,5.225122059e-05,-0.0002940928792,-3.451456773e-05,0,0,0,0,0,0,6.950850445e-06,0,0,-0.0003010437296,-0.003476190256,-0.03371618586,11.54737105,0,-0.003476148255,0.03371618586,0.01715527503,-0.04014085874,1.000294093,-0.0002239162269,6.304926756,0.04014085874,0.0002239162269,6.362446806,6.362446806,0.01327333773,0.2863101062,-4.793689962e-06,-6.663229047e-05,1.773665286e-05,-5.03337446e-05,0.2863101062,-0.0001155279281,-2.612404653e-07,-3.631242468e-06,9.665897218e-07,-2.743024886e-06,0.01560296681,-6.295895215e-06,0,0,0,0,0,0
14.86,0,0.04758647374,5.177185159e-05,3.78701507e-05,-1.414138539e-05,5.129248259e-05,-0.0002955309862,-3.451456773e-05,0,0,0,0,0,0,6.950850445e-06,0,0,-0.0003024818366,-0.003492796614,-0.03387724358,11.54737456,0,-0.003492754008,0.03387724358,0.01695090666,-0.04033263078,1.000295531,-0.0002247712843,6.335044549,0.04033263078,0.0002247712843,6.392552858,6.392552858,0.01326064192,0.2876648786,-7.190534943e-06,-6.998787345e-05,1.581917688e-05,-4.841626862e-05,0.2876648786,-0.0001155279281,-3.421722023e-07,-3.330476102e-06,7.52778845e-07,-2.303959495e-06,0.01368895719,-5.497566717e-06,0,0,0,0,0,0
14.87,0,0.04112268714,5.153216709e-05,3.78701507e-05,-1.605886137e-05,5.320995858e-05,-0.0002984072001,-3.403519873e-05,0,0,0,0,-0.001047197551,0,6.950850445e-06,0,0,-0.0003053580506,-0.003526009346,-0.03524655628,11.54738163,0,-0.003525965512,0.03419935873,0.01982713063,-0.04071617554,1.001345879,-0.000234123917,6.591106024,0.04071617554,0.000234123917,6.651883454,6.651883454,0.01324797398,0.2993347554,-6.711165947e-06,-6.998787345e-05,1.965412884e-05,-5.225122059e-05,0.2993347554,-0.0001164866661,-2.759811776e-07,-2.878089423e-06,8.082305914e-07,-2.148710597e-06,0.0123094495,-4.790244725e-06,0,0,0,0,0,0
14.88,0,0.03511175703,5.129248259e-05,3.667172821e-05,-1.557949238e-05,5.153216709e-05,-0.0002988865691,-3.427488323e-05,0,-0.001047197551,0,0.001047197551,0,0,6.950850445e-06,0,0,-0.0003058374196,-0.003531544803,-0.03425304455,11.54738281,0,-0.003531500763,0.03425304455,0.017229166,-0.04078009976,1.000298887,-0.000226832156,6.40531933,0.04078009976,0.000226832156,6.463555428,6.463555428,0.0132353174,0.2908599943,-6.231796951e-06,3.712872665e-05,1.869539085e-05,-0.0001536153927,0.2908599943,-0.0001160072971,-2.188093404e-07,1.303654829e-06,6.564280213e-07,-5.393706346e-06,0.01021260545,-4.073220029e-06,0,0,0,0,0,0
14.89,0,0.0295596155,5.129248259e-05,3.73907817e-05,-1.462075438e-05,5.129248259e-05,-0.0002988865691,-3.379551423e-05,0,0,0,0,0,0,6.950850445e-06,0,0,-0.0003058374196,-0.003531544803,-0.03425304455,11.54738281,0,-0.003531500763,0.03425304455,0.01400548442,-0.04078009976,1.000298887,-0.0002266154915,6.40531933,0.04078009976,0.0002266154915,6.46033153,6.46033153,0.0132226754,0.2907149189,-6.231796951e-06,-6.902913545e-05,1.677791487e-05,-4.841626862e-05,0.2907149189,-0.0001169660351,-1.842095218e-07,-2.040474703e-06,4.959487124e-07,-1.431166284e-06,0.008593421222,-3.457471024e-06,0,0,0,0,0,0
14.9,0,0.02447174183,5.225122059e-05,3.715109721e-05,-1.438106989e-05,5.129248259e-05,-0.0002993659381,-3.427488323e-05,0,0,0,0,0,0,6.950850445e-06,0,0,-0.0003063167886,-0.003537080261,-0.03430673036,11.547384,0,-0.003537036013,0.03430673036,0.01235601173,-0.040844024,1.000299366,-0.000226754117,6.415358577,0.040844024,0.000226754117,6.468785366,6.468785366,0.01321004706,0.2910953415,-8.149272936e-06,-6.854976646e-05,1.629854587e-05,-4.841626862e-05,0.2910953415,-0.0001160072971,-1.994269034e-07,-1.677532188e-06,3.988538068e-07,-1.184830426e-06,0.007123610046,-2.838900625e-06,0,0,0,0,0,0
14.91,0,0.01985315715,5.153216709e-05,3.643204371e-05,-1.533980788e-05,5.10527981e-05,-0.0003008040451,-3.427488323e-05,0,0,0,0,0,0,6.950850445e-06,0,0,-0.0003077548956,-0.003553686637,-0.03446778772,11.54738757,0,-0.003553641764,0.03446778772,0.01302465805,-0.0410357969,1.000300804,-0.0002276017771,6.445476303,0.0410357969,0.0002276017771,6.49976436,6.49976436,0.01319743475,0.2924893962,-6.711165947e-06,-6.711165947e-05,1.821602186e-05,-4.793689962e-05,0.2924893962,-0.0001160072971,-1.332378322e-07,-1.332378322e-06,3.616455445e-07,-9.516988013e-07,0.005806837946,-2.303111099e-06,0,0,0,0,0,0
14.92,0,0.01570841942,5.129248259e-05,3.619235921e-05,-1.510012338e-05,5.08131136e-05,-0.0003008040451,-3.475425223e-05,0,0,0,0,0,0,6.950850445e-06,0,0,-0.0003077548956,-0.003553686637,-0.03446778772,11.54738757,0,-0.003553641764,0.03446778772,0.01065011733,-0.0410357969,1.000300804,-0.000227384521,6.445476303,0.0410357969,0.000227384521,6.497389602,6.497389602,0.01318483726,0.2923825321,-6.231796951e-06,-6.663229047e-05,1.773665286e-05,-4.745753063e-05,0.2923825321,-0.0001150485591,-9.789168025e-08,-1.046687966e-06,2.786147823e-07,-7.454827958e-07,0.004592867445,-1.80723102e-06,0,0,0,0,0,0
14.93,0,0.01204161902,5.201153609e-05,3.523362122e-05,-1.438106989e-05,5.153216709e-05,-0.0003008040451,-3.427488323e-05,0,0,0,0,0,0,6.950850445e-06,0,0,-0.0003077548956,-0.003553686637,-0.03446778772,11.54738757,0,-0.003553641764,0.03446778772,0.008617446608,-0.0410357969,1.000300804,-0.0002271674965,6.445476303,0.0410357969,0.0002271674965,6.495356714,6.495356714,0.0131722532,0.2922910521,-7.669903939e-06,-6.471481449e-05,1.629854587e-05,-4.889563761e-05,0.2922910521,-0.0001160072971,-9.235806115e-08,-7.792711409e-07,1.962608799e-07,-5.887826398e-07,0.003519657492,-1.396915675e-06,0,0,0,0,0,0
14.94,0,0.008856374625,5.201153609e-05,3.619235921e-05,-1.510012338e-05,5.08131136e-05,-0.0003020024676,-3.475425223e-05,0,0,0,0,0,0,6.950850445e-06,0,0,-0.0003089533181,-0.003567525289,-0.03460200211,11.54739055,0,-0.003567479889,0.03460200211,0.009373123645,-0.04119560782,1.000302002,-0.0002278350032,6.470574394,0.04119560782,0.0002278350032,6.52137096,6.52137096,0.01315968469,0.2934616932,-7.669903939e-06,-6.663229047e-05,1.773665286e-05,-4.745753063e-05,0.2934616932,-0.0001150485591,-6.792754263e-08,-5.901205266e-07,1.570824423e-07,-4.2030167e-07,0.002599006693,-1.018913139e-06,0,0,0,0,0,0
14.95,0,0.006155829694,5.201153609e-05,3.619235921e-05,-1.510012338e-05,5.129248259e-05,-0.0003017627831,-3.403519873e-05,0,0,0,0,0,0,6.950850445e-06,0,0,-0.0003087136336,-0.003564757558,-0.03457515923,11.54738996,0,-0.003564712264,0.03457515923,0.007132020299,-0.04116364562,1.000301763,-0.0002274409484,6.465554777,0.04116364562,0.0002274409484,6.514077883,6.514077883,0.01314712948,0.2931335048,-7.669903939e-06,-6.663229047e-05,1.773665286e-05,-4.841626862e-05,0.2931335048,-0.0001164866661,-4.721462242e-08,-4.101770322e-07,1.091838143e-07,-2.98042304e-07,0.001804479933,-7.17072078e-07,0,0,0,0,0,0
14.96,0,0.003942649336,5.201153609e-05,3.619235921e-05,-1.581917688e-05,5.153216709e-05,-0.0003017627831,-3.427488323e-05,0,0,0,0,0,0,6.950850445e-06,0,0,-0.0003087136336,-0.003564757558,-0.03457515923,11.54738996,0,-0.003564712264,0.03457515923,0.005796439762,-0.04116364562,1.000301763,-0.0002272239555,6.465554777,0.04116364562,0.0002272239555,6.512742086,6.512742086,0.01313458636,0.2930733939,-7.669903939e-06,-6.663229047e-05,1.917475985e-05,-4.889563761e-05,0.2930733939,-0.0001160072971,-3.023974167e-08,-2.627077558e-07,7.559935418e-08,-1.927783532e-07,0.001155485622,-4.573760928e-07,0,0,0,0,0,0
14.97,0,0.002219017693,5.153216709e-05,3.73907817e-05,-1.533980788e-05,5.129248259e-05,-0.0003022421521,-3.427488323e-05,0,0,0,0,0,0,6.950850445e-06,0,0,-0.0003091930026,-0.003570293019,-0.03462884498,11.54739115,0,-0.003570247513,0.03462884498,0.005688031938,-0.04122757003,1.000302242,-0.0002273598919,6.47559401,0.04122757003,0.0002273598919,6.522736972,6.522736972,0.01312205679,0.2935231638,-6.711165947e-06,-6.902913545e-05,1.821602186e-05,-4.841626862e-05,0.2935231638,-0.0001160072971,-1.489219598e-08,-1.531768729e-07,4.04216748e-08,-1.074365567e-07,0.0006513330937,-2.574222448e-07,0,0,0,0,0,0
14.98,0,0.0009866357823,5.05734291e-05,3.76304662e-05,-1.510012338e-05,5.10527981e-05,-0.0003022421521,-3.403519873e-05,0,0,0,0,0,0,6.950850445e-06,0,0,-0.0003091930026,-0.003570293019,-0.03462884498,11.54739115,0,-0.003570247513,0.03462884498,0.00466576241,-0.04122757003,1.000302242,-0.0002271430203,6.47559401,0.04122757003,0.0002271430203,6.521714486,6.521714486,0.01310954012,0.2934771519,-4.793689962e-06,-6.950850445e-05,1.773665286e-05,-4.793689962e-05,0.2934771519,-0.0001164866661,-4.729626046e-09,-6.857957767e-08,1.749961637e-08,-4.729626046e-08,0.0002895550593,-1.149299129e-07,0,0,0,0,0,0
14.99,0,0.0002467198154,5.153216709e-05,3.715109721e-05,-1.462075438e-05,5.129248259e-05,-0.0003015230986,-3.427488323e-05,0,0,0,0,0,0,6.950850445e-06,0,0,-0.0003084739491,-0.003561989828,-0.03454831636,11.54738936,0,-0.003561944639,0.03454831636,0.0022440039,-0.04113168343,1.000301523,-0.0002263983245,6.460535159,0.04113168343,0.0002263983245,6.504137245,6.504137245,0.0130970355,0.292686176,-6.711165947e-06,-6.854976646e-05,1.677791487e-05,-4.841626862e-05,0.292686176,-0.0001160072971,-1.655777623e-09,-1.691258572e-08,4.139444058e-09,-1.194525285e-08,7.22114793e-05,-2.862129892e-08,0,0,0,0,0,0
15,0,0,5.153216709e-05,3.643204371e-05,-1.510012338e-05,5.10527981e-05,-0.0003027215211,-3.475425223e-05,0,0,0,-0.001047197551,0,0,6.950850445e-06,0,0,-0.0003096723716,-0.003575828481,-0.03468253071,11.54739235,0,-0.003575782763,0.03468253071,0.004259784376,-0.04129149446,1.000302722,-0.000227061611,6.485633242,0.04129149446,0.000227061611,6.531411583,6.531411583,0.01308454412,0.2939135212,-6.711165947e-06,-6.711165947e-05,1.773665286e-05,5.67828555e-05,0.2939135212,-0.0001150485591,-0,-0,0,0,0,-0,0,0,0,0,0,0
