time,sine_active,ramp_factor,q1,q2,q3,q4,q5,q6,dq1,dq2,dq3,dq4,dq5,dq6,qd6,dqd6,ddqd6,error6,z1,z2,hx,hbeta_x6,barrier_ratio6,alpha6,alpha_dot6,mu_s6,phi6,nu_r6,term_z2_6,term_mu_6,term_nu_6,virtual_accel_unsat6,virtual_accel6,theta_hat,tau6_raw,tau_raw1,tau_raw2,tau_raw3,tau_raw4,tau_raw5,tau_raw6,tau_cmd1,tau_cmd2,tau_cmd3,tau_cmd4,tau_cmd5,tau_cmd6,alpha_saturated,alpha_dot_saturated,virtual_accel_saturated,amplitude_saturated6,rate_saturated6,abort
0.01,1,0.0002467198171,6.016080902e-05,3.715109721e-05,1.174454041e-05,0.0001409344849,3.139866925e-05,0.009710098387,0,0,0,0,0,0,0.009790849214,0.01047183196,-2.870938426e-05,-8.075082682e-05,-0.0009639494582,-0.01548552176,11.93405304,-0,0.1119467775,0.01548552176,0.08264629164,-0.01150382396,1.009710098,-0.0003946928428,0.7742760881,0.01150382396,0.0003946928428,0.8688208966,0.8688208966,0.05,0.04344104483,-0,1.917475985e-06,4.793689962e-07,1.917475985e-06,-2.396844981e-06,0.04344104483,-0,4.730793243e-10,1.182698311e-10,4.730793243e-10,-5.913491554e-10,1.071776664e-05,0,0,0,0,0,0
0.02,1,0.0009866357859,6.159891601e-05,3.619235921e-05,1.150485591e-05,0.0001402154314,3.163835375e-05,0.009711776179,0,0,0,0,0,0,0.00989556562,0.01047140133,-5.741798145e-05,-0.000183789441,-0.002194754973,-0.02188669237,11.93418891,-0,0.1119660599,0.02188669237,0.184709217,-0.02619262045,1.009711776,-0.0005578468502,1.094334619,0.02619262045,0.0005578468502,1.305794303,1.305794303,0.05,0.06528971514,-2.876213977e-06,3.83495197e-06,9.587379924e-07,3.355582973e-06,-2.876213977e-06,0.06528971514,-2.837775638e-09,3.78370085e-09,9.459252126e-10,3.310738244e-09,-2.837775638e-09,6.441716941e-05,0,0,0,0,0,0
0.03,1,0.002219017698,5.992112453e-05,3.643204371e-05,1.102548691e-05,0.0001416535384,3.163835375e-05,0.009711776179,0,0,0,0,0,0,0.01000027628,0.01047068361,-8.612500448e-05,-0.0002885001049,-0.003446420754,-0.02839620852,11.93418891,-0,0.1119660599,0.02839620852,0.2700910661,-0.04113023633,1.009711776,-0.0007237610515,1.419810426,0.04113023633,0.0007237610515,1.73175549,1.73175549,0.05,0.08658777448,4.793689962e-07,3.355582973e-06,1.917475985e-06,4.793689962e-07,-2.876213977e-06,0.08658777448,1.063728287e-09,7.446098007e-09,4.254913147e-09,1.063728287e-09,-6.38236972e-09,0.0001921398041,0,0,0,0,0,0
0.04,1,0.003942649343,6.064017802e-05,3.619235921e-05,1.150485591e-05,0.0001402154314,3.163835375e-05,0.009712974601,0,0,0,0,0,0,0.01010497834,0.01046967883,-0.0001148296664,-0.0003920037339,-0.004684597291,-0.03483515879,11.93428597,-0,0.1119798331,0.03483515879,0.3385280348,-0.05590732373,1.009712975,-0.0008878787806,1.741757939,0.05590732373,0.0008878787806,2.137081177,2.137081177,0.05,0.1068540588,-9.587379924e-07,3.83495197e-06,9.587379924e-07,3.355582973e-06,-2.876213977e-06,0.1068540588,-3.779967716e-09,1.511987086e-08,3.779967716e-09,1.322988701e-08,-1.133990315e-08,0.0004212880848,0,0,0,0,0,0
0.05,1,0.006155829702,6.159891601e-05,3.81098352e-05,1.198422491e-05,0.0001409344849,3.163835375e-05,0.009713214286,0,0,0,0,0,0,0.0102096689,0.01046838703,-0.0001435311801,-0.0004964546179,-0.005935004272,-0.04133760681,11.93430538,-0,0.1119825878,0.04133760681,0.3955908702,-0.07083015345,1.009713214,-0.001053613724,2.066880341,0.07083015345,0.001053613724,2.534354978,2.534354978,0.05,0.1267177489,-2.876213977e-06,-0,-0,1.917475985e-06,-2.876213977e-06,0.1267177489,-1.770548343e-08,-0,-0,1.180365562e-08,-1.770548343e-08,0.0007800528825,0,0,0,0,0,0
0.06,1,0.008856374636,6.016080902e-05,3.691141271e-05,1.150485591e-05,0.0001406948004,3.139866925e-05,0.009714412708,0,0,0,0,0,0,0.01031434512,0.01046680822,-0.0001722287589,-0.0005999324108,-0.007174733522,-0.04778404564,11.93440246,-0,0.1119963609,0.04778404564,0.4412244242,-0.08562615742,1.009714413,-0.001217923572,2.389202282,0.08562615742,0.001217923572,2.917270787,2.917270787,0.05,0.1458635394,-0,2.396844981e-06,9.587379924e-07,2.396844981e-06,-2.396844981e-06,0.1458635394,-0,2.12273571e-08,8.490942838e-09,2.12273571e-08,-2.12273571e-08,0.00129182215,0,0,0,0,0,0
0.07,1,0.01204161903,5.968144003e-05,3.73907817e-05,1.150485591e-05,0.0001402154314,3.163835375e-05,0.0097160905,-0.001047197551,0,0,0,0,0,0.01041900411,0.01046494247,-0.000200921616,-0.0007029136119,-0.008409481284,-0.05420411825,11.93453839,-0,0.1120156433,0.05420411825,0.4779484188,-0.1003632773,1.00971609,-0.001381563487,2.710205912,0.1003632773,0.001381563487,3.289899172,3.289899172,0.05,0.1644949586,0.0001056784931,1.438106989e-06,9.587379924e-07,3.355582973e-06,-2.876213977e-06,0.1644949586,1.272540154e-06,1.731713648e-08,1.154475766e-08,4.040665179e-08,-3.463427297e-08,0.001980785624,0,0,0,0,0,0
0.08,1,0.01570841944,6.111954702e-05,3.691141271e-05,1.150485591e-05,0.0001409344849,3.163835375e-05,0.009715611131,0,0,0,0,0,0,0.01052364301,0.01046278981,-0.0002296089646,-0.0008080318813,-0.009670688685,-0.06076218417,11.93449955,-0,0.1120101341,0.06076218417,0.5104371017,-0.1154148298,1.009715611,-0.00154871508,3.038109208,0.1154148298,0.00154871508,3.665509855,3.665509855,0.05,0.1832754927,-1.917475985e-06,2.396844981e-06,9.587379924e-07,1.917475985e-06,-2.876213977e-06,0.1832754927,-3.012051703e-08,3.765064628e-08,1.506025851e-08,3.012051703e-08,-4.518077554e-08,0.002878968312,0,0,0,0,0,0
0.09,1,0.01985315716,5.968144003e-05,3.499393672e-05,1.126517141e-05,0.0001414138539,3.187803825e-05,0.009717288922,0,0,0,0,0,0,0.01062825895,0.01046035031,-0.0002582900185,-0.0009109700294,-0.01090684167,-0.06718894262,11.9346355,-0,0.1120294164,0.06718894262,0.5346368539,-0.1301691798,1.009717289,-0.001712526893,3.359447131,0.1301691798,0.001712526893,4.025965691,4.025965691,0.05,0.2012982846,9.587379924e-07,6.231796951e-06,1.438106989e-06,9.587379924e-07,-3.355582973e-06,0.2012982846,1.903397604e-08,1.237208443e-07,2.855096406e-08,1.903397604e-08,-6.661891614e-08,0.00399640648,0,0,0,0,0,0
0.1,1,0.02447174185,5.920207103e-05,3.643204371e-05,1.078580241e-05,0.0001421329074,3.139866925e-05,0.009716809553,0,0,0,0,0,0,0.01073284906,0.01045762403,-0.0002869639912,-0.001016039509,-0.01216940499,-0.07375362586,11.93459666,-0,0.1120239072,0.07375362586,0.5568273715,-0.1452369401,1.00971681,-0.001879847232,3.687681293,0.1452369401,0.001879847232,4.391625452,4.391625452,0.05,0.2195812726,1.917475985e-06,3.355582973e-06,2.396844981e-06,-4.793689962e-07,-2.396844981e-06,0.2195812726,4.692397731e-08,8.211696029e-08,5.865497164e-08,-1.173099433e-08,-5.865497164e-08,0.005373536218,0,0,0,0,0,0
0.11,1,0.02955961552,5.944175553e-05,3.643204371e-05,1.102548691e-05,0.0001414138539,3.163835375e-05,0.009716330184,0,0,0,0,0,0,0.01083741048,0.01045461106,-0.0003156300966,-0.001121080292,-0.01343260894,-0.08032147092,11.93455782,-0,0.1120183979,0.08032147092,0.5752510317,-0.160312248,1.00971633,-0.002047247843,4.016073546,0.160312248,0.002047247843,4.753684074,4.753684074,0.05,0.2376842037,1.438106989e-06,3.355582973e-06,1.917475985e-06,9.587379924e-07,-2.876213977e-06,0.2376842037,4.250988967e-08,9.918974255e-08,5.667985289e-08,2.833992644e-08,-8.501977933e-08,0.007025853677,0,0,0,0,0,0
0.12,1,0.03511175706,6.040049352e-05,3.619235921e-05,1.198422491e-05,0.0001406948004,3.187803825e-05,0.009717768291,0,0,0,0,0,0,0.01094194033,0.01045131146,-0.0003442875488,-0.001224172037,-0.01467354423,-0.08677233328,11.93467435,-0,0.1120349257,0.08677233328,0.5880094488,-0.1751239719,1.009717768,-0.002211674862,4.338616664,0.1751239719,0.002211674862,5.10396176,5.10396176,0.05,0.255198088,-4.793689962e-07,3.83495197e-06,-0,2.396844981e-06,-3.355582973e-06,0.255198088,-1.683148774e-08,1.346519019e-07,-0,8.415743868e-08,-1.178204141e-07,0.008960453267,0,0,0,0,0,0
0.13,1,0.04112268716,6.111954702e-05,3.691141271e-05,1.126517141e-05,0.0001409344849,3.139866925e-05,0.009717049238,0,0,0,0,0,0.001047197551,0.01104643575,0.01044772534,-0.0003729355623,-0.001329386513,-0.01594081501,-0.09231383913,11.93461608,-0,0.1120266618,0.09336103668,0.6009129342,-0.1902475071,1.010764521,-0.002357799112,4.615691957,0.1902475071,0.002357799112,5.409210197,5.409210197,0.05,0.2704605099,-1.917475985e-06,2.396844981e-06,1.438106989e-06,1.917475985e-06,-2.396844981e-06,0.2704605099,-7.885176506e-08,9.856470632e-08,5.913882379e-08,7.885176506e-08,-9.856470632e-08,0.01112206294,0,0,0,0,0,0
0.14,1,0.04758647377,6.016080902e-05,3.667172821e-05,1.198422491e-05,0.0001409344849,3.163835375e-05,0.009718966714,0,0,0,0,0,0,0.01115089388,0.01044385278,-0.0004015733515,-0.001431927166,-0.01717718505,-0.09978727733,11.93477148,-0,0.1120486988,0.09978727733,0.6085717899,-0.2050057782,1.009718967,-0.002543409038,4.989363867,0.2050057782,0.002543409038,5.805484844,5.805484844,0.05,0.2902742422,-0,2.876213977e-06,-0,1.917475985e-06,-2.876213977e-06,0.2902742422,-0,1.36868881e-07,-0,9.124592065e-08,-1.36868881e-07,0.01381312761,0,0,0,0,0,0
0.15,1,0.05449673791,6.016080902e-05,3.76304662e-05,1.078580241e-05,0.0001411741694,3.211772275e-05,0.009718966714,0,0,0,0,0,0,0.01125531185,0.01043969391,-0.0004302001314,-0.001536345138,-0.01843697972,-0.1063362101,11.93477148,-0,0.1120486988,0.1063362101,0.6170244998,-0.2200411397,1.009718967,-0.002710330265,5.316810505,0.2200411397,0.002710330265,6.156586475,6.156586475,0.05,0.3078293238,-0,9.587379924e-07,2.396844981e-06,1.438106989e-06,-3.83495197e-06,0.3078293238,-0,5.224809309e-08,1.306202327e-07,7.837213964e-08,-2.089923724e-07,0.01677569398,0,0,0,0,0,0
0.16,1,0.06184665998,6.064017802e-05,3.83495197e-05,1.126517141e-05,0.0001406948004,3.163835375e-05,0.00971824766,0,0,0,0,0,0,0.0113596868,0.01043524882,-0.0004588151171,-0.001641439144,-0.01970587087,-0.1129327367,11.9347132,-0,0.1120404349,0.1129327367,0.6248641614,-0.2351839172,1.009718248,-0.002878460478,5.646636833,0.2351839172,0.002878460478,6.509563372,6.509563372,0.05,0.3254781686,-9.587379924e-07,-4.793689962e-07,1.438106989e-06,2.396844981e-06,-2.876213977e-06,0.3254781686,-5.929474263e-08,-2.964737131e-08,8.894211394e-08,1.482368566e-07,-1.778842279e-07,0.02012973762,0,0,0,0,0,0
0.17,1,0.0696289865,6.040049352e-05,3.73907817e-05,1.150485591e-05,0.0001406948004,3.187803825e-05,0.009718007976,0,0,0,0,0,0,0.01146401587,0.01043051765,-0.0004874175242,-0.001746007899,-0.02096953016,-0.1195015454,11.93469378,-0,0.1120376803,0.1195015454,0.6308000183,-0.250264921,1.009718008,-0.003045886626,5.975077271,0.250264921,0.003045886626,6.859188097,6.859188097,0.05,0.3429594048,-4.793689962e-07,1.438106989e-06,9.587379924e-07,2.396844981e-06,-3.355582973e-06,0.3429594048,-3.337797736e-08,1.001339321e-07,6.675595473e-08,1.668898868e-07,-2.336458416e-07,0.02387991577,0,0,0,0,0,0
0.18,1,0.07783603725,6.064017802e-05,3.595267472e-05,1.150485591e-05,0.0001418932229,3.163835375e-05,0.009718727029,0,0,0,0,0,0,0.0115682962,0.01042550051,-0.0005160065685,-0.001849569175,-0.02222221088,-0.1260123074,11.93475205,-0,0.1120459442,0.1260123074,0.634529544,-0.2652165769,1.009718727,-0.003211839204,6.30061537,0.2652165769,0.003211839204,7.20357333,7.20357333,0.05,0.3601786665,-9.587379924e-07,4.314320966e-06,9.587379924e-07,-0,-2.876213977e-06,0.3601786665,-7.462436609e-08,3.358096474e-07,7.462436609e-08,-0,-2.238730983e-07,0.0280348801,0,0,0,0,0,0
0.19,1,0.08645971286,6.016080902e-05,3.619235921e-05,1.174454041e-05,0.0001416535384,3.211772275e-05,0.009718966714,0,0,0,0,0,0,0.01167252493,0.01042019756,-0.0005445814662,-0.001953558219,-0.02348105077,-0.1325552178,11.93477148,-0,0.1120486988,0.1325552178,0.6379765826,-0.280240975,1.009718967,-0.003378608456,6.62776089,0.280240975,0.003378608456,7.549357056,7.549357056,0.05,0.3774678528,-0,3.83495197e-06,4.793689962e-07,4.793689962e-07,-3.83495197e-06,0.3774678528,-0,3.315688461e-07,4.144610577e-08,4.144610577e-08,-3.315688461e-07,0.03263576217,0,0,0,0,0,0
0.2,1,0.09549150281,5.968144003e-05,3.715109721e-05,1.150485591e-05,0.0001409344849,3.139866925e-05,0.009719446083,0,0,0,0,0,0,0.0117766992,0.01041460893,-0.000573141434,-0.00205725312,-0.02473744231,-0.1390849451,11.93481033,-0,0.112054208,0.1390849451,0.6404579191,-0.2952366821,1.009719446,-0.003545043534,6.954247255,0.2952366821,0.003545043534,7.8934869,7.8934869,0.05,0.394674345,9.587379924e-07,1.917475985e-06,9.587379924e-07,1.917475985e-06,-2.396844981e-06,0.394674345,9.15513317e-08,1.831026634e-07,9.15513317e-08,1.831026634e-07,-2.288783293e-07,0.03768804632,0,0,0,0,0,0
0.21,1,0.1049224938,5.896238653e-05,3.715109721e-05,1.150485591e-05,0.0001418932229,3.139866925e-05,0.009719206398,0,0,0,0,0,0,0.01188081616,0.01040873479,-0.0006016856887,-0.002161609761,-0.02600280196,-0.1456617119,11.9347909,-0,0.1120514534,0.1456617119,0.6434314886,-0.3103380043,1.009719206,-0.003712672602,7.283085597,0.3103380043,0.003712672602,8.240567763,8.240567763,0.05,0.4120283881,2.396844981e-06,1.917475985e-06,9.587379924e-07,-0,-2.396844981e-06,0.4120283881,2.514829527e-07,2.011863622e-07,1.005931811e-07,-0,-2.514829527e-07,0.04323104601,0,0,0,0,0,0
0.22,1,0.1147433786,5.992112453e-05,3.691141271e-05,1.126517141e-05,0.0001409344849,3.163835375e-05,0.009720165136,0,0,0,0,0,0.001047197551,0.01198487295,0.01040257528,-0.000630213448,-0.002264707811,-0.02725421899,-0.1511174153,11.93486862,-0,0.1120624719,0.1521646128,0.6446716162,-0.325275523,1.010767637,-0.003859732276,7.555870765,0.325275523,0.003859732276,8.529677636,8.529677636,0.05,0.4264838818,4.793689962e-07,2.396844981e-06,1.438106989e-06,1.917475985e-06,-2.876213977e-06,0.4264838818,5.500441823e-08,2.750220911e-07,1.650132547e-07,2.200176729e-07,-3.300265094e-07,0.04893620152,0,0,0,0,0,0
0.23,1,0.1249444652,6.087986252e-05,3.691141271e-05,1.078580241e-05,0.0001397360624,3.163835375e-05,0.009722322297,0,0,0,0,0,0,0.01208886671,0.01039613057,-0.0006587239296,-0.002366544417,-0.02849166703,-0.158593352,11.9350435,-0,0.1120872634,0.158593352,0.6443646579,-0.3400492854,1.009722322,-0.004042303355,7.9296676,0.3400492854,0.004042303355,8.918123847,8.918123847,0.05,0.4459061924,-1.438106989e-06,2.396844981e-06,2.396844981e-06,4.314320966e-06,-2.876213977e-06,0.4459061924,-1.796835086e-07,2.994725143e-07,2.994725143e-07,5.390505257e-07,-3.593670171e-07,0.05571351073,0,0,0,0,0,0
0.24,1,0.1355156863,6.159891601e-05,3.691141271e-05,1.174454041e-05,0.0001404551159,3.139866925e-05,0.009723281035,0,0,0,0,0,0,0.01219279461,0.01038940086,-0.000687216352,-0.002469513574,-0.02974372608,-0.1650989264,11.93512124,-0,0.1120982818,0.1650989264,0.6455535966,-0.3549949768,1.009723281,-0.004208128543,8.254946318,0.3549949768,0.004208128543,9.25970302,9.25970302,0.05,0.462985151,-2.876213977e-06,2.396844981e-06,4.793689962e-07,2.876213977e-06,-2.396844981e-06,0.462985151,-3.89772111e-07,3.248100925e-07,6.496201851e-08,3.89772111e-07,-3.248100925e-07,0.06274175048,0,0,0,0,0,0
0.25,1,0.1464466094,6.040049352e-05,3.595267472e-05,1.174454041e-05,0.0001411741694,3.187803825e-05,0.009723281035,0,0,0,0,0,0,0.01229665378,0.01038238631,-0.000715689934,-0.002573372747,-0.03100750942,-0.1716662174,11.93512124,-0,0.1120982818,0.1716662174,0.6476321227,-0.3700783843,1.009723281,-0.004375519121,8.58331087,0.3700783843,0.004375519121,9.605396896,9.605396896,0.05,0.4802698448,-4.793689962e-07,4.314320966e-06,4.793689962e-07,1.438106989e-06,-3.355582973e-06,0.4802698448,-7.020196415e-08,6.318176774e-07,7.020196415e-08,2.106058925e-07,-4.914137491e-07,0.07033389037,0,0,0,0,0,0
0.26,1,0.157726447,5.992112453e-05,3.667172821e-05,1.150485591e-05,0.0001414138539,3.163835375e-05,0.009726636618,0,0,0,0,0,0,0.01240044139,0.01037508712,-0.000744143895,-0.002673804769,-0.03223149824,-0.1780225043,11.93539339,-0,0.1121368462,0.1780225043,0.6455233138,-0.3846956111,1.009726637,-0.004537561674,8.901125214,0.3846956111,0.004537561674,9.9358817,9.9358817,0.05,0.496794085,4.793689962e-07,2.876213977e-06,9.587379924e-07,9.587379924e-07,-2.876213977e-06,0.496794085,7.560916859e-08,4.536550116e-07,1.512183372e-07,1.512183372e-07,-4.536550116e-07,0.07835756594,0,0,0,0,0,0
0.27,1,0.1693440673,5.848301754e-05,3.691141271e-05,1.174454041e-05,0.0001414138539,3.139866925e-05,0.009729992201,0,0,-0.001047197551,0,0,0,0.01250415458,0.0103675035,-0.0007725774549,-0.002774162376,-0.03345571482,-0.1843794597,11.93566564,-0,0.1121754105,0.1843794597,0.6436897213,-0.3993162259,1.009729992,-0.004699623421,9.218972985,0.3993162259,0.004699623421,10.26667856,10.26667856,0.05,0.5133339278,3.355582973e-06,2.396844981e-06,0.0001051991241,9.587379924e-07,-2.396844981e-06,0.5133339278,5.68248069e-07,4.058914779e-07,1.781484756e-05,1.623565911e-07,-4.058914779e-07,0.08693005523,0,0,0,0,0,0
0.28,1,0.1812880051,6.016080902e-05,3.691141271e-05,1.150485591e-05,0.0001406948004,3.163835375e-05,0.009731430308,0,0,0,0,0,0,0.01260779051,0.01035963565,-0.0008009898342,-0.002876360201,-0.03470301918,-0.1908583154,11.93578235,-0,0.112191938,0.1908583154,0.6442979982,-0.4142076838,1.00973143,-0.004864775965,9.542915768,0.4142076838,0.004864775965,10.60628623,10.60628623,0.05,0.5303143113,-0,2.396844981e-06,9.587379924e-07,2.396844981e-06,-2.876213977e-06,0.5303143113,-0,4.345192452e-07,1.738076981e-07,4.345192452e-07,-5.214230943e-07,0.09613962359,0,0,0,0,0,0
0.29,1,0.1935464732,5.968144003e-05,3.619235921e-05,1.22239094e-05,0.0001409344849,3.187803825e-05,0.009736943051,0,0,0,0,0,0,0.01271134634,0.01035148378,-0.000829380254,-0.002974403291,-0.03590186342,-0.1970796346,11.93622991,-0,0.1122552933,0.1970796346,0.6404190141,-0.4285328959,1.009736943,-0.005023405642,9.853981729,0.4285328959,0.005023405642,10.92795704,10.92795704,0.05,0.5463978522,9.587379924e-07,3.83495197e-06,-4.793689962e-07,1.917475985e-06,-3.355582973e-06,0.5463978522,1.855603571e-07,7.422414285e-07,-9.278017857e-08,3.711207143e-07,-6.4946125e-07,0.1057533772,0,0,0,0,0,0
0.3,1,0.2061073739,5.968144003e-05,3.76304662e-05,1.126517141e-05,0.0001404551159,3.163835375e-05,0.009744133586,0,0,0,0,0,0,0.01281481924,0.01034304812,-0.0008577479359,-0.003070685652,-0.03708082607,-0.2031946691,11.93681408,-0,0.1123379301,0.2031946691,0.635204556,-0.4426269268,1.009744134,-0.005179346852,10.15973346,0.4426269268,0.005179346852,11.24274429,11.24274429,0.05,0.5621372143,9.587379924e-07,9.587379924e-07,1.438106989e-06,2.876213977e-06,-2.876213977e-06,0.5621372143,1.976029698e-07,1.976029698e-07,2.964044547e-07,5.928089095e-07,-5.928089095e-07,0.115860625,0,0,0,0,0,0
0.31,1,0.2189583111,6.016080902e-05,3.78701507e-05,1.078580241e-05,0.0001404551159,3.163835375e-05,0.009750125698,0,0,0,0,0,0,0.01291820636,0.0103343289,-0.0008860921022,-0.003168080661,-0.03827421172,-0.2093854893,11.93730124,-0,0.1124067937,0.2093854893,0.6322470444,-0.4568907951,1.009750126,-0.005337211605,10.46927446,0.4568907951,0.005337211605,11.56374952,11.56374952,0.05,0.5781874758,-0,4.793689962e-07,2.396844981e-06,2.876213977e-06,-2.876213977e-06,0.5781874758,-0,1.049618258e-07,5.24809129e-07,6.297709548e-07,-6.297709548e-07,0.1265989532,0,0,0,0,0,0
0.32,1,0.2320866025,6.016080902e-05,3.715109721e-05,1.150485591e-05,0.0001406948004,3.163835375e-05,0.009756117811,0,0,0,0,0,0.001047197551,0.01302150487,0.01032532636,-0.0009144119759,-0.003265387061,-0.03946768848,-0.214528846,11.93778872,-0,0.1124756569,0.2155760436,0.6297388901,-0.4711569265,1.01080359,-0.005479731212,10.7264423,0.4711569265,0.005479731212,11.83281785,11.83281785,0.05,0.5916408925,-0,1.917475985e-06,9.587379924e-07,2.396844981e-06,-2.876213977e-06,0.5916408925,-0,4.450204867e-07,2.225102434e-07,5.562756084e-07,-6.675307301e-07,0.1373119246,0,0,0,0,0,0
0.33,1,0.2454792921,6.183860051e-05,3.73907817e-05,1.174454041e-05,0.0001409344849,3.139866925e-05,0.009765225822,0,0,0,0,0,0.001047197551,0.01312471194,0.01031604074,-0.0009427067804,-0.003359486121,-0.04062403021,-0.2205210933,11.9385303,-0,0.1125803281,0.2215682909,0.6241372965,-0.4849912157,1.010812698,-0.00563289328,11.02605467,0.4849912157,0.00563289328,12.14081607,12.14081607,0.05,0.6070408036,-3.355582973e-06,1.438106989e-06,4.793689962e-07,1.917475985e-06,-2.396844981e-06,0.6070408036,-8.23726133e-07,3.530254856e-07,1.176751619e-07,4.707006474e-07,-5.883758093e-07,0.1490159468,0,0,0,0,0,0
0.34,1,0.2591231629,6.159891601e-05,3.73907817e-05,1.126517141e-05,0.0001411741694,3.163835375e-05,0.009773375095,0,0,0,0,0,0,0.01322782474,0.01030647231,-0.0009709757402,-0.003454449649,-0.04179185111,-0.2276206507,11.93919445,-0,0.1126739806,0.2276206507,0.6207464915,-0.4989610367,1.009773375,-0.005802290918,11.38103253,0.4989610367,0.005802290918,12.50654235,12.50654235,0.05,0.6253271176,-2.876213977e-06,1.438106989e-06,1.438106989e-06,1.438106989e-06,-2.876213977e-06,0.6253271176,-7.452936631e-07,3.726468316e-07,3.726468316e-07,3.726468316e-07,-7.452936631e-07,0.1620367406,0,0,0,0,0,0
0.35,1,0.2730047501,6.087986252e-05,3.76304662e-05,1.150485591e-05,0.0001414138539,3.163835375e-05,0.009782243421,0.001047197551,0,0,0,0,0.001047197551,0.01333084045,0.01029662131,-0.0009992180802,-0.003548597026,-0.04295109295,-0.2325792002,11.93991786,-0,0.1127758956,0.2336263978,0.616910209,-0.5128325218,1.010829715,-0.005941100267,11.62896001,0.5128325218,0.005941100267,12.76464384,12.76464384,0.05,0.6382321921,-0.0001061578621,9.587379924e-07,9.587379924e-07,9.587379924e-07,-2.876213977e-06,0.6382321921,-2.898160062e-05,2.617400261e-07,2.617400261e-07,2.617400261e-07,-7.852200782e-07,0.1742404201,0,0,0,0,0,0
0.36,1,0.2871103542,6.040049352e-05,3.691141271e-05,1.126517141e-05,0.0001414138539,3.139866925e-05,0.00979974039,0,0,0,0,0,0.002094395102,0.01343375623,0.01028648804,-0.001027433026,-0.00363401584,-0.04400727792,-0.2369875482,11.94134718,-0,0.1129769686,0.2390819433,0.6036377731,-0.5255061841,1.011895232,-0.006066478123,11.84937741,0.5255061841,0.006066478123,12.98458785,12.98458785,0.05,0.6492293923,-4.793689962e-07,2.396844981e-06,1.438106989e-06,9.587379924e-07,-2.396844981e-06,0.6492293923,-1.376318023e-07,6.881590115e-07,4.128954069e-07,2.752636046e-07,-6.881590115e-07,0.1864004808,0,0,0,0,0,0
0.37,1,0.3014260547,5.920207103e-05,3.619235921e-05,1.198422491e-05,0.0001411741694,3.139866925e-05,0.009830180321,0,0,0,0,0,0.002094395102,0.01353656927,0.01027607275,-0.001055619805,-0.003706388947,-0.04490881233,-0.24161699,11.94384028,-0,0.1133267724,0.2437113851,0.5777992582,-0.5363836819,1.011925672,-0.006185356079,12.0808495,0.5363836819,0.006185356079,13.2012178,13.2012178,0.05,0.6600608898,1.917475985e-06,3.83495197e-06,-0,1.438106989e-06,-2.396844981e-06,0.6600608898,5.779772211e-07,1.155954442e-06,-0,4.334829158e-07,-7.224715263e-07,0.1989595499,0,0,0,0,0,0
0.38,1,0.3159377237,6.016080902e-05,3.715109721e-05,1.078580241e-05,0.0001418932229,3.163835375e-05,0.00986421552,0,0,0,0,0,0.004188790205,0.01363927675,0.01026537574,-0.001083777643,-0.003775061226,-0.04576724828,-0.2439198764,11.94663759,-0,0.1137178793,0.2481086666,0.5521505258,-0.5467647289,1.014057392,-0.006270645805,12.19599382,0.5467647289,0.006270645805,13.30117972,13.30117972,0.05,0.665058986,-0,1.917475985e-06,2.396844981e-06,-0,-2.876213977e-06,0.665058986,-0,6.058029978e-07,7.572537473e-07,-0,-9.087044967e-07,0.2101172221,0,0,0,0,0,0
0.39,1,0.3306310399,5.992112453e-05,3.691141271e-05,1.150485591e-05,0.0001404551159,3.139866925e-05,0.00990687936,0,0,0,0,0,0.003141592654,0.01374187584,0.01025439729,-0.001111905768,-0.003834996484,-0.04652237858,-0.2488107973,11.95015862,-0,0.1142081215,0.2519523899,0.5214218041,-0.5559498036,1.013050939,-0.006383690144,12.44053986,0.5559498036,0.006383690144,13.52429516,13.52429516,0.05,0.6762147581,4.793689962e-07,2.396844981e-06,9.587379924e-07,2.876213977e-06,-2.396844981e-06,0.6762147581,1.584942697e-07,7.924713485e-07,3.169885394e-07,9.509656182e-07,-7.924713485e-07,0.2235775886,0,0,0,0,0,0
0.4,1,0.3454915028,5.944175553e-05,3.691141271e-05,1.150485591e-05,0.0001402154314,3.187803825e-05,0.009952898784,0,0,0,0,0,0.005235987756,0.01384436375,0.01024313772,-0.00114000341,-0.00389146497,-0.04723711833,-0.2503418224,11.95397474,-0,0.1147368989,0.2555778101,0.4919386091,-0.5646713192,1.01519574,-0.006450197191,12.51709112,0.5646713192,0.006450197191,13.58015124,13.58015124,0.05,0.6790075622,1.438106989e-06,2.396844981e-06,9.587379924e-07,3.355582973e-06,-3.355582973e-06,0.6790075622,4.968537447e-07,8.280895745e-07,3.312358298e-07,1.159325404e-06,-1.159325404e-06,0.2345913431,0,0,0,0,0,0
0.41,1,0.360504447,5.968144003e-05,3.73907817e-05,1.150485591e-05,0.0001414138539,3.187803825e-05,0.01001785328,0,0,0,0,0,0.006283185307,0.01394673766,0.01023159733,-0.001168069799,-0.00392888438,-0.04772508878,-0.2517071475,11.95939311,-0,0.1154832052,0.2579903328,0.445886135,-0.570763098,1.016310908,-0.006499631437,12.58535738,0.570763098,0.006499631437,13.60850624,13.60850624,0.05,0.6804253121,9.587379924e-07,1.438106989e-06,9.587379924e-07,9.587379924e-07,-3.355582973e-06,0.6804253121,3.456293098e-07,5.184439646e-07,3.456293098e-07,3.456293098e-07,-1.209702584e-06,0.2452963508,0,0,0,0,0,0
0.42,1,0.3756550564,5.968144003e-05,3.691141271e-05,1.174454041e-05,0.0001414138539,3.163835375e-05,0.01009742854,0,0,0,0,0,0.009424777961,0.01404899477,0.01021977643,-0.001196104164,-0.003951566229,-0.04803757722,-0.2500387704,11.96608238,-0,0.1163974331,0.2594635484,0.3907214722,-0.5748216064,1.019544413,-0.006497700082,12.50193852,0.5748216064,0.006497700082,13.4739793,13.4739793,0.05,0.673698965,9.587379924e-07,2.396844981e-06,4.793689962e-07,9.587379924e-07,-2.876213977e-06,0.673698965,3.601547746e-07,9.003869366e-07,1.800773873e-07,3.601547746e-07,-1.080464324e-06,0.2530784227,0,0,0,0,0,0
0.43,1,0.3909283793,6.016080902e-05,3.76304662e-05,1.150485591e-05,0.0001416535384,3.163835375e-05,0.01020864214,0,0,0,0,0,0.01256637061,0.01415113226,0.01020767536,-0.001224105738,-0.003942490114,-0.04797047457,-0.246343265,11.97552597,-0,0.1176750265,0.2589096356,0.3085295739,-0.5744716638,1.022814491,-0.006442796985,12.31716325,0.5744716638,0.006442796985,13.20660728,13.20660728,0.05,0.6603303642,-0,9.587379924e-07,9.587379924e-07,4.793689962e-07,-2.876213977e-06,0.6603303642,-0,3.747978896e-07,3.747978896e-07,1.873989448e-07,-1.124393669e-06,0.2581418791,0,0,0,0,0,0
0.44,1,0.4063093427,5.944175553e-05,3.691141271e-05,1.150485591e-05,0.0001411741694,3.163835375e-05,0.01033495587,0,0,0,0,0,0.01151917306,0.01425314734,0.01019529443,-0.001252073751,-0.003918191466,-0.0477210874,-0.2458637792,11.98638599,-0,0.1191259109,0.2573829523,0.2241704061,-0.5720033733,1.021887302,-0.006418603767,12.29318896,0.5720033733,0.006418603767,13.09578134,13.09578134,0.05,0.6547890672,1.438106989e-06,2.396844981e-06,9.587379924e-07,1.438106989e-06,-2.876213977e-06,0.6547890672,5.843163053e-07,9.738605088e-07,3.895442035e-07,5.843163053e-07,-1.168632611e-06,0.2660469155,0,0,0,0,0,0
0.45,1,0.4217827675,6.016080902e-05,3.667172821e-05,1.174454041e-05,0.0001411741694,3.163835375e-05,0.01046270771,0,0,0,0,0,0.01256637061,0.01435503721,0.010182634,-0.001280007439,-0.003892329503,-0.04745279487,-0.2431889821,11.9975152,-0,0.1205931218,0.2557553527,0.153478286,-0.5693156279,1.023068557,-0.006363460869,12.1594491,0.5693156279,0.006363460869,12.88860648,12.88860648,0.05,0.6444303239,-0,2.876213977e-06,4.793689962e-07,1.438106989e-06,-2.876213977e-06,0.6444303239,-0,1.213137491e-06,2.021895819e-07,6.065687456e-07,-1.213137491e-06,0.2718096055,0,0,0,0,0,0
0.46,1,0.4373333832,5.992112453e-05,3.76304662e-05,1.126517141e-05,0.0001409344849,3.163835375e-05,0.01058686428,0,0,0,-0.001047197551,0,0.01151917306,0.01445679909,0.0101696944,-0.001307906035,-0.003869934808,-0.04722594547,-0.2428289789,12.00847182,-0,0.1220188545,0.254348152,0.09978152052,-0.5671114355,1.02213921,-0.006342502097,12.14144895,0.5671114355,0.006342502097,12.8146844,12.8146844,0.05,0.6407342202,4.793689962e-07,9.587379924e-07,1.438106989e-06,0.0001066372311,-2.876213977e-06,0.6407342202,2.096440649e-07,4.192881298e-07,6.289321948e-07,4.663602106e-05,-1.25786439e-06,0.2802144643,0,0,0,0,0,0
0.47,1,0.4529458433,5.968144003e-05,3.76304662e-05,1.150485591e-05,0.0001411741694,3.211772275e-05,0.01072060823,0,0,0,0,0,0.01466076572,0.01455843017,0.01015647599,-0.001335768774,-0.003837821942,-0.04688215768,-0.2376582778,12.02042999,-0,0.1235544735,0.2523190435,0.04401089948,-0.5635436941,1.025435108,-0.006247543943,11.88291389,0.5635436941,0.006247543943,12.49671603,12.49671603,0.05,0.6248358014,9.587379924e-07,9.587379924e-07,9.587379924e-07,1.438106989e-06,-3.83495197e-06,0.6248358014,4.342563885e-07,4.342563885e-07,4.342563885e-07,6.513845828e-07,-1.737025554e-06,0.283016779,0,0,0,0,0,0
0.48,1,0.4686047402,6.016080902e-05,3.667172821e-05,1.198422491e-05,0.0001414138539,3.115898475e-05,0.01089485886,0,0,0,0,0,0.01989675347,0.01465992768,0.01014297914,-0.001363594892,-0.003765068819,-0.0460489277,-0.2277954432,12.03625251,-0,0.1255548519,0.2476921967,-0.05000185699,-0.5542565216,1.030890583,-0.006052156998,11.38977216,0.5542565216,0.006052156998,11.90007898,11.90007898,0.05,0.5950039492,-0,2.876213977e-06,-0,9.587379924e-07,-1.917475985e-06,0.5950039492,-0,1.347807504e-06,-0,4.492691679e-07,-8.985383358e-07,0.278821671,0,0,0,0,0,0
0.49,1,0.4842946205,5.968144003e-05,3.715109721e-05,1.174454041e-05,0.0001409344849,3.187803825e-05,0.01112855125,0,0,0,0.001047197551,0,0.02513274123,0.01476128883,0.01012920422,-0.001391383626,-0.003632737582,-0.04449595093,-0.2141261489,12.05790513,-0,0.1282370204,0.2392588901,-0.1962098802,-0.5365279548,1.036419206,-0.005750169142,10.70630745,0.5365279548,0.005750169142,11.05237569,11.05237569,0.05,0.5526187844,9.587379924e-07,1.917475985e-06,4.793689962e-07,-0.0001028022791,-3.355582973e-06,0.5526187844,4.643116522e-07,9.286233043e-07,2.321558261e-07,-4.978659076e-05,-1.625090783e-06,0.2676303045,0,0,0,0,0,0
0.5,1,0.5,6.040049352e-05,3.715109721e-05,1.102548691e-05,0.0001411741694,3.115898475e-05,0.01139340262,0,0,0,0,0,0.02617993878,0.01486251084,0.0101151516,-0.001419134215,-0.003469108222,-0.04256098964,-0.2026489501,12.08304675,-0,0.1312759709,0.2288288889,-0.3512856971,-0.5142664276,1.037744689,-0.005455887484,10.13244751,0.5142664276,0.005455887484,10.30088412,10.30088412,0.05,0.5150442062,-4.793689962e-07,1.917475985e-06,1.917475985e-06,1.438106989e-06,-1.917475985e-06,0.5150442062,-2.396844981e-07,9.587379924e-07,9.587379924e-07,7.190534943e-07,-9.587379924e-07,0.2575221031,0,0,0,0,0,0
0.51,1,0.5157053795,6.040049352e-05,3.76304662e-05,1.198422491e-05,0.0001404551159,3.139866925e-05,0.01169133045,0,0,0,0,0,0.03351032164,0.01496359094,0.01010082167,-0.001446845897,-0.003272260488,-0.04021826594,-0.1827738665,12.11209705,-0,0.1346933543,0.2162841881,-0.5179307784,-0.4871275404,1.045482388,-0.004994448621,9.138693324,0.4871275404,0.004994448621,9.112884534,9.112884534,0.05,0.4556442267,-4.793689962e-07,9.587379924e-07,-0,2.876213977e-06,-2.396844981e-06,0.4556442267,-2.472131701e-07,4.944263403e-07,-0,1.483279021e-06,-1.236065851e-06,0.2349781789,0,0,0,0,0,0
0.52,1,0.5313952598,5.992112453e-05,3.76304662e-05,1.198422491e-05,0.0001411741694,3.163835375e-05,0.01205732868,0,0,0,0,0,0.03769911184,0.01506452635,0.01008621481,-0.001474517914,-0.003007197673,-0.03703954385,-0.1617036142,12.14890661,-0,0.1388899151,0.199402726,-0.7328168546,-0.449989959,1.050111746,-0.004457904579,8.085180708,0.449989959,0.004457904579,7.806811717,7.806811717,0.05,0.3903405859,4.793689962e-07,9.587379924e-07,-0,1.438106989e-06,-2.876213977e-06,0.3903405859,2.547344123e-07,5.094688245e-07,-0,7.642032368e-07,-1.528406474e-06,0.207425137,0,0,0,0,0,0
0.53,1,0.5470541567,5.944175553e-05,3.691141271e-05,1.126517141e-05,0.0001409344849,3.211772275e-05,0.01243986514,0,0,-0.001047197551,0,0,0.04188790205,0.01516531431,0.01007133144,-0.001502149506,-0.002725449175,-0.0336450493,-0.1395926535,12.18871192,-0,0.143274134,0.1814805555,-0.9272773145,-0.4100898133,1.054766416,-0.003882533022,6.979632674,0.4100898133,0.003882533022,6.466327706,6.466327706,0.05,0.3233163853,1.438106989e-06,2.396844981e-06,0.0001061578621,1.917475985e-06,-3.83495197e-06,0.3233163853,7.867224059e-07,1.31120401e-06,5.807409973e-05,1.048963208e-06,-2.097926416e-06,0.1768715725,0,0,0,0,0,0
0.54,1,0.5626666168,6.040049352e-05,3.667172821e-05,1.22239094e-05,0.0001402154314,3.187803825e-05,0.01287513218,0,0,0,0,0,0.0450294947,0.01526595206,0.01005617196,-0.001529739916,-0.002390819873,-0.02958948623,-0.115199827,12.2356759,-0,0.1482601666,0.1602293217,-1.147250945,-0.3620473635,1.058411541,-0.003226271925,5.75999135,0.3620473635,0.003226271925,4.97801404,4.97801404,0.05,0.248900702,-4.793689962e-07,2.876213977e-06,-4.793689962e-07,3.355582973e-06,-3.355582973e-06,0.248900702,-2.697249313e-07,1.618349588e-06,-2.697249313e-07,1.888074519e-06,-1.888074519e-06,0.1400481159,0,0,0,0,0,0
0.55,1,0.5782172325,5.944175553e-05,3.691141271e-05,1.150485591e-05,0.0001404551159,3.187803825e-05,0.013378949,0,0,0,0,0,0.05235987756,0.01536643683,0.01004073678,-0.001557288387,-0.001987487832,-0.02467015916,-0.08231466914,12.2922818,-0,0.1540279696,0.1346745467,-1.406054396,-0.3032525485,1.066424216,-0.002340330767,4.115733457,0.3032525485,0.002340330767,3.01527194,3.01527194,0.05,0.150763597,1.438106989e-06,2.396844981e-06,9.587379924e-07,2.876213977e-06,-3.355582973e-06,0.150763597,8.31538243e-07,1.385897072e-06,5.543588287e-07,1.663076486e-06,-1.9402559e-06,0.08717410982,0,0,0,0,0,0
0.56,1,0.5936906573,5.968144003e-05,3.643204371e-05,1.198422491e-05,0.0001409344849,3.163835375e-05,0.01390098184,0,0,0,0,0,0.05131268001,0.01546676588,0.01002502634,-0.001584794164,-0.00156578404,-0.01949609002,-0.05672172978,12.35350708,-0,0.1600002362,0.1080344098,-1.635968174,-0.2408450862,1.06587191,-0.001611014721,2.836086489,0.2408450862,0.001611014721,1.442574416,1.442574416,0.05,0.07212872079,9.587379924e-07,3.355582973e-06,-0,1.917475985e-06,-2.876213977e-06,0.07212872079,5.691937889e-07,1.992178261e-06,-0,1.138387578e-06,-1.707581367e-06,0.04282214765,0,0,0,0,0,0
0.57,1,0.6090716207,5.992112453e-05,3.643204371e-05,1.22239094e-05,0.0001406948004,3.187803825e-05,0.01446064514,0,0,0,0,0,0.05654866776,0.01556693644,0.01000904105,-0.001612256493,-0.001106291302,-0.01382137891,-0.02256096939,12.42209386,-0,0.1663982252,0.07910963716,-1.865828829,-0.1716904661,1.071808751,-0.0006479363754,1.12804847,0.1716904661,0.0006479363754,-0.5654419568,-0.5654419568,0.05,-0.02827209784,4.793689962e-07,3.355582973e-06,-4.793689962e-07,2.396844981e-06,-3.355582973e-06,-0.02827209784,2.919700514e-07,2.04379036e-06,-2.919700514e-07,1.459850257e-06,-2.04379036e-06,-0.01721973245,0,0,0,0,0,0
0.58,1,0.6243449436,6.016080902e-05,3.715109721e-05,1.102548691e-05,0.0001406948004,3.139866925e-05,0.01503588794,0,-0.001047197551,0,0,0,0.05445427266,0.01566694578,0.009992781353,-0.001639674622,-0.0006310578474,-0.007912096077,0.00513662227,12.49581625,-0,0.1729689581,0.04931765039,-2.069205663,-0.09886809874,1.070231478,0.00014708659,-0.2568311135,0.09886809874,-0.00014708659,-2.227315764,-2.227315764,0.05,-0.1113657882,-0,0.0001066372311,1.917475985e-06,2.396844981e-06,-2.396844981e-06,-0.1113657882,-0,6.657841604e-05,1.197166436e-06,1.496458044e-06,-1.496458044e-06,-0.06953066675,0,0,0,0,0,0
0.59,1,0.639495553,6.040049352e-05,3.76304662e-05,1.22239094e-05,0.0001411741694,3.211772275e-05,0.01552292684,0,0,0,0,0,0.0450294947,0.01576679116,0.009976247703,-0.001667047798,-0.0002438643206,-0.003067205555,0.01988700932,12.56082971,-0,0.1785277792,0.02514248538,-2.131461042,-0.03852664666,1.061059335,0.0005597432014,-0.994350466,0.03852664666,-0.0005597432014,-3.087844605,-3.087844605,0.05,-0.1543922302,-4.793689962e-07,9.587379924e-07,-4.793689962e-07,1.438106989e-06,-3.83495197e-06,-0.1543922302,-3.065543413e-07,6.131086827e-07,-3.065543413e-07,9.19663024e-07,-2.452434731e-06,-0.09873314465,0,0,0,0,0,0
0.6,1,0.6545084972,5.992112453e-05,3.78701507e-05,1.174454041e-05,0.0001406948004,3.187803825e-05,0.01591025698,0,0,0,0,0,0.03141592654,0.01586646983,0.009959440549,-0.001694375271,4.378715933e-05,0.0005522084447,0.02417546085,12.61425555,-0,0.182945605,0.007240465683,-2.06637522,0.006965698439,1.047572924,0.0006632592263,-1.208773043,-0.006965698439,-0.0006632592263,-3.28277722,-3.28277722,0.05,-0.164138861,4.793689962e-07,4.793689962e-07,4.793689962e-07,2.396844981e-06,-3.355582973e-06,-0.164138861,3.137510813e-07,3.137510813e-07,3.137510813e-07,1.568755407e-06,-2.196257569e-06,-0.1074302793,0,0,0,0,0,0
0.61,1,0.6693689601,6.016080902e-05,3.76304662e-05,1.174454041e-05,0.0001411741694,3.139866925e-05,0.01620458955,0,0,0,0,0,0.02617993878,0.01596597906,0.009942360352,-0.001721656292,0.0002386104912,0.003015780892,0.0310381736,12.65588581,-0,0.1863009139,-0.00485823482,-1.908729855,0.0381673786,1.042555876,0.000843402428,-1.55190868,-0.0381673786,-0.000843402428,-3.499649316,-3.499649316,0.05,-0.1749824658,-0,9.587379924e-07,4.793689962e-07,1.438106989e-06,-2.396844981e-06,-0.1749824658,-0,6.41749453e-07,3.208747265e-07,9.626241795e-07,-1.604373633e-06,-0.1171278312,0,0,0,0,0,0
0.62,1,0.6840622763,5.992112453e-05,3.691141271e-05,1.174454041e-05,0.0001404551159,3.163835375e-05,0.01643085171,0,0,0,0,0,0.01780235837,0.01606531612,0.009925007581,-0.001748890113,0.0003655355908,0.004628474548,0.03053453981,12.68849951,-0,0.1888791625,-0.01273218144,-1.701808669,0.05872839704,1.034312441,0.0008166479663,-1.526726991,-0.05872839704,-0.0008166479663,-3.288080704,-3.288080704,0.05,-0.1644040352,4.793689962e-07,2.396844981e-06,4.793689962e-07,2.876213977e-06,-2.876213977e-06,-0.1644040352,3.279182468e-07,1.639591234e-06,3.279182468e-07,1.967509481e-06,-1.967509481e-06,-0.1124625986,0,0,0,0,0,0
0.63,1,0.6985739453,6.016080902e-05,3.595267472e-05,1.102548691e-05,0.0001402154314,3.163835375e-05,0.01654637964,0,0,0,0,0,0.005235987756,0.0161644783,0.00990738271,-0.001776075987,0.0003819013408,0.004841604854,0.01899786099,12.70535808,-0,0.1901952332,-0.01376187324,-1.407191685,0.06151432333,1.021789221,0.0004958694452,-0.9498930497,-0.06151432333,-0.0004958694452,-2.419094927,-2.419094927,0.05,-0.1209547464,-0,4.314320966e-06,1.917475985e-06,3.355582973e-06,-2.876213977e-06,-0.1209547464,-0,3.013872219e-06,1.339498764e-06,2.344122837e-06,-2.009248146e-06,-0.08449583437,0,0,0,0,0,0
0.64,1,0.7128896458,5.944175553e-05,3.76304662e-05,1.126517141e-05,0.0001409344849,3.187803825e-05,0.01656435598,0,0,0,0,0,0,0.01626346287,0.009889486223,-0.001803213169,0.0003008931074,0.003817153666,0.008767702019,12.70799388,-0,0.1903999936,-0.008767702019,-1.057164166,0.04850836541,1.016564356,0.0002265142589,-0.438385101,-0.04850836541,-0.0002265142589,-1.544284147,-1.544284147,0.05,-0.07721420736,1.438106989e-06,9.587379924e-07,1.438106989e-06,1.917475985e-06,-3.355582973e-06,-0.07721420736,1.025211582e-06,6.834743878e-07,1.025211582e-06,1.366948776e-06,-2.392160357e-06,-0.05504520893,0,0,0,0,0,0
0.65,1,0.7269952499,6.040049352e-05,3.619235921e-05,1.150485591e-05,0.0001414138539,3.187803825e-05,0.0165578845,0,0,0,0,0,-0.001047197551,0.01636226712,0.009871318611,-0.001830300915,0.000195617376,0.002482925967,0.001218264837,12.7070446,-0,0.1903262806,-0.002265462388,-0.744724974,0.03155065099,1.017605356,3.153846022e-05,-0.06091324183,-0.03155065099,-3.153846022e-05,-0.8372204053,-0.8372204053,0.05,-0.04186102026,-4.793689962e-07,3.83495197e-06,9.587379924e-07,9.587379924e-07,-3.355582973e-06,-0.04186102026,-3.484989832e-07,2.787991865e-06,6.969979664e-07,6.969979664e-07,-2.439492882e-06,-0.03043276289,0,0,0,0,0,0
0.66,1,0.7408768371,6.016080902e-05,3.643204371e-05,1.174454041e-05,0.0001402154314,3.163835375e-05,0.01654829712,0,0,0,0,0,-0.001047197551,0.01646088834,0.009852880372,-0.001857338483,8.740877588e-05,0.001110025712,-0.005473557167,12.70563907,-0,0.1902170746,0.004426359616,-0.4861368721,0.01410358605,1.017595769,-0.0001416968684,0.2736778584,-0.01410358605,0.0001416968684,-0.2264209029,-0.2264209029,0.05,-0.01132104514,-0,3.355582973e-06,4.793689962e-07,3.355582973e-06,-2.876213977e-06,-0.01132104514,-0,2.4860737e-06,3.551533857e-07,2.4860737e-06,-2.130920314e-06,-0.008387500118,0,0,0,0,0,0
0.67,1,0.7545207079,5.992112453e-05,3.619235921e-05,1.174454041e-05,0.0001402154314,3.139866925e-05,0.01654278437,0,0,0,0,0,0,0.01655932383,0.009834172011,-0.00188432513,-1.653945438e-05,-0.00021015103,-0.01086159262,12.70483132,-0,0.1901542804,0.01086159262,-0.2798027588,-0.002669933388,1.016542784,-0.0002805981752,0.5430796308,0.002669933388,0.0002805981752,0.2662274036,0.2662274036,0.05,0.01331137018,4.793689962e-07,3.83495197e-06,4.793689962e-07,3.355582973e-06,-2.396844981e-06,0.01331137018,3.616938344e-07,2.893550675e-06,3.616938344e-07,2.53185684e-06,-1.808469172e-06,0.01004370445,0,0,0,0,0,0
0.68,1,0.7679133975,6.016080902e-05,3.715109721e-05,1.174454041e-05,0.0001402154314,3.187803825e-05,0.01654278437,0,0.001047197551,0,0,0,0,0.01665757088,0.009815194042,-0.001911260118,-0.0001147865091,-0.001459311031,-0.01694972489,12.70483132,-0,0.1901542804,0.01694972489,-0.1173331243,-0.01854030049,1.016542784,-0.0004378788675,0.8474862443,0.01854030049,0.0004378788675,0.7491312994,0.7491312994,0.05,0.03745656497,-0,-0.0001028022791,4.793689962e-07,3.355582973e-06,-3.355582973e-06,0.03745656497,-0,-7.894324744e-05,3.681138745e-07,2.576797122e-06,-2.576797122e-06,0.02876339807,0,0,0,0,0,0
0.69,1,0.7810416889,5.944175553e-05,3.667172821e-05,1.198422491e-05,0.0001406948004,3.211772275e-05,0.0165454209,0,0,0,0,0,0,0.01675562681,0.009795946984,-0.001938142708,-0.0002102059088,-0.002673965313,-0.02286851631,12.70521759,-0,0.1901843125,0.02286851631,0.01229828371,-0.03397331114,1.016545421,-0.0005907878762,1.143425816,0.03397331114,0.0005907878762,1.190288198,1.190288198,0.05,0.05951440992,1.438106989e-06,2.876213977e-06,-0,2.396844981e-06,-3.83495197e-06,0.05951440992,1.123221511e-06,2.246443023e-06,-0,1.872035852e-06,-2.995257363e-06,0.04648323524,0,0,0,0,0,0
0.7,1,0.7938926261,6.040049352e-05,3.619235921e-05,1.198422491e-05,0.0001409344849,3.163835375e-05,0.0165470987,0,0,0,0,0,0,0.01685348893,0.009776431365,-0.001964972162,-0.0003063902326,-0.003899758641,-0.02884136448,12.70546344,-0,0.1902034237,0.02884136448,0.1191895573,-0.04954824085,1.016547099,-0.0007450935811,1.442068224,0.04954824085,0.0007450935811,1.611551116,1.611551116,0.05,0.08057755579,-4.793689962e-07,3.83495197e-06,-0,1.917475985e-06,-2.876213977e-06,0.08057755579,-3.805675113e-07,3.04454009e-06,-0,1.522270045e-06,-2.283405068e-06,0.06396992738,0,0,0,0,0,0
0.71,1,0.8064535268,6.064017802e-05,3.571299022e-05,1.150485591e-05,0.0001409344849,3.211772275e-05,0.01654757806,0,0,0,0,0,0,0.01695115455,0.00975664772,-0.001991747746,-0.0004035764822,-0.005139704218,-0.03488326329,12.70553369,-0,0.1902088841,0.03488326329,0.2079084808,-0.0653026851,1.016547578,-0.0009011820537,1.744163164,0.0653026851,0.0009011820537,2.018275512,2.018275512,0.05,0.1009137756,-9.587379924e-07,4.793689962e-06,9.587379924e-07,1.917475985e-06,-3.83495197e-06,0.1009137756,-7.731776353e-07,3.865888176e-06,7.731776353e-07,1.546355271e-06,-3.092710541e-06,0.08138227025,0,0,0,0,0,0
0.72,1,0.8187119949,6.111954702e-05,3.643204371e-05,1.174454041e-05,0.0001406948004,3.139866925e-05,0.01654877649,0,0,0,0,0,0,0.01704862099,0.009736596592,-0.002018468725,-0.0004998445039,-0.006369406684,-0.04087451231,12.70570932,-0,0.1902225349,0.04087451231,0.2794621723,-0.08092782986,1.016548776,-0.001055963816,2.043725615,0.08092782986,0.001055963816,2.405171581,2.405171581,0.05,0.1202585791,-1.917475985e-06,3.355582973e-06,4.793689962e-07,2.396844981e-06,-2.396844981e-06,0.1202585791,-1.569860589e-06,2.74725603e-06,3.924651472e-07,1.962325736e-06,-1.962325736e-06,0.09845714117,0,0,0,0,0,0
0.73,1,0.8306559327,5.944175553e-05,3.76304662e-05,1.198422491e-05,0.0001409344849,3.139866925e-05,0.01655093365,0,0,0,0,0,0,0.01714588559,0.00971627853,-0.002045134367,-0.0005949519413,-0.007585787078,-0.04679980975,12.70602549,-0,0.1902471064,0.04679980975,0.3367104039,-0.09638520398,1.016550934,-0.001209044772,2.339990488,0.09638520398,0.001209044772,2.77429514,2.77429514,0.05,0.138714757,1.438106989e-06,9.587379924e-07,-0,1.917475985e-06,-2.396844981e-06,0.138714757,1.194572102e-06,7.963814013e-07,-0,1.592762803e-06,-1.990953503e-06,0.1152242359,0,0,0,0,0,0
0.74,1,0.842273553,6.064017802e-05,3.81098352e-05,1.126517141e-05,0.0001406948004,3.139866925e-05,0.01655333049,0,0,0,0,0,0,0.01724294567,0.009695694091,-0.00207174394,-0.0006896151811,-0.008797947783,-0.0527038138,12.70637685,-0,0.1902744079,0.0527038138,0.3830802089,-0.11179004,1.01655333,-0.001361577565,2.63519069,0.11179004,0.001361577565,3.131422517,3.131422517,0.05,0.1565711258,-9.587379924e-07,-0,1.438106989e-06,2.396844981e-06,-2.396844981e-06,0.1565711258,-8.075196552e-07,-0,1.211279483e-06,2.018799138e-06,-2.018799138e-06,0.1318757184,0,0,0,0,0,0
0.75,1,0.8535533906,5.992112453e-05,3.73907817e-05,1.126517141e-05,0.0001411741694,3.139866925e-05,0.01655620671,0,0,0,0,0,0,0.01733979858,0.00967484384,-0.002098296716,-0.0007835918781,-0.01000280946,-0.05857128882,12.70679856,-0,0.1903071696,0.05857128882,0.4204509568,-0.1271036848,1.016556207,-0.00151316951,2.928564441,0.1271036848,0.00151316951,3.477632252,3.477632252,0.05,0.1738816126,4.793689962e-07,1.438106989e-06,1.438106989e-06,1.438106989e-06,-2.396844981e-06,0.1738816126,4.091670321e-07,1.227501096e-06,1.227501096e-06,1.227501096e-06,-2.04583516e-06,0.14841724,0,0,0,0,0,0
0.76,1,0.8644843137,5.968144003e-05,3.715109721e-05,1.150485591e-05,0.0001414138539,3.163835375e-05,0.01655860355,0,0,0,0,0,0,0.01743644167,0.009653728349,-0.002124791965,-0.0008778381148,-0.01121252076,-0.06446212718,12.70715005,-0,0.1903344709,0.06446212718,0.4512141086,-0.1424791837,1.016558604,-0.001665365187,3.223106359,0.1424791837,0.001665365187,3.818465017,3.818465017,0.05,0.1909232508,9.587379924e-07,1.917475985e-06,9.587379924e-07,9.587379924e-07,-2.876213977e-06,0.1909232508,8.288139554e-07,1.657627911e-06,8.288139554e-07,8.288139554e-07,-2.486441866e-06,0.1650501555,0,0,0,0,0,0
0.77,1,0.8750555348,5.920207103e-05,3.73907817e-05,1.150485591e-05,0.0001411741694,3.163835375e-05,0.01656267819,0,0,0,0,0,0,0.01753287227,0.009632348195,-0.002151228963,-0.0009701940814,-0.01239963608,-0.07024076638,12.70774772,-0,0.1903808829,0.07024076638,0.4743501379,-0.1575714472,1.016562678,-0.001814669635,3.512038319,0.1575714472,0.001814669635,4.145774574,4.145774574,0.05,0.2072887287,1.917475985e-06,1.438106989e-06,9.587379924e-07,1.438106989e-06,-2.876213977e-06,0.2072887287,1.677897973e-06,1.25842348e-06,8.389489867e-07,1.25842348e-06,-2.51684696e-06,0.1813891493,0,0,0,0,0,0
0.78,1,0.8852566214,5.968144003e-05,3.73907817e-05,1.174454041e-05,0.0001411741694,3.187803825e-05,0.01657466241,0,0,0,0,0,0.001047197551,0.01762908775,0.009610703966,-0.002177606983,-0.001054425337,-0.01348491825,-0.07446768485,12.7095066,-0,0.1905173869,0.0755148824,0.4839502186,-0.1713866575,1.017622134,-0.001927884227,3.723384242,0.1713866575,0.001927884227,4.380649003,4.380649003,0.05,0.2190324501,9.587379924e-07,1.438106989e-06,4.793689962e-07,1.438106989e-06,-3.355582973e-06,0.2190324501,8.48729156e-07,1.273093734e-06,4.24364578e-07,1.273093734e-06,-2.970552046e-06,0.1938999268,0,0,0,0,0,0
0.79,1,0.8950775062,5.968144003e-05,3.78701507e-05,1.198422491e-05,0.0001414138539,3.139866925e-05,0.01659431654,0,0,0,0,0,0.003141592654,0.01772508547,0.009588796255,-0.002203925303,-0.001130768929,-0.01447133835,-0.07715633954,12.71239442,-0,0.1907412476,0.08029793219,0.4827261668,-0.1839653608,1.019738377,-0.002005807042,3.857816977,0.1839653608,0.002005807042,4.526514312,4.526514312,0.05,0.2263257156,9.587379924e-07,4.793689962e-07,-0,9.587379924e-07,-2.396844981e-06,0.2263257156,8.581448114e-07,4.290724057e-07,-0,8.581448114e-07,-2.145362028e-06,0.2025790571,0,0,0,0,0,0
0.8,1,0.9045084972,5.944175553e-05,3.78701507e-05,1.174454041e-05,0.0001411741694,3.163835375e-05,0.01663098827,0,0,0,0,0,0.004188790205,0.0178208628,0.009566625662,-0.002230183201,-0.001189874529,-0.01523991992,-0.0798109734,12.71779352,-0,0.1911589195,0.0839997636,0.4619830805,-0.1938181549,1.020824165,-0.002079239421,3.99054867,0.1938181549,0.002079239421,4.648429145,4.648429145,0.05,0.2324214572,1.438106989e-06,4.793689962e-07,4.793689962e-07,1.438106989e-06,-2.876213977e-06,0.2324214572,1.300779991e-06,4.335933304e-07,4.335933304e-07,1.300779991e-06,-2.601559982e-06,0.210227183,0,0,0,0,0,0
0.81,1,0.9135402871,5.968144003e-05,3.78701507e-05,1.150485591e-05,0.0001411741694,3.163835375e-05,0.01667892517,0,0,0,0,0,0.005235987756,0.01791641711,0.009544192794,-0.002256379958,-0.00123749194,-0.01586355357,-0.08174437995,12.72487251,-0,0.1917048578,0.0869803677,0.4316569067,-0.2018616968,1.021921767,-0.002134190645,4.087218997,0.2018616968,0.002134190645,4.722871791,4.722871791,0.05,0.2361435896,9.587379924e-07,4.793689962e-07,9.587379924e-07,1.438106989e-06,-2.876213977e-06,0.2361435896,8.758457809e-07,4.379228904e-07,8.758457809e-07,1.313768671e-06,-2.627537343e-06,0.2157266826,0,0,0,0,0,0
0.82,1,0.9221639628,5.968144003e-05,3.667172821e-05,1.198422491e-05,0.0001406948004,3.187803825e-05,0.01675610358,0,0,0,0,0,0.009424777961,0.01801174578,0.009521498269,-0.002282514855,-0.001255642205,-0.01611303582,-0.07868039093,12.73632057,-0,0.1925837276,0.08810516889,0.3725619088,-0.2052207896,1.026203088,-0.002071443787,3.934019546,0.2052207896,0.002071443787,4.513873689,4.513873689,0.05,0.2256936844,9.587379924e-07,2.876213977e-06,-0,2.396844981e-06,-3.355582973e-06,0.2256936844,8.841136263e-07,2.652340879e-06,-0,2.210284066e-06,-3.094397692e-06,0.2081265824,0,0,0,0,0,0
0.83,1,0.9303710135,6.064017802e-05,3.691141271e-05,1.126517141e-05,0.0001414138539,3.163835375e-05,0.01686899498,0,0,0,0,0,0.01256637061,0.0181068462,0.009498542706,-0.002308587176,-0.001237851228,-0.01590479289,-0.07439820358,12.75317939,-0,0.1938690764,0.08696457419,0.2827773722,-0.2028366769,1.029474844,-0.001971214728,3.719910179,0.2028366769,0.001971214728,4.207495443,4.207495443,0.05,0.2103747721,-9.587379924e-07,2.396844981e-06,1.438106989e-06,9.587379924e-07,-2.876213977e-06,0.2103747721,-8.919820377e-07,2.229955094e-06,1.337973057e-06,8.919820377e-07,-2.675946113e-06,0.19572659,0,0,0,0,0,0
0.84,1,0.93815334,5.992112453e-05,3.643204371e-05,1.126517141e-05,0.0001411741694,3.283677624e-05,0.01703269949,0,0,0,0,0,0.01884955592,0.01820171577,0.009475326736,-0.002334596206,-0.00116901628,-0.01504403602,-0.06375849029,12.77786654,-0,0.1957325376,0.08260804621,0.1503258875,-0.1922306846,1.035971082,-0.001710697808,3.187924514,0.1922306846,0.001710697808,3.532191784,3.532191784,0.05,0.1766095892,4.793689962e-07,3.355582973e-06,1.438106989e-06,1.438106989e-06,-5.273058958e-06,0.1766095892,4.497216249e-07,3.148051374e-06,1.349164875e-06,1.349164875e-06,-4.946937874e-06,0.165686876,0,0,0,0,0,0
0.85,1,0.9455032621,5.992112453e-05,3.715109721e-05,1.126517141e-05,0.0001411741694,3.139866925e-05,0.01723307573,0,0,0,0,0,0.02094395102,0.01829635187,0.009451850995,-0.002360541231,-0.001063276144,-0.01370805834,-0.05498759706,12.80847265,-0,0.198012735,0.07593154808,0.000237629543,-0.1755792903,1.038286689,-0.001481969695,2.749379853,0.1755792903,0.001481969695,2.926678742,2.926678742,0.05,0.1463339371,4.793689962e-07,1.917475985e-06,1.438106989e-06,1.438106989e-06,-2.396844981e-06,0.1463339371,4.532449497e-07,1.812979799e-06,1.359734849e-06,1.359734849e-06,-2.266224748e-06,0.1383592149,0,0,0,0,0,0
0.86,1,0.9524135262,5.872270204e-05,3.715109721e-05,1.126517141e-05,0.0001404551159,3.211772275e-05,0.01745670137,0,0,0,0,0,0.02303834613,0.01839075192,0.009428116127,-0.002386421541,-0.0009340505588,-0.01206576599,-0.04474763114,12.84313832,-0,0.2005565799,0.06778597727,-0.1491533365,-0.1549623015,1.040627739,-0.001211437058,2.237381557,0.1549623015,0.001211437058,2.244401959,2.244401959,0.05,0.112220098,2.876213977e-06,1.917475985e-06,1.438106989e-06,2.876213977e-06,-3.83495197e-06,0.112220098,2.739345096e-06,1.826230064e-06,1.369672548e-06,2.739345096e-06,-3.652460128e-06,0.1068799392,0,0,0,0,0,0
0.87,1,0.9588773128,5.872270204e-05,3.691141271e-05,1.150485591e-05,0.0001414138539,3.115898475e-05,0.0177174781,0,0,0,0,0,0.02722713633,0.01848491333,0.009404122782,-0.002412236426,-0.0007674352346,-0.009935485792,-0.03007877462,12.88424524,-0,0.2035217935,0.05730591096,-0.314228029,-0.1280112356,1.045129944,-0.0008213735807,1.503938731,0.1280112356,0.0008213735807,1.318543311,1.318543311,0.05,0.06592716557,2.876213977e-06,2.396844981e-06,9.587379924e-07,9.587379924e-07,-1.917475985e-06,0.06592716557,2.75793633e-06,2.298280275e-06,9.193121099e-07,9.193121099e-07,-1.83862422e-06,0.06321606336,0,0,0,0,0,0
0.88,1,0.9648882429,5.968144003e-05,3.715109721e-05,1.150485591e-05,0.0001418932229,3.187803825e-05,0.01801636467,0,0,0,0,0,0.02932153143,0.01857883352,0.009379871619,-0.002437985179,-0.000562468852,-0.007300003702,-0.01512356841,12.93227058,-0,0.2069186743,0.04444509984,-0.4923236905,-0.0944056231,1.047552834,-0.0004149025998,0.7561784205,0.0944056231,0.0004149025998,0.3586752557,0.3586752557,0.05,0.01793376278,9.587379924e-07,1.917475985e-06,9.587379924e-07,-0,-3.355582973e-06,0.01793376278,9.25075017e-07,1.850150034e-06,9.25075017e-07,-0,-3.237762559e-06,0.01730407686,0,0,0,0,0,0
0.89,1,0.9704403845,5.992112453e-05,3.691141271e-05,1.126517141e-05,0.0001409344849,3.163835375e-05,0.01832555767,0,-0.001047197551,0,0,0,0.03246312409,0.01867250991,0.009355363302,-0.002463667092,-0.0003469522381,-0.004514528921,0.001506795195,12.9829857,-0,0.2104307848,0.03095632889,-0.6495296489,-0.05861206441,1.051052145,4.161431607e-05,-0.07533975977,0.05861206441,-4.161431607e-05,-0.6662989586,-0.6662989586,0.05,-0.03331494793,4.793689962e-07,0.0001071166001,1.438106989e-06,1.917475985e-06,-2.876213977e-06,-0.03331494793,4.65199033e-07,0.0001039502746,1.395597099e-06,1.860796132e-06,-2.791194198e-06,-0.03233017088,0,0,0,0,0,0
0.9,1,0.9755282581,6.016080902e-05,3.715109721e-05,1.174454041e-05,0.0001411741694,3.211772275e-05,0.01866854619,0,0,0,0,0,0.03036872898,0.01876593993,0.009330598502,-0.002489281464,-9.739374376e-05,-0.001270867842,0.01498403164,13.04048699,-0,0.2143244741,0.01538469734,-0.8153747511,-0.01657273556,1.04926784,0.0004124216108,-0.7492015821,0.01657273556,-0.0004124216108,-1.548416019,-1.548416019,0.05,-0.07742080096,-0,1.917475985e-06,4.793689962e-07,1.438106989e-06,-3.83495197e-06,-0.07742080096,-0,1.870552008e-06,4.676380019e-07,1.402914006e-06,-3.741104015e-06,-0.07552617911,0,0,0,0,0,0
0.91,1,0.9801468428,6.040049352e-05,3.78701507e-05,1.150485591e-05,0.0001409344849,3.139866925e-05,0.01897102803,0,0,0,0,0,0.02722713633,0.01885912103,0.0093055779,-0.00251482759,0.000111906998,0.001464038853,0.02486838435,13.09229393,-0,0.2177562786,0.002358751982,-0.9037169894,0.01916762699,1.046383494,0.0006807212998,-1.243419217,-0.01916762699,-0.0006807212998,-2.166984555,-2.166984555,0.05,-0.1083492278,-4.793689962e-07,4.793689962e-07,9.587379924e-07,1.917475985e-06,-2.396844981e-06,-0.1083492278,-4.698520082e-07,4.698520082e-07,9.397040164e-07,1.879408033e-06,-2.349260041e-06,-0.1061981535,0,0,0,0,0,0
0.92,1,0.9842915806,5.992112453e-05,3.691141271e-05,1.198422491e-05,0.0001421329074,3.211772275e-05,0.01924259056,0,0,0,0,0,0.02617993878,0.01895205064,0.00928030218,-0.002540304771,0.0002905399216,0.00381021949,0.03491405744,13.1396899,-0,0.2208356321,-0.008734118661,-0.9410019206,0.05006510256,1.045593877,0.0009542592824,-1.745702872,-0.05006510256,-0.0009542592824,-2.737724154,-2.737724154,0.05,-0.1368862077,4.793689962e-07,2.396844981e-06,-0,-4.793689962e-07,-3.83495197e-06,-0.1368862077,4.71838867e-07,2.359194335e-06,-0,-4.71838867e-07,-3.774710936e-06,-0.1347359418,0,0,0,0,0,0
0.93,1,0.987958381,5.992112453e-05,3.691141271e-05,1.174454041e-05,0.0001418932229,3.139866925e-05,0.01948179569,0,0,0,0,0,0.02094395102,0.01904472622,0.009254772037,-0.002565712308,0.0004370694679,0.00574458923,0.03876200589,13.1821384,-0,0.2235467566,-0.01781805486,-0.934060126,0.0757259703,1.040535409,0.0010492041,-1.938100294,-0.0757259703,-0.0010492041,-2.948935595,-2.948935595,0.05,-0.1474467797,4.793689962e-07,2.396844981e-06,4.793689962e-07,-0,-2.396844981e-06,-0.1474467797,4.735966174e-07,2.367983087e-06,4.735966174e-07,-0,-2.367983087e-06,-0.1456712818,0,0,0,0,0,0
0.94,1,0.9911436254,5.992112453e-05,3.643204371e-05,1.174454041e-05,0.0001414138539,3.211772275e-05,0.0196455002,0,0,0,0,0,0.01151917306,0.01913714523,0.009228988169,-0.002591049505,0.0005083549679,0.006693067807,0.03376292885,13.21156965,-0,0.2254014474,-0.02224375579,-0.8422275914,0.08842593148,1.031197846,0.0008975612953,-1.688146442,-0.08842593148,-0.0008975612953,-2.619697527,-2.619697527,0.05,-0.1309848763,4.793689962e-07,3.355582973e-06,4.793689962e-07,9.587379924e-07,-3.83495197e-06,-0.1309848763,4.751235248e-07,3.325864674e-06,4.751235248e-07,9.502470496e-07,-3.800988198e-06,-0.1298248252,0,0,0,0,0,0
0.95,1,0.9938441703,6.016080902e-05,3.595267472e-05,1.126517141e-05,0.0001406948004,3.163835375e-05,0.01973298504,0,0,0,0,0,0.004188790205,0.01922930514,0.009202951283,-0.002616315667,0.0005036799019,0.00663958133,0.02616975962,13.22742552,-0,0.2263923661,-0.02198096941,-0.6817908628,0.08782456753,1.023926162,0.0006859256148,-1.308487981,-0.08782456753,-0.0006859256148,-2.078789337,-2.078789337,0.05,-0.1039394668,-0,4.314320966e-06,1.438106989e-06,2.396844981e-06,-2.876213977e-06,-0.1039394668,-0,4.287762741e-06,1.429254247e-06,2.382090412e-06,-2.858508494e-06,-0.1032996332,0,0,0,0,0,0
0.96,1,0.9960573507,6.040049352e-05,3.643204371e-05,1.198422491e-05,0.0001411741694,3.187803825e-05,0.01974808517,0,0,0,0,0,0,0.01932120342,0.009176662094,-0.002641510101,0.0004268817485,0.005631293436,0.01726616701,13.23017131,-0,0.2265633843,-0.01726616701,-0.469723342,0.07450297687,1.019748085,0.0004488712014,-0.8633083503,-0.07450297687,-0.0004488712014,-1.40798354,-1.40798354,0.05,-0.07039917702,-4.793689962e-07,3.355582973e-06,-0,1.438106989e-06,-3.355582973e-06,-0.07039917702,-4.774790124e-07,3.342353086e-06,-0,1.432437037e-06,-3.342353086e-06,-0.07012161775,0,0,0,0,0,0
0.97,1,0.9977809823,5.968144003e-05,3.643204371e-05,1.174454041e-05,0.0001421329074,3.115898475e-05,0.01974520895,0,0,0,0,0,0,0.01941283755,0.009150121323,-0.002666632117,0.0003323714081,0.004387181136,0.01145152561,13.2296481,-0,0.2265308098,-0.01145152561,-0.2773829513,0.05804086258,1.019745209,0.0002977053945,-0.5725762803,-0.05804086258,-0.0002977053945,-0.9082977995,-0.9082977995,0.05,-0.04541488998,9.587379924e-07,3.355582973e-06,4.793689962e-07,-4.793689962e-07,-1.917475985e-06,-0.04541488998,9.566105359e-07,3.348136875e-06,4.783052679e-07,-4.783052679e-07,-1.913221072e-06,-0.04531411353,0,0,0,0,0,0
0.98,1,0.9990133642,6.064017802e-05,3.571299022e-05,1.198422491e-05,0.0001416535384,3.163835375e-05,0.01974161369,0,0,0,0,0,0,0.01950420501,0.009123329696,-0.002691681026,0.0002374086768,0.003135579237,0.005601660099,13.22899422,-0,0.2264900914,-0.005601660099,-0.1196422947,0.04148055959,1.019741614,0.0001456253715,-0.2800830049,-0.04148055959,-0.0001456253715,-0.4413514846,-0.4413514846,0.05,-0.02206757423,-9.587379924e-07,4.793689962e-06,-0,4.793689962e-07,-2.876213977e-06,-0.02206757423,-9.577920672e-07,4.788960336e-06,-0,4.788960336e-07,-2.873376202e-06,-0.02204580157,0,0,0,0,0,0
0.99,1,0.9997532802,6.040049352e-05,3.595267472e-05,1.174454041e-05,0.0001416535384,3.139866925e-05,0.01974233274,0,0,0,0,0,0,0.01959530331,0.009096287948,-0.002716656141,0.0001470294339,0.0019431113,2.865262132e-05,13.22912498,-0,0.2264982351,-2.865262132e-05,0.004161124529,0.02570566225,1.019742333,7.448782031e-07,-0.001432631066,-0.02570566225,-7.448782031e-07,-0.02297791366,-0.02297791366,0.05,-0.001148895683,-4.793689962e-07,4.314320966e-06,4.793689962e-07,4.793689962e-07,-2.396844981e-06,-0.001148895683,-4.792507264e-07,4.313256537e-06,4.792507264e-07,4.792507264e-07,-2.396253632e-06,-0.001148612228,0,0,0,0,0,0
1,1,1,6.016080902e-05,3.667172821e-05,1.150485591e-05,0.0001416535384,3.187803825e-05,0.01974233274,0,0,0,0,0,0,0.01968612994,0.009068996821,-0.002741556778,5.620280255e-05,0.0007432270436,-0.005578773215,13.22912498,-0,0.2264982351,0.005578773215,0.1060668312,0.009832243449,1.019742333,-0.0001450305898,0.2789386608,-0.009832243449,0.0001450305898,0.3753182791,0.3753182791,0.04991002427,0.01876591396,-0,2.876213977e-06,9.587379924e-07,4.793689962e-07,-3.355582973e-06,0.01876591396,-0,2.876213977e-06,9.587379924e-07,4.793689962e-07,-3.355582973e-06,0.01876591396,0,0,0,0,0,0
1.01,1,1,5.944175553e-05,3.691141271e-05,1.150485591e-05,0.0001414138539,3.163835375e-05,0.01974544864,0,0,0,0,0,0,0.01977668241,0.009041457063,-0.002766382254,-3.123377527e-05,-0.0004133020147,-0.01098225389,13.2296917,-0,0.2265335244,0.01098225389,0.1855911104,-0.005467858232,1.019745449,-0.0002804111205,0.5491126945,0.005467858232,0.0002804111205,0.7404520743,0.7404520743,0.04901946833,0.03702260371,1.438106989e-06,2.396844981e-06,9.587379924e-07,9.587379924e-07,-2.876213977e-06,0.03702260371,1.438106989e-06,2.396844981e-06,9.587379924e-07,9.587379924e-07,-2.876213977e-06,0.03702260371,0,0,0,0,0,0
1.02,1,1,5.968144003e-05,3.691141271e-05,1.24635939e-05,0.0001414138539,3.235740724e-05,0.01974808517,0,0,0,0,0,0,0.01986695825,0.009013669429,-0.002791131887,-0.0001188730845,-0.001573999982,-0.01640463001,13.23017131,-0,0.2265633843,0.01640463001,0.2507751565,-0.02082428941,1.019748085,-0.0004113965476,0.8202315003,0.02082428941,0.0004113965476,1.092242343,1.092242343,0.04814573938,0.05461211714,9.587379924e-07,2.396844981e-06,-9.587379924e-07,9.587379924e-07,-4.314320966e-06,0.05461211714,9.587379924e-07,2.396844981e-06,-9.587379924e-07,9.587379924e-07,-4.314320966e-06,0.05461211714,0,0,0,0,0,0
1.03,1,1,6.040049352e-05,3.595267472e-05,1.198422491e-05,0.0001416535384,3.163835375e-05,0.0197507217,0,0,0,0,0,0,0.01995695498,0.00898563468,-0.002815805001,-0.0002062332812,-0.002732487279,-0.02181596623,13.23065101,-0,0.2265932441,0.02181596623,0.3038867582,-0.03615258557,1.019750722,-0.0005373678161,1.090798311,0.03615258557,0.0005373678161,1.431375023,1.431375023,0.04728899965,0.07156875115,-4.793689962e-07,4.314320966e-06,-0,4.793689962e-07,-2.876213977e-06,0.07156875115,-4.793689962e-07,4.314320966e-06,-0,4.793689962e-07,-2.876213977e-06,0.07156875115,0,0,0,0,0,0
1.04,1,1,6.087986252e-05,3.667172821e-05,1.150485591e-05,0.0001406948004,3.163835375e-05,0.01975120107,0,0.001047197551,0,0,0,0,0.02004667012,0.008957353586,-0.002840400918,-0.0002954690585,-0.003917267075,-0.02735063752,13.23073823,-0,0.2265986732,0.02735063752,0.349554247,-0.05182833526,1.019751201,-0.000661734195,1.367531876,0.05182833526,0.000661734195,1.769576192,1.769576192,0.04644946206,0.08847880961,-1.438106989e-06,-0.0001018435411,9.587379924e-07,2.396844981e-06,-2.876213977e-06,0.08847880961,-1.438106989e-06,-0.0001018435411,9.587379924e-07,2.396844981e-06,-2.876213977e-06,0.08847880961,0,0,0,0,0,0
1.05,1,1,5.992112453e-05,3.643204371e-05,1.150485591e-05,0.0001411741694,3.211772275e-05,0.01975479633,0,0,0,0,0,0,0.02013610123,0.008928826922,-0.002864918963,-0.0003813048979,-0.005058534323,-0.03267964476,13.23139252,-0,0.2266393908,0.03267964476,0.3829924041,-0.06693145318,1.019754796,-0.0007766710214,1.633982238,0.06693145318,0.0007766710214,2.084682767,2.084682767,0.04562719287,0.1042341383,4.793689962e-07,3.355582973e-06,9.587379924e-07,1.438106989e-06,-3.83495197e-06,0.1042341383,4.793689962e-07,3.355582973e-06,9.587379924e-07,1.438106989e-06,-3.83495197e-06,0.1042341383,0,0,0,0,0,0
1.06,1,1,6.016080902e-05,3.78701507e-05,1.126517141e-05,0.0001411741694,3.139866925e-05,0.01975791223,0,0,0,0,0,0,0.02022524585,0.008900055469,-0.002889358466,-0.000467333615,-0.00620381814,-0.0380269048,13.23195968,-0,0.2266746792,0.0380269048,0.4107562647,-0.08208867151,1.019757912,-0.000887812777,1.90134524,0.08208867151,0.000887812777,2.395077989,2.395077989,0.04482236163,0.1197538994,-0,4.793689962e-07,1.438106989e-06,1.438106989e-06,-2.396844981e-06,0.1197538994,-0,4.793689962e-07,1.438106989e-06,1.438106989e-06,-2.396844981e-06,0.1197538994,0,0,0,0,0,0
1.07,1,1,5.872270204e-05,3.691141271e-05,1.150485591e-05,0.0001404551159,3.211772275e-05,0.01976606151,0,0,0,0,0,0,0.02031410153,0.008871040016,-0.002913718755,-0.0005480400225,-0.007280131004,-0.04304727434,13.23344358,-0,0.2267669709,0.04304727434,0.4273130632,-0.09634120289,1.019766062,-0.0009873706503,2.152363717,0.09634120289,0.0009873706503,2.677005354,2.677005354,0.04403472238,0.1338502677,2.876213977e-06,2.396844981e-06,9.587379924e-07,2.876213977e-06,-3.83495197e-06,0.1338502677,2.876213977e-06,2.396844981e-06,9.587379924e-07,2.876213977e-06,-3.83495197e-06,0.1338502677,0,0,0,0,0,0
1.08,1,1,5.968144003e-05,3.643204371e-05,1.198422491e-05,0.0001409344849,3.211772275e-05,0.01977972352,0,0,0,0,0,0.002094395102,0.02040266584,0.00884178136,-0.002937999163,-0.0006229423153,-0.008281066952,-0.0456150967,13.23593302,-0,0.2269216919,0.0477094918,0.4342133957,-0.1096076475,1.021875215,-0.001032209381,2.280754835,0.1096076475,0.001032209381,2.825608088,2.825608088,0.0432640717,0.1412804044,9.587379924e-07,3.355582973e-06,-0,1.917475985e-06,-3.83495197e-06,0.1412804044,9.587379924e-07,3.355582973e-06,-0,1.917475985e-06,-3.83495197e-06,0.1412804044,0,0,0,0,0,0
1.09,1,1,6.087986252e-05,3.619235921e-05,1.102548691e-05,0.0001423725919,3.139866925e-05,0.01981112219,0,0,0,0,0,0.004188790205,0.02049093635,0.008812280302,-0.002962199025,-0.000679814156,-0.009044694713,-0.04705693488,13.24166265,-0,0.2272772631,0.05124572509,0.4189977677,-0.1197667961,1.024004299,-0.001050608573,2.352846744,0.1197667961,0.001050608573,2.892661917,2.892661917,0.04250882478,0.1446330958,-1.438106989e-06,3.83495197e-06,1.917475985e-06,-9.587379924e-07,-2.396844981e-06,0.1446330958,-1.438106989e-06,3.83495197e-06,1.917475985e-06,-9.587379924e-07,-2.396844981e-06,0.1446330958,0,0,0,0,0,0
1.1,1,1,6.064017802e-05,3.691141271e-05,1.150485591e-05,0.0001406948004,3.187803825e-05,0.01986792742,0,0,0,0,0,0.006283185307,0.02057891064,0.00878253765,-0.002986317676,-0.0007109832207,-0.009469033298,-0.04688876356,13.25205775,-0,0.2279204929,0.05317194886,0.376960351,-0.1254841761,1.026160982,-0.001032926897,2.344438178,0.1254841761,0.001032926897,2.847915632,2.847915632,0.04176720621,0.1423957816,-9.587379924e-07,2.396844981e-06,9.587379924e-07,2.396844981e-06,-3.355582973e-06,0.1423957816,-9.587379924e-07,2.396844981e-06,9.587379924e-07,2.396844981e-06,-3.355582973e-06,0.1423957816,0,0,0,0,0,0
1.11,1,1,5.968144003e-05,3.619235921e-05,1.174454041e-05,0.0001414138539,3.235740724e-05,0.01994630425,0,0,0,0,0,0.00837758041,0.0206665863,0.008752554221,-0.003010354456,-0.0007202820495,-0.009604126105,-0.04534885326,13.26646246,-0,0.2288078696,0.05372643367,0.3176790572,-0.1274127784,1.028341431,-0.0009857445905,2.267442663,0.1274127784,0.0009857445905,2.713520243,2.713520243,0.04103819481,0.1356760122,9.587379924e-07,3.83495197e-06,4.793689962e-07,9.587379924e-07,-4.314320966e-06,0.1356760122,9.587379924e-07,3.83495197e-06,4.793689962e-07,9.587379924e-07,-4.314320966e-06,0.1356760122,0,0,0,0,0,0
1.12,1,1,5.992112453e-05,3.619235921e-05,1.150485591e-05,0.0001414138539,3.187803825e-05,0.02004241773,0,0,0,-0.001047197551,0,0.009424777961,0.02075396092,0.008722330836,-0.003034308706,-0.0007115431907,-0.009499941129,-0.04372416475,13.28422549,-0,0.2298958723,0.05314894271,0.2487034578,-0.1261993601,1.029489402,-0.0009359048443,2.186208238,0.1261993601,0.0009359048443,2.56204696,2.56204696,0.0403209116,0.128102348,4.793689962e-07,3.83495197e-06,9.587379924e-07,0.0001056784931,-3.355582973e-06,0.128102348,4.793689962e-07,3.83495197e-06,9.587379924e-07,0.0001056784931,-3.355582973e-06,0.128102348,0,0,0,0,0,0
1.13,1,1,6.040049352e-05,3.619235921e-05,1.150485591e-05,0.0001416535384,3.187803825e-05,0.0201279851,0,0,0,0,0,0.006283185307,0.02084103212,0.008691868324,-0.003058179768,-0.0007130470196,-0.009531721989,-0.04693067366,13.30013109,-0,0.2308643193,0.05321385897,0.2047909864,-0.126773152,1.02642104,-0.0009811215951,2.346533683,0.126773152,0.0009811215951,2.679078943,2.679078943,0.03961700081,0.1339539472,-4.793689962e-07,3.83495197e-06,9.587379924e-07,4.793689962e-07,-3.355582973e-06,0.1339539472,-4.793689962e-07,3.83495197e-06,9.587379924e-07,4.793689962e-07,-3.355582973e-06,0.1339539472,0,0,0,0,0,0
1.14,1,1,6.064017802e-05,3.619235921e-05,1.174454041e-05,0.0001416535384,3.211772275e-05,0.02019317928,0,0,0,0,0,0.005235987756,0.02092779749,0.00866116752,-0.003081966989,-0.0007346182136,-0.009830754778,-0.04930194323,13.31230775,-0,0.2316020732,0.05453793099,0.1918526879,-0.1308700331,1.025436021,-0.001010813196,2.465097162,0.1308700331,0.001010813196,2.788830696,2.788830696,0.03892769378,0.1394415348,-9.587379924e-07,3.83495197e-06,4.793689962e-07,4.793689962e-07,-3.83495197e-06,0.1394415348,-9.587379924e-07,3.83495197e-06,4.793689962e-07,4.793689962e-07,-3.83495197e-06,0.1394415348,0,0,0,0,0,0
1.15,1,1,6.040049352e-05,3.667172821e-05,1.150485591e-05,0.0001409344849,3.163835375e-05,0.02023320659,0,0,0,0,0,0.002094395102,0.02101425468,0.008630229266,-0.003105669716,-0.0007810480838,-0.0104615935,-0.05532896199,13.31980882,-0,0.232054985,0.05742335709,0.2098323652,-0.1393464255,1.022328698,-0.001108003181,2.766448099,0.1393464255,0.001108003181,3.116734893,3.116734893,0.0382544696,0.1558367447,-4.793689962e-07,2.876213977e-06,9.587379924e-07,1.917475985e-06,-2.876213977e-06,0.1558367447,-4.793689962e-07,2.876213977e-06,9.587379924e-07,1.917475985e-06,-2.876213977e-06,0.1558367447,0,0,0,0,0,0
1.16,1,1,6.111954702e-05,3.691141271e-05,1.198422491e-05,0.0001406948004,3.187803825e-05,0.02025405914,0,-0.001047197551,0,0,0,0.001047197551,0.02110040129,0.00859905441,-0.0031292873,-0.0008463421477,-0.01134492961,-0.060449228,13.3237241,-0,0.2322909187,0.06149642555,0.2463157754,-0.1511567121,1.021301531,-0.001187348372,3.0224614,0.1511567121,0.001187348372,3.421121236,3.421121236,0.03759759097,0.1710560618,-1.917475985e-06,0.0001071166001,-0,2.396844981e-06,-3.355582973e-06,0.1710560618,-1.917475985e-06,0.0001071166001,-0,2.396844981e-06,-3.355582973e-06,0.1710560618,0,0,0,0,0,0
1.17,1,1,6.064017802e-05,3.619235921e-05,1.150485591e-05,0.0001406948004,3.187803825e-05,0.02025957189,0,0,0,0,0,0,0.02118623498,0.008567643806,-0.003152819092,-0.0009266630914,-0.01242984973,-0.06651893786,13.32476004,-0,0.2323532903,0.06651893786,0.2932794609,-0.1656247649,1.020259572,-0.001281703864,3.325946893,0.1656247649,0.001281703864,3.786132823,3.786132823,0.03695806181,0.1893066411,-9.587379924e-07,3.83495197e-06,9.587379924e-07,2.396844981e-06,-3.355582973e-06,0.1893066411,-9.587379924e-07,3.83495197e-06,9.587379924e-07,2.396844981e-06,-3.355582973e-06,0.1893066411,0,0,0,0,0,0
1.18,1,1,5.992112453e-05,3.715109721e-05,1.102548691e-05,0.0001402154314,3.163835375e-05,0.02026172905,0,0,0,0,0,0,0.02127175338,0.008535998316,-0.003176264449,-0.001010024337,-0.01355668314,-0.0717387694,13.3251655,-0,0.2323776964,0.0717387694,0.3351754077,-0.1806450465,1.020261729,-0.001358977828,3.58693847,0.1806450465,0.001358977828,4.104117902,4.104117902,0.03633547508,0.2052058951,4.793689962e-07,1.917475985e-06,1.917475985e-06,3.355582973e-06,-2.876213977e-06,0.2052058951,4.793689962e-07,1.917475985e-06,1.917475985e-06,3.355582973e-06,-2.876213977e-06,0.2052058951,0,0,0,0,0,0
1.19,1,1,5.968144003e-05,3.667172821e-05,1.174454041e-05,0.0001418932229,3.163835375e-05,0.02026340684,0,0,0,0,0,0,0.02135695416,0.008504118807,-0.003199622727,-0.001093547326,-0.0146870676,-0.07697502343,13.3254809,-0,0.2323966789,0.07697502343,0.3696645859,-0.1957122388,1.020263407,-0.001433843798,3.848751171,0.1957122388,0.001433843798,4.41556184,4.41556184,0.03572984916,0.220778092,9.587379924e-07,2.876213977e-06,4.793689962e-07,-0,-2.876213977e-06,0.220778092,9.587379924e-07,2.876213977e-06,4.793689962e-07,-0,-2.876213977e-06,0.220778092,0,0,0,0,0,0
1.2,1,1,6.040049352e-05,3.691141271e-05,1.174454041e-05,0.0001406948004,3.187803825e-05,0.02026724179,0,0,0,0,0,0,0.02144183498,0.008472006154,-0.003222893285,-0.001174593192,-0.01578582895,-0.08206109805,13.32620194,-0,0.2324400671,0.08206109805,0.3950351486,-0.2103651445,1.020267242,-0.001503377241,4.103054902,0.2103651445,0.001503377241,4.709958573,4.709958573,0.03514109589,0.2354979286,-4.793689962e-07,2.396844981e-06,4.793689962e-07,2.396844981e-06,-3.355582973e-06,0.2354979286,-4.793689962e-07,2.396844981e-06,4.793689962e-07,2.396844981e-06,-3.355582973e-06,0.2354979286,0,0,0,0,0,0
1.21,1,1,6.087986252e-05,3.667172821e-05,1.198422491e-05,0.0001404551159,3.187803825e-05,0.02027778791,0,0,0,0,0,0,0.02152639351,0.008439661236,-0.003246075486,-0.001248605605,-0.01679222743,-0.08670840879,13.3281857,-0,0.232559383,0.08670840879,0.4078191083,-0.2238099255,1.020277788,-0.00156263928,4.335420439,0.2238099255,0.00156263928,4.968612113,4.968612113,0.03456861403,0.2484306056,-1.438106989e-06,2.876213977e-06,-0,2.876213977e-06,-3.355582973e-06,0.2484306056,-1.438106989e-06,2.876213977e-06,-0,2.876213977e-06,-3.355582973e-06,0.2484306056,0,0,0,0,0,0
1.22,1,1,6.087986252e-05,3.691141271e-05,1.174454041e-05,0.0001411741694,3.187803825e-05,0.02029696267,0,0,0,0,0,0.002094395102,0.02161062744,0.008407084941,-0.003269168694,-0.001313664768,-0.01768061943,-0.08869969799,13.33179593,-0,0.2327763146,0.0907940931,0.4076222507,-0.2357144101,1.022392454,-0.001579235465,4.4349849,0.2357144101,0.001579235465,5.079900796,5.079900796,0.03401071836,0.2539950398,-1.438106989e-06,2.396844981e-06,4.793689962e-07,1.438106989e-06,-3.355582973e-06,0.2539950398,-1.438106989e-06,2.396844981e-06,4.793689962e-07,1.438106989e-06,-3.355582973e-06,0.2539950398,0,0,0,0,0,0
1.23,1,1,6.064017802e-05,3.691141271e-05,1.126517141e-05,0.0001411741694,3.163835375e-05,0.02032356765,0,0,0,0,0,0.002094395102,0.02169453444,0.008374278161,-0.003292172277,-0.001370966796,-0.01846685398,-0.09229795263,13.33681236,-0,0.2330772933,0.09439234773,0.3986917226,-0.2462889664,1.022419059,-0.001617100716,4.614897631,0.2462889664,0.001617100716,5.261495421,5.261495421,0.03346735324,0.2630747711,-9.587379924e-07,2.396844981e-06,1.438106989e-06,1.438106989e-06,-2.876213977e-06,0.2630747711,-9.587379924e-07,2.396844981e-06,1.438106989e-06,1.438106989e-06,-2.876213977e-06,0.2630747711,0,0,0,0,0,0
1.24,1,1,5.968144003e-05,3.619235921e-05,1.150485591e-05,0.0001416535384,3.187803825e-05,0.02036479338,0,0,0,0,0,0.004188790205,0.02177811223,0.008341241796,-0.003315085603,-0.001413318853,-0.01905482827,-0.0928573033,13.34460223,-0,0.2335436431,0.0970460935,0.3740076835,-0.2542791037,1.02455797,-0.001607776764,4.642865165,0.2542791037,0.001607776764,5.272759729,5.272759729,0.03293621509,0.2636379864,9.587379924e-07,3.83495197e-06,9.587379924e-07,4.793689962e-07,-3.355582973e-06,0.2636379864,9.587379924e-07,3.83495197e-06,9.587379924e-07,4.793689962e-07,-3.355582973e-06,0.2636379864,0,0,0,0,0,0
1.25,1,1,5.992112453e-05,3.667172821e-05,1.24635939e-05,0.0001416535384,3.187803825e-05,0.02041896208,0,0,0,0,0,0.006283185307,0.02186135852,0.008307976752,-0.003337908044,-0.001442396439,-0.01946656563,-0.09257658301,13.35486858,-0,0.2341563463,0.09885976832,0.338345403,-0.2599734257,1.026712017,-0.001584234278,4.628829151,0.2599734257,0.001584234278,5.228732214,5.228732214,0.03241599212,0.2614366107,4.793689962e-07,2.876213977e-06,-9.587379924e-07,4.793689962e-07,-3.355582973e-06,0.2614366107,4.793689962e-07,2.876213977e-06,-9.587379924e-07,4.793689962e-07,-3.355582973e-06,0.2614366107,0,0,0,0,0,0
1.26,1,1,5.920207103e-05,3.691141271e-05,1.174454041e-05,0.0001416535384,3.187803825e-05,0.02049925639,0,0,0,0,0,0.00837758041,0.02194427101,0.00827448394,-0.003360638975,-0.001445014625,-0.01952538692,-0.09061846014,13.37015095,-0,0.2350644338,0.09899604055,0.2786525402,-0.2610573704,1.028894383,-0.001532673569,4.530923007,0.2610573704,0.001532673569,5.072165591,5.072165591,0.03190272079,0.2536082796,1.917475985e-06,2.396844981e-06,4.793689962e-07,4.793689962e-07,-3.355582973e-06,0.2536082796,1.917475985e-06,2.396844981e-06,4.793689962e-07,4.793689962e-07,-3.355582973e-06,0.2536082796,0,0,0,0,0,0
1.27,1,1,5.992112453e-05,3.643204371e-05,1.126517141e-05,0.0001416535384,3.163835375e-05,0.02059848577,0,0,0,0,0,0.01151917306,0.02202684744,0.00824076428,-0.003383277772,-0.001428361673,-0.01932632609,-0.08639089363,13.38914402,-0,0.2361864635,0.0979100667,0.2071440539,-0.2587629633,1.032150832,-0.001447080168,4.319544682,0.2587629633,0.001447080168,4.786898779,4.786898779,0.0313955684,0.2393449389,4.793689962e-07,3.355582973e-06,1.438106989e-06,4.793689962e-07,-2.876213977e-06,0.2393449389,4.793689962e-07,3.355582973e-06,1.438106989e-06,4.793689962e-07,-2.876213977e-06,0.2393449389,0,0,0,0,0,0
1.28,1,1,6.111954702e-05,3.73907817e-05,1.150485591e-05,0.0001414138539,3.187803825e-05,0.02072312171,0,0,0,0,0,0.01256637061,0.02210908554,0.008206818694,-0.003405823814,-0.001385963837,-0.01878145155,-0.0826257111,13.41316795,-0,0.2375954558,0.09519208172,0.1190371792,-0.2519187641,1.033328971,-0.001364927189,4.131285555,0.2519187641,0.001364927189,4.503606426,4.503606426,0.03089167759,0.2251803213,-1.917475985e-06,1.438106989e-06,9.587379924e-07,9.587379924e-07,-3.355582973e-06,0.2251803213,-1.917475985e-06,1.438106989e-06,9.587379924e-07,9.587379924e-07,-3.355582973e-06,0.2251803213,0,0,0,0,0,0
1.29,1,1,6.111954702e-05,3.619235921e-05,1.150485591e-05,0.0001416535384,3.163835375e-05,0.02085830376,0,0,0,-0.001047197551,0,0.01256637061,0.02219098306,0.008172648114,-0.003428276485,-0.001332679301,-0.0180886035,-0.07921904245,13.43943698,-0,0.2391232649,0.09178541307,0.03477288416,-0.2431006469,1.033464153,-0.001287803044,3.960952123,0.2431006469,0.001287803044,4.240113457,4.240113457,0.03039124058,0.2120056728,-1.917475985e-06,3.83495197e-06,9.587379924e-07,0.0001051991241,-2.876213977e-06,0.2120056728,-1.917475985e-06,3.83495197e-06,9.587379924e-07,0.0001051991241,-2.876213977e-06,0.2120056728,0,0,0,0,0,0
1.3,1,1,6.040049352e-05,3.619235921e-05,1.22239094e-05,0.0001411741694,3.211772275e-05,0.02098270002,0,0,0,0,0,0.01151917306,0.02227253776,0.008138253478,-0.003450635167,-0.001289837741,-0.01753413274,-0.07752224588,13.46380619,-0,0.2405287993,0.08904141895,-0.02170872513,-0.236076165,1.032535046,-0.001237514943,3.876112294,0.236076165,0.001237514943,4.091717249,4.091717249,0.02989729339,0.2045858624,-4.793689962e-07,3.83495197e-06,-4.793689962e-07,1.438106989e-06,-3.83495197e-06,0.2045858624,-4.793689962e-07,3.83495197e-06,-4.793689962e-07,1.438106989e-06,-3.83495197e-06,0.2045858624,0,0,0,0,0,0
1.31,1,1,6.064017802e-05,3.595267472e-05,1.078580241e-05,0.0001418932229,3.163835375e-05,0.02108408656,0,0,0,0,0,0.00837758041,0.02235374739,0.008103635726,-0.003472899249,-0.00126966083,-0.01728360214,-0.0793549588,13.48380746,-0,0.2416740831,0.08773253921,-0.04102698912,-0.2330487634,1.029479213,-0.001238845251,3.96774794,0.2330487634,0.001238845251,4.16100856,4.16100856,0.02941232139,0.208050428,-9.587379924e-07,4.314320966e-06,2.396844981e-06,-0,-2.876213977e-06,0.208050428,-9.587379924e-07,4.314320966e-06,2.396844981e-06,-0,-2.876213977e-06,0.208050428,0,0,0,0,0,0
1.32,1,1,6.016080902e-05,3.571299022e-05,1.174454041e-05,0.0001411741694,3.163835375e-05,0.02117516667,0,0,0,0,0,0.007330382858,0.02243460973,0.00806879581,-0.003495068119,-0.001259443063,-0.01716683483,-0.07972340707,13.50188286,-0,0.2427027376,0.08705378993,-0.04574407159,-0.231784593,1.028518983,-0.001222150693,3.986170354,0.231784593,0.001222150693,4.173433026,4.173433026,0.02893593607,0.2086716513,-0,4.793689962e-06,4.793689962e-07,1.438106989e-06,-2.876213977e-06,0.2086716513,-0,4.793689962e-06,4.793689962e-07,1.438106989e-06,-2.876213977e-06,0.2086716513,0,0,0,0,0,0
1.33,1,1,6.111954702e-05,3.691141271e-05,1.078580241e-05,0.0001416535384,3.139866925e-05,0.02126912299,0,0,0,0,0,0.00837758041,0.02251512257,0.008033734683,-0.00351714117,-0.001245999576,-0.01700611805,-0.07779310243,13.52063594,-0,0.2437636712,0.08617068284,-0.05373425447,-0.2299335309,1.029664249,-0.001175857257,3.889655122,0.2299335309,0.001175857257,4.067030255,4.067030255,0.02846709986,0.2033515128,-1.917475985e-06,2.396844981e-06,2.396844981e-06,4.793689962e-07,-2.396844981e-06,0.2033515128,-1.917475985e-06,2.396844981e-06,2.396844981e-06,4.793689962e-07,-2.396844981e-06,0.2033515128,0,0,0,0,0,0
1.34,1,1,6.016080902e-05,3.667172821e-05,1.198422491e-05,0.0001411741694,3.211772275e-05,0.02136931111,-0.001047197551,0,0,0,0,0.01047197551,0.02259528369,0.007998453308,-0.003539117798,-0.001225972579,-0.01675580188,-0.07439889143,13.54075284,-0,0.2448947427,0.08487086695,-0.06800956583,-0.226886172,1.031868702,-0.001111038077,3.719944572,0.226886172,0.001111038077,3.879932216,3.879932216,0.02800462191,0.1939966108,0.0001047197551,2.876213977e-06,-0,1.438106989e-06,-3.83495197e-06,0.1939966108,0.0001047197551,2.876213977e-06,-0,1.438106989e-06,-3.83495197e-06,0.1939966108,0,0,0,0,0,0
1.35,1,1,6.087986252e-05,3.667172821e-05,1.22239094e-05,0.0001411741694,3.187803825e-05,0.02148531841,-0.001047197551,0,0,0,0,0.01256637061,0.0226750909,0.007962952651,-0.003560997398,-0.001189772494,-0.01628541991,-0.06998181011,13.56420143,-0,0.2462041064,0.08254818072,-0.09845891257,-0.220898716,1.034091167,-0.001032420785,3.499090505,0.220898716,0.001032420785,3.622562729,3.622562729,0.02754630817,0.1811281365,0.0001032816481,2.876213977e-06,-4.793689962e-07,1.438106989e-06,-3.355582973e-06,0.1811281365,0.0001032816481,2.876213977e-06,-4.793689962e-07,1.438106989e-06,-3.355582973e-06,0.1811281365,0,0,0,0,0,0
1.36,1,1,6.040049352e-05,3.619235921e-05,1.22239094e-05,0.0001411741694,3.139866925e-05,0.02161235119,0,0,0,0,0,0.01256637061,0.02275454202,0.007927233685,-0.003582779372,-0.001142190823,-0.01565894625,-0.06694042516,13.59007065,-0,0.247637545,0.07950679577,-0.1358767802,-0.2128061858,1.0342182,-0.0009715156932,3.347021258,0.2128061858,0.0009715156932,3.424922179,3.424922179,0.0270920701,0.171246109,-4.793689962e-07,3.83495197e-06,-4.793689962e-07,1.438106989e-06,-2.396844981e-06,0.171246109,-4.793689962e-07,3.83495197e-06,-4.793689962e-07,1.438106989e-06,-2.396844981e-06,0.171246109,0,0,0,0,0,0
1.37,1,1,6.064017802e-05,3.619235921e-05,1.22239094e-05,0.0001414138539,3.187803825e-05,0.02172452354,0,0,0,0,0,0.009424777961,0.02283363485,0.007891297391,-0.003604463122,-0.001109111314,-0.01522791343,-0.06795806273,13.61308133,-0,0.2489029763,0.0773828407,-0.1494685986,-0.2072988239,1.031171508,-0.0009642800565,3.397903137,0.2072988239,0.0009642800565,3.456697642,3.456697642,0.026644525,0.1728348821,-9.587379924e-07,3.83495197e-06,-4.793689962e-07,9.587379924e-07,-3.355582973e-06,0.1728348821,-9.587379924e-07,3.83495197e-06,-4.793689962e-07,9.587379924e-07,-3.355582973e-06,0.1728348821,0,0,0,0,0,0
1.38,1,1,6.135923152e-05,3.619235921e-05,1.198422491e-05,0.0001411741694,3.163835375e-05,0.02181512428,0,0,0,0,0,0.007330382858,0.02291236724,0.007855144752,-0.003626048054,-0.001097242964,-0.01508477673,-0.06926856461,13.63178216,-0,0.2499248339,0.07659894746,-0.1363346635,-0.2056323902,1.029158941,-0.0009629175572,3.46342823,0.2056323902,0.0009629175572,3.533688875,3.533688875,0.02620587991,0.1766844437,-2.396844981e-06,3.83495197e-06,-0,1.438106989e-06,-2.876213977e-06,0.1766844437,-2.396844981e-06,3.83495197e-06,-0,1.438106989e-06,-2.876213977e-06,0.1766844437,0,0,0,0,0,0
1.39,1,1,6.016080902e-05,3.595267472e-05,1.22239094e-05,0.0001409344849,3.187803825e-05,0.0218937408,0,0,0,0,0,0.006283185307,0.02299073703,0.007818776761,-0.003647533576,-0.001096996236,-0.01509985399,-0.07026571025,13.64809312,-0,0.2508113641,0.07654889556,-0.1124231444,-0.2060842133,1.028186796,-0.0009589280139,3.513285512,0.2060842133,0.0009589280139,3.607905509,3.607905509,0.02577579357,0.1803952755,-0,4.314320966e-06,-4.793689962e-07,1.917475985e-06,-3.355582973e-06,0.1803952755,-0,4.314320966e-06,-4.793689962e-07,1.917475985e-06,-3.355582973e-06,0.1803952755,0,0,0,0,0,0
1.4,1,1,6.040049352e-05,3.643204371e-05,1.174454041e-05,0.0001416535384,3.163835375e-05,0.0219601334,0,0,0,0,0,0.005235987756,0.02306874206,0.007782194414,-0.003668919099,-0.001108608664,-0.01527695743,-0.07201182558,13.66192874,-0,0.2515599327,0.07724781334,-0.07887795677,-0.2087127038,1.027202975,-0.0009648630971,3.600591279,0.2087127038,0.0009648630971,3.731390889,3.731390889,0.02535520907,0.1865695445,-4.793689962e-07,3.355582973e-06,4.793689962e-07,4.793689962e-07,-2.876213977e-06,0.1865695445,-4.793689962e-07,3.355582973e-06,4.793689962e-07,4.793689962e-07,-2.876213977e-06,0.1865695445,0,0,0,0,0,0
1.41,1,1,6.016080902e-05,3.667172821e-05,1.174454041e-05,0.0001404551159,3.211772275e-05,0.02202341011,0,0,0.001047197551,0,0,0.005235987756,0.02314638021,0.007745398715,-0.003690204036,-0.001122970099,-0.01549200315,-0.07288444437,13.67516701,-0,0.25227327,0.07812043213,-0.04855149562,-0.2118557305,1.027266252,-0.0009607949351,3.644222218,0.2118557305,0.0009607949351,3.808487248,3.808487248,0.02494310914,0.1904243624,-0,2.876213977e-06,-0.0001042403861,2.876213977e-06,-3.83495197e-06,0.1904243624,-0,2.876213977e-06,-0.0001042403861,2.876213977e-06,-3.83495197e-06,0.1904243624,0,0,0,0,0,0
1.42,1,1,6.087986252e-05,3.667172821e-05,1.174454041e-05,0.0001411741694,3.187803825e-05,0.02207901691,0,0,0,0,0,0.004188790205,0.02322364933,0.007708390671,-0.003711387805,-0.001144632419,-0.01580740126,-0.07526586624,13.68684262,-0,0.2529000614,0.07945465645,-0.01530375459,-0.2163534133,1.026272194,-0.0009742818982,3.763293312,0.2163534133,0.0009742818982,3.965317253,3.965317253,0.02454077113,0.1982658626,-1.438106989e-06,2.876213977e-06,4.793689962e-07,1.438106989e-06,-3.355582973e-06,0.1982658626,-1.438106989e-06,2.876213977e-06,4.793689962e-07,1.438106989e-06,-3.355582973e-06,0.1982658626,0,0,0,0,0,0
1.43,1,1,6.064017802e-05,3.571299022e-05,1.198422491e-05,0.0001414138539,3.187803825e-05,0.02213318561,0,0,0,0,0,0.005235987756,0.02330054732,0.007671171298,-0.003732469825,-0.001167361708,-0.01613801486,-0.07562073191,13.69825412,-0,0.2535105699,0.08085671967,0.01307683246,-0.2210626285,1.027376027,-0.0009652372421,3.781036596,0.2210626285,0.0009652372421,4.016141294,4.016141294,0.02414700797,0.2008070647,-9.587379924e-07,4.793689962e-06,-0,9.587379924e-07,-3.355582973e-06,0.2008070647,-9.587379924e-07,4.793689962e-06,-0,9.587379924e-07,-3.355582973e-06,0.2008070647,0,0,0,0,0,0
1.44,1,1,6.040049352e-05,3.571299022e-05,1.174454041e-05,0.0001416535384,3.163835375e-05,0.02220724812,0,0,0,0,0,0.00837758041,0.02337707206,0.007633741615,-0.003753449516,-0.001169823937,-0.01619135246,-0.07259950362,13.71391714,-0,0.254345175,0.08097708403,0.01227835614,-0.222046866,1.030602374,-0.0009175329172,3.629975181,0.222046866,0.0009175329172,3.865217936,3.865217936,0.02375910302,0.1932608968,-4.793689962e-07,4.793689962e-06,4.793689962e-07,4.793689962e-07,-2.876213977e-06,0.1932608968,-4.793689962e-07,4.793689962e-06,4.793689962e-07,4.793689962e-07,-2.876213977e-06,0.1932608968,0,0,0,0,0,0
1.45,1,1,5.968144003e-05,3.475425223e-05,1.22239094e-05,0.0001414138539,3.187803825e-05,0.02229161706,0,0,0,0,0,0.00837758041,0.02345322145,0.00759610265,-0.003774326305,-0.001161604389,-0.01609809294,-0.0720440105,13.73184531,-0,0.2552957581,0.08042159091,-0.0004687162144,-0.2210565221,1.030686743,-0.0008960014968,3.602200525,0.2210565221,0.0008960014968,3.823684332,3.823684332,0.02337662815,0.1911842166,9.587379924e-07,6.711165947e-06,-4.793689962e-07,9.587379924e-07,-3.355582973e-06,0.1911842166,9.587379924e-07,6.711165947e-06,-4.793689962e-07,9.587379924e-07,-3.355582973e-06,0.1911842166,0,0,0,0,0,0
1.46,1,1,5.992112453e-05,3.595267472e-05,1.150485591e-05,0.0001421329074,3.187803825e-05,0.02238773055,0,0,0,0,0,0.009424777961,0.02352899341,0.007558255434,-0.003795099619,-0.001141262869,-0.0158378541,-0.06967452168,13.75238051,-0,0.2563784524,0.07909929964,-0.02470008767,-0.2178081959,1.031834715,-0.0008544351659,3.483726084,0.2178081959,0.0008544351659,3.677688627,3.677688627,0.02299882321,0.1838844314,4.793689962e-07,4.314320966e-06,9.587379924e-07,-4.793689962e-07,-3.355582973e-06,0.1838844314,4.793689962e-07,4.314320966e-06,9.587379924e-07,-4.793689962e-07,-3.355582973e-06,0.1838844314,0,0,0,0,0,0
1.47,1,1,5.992112453e-05,3.667172821e-05,1.174454041e-05,0.0001411741694,3.163835375e-05,0.02248935677,0,0,0,0,0,0.009424777961,0.02360438587,0.007520201005,-0.003815768889,-0.001115029096,-0.01549570017,-0.0679797667,13.77422299,-0,0.2575229972,0.07740454466,-0.05129243131,-0.2134412294,1.031936341,-0.0008202797635,3.398988335,0.2134412294,0.0008202797635,3.561957413,3.561957413,0.02262533022,0.1780978707,4.793689962e-07,2.876213977e-06,4.793689962e-07,1.438106989e-06,-2.876213977e-06,0.1780978707,4.793689962e-07,2.876213977e-06,4.793689962e-07,1.438106989e-06,-2.876213977e-06,0.1780978707,0,0,0,0,0,0
1.48,1,1,6.064017802e-05,3.643204371e-05,1.174454041e-05,0.0001404551159,3.187803825e-05,0.02258547026,0,0,0,0,0,0.00837758041,0.02367939675,0.007481940405,-0.003836333547,-0.001093926491,-0.01522332317,-0.06765669675,13.79500353,-0,0.2586052191,0.07603427716,-0.06693457314,-0.2100057967,1.030980597,-0.0008016202963,3.382834837,0.2100057967,0.0008016202963,3.526707681,3.526707681,0.02225746504,0.1763353841,-9.587379924e-07,3.355582973e-06,4.793689962e-07,2.876213977e-06,-3.355582973e-06,0.1763353841,-9.587379924e-07,3.355582973e-06,4.793689962e-07,2.876213977e-06,-3.355582973e-06,0.1763353841,0,0,0,0,0,0
1.49,1,1,6.111954702e-05,3.667172821e-05,1.078580241e-05,0.0001418932229,3.211772275e-05,0.02268757585,0,0,0,0,0,0.01047197551,0.02375402399,0.007443474684,-0.00385679303,-0.001066448141,-0.0148620616,-0.06378929448,13.81721102,-0,0.2597546582,0.07426126999,-0.08742434317,-0.2053522414,1.033186967,-0.000746655346,3.189464724,0.2053522414,0.000746655346,3.308139277,3.308139277,0.02189408141,0.1654069639,-1.917475985e-06,2.876213977e-06,2.396844981e-06,-0,-3.83495197e-06,0.1654069639,-1.917475985e-06,2.876213977e-06,2.396844981e-06,-0,-3.83495197e-06,0.1654069639,0,0,0,0,0,0
1.5,1,1,6.040049352e-05,3.691141271e-05,1.150485591e-05,0.0001414138539,3.187803825e-05,0.02280046725,0,0,0,0,0,0.01151917306,0.02382826556,0.007404804897,-0.003877146778,-0.00102779831,-0.01434510792,-0.06026398611,13.84192262,-0,0.2610252121,0.07178315918,-0.117101403,-0.1985638738,1.034352813,-0.0006953574246,3.013199306,0.1985638738,0.0006953574246,3.095357134,3.095357134,0.02153372588,0.1547678567,-4.793689962e-07,2.396844981e-06,9.587379924e-07,9.587379924e-07,-3.355582973e-06,0.1547678567,-4.793689962e-07,2.396844981e-06,9.587379924e-07,9.587379924e-07,-3.355582973e-06,0.1547678567,0,0,0,0,0,0
1.51,1,1,6.016080902e-05,3.595267472e-05,1.22239094e-05,0.0001416535384,3.211772275e-05,0.02292678098,0,0,0,0,0,0.01256637061,0.02390211942,0.007365932103,-0.003897394231,-0.0009753384331,-0.01363503305,-0.0558682458,13.86977023,-0,0.2624464488,0.06843461642,-0.1571354668,-0.1891147755,1.03553263,-0.000635383535,2.79341229,0.1891147755,0.000635383535,2.826026982,2.826026982,0.02117592508,0.1413013491,-0,4.314320966e-06,-4.793689962e-07,4.793689962e-07,-3.83495197e-06,0.1413013491,-0,4.314320966e-06,-4.793689962e-07,4.793689962e-07,-3.83495197e-06,0.1413013491,0,0,0,0,0,0
1.52,1,1,6.040049352e-05,3.547330572e-05,1.102548691e-05,0.0001416535384,3.187803825e-05,0.0230641202,0,0,0,0,0,0.01256637061,0.02397558353,0.007326857368,-0.003917534835,-0.0009114633308,-0.01276396305,-0.0518022188,13.90028692,-0,0.2639912812,0.06436858942,-0.2027781356,-0.1774227488,1.035669969,-0.0005794088791,2.59011094,0.1774227488,0.0005794088791,2.565334962,2.565334962,0.02082028215,0.1282667481,-4.793689962e-07,5.273058958e-06,1.917475985e-06,4.793689962e-07,-3.355582973e-06,0.1282667481,-4.793689962e-07,5.273058958e-06,1.917475985e-06,4.793689962e-07,-3.355582973e-06,0.1282667481,0,0,0,0,0,0
1.53,1,1,6.111954702e-05,3.595267472e-05,1.198422491e-05,0.0001414138539,3.187803825e-05,0.02319043393,0,-0.001047197551,0,0,0,0.01256637061,0.02404865589,0.007287581764,-0.003937568038,-0.0008582219629,-0.01203800413,-0.04840928097,13.92857414,-0,0.2654116713,0.06097565159,-0.2274838673,-0.1676722331,1.035796283,-0.0005324453307,2.420464049,0.1676722331,0.0005324453307,2.36118486,2.36118486,0.02046846465,0.118059243,-1.917475985e-06,0.0001090340761,-0,9.587379924e-07,-3.355582973e-06,0.118059243,-1.917475985e-06,0.0001090340761,-0,9.587379924e-07,-3.355582973e-06,0.118059243,0,0,0,0,0,0
1.54,1,1,6.111954702e-05,3.595267472e-05,1.22239094e-05,0.0001414138539,3.187803825e-05,0.02332130167,0,0,0,0,0,0.01151917306,0.0241213345,0.007248106368,-0.003957493291,-0.0008000328337,-0.01124058895,-0.04575445306,13.95810511,-0,0.2668828399,0.05727362612,-0.2533846383,-0.1568973221,1.034873648,-0.0004938080192,2.287722653,0.1568973221,0.0004938080192,2.191729145,2.191729145,0.02012027778,0.1095864572,-1.917475985e-06,4.314320966e-06,-4.793689962e-07,9.587379924e-07,-3.355582973e-06,0.1095864572,-1.917475985e-06,4.314320966e-06,-4.793689962e-07,9.587379924e-07,-3.355582973e-06,0.1095864572,0,0,0,0,0,0
1.55,1,1,6.087986252e-05,3.595267472e-05,1.174454041e-05,0.0001414138539,3.163835375e-05,0.02345768215,0,0,0,0,0,0.01361356817,0.02419361736,0.00720843226,-0.003977310047,-0.0007359352125,-0.01035782903,-0.0395894066,13.98912385,-0,0.2684155115,0.05320297476,-0.2816695512,-0.1448969531,1.037117583,-0.0004217705314,1.97947033,0.1448969531,0.0004217705314,1.843119502,1.843119502,0.01977500384,0.09215597511,-1.438106989e-06,4.314320966e-06,4.793689962e-07,9.587379924e-07,-2.876213977e-06,0.09215597511,-1.438106989e-06,4.314320966e-06,4.793689962e-07,9.587379924e-07,-2.876213977e-06,0.09215597511,0,0,0,0,0,0
1.56,1,1,6.087986252e-05,3.619235921e-05,1.174454041e-05,0.0001406948004,3.211772275e-05,0.02361779139,0,0,0,0,0,0.01780235837,0.02426550249,0.00716856053,-0.003997017763,-0.000647711096,-0.009133676856,-0.02981854445,14.02585889,-0,0.2702142373,0.04762090282,-0.3331550831,-0.1281076627,1.041499381,-0.0003148121662,1.490927223,0.1281076627,0.0003148121662,1.286194614,1.286194614,0.01943169852,0.06430973072,-1.438106989e-06,3.83495197e-06,4.793689962e-07,2.396844981e-06,-3.83495197e-06,0.06430973072,-1.438106989e-06,3.83495197e-06,4.793689962e-07,2.396844981e-06,-3.83495197e-06,0.06430973072,0,0,0,0,0,0
1.57,1,1,6.016080902e-05,3.595267472e-05,1.198422491e-05,0.0001414138539,3.187803825e-05,0.0238047453,0,0,0,0,0,0.01780235837,0.02433698791,0.00712849227,-0.004016615899,-0.0005322426148,-0.007521579773,-0.02253600543,14.06919253,-0,0.2723137007,0.0403383638,-0.4054657677,-0.105822554,1.041686335,-0.0002338296702,1.126800272,0.105822554,0.0002338296702,0.8273908875,0.8273908875,0.01908999036,0.04136954438,-0,4.314320966e-06,-0,9.587379924e-07,-3.355582973e-06,0.04136954438,-0,4.314320966e-06,-0,9.587379924e-07,-3.355582973e-06,0.04136954438,0,0,0,0,0,0
1.58,1,1,6.016080902e-05,3.643204371e-05,1.22239094e-05,0.0001402154314,3.211772275e-05,0.02397036729,0,0,0,0,0,0.01361356817,0.02440807168,0.007088228579,-0.004036103917,-0.0004377043932,-0.006197860612,-0.02076466658,14.10797999,-0,0.2741728442,0.03437823475,-0.4396261188,-0.08743929352,1.037630268,-0.000209999713,1.038233329,0.08743929352,0.000209999713,0.6862565037,0.6862565037,0.01875271271,0.03431282518,-0,3.355582973e-06,-4.793689962e-07,3.355582973e-06,-3.83495197e-06,0.03431282518,-0,3.355582973e-06,-4.793689962e-07,3.355582973e-06,-3.83495197e-06,0.03431282518,0,0,0,0,0,0
1.59,1,1,6.016080902e-05,3.691141271e-05,1.174454041e-05,0.0001404551159,3.187803825e-05,0.02409524291,0,0,0,0,0,0.009424777961,0.02447875184,0.007047770561,-0.004055481283,-0.0003835089269,-0.005439410466,-0.02152339794,14.13747403,-0,0.2755741222,0.0309481759,-0.4210740313,-0.0768995242,1.033542227,-0.000212143702,1.076169897,0.0768995242,0.000212143702,0.7322075335,0.7322075335,0.01842125305,0.03661037667,-0,2.396844981e-06,4.793689962e-07,2.876213977e-06,-3.355582973e-06,0.03661037667,-0,2.396844981e-06,4.793689962e-07,2.876213977e-06,-3.355582973e-06,0.03661037667,0,0,0,0,0,0
1.6,1,1,5.992112453e-05,3.715109721e-05,1.198422491e-05,0.0001416535384,3.187803825e-05,0.0241865627,0,0,0,0,0,0.007330382858,0.02454902645,0.007007119324,-0.004074747467,-0.0003624637431,-0.005147954324,-0.02226172225,14.15917889,-0,0.2765985955,0.02959210511,-0.3682341755,-0.07289080618,1.031530379,-0.0002147084404,1.113086113,0.07289080618,0.0002147084404,0.8179574518,0.8179574518,0.01809603238,0.04089787259,4.793689962e-07,1.917475985e-06,-0,4.793689962e-07,-3.355582973e-06,0.04089787259,4.793689962e-07,1.917475985e-06,-0,4.793689962e-07,-3.355582973e-06,0.04089787259,0,0,0,0,0,0
1.61,1,1,5.944175553e-05,3.715109721e-05,1.174454041e-05,0.0001411741694,3.163835375e-05,0.02425103783,0,0,0,0,0,0.005235987756,0.02461889358,0.006966275984,-0.004093901939,-0.0003678557493,-0.005230498608,-0.02465235374,14.17457293,-0,0.2773217777,0.02988834149,-0.2949025763,-0.07414008395,1.029493879,-0.0002326551168,1.232617687,0.07414008395,0.0002326551168,1.01208785,1.01208785,0.01777730987,0.05060439249,1.438106989e-06,1.917475985e-06,4.793689962e-07,1.438106989e-06,-2.876213977e-06,0.05060439249,1.438106989e-06,1.917475985e-06,4.793689962e-07,1.438106989e-06,-2.876213977e-06,0.05060439249,0,0,0,0,0,0
1.62,1,1,6.040049352e-05,3.691141271e-05,1.198422491e-05,0.0001414138539,3.187803825e-05,0.02428603177,0,0,0,0,0,0.002094395102,0.02468835133,0.006925241659,-0.004112944175,-0.0004023195594,-0.005725629609,-0.02990776311,14.18295224,-0,0.2777142391,0.03200215821,-0.2016858714,-0.08120633129,1.026381523,-0.0002756337722,1.495388155,0.08120633129,0.0002756337722,1.375184249,1.375184249,0.01746610151,0.06875921246,-4.793689962e-07,2.396844981e-06,-0,9.587379924e-07,-3.355582973e-06,0.06875921246,-4.793689962e-07,2.396844981e-06,-0,9.587379924e-07,-3.355582973e-06,0.06875921246,0,0,0,0,0,0
1.63,1,1,6.064017802e-05,3.691141271e-05,1.150485591e-05,0.0001414138539,3.187803825e-05,0.02430257,0,0,0,0,0,0.001047197551,0.02475739778,0.006884017476,-0.004131873652,-0.0004548277825,-0.006477640715,-0.03419921093,14.18691826,-0,0.2778997061,0.03524640848,-0.1052827477,-0.09189775934,1.025350042,-0.0003090805807,1.709960546,0.09189775934,0.0003090805807,1.696884639,1.696884639,0.0171625662,0.08484423193,-9.587379924e-07,2.396844981e-06,9.587379924e-07,9.587379924e-07,-3.355582973e-06,0.08484423193,-9.587379924e-07,2.396844981e-06,9.587379924e-07,9.587379924e-07,-3.355582973e-06,0.08484423193,0,0,0,0,0,0
1.64,1,1,6.135923152e-05,3.691141271e-05,1.22239094e-05,0.0001414138539,3.163835375e-05,0.02430904148,0,0,0,0,0,0,0.02482603105,0.006842604564,-0.004150689852,-0.0005169895681,-0.007367689919,-0.03909827686,14.18847122,-0,0.2779722781,0.03909827686,-0.01552753736,-0.1045362564,1.024309041,-0.000346558771,1.954913843,0.1045362564,0.000346558771,2.044269121,2.044269121,0.01686692059,0.1022134561,-2.396844981e-06,2.396844981e-06,-4.793689962e-07,9.587379924e-07,-2.876213977e-06,0.1022134561,-2.396844981e-06,2.396844981e-06,-4.793689962e-07,9.587379924e-07,-2.876213977e-06,0.1022134561,0,0,0,0,0,0
1.65,1,1,6.087986252e-05,3.715109721e-05,1.198422491e-05,0.0001411741694,3.187803825e-05,0.0243119177,0,0,0,0,0,0,0.02489424925,0.006801004058,-0.004169392258,-0.000582331553,-0.008303960868,-0.04315357489,14.18916161,-0,0.278004532,0.04315357489,0.06149990237,-0.1178262427,1.024311918,-0.0003759728506,2.157678744,0.1178262427,0.0003759728506,2.337380862,2.337380862,0.01657910968,0.1168690431,-1.438106989e-06,1.917475985e-06,-0,1.438106989e-06,-3.355582973e-06,0.1168690431,-1.438106989e-06,1.917475985e-06,-0,1.438106989e-06,-3.355582973e-06,0.1168690431,0,0,0,0,0,0
1.66,1,1,5.968144003e-05,3.643204371e-05,1.174454041e-05,0.0001411741694,3.187803825e-05,0.02431743044,0,0,0,0,0,0.001047197551,0.02496205051,0.0067592171,-0.004187980359,-0.0006446200703,-0.00919799009,-0.04597430948,14.19048518,-0,0.2780663513,0.04702150703,0.1206647439,-0.1305239421,1.025364902,-0.0003945844379,2.298715474,0.1305239421,0.0003945844379,2.550298744,2.550298744,0.01629895705,0.1275149372,9.587379924e-07,3.355582973e-06,4.793689962e-07,1.438106989e-06,-3.355582973e-06,0.1275149372,9.587379924e-07,3.355582973e-06,4.793689962e-07,1.438106989e-06,-3.355582973e-06,0.1275149372,0,0,0,0,0,0
1.67,1,1,6.040049352e-05,3.595267472e-05,1.102548691e-05,0.0001411741694,3.115898475e-05,0.02432677814,0,0,0,0,0,0,0.02502943297,0.006717244834,-0.004206453644,-0.0007026548385,-0.01003271506,-0.05062604088,14.19273046,-0,0.2781711735,0.05062604088,0.1646104529,-0.1423916207,1.024326778,-0.0004263716433,2.531302044,0.1423916207,0.0004263716433,2.838730489,2.838730489,0.01602653053,0.1419365245,-4.793689962e-07,4.314320966e-06,1.917475985e-06,1.438106989e-06,-1.917475985e-06,0.1419365245,-4.793689962e-07,4.314320966e-06,1.917475985e-06,1.438106989e-06,-1.917475985e-06,0.1419365245,0,0,0,0,0,0
1.68,1,1,6.016080902e-05,3.595267472e-05,1.150485591e-05,0.0001418932229,3.187803825e-05,0.02434787037,0,0,0,0,0,0.002094395102,0.02509639479,0.006675088411,-0.004224811607,-0.0007485244218,-0.01069577537,-0.05137430438,14.19780123,-0,0.2784076868,0.05346869948,0.1862354117,-0.1518564927,1.026443362,-0.0004272488902,2.568715219,0.1518564927,0.0004272488902,2.907234372,2.907234372,0.01576050185,0.1453617186,-0,4.314320966e-06,9.587379924e-07,-0,-3.355582973e-06,0.1453617186,-0,4.314320966e-06,9.587379924e-07,-0,-3.355582973e-06,0.1453617186,0,0,0,0,0,0
1.69,1,1,5.992112453e-05,3.643204371e-05,1.150485591e-05,0.0001409344849,3.163835375e-05,0.02438358336,0,0,0,0,0,0.004188790205,0.02516293413,0.006632748988,-0.004243053744,-0.0007793507706,-0.01114608922,-0.05117777073,14.20640111,-0,0.2788081196,0.05536656093,0.1865777548,-0.1583458143,1.02857676,-0.0004203177829,2.558888536,0.1583458143,0.0004203177829,2.904232423,2.904232423,0.01549989589,0.1452116212,4.793689962e-07,3.355582973e-06,9.587379924e-07,1.917475985e-06,-2.876213977e-06,0.1452116212,4.793689962e-07,3.355582973e-06,9.587379924e-07,1.917475985e-06,-2.876213977e-06,0.1452116212,0,0,0,0,0,0
1.7,1,1,6.016080902e-05,3.691141271e-05,1.126517141e-05,0.0001411741694,3.163835375e-05,0.02444182669,0,0,0,0,0,0.007330382858,0.02522904917,0.006590227724,-0.004261179556,-0.0007872224722,-0.01127076487,-0.04848968366,14.2204647,-0,0.2794611012,0.05582006652,0.1600961407,-0.160275514,1.031785643,-0.0003940938718,2.424484183,0.160275514,0.0003940938718,2.745249931,2.745249931,0.01524306921,0.1372624966,-0,2.396844981e-06,1.438106989e-06,1.438106989e-06,-2.876213977e-06,0.1372624966,-0,2.396844981e-06,1.438106989e-06,1.438106989e-06,-2.876213977e-06,0.1372624966,0,0,0,0,0,0
1.71,1,1,6.016080902e-05,3.691141271e-05,1.150485591e-05,0.0001406948004,3.163835375e-05,0.02453817986,0,0,0,0,0,0.01047197551,0.02529473808,0.006547525786,-0.004279188546,-0.0007565582216,-0.01084692292,-0.04337606427,14.24383483,-0,0.280541142,0.05384803978,0.09405707762,-0.1545017784,1.035037571,-0.0003488212367,2.168803214,0.1545017784,0.0003488212367,2.417710891,2.417710891,0.01498759377,0.1208855445,-0,2.396844981e-06,9.587379924e-07,2.396844981e-06,-2.876213977e-06,0.1208855445,-0,2.396844981e-06,9.587379924e-07,2.396844981e-06,-2.876213977e-06,0.1208855445,0,0,0,0,0,0
1.72,1,1,6.111954702e-05,3.643204371e-05,1.150485591e-05,0.0001411741694,3.163835375e-05,0.02465370779,0,0,0,0,0,0.01256637061,0.02535999908,0.006504644344,-0.00429708022,-0.0007062912933,-0.01014211858,-0.03807772122,14.27202802,-0,0.2818357864,0.05064409183,0.01774059515,-0.1447486005,1.037259557,-0.0003023206757,1.903886061,0.1447486005,0.0003023206757,2.066677577,2.066677577,0.01473343664,0.1033338789,-1.917475985e-06,3.355582973e-06,9.587379924e-07,1.438106989e-06,-2.876213977e-06,0.1033338789,-1.917475985e-06,3.355582973e-06,9.587379924e-07,1.438106989e-06,-2.876213977e-06,0.1033338789,0,0,0,0,0,0
1.73,1,1,5.992112453e-05,3.571299022e-05,1.22239094e-05,0.0001409344849,3.211772275e-05,0.02478433584,0,0,0,0,0,0.01361356817,0.02542483038,0.006461584574,-0.004314854087,-0.0006404945345,-0.009212950418,-0.03285344321,14.30413365,-0,0.2832992123,0.04646701137,-0.06210720491,-0.131783274,1.038444236,-0.0002569570083,1.64267216,0.131783274,0.0002569570083,1.712605187,1.712605187,0.01448061334,0.08563025933,4.793689962e-07,4.793689962e-06,-4.793689962e-07,1.917475985e-06,-3.83495197e-06,0.08563025933,4.793689962e-07,4.793689962e-06,-4.793689962e-07,1.917475985e-06,-3.83495197e-06,0.08563025933,0,0,0,0,0,0
1.74,1,1,5.968144003e-05,3.643204371e-05,1.198422491e-05,0.0001426122764,3.187803825e-05,0.02492598938,0,0,0,0,0,0.01466076572,0.02548923019,0.006418347657,-0.00433250966,-0.0005632408044,-0.00811631786,-0.02691468539,14.33922343,-0,0.2848856321,0.04157545111,-0.1406092679,-0.1163816952,1.03964049,-0.000207336117,1.34573427,0.1163816952,0.000207336117,1.321714033,1.321714033,0.01422934035,0.06608570166,9.587379924e-07,3.355582973e-06,-0,-1.438106989e-06,-3.355582973e-06,0.06608570166,9.587379924e-07,3.355582973e-06,-0,-1.438106989e-06,-3.355582973e-06,0.06608570166,0,0,0,0,0,0
1.75,1,1,5.992112453e-05,3.643204371e-05,1.174454041e-05,0.0001416535384,3.211772275e-05,0.0250834621,0,0,0,0,0,0.01780235837,0.02555319674,0.006374934777,-0.004350046455,-0.0004697346475,-0.006782052738,-0.01786958529,14.37856896,-0,0.2866485713,0.03567194366,-0.2232906066,-0.097516213,1.042965051,-0.0001361105929,0.8934792645,0.097516213,0.0001361105929,0.7678409815,0.7678409815,0.01397956296,0.03839204907,4.793689962e-07,3.355582973e-06,4.793689962e-07,4.793689962e-07,-3.83495197e-06,0.03839204907,4.793689962e-07,3.355582973e-06,4.793689962e-07,4.793689962e-07,-3.83495197e-06,0.03839204907,0,0,0,0,0,0
1.76,1,1,6.040049352e-05,3.643204371e-05,1.150485591e-05,0.0001411741694,3.163835375e-05,0.02525291904,0,0,0,0,0,0.01570796327,0.0256167283,0.006331347125,-0.004367463991,-0.000363809262,-0.005263494736,-0.01329307224,14.42130799,-0,0.2885449146,0.0290010355,-0.3043696717,-0.07590647868,1.041022567,-9.908930127e-05,0.6646536118,0.07590647868,9.908930127e-05,0.436289508,0.436289508,0.01373198171,0.0218144754,-4.793689962e-07,3.355582973e-06,9.587379924e-07,1.438106989e-06,-2.876213977e-06,0.0218144754,-4.793689962e-07,3.355582973e-06,9.587379924e-07,1.438106989e-06,-2.876213977e-06,0.0218144754,0,0,0,0,0,0
1.77,1,1,6.064017802e-05,3.667172821e-05,1.126517141e-05,0.0001411741694,3.187803825e-05,0.02540296153,0,0,0,0,0,0.01151917306,0.02567982311,0.006287585896,-0.004384761792,-0.0002768615754,-0.004013128493,-0.01200708071,14.45949826,-0,0.2902233334,0.02352625378,-0.3477398099,-0.05802782446,1.036955307,-8.722691075e-05,0.6003540357,0.05802782446,8.722691075e-05,0.3107292772,0.3107292772,0.01348789849,0.01553646386,-9.587379924e-07,2.876213977e-06,1.438106989e-06,1.438106989e-06,-3.355582973e-06,0.01553646386,-9.587379924e-07,2.876213977e-06,1.438106989e-06,1.438106989e-06,-3.355582973e-06,0.01553646386,0,0,0,0,0,0
1.78,1,1,6.016080902e-05,3.667172821e-05,1.150485591e-05,0.0001397360624,3.163835375e-05,0.02549332259,0,0,0,0,0,0.004188790205,0.02574247944,0.00624365229,-0.004401939381,-0.0002491568537,-0.003616466625,-0.01756468955,14.48265637,-0,0.2912338366,0.02175347976,-0.3152846548,-0.05237604342,1.029686499,-0.0001235855929,0.8782344775,0.05237604342,0.0001235855929,0.6154494517,0.6154494517,0.01324868985,0.03077247259,-0,2.876213977e-06,9.587379924e-07,4.314320966e-06,-2.876213977e-06,0.03077247259,-0,2.876213977e-06,9.587379924e-07,4.314320966e-06,-2.876213977e-06,0.03077247259,0,0,0,0,0,0
1.79,1,1,5.992112453e-05,3.667172821e-05,1.150485591e-05,0.0001406948004,3.163835375e-05,0.02552352283,0,0,0,0,0,0,0.02580469558,0.006199547511,-0.00441899629,-0.0002811727481,-0.004084541102,-0.0237072373,14.4904229,-0,0.2915715136,0.0237072373,-0.220845193,-0.05918672791,1.025523523,-0.0001625429687,1.185361865,0.05918672791,0.0001625429687,1.023865943,1.023865943,0.01301542463,0.05119329715,4.793689962e-07,2.876213977e-06,9.587379924e-07,2.396844981e-06,-2.876213977e-06,0.05119329715,4.793689962e-07,2.876213977e-06,9.587379924e-07,2.396844981e-06,-2.876213977e-06,0.05119329715,0,0,0,0,0,0
1.8,1,1,6.064017802e-05,3.667172821e-05,1.198422491e-05,0.0001409344849,3.187803825e-05,0.02552496094,0,0,0,0,0,0,0.02586646983,0.006155272768,-0.004435932049,-0.0003415088836,-0.004963843272,-0.02743117378,14.49079307,-0,0.2915875928,0.02743117378,-0.112222921,-0.07193002567,1.025524961,-0.0001847904133,1.371558689,0.07193002567,0.0001847904133,1.331450584,1.331450584,0.01278822571,0.06657252921,-9.587379924e-07,2.876213977e-06,-0,1.917475985e-06,-3.355582973e-06,0.06657252921,-9.587379924e-07,2.876213977e-06,-0,1.917475985e-06,-3.355582973e-06,0.06657252921,0,0,0,0,0,0
1.81,1,1,5.992112453e-05,3.76304662e-05,1.174454041e-05,0.0001406948004,3.211772275e-05,0.0255225641,0,0,0,0,0,0,0.02592780048,0.006110829276,-0.004452746195,-0.0004052363789,-0.005893242956,-0.03137110347,14.49017614,-0,0.2915607941,0.03137110347,-0.01964307839,-0.08539412844,1.025522564,-0.0002076678497,1.568555174,0.08539412844,0.0002076678497,1.634513892,1.634513892,0.01256676284,0.08172569458,4.793689962e-07,9.587379924e-07,4.793689962e-07,2.396844981e-06,-3.83495197e-06,0.08172569458,4.793689962e-07,9.587379924e-07,4.793689962e-07,2.396844981e-06,-3.83495197e-06,0.08172569458,0,0,0,0,0,0
1.82,1,1,6.040049352e-05,3.643204371e-05,1.198422491e-05,0.0001416535384,3.163835375e-05,0.02552232441,0,-0.001047197551,0,0,0,0,0.02598868585,0.006066218251,-0.004469438267,-0.0004663614402,-0.006785868695,-0.03515237442,14.49011445,-0,0.2915581142,0.03515237442,0.05308415281,-0.09832801402,1.025522324,-0.0002287023894,1.757618721,0.09832801402,0.0002287023894,1.90925959,1.90925959,0.01235115675,0.0954629795,-4.793689962e-07,0.0001080753381,-0,4.793689962e-07,-2.876213977e-06,0.0954629795,-4.793689962e-07,0.0001080753381,-0,4.793689962e-07,-2.876213977e-06,0.0954629795,0,0,0,0,0,0
1.83,1,1,5.992112453e-05,3.73907817e-05,1.150485591e-05,0.0001414138539,3.187803825e-05,0.02552232441,0,0,0,0,0,0,0.02604912429,0.006021440919,-0.004486007807,-0.0005267998741,-0.007669463315,-0.03889457668,14.49011445,-0,0.2915581142,0.03889457668,0.1118421661,-0.1111314012,1.025522324,-0.0002487484446,1.944728834,0.1111314012,0.0002487484446,2.16795115,2.16795115,0.0121414717,0.1083975575,4.793689962e-07,1.438106989e-06,9.587379924e-07,9.587379924e-07,-3.355582973e-06,0.1083975575,4.793689962e-07,1.438106989e-06,9.587379924e-07,9.587379924e-07,-3.355582973e-06,0.1083975575,0,0,0,0,0,0
1.84,1,1,6.064017802e-05,3.715109721e-05,1.150485591e-05,0.0001418932229,3.163835375e-05,0.02552280378,0,0,0,0,0,0,0.02610911412,0.005976498505,-0.00450245436,-0.0005863103393,-0.008540511333,-0.04258243992,14.49023783,-0,0.291563474,0.04258243992,0.1588267365,-0.1237540404,1.025522804,-0.0002677602358,2.129121996,0.1237540404,0.0002677602358,2.411970533,2.411970533,0.01193780532,0.1205985267,-9.587379924e-07,1.917475985e-06,9.587379924e-07,-0,-2.876213977e-06,0.1205985267,-9.587379924e-07,1.917475985e-06,9.587379924e-07,-0,-2.876213977e-06,0.1205985267,0,0,0,0,0,0
1.85,1,1,6.087986252e-05,3.715109721e-05,1.102548691e-05,0.0001418932229,3.115898475e-05,0.02552352283,0,0,0,0,0,0,0.02616865371,0.005931392243,-0.004518777477,-0.0006451308755,-0.009402443403,-0.04623074744,14.4904229,-0,0.2915715136,0.04623074744,0.1965623397,-0.1362453812,1.025523523,-0.0002858829871,2.311537372,0.1362453812,0.0002858829871,2.644630976,2.644630976,0.01174021557,0.1322315488,-1.438106989e-06,1.917475985e-06,1.917475985e-06,-0,-1.917475985e-06,0.1322315488,-1.438106989e-06,1.917475985e-06,1.917475985e-06,-0,-1.917475985e-06,0.1322315488,0,0,0,0,0,0
1.86,1,1,5.968144003e-05,3.643204371e-05,1.24635939e-05,0.0001411741694,3.235740724e-05,0.02552448157,0,0,0,0,0,0,0.02622774142,0.005886123369,-0.004534976709,-0.0007032598506,-0.01025521719,-0.0498392737,14.49066967,-0,0.2915822331,0.0498392737,0.2266073351,-0.1486049647,1.025524482,-0.000303165181,2.491963685,0.1486049647,0.000303165181,2.86747915,2.86747915,0.01154879832,0.1433739575,9.587379924e-07,3.355582973e-06,-9.587379924e-07,1.438106989e-06,-4.314320966e-06,0.1433739575,9.587379924e-07,3.355582973e-06,-9.587379924e-07,1.438106989e-06,-4.314320966e-06,0.1433739575,0,0,0,0,0,0
1.87,1,1,5.992112453e-05,3.667172821e-05,1.198422491e-05,0.0001421329074,3.139866925e-05,0.02552687842,0,0,0,0,0,0,0.02628637564,0.005840693123,-0.004551051612,-0.000759497222,-0.01108142391,-0.05333235605,14.49128667,-0,0.2916090317,0.05333235605,0.2490834546,-0.1605840906,1.025526878,-0.0003192023504,2.666617802,0.1605840906,0.0003192023504,3.07660455,3.07660455,0.01136356316,0.1538302275,4.793689962e-07,2.876213977e-06,-0,-4.793689962e-07,-2.396844981e-06,0.1538302275,4.793689962e-07,2.876213977e-06,-0,-4.793689962e-07,-2.396844981e-06,0.1538302275,0,0,0,0,0,0
1.88,1,1,6.064017802e-05,3.619235921e-05,1.126517141e-05,0.0001423725919,3.139866925e-05,0.02552951495,0,0,0,0,0,0,0.02634455475,0.005795102752,-0.004567001746,-0.0008150398049,-0.0118983866,-0.05678506119,14.49196547,-0,0.29163851,0.05678506119,0.2666175451,-0.1724310077,1.025529515,-0.0003345053545,2.83925306,0.1724310077,0.0003345053545,3.278636118,3.278636118,0.01118456203,0.1639318059,-9.587379924e-07,3.83495197e-06,1.438106989e-06,-9.587379924e-07,-2.396844981e-06,0.1639318059,-9.587379924e-07,3.83495197e-06,1.438106989e-06,-9.587379924e-07,-2.396844981e-06,0.1639318059,0,0,0,0,0,0
1.89,1,1,6.087986252e-05,3.595267472e-05,1.150485591e-05,0.0001418932229,3.187803825e-05,0.02553430864,0,0,0,0,0,0,0.02640227716,0.005749353506,-0.004582826673,-0.0008679685281,-0.01267827301,-0.06007623759,14.4931999,-0,0.2916921064,0.06007623759,0.2779924589,-0.1837487452,1.025534309,-0.0003484143995,3.00381188,0.1837487452,0.0003484143995,3.465901498,3.465901498,0.01101166108,0.1732950749,-1.438106989e-06,4.314320966e-06,9.587379924e-07,-0,-3.355582973e-06,0.1732950749,-1.438106989e-06,4.314320966e-06,9.587379924e-07,-0,-3.355582973e-06,0.1732950749,0,0,0,0,0,0
1.9,1,1,6.135923152e-05,3.619235921e-05,1.150485591e-05,0.0001414138539,3.187803825e-05,0.02554221823,0,0,0.001047197551,0,0,0,0.0264595413,0.005703446638,-0.00459852596,-0.0009173230712,-0.01340713639,-0.06314481576,14.49523746,-0,0.291780539,0.06314481576,0.2832198496,-0.1943396256,1.025542218,-0.0003606440987,3.157240788,0.1943396256,0.0003606440987,3.635160907,3.635160907,0.01084445119,0.1817580454,-2.396844981e-06,3.83495197e-06,-0.0001037610171,9.587379924e-07,-3.355582973e-06,0.1817580454,-2.396844981e-06,3.83495197e-06,-0.0001037610171,9.587379924e-07,-3.355582973e-06,0.1817580454,0,0,0,0,0,0
1.91,1,1,5.992112453e-05,3.667172821e-05,1.150485591e-05,0.0001404551159,3.187803825e-05,0.02555132624,0,0,0,0,0,0.001047197551,0.02651634558,0.005657383407,-0.004614099176,-0.0009650193402,-0.01411271529,-0.0650640542,14.49758488,-0,0.2918823684,0.06611125175,0.2855026661,-0.2046002877,1.026598798,-0.000366830092,3.25320271,0.2046002877,0.000366830092,3.743672494,3.743672494,0.01068331269,0.1871836247,4.793689962e-07,2.876213977e-06,9.587379924e-07,2.876213977e-06,-3.355582973e-06,0.1871836247,4.793689962e-07,2.876213977e-06,9.587379924e-07,2.876213977e-06,-3.355582973e-06,0.1871836247,0,0,0,0,0,0
1.92,1,1,6.064017802e-05,3.667172821e-05,1.198422491e-05,0.0001409344849,3.187803825e-05,0.02556522794,0,0,0,0,0,0.001047197551,0.02657268845,0.005611165076,-0.004629545894,-0.00100746051,-0.01474282586,-0.06770068142,14.50117013,-0,0.2920377877,0.06874787897,0.2814146332,-0.2137882259,1.0266127,-0.0003761229605,3.385034071,0.2137882259,0.0003761229605,3.880613053,3.880613053,0.01052738699,0.1940306527,-9.587379924e-07,2.876213977e-06,-0,1.917475985e-06,-3.355582973e-06,0.1940306527,-9.587379924e-07,2.876213977e-06,-0,1.917475985e-06,-3.355582973e-06,0.1940306527,0,0,0,0,0,0
1.93,1,1,6.111954702e-05,3.619235921e-05,1.150485591e-05,0.0001406948004,3.139866925e-05,0.02558416301,0,0,0,0,0,0.001047197551,0.02662856837,0.005564792912,-0.004644865691,-0.001044405353,-0.01529389826,-0.06999149502,14.50605806,-0,0.2922494708,0.07103869257,0.2720535747,-0.2218541761,1.026631635,-0.0003832739369,3.499574751,0.2218541761,0.0003832739369,3.993865776,3.993865776,0.01037634495,0.1996932888,-1.917475985e-06,3.83495197e-06,9.587379924e-07,2.396844981e-06,-2.396844981e-06,0.1996932888,-1.917475985e-06,3.83495197e-06,9.587379924e-07,2.396844981e-06,-2.396844981e-06,0.1996932888,0,0,0,0,0,0
1.94,1,1,6.016080902e-05,3.643204371e-05,1.174454041e-05,0.0001404551159,3.139866925e-05,0.0255983044,0,0,0,0,0,0.001047197551,0.0266839838,0.005518268186,-0.004660058146,-0.001085679399,-0.01590841772,-0.07255782738,14.50971199,-0,0.2924075567,0.07360502493,0.2691920395,-0.2308265592,1.026645776,-0.0003917706494,3.627891369,0.2308265592,0.0003917706494,4.128301738,4.128301738,0.01023129551,0.2064150869,-0,3.355582973e-06,4.793689962e-07,2.876213977e-06,-2.396844981e-06,0.2064150869,-0,3.355582973e-06,4.793689962e-07,2.876213977e-06,-2.396844981e-06,0.2064150869,0,0,0,0,0,0
1.95,1,1,6.064017802e-05,3.691141271e-05,1.198422491e-05,0.0001414138539,3.187803825e-05,0.02562970307,0,0,0,0,0,0.003141592654,0.02673893322,0.005471592175,-0.004675122844,-0.001109230158,-0.01626632617,-0.0719088545,14.51783548,-0,0.2927585409,0.07505044716,0.246021266,-0.2361518472,1.028773763,-0.0003844569305,3.595442725,0.2361518472,0.0003844569305,4.078000295,4.078000295,0.01008904006,0.2039000148,-9.587379924e-07,2.396844981e-06,-0,9.587379924e-07,-3.355582973e-06,0.2039000148,-9.587379924e-07,2.396844981e-06,-0,9.587379924e-07,-3.355582973e-06,0.2039000148,0,0,0,0,0,0
1.96,1,1,6.016080902e-05,3.667172821e-05,1.126517141e-05,0.0001416535384,3.115898475e-05,0.02567140817,0,0,0,0,0,0.004188790205,0.02679341514,0.005424766157,-0.00469005937,-0.001122006971,-0.01646815421,-0.07162496132,14.52864796,-0,0.293224691,0.07581375152,0.214881485,-0.239260015,1.029864585,-0.0003784371073,3.581248066,0.239260015,0.0003784371073,4.035768003,4.035768003,0.009949351973,0.2017884001,-0,2.876213977e-06,1.438106989e-06,4.793689962e-07,-1.917475985e-06,0.2017884001,-0,2.876213977e-06,1.438106989e-06,4.793689962e-07,-1.917475985e-06,0.2017884001,0,0,0,0,0,0
1.97,1,1,5.944175553e-05,3.667172821e-05,1.150485591e-05,0.0001414138539,3.115898475e-05,0.02572030381,0,0,0,0,0,0.004188790205,0.02684742805,0.005377791416,-0.004704867317,-0.001127124245,-0.01655883624,-0.0719029677,14.5413574,-0,0.2937711495,0.07609175791,0.180585694,-0.240787956,1.029913481,-0.0003746998534,3.595148385,0.240787956,0.0003746998534,4.016896735,4.016896735,0.009812165513,0.2008448367,1.438106989e-06,2.876213977e-06,9.587379924e-07,9.587379924e-07,-1.917475985e-06,0.2008448367,1.438106989e-06,2.876213977e-06,9.587379924e-07,9.587379924e-07,-1.917475985e-06,0.2008448367,0,0,0,0,0,0
1.98,1,1,5.944175553e-05,3.667172821e-05,1.150485591e-05,0.0001414138539,3.163835375e-05,0.02577567093,0,0,0,0,0,0.005235987756,0.02690097048,0.00533066924,-0.004719546277,-0.001125299551,-0.01654852218,-0.07069377254,14.55579175,-0,0.2943898523,0.07592976029,0.144424345,-0.2408768426,1.031018513,-0.0003640922516,3.534688627,0.2408768426,0.0003640922516,3.920353907,3.920353907,0.009676621858,0.1960176953,1.438106989e-06,2.876213977e-06,9.587379924e-07,9.587379924e-07,-2.876213977e-06,0.1960176953,1.438106989e-06,2.876213977e-06,9.587379924e-07,9.587379924e-07,-2.876213977e-06,0.1960176953,0,0,0,0,0,0
1.99,1,1,6.016080902e-05,3.715109721e-05,1.198422491e-05,0.0001416535384,3.187803825e-05,0.02584302227,0,0,0,0,0,0.007330382858,0.02695404095,0.005283400922,-0.004734095848,-0.001111018679,-0.01635655328,-0.0676480429,14.5734118,-0,0.295142357,0.07497842576,0.1003055244,-0.2383707865,1.033186839,-0.0003450078633,3.382402145,0.2383707865,0.0003450078633,3.721423464,3.721423464,0.009541801467,0.1860711732,-0,1.917475985e-06,-0,4.793689962e-07,-3.355582973e-06,0.1860711732,-0,1.917475985e-06,-0,4.793689962e-07,-3.355582973e-06,0.1860711732,0,0,0,0,0,0
2,1,1,6.087986252e-05,3.619235921e-05,1.102548691e-05,0.0001414138539,3.187803825e-05,0.02591876257,0,0,0,0,0,0.007330382858,0.02700663801,0.005235987756,-0.004748515632,-0.001087875441,-0.01603471957,-0.06613545442,14.59330725,-0,0.295988437,0.07346583728,0.05422734657,-0.2339995894,1.033262579,-0.0003325815323,3.306772721,0.2339995894,0.0003325815323,3.595332238,3.595332238,0.009407011334,0.1797666119,-1.438106989e-06,3.83495197e-06,1.917475985e-06,9.587379924e-07,-3.355582973e-06,0.1797666119,-1.438106989e-06,3.83495197e-06,1.917475985e-06,9.587379924e-07,-3.355582973e-06,0.1797666119,0,0,0,0,0,0
2.01,1,1,6.040049352e-05,3.619235921e-05,1.198422491e-05,0.0001418932229,3.187803825e-05,0.02600600773,0,0,0,0,0,0.00837758041,0.02705876023,0.005188431043,-0.004762805232,-0.001052752497,-0.01553693194,-0.06281774544,14.61633108,-0,0.2969628341,0.07119532585,0.002741509604,-0.2270929412,1.034401134,-0.0003120429534,3.140887272,0.2270929412,0.0003120429534,3.371033766,3.371033766,0.009271499476,0.1685516883,-4.793689962e-07,3.83495197e-06,-0,-0,-3.355582973e-06,0.1685516883,-4.793689962e-07,3.83495197e-06,-0,-0,-3.355582973e-06,0.1685516883,0,0,0,0,0,0
2.02,1,1,5.944175553e-05,3.715109721e-05,1.174454041e-05,0.0001418932229,3.187803825e-05,0.02607959087,0,0,0.001047197551,0,0,0.007330382858,0.02711040616,0.005140732087,-0.004776964258,-0.00103081529,-0.01523076807,-0.06242961609,14.63583829,-0,0.297784479,0.06975999895,-0.02393910751,-0.2229150585,1.033423407,-0.00030506351,3.121480804,0.2229150585,0.00030506351,3.320761819,3.320761819,0.009137743564,0.1660380909,1.438106989e-06,1.917475985e-06,-0.0001042403861,-0,-3.355582973e-06,0.1660380909,1.438106989e-06,1.917475985e-06,-0.0001042403861,-0,-3.355582973e-06,0.1660380909,0,0,0,0,0,0
2.03,1,1,6.040049352e-05,3.73907817e-05,1.198422491e-05,0.0001414138539,3.187803825e-05,0.02614334695,0,0,0,0,0,0.005235987756,0.0271615744,0.005092892194,-0.004790992321,-0.001018227452,-0.01506079063,-0.0636803178,14.6528062,-0,0.2984962681,0.06891630556,-0.03453381368,-0.2206828464,1.031386189,-0.0003054871968,3.18401589,0.2206828464,0.0003054871968,3.37047041,3.37047041,0.009006348889,0.1685235205,-4.793689962e-07,1.438106989e-06,-0,9.587379924e-07,-3.355582973e-06,0.1685235205,-4.793689962e-07,1.438106989e-06,-0,9.587379924e-07,-3.355582973e-06,0.1685235205,0,0,0,0,0,0
2.04,1,1,5.968144003e-05,3.73907817e-05,1.150485591e-05,0.0001409344849,3.187803825e-05,0.02618145678,0,0,0,0,0,0.002094395102,0.02721226354,0.005044912678,-0.004804889037,-0.001030806757,-0.01525944596,-0.06757015511,14.66297797,-0,0.2989216807,0.06966455021,-0.01381398288,-0.22374892,1.028276949,-0.0003176566284,3.378507755,0.22374892,0.0003176566284,3.588760349,3.588760349,0.008879887888,0.1794380175,9.587379924e-07,1.438106989e-06,9.587379924e-07,1.917475985e-06,-3.355582973e-06,0.1794380175,9.587379924e-07,1.438106989e-06,9.587379924e-07,1.917475985e-06,-3.355582973e-06,0.1794380175,0,0,0,0,0,0
2.05,1,1,6.064017802e-05,3.73907817e-05,1.22239094e-05,0.0001418932229,3.187803825e-05,0.02619655691,0,0,0,0,0,0,0.02726247219,0.004996794853,-0.004818654024,-0.001065915286,-0.01578880686,-0.07183889348,14.66701437,-0,0.299090229,0.07183889348,0.02873411709,-0.2315746571,1.026196557,-0.000331789828,3.591944674,0.2315746571,0.000331789828,3.852585238,3.852585238,0.008759756212,0.1926292619,-9.587379924e-07,1.438106989e-06,-4.793689962e-07,-0,-3.355582973e-06,0.1926292619,-9.587379924e-07,1.438106989e-06,-4.793689962e-07,-0,-3.355582973e-06,0.1926292619,0,0,0,0,0,0
2.06,1,1,5.992112453e-05,3.76304662e-05,1.126517141e-05,0.0001414138539,3.139866925e-05,0.02619919343,0,0,0,0,0,0,0.02731219898,0.004948540038,-0.004832286905,-0.001113005544,-0.01649443996,-0.07477368077,14.66771949,-0,0.2991196573,0.07477368077,0.0772681158,-0.2419358185,1.026199193,-0.000340829941,3.738684038,0.2419358185,0.000340829941,4.058228802,4.058228802,0.008645598941,0.2029114401,4.793689962e-07,9.587379924e-07,1.438106989e-06,9.587379924e-07,-2.396844981e-06,0.2029114401,4.793689962e-07,9.587379924e-07,1.438106989e-06,9.587379924e-07,-2.396844981e-06,0.2029114401,0,0,0,0,0,0
2.07,1,1,5.968144003e-05,3.667172821e-05,1.24635939e-05,0.0001411741694,3.187803825e-05,0.02620015217,0,0,0,0,0,0,0.02736144254,0.004900149556,-0.004845787307,-0.001161290367,-0.01721814235,-0.07778667538,14.66797593,-0,0.2991303585,0.07778667538,0.1182856505,-0.2525552975,1.026200152,-0.0003500933199,3.889333769,0.2525552975,0.0003500933199,4.26052481,4.26052481,0.008536998609,0.2130262405,9.587379924e-07,2.876213977e-06,-9.587379924e-07,1.438106989e-06,-3.355582973e-06,0.2130262405,9.587379924e-07,2.876213977e-06,-9.587379924e-07,1.438106989e-06,-3.355582973e-06,0.2130262405,0,0,0,0,0,0
2.08,1,1,5.968144003e-05,3.691141271e-05,1.150485591e-05,0.0001418932229,3.187803825e-05,0.02620206965,0,0,0,0,0,0,0.02741020152,0.004851624735,-0.004859154859,-0.001208131874,-0.01792120365,-0.08071064406,14.66848884,-0,0.2991517608,0.08071064406,0.1501338832,-0.2628769757,1.02620207,-0.0003588524953,4.035532203,0.2628769757,0.0003588524953,4.448901914,4.448901914,0.008433968277,0.2224450957,9.587379924e-07,2.396844981e-06,9.587379924e-07,-0,-3.355582973e-06,0.2224450957,9.587379924e-07,2.396844981e-06,9.587379924e-07,-0,-3.355582973e-06,0.2224450957,0,0,0,0,0,0
2.09,1,1,5.968144003e-05,3.73907817e-05,1.174454041e-05,0.0001409344849,3.163835375e-05,0.02620542523,0,0,0,0,0,0,0.02745847459,0.004802966903,-0.004872389195,-0.001253049359,-0.01859655188,-0.08351482369,14.66938656,-0,0.2991892146,0.08351482369,0.1738543051,-0.2728000082,1.026205425,-0.000367009984,4.175741185,0.2728000082,0.000367009984,4.622762508,4.622762508,0.008336434452,0.2311381254,9.587379924e-07,1.438106989e-06,4.793689962e-07,1.917475985e-06,-2.876213977e-06,0.2311381254,9.587379924e-07,1.438106989e-06,4.793689962e-07,1.917475985e-06,-2.876213977e-06,0.2311381254,0,0,0,0,0,0
2.1,1,1,6.016080902e-05,3.715109721e-05,1.22239094e-05,0.0001409344849,3.187803825e-05,0.02621141734,0,0,0,0,0,0,0.02750626042,0.004754177396,-0.004885489951,-0.001294843077,-0.01922656304,-0.08612265188,14.67099007,-0,0.2992560955,0.08612265188,0.1896846978,-0.2820727154,1.026211417,-0.0003742667137,4.306132594,0.2820727154,0.0003742667137,4.778264274,4.778264274,0.008244159862,0.2389132137,-0,1.917475985e-06,-4.793689962e-07,1.917475985e-06,-3.355582973e-06,0.2389132137,-0,1.917475985e-06,-4.793689962e-07,1.917475985e-06,-3.355582973e-06,0.2389132137,0,0,0,0,0,0
2.11,1,1,6.040049352e-05,3.691141271e-05,1.24635939e-05,0.0001409344849,3.211772275e-05,0.02621788883,0,0,0,0,0,0,0.0275535577,0.004705257551,-0.00489845677,-0.001335668879,-0.01984283845,-0.08867083141,14.67272246,-0,0.2993283257,0.08867083141,0.2015405251,-0.2911484615,1.026217889,-0.0003812523937,4.43354157,0.2911484615,0.0003812523937,4.926611809,4.926611809,0.008157009419,0.2463305905,-4.793689962e-07,2.396844981e-06,-9.587379924e-07,1.917475985e-06,-3.83495197e-06,0.2463305905,-4.793689962e-07,2.396844981e-06,-9.587379924e-07,1.917475985e-06,-3.83495197e-06,0.2463305905,0,0,0,0,0,0
2.12,1,1,6.111954702e-05,3.73907817e-05,1.198422491e-05,0.0001409344849,3.163835375e-05,0.02622819526,0,0,0,0,0,0.001047197551,0.02760036514,0.004656208708,-0.004911289295,-0.001372169883,-0.02039609453,-0.08989832583,14.67548277,-0,0.2994433565,0.09094552338,0.2062774419,-0.2993225339,1.027275667,-0.0003833704382,4.494916292,0.2993225339,0.0003833704382,5.000899638,5.000899638,0.008073926204,0.2500449819,-1.917475985e-06,1.438106989e-06,-0,1.917475985e-06,-2.876213977e-06,0.2500449819,-1.917475985e-06,1.438106989e-06,-0,1.917475985e-06,-2.876213977e-06,0.2500449819,0,0,0,0,0,0
2.13,1,1,6.040049352e-05,3.76304662e-05,1.150485591e-05,0.0001411741694,3.187803825e-05,0.02624569223,0,0,0,0,0,0.002094395102,0.02764668145,0.004607032213,-0.004923987174,-0.001400989226,-0.02083700289,-0.09063796992,14.68017257,-0,0.2996386344,0.09273236502,0.200959786,-0.3058907983,1.028341184,-0.0003834923031,4.531898496,0.3058907983,0.0003834923031,5.039132573,5.039132573,0.007994175888,0.2519566286,-4.793689962e-07,9.587379924e-07,9.587379924e-07,1.438106989e-06,-3.355582973e-06,0.2519566286,-4.793689962e-07,9.587379924e-07,9.587379924e-07,1.438106989e-06,-3.355582973e-06,0.2519566286,0,0,0,0,0,0
2.14,1,1,5.968144003e-05,3.76304662e-05,1.22239094e-05,0.0001409344849,3.187803825e-05,0.02626175109,0,0,0,0,0,0.002094395102,0.02769250537,0.004557729415,-0.00493655006,-0.001430754277,-0.02129214208,-0.09248595633,14.68448099,-0,0.2998178544,0.09458035143,0.1979386814,-0.3126640557,1.028357243,-0.0003876176308,4.624297816,0.3126640557,0.0003876176308,5.135288171,5.135288171,0.007918802294,0.2567644086,9.587379924e-07,9.587379924e-07,-4.793689962e-07,1.917475985e-06,-3.355582973e-06,0.2567644086,9.587379924e-07,9.587379924e-07,-4.793689962e-07,1.917475985e-06,-3.355582973e-06,0.2567644086,0,0,0,0,0,0
2.15,1,1,5.968144003e-05,3.691141271e-05,1.174454041e-05,0.0001418932229,3.187803825e-05,0.02628212427,0,0,0,0,0,0.003141592654,0.02773783562,0.004508301663,-0.004948977608,-0.001455711354,-0.0216769951,-0.09298112687,14.68995253,-0,0.3000452124,0.09612271953,0.1897101774,-0.3184340291,1.029426184,-0.0003869426728,4.649056344,0.3184340291,0.0003869426728,5.157587493,5.157587493,0.007846743151,0.2578793746,9.587379924e-07,2.396844981e-06,4.793689962e-07,-0,-3.355582973e-06,0.2578793746,9.587379924e-07,2.396844981e-06,4.793689962e-07,-0,-3.355582973e-06,0.2578793746,0,0,0,0,0,0
2.16,1,1,6.040049352e-05,3.76304662e-05,1.150485591e-05,0.0001411741694,3.187803825e-05,0.02632766433,0,0,0,0,0,0.006283185307,0.02778267099,0.004458750315,-0.004961269477,-0.001455006661,-0.02168493422,-0.08974598784,14.70220584,-0,0.3005533813,0.09602917315,0.1527170769,-0.3188163666,1.032620719,-0.0003723073709,4.487299392,0.3188163666,0.0003723073709,4.959205143,4.959205143,0.007773426603,0.2479602571,-4.793689962e-07,9.587379924e-07,9.587379924e-07,1.438106989e-06,-3.355582973e-06,0.2479602571,-4.793689962e-07,9.587379924e-07,9.587379924e-07,1.438106989e-06,-3.355582973e-06,0.2479602571,0,0,0,0,0,0
2.17,1,1,6.064017802e-05,3.667172821e-05,1.126517141e-05,0.0001418932229,3.163835375e-05,0.02639429662,0,0,0,0,0,0.00837758041,0.02782701022,0.004409076727,-0.004973425331,-0.001432713607,-0.02137497732,-0.08618164996,14.72019128,-0,0.3012968054,0.09455923037,0.09754646767,-0.3146437548,1.034789423,-0.000355531068,4.309082498,0.3146437548,0.000355531068,4.721628252,4.721628252,0.007697381686,0.2360814126,-9.587379924e-07,2.876213977e-06,1.438106989e-06,-0,-2.876213977e-06,0.2360814126,-9.587379924e-07,2.876213977e-06,1.438106989e-06,-0,-2.876213977e-06,0.2360814126,0,0,0,0,0,0
2.18,1,1,5.992112453e-05,3.691141271e-05,1.126517141e-05,0.0001416535384,3.187803825e-05,0.02649376568,0,0,0,0,0,0.01151917306,0.02787085212,0.004359282263,-0.004985444835,-0.001377086436,-0.02057276492,-0.07944717037,14.74716624,-0,0.3024063553,0.09096634343,0.01329690226,-0.3033899843,1.038046112,-0.0003263317805,3.972358518,0.3033899843,0.0003263317805,4.289371737,4.289371737,0.007615285807,0.2144685868,4.793689962e-07,2.396844981e-06,1.438106989e-06,4.793689962e-07,-3.355582973e-06,0.2144685868,4.793689962e-07,2.396844981e-06,1.438106989e-06,4.793689962e-07,-3.355582973e-06,0.2144685868,0,0,0,0,0,0
2.19,1,1,5.944175553e-05,3.667172821e-05,1.150485591e-05,0.0001418932229,3.163835375e-05,0.02664141133,0,0,0,0,0,0.01780235837,0.02791419547,0.004309368286,-0.004997327661,-0.001272784137,-0.01904878118,-0.06647891782,14.78748619,-0,0.3040527747,0.08428127619,-0.1125900862,-0.2816835886,1.044523001,-0.0002731586066,3.323945891,0.2816835886,0.0002731586066,3.493312552,3.493312552,0.007522311747,0.1746656276,1.438106989e-06,2.876213977e-06,9.587379924e-07,-0,-2.876213977e-06,0.1746656276,1.438106989e-06,2.876213977e-06,9.587379924e-07,-0,-2.876213977e-06,0.1746656276,0,0,0,0,0,0
2.2,1,1,6.016080902e-05,3.619235921e-05,1.174454041e-05,0.0001411741694,3.187803825e-05,0.02684010978,0,0,0,0,0,0.02094395102,0.02795703909,0.004259336166,-0.005009073483,-0.001116929308,-0.01675441693,-0.05339459394,14.84227966,-0,0.3062674926,0.07433854497,-0.2745774084,-0.2486737417,1.047893723,-0.0002177570669,2.669729697,0.2486737417,0.0002177570669,2.644043787,2.644043787,0.007416953533,0.1322021894,-0,3.83495197e-06,4.793689962e-07,1.438106989e-06,-3.355582973e-06,0.1322021894,-0,3.83495197e-06,4.793689962e-07,1.438106989e-06,-3.355582973e-06,0.1322021894,0,0,0,0,0,0
2.21,1,1,5.944175553e-05,3.715109721e-05,1.174454041e-05,0.0001416535384,3.187803825e-05,0.02704312255,0,0,0,0,0,0.01884955592,0.0279993818,0.004209187274,-0.005020681978,-0.0009562592519,-0.01437776907,-0.04526885106,14.89889828,-0,0.3085291076,0.06411840698,-0.4109281704,-0.2142129189,1.045981505,-0.0001811591421,2.263442553,0.2142129189,0.0001811591421,2.06690846,2.06690846,0.007303992686,0.103345423,1.438106989e-06,1.917475985e-06,4.793689962e-07,4.793689962e-07,-3.355582973e-06,0.103345423,1.438106989e-06,1.917475985e-06,4.793689962e-07,4.793689962e-07,-3.355582973e-06,0.103345423,0,0,0,0,0,0
2.22,1,1,6.040049352e-05,3.76304662e-05,1.198422491e-05,0.0001421329074,3.187803825e-05,0.02723798605,0,0,0,0,0,0.01989675347,0.02804122245,0.004158922985,-0.005032152829,-0.0008032364018,-0.01210433929,-0.03451261835,14.95385376,-0,0.3106987978,0.05440937182,-0.5134883255,-0.1810065197,1.04723371,-0.0001362337252,1.725630917,0.1810065197,0.0001362337252,1.393285345,1.393285345,0.007186646238,0.06966426726,-4.793689962e-07,9.587379924e-07,-0,-4.793689962e-07,-3.355582973e-06,0.06966426726,-4.793689962e-07,9.587379924e-07,-0,-4.793689962e-07,-3.355582973e-06,0.06966426726,0,0,0,0,0,0
2.23,1,1,5.992112453e-05,3.715109721e-05,1.22239094e-05,0.0001411741694,3.235740724e-05,0.02744555282,0,0,0,0,0,0.02094395102,0.02808255988,0.004108544677,-0.005043485721,-0.0006370070592,-0.009622320912,-0.02295317695,15.0130548,-0,0.3130086956,0.04389712797,-0.6123519523,-0.1444604312,1.048499166,-8.929463167e-05,1.147658847,0.1444604312,8.929463167e-05,0.679856621,0.679856621,0.007065137703,0.03399283105,4.793689962e-07,1.917475985e-06,-4.793689962e-07,1.438106989e-06,-4.314320966e-06,0.03399283105,4.793689962e-07,1.917475985e-06,-4.793689962e-07,1.438106989e-06,-4.314320966e-06,0.03399283105,0,0,0,0,0,0
2.24,1,1,6.040049352e-05,3.643204371e-05,1.174454041e-05,0.0001421329074,3.187803825e-05,0.02763682105,0,0,0,0,0,0.01675516082,0.02812339297,0.004058053732,-0.005054680343,-0.0004865719151,-0.007366407533,-0.01765137885,15.06821831,-0,0.3151360798,0.03440653967,-0.6734796354,-0.1109986368,1.044462166,-6.695905197e-05,0.8825689427,0.1109986368,6.695905197e-05,0.3201549032,0.3201549032,0.00694238577,0.01600774516,-4.793689962e-07,3.355582973e-06,4.793689962e-07,-4.793689962e-07,-3.355582973e-06,0.01600774516,-4.793689962e-07,3.355582973e-06,4.793689962e-07,-4.793689962e-07,-3.355582973e-06,0.01600774516,0,0,0,0,0,0
2.25,1,1,6.016080902e-05,3.691141271e-05,1.198422491e-05,0.0001411741694,3.163835375e-05,0.02777727617,0,0,0,0,0,0.01151917306,0.02816372059,0.004007451533,-0.005065736389,-0.0003864444176,-0.005860806694,-0.01656829651,15.10910321,-0,0.3166975966,0.02808746957,-0.6647776255,-0.08855153321,1.039329622,-6.114535217e-05,0.8284148254,0.08855153321,6.114535217e-05,0.2522498785,0.2522498785,0.006820884623,0.01261249392,-0,2.396844981e-06,-0,1.438106989e-06,-2.876213977e-06,0.01261249392,-0,2.396844981e-06,-0,1.438106989e-06,-2.876213977e-06,0.01261249392,0,0,0,0,0,0
2.26,1,1,6.016080902e-05,3.691141271e-05,1.174454041e-05,0.0001416535384,3.163835375e-05,0.02786476101,0,0,0,0,0,0.006283185307,0.02820354163,0.003956739467,-0.005076653555,-0.0003387806218,-0.005144311936,-0.01877367828,15.1347312,-0,0.3176699137,0.02505686358,-0.5976671831,-0.07785777834,1.034157816,-6.739832474e-05,0.9386839138,0.07785777834,6.739832474e-05,0.4189419073,0.4189419073,0.0067018079,0.02094709537,-0,2.396844981e-06,4.793689962e-07,4.793689962e-07,-2.876213977e-06,0.02094709537,-0,2.396844981e-06,4.793689962e-07,4.793689962e-07,-2.876213977e-06,0.02094709537,0,0,0,0,0,0
2.27,1,1,6.040049352e-05,3.667172821e-05,1.174454041e-05,0.0001406948004,3.163835375e-05,0.02789927558,0,0,0,0,0,0.001047197551,0.02824285502,0.003905918925,-0.005087431542,-0.0003435794358,-0.005220945245,-0.02425851587,15.14487634,-0,0.3180534492,0.02530571342,-0.4826137604,-0.07907057013,1.028946747,-8.472210394e-05,1.212925793,0.07907057013,8.472210394e-05,0.8094673253,0.8094673253,0.006586050903,0.04047336627,-4.793689962e-07,2.876213977e-06,4.793689962e-07,2.396844981e-06,-2.876213977e-06,0.04047336627,-4.793689962e-07,2.876213977e-06,4.793689962e-07,2.396844981e-06,-2.876213977e-06,0.04047336627,0,0,0,0,0,0
2.28,1,1,5.968144003e-05,3.73907817e-05,1.22239094e-05,0.0001404551159,3.187803825e-05,0.02789951526,0,0,0,0,0,0,0.02828165966,0.003854991301,-0.005098070054,-0.0003821443911,-0.005809193068,-0.02766544436,15.14494687,-0,0.3180561125,0.02766544436,-0.3510503951,-0.08797992035,1.027899515,-9.478175475e-05,1.383272218,0.08797992035,9.478175475e-05,1.120296525,1.120296525,0.006474019773,0.05601482625,9.587379924e-07,1.438106989e-06,-4.793689962e-07,2.876213977e-06,-3.355582973e-06,0.05601482625,9.587379924e-07,1.438106989e-06,-4.793689962e-07,2.876213977e-06,-3.355582973e-06,0.05601482625,0,0,0,0,0,0
2.29,1,1,5.968144003e-05,3.73907817e-05,1.198422491e-05,0.0001414138539,3.163835375e-05,0.02789807716,0,0,0,0,0,0,0.02831995449,0.00380395799,-0.0051085688,-0.0004218773321,-0.006415518363,-0.03009992197,15.14452376,-0,0.3180401326,0.03009992197,-0.2422774703,-0.09715997025,1.027898077,-0.0001013849765,1.504996098,0.09715997025,0.0001013849765,1.359979983,1.359979983,0.006365091892,0.06799899916,9.587379924e-07,1.438106989e-06,-0,9.587379924e-07,-2.876213977e-06,0.06799899916,9.587379924e-07,1.438106989e-06,-0,9.587379924e-07,-2.876213977e-06,0.06799899916,0,0,0,0,0,0
2.3,1,1,5.992112453e-05,3.715109721e-05,1.126517141e-05,0.0001416535384,3.187803825e-05,0.0278973581,0,0,0,0,0,0,0.02835773847,0.003752820392,-0.005118927492,-0.0004603803638,-0.007003588546,-0.03245913063,15.14431221,-0,0.3180321426,0.03245913063,-0.1548008844,-0.1060645316,1.027897358,-0.0001075101773,1.622956532,0.1060645316,0.0001075101773,1.574327689,1.574327689,0.006259197991,0.07871638445,4.793689962e-07,1.917475985e-06,1.438106989e-06,4.793689962e-07,-3.355582973e-06,0.07871638445,4.793689962e-07,1.917475985e-06,1.438106989e-06,4.793689962e-07,-3.355582973e-06,0.07871638445,0,0,0,0,0,0
2.31,1,1,6.016080902e-05,3.715109721e-05,1.174454041e-05,0.0001404551159,3.163835375e-05,0.02789759779,0,0,0,0,0,0,0.02839501055,0.003701579908,-0.005129145847,-0.0004974127659,-0.007569741812,-0.03472781765,15.14438273,-0,0.318034806,0.03472781765,-0.08494351013,-0.1146390671,1.027897598,-0.000113132397,1.736390882,0.1146390671,0.000113132397,1.766199572,1.766199572,0.006156370929,0.08830997858,-0,1.917475985e-06,4.793689962e-07,2.876213977e-06,-2.876213977e-06,0.08830997858,-0,1.917475985e-06,4.793689962e-07,2.876213977e-06,-2.876213977e-06,0.08830997858,0,0,0,0,0,0
2.32,1,1,6.064017802e-05,3.715109721e-05,1.22239094e-05,0.0001406948004,3.139866925e-05,0.02789831684,0,0,0,0,0,0,0.02843176973,0.003650237944,-0.005139223583,-0.0005334528857,-0.008121205777,-0.03693579232,15.14459427,-0,0.318042796,0.03693579232,-0.02903247572,-0.1229923665,1.027898317,-0.0001183729229,1.846789616,0.1229923665,0.0001183729229,1.94086788,1.94086788,0.00605661168,0.09704339398,-9.587379924e-07,1.917475985e-06,-4.793689962e-07,2.396844981e-06,-2.396844981e-06,0.09704339398,-9.587379924e-07,1.917475985e-06,-4.793689962e-07,2.396844981e-06,-2.396844981e-06,0.09704339398,0,0,0,0,0,0
2.33,1,1,6.087986252e-05,3.643204371e-05,1.174454041e-05,0.0001414138539,3.163835375e-05,0.02789879621,0,0,0,0,0,0,0.02846801498,0.003598795906,-0.005149160424,-0.0005692187688,-0.008668838363,-0.03912799419,15.14473531,-0,0.3180481226,0.03912799419,0.01640073677,-0.1312872624,1.027898796,-0.0001233933979,1.95639971,0.1312872624,0.0001233933979,2.104211102,2.104211102,0.005959908602,0.1052105551,-1.438106989e-06,3.355582973e-06,4.793689962e-07,9.587379924e-07,-2.876213977e-06,0.1052105551,-1.438106989e-06,3.355582973e-06,4.793689962e-07,9.587379924e-07,-2.876213977e-06,0.1052105551,0,0,0,0,0,0
2.34,1,1,6.111954702e-05,3.643204371e-05,1.150485591e-05,0.0001416535384,3.115898475e-05,0.02789975495,0,0,0,0,0,0,0.02850374532,0.003547255206,-0.005158956099,-0.000603990368,-0.009201718291,-0.04125917058,15.14501739,-0,0.3180587759,0.04125917058,0.05244728665,-0.1393601835,1.027899755,-0.0001280665034,2.062958529,0.1393601835,0.0001280665034,2.254894066,2.254894066,0.005866255504,0.1127447033,-1.917475985e-06,3.355582973e-06,9.587379924e-07,4.793689962e-07,-1.917475985e-06,0.1127447033,-1.917475985e-06,3.355582973e-06,9.587379924e-07,4.793689962e-07,-1.917475985e-06,0.1127447033,0,0,0,0,0,0
2.35,1,1,6.016080902e-05,3.643204371e-05,1.150485591e-05,0.0001411741694,3.211772275e-05,0.02789999463,0,0,0,0,0,0,0.02853895976,0.003495617256,-0.005168610338,-0.0006389651262,-0.009737964548,-0.04340445083,15.14508791,-0,0.3180614392,0.04340445083,0.08208865228,-0.1474823291,1.027899995,-0.0001326414056,2.170222541,0.1474823291,0.0001326414056,2.399926164,2.399926164,0.005775677758,0.1199963082,-0,3.355582973e-06,9.587379924e-07,1.438106989e-06,-3.83495197e-06,0.1199963082,-0,3.355582973e-06,9.587379924e-07,1.438106989e-06,-3.83495197e-06,0.1199963082,0,0,0,0,0,0
2.36,1,1,6.016080902e-05,3.691141271e-05,1.174454041e-05,0.0001418932229,3.163835375e-05,0.027900474,0,0,0,0,0,0,0.02857365734,0.003443883471,-0.005178122878,-0.0006731833401,-0.01026302644,-0.04550351217,15.14522896,-0,0.3180667658,0.04550351217,0.1054588433,-0.1554358852,1.027900474,-0.000136945124,2.275175609,0.1554358852,0.000136945124,2.536207282,2.536207282,0.005688167499,0.1268103641,-0,2.396844981e-06,4.793689962e-07,-0,-2.876213977e-06,0.1268103641,-0,2.396844981e-06,4.793689962e-07,-0,-2.876213977e-06,0.1268103641,0,0,0,0,0,0
2.37,1,1,6.016080902e-05,3.619235921e-05,1.198422491e-05,0.0001409344849,3.187803825e-05,0.02790119306,0,0,0,0,0,0,0.02860783711,0.003392055271,-0.005187493456,-0.0007066440584,-0.01077687353,-0.04755620441,15.14544054,-0,0.3180747557,0.04755620441,0.1237770524,-0.1632204973,1.027901193,-0.0001409930554,2.377810221,0.1632204973,0.0001409930554,2.664948763,2.664948763,0.005603692241,0.1332474382,-0,3.83495197e-06,-0,1.917475985e-06,-3.355582973e-06,0.1332474382,-0,3.83495197e-06,-0,1.917475985e-06,-3.355582973e-06,0.1332474382,0,0,0,0,0,0
2.38,1,1,6.016080902e-05,3.73907817e-05,1.150485591e-05,0.0001406948004,3.187803825e-05,0.02790335022,0,0,0,0,0,0,0.02864149814,0.003340134076,-0.005196721817,-0.0007381479216,-0.01126132455,-0.04948692457,15.14607532,-0,0.3180987254,0.04948692457,0.1364898048,-0.1705648698,1.02790335,-0.0001445799901,2.474346228,0.1705648698,0.0001445799901,2.781545483,2.781545483,0.005522215784,0.1390772741,-0,1.438106989e-06,9.587379924e-07,2.396844981e-06,-3.355582973e-06,0.1390772741,-0,1.438106989e-06,9.587379924e-07,2.396844981e-06,-3.355582973e-06,0.1390772741,0,0,0,0,0,0
2.39,1,1,5.944175553e-05,3.619235921e-05,1.174454041e-05,0.0001414138539,3.139866925e-05,0.0279035899,0,0,0,0,0,0,0.02867463949,0.00328812131,-0.005205807707,-0.0007710495897,-0.01176717295,-0.05150679341,15.14614586,-0,0.3181013886,0.05150679341,0.1484188996,-0.1782273178,1.02790359,-0.0001483381043,2.57533967,0.1782273178,0.0001483381043,2.902134226,2.902134226,0.005443757333,0.1451067113,1.438106989e-06,3.83495197e-06,4.793689962e-07,9.587379924e-07,-2.396844981e-06,0.1451067113,1.438106989e-06,3.83495197e-06,4.793689962e-07,9.587379924e-07,-2.396844981e-06,0.1451067113,0,0,0,0,0,0
2.4,1,1,5.968144003e-05,3.619235921e-05,1.078580241e-05,0.0001421329074,3.115898475e-05,0.02790454864,0,0,0,0,0,0,0.02870726026,0.003236018398,-0.005214750877,-0.0008027116248,-0.01225445695,-0.05344971286,15.14642801,-0,0.3181120418,0.05344971286,0.1567729809,-0.18561125,1.027904549,-0.0001517948484,2.672485643,0.18561125,0.0001517948484,3.015021669,3.015021669,0.005368300641,0.1507510834,9.587379924e-07,3.83495197e-06,2.396844981e-06,-4.793689962e-07,-1.917475985e-06,0.1507510834,9.587379924e-07,3.83495197e-06,2.396844981e-06,-4.793689962e-07,-1.917475985e-06,0.1507510834,0,0,0,0,0,0
2.41,1,1,5.896238653e-05,3.691141271e-05,1.150485591e-05,0.0001416535384,3.115898475e-05,0.02790886296,0,0,0,0,0,0,0.02873935956,0.003183826769,-0.005223551082,-0.000830496603,-0.01268321077,-0.05514919294,15.1476979,-0,0.3181599805,0.05514919294,0.159120791,-0.1921214451,1.027908863,-0.0001544997923,2.757459647,0.1921214451,0.0001544997923,3.108856383,3.108856383,0.005295717121,0.1554428191,2.396844981e-06,2.396844981e-06,9.587379924e-07,4.793689962e-07,-1.917475985e-06,0.1554428191,2.396844981e-06,2.396844981e-06,9.587379924e-07,4.793689962e-07,-1.917475985e-06,0.1554428191,0,0,0,0,0,0
2.42,1,1,6.064017802e-05,3.715109721e-05,1.150485591e-05,0.0001416535384,3.187803825e-05,0.02791389633,0,0,0,0,0,0,0.02877093651,0.003131547854,-0.005232208081,-0.0008570401738,-0.01309333543,-0.0567711636,15.14917982,-0,0.3182159083,0.0567711636,0.1596057058,-0.1983532929,1.027913896,-0.0001569423758,2.83855818,0.1983532929,0.0001569423758,3.196674121,3.196674121,0.005225872615,0.1598337061,-9.587379924e-07,1.917475985e-06,9.587379924e-07,4.793689962e-07,-3.355582973e-06,0.1598337061,-9.587379924e-07,1.917475985e-06,9.587379924e-07,4.793689962e-07,-3.355582973e-06,0.1598337061,0,0,0,0,0,0
2.43,1,1,6.087986252e-05,3.691141271e-05,1.150485591e-05,0.0001409344849,3.163835375e-05,0.02792012813,0,0,0,-0.001047197551,0,0,0.02880199023,0.003079183085,-0.005240721636,-0.0008818621025,-0.01347753678,-0.05828518915,15.15101515,-0,0.3182851512,0.05828518915,0.1579537181,-0.204198364,1.027920128,-0.0001590420769,2.914259458,0.204198364,0.0001590420769,3.276570582,3.276570582,0.005158332899,0.1638285291,-1.438106989e-06,2.396844981e-06,9.587379924e-07,0.0001066372311,-2.876213977e-06,0.1638285291,-1.438106989e-06,2.396844981e-06,9.587379924e-07,0.0001066372311,-2.876213977e-06,0.1638285291,0,0,0,0,0,0
2.44,1,1,6.040049352e-05,3.76304662e-05,1.22239094e-05,0.0001416535384,3.187803825e-05,0.02792635993,0,0,0,0,0,0.001047197551,0.02883251989,0.0030267339,-0.005249091515,-0.0009061599602,-0.01385394026,-0.05871956037,15.15285112,-0,0.3183543929,0.05976675792,0.1560950054,-0.2099266942,1.028973832,-0.0001585391415,2.935978018,0.2099266942,0.0001585391415,3.302158257,3.302158257,0.005093615053,0.1651079129,-4.793689962e-07,9.587379924e-07,-4.793689962e-07,4.793689962e-07,-3.355582973e-06,0.1651079129,-4.793689962e-07,9.587379924e-07,-4.793689962e-07,4.793689962e-07,-3.355582973e-06,0.1651079129,0,0,0,0,0,0
2.45,1,1,6.064017802e-05,3.715109721e-05,1.102548691e-05,0.0001418932229,3.187803825e-05,0.02793690605,0,0,0,0,0,0.001047197551,0.02886252463,0.002974201735,-0.005257317486,-0.000925618589,-0.01415713363,-0.05989596107,15.15595959,-0,0.3184715685,0.06094315862,0.1489373271,-0.2145649453,1.028984378,-0.0001597266946,2.994798053,0.2145649453,0.0001597266946,3.358460052,3.358460052,0.005031019024,0.1679230026,-9.587379924e-07,1.917475985e-06,1.917475985e-06,-0,-3.355582973e-06,0.1679230026,-9.587379924e-07,1.917475985e-06,1.917475985e-06,-0,-3.355582973e-06,0.1679230026,0,0,0,0,0,0
2.46,1,1,6.135923152e-05,3.667172821e-05,1.126517141e-05,0.0001406948004,3.187803825e-05,0.02795823797,0,0,0,0,0,0.002094395102,0.02889200365,0.00292158803,-0.005265399326,-0.0009337656849,-0.01428893369,-0.05931061336,15.16225277,-0,0.3187085725,0.06140500847,0.1298650874,-0.2166524244,1.03005373,-0.0001565477123,2.965530668,0.2166524244,0.0001565477123,3.312204728,3.312204728,0.004969204057,0.1656102364,-2.396844981e-06,2.876213977e-06,1.438106989e-06,2.396844981e-06,-3.355582973e-06,0.1656102364,-2.396844981e-06,2.876213977e-06,1.438106989e-06,2.396844981e-06,-3.355582973e-06,0.1656102364,0,0,0,0,0,0
2.47,1,1,6.207828501e-05,3.76304662e-05,1.150485591e-05,0.0001416535384,3.187803825e-05,0.02799443033,0,0,0,0,0,0.004188790205,0.02892095613,0.002868894229,-0.005273336812,-0.0009265258031,-0.0141872883,-0.05670565703,15.17294704,-0,0.3191106489,0.06089444723,0.09642637707,-0.2152629739,1.032187607,-0.0001484193871,2.835282851,0.2152629739,0.0001484193871,3.147120622,3.147120622,0.004907067011,0.1573560311,-3.83495197e-06,9.587379924e-07,9.587379924e-07,4.793689962e-07,-3.355582973e-06,0.1573560311,-3.83495197e-06,9.587379924e-07,9.587379924e-07,4.793689962e-07,-3.355582973e-06,0.1573560311,0,0,0,0,0,0
2.48,1,1,5.992112453e-05,3.73907817e-05,1.078580241e-05,0.0001414138539,3.139866925e-05,0.02804092912,0,0,0,0,0,0.004188790205,0.02894938127,0.002816121776,-0.005281129727,-0.0009084521554,-0.01392085711,-0.05551066953,15.18671831,-0,0.3196271657,0.05969945973,0.05669659594,-0.2114121355,1.032234106,-0.0001434541338,2.775533476,0.2114121355,0.0001434541338,3.043785662,3.043785662,0.004844495573,0.1521892831,4.793689962e-07,1.438106989e-06,2.396844981e-06,9.587379924e-07,-2.396844981e-06,0.1521892831,4.793689962e-07,1.438106989e-06,2.396844981e-06,9.587379924e-07,-2.396844981e-06,0.1521892831,0,0,0,0,0,0
2.49,1,1,5.968144003e-05,3.81098352e-05,1.22239094e-05,0.0001418932229,3.235740724e-05,0.02809413908,0,0,0,0,0,0.005235987756,0.02897727831,0.002763272117,-0.005288777857,-0.0008831392301,-0.01354384592,-0.0528116895,15.20252092,-0,0.3202181507,0.05804767725,0.01589647435,-0.2059006009,1.033336981,-0.0001349912206,2.640584475,0.2059006009,0.0001349912206,2.862516541,2.862516541,0.004781256156,0.1431258271,9.587379924e-07,-0,-4.793689962e-07,-0,-4.314320966e-06,0.1431258271,9.587379924e-07,-0,-4.793689962e-07,-0,-4.314320966e-06,0.1431258271,0,0,0,0,0,0
2.5,1,1,6.040049352e-05,3.73907817e-05,1.102548691e-05,0.0001418932229,3.139866925e-05,0.02815501894,0,0,0,0,0,0.005235987756,0.02900464646,0.002710346702,-0.005296280992,-0.0008496275242,-0.01304131628,-0.0506432315,15.22065876,-0,0.3208942171,0.05587921926,-0.02669773001,-0.1984974249,1.033397861,-0.0001277229295,2.532161575,0.1984974249,0.0001277229295,2.704088993,2.704088993,0.004716817612,0.1352044496,-4.793689962e-07,1.438106989e-06,1.917475985e-06,-0,-2.396844981e-06,0.1352044496,-4.793689962e-07,1.438106989e-06,1.917475985e-06,-0,-2.396844981e-06,0.1352044496,0,0,0,0,0,0
2.51,1,1,6.016080902e-05,3.715109721e-05,1.22239094e-05,0.0001404551159,3.235740724e-05,0.02821637817,0,0,0,0,0,0.006283185307,0.02903148499,0.002657346982,-0.005303638928,-0.0008151068224,-0.0125224065,-0.04736521113,15.23900155,-0,0.3215754927,0.05364839644,-0.06276168193,-0.1908289722,1.034509433,-0.0001180644925,2.368260557,0.1908289722,0.0001180644925,2.496445911,2.496445911,0.004651645751,0.1248222956,-0,1.917475985e-06,-4.793689962e-07,2.876213977e-06,-4.314320966e-06,0.1248222956,-0,1.917475985e-06,-4.793689962e-07,2.876213977e-06,-4.314320966e-06,0.1248222956,0,0,0,0,0,0
2.52,1,1,5.992112453e-05,3.595267472e-05,1.174454041e-05,0.0001414138539,3.139866925e-05,0.02828948194,0,0,0,0,0,0.006283185307,0.02905779316,0.002604274408,-0.005310851461,-0.0007683112175,-0.01181516395,-0.04436235597,15.26093696,-0,0.3223870186,0.05064554128,-0.1062612347,-0.1803104723,1.034582537,-0.0001090123452,2.218117799,0.1803104723,0.0001090123452,2.292276049,2.292276049,0.004584880603,0.1146138024,4.793689962e-07,4.314320966e-06,4.793689962e-07,9.587379924e-07,-2.396844981e-06,0.1146138024,4.793689962e-07,4.314320966e-06,4.793689962e-07,9.587379924e-07,-2.396844981e-06,0.1146138024,0,0,0,0,0,0
2.53,1,1,6.016080902e-05,3.76304662e-05,1.102548691e-05,0.0001414138539,3.187803825e-05,0.02834221253,0,0,0,0,0,0.003141592654,0.02908357024,0.002551130438,-0.005317918395,-0.000741357711,-0.01140959715,-0.04575278559,15.27681453,-0,0.3229722802,0.04889437824,-0.1184070575,-0.1743022996,1.031486273,-0.00011014824,2.287639279,0.1743022996,0.00011014824,2.34364467,2.34364467,0.004518988551,0.1171822335,-0,9.587379924e-07,1.917475985e-06,9.587379924e-07,-3.355582973e-06,0.1171822335,-0,9.587379924e-07,1.917475985e-06,9.587379924e-07,-3.355582973e-06,0.1171822335,0,0,0,0,0,0
2.54,1,1,5.968144003e-05,3.667172821e-05,1.150485591e-05,0.0001416535384,3.187803825e-05,0.02837480962,0,0,0,0,0,0.002094395102,0.02910881554,0.002497916527,-0.005324839535,-0.0007340059118,-0.01130298601,-0.04628344141,15.286653,-0,0.3233340356,0.04837783652,-0.1058743483,-0.172784825,1.030470301,-0.0001096294636,2.314172071,0.172784825,0.0001096294636,2.381192177,2.381192177,0.004454968024,0.1190596088,9.587379924e-07,2.876213977e-06,9.587379924e-07,4.793689962e-07,-3.355582973e-06,0.1190596088,9.587379924e-07,2.876213977e-06,9.587379924e-07,4.793689962e-07,-3.355582973e-06,0.1190596088,0,0,0,0,0,0
2.55,1,1,6.064017802e-05,3.571299022e-05,1.126517141e-05,0.0001418932229,3.139866925e-05,0.02839326533,0.001047197551,0,0,0,0,0.001047197551,0.02913352835,0.002444634134,-0.005331614692,-0.0007402630152,-0.01140427339,-0.04767083842,15.2922312,-0,0.3235388386,0.04871803597,-0.08003350156,-0.1743967853,1.029440737,-0.0001111184978,2.383541921,0.1743967853,0.0001111184978,2.478016323,2.478016323,0.00439295783,0.1239008162,-0.0001056784931,4.793689962e-06,1.438106989e-06,-0,-2.396844981e-06,0.1239008162,-0.0001056784931,4.793689962e-06,1.438106989e-06,-0,-2.396844981e-06,0.1239008162,0,0,0,0,0,0
2.56,1,1,6.040049352e-05,3.667172821e-05,1.102548691e-05,0.0001414138539,3.187803825e-05,0.02839877807,0,0,0,0,0,0,0.02915770799,0.00239128472,-0.00533824368,-0.0007589299213,-0.01169534473,-0.04983975126,15.29389852,-0,0.3236000115,0.04983975126,-0.0447761801,-0.1788674155,1.028398778,-0.0001143689493,2.491987563,0.1788674155,0.0001143689493,2.626193167,2.626193167,0.004333653874,0.1313096584,-4.793689962e-07,2.876213977e-06,1.917475985e-06,9.587379924e-07,-3.355582973e-06,0.1313096584,-4.793689962e-07,2.876213977e-06,1.917475985e-06,9.587379924e-07,-3.355582973e-06,0.1313096584,0,0,0,0,0,0
2.57,1,1,5.992112453e-05,3.715109721e-05,1.150485591e-05,0.0001418932229,3.163835375e-05,0.02840021618,0,0,0,0,0,0,0.02918135382,0.002337869748,-0.005344726318,-0.0007811376406,-0.01204061925,-0.05118491226,15.29433356,-0,0.3236159695,0.05118491226,-0.01202240497,-0.184153247,1.028400216,-0.0001159011572,2.559245613,0.184153247,0.0001159011572,2.731492356,2.731492356,0.004276417983,0.1365746178,4.793689962e-07,1.917475985e-06,9.587379924e-07,-0,-2.876213977e-06,0.1365746178,4.793689962e-07,1.917475985e-06,9.587379924e-07,-0,-2.876213977e-06,0.1365746178,0,0,0,0,0,0
2.58,1,1,5.944175553e-05,3.73907817e-05,1.102548691e-05,0.0001421329074,3.163835375e-05,0.0284014146,0,0,0,0,0,0,0.02920446518,0.002284390682,-0.005351062427,-0.0008030505731,-0.01238142825,-0.05251200279,15.29469611,-0,0.3236292678,0.05251200279,0.01449990499,-0.1893701826,1.028401415,-0.000117369013,2.625600139,0.1893701826,0.000117369013,2.829587596,2.829587596,0.004221260866,0.1414793798,1.438106989e-06,1.438106989e-06,1.917475985e-06,-4.793689962e-07,-2.876213977e-06,0.1414793798,1.438106989e-06,1.438106989e-06,1.917475985e-06,-4.793689962e-07,-2.876213977e-06,0.1414793798,0,0,0,0,0,0
2.59,1,1,5.968144003e-05,3.715109721e-05,1.198422491e-05,0.0001411741694,3.163835375e-05,0.02840213366,0,0,0,0,0,0,0.02922704143,0.002230848988,-0.005357251834,-0.0008249077695,-0.01272141662,-0.05383607618,15.29491366,-0,0.3236372467,0.05383607618,0.03610065511,-0.1945729688,1.028402134,-0.0001188117914,2.691803809,0.1945729688,0.0001188117914,2.922596245,2.922596245,0.004168188685,0.1461298122,9.587379924e-07,1.917475985e-06,-0,1.438106989e-06,-2.876213977e-06,0.1461298122,9.587379924e-07,1.917475985e-06,-0,1.438106989e-06,-2.876213977e-06,0.1461298122,0,0,0,0,0,0
2.6,1,1,6.064017802e-05,3.73907817e-05,1.174454041e-05,0.0001418932229,3.163835375e-05,0.0284045305,0,0,0,0,0,0,0.02924908195,0.002177246135,-0.00536329437,-0.0008445514505,-0.01302756932,-0.05502099504,15.29563887,-0,0.3236638431,0.05502099504,0.05122793923,-0.1992649958,1.028404531,-0.0001199357075,2.751049752,0.1992649958,0.0001199357075,3.001662623,3.001662623,0.004117115351,0.1500831311,-9.587379924e-07,1.438106989e-06,4.793689962e-07,-0,-2.876213977e-06,0.1500831311,-9.587379924e-07,1.438106989e-06,4.793689962e-07,-0,-2.876213977e-06,0.1500831311,0,0,0,0,0,0
2.61,1,1,6.159891601e-05,3.715109721e-05,1.126517141e-05,0.0001411741694,3.163835375e-05,0.02840812577,0,0,0,0,0,0,0.02927058615,0.002123583591,-0.005369189867,-0.0008624603808,-0.01330719508,-0.05609681857,15.29672688,-0,0.3237037373,0.05609681857,0.06153495568,-0.2035565287,1.028408126,-0.0001208174969,2.804840928,0.2035565287,0.0001208174969,3.07005323,3.07005323,0.004067941833,0.1535026615,-2.876213977e-06,1.917475985e-06,1.438106989e-06,1.438106989e-06,-2.876213977e-06,0.1535026615,-2.876213977e-06,1.917475985e-06,1.438106989e-06,1.438106989e-06,-2.876213977e-06,0.1535026615,0,0,0,0,0,0
2.62,1,1,6.135923152e-05,3.667172821e-05,1.198422491e-05,0.0001397360624,3.187803825e-05,0.0284107623,0,0,0,0,0,0,0.02929155343,0.002069862828,-0.005374938166,-0.0008807911313,-0.01359326992,-0.05719958154,15.29752489,-0,0.3237329928,0.05719958154,0.07043714589,-0.2079433849,1.028410762,-0.0001217560024,2.859979077,0.2079433849,0.0001217560024,3.138481364,3.138481364,0.004020613131,0.1569240682,-2.396844981e-06,2.876213977e-06,-0,4.314320966e-06,-3.355582973e-06,0.1569240682,-2.396844981e-06,2.876213977e-06,-0,4.314320966e-06,-3.355582973e-06,0.1569240682,0,0,0,0,0,0
2.63,1,1,5.968144003e-05,3.691141271e-05,1.006674892e-05,0.0001414138539,3.163835375e-05,0.0284138782,0,0,0,0,0,0,0.02931198322,0.002016085319,-0.005380539109,-0.0008981050203,-0.01386377609,-0.05823845485,15.29846814,-0,0.3237675673,0.05823845485,0.07661034022,-0.2120945368,1.028413878,-0.0001225574156,2.911922742,0.2120945368,0.0001225574156,3.200750177,3.200750177,0.00397498504,0.1600375088,9.587379924e-07,2.396844981e-06,3.83495197e-06,9.587379924e-07,-2.876213977e-06,0.1600375088,9.587379924e-07,2.396844981e-06,3.83495197e-06,9.587379924e-07,-2.876213977e-06,0.1600375088,0,0,0,0,0,0
2.64,1,1,5.944175553e-05,3.667172821e-05,1.22239094e-05,0.0001409344849,3.187803825e-05,0.02841675441,0,0,0,0,0,0,0.02933187495,0.001962252538,-0.005385992541,-0.000915120541,-0.01412969431,-0.0592587651,15.29933897,-0,0.3237994819,0.0592587651,0.08119449351,-0.2161749828,1.028416754,-0.0001233287872,2.962938255,0.2161749828,0.0001233287872,3.26043106,3.26043106,0.003931234683,0.163021553,1.438106989e-06,2.876213977e-06,-4.793689962e-07,1.917475985e-06,-3.355582973e-06,0.163021553,1.438106989e-06,2.876213977e-06,-4.793689962e-07,1.917475985e-06,-3.355582973e-06,0.163021553,0,0,0,0,0,0
2.65,1,1,6.040049352e-05,3.715109721e-05,1.174454041e-05,0.0001414138539,3.187803825e-05,0.02842034968,0,0,0,0.001047197551,0,0,0.02935122809,0.00190836596,-0.005391298313,-0.0009308784102,-0.01437633765,-0.06019987565,15.30042772,-0,0.3238393747,0.06019987565,0.08348778679,-0.219964115,1.02842035,-0.0001239441476,3.009993782,0.219964115,0.0001239441476,3.313569628,3.313569628,0.003889177807,0.1656784814,-4.793689962e-07,1.917475985e-06,4.793689962e-07,-0.0001037610171,-3.355582973e-06,0.1656784814,-4.793689962e-07,1.917475985e-06,4.793689962e-07,-0.0001037610171,-3.355582973e-06,0.1656784814,0,0,0,0,0,0
2.66,1,1,6.064017802e-05,3.715109721e-05,1.174454041e-05,0.0001411741694,3.187803825e-05,0.02843281327,0,0,0,0,0,0.002094395102,0.0293700421,0.001854427064,-0.00539645628,-0.0009372288244,-0.01447897758,-0.05845222179,15.3042037,-0,0.323977667,0.06054661689,0.07434552492,-0.2215892222,1.030528305,-0.0001195591319,2.922611089,0.2215892222,0.0001195591319,3.218665396,3.218665396,0.003847837298,0.1609332698,-9.587379924e-07,1.917475985e-06,4.793689962e-07,1.438106989e-06,-3.355582973e-06,0.1609332698,-9.587379924e-07,1.917475985e-06,4.793689962e-07,1.438106989e-06,-3.355582973e-06,0.1609332698,0,0,0,0,0,0
2.67,1,1,6.111954702e-05,3.715109721e-05,1.24635939e-05,0.0001416535384,3.187803825e-05,0.02844695466,0,0,0,0,0,0,0.02938831646,0.001800437328,-0.005401466301,-0.0009413618028,-0.01454758002,-0.06075318579,15.30849115,-0,0.3241345697,0.06075318579,0.06472566251,-0.2227015,1.028446955,-0.0001224525686,3.03765929,0.2227015,0.0001224525686,3.325208905,3.325208905,0.003807296745,0.1662604452,-1.917475985e-06,1.917475985e-06,-9.587379924e-07,4.793689962e-07,-3.355582973e-06,0.1662604452,-1.917475985e-06,1.917475985e-06,-9.587379924e-07,4.793689962e-07,-3.355582973e-06,0.1662604452,0,0,0,0,0,0
2.68,1,1,6.087986252e-05,3.78701507e-05,1.150485591e-05,0.0001414138539,3.187803825e-05,0.02845774046,0,0,0,0,0,0.001047197551,0.02940605068,0.001746398232,-0.005406328237,-0.0009483102187,-0.01465917989,-0.06009047637,15.3117635,-0,0.3242542371,0.06113767392,0.05969621574,-0.2244578955,1.029505212,-0.0001201132477,3.004523819,0.2244578955,0.0001201132477,3.288798043,3.288798043,0.003767963462,0.1644399022,-1.438106989e-06,4.793689962e-07,9.587379924e-07,9.587379924e-07,-3.355582973e-06,0.1644399022,-1.438106989e-06,4.793689962e-07,9.587379924e-07,9.587379924e-07,-3.355582973e-06,0.1644399022,0,0,0,0,0,0
2.69,1,1,6.064017802e-05,3.83495197e-05,1.198422491e-05,0.0001416535384,3.187803825e-05,0.02847092311,0,0,0,0,0,0,0.02942324427,0.001692311257,-0.005411041957,-0.000952321158,-0.0147256956,-0.06133645279,15.31576569,-0,0.3244004924,0.06133645279,0.05245474801,-0.2255353034,1.028470923,-0.0001211080748,3.06682264,0.2255353034,0.0001211080748,3.344933799,3.344933799,0.003729629109,0.16724669,-9.587379924e-07,-4.793689962e-07,-0,4.793689962e-07,-3.355582973e-06,0.16724669,-9.587379924e-07,-4.793689962e-07,-0,4.793689962e-07,-3.355582973e-06,0.16724669,0,0,0,0,0,0
2.7,1,1,6.016080902e-05,3.73907817e-05,1.102548691e-05,0.0001416535384,3.211772275e-05,0.02848410576,0,0,0,0,0,0,0.02943989675,0.001638177887,-0.00541560733,-0.0009557909944,-0.01478380213,-0.06150097949,15.3197708,-0,0.3245467424,0.06150097949,0.04597666793,-0.2264844601,1.028484106,-0.0001202138164,3.075048974,0.2264844601,0.0001202138164,3.347630316,3.347630316,0.003692137355,0.1673815158,-0,1.438106989e-06,1.917475985e-06,4.793689962e-07,-3.83495197e-06,0.1673815158,-0,1.438106989e-06,1.917475985e-06,4.793689962e-07,-3.83495197e-06,0.1673815158,0,0,0,0,0,0
2.71,1,1,6.040049352e-05,3.667172821e-05,1.174454041e-05,0.0001418932229,3.163835375e-05,0.02849776777,0,0,0,0,0,0.002094395102,0.02945600767,0.001583999606,-0.005420024231,-0.0009582399022,-0.01482613794,-0.059506518,15.32392464,-0,0.324698305,0.0616009131,0.0391738064,-0.2271946205,1.030593259,-0.0001156303539,2.9753259,0.2271946205,0.0001156303539,3.241809957,3.241809957,0.003655237135,0.1620904979,-4.793689962e-07,2.876213977e-06,4.793689962e-07,-0,-2.876213977e-06,0.1620904979,-4.793689962e-07,2.876213977e-06,4.793689962e-07,-0,-2.876213977e-06,0.1620904979,0,0,0,0,0,0
2.72,1,1,6.040049352e-05,3.715109721e-05,1.102548691e-05,0.0001418932229,3.163835375e-05,0.0285236537,0,0,0,0,0,0.002094395102,0.0294715766,0.001529777898,-0.00542429254,-0.0009479228995,-0.01467263782,-0.0587993708,15.3318037,-0,0.3249854603,0.0608937659,0.0188907228,-0.2249580028,1.030619145,-0.0001130848767,2.93996854,0.2249580028,0.0001130848767,3.18393035,3.18393035,0.003617543643,0.1591965175,-4.793689962e-07,1.917475985e-06,1.917475985e-06,-0,-2.876213977e-06,0.1591965175,-4.793689962e-07,1.917475985e-06,1.917475985e-06,-0,-2.876213977e-06,0.1591965175,0,0,0,0,0,0
2.73,1,1,6.087986252e-05,3.619235921e-05,1.198422491e-05,0.0001416535384,3.163835375e-05,0.0285514571,0,0,0,0,0,0.002094395102,0.02948660309,0.00147551425,-0.005428412139,-0.0009351459928,-0.01448111749,-0.05793685205,15.34027898,-0,0.3252938634,0.06003124715,-0.0003589611653,-0.2221443822,1.030646949,-0.0001102694153,2.896842603,0.2221443822,0.0001102694153,3.118738293,3.118738293,0.003579747936,0.1559369146,-1.438106989e-06,3.83495197e-06,-0,4.793689962e-07,-2.876213977e-06,0.1559369146,-1.438106989e-06,3.83495197e-06,-0,4.793689962e-07,-2.876213977e-06,0.1559369146,0,0,0,0,0,0
2.74,1,1,6.064017802e-05,3.691141271e-05,1.174454041e-05,0.0001409344849,3.235740724e-05,0.02857758271,0,0,0,0,0,0.002094395102,0.02950108675,0.001421210151,-0.005432382915,-0.0009235040376,-0.01430669664,-0.05714619472,15.34825471,-0,0.3255836343,0.05924058982,-0.0148215469,-0.2195828241,1.030673074,-0.0001076265304,2.857309736,0.2195828241,0.0001076265304,3.06217864,3.06217864,0.003542067647,0.153108932,-9.587379924e-07,2.396844981e-06,4.793689962e-07,1.917475985e-06,-4.314320966e-06,0.153108932,-9.587379924e-07,2.396844981e-06,4.793689962e-07,1.917475985e-06,-4.314320966e-06,0.153108932,0,0,0,0,0,0
2.75,1,1,6.040049352e-05,3.667172821e-05,1.174454041e-05,0.0001418932229,3.163835375e-05,0.02860946075,0,0,0,0,0,0.003141592654,0.02951502716,0.001366867089,-0.00543620476,-0.0009055664174,-0.0140352965,-0.05491082642,15.35800221,-0,0.3259371794,0.05805241907,-0.03404784467,-0.2155541146,1.031753521,-0.0001025145659,2.745541321,0.2155541146,0.0001025145659,2.927150106,2.927150106,0.003503658239,0.1463575053,-4.793689962e-07,2.876213977e-06,4.793689962e-07,-0,-2.876213977e-06,0.1463575053,-4.793689962e-07,2.876213977e-06,4.793689962e-07,-0,-2.876213977e-06,0.1463575053,0,0,0,0,0,0
2.76,1,1,6.016080902e-05,3.715109721e-05,1.174454041e-05,0.0001404551159,3.187803825e-05,0.02864373563,0,0,0,0,0,0.003141592654,0.02952842396,0.001312486553,-0.005439877568,-0.000884688333,-0.01371830705,-0.05353737804,15.36850179,-0,0.3263172718,0.05667897069,-0.05289564265,-0.2108298266,1.031787796,-9.883974278e-05,2.676868902,0.2108298266,9.883974278e-05,2.834901925,2.834901925,0.003464401989,0.1417450963,-0,1.917475985e-06,4.793689962e-07,2.876213977e-06,-3.355582973e-06,0.1417450963,-0,1.917475985e-06,4.793689962e-07,2.876213977e-06,-3.355582973e-06,0.1417450963,0,0,0,0,0,0
2.77,1,1,6.016080902e-05,3.691141271e-05,1.174454041e-05,0.0001406948004,3.163835375e-05,0.02868663916,0,0,0,0,0,0.005235987756,0.02954127678,0.001258070034,-0.00544340124,-0.0008546376202,-0.01325978988,-0.04949125764,15.38167272,-0,0.3267930007,0.05472724539,-0.0793225239,-0.2039577482,1.033929481,-9.068608944e-05,2.474562882,0.2039577482,9.068608944e-05,2.599288792,2.599288792,0.003423947292,0.1299644396,-0,2.396844981e-06,4.793689962e-07,2.396844981e-06,-2.876213977e-06,0.1299644396,-0,2.396844981e-06,4.793689962e-07,2.396844981e-06,-2.876213977e-06,0.1299644396,0,0,0,0,0,0
2.78,1,1,6.016080902e-05,3.643204371e-05,1.150485591e-05,0.0001414138539,3.235740724e-05,0.02874536186,0,0,0,0,0,0.006283185307,0.02955358525,0.001203619025,-0.005446775677,-0.0008082233915,-0.0125486659,-0.04546177394,15.39975069,-0,0.3274440455,0.05174495925,-0.1195166155,-0.1932463264,1.035038417,-8.24389384e-05,2.273088697,0.1932463264,8.24389384e-05,2.346900847,2.346900847,0.003380913037,0.1173450423,-0,3.355582973e-06,9.587379924e-07,9.587379924e-07,-4.314320966e-06,0.1173450423,-0,3.355582973e-06,9.587379924e-07,9.587379924e-07,-4.314320966e-06,0.1173450423,0,0,0,0,0,0
2.79,1,1,6.087986252e-05,3.76304662e-05,1.150485591e-05,0.0001411741694,3.139866925e-05,0.02881031636,0,0,0,0,0,0.006283185307,0.02956534905,0.001149135019,-0.005450000789,-0.0007550326896,-0.01173191149,-0.04205540386,15.41981562,-0,0.3281640563,0.04833858917,-0.1599435171,-0.180903912,1.035103371,-7.525461309e-05,2.102770193,0.180903912,7.525461309e-05,2.123805843,2.123805843,0.003335619623,0.1061902921,-1.438106989e-06,9.587379924e-07,9.587379924e-07,1.438106989e-06,-2.396844981e-06,0.1061902921,-1.438106989e-06,9.587379924e-07,9.587379924e-07,1.438106989e-06,-2.396844981e-06,0.1061902921,0,0,0,0,0,0
2.8,1,1,5.968144003e-05,3.76304662e-05,1.22239094e-05,0.0001411741694,3.235740724e-05,0.02887958518,0,0,0,0,0,0.006283185307,0.02957656784,0.001094619508,-0.005453076486,-0.000696982668,-0.01083874443,-0.03834689343,15.44129277,-0,0.3289317462,0.04463007874,-0.1985538652,-0.167364226,1.03517264,-6.766717636e-05,1.917344672,0.167364226,6.766717636e-05,1.8862227,1.8862227,0.003288712827,0.09431113498,9.587379924e-07,9.587379924e-07,-4.793689962e-07,1.438106989e-06,-4.314320966e-06,0.09431113498,9.587379924e-07,9.587379924e-07,-4.793689962e-07,1.438106989e-06,-4.314320966e-06,0.09431113498,0,0,0,0,0,0
2.81,1,1,6.087986252e-05,3.715109721e-05,1.126517141e-05,0.0001416535384,3.235740724e-05,0.02895053179,0,0,0,0,0,0.005235987756,0.02958724134,0.001040073987,-0.005456002685,-0.0006367095484,-0.009909641049,-0.0355501262,15.46337546,-0,0.3297178758,0.04078611396,-0.2324747798,-0.1532365002,1.034193373,-6.169631347e-05,1.77750631,0.1532365002,6.169631347e-05,1.698329727,1.698329727,0.00324039551,0.08491648634,-1.438106989e-06,1.917475985e-06,1.438106989e-06,4.793689962e-07,-4.314320966e-06,0.08491648634,-1.438106989e-06,1.917475985e-06,1.438106989e-06,4.793689962e-07,-4.314320966e-06,0.08491648634,0,0,0,0,0,0
2.82,1,1,5.944175553e-05,3.667172821e-05,1.150485591e-05,0.0001411741694,3.163835375e-05,0.02900877512,0,0,0,0,0,0.004188790205,0.02959736923,0.0009854999525,-0.005458779304,-0.0005885941082,-0.009167147737,-0.03352087013,15.48156892,-0,0.3303631283,0.03770966033,-0.2459171209,-0.1419218295,1.033201952,-5.719280592e-05,1.676043506,0.1419218295,5.719280592e-05,1.572105408,1.572105408,0.003191726535,0.07860527039,1.438106989e-06,2.876213977e-06,9.587379924e-07,1.438106989e-06,-2.876213977e-06,0.07860527039,1.438106989e-06,2.876213977e-06,9.587379924e-07,1.438106989e-06,-2.876213977e-06,0.07860527039,0,0,0,0,0,0
2.83,1,1,5.968144003e-05,3.667172821e-05,1.102548691e-05,0.0001411741694,3.163835375e-05,0.02904832306,0,0,0,0,0,0.002094395102,0.02960695125,0.0009308988999,-0.005461406268,-0.0005586281821,-0.008704791668,-0.03367994085,15.49395587,-0,0.3308012023,0.03577433595,-0.236039476,-0.134871658,1.031143815,-5.637110268e-05,1.683997043,0.134871658,5.637110268e-05,1.582885596,1.582885596,0.003143542076,0.07914427978,9.587379924e-07,2.876213977e-06,1.917475985e-06,1.438106989e-06,-2.876213977e-06,0.07914427978,9.587379924e-07,2.876213977e-06,1.917475985e-06,1.438106989e-06,-2.876213977e-06,0.07914427978,0,0,0,0,0,0
2.84,1,1,6.135923152e-05,3.619235921e-05,1.150485591e-05,0.0001406948004,3.235740724e-05,0.02906653909,0,0,0,0,0,0,0.02961598712,0.0008762723262,-0.005463883505,-0.0005494480371,-0.008564123409,-0.0351433931,15.49967048,-0,0.3310029653,0.0351433931,-0.2041008986,-0.1327410908,1.029066539,-5.770818014e-05,1.757169655,0.1327410908,5.770818014e-05,1.685867555,1.685867555,0.003096648623,0.08429337776,-2.396844981e-06,3.83495197e-06,9.587379924e-07,2.396844981e-06,-4.314320966e-06,0.08429337776,-2.396844981e-06,3.83495197e-06,9.587379924e-07,2.396844981e-06,-4.314320966e-06,0.08429337776,0,0,0,0,0,0
2.85,1,1,6.183860051e-05,3.76304662e-05,1.150485591e-05,0.0001423725919,3.163835375e-05,0.0290694153,0,0,0,0,0,0,0.02962447661,0.0008216217291,-0.005466210947,-0.0005550613127,-0.008652624145,-0.03544021689,15.50057331,-0,0.3310348217,0.03544021689,-0.1612235822,-0.1341206349,1.029069415,-5.734050186e-05,1.772010845,0.1341206349,5.734050186e-05,1.744965238,1.744965238,0.003051162603,0.08724826189,-3.355582973e-06,9.587379924e-07,9.587379924e-07,-9.587379924e-07,-2.876213977e-06,0.08724826189,-3.355582973e-06,9.587379924e-07,9.587379924e-07,-9.587379924e-07,-2.876213977e-06,0.08724826189,0,0,0,0,0,0
2.86,1,1,6.064017802e-05,3.76304662e-05,1.198422491e-05,0.0001414138539,3.187803825e-05,0.02907085341,0,0,0,0,0,0,0.02963241948,0.0007669486068,-0.00546838853,-0.0005615660756,-0.008754866976,-0.03579296061,15.50102478,-0,0.3310507498,0.03579296061,-0.1251904988,-0.1357094099,1.029070853,-5.706635418e-05,1.78964803,0.1357094099,5.706635418e-05,1.800224008,1.800224008,0.00300667517,0.09001120039,-9.587379924e-07,9.587379924e-07,-0,9.587379924e-07,-3.355582973e-06,0.09001120039,-9.587379924e-07,9.587379924e-07,-0,9.587379924e-07,-3.355582973e-06,0.09001120039,0,0,0,0,0,0
2.87,1,1,6.159891601e-05,3.715109721e-05,1.126517141e-05,0.0001414138539,3.163835375e-05,0.02907109309,0,0,0,0,0,0,0.02963981551,0.0007122544582,-0.005470416194,-0.0005687224233,-0.008867130862,-0.03618659493,15.50110003,-0,0.3310534045,0.03618659493,-0.09508011064,-0.1374502825,1.029071093,-5.685914396e-05,1.809329746,0.1374502825,5.685914396e-05,1.851756777,1.851756777,0.002963206092,0.09258783887,-2.876213977e-06,1.917475985e-06,1.438106989e-06,9.587379924e-07,-2.876213977e-06,0.09258783887,-2.876213977e-06,1.917475985e-06,1.438106989e-06,9.587379924e-07,-2.876213977e-06,0.09258783887,0,0,0,0,0,0
2.88,1,1,6.016080902e-05,3.667172821e-05,1.126517141e-05,0.0001418932229,3.211772275e-05,0.02907109309,0,0,0,0,0,0,0.02964666451,0.0006575407828,-0.005472293884,-0.0005755714152,-0.008974547622,-0.03656097173,15.50110003,-0,0.3310534045,0.03656097173,-0.07086535474,-0.1391153604,1.029071093,-5.662334417e-05,1.828048587,0.1391153604,5.662334417e-05,1.896355216,1.896355216,0.002920737184,0.09481776078,-0,2.876213977e-06,1.438106989e-06,-0,-3.83495197e-06,0.09481776078,-0,2.876213977e-06,1.438106989e-06,-0,-3.83495197e-06,0.09481776078,0,0,0,0,0,0
2.89,1,1,6.016080902e-05,3.73907817e-05,1.126517141e-05,0.0001416535384,3.139866925e-05,0.02907181214,0,0,0,0,0,0,0.02965296627,0.0006028090806,-0.005474021548,-0.0005811541254,-0.009062249108,-0.03685591551,15.50132578,-0,0.3310613685,0.03685591551,-0.05250218511,-0.1404768757,1.029071812,-5.626805686e-05,1.842795775,0.1404768757,5.626805686e-05,1.930826734,1.930826734,0.002879212206,0.0965413367,-0,1.438106989e-06,1.438106989e-06,4.793689962e-07,-2.396844981e-06,0.0965413367,-0,1.438106989e-06,1.438106989e-06,4.793689962e-07,-2.396844981e-06,0.0965413367,0,0,0,0,0,0
2.9,1,1,6.064017802e-05,3.691141271e-05,1.150485591e-05,0.0001416535384,3.187803825e-05,0.02907181214,0,0,0,0,0,0,0.02965872063,0.0005480608521,-0.00547559914,-0.0005869084882,-0.009152521664,-0.03716163774,15.50132578,-0,0.3310613685,0.03716163774,-0.03729522935,-0.14187622,1.029071812,-5.593393106e-05,1.858081887,0.14187622,5.593393106e-05,1.962718811,1.962718811,0.002838602219,0.09813594057,-9.587379924e-07,2.396844981e-06,9.587379924e-07,4.793689962e-07,-3.355582973e-06,0.09813594057,-9.587379924e-07,2.396844981e-06,9.587379924e-07,4.793689962e-07,-3.355582973e-06,0.09813594057,0,0,0,0,0,0
2.91,1,1,6.087986252e-05,3.715109721e-05,1.150485591e-05,0.0001411741694,3.115898475e-05,0.0290725312,0,0,0,0,0,0,0.02966392744,0.0004932975982,-0.005477026615,-0.0005913962388,-0.009223067189,-0.03738788005,15.50155154,-0,0.3310693325,0.03738788005,-0.02638214381,-0.1429718514,1.029072531,-5.548648371e-05,1.869394003,0.1429718514,5.548648371e-05,1.986039197,1.986039197,0.002798879871,0.09930195983,-1.438106989e-06,1.917475985e-06,9.587379924e-07,1.438106989e-06,-1.917475985e-06,0.09930195983,-1.438106989e-06,1.917475985e-06,9.587379924e-07,1.438106989e-06,-1.917475985e-06,0.09930195983,0,0,0,0,0,0
2.92,1,1,6.064017802e-05,3.691141271e-05,1.174454041e-05,0.0001414138539,3.187803825e-05,0.02907348994,0,0,0.001047197551,0,0,0,0.02966858654,0.0004385208204,-0.005478303934,-0.0005950966036,-0.009281311328,-0.03756470285,15.50185257,-0,0.3310799511,0.03756470285,-0.01833703774,-0.1438775198,1.02907349,-5.49736509e-05,1.878235143,0.1438775198,5.49736509e-05,2.003830598,2.003830598,0.002759979113,0.1001915299,-9.587379924e-07,2.396844981e-06,-0.0001042403861,9.587379924e-07,-3.355582973e-06,0.1001915299,-9.587379924e-07,2.396844981e-06,-0.0001042403861,9.587379924e-07,-3.355582973e-06,0.1001915299,0,0,0,0,0,0
2.93,1,1,6.135923152e-05,3.76304662e-05,1.126517141e-05,0.0001418932229,3.211772275e-05,0.02907420899,0,0,0,0,0,0,0.02967269781,0.0003837320202,-0.005479431063,-0.0005984888237,-0.009334680631,-0.037722178,15.50207835,-0,0.3310879151,0.037722178,-0.01213129382,-0.1447069505,1.029074209,-5.444151011e-05,1.8861089,0.1447069505,5.444151011e-05,2.018738998,2.018738998,0.002721873533,0.1009369499,-2.396844981e-06,9.587379924e-07,1.438106989e-06,-0,-3.83495197e-06,0.1009369499,-2.396844981e-06,9.587379924e-07,1.438106989e-06,-0,-3.83495197e-06,0.1009369499,0,0,0,0,0,0
2.94,1,1,6.135923152e-05,3.715109721e-05,1.174454041e-05,0.0001414138539,3.187803825e-05,0.0290756471,0,0,0,0,0,0,0.02967626114,0.0003289326998,-0.005480407971,-0.0006006140484,-0.00936830858,-0.03780012044,15.50252994,-0,0.331103843,0.03780012044,-0.008609791427,-0.1452324842,1.029075647,-5.380528784e-05,1.890006022,0.1452324842,5.380528784e-05,2.02668252,2.02668252,0.002684530656,0.101334126,-2.396844981e-06,1.917475985e-06,4.793689962e-07,9.587379924e-07,-3.355582973e-06,0.101334126,-2.396844981e-06,1.917475985e-06,4.793689962e-07,9.587379924e-07,-3.355582973e-06,0.101334126,0,0,0,0,0,0
2.95,1,1,5.920207103e-05,3.691141271e-05,1.126517141e-05,0.0001411741694,3.163835375e-05,0.02907780426,0,0,0,0,0,0,0.02967927644,0.0002741243616,-0.00548123463,-0.0006014721802,-0.009382190765,-0.03779851935,15.50320739,-0,0.3311277347,0.03779851935,-0.007073140018,-0.1454540492,1.029077804,-5.306790397e-05,1.889925967,0.1454540492,5.306790397e-05,2.028359944,2.028359944,0.002647856514,0.1014179972,1.917475985e-06,2.396844981e-06,1.438106989e-06,1.438106989e-06,-2.876213977e-06,0.1014179972,1.917475985e-06,2.396844981e-06,1.438106989e-06,1.438106989e-06,-2.876213977e-06,0.1014179972,0,0,0,0,0,0
2.96,1,1,6.064017802e-05,3.667172821e-05,1.126517141e-05,0.0001416535384,3.163835375e-05,0.02907900268,0,0,0,0,0,0,0.02968174361,0.0002193085081,-0.005481911019,-0.0006027409277,-0.009402335045,-0.03782267789,15.50358378,-0,0.3311410078,0.03782267789,-0.005372026475,-0.1457698891,1.029079003,-5.23794906e-05,1.891133894,0.1457698891,5.23794906e-05,2.031584136,2.031584136,0.002611849174,0.1015792068,-9.587379924e-07,2.876213977e-06,1.438106989e-06,4.793689962e-07,-2.876213977e-06,0.1015792068,-9.587379924e-07,2.876213977e-06,1.438106989e-06,4.793689962e-07,-2.876213977e-06,0.1015792068,0,0,0,0,0,0
2.97,1,1,5.992112453e-05,3.76304662e-05,1.102548691e-05,0.0001406948004,3.211772275e-05,0.02907900268,0,0,0,0,0,0,0.02968366259,0.0001644866422,-0.005482437118,-0.0006046599078,-0.009432456099,-0.03788763834,15.50358378,-0,0.3311410078,0.03788763834,-0.003167084451,-0.1462368734,1.029079003,-5.175896301e-05,1.894381917,0.1462368734,5.175896301e-05,2.037503465,2.037503465,0.002576501391,0.1018751732,4.793689962e-07,9.587379924e-07,1.917475985e-06,2.396844981e-06,-3.83495197e-06,0.1018751732,4.793689962e-07,9.587379924e-07,1.917475985e-06,2.396844981e-06,-3.83495197e-06,0.1018751732,0,0,0,0,0,0
2.98,1,1,6.040049352e-05,3.78701507e-05,1.198422491e-05,0.0001411741694,3.211772275e-05,0.02908139952,0,0,0,0,0,0,0.02968503332,0.0001096602668,-0.005482812914,-0.0006036338005,-0.00941681187,-0.0377677357,15.50433665,-0,0.3311675538,0.0377677357,-0.004714819706,-0.1460014214,1.0290814,-5.089947645e-05,1.888386785,0.1460014214,5.089947645e-05,2.029724286,2.029724286,0.002541757367,0.1014862143,-4.793689962e-07,4.793689962e-07,-0,1.438106989e-06,-3.83495197e-06,0.1014862143,-4.793689962e-07,4.793689962e-07,-0,1.438106989e-06,-3.83495197e-06,0.1014862143,0,0,0,0,0,0
2.99,1,1,6.064017802e-05,3.73907817e-05,1.126517141e-05,0.0001414138539,3.211772275e-05,0.02908283763,0,0,0,0,0,0,0.02968585578,5.483088497e-05,-0.005483038395,-0.0006030181511,-0.009407424995,-0.03767359069,15.50478842,-0,0.3311834814,0.03767359069,-0.005597130821,-0.1458601341,1.029082838,-5.008994216e-05,1.883679534,0.1458601341,5.008994216e-05,2.023992628,2.023992628,0.002507585141,0.1011996314,-9.587379924e-07,1.438106989e-06,1.438106989e-06,9.587379924e-07,-3.83495197e-06,0.1011996314,-9.587379924e-07,1.438106989e-06,1.438106989e-06,9.587379924e-07,-3.83495197e-06,0.1011996314,0,0,0,0,0,0
3,1,1,6.087986252e-05,3.691141271e-05,1.198422491e-05,0.0001414138539,3.163835375e-05,0.02908475511,0,0,0,0,0,0,0.02968612994,-5.224065314e-14,-0.005483113556,-0.0006013748302,-0.009381997893,-0.03751494404,15.50539083,-0,0.331204718,0.03751494404,-0.007514256576,-0.1454715441,1.029084755,-4.921001119e-05,1.875747202,0.1454715441,4.921001119e-05,2.0137537,2.0137537,0.0024739488,0.100687685,-1.438106989e-06,2.396844981e-06,-0,9.587379924e-07,-2.876213977e-06,0.100687685,-1.438106989e-06,2.396844981e-06,-0,9.587379924e-07,-2.876213977e-06,0.100687685,0,0,0,0,0,0
3.01,1,1,5.968144003e-05,3.619235921e-05,1.078580241e-05,0.0001411741694,3.211772275e-05,0.02908595353,0,0,0,0,0,0,0.02968585578,-5.483088508e-05,-0.005483038395,-0.0005999022527,-0.009359112121,-0.03736701543,15.50576737,-0,0.3312179908,0.03736701543,-0.008814745828,-0.1451202153,1.029085954,-4.835941625e-05,1.868350772,0.1451202153,4.835941625e-05,2.004704601,2.004704601,0.002440811681,0.10023523,9.587379924e-07,3.83495197e-06,2.396844981e-06,1.438106989e-06,-3.83495197e-06,0.10023523,9.587379924e-07,3.83495197e-06,2.396844981e-06,1.438106989e-06,-3.83495197e-06,0.10023523,0,0,0,0,0,0
3.02,1,1,6.016080902e-05,3.667172821e-05,1.174454041e-05,0.0001416535384,3.259709174e-05,0.02908811069,0,0,0,0,0,0,0.02968503332,-0.0001096602669,-0.005482812914,-0.0005969226345,-0.009312752615,-0.03712451833,15.50644521,-0,0.3312418818,0.03712451833,-0.01163912651,-0.1444076881,1.029088111,-4.740292703e-05,1.856225916,0.1444076881,4.740292703e-05,1.989041881,1.989041881,0.002408153881,0.09945209405,-0,2.876213977e-06,4.793689962e-07,4.793689962e-07,-4.793689962e-06,0.09945209405,-0,2.876213977e-06,4.793689962e-07,4.793689962e-07,-4.793689962e-06,0.09945209405,0,0,0,0,0,0
3.03,1,1,6.016080902e-05,3.667172821e-05,1.150485591e-05,0.0001418932229,3.115898475e-05,0.02908978848,0,0,0,0,0,0,0.02968366259,-0.0001644866423,-0.005482437118,-0.0005938741054,-0.009265219229,-0.03687771396,15.50697247,-0,0.3312604636,0.03687771396,-0.01406676356,-0.1436754995,1.029089788,-4.64580895e-05,1.843885698,0.1436754995,4.64580895e-05,1.973540892,1.973540892,0.00237594218,0.09867704461,-0,2.876213977e-06,9.587379924e-07,-0,-1.917475985e-06,0.09867704461,-0,2.876213977e-06,9.587379924e-07,-0,-1.917475985e-06,0.09867704461,0,0,0,0,0,0
3.04,1,1,6.135923152e-05,3.643204371e-05,1.174454041e-05,0.0001414138539,3.163835375e-05,0.02909242501,0,0,0,0,0,0,0.02968174361,-0.0002193085082,-0.005481911019,-0.0005893185958,-0.009194212491,-0.03653637852,15.50780112,-0,0.3312896634,0.03653637852,-0.01779404768,-0.1425820187,1.029092425,-4.541110726e-05,1.826818926,0.1425820187,4.541110726e-05,1.951652308,1.951652308,0.002344077023,0.09758261541,-2.396844981e-06,3.355582973e-06,4.793689962e-07,9.587379924e-07,-2.876213977e-06,0.09758261541,-2.396844981e-06,3.355582973e-06,4.793689962e-07,9.587379924e-07,-2.876213977e-06,0.09758261541,0,0,0,0,0,0
3.05,1,1,6.111954702e-05,3.691141271e-05,1.198422491e-05,0.0001421329074,3.163835375e-05,0.0290941028,0,0,0,0,0,0,0.02967927644,-0.0002741243617,-0.00548123463,-0.0005851736343,-0.009129469293,-0.03622083702,15.5083285,-0,0.3313082449,0.03622083702,-0.02031418252,-0.1415828089,1.029094103,-4.441541231e-05,1.811041851,0.1415828089,4.441541231e-05,1.932354893,1.932354893,0.002312641583,0.09661774464,-1.917475985e-06,2.396844981e-06,-0,-4.793689962e-07,-2.876213977e-06,0.09661774464,-1.917475985e-06,2.396844981e-06,-0,-4.793689962e-07,-2.876213977e-06,0.09661774464,0,0,0,0,0,0
3.06,1,1,6.064017802e-05,3.715109721e-05,1.198422491e-05,0.0001409344849,3.259709174e-05,0.02909578059,0,0,0,0,0,0,0.02967626114,-0.0003289326999,-0.005480407971,-0.0005804805506,-0.009056124746,-0.03587094816,15.50885594,-0,0.3313268264,0.03587094816,-0.02305025364,-0.140450134,1.029095781,-4.339591392e-05,1.793547408,0.140450134,4.339591392e-05,1.910990684,1.910990684,0.002281584361,0.0955495342,-9.587379924e-07,1.917475985e-06,-0,1.917475985e-06,-4.793689962e-06,0.0955495342,-9.587379924e-07,1.917475985e-06,-0,1.917475985e-06,-4.793689962e-06,0.0955495342,0,0,0,0,0,0
3.07,1,1,6.016080902e-05,3.643204371e-05,1.126517141e-05,0.0001416535384,3.163835375e-05,0.02909673933,0,0,0,0,0,0,0.02967269781,-0.0003837320203,-0.005479431063,-0.0005759584809,-0.00898533375,-0.03553182937,15.50915735,-0,0.3313374444,0.03553182937,-0.02506803643,-0.139354955,1.029096739,-4.240744036e-05,1.776591468,0.139354955,4.240744036e-05,1.890920795,1.890920795,0.002250884309,0.09454603973,-0,3.355582973e-06,1.438106989e-06,4.793689962e-07,-2.876213977e-06,0.09454603973,-0,3.355582973e-06,1.438106989e-06,4.793689962e-07,-2.876213977e-06,0.09454603973,0,0,0,0,0,0
3.08,1,1,6.016080902e-05,3.73907817e-05,1.126517141e-05,0.0001418932229,3.187803825e-05,0.02909793775,0,0,0,0,0,0,0.02966858654,-0.0004385208205,-0.005478303934,-0.0005706487848,-0.008902230955,-0.03514335964,15.50953414,-0,0.3313507167,0.03514335964,-0.02761057573,-0.1380694549,1.029097938,-4.137834641e-05,1.757167982,0.1380694549,4.137834641e-05,1.86766824,1.86766824,0.002220526213,0.09338341198,-0,1.438106989e-06,1.438106989e-06,-0,-3.355582973e-06,0.09338341198,-0,1.438106989e-06,1.438106989e-06,-0,-3.355582973e-06,0.09338341198,0,0,0,0,0,0
3.09,1,1,6.064017802e-05,3.715109721e-05,1.150485591e-05,0.0001416535384,3.163835375e-05,0.02909937586,0,0,0,0,0,0,0.02966392744,-0.0004932975983,-0.005477026615,-0.000564551575,-0.00880682005,-0.03470556634,15.50998632,-0,0.3313666436,0.03470556634,-0.03060657996,-0.1365936585,1.029099376,-4.031031825e-05,1.735278317,0.1365936585,4.031031825e-05,1.841305706,1.841305706,0.002190482273,0.09206528528,-9.587379924e-07,1.917475985e-06,9.587379924e-07,4.793689962e-07,-2.876213977e-06,0.09206528528,-9.587379924e-07,1.917475985e-06,9.587379924e-07,4.793689962e-07,-2.876213977e-06,0.09206528528,0,0,0,0,0,0
3.1,1,1,6.087986252e-05,3.715109721e-05,1.174454041e-05,0.0001409344849,3.163835375e-05,0.02910057428,0,0,0,0,0,0,0.02965872063,-0.0005480608522,-0.00547559914,-0.0005581463484,-0.008706540418,-0.03424853373,15.51036317,-0,0.3313799158,0.03424853373,-0.03334311055,-0.1350416038,1.029100574,-3.923930614e-05,1.712426686,0.1350416038,3.923930614e-05,1.814164419,1.814164419,0.002160720327,0.09070822094,-1.438106989e-06,1.917475985e-06,4.793689962e-07,1.917475985e-06,-2.876213977e-06,0.09070822094,-1.438106989e-06,1.917475985e-06,4.793689962e-07,1.917475985e-06,-2.876213977e-06,0.09070822094,0,0,0,0,0,0
3.11,1,1,6.135923152e-05,3.667172821e-05,1.198422491e-05,0.0001406948004,3.235740724e-05,0.02910201239,0,0,0,0,0,0,0.02965296627,-0.0006028090807,-0.005474021548,-0.0005509538786,-0.008593961974,-0.03374223211,15.51081541,-0,0.3313958425,0.03374223211,-0.03643955648,-0.1332993578,1.029102012,-3.813182941e-05,1.687111606,0.1332993578,3.813182941e-05,1.784009539,1.784009539,0.002131222829,0.08920047694,-2.396844981e-06,2.876213977e-06,-0,2.396844981e-06,-4.314320966e-06,0.08920047694,-2.396844981e-06,2.876213977e-06,-0,2.396844981e-06,-4.314320966e-06,0.08920047694,0,0,0,0,0,0
3.12,1,1,6.159891601e-05,3.715109721e-05,1.174454041e-05,0.0001406948004,3.163835375e-05,0.02910297113,0,0,0,0,0,0,0.02964666451,-0.000657540783,-0.005472293884,-0.0005436933769,-0.008480243333,-0.03323176285,15.51111693,-0,0.3314064603,0.03323176285,-0.0391684575,-0.1315380459,1.029102971,-3.704032571e-05,1.661588142,0.1315380459,3.704032571e-05,1.753994771,1.753994771,0.002101999387,0.08769973855,-2.876213977e-06,1.917475985e-06,4.793689962e-07,2.396844981e-06,-2.876213977e-06,0.08769973855,-2.876213977e-06,1.917475985e-06,4.793689962e-07,2.396844981e-06,-2.876213977e-06,0.08769973855,0,0,0,0,0,0
3.13,1,1,6.040049352e-05,3.643204371e-05,1.24635939e-05,0.0001404551159,3.211772275e-05,0.02910488861,0,0,0,0,0,0,0.02963981551,-0.0007122544583,-0.005470416194,-0.0005349269091,-0.0083430838,-0.03262702531,15.51172001,-0,0.3314276957,0.03262702531,-0.04310345416,-0.1294155799,1.029104889,-3.586506254e-05,1.631351265,0.1294155799,3.586506254e-05,1.717699256,1.717699256,0.002073001274,0.08588496281,-4.793689962e-07,3.355582973e-06,-9.587379924e-07,2.876213977e-06,-3.83495197e-06,0.08588496281,-4.793689962e-07,3.355582973e-06,-9.587379924e-07,2.876213977e-06,-3.83495197e-06,0.08588496281,0,0,0,0,0,0
3.14,1,1,6.087986252e-05,3.715109721e-05,1.150485591e-05,0.0001411741694,3.187803825e-05,0.02910536797,0,0,0,0,0,0,0.02963241948,-0.0007669486069,-0.00546838853,-0.0005270515078,-0.008219668675,-0.03207824818,15.51187079,-0,0.3314330046,0.03207824818,-0.04525113547,-0.1275024384,1.029105368,-3.477256092e-05,1.603912409,0.1275024384,3.477256092e-05,1.686198485,1.686198485,0.002044219779,0.08430992423,-1.438106989e-06,1.917475985e-06,9.587379924e-07,1.438106989e-06,-3.355582973e-06,0.08430992423,-1.438106989e-06,1.917475985e-06,9.587379924e-07,1.438106989e-06,-3.355582973e-06,0.08430992423,0,0,0,0,0,0
3.15,1,1,5.968144003e-05,3.715109721e-05,1.174454041e-05,0.0001404551159,3.211772275e-05,0.02910584734,0,0,0,0,0,0,0.02962447661,-0.0008216217292,-0.005466210947,-0.000518629269,-0.00808769809,-0.03149533386,15.51202158,-0,0.3314383134,0.03149533386,-0.04769189971,-0.1254565473,1.029105847,-3.366427197e-05,1.574766693,0.1254565473,3.366427197e-05,1.652565005,1.652565005,0.002015673908,0.08262825024,9.587379924e-07,1.917475985e-06,4.793689962e-07,2.876213977e-06,-3.83495197e-06,0.08262825024,9.587379924e-07,1.917475985e-06,4.793689962e-07,2.876213977e-06,-3.83495197e-06,0.08262825024,0,0,0,0,0,0
3.16,1,1,6.040049352e-05,3.715109721e-05,1.174454041e-05,0.0001416535384,3.187803825e-05,0.02910560766,0,0,0,0,0,0,0.02961598712,-0.0008762723263,-0.005463883505,-0.0005103794638,-0.007958333667,-0.03092334904,15.51194618,-0,0.331435659,0.03092334904,-0.04949828279,-0.1234492436,1.029105608,-3.258876702e-05,1.546167452,0.1234492436,3.258876702e-05,1.620151001,1.620151001,0.00198735336,0.08100755007,-4.793689962e-07,1.917475985e-06,4.793689962e-07,4.793689962e-07,-3.355582973e-06,0.08100755007,-4.793689962e-07,1.917475985e-06,4.793689962e-07,4.793689962e-07,-3.355582973e-06,0.08100755007,0,0,0,0,0,0
3.17,1,1,6.064017802e-05,3.715109721e-05,1.198422491e-05,0.0001421329074,3.211772275e-05,0.02910584734,0.001047197551,0,0,0,0,0,0.02960695125,-0.0009308989,-0.005461406268,-0.0005011039026,-0.007812993656,-0.03028726495,15.51202158,-0,0.3314383134,0.03028726495,-0.05208215728,-0.1211953262,1.029105847,-3.146714881e-05,1.514363247,0.1211953262,3.146714881e-05,1.583507883,1.583507883,0.001959234171,0.07917539417,-0.0001056784931,1.917475985e-06,-0,-4.793689962e-07,-3.83495197e-06,0.07917539417,-0.0001056784931,1.917475985e-06,-0,-4.793689962e-07,-3.83495197e-06,0.07917539417,0,0,0,0,0,0
3.18,1,1,6.111954702e-05,3.73907817e-05,1.102548691e-05,0.0001416535384,3.139866925e-05,0.02910704577,0,0,0,0,0,0.001047197551,0.02959736923,-0.0009854999526,-0.005458779304,-0.0004903234639,-0.00764425048,-0.02850993266,15.51239856,-0,0.3314515854,0.02955713022,-0.05600416114,-0.1185806601,1.030154517,-2.925817342e-05,1.425496633,0.1185806601,2.925817342e-05,1.48810239,1.48810239,0.001931253755,0.07440511952,-1.917475985e-06,1.438106989e-06,1.917475985e-06,4.793689962e-07,-2.396844981e-06,0.07440511952,-1.917475985e-06,1.438106989e-06,1.917475985e-06,4.793689962e-07,-2.396844981e-06,0.07440511952,0,0,0,0,0,0
3.19,1,1,6.087986252e-05,3.73907817e-05,1.24635939e-05,0.0001414138539,3.211772275e-05,0.02910776482,0,0,0,0,0,0,0.02958724134,-0.001040073987,-0.005456002685,-0.0004794765176,-0.007474421369,-0.02882303176,15.51262475,-0,0.3314595486,0.02882303176,-0.05914066971,-0.1159478939,1.029107765,-2.909426473e-05,1.441151588,0.1159478939,2.909426473e-05,1.497987907,1.497987907,0.001903461778,0.07489939533,-1.438106989e-06,1.438106989e-06,-9.587379924e-07,9.587379924e-07,-3.83495197e-06,0.07489939533,-1.438106989e-06,1.438106989e-06,-9.587379924e-07,9.587379924e-07,-3.83495197e-06,0.07489939533,0,0,0,0,0,0
3.2,1,1,5.968144003e-05,3.715109721e-05,1.174454041e-05,0.0001416535384,3.163835375e-05,0.02910728545,0,0,0,0,0,0,0.02957656784,-0.001094619508,-0.005453076486,-0.0004692823947,-0.007314670717,-0.0281299829,15.51247395,-0,0.3314542398,0.0281299829,-0.0609713246,-0.113468639,1.029107285,-2.798303221e-05,1.406499145,0.113468639,2.798303221e-05,1.459024442,1.459024442,0.001875845646,0.07295122212,9.587379924e-07,1.917475985e-06,4.793689962e-07,4.793689962e-07,-2.876213977e-06,0.07295122212,9.587379924e-07,1.917475985e-06,4.793689962e-07,4.793689962e-07,-2.876213977e-06,0.07295122212,0,0,0,0,0,0
3.21,1,1,5.824333304e-05,3.76304662e-05,1.126517141e-05,0.0001411741694,3.187803825e-05,0.02910752513,0,0,0,0,0,0,0.02956534905,-0.001149135019,-0.005450000789,-0.000457823912,-0.007135263821,-0.02735802652,15.51254935,-0,0.3314568942,0.02735802652,-0.06393078887,-0.1106861322,1.029107525,-2.681728354e-05,1.367901326,0.1106861322,2.681728354e-05,1.414683487,1.414683487,0.001848399216,0.07073417433,3.83495197e-06,9.587379924e-07,1.438106989e-06,1.438106989e-06,-3.355582973e-06,0.07073417433,3.83495197e-06,9.587379924e-07,1.438106989e-06,1.438106989e-06,-3.355582973e-06,0.07073417433,0,0,0,0,0,0
3.22,1,1,6.064017802e-05,3.76304662e-05,1.174454041e-05,0.0001421329074,3.187803825e-05,0.0291080045,0,0,0,0,0,0,0.02955358525,-0.001203619025,-0.005446775677,-0.0004455807459,-0.006943647575,-0.0265372217,15.51270016,-0,0.331462203,0.0265372217,-0.06727785069,-0.1077147228,1.029108005,-2.562895944e-05,1.326861085,0.1077147228,2.562895944e-05,1.367323586,1.367323586,0.001821103322,0.0683661793,-9.587379924e-07,9.587379924e-07,4.793689962e-07,-4.793689962e-07,-3.355582973e-06,0.0683661793,-9.587379924e-07,9.587379924e-07,4.793689962e-07,-4.793689962e-07,-3.355582973e-06,0.0683661793,0,0,0,0,0,0
3.23,1,1,6.087986252e-05,3.73907817e-05,1.174454041e-05,0.0001406948004,3.163835375e-05,0.02910824419,0,-0.001047197551,0,0,0,0,0.02954127678,-0.001258070034,-0.00544340124,-0.000433032588,-0.006747269471,-0.02569760006,15.51277556,-0,0.3314648574,0.02569760006,-0.07034316035,-0.1046688769,1.029108244,-2.444834912e-05,1.284880003,0.1046688769,2.444834912e-05,1.319230168,1.319230168,0.001793946224,0.06596150841,-1.438106989e-06,0.0001061578621,4.793689962e-07,2.396844981e-06,-2.876213977e-06,0.06596150841,-1.438106989e-06,0.0001061578621,4.793689962e-07,2.396844981e-06,-2.876213977e-06,0.06596150841,0,0,0,0,0,0
3.24,1,1,6.087986252e-05,3.73907817e-05,1.174454041e-05,0.0001414138539,3.187803825e-05,0.0291080045,0,0,0,0,0,0,0.02952842396,-0.001312486553,-0.005439877568,-0.0004204194602,-0.006549859456,-0.02485418122,15.51270016,-0,0.331462203,0.02485418122,-0.07293380463,-0.1016060058,1.029108005,-2.329023613e-05,1.242709061,0.1016060058,2.329023613e-05,1.271404552,1.271404552,0.0017669355,0.06357022761,-1.438106989e-06,1.438106989e-06,4.793689962e-07,9.587379924e-07,-3.355582973e-06,0.06357022761,-1.438106989e-06,1.438106989e-06,4.793689962e-07,9.587379924e-07,-3.355582973e-06,0.06357022761,0,0,0,0,0,0
3.25,1,1,6.064017802e-05,3.643204371e-05,1.126517141e-05,0.0001416535384,3.163835375e-05,0.02910872356,0,0,0,0,0,0,0.02951502716,-0.001366867089,-0.00543620476,-0.0004063036078,-0.006329120731,-0.02391713074,15.51292637,-0,0.3314701662,0.02391713074,-0.07678537609,-0.09818318387,1.029108724,-2.207164924e-05,1.195856537,0.09818318387,2.207164924e-05,1.217276416,1.217276416,0.001740059774,0.06086382082,-9.587379924e-07,3.355582973e-06,1.438106989e-06,4.793689962e-07,-2.876213977e-06,0.06086382082,-9.587379924e-07,3.355582973e-06,1.438106989e-06,4.793689962e-07,-2.876213977e-06,0.06086382082,0,0,0,0,0,0
3.26,1,1,6.064017802e-05,3.547330572e-05,1.150485591e-05,0.0001406948004,3.139866925e-05,0.02910848387,0,0,0,0,0,0,0.02950108675,-0.001421210151,-0.005432382915,-0.0003926028743,-0.006114811482,-0.02300633472,15.51285096,-0,0.3314675118,0.02300633472,-0.07939086713,-0.09485815919,1.029108484,-2.090507272e-05,1.150316736,0.09485815919,2.090507272e-05,1.165804933,1.165804933,0.00171331049,0.05829024665,-9.587379924e-07,5.273058958e-06,9.587379924e-07,2.396844981e-06,-2.396844981e-06,0.05829024665,-9.587379924e-07,5.273058958e-06,9.587379924e-07,2.396844981e-06,-2.396844981e-06,0.05829024665,0,0,0,0,0,0
3.27,1,1,6.016080902e-05,3.691141271e-05,1.198422491e-05,0.0001409344849,3.187803825e-05,0.02910872356,0,0,0,0,0,0,0.02948660309,-0.001475514251,-0.005428412139,-0.0003778795347,-0.005884635807,-0.02203198916,15.51292637,-0,0.3314701662,0.02203198916,-0.08266572904,-0.09128792198,1.029108724,-1.970906584e-05,1.101599458,0.09128792198,1.970906584e-05,1.11024136,1.11024136,0.001686695395,0.055512068,-0,2.396844981e-06,-0,1.917475985e-06,-3.355582973e-06,0.055512068,-0,2.396844981e-06,-0,1.917475985e-06,-3.355582973e-06,0.055512068,0,0,0,0,0,0
3.28,1,1,5.968144003e-05,3.547330572e-05,1.150485591e-05,0.0001406948004,3.211772275e-05,0.02910872356,0,0,0,0,0,0,0.0294715766,-0.001529777898,-0.00542429254,-0.0003628530396,-0.00564976204,-0.02103906888,15.51292637,-0,0.3314701662,0.02103906888,-0.08568428792,-0.08764434252,1.029108724,-1.852566492e-05,1.051953444,0.08764434252,1.852566492e-05,1.053932024,1.053932024,0.001660214923,0.05269660121,9.587379924e-07,5.273058958e-06,9.587379924e-07,2.396844981e-06,-3.83495197e-06,0.05269660121,9.587379924e-07,5.273058958e-06,9.587379924e-07,2.396844981e-06,-3.83495197e-06,0.05269660121,0,0,0,0,0,0
3.29,1,1,6.111954702e-05,3.691141271e-05,1.150485591e-05,0.0001414138539,3.139866925e-05,0.02910896324,0,0,0,0,0,0,0.02945600767,-0.001583999606,-0.005420024231,-0.000347044432,-0.005402767998,-0.01999770403,15.51300177,-0,0.3314728206,0.01999770403,-0.08903252696,-0.08381314954,1.029108963,-1.732959472e-05,0.9998852017,0.08381314954,1.732959472e-05,0.9946831538,0.9946831538,0.001633870194,0.04973415769,-1.917475985e-06,2.396844981e-06,9.587379924e-07,9.587379924e-07,-2.396844981e-06,0.04973415769,-1.917475985e-06,2.396844981e-06,9.587379924e-07,9.587379924e-07,-2.396844981e-06,0.04973415769,0,0,0,0,0,0
3.3,1,1,6.087986252e-05,3.667172821e-05,1.22239094e-05,0.0001416535384,3.187803825e-05,0.02910896324,0,0,0,0,0,0,0.02943989675,-0.001638177887,-0.00541560733,-0.0003309335078,-0.005151104843,-0.01893787718,15.51300177,-0,0.3314728206,0.01893787718,-0.09214293637,-0.07990909856,1.029108963,-1.614827042e-05,0.946893859,0.07990909856,1.614827042e-05,0.9346761695,0.9346761695,0.00160766856,0.04673380847,-1.438106989e-06,2.876213977e-06,-4.793689962e-07,4.793689962e-07,-3.355582973e-06,0.04673380847,-1.438106989e-06,2.876213977e-06,-4.793689962e-07,4.793689962e-07,-3.355582973e-06,0.04673380847,0,0,0,0,0,0
3.31,1,1,6.064017802e-05,3.691141271e-05,1.102548691e-05,0.0001426122764,3.211772275e-05,0.02910824419,0,0,0,0,0,0,0.02942324427,-0.001692311257,-0.005411041957,-0.0003150000775,-0.004902224174,-0.01788953149,15.51277556,-0,0.3314648574,0.01788953149,-0.09452841931,-0.07604710334,1.029108244,-1.500746378e-05,0.8944765747,0.07604710334,1.500746378e-05,0.8760102662,0.8760102662,0.001581625251,0.04380051331,-9.587379924e-07,2.396844981e-06,1.917475985e-06,-1.438106989e-06,-3.83495197e-06,0.04380051331,-9.587379924e-07,2.396844981e-06,1.917475985e-06,-1.438106989e-06,-3.83495197e-06,0.04380051331,0,0,0,0,0,0
3.32,1,1,6.064017802e-05,3.78701507e-05,1.078580241e-05,0.0001411741694,3.163835375e-05,0.02910824419,0,0,0,0,0,0,0.02940605068,-0.001746398232,-0.005406328237,-0.0002978064908,-0.004633832503,-0.01676303275,15.51277556,-0,0.3314648574,0.01676303275,-0.09791381093,-0.0718836036,1.029108244,-1.383254643e-05,0.8381516374,0.0718836036,1.383254643e-05,0.8121352626,0.8121352626,0.001555741014,0.04060676313,-9.587379924e-07,4.793689962e-07,2.396844981e-06,1.438106989e-06,-2.876213977e-06,0.04060676313,-9.587379924e-07,4.793689962e-07,2.396844981e-06,1.438106989e-06,-2.876213977e-06,0.04060676313,0,0,0,0,0,0
3.33,1,1,6.040049352e-05,3.73907817e-05,1.126517141e-05,0.0001416535384,3.211772275e-05,0.02910848387,0,0,0,0,0,0,0.02938831646,-0.001800437328,-0.005401466301,-0.000279832588,-0.004353382443,-0.01558837035,15.51285096,-0,0.3314675118,0.01558837035,-0.1015763032,-0.06753337303,1.029108484,-1.265076351e-05,0.7794185175,0.06753337303,1.265076351e-05,0.7453882381,0.7453882381,0.001530016294,0.03726941191,-4.793689962e-07,1.438106989e-06,1.438106989e-06,4.793689962e-07,-3.83495197e-06,0.03726941191,-4.793689962e-07,1.438106989e-06,1.438106989e-06,4.793689962e-07,-3.83495197e-06,0.03726941191,0,0,0,0,0,0
3.34,1,1,6.016080902e-05,3.81098352e-05,1.054611792e-05,0.0001411741694,3.163835375e-05,0.02910824419,0,0,0,0,0,0,0.0293700421,-0.001854427064,-0.00539645628,-0.0002617979087,-0.004072045215,-0.01441042281,15.51277556,-0,0.3314648574,0.01441042281,-0.1046428994,-0.06316872348,1.029108244,-1.149967006e-05,0.7205211403,0.06316872348,1.149967006e-05,0.6790584641,0.6790584641,0.001504463724,0.0339529232,-0,-0,2.876213977e-06,1.438106989e-06,-2.876213977e-06,0.0339529232,-0,-0,2.876213977e-06,1.438106989e-06,-2.876213977e-06,0.0339529232,0,0,0,0,0,0
3.35,1,1,6.040049352e-05,3.73907817e-05,1.102548691e-05,0.0001418932229,3.163835375e-05,0.02910776482,0,0,0,0,0,0,0.02935122809,-0.00190836596,-0.005391298313,-0.0002434632696,-0.003786119741,-0.01321430224,15.51262475,-0,0.3314595486,0.01321430224,-0.1074347253,-0.05873265481,1.029107765,-1.036749661e-05,0.6607151122,0.05873265481,1.036749661e-05,0.6120234092,0.6120234092,0.001479095596,0.03060117046,-4.793689962e-07,1.438106989e-06,1.917475985e-06,-0,-2.876213977e-06,0.03060117046,-4.793689962e-07,1.438106989e-06,1.917475985e-06,-0,-2.876213977e-06,0.03060117046,0,0,0,0,0,0
3.36,1,1,6.111954702e-05,3.715109721e-05,1.126517141e-05,0.0001411741694,3.235740724e-05,0.02910824419,0,0,0,0,0,0,0.02933187495,-0.001962252538,-0.005385992541,-0.0002236307639,-0.003477032917,-0.01192547089,15.51277556,-0,0.3314648574,0.01192547089,-0.1113346275,-0.05393843125,1.029108244,-9.197214175e-06,0.5962735443,0.05393843125,9.197214175e-06,0.5388865452,0.5388865452,0.001453918136,0.02694432726,-1.917475985e-06,1.917475985e-06,1.438106989e-06,1.438106989e-06,-4.314320966e-06,0.02694432726,-1.917475985e-06,1.917475985e-06,1.438106989e-06,1.438106989e-06,-4.314320966e-06,0.02694432726,0,0,0,0,0,0
3.37,1,1,6.064017802e-05,3.667172821e-05,1.22239094e-05,0.0001409344849,3.163835375e-05,0.02910824419,0,0,0,0,0,0,0.02931198322,-0.002016085319,-0.005380539109,-0.0002037390292,-0.003167111778,-0.01063355176,15.51277556,-0,0.3314648574,0.01063355176,-0.1146383243,-0.04913069418,1.029108244,-8.060152888e-06,0.531677588,0.04913069418,8.060152888e-06,0.466178018,0.466178018,0.00142895211,0.0233089009,-9.587379924e-07,2.876213977e-06,-4.793689962e-07,1.917475985e-06,-2.876213977e-06,0.0233089009,-9.587379924e-07,2.876213977e-06,-4.793689962e-07,1.917475985e-06,-2.876213977e-06,0.0233089009,0,0,0,0,0,0
3.38,1,1,5.968144003e-05,3.667172821e-05,1.150485591e-05,0.0001416535384,3.235740724e-05,0.02910776482,0,0,0,0.001047197551,0,0,0.02929155343,-0.002069862828,-0.005374938166,-0.0001837886108,-0.002856374909,-0.009338584499,15.51262475,-0,0.3314595486,0.009338584499,-0.1173754668,-0.04430987212,1.029107765,-6.956128053e-06,0.4669292249,0.04430987212,6.956128053e-06,0.3938705863,0.3938705863,0.001404215591,0.01969352932,9.587379924e-07,2.876213977e-06,9.587379924e-07,-0.0001042403861,-4.314320966e-06,0.01969352932,9.587379924e-07,2.876213977e-06,9.587379924e-07,-0.0001042403861,-4.314320966e-06,0.01969352932,0,0,0,0,0,0
3.39,1,1,5.920207103e-05,3.73907817e-05,1.126517141e-05,0.0001416535384,3.187803825e-05,0.0291080045,0,0,0,0,0,0,0.02927058615,-0.002123583591,-0.005369189867,-0.0001625816463,-0.002526250603,-0.007966112838,15.51270016,-0,0.331462203,0.007966112838,-0.1210014745,-0.03918896812,1.029108005,-5.830386467e-06,0.3983056419,0.03918896812,5.830386467e-06,0.3164989659,0.3164989659,0.001379724589,0.01582494829,1.917475985e-06,1.438106989e-06,1.438106989e-06,4.793689962e-07,-3.355582973e-06,0.01582494829,1.917475985e-06,1.438106989e-06,1.438106989e-06,4.793689962e-07,-3.355582973e-06,0.01582494829,0,0,0,0,0,0
3.4,1,1,6.087986252e-05,3.73907817e-05,1.078580241e-05,0.0001414138539,3.163835375e-05,0.02910728545,0,0,0,0,0,0,0.02924908195,-0.002177246135,-0.00536329437,-0.000141796502,-0.002202785356,-0.006620524862,15.51247395,-0,0.3314542398,0.006620524862,-0.123532614,-0.03417065046,1.029107285,-4.760534502e-06,0.3310262431,0.03417065046,4.760534502e-06,0.2416690401,0.2416690401,0.001355503698,0.012083452,-1.438106989e-06,1.438106989e-06,2.396844981e-06,9.587379924e-07,-2.876213977e-06,0.012083452,-1.438106989e-06,1.438106989e-06,2.396844981e-06,9.587379924e-07,-2.876213977e-06,0.012083452,0,0,0,0,0,0
3.41,1,1,6.016080902e-05,3.81098352e-05,1.198422491e-05,0.0001404551159,3.211772275e-05,0.02910776482,0,0,0,0,0,0,0.02922704143,-0.002230848988,-0.005357251834,-0.0001192766071,-0.001852536011,-0.005167850537,15.51262475,-0,0.3314595486,0.005167850537,-0.1275300465,-0.02873769598,1.029107765,-3.650406118e-06,0.2583925269,0.02873769598,3.650406118e-06,0.1596038267,0.1596038267,0.001331570021,0.007980191335,-0,-0,-0,2.876213977e-06,-3.83495197e-06,0.007980191335,-0,-0,-0,2.876213977e-06,-3.83495197e-06,0.007980191335,0,0,0,0,0,0
3.42,1,1,6.040049352e-05,3.76304662e-05,1.198422491e-05,0.0001409344849,3.211772275e-05,0.02910728545,0,0,0,0,0,0,0.02920446518,-0.002284390682,-0.005351062427,-9.717972613e-05,-0.001508986094,-0.003742186103,15.51247395,-0,0.3314542398,0.003742186103,-0.1303338476,-0.02340810748,1.029107285,-2.596486753e-06,0.1871093052,0.02340810748,2.596486753e-06,0.08018616148,0.08018616148,0.001307948604,0.004009308074,-4.793689962e-07,9.587379924e-07,-0,1.917475985e-06,-3.83495197e-06,0.004009308074,-4.793689962e-07,9.587379924e-07,-0,1.917475985e-06,-3.83495197e-06,0.004009308074,0,0,0,0,0,0
3.43,1,1,6.111954702e-05,3.78701507e-05,1.150485591e-05,0.0001411741694,3.211772275e-05,0.02910704577,0,0,0,0,0,0,0.02918135382,-0.002337869748,-0.005344726318,-7.430805567e-05,-0.001153565887,-0.00226917566,15.51239856,-0,0.3314515854,0.00226917566,-0.1334833442,-0.01789457381,1.029107046,-1.546429579e-06,0.113458783,0.01789457381,1.546429579e-06,-0.002128440963,-0.002128440963,0.001284664941,-0.0001064220481,-1.917475985e-06,4.793689962e-07,9.587379924e-07,1.438106989e-06,-3.83495197e-06,-0.0001064220481,-1.917475985e-06,4.793689962e-07,9.587379924e-07,1.438106989e-06,-3.83495197e-06,-0.0001064220481,0,0,0,0,0,0
3.44,1,1,6.111954702e-05,3.715109721e-05,1.126517141e-05,0.0001414138539,3.163835375e-05,0.02910728545,0,0,0,0,0,0,0.02915770799,-0.00239128472,-0.00533824368,-5.042254481e-05,-0.0007825787054,-0.0007340644082,15.51247395,-0,0.3314542398,0.0007340644082,-0.1371920546,-0.01213973178,1.029107285,-4.913369359e-07,0.03670322041,0.01213973178,4.913369359e-07,-0.08834861111,-0.08834861111,0.001261745164,-0.004417430556,-1.917475985e-06,1.917475985e-06,1.438106989e-06,9.587379924e-07,-2.876213977e-06,-0.004417430556,-1.917475985e-06,1.917475985e-06,1.438106989e-06,9.587379924e-07,-2.876213977e-06,-0.004417430556,0,0,0,0,0,0
3.45,1,1,6.040049352e-05,3.76304662e-05,1.126517141e-05,0.0001416535384,3.163835375e-05,0.02910680608,0,0,0,0,0,0,0.02913352835,-0.002444634134,-0.005331614692,-2.67222643e-05,-0.0004146367818,0.0007887302758,15.51232316,-0,0.331448931,-0.0007887302758,-0.1399666035,-0.006431979752,1.029106806,5.185009406e-07,-0.03943651379,0.006431979752,-5.185009406e-07,-0.1729716561,-0.1729716561,0.001239218449,-0.008648582803,-4.793689962e-07,9.587379924e-07,1.438106989e-06,4.793689962e-07,-2.876213977e-06,-0.008648582803,-4.793689962e-07,9.587379924e-07,1.438106989e-06,4.793689962e-07,-2.876213977e-06,-0.008648582803,0,0,0,0,0,0
3.46,1,1,6.064017802e-05,3.78701507e-05,1.174454041e-05,0.0001409344849,3.187803825e-05,0.02910704577,0,0,0,0,0,0,0.02910881554,-0.002497916527,-0.005324839535,-1.769770039e-06,-2.745387176e-05,0.002388278463,15.51239856,-0,0.3314515854,-0.002388278463,-0.1436319049,-0.0004258754006,1.029107046,1.542015772e-06,-0.1194139231,0.0004258754006,-1.542015772e-06,-0.2626214947,-0.2626214947,0.001217115878,-0.01313107473,-9.587379924e-07,4.793689962e-07,4.793689962e-07,1.917475985e-06,-3.355582973e-06,-0.01313107473,-9.587379924e-07,4.793689962e-07,4.793689962e-07,1.917475985e-06,-3.355582973e-06,-0.01313107473,0,0,0,0,0,0
3.47,1,1,6.040049352e-05,3.691141271e-05,1.150485591e-05,0.0001409344849,3.235740724e-05,0.02910680608,0,0,0,0,0,0,0.02908357024,-0.002551130438,-0.005317918395,2.323583796e-05,0.0003603569571,0.00399021188,15.51232316,-0,0.331448931,-0.00399021188,-0.1466567095,0.00558997357,1.029106806,2.530483799e-06,-0.199510594,-0.00558997357,-2.530483799e-06,-0.3517598076,-0.3517598076,0.001195470485,-0.01758799038,-4.793689962e-07,2.396844981e-06,9.587379924e-07,1.917475985e-06,-4.314320966e-06,-0.01758799038,-4.793689962e-07,2.396844981e-06,9.587379924e-07,1.917475985e-06,-4.314320966e-06,-0.01758799038,0,0,0,0,0,0
3.48,1,1,6.087986252e-05,3.619235921e-05,1.126517141e-05,0.0001411741694,3.163835375e-05,0.02910704577,0,0,0,0,0,0,0.02905779316,-0.002604274409,-0.005310851461,4.925260558e-05,0.00076364487,0.005653814885,15.51239856,-0,0.3314515854,-0.005653814885,-0.1502799906,0.01184596358,1.029107046,3.522012981e-06,-0.2826907443,-0.01184596358,-3.522012981e-06,-0.4448202205,-0.4448202205,0.001174316642,-0.02224101102,-1.438106989e-06,3.83495197e-06,1.438106989e-06,1.438106989e-06,-2.876213977e-06,-0.02224101102,-1.438106989e-06,3.83495197e-06,1.438106989e-06,1.438106989e-06,-2.876213977e-06,-0.02224101102,0,0,0,0,0,0
3.49,1,1,6.016080902e-05,3.643204371e-05,1.102548691e-05,0.0001409344849,3.187803825e-05,0.02910704577,0,0,0,0,0,0,0.02903148499,-0.002657346982,-0.005303638928,7.556077264e-05,0.00117123209,0.007334467499,15.51239856,-0,0.3314515854,-0.007334467499,-0.1535547408,0.01816861898,1.029107046,4.488651035e-06,-0.366723375,-0.01816861898,-4.488651035e-06,-0.5384512234,-0.5384512234,0.001153691778,-0.02692256117,-0,3.355582973e-06,1.917475985e-06,1.917475985e-06,-3.355582973e-06,-0.02692256117,-0,3.355582973e-06,1.917475985e-06,1.917475985e-06,-3.355582973e-06,-0.02692256117,0,0,0,0,0,0
3.5,1,1,6.040049352e-05,3.619235921e-05,1.198422491e-05,0.0001409344849,3.187803825e-05,0.0291065664,0,0,0,0,0,0,0.02900464646,-0.002710346702,-0.005296280992,0.0001019199334,0.001579376572,0.009017279004,15.51224776,-0,0.3314462766,-0.009017279004,-0.1562520596,0.02449968069,1.029106566,5.422457151e-06,-0.4508639502,-0.02449968069,-5.422457151e-06,-0.631621113,-0.631621113,0.001133632341,-0.03158105565,-4.793689962e-07,3.83495197e-06,-0,1.917475985e-06,-3.355582973e-06,-0.03158105565,-4.793689962e-07,3.83495197e-06,-0,1.917475985e-06,-3.355582973e-06,-0.03158105565,0,0,0,0,0,0
3.51,1,1,6.111954702e-05,3.691141271e-05,1.174454041e-05,0.0001411741694,3.163835375e-05,0.0291065664,0,0,0,0.001047197551,0,0,0.02897727831,-0.002763272118,-0.005288777857,0.00012928809,0.002002926153,0.01076143218,15.51224776,-0,0.3314462766,-0.01076143218,-0.1595959829,0.03106988673,1.029106566,6.360065642e-06,-0.538071609,-0.03106988673,-6.360065642e-06,-0.7287438387,-0.7287438387,0.001114177141,-0.03643719194,-1.917475985e-06,2.396844981e-06,4.793689962e-07,-0.0001032816481,-2.876213977e-06,-0.03643719194,-1.917475985e-06,2.396844981e-06,4.793689962e-07,-0.0001032816481,-2.876213977e-06,-0.03643719194,0,0,0,0,0,0
3.52,1,1,6.111954702e-05,3.715109721e-05,1.078580241e-05,0.0001411741694,3.163835375e-05,0.0291065664,0,0,0,0,0,0,0.02894938127,-0.002816121776,-0.005281129727,0.0001571851232,0.002434419866,0.01253717531,15.51224776,-0,0.3314462766,-0.01253717531,-0.1629400209,0.03776332411,1.029106566,7.284232237e-06,-0.6268587655,-0.03776332411,-7.284232237e-06,-0.8275693948,-0.8275693948,0.001095369011,-0.04137846974,-1.917475985e-06,1.917475985e-06,2.396844981e-06,1.438106989e-06,-2.876213977e-06,-0.04137846974,-1.917475985e-06,1.917475985e-06,2.396844981e-06,1.438106989e-06,-2.876213977e-06,-0.04137846974,0,0,0,0,0,0
3.53,1,1,6.135923152e-05,3.667172821e-05,1.174454041e-05,0.0001411741694,3.187803825e-05,0.02910680608,0,0,0,0,0,0,0.02892095613,-0.002868894229,-0.005273336812,0.0001858499527,0.002877550506,0.01435919543,15.51232316,-0,0.331448931,-0.01435919543,-0.1665143252,0.04463749335,1.029106806,8.204575449e-06,-0.7179597715,-0.04463749335,-8.204575449e-06,-0.9291197946,-0.9291197946,0.001077255443,-0.04645598973,-2.396844981e-06,2.876213977e-06,4.793689962e-07,1.438106989e-06,-3.355582973e-06,-0.04645598973,-2.396844981e-06,2.876213977e-06,4.793689962e-07,1.438106989e-06,-3.355582973e-06,-0.04645598973,0,0,0,0,0,0
3.54,1,1,6.111954702e-05,3.547330572e-05,1.174454041e-05,0.0001409344849,3.187803825e-05,0.02910584734,0,0,0,0,0,0,0.02889200365,-0.002921588031,-0.005265399326,0.0002138436921,0.003309984182,0.01613866954,15.51202158,-0,0.3314383134,-0.01613866954,-0.1686865757,0.05134454604,1.029105847,9.07212354e-06,-0.8069334769,-0.05134454604,-9.07212354e-06,-1.026973671,-1.026973671,0.001059872138,-0.05134868354,-1.917475985e-06,5.273058958e-06,4.793689962e-07,1.917475985e-06,-3.355582973e-06,-0.05134868354,-1.917475985e-06,5.273058958e-06,4.793689962e-07,1.917475985e-06,-3.355582973e-06,-0.05134868354,0,0,0,0,0,0
3.55,1,1,6.016080902e-05,3.667172821e-05,1.174454041e-05,0.0001409344849,3.211772275e-05,0.02910560766,0,0,0,0,0,0,0.02886252463,-0.002974201735,-0.005257317486,0.0002430830238,0.003761439098,0.01799380846,15.51194618,-0,0.331435659,-0.01799380846,-0.171793285,0.05834724087,1.029105608,9.955993985e-06,-0.899690423,-0.05834724087,-9.955993985e-06,-1.129840905,-1.129840905,0.001043268932,-0.05649204524,-0,2.876213977e-06,4.793689962e-07,1.917475985e-06,-3.83495197e-06,-0.05649204524,-0,2.876213977e-06,4.793689962e-07,1.917475985e-06,-3.83495197e-06,-0.05649204524,0,0,0,0,0,0
3.56,1,1,5.992112453e-05,3.619235921e-05,1.102548691e-05,0.0001418932229,3.115898475e-05,0.02910536797,0,0,0,0,0,0,0.02883251989,-0.0030267339,-0.005249091515,0.000272848086,0.004220734656,0.01988013189,15.51187079,-0,0.3314330046,-0.01988013189,-0.1748692343,0.06547149063,1.029105368,1.083278026e-05,-0.9940065945,-0.06547149063,-1.083278026e-05,-1.234358152,-1.234358152,0.001027498631,-0.06171790761,4.793689962e-07,3.83495197e-06,1.917475985e-06,-0,-1.917475985e-06,-0.06171790761,4.793689962e-07,3.83495197e-06,1.917475985e-06,-0,-1.917475985e-06,-0.06171790761,0,0,0,0,0,0
3.57,1,1,5.968144003e-05,3.643204371e-05,1.22239094e-05,0.0001414138539,3.211772275e-05,0.02910560766,0,0,0,0,0,0,0.02880199023,-0.003079183085,-0.005240721636,0.0003036174252,0.00469527987,0.02182703906,15.51194618,-0,0.331435659,-0.02182703906,-0.1784754394,0.07283292866,1.029105608,1.172059756e-05,-1.091351953,-0.07283292866,-1.172059756e-05,-1.342672042,-1.342672042,0.001012616332,-0.06713360209,9.587379924e-07,3.355582973e-06,-4.793689962e-07,9.587379924e-07,-3.83495197e-06,-0.06713360209,9.587379924e-07,3.355582973e-06,-4.793689962e-07,9.587379924e-07,-3.83495197e-06,-0.06713360209,0,0,0,0,0,0
3.58,1,1,6.040049352e-05,3.73907817e-05,1.126517141e-05,0.0001411741694,3.163835375e-05,0.02910560766,0,0,0,0,0,0,0.02877093651,-0.003131547854,-0.005232208081,0.0003346711508,0.005173893556,0.02379012699,15.51194618,-0,0.331435659,-0.02379012699,-0.1817532399,0.0802571584,1.029105608,1.259785547e-05,-1.18950635,-0.0802571584,-1.259785547e-05,-1.451529346,-1.451529346,0.0009986724566,-0.07257646728,-4.793689962e-07,1.438106989e-06,1.438106989e-06,1.438106989e-06,-2.876213977e-06,-0.07257646728,-4.793689962e-07,1.438106989e-06,1.438106989e-06,1.438106989e-06,-2.876213977e-06,-0.07257646728,0,0,0,0,0,0
3.59,1,1,6.064017802e-05,3.78701507e-05,1.174454041e-05,0.0001409344849,3.187803825e-05,0.02910512829,0,0,0,0,0,0,0.02873935956,-0.003183826769,-0.005223551082,0.0003657687271,0.005652830081,0.02575457588,15.5117954,-0,0.3314303501,-0.02575457588,-0.1844600256,0.08768554365,1.029105128,1.346003131e-05,-1.287728794,-0.08768554365,-1.346003131e-05,-1.559887823,-1.559887823,0.0009857162838,-0.07799439117,-9.587379924e-07,4.793689962e-07,4.793689962e-07,1.917475985e-06,-3.355582973e-06,-0.07799439117,-9.587379924e-07,4.793689962e-07,4.793689962e-07,1.917475985e-06,-3.355582973e-06,-0.07799439117,0,0,0,0,0,0
3.6,1,1,6.087986252e-05,3.73907817e-05,1.174454041e-05,0.0001409344849,3.163835375e-05,0.02910488861,0,-0.001047197551,0,0,0,0,0.02870726026,-0.003236018398,-0.005214750877,0.0003976283418,0.006143215262,0.02776450602,15.51172001,-0,0.3314276957,-0.02776450602,-0.1874588005,0.09529183511,1.029104889,1.433447297e-05,-1.388225301,-0.09529183511,-1.433447297e-05,-1.670990271,-1.670990271,0.0009738525362,-0.08354951355,-1.438106989e-06,0.0001061578621,4.793689962e-07,1.917475985e-06,-2.876213977e-06,-0.08354951355,-1.438106989e-06,0.0001061578621,4.793689962e-07,1.917475985e-06,-2.876213977e-06,-0.08354951355,0,0,0,0,0,0
3.61,1,1,5.992112453e-05,3.715109721e-05,1.174454041e-05,0.0001406948004,3.211772275e-05,0.02910440924,0,0,0,0,0,0,0.02867463949,-0.00328812131,-0.005205807707,0.0004297697458,0.006637584782,0.02979034115,15.51156924,-0,0.3314223869,-0.02979034115,-0.1902249743,0.1029593559,1.029104409,1.520802784e-05,-1.489517057,-0.1029593559,-1.520802784e-05,-1.782716596,-1.782716596,0.0009630395162,-0.08913582978,4.793689962e-07,1.917475985e-06,4.793689962e-07,2.396844981e-06,-3.83495197e-06,-0.08913582978,4.793689962e-07,1.917475985e-06,4.793689962e-07,2.396844981e-06,-3.83495197e-06,-0.08913582978,0,0,0,0,0,0
3.62,1,1,5.944175553e-05,3.691141271e-05,1.174454041e-05,0.0001414138539,3.187803825e-05,0.02910440924,0,0,0,0,0,0,0.02864149814,-0.003340134076,-0.005196721817,0.0004629110985,0.007147063473,0.03187611085,15.51156924,-0,0.3314223869,-0.03187611085,-0.1936076075,0.1108621699,1.029104409,1.610786234e-05,-1.593805543,-0.1108621699,-1.610786234e-05,-1.898291428,-1.898291428,0.0009533866422,-0.09491457139,1.438106989e-06,2.396844981e-06,4.793689962e-07,9.587379924e-07,-3.355582973e-06,-0.09491457139,1.438106989e-06,2.396844981e-06,4.793689962e-07,9.587379924e-07,-3.355582973e-06,-0.09491457139,0,0,0,0,0,0
3.63,1,1,6.064017802e-05,3.76304662e-05,1.174454041e-05,0.0001416535384,3.187803825e-05,0.02910440924,0,0,0,0,0,0,0.02860783711,-0.003392055271,-0.005187493456,0.0004965721221,0.007664186316,0.03399224479,15.51156924,-0,0.3314223869,-0.03399224479,-0.1968996039,0.1188835567,1.029104409,1.702342927e-05,-1.699612239,-0.1188835567,-1.702342927e-05,-2.015412423,-2.015412423,0.0009449697213,-0.1007706212,-9.587379924e-07,9.587379924e-07,4.793689962e-07,4.793689962e-07,-3.355582973e-06,-0.1007706212,-9.587379924e-07,9.587379924e-07,4.793689962e-07,4.793689962e-07,-3.355582973e-06,-0.1007706212,0,0,0,0,0,0
3.64,1,1,6.087986252e-05,3.715109721e-05,1.174454041e-05,0.0001406948004,3.235740724e-05,0.02910369018,0,0,0,0,0,0,0.02857365734,-0.003443883471,-0.005178122878,0.0005300328404,0.008177770153,0.03609456756,15.51134308,-0,0.3314144236,-0.03609456756,-0.1994195589,0.1268481985,1.02910369,1.793718032e-05,-1.804728378,-0.1268481985,-1.793718032e-05,-2.131014073,-2.131014073,0.0009378234682,-0.1065507036,-1.438106989e-06,1.917475985e-06,4.793689962e-07,2.396844981e-06,-4.314320966e-06,-0.1065507036,-1.438106989e-06,1.917475985e-06,4.793689962e-07,2.396844981e-06,-4.314320966e-06,-0.1065507036,0,0,0,0,0,0
3.65,1,1,6.111954702e-05,3.691141271e-05,1.198422491e-05,0.0001409344849,3.163835375e-05,0.02910392987,0,0,0,0,0,0,0.02853895976,-0.003495617256,-0.005168610338,0.0005649701078,0.008713809999,0.0382857727,15.51141846,-0,0.331417078,-0.0382857727,-0.2030349466,0.1351635533,1.02910393,1.89060887e-05,-1.914288635,-0.1351635533,-1.89060887e-05,-2.252506041,-2.252506041,0.0009320435498,-0.112625302,-1.917475985e-06,2.396844981e-06,-0,1.917475985e-06,-2.876213977e-06,-0.112625302,-1.917475985e-06,2.396844981e-06,-0,1.917475985e-06,-2.876213977e-06,-0.112625302,0,0,0,0,0,0
3.66,1,1,6.135923152e-05,3.73907817e-05,1.27032784e-05,0.0001409344849,3.187803825e-05,0.02910297113,0,0,0,0,0,0,0.02850374532,-0.003547255206,-0.005158956099,0.0005992258126,0.009238815048,0.04043363593,15.51111693,-0,0.3314064603,-0.04043363593,-0.2051539764,0.1433043405,1.029102971,1.987031908e-05,-2.021681797,-0.1433043405,-1.987031908e-05,-2.370159984,-2.370159984,0.0009276844793,-0.1185079992,-2.396844981e-06,1.438106989e-06,-1.438106989e-06,1.917475985e-06,-3.355582973e-06,-0.1185079992,-2.396844981e-06,1.438106989e-06,-1.438106989e-06,1.917475985e-06,-3.355582973e-06,-0.1185079992,0,0,0,0,0,0
3.67,1,1,6.159891601e-05,3.643204371e-05,1.198422491e-05,0.0001414138539,3.187803825e-05,0.02910201239,0,0,0,0,0,0,0.02846801498,-0.003598795906,-0.005149160424,0.0006339974118,0.009771343992,0.04261145829,15.51081541,-0,0.3313958425,-0.04261145829,-0.2074418395,0.151561513,1.029102012,2.087175094e-05,-2.130572915,-0.151561513,-2.087175094e-05,-2.489597139,-2.489597139,0.0009247854979,-0.1244798569,-2.876213977e-06,3.355582973e-06,-0,9.587379924e-07,-3.355582973e-06,-0.1244798569,-2.876213977e-06,3.355582973e-06,-0,9.587379924e-07,-3.355582973e-06,-0.1244798569,0,0,0,0,0,0
3.68,1,1,6.135923152e-05,3.76304662e-05,1.174454041e-05,0.0001411741694,3.187803825e-05,0.02910105365,0,0,0.001047197551,0,0,0,0.02843176973,-0.003650237944,-0.005139223583,0.0006692839259,0.0103113658,0.04481911522,15.51051391,-0,0.3313852247,-0.04481911522,-0.2099000079,0.1599345826,1.029101054,2.191665926e-05,-2.240955761,-0.1599345826,-2.191665926e-05,-2.610812268,-2.610812268,0.0009234080248,-0.1305406134,-2.396844981e-06,9.587379924e-07,-0.0001042403861,1.438106989e-06,-3.355582973e-06,-0.1305406134,-2.396844981e-06,9.587379924e-07,-0.0001042403861,1.438106989e-06,-3.355582973e-06,-0.1305406134,0,0,0,0,0,0
3.69,1,1,6.064017802e-05,3.667172821e-05,1.174454041e-05,0.0001404551159,3.187803825e-05,0.02909985523,0,0,0,0,0,0,0.02839501055,-0.003701579908,-0.005129145846,0.0007048446766,0.01085513154,0.04704184895,15.51013706,-0,0.3313719525,-0.04704184895,-0.2121716324,0.1683645779,1.029099855,2.300493801e-05,-2.352092447,-0.1683645779,-2.300493801e-05,-2.732651663,-2.732651663,0.0009236267018,-0.1366325831,-9.587379924e-07,2.876213977e-06,4.793689962e-07,2.876213977e-06,-3.355582973e-06,-0.1366325831,-9.587379924e-07,2.876213977e-06,4.793689962e-07,2.876213977e-06,-3.355582973e-06,-0.1366325831,0,0,0,0,0,0
3.7,1,1,6.040049352e-05,3.76304662e-05,1.174454041e-05,0.0001404551159,3.187803825e-05,0.02909937586,0,0,0,0,0,0,0.02835773847,-0.003752820392,-0.005118927492,0.0007416373943,0.01141747962,0.04933804837,15.50998632,-0,0.3313666436,-0.04933804837,-0.2153943172,0.1770849528,1.029099376,2.417275998e-05,-2.466902418,-0.1770849528,-2.417275998e-05,-2.859405861,-2.859405861,0.0009255191911,-0.1429702931,-4.793689962e-07,9.587379924e-07,4.793689962e-07,2.876213977e-06,-3.355582973e-06,-0.1429702931,-4.793689962e-07,9.587379924e-07,4.793689962e-07,2.876213977e-06,-3.355582973e-06,-0.1429702931,0,0,0,0,0,0
3.71,1,1,6.064017802e-05,3.76304662e-05,1.24635939e-05,0.0001409344849,3.187803825e-05,0.02909913618,0,0,0,0,0,0,0.02831995449,-0.00380395799,-0.0051085688,0.000779181688,0.01199094267,0.0516782651,15.50991096,-0,0.3313639891,-0.0516782651,-0.2187804535,0.1859784531,1.029099136,2.541501192e-05,-2.583913255,-0.1859784531,-2.541501192e-05,-2.988697577,-2.988697577,0.0009291976495,-0.1494348788,-9.587379924e-07,9.587379924e-07,-9.587379924e-07,1.917475985e-06,-3.355582973e-06,-0.1494348788,-9.587379924e-07,9.587379924e-07,-9.587379924e-07,1.917475985e-06,-3.355582973e-06,-0.1494348788,0,0,0,0,0,0
3.72,1,1,6.040049352e-05,3.78701507e-05,1.174454041e-05,0.0001411741694,3.163835375e-05,0.02909841712,0,0,0,0,0,0,0.02828165966,-0.003854991301,-0.005098070054,0.0008167574685,0.01256433584,0.05401854027,15.50968487,-0,0.3313560257,-0.05401854027,-0.2215648439,0.1948688894,1.029098417,2.671843917e-05,-2.700927013,-0.1948688894,-2.671843917e-05,-3.117387465,-3.117387465,0.0009347171089,-0.1558693733,-4.793689962e-07,4.793689962e-07,4.793689962e-07,1.438106989e-06,-2.876213977e-06,-0.1558693733,-4.793689962e-07,4.793689962e-07,4.793689962e-07,1.438106989e-06,-2.876213977e-06,-0.1558693733,0,0,0,0,0,0
3.73,1,1,5.992112453e-05,3.76304662e-05,1.24635939e-05,0.0001414138539,3.211772275e-05,0.02909769807,0,0,0,0,0,0,0.02824285502,-0.003905918925,-0.005087431542,0.0008548430548,0.01314506145,0.05638798345,15.50945878,-0,0.3313480623,-0.05638798345,-0.2243837843,0.2038727887,1.029097698,2.810637005e-05,-2.819399173,-0.2038727887,-2.810637005e-05,-3.247683852,-3.247683852,0.0009421461326,-0.1623841926,4.793689962e-07,9.587379924e-07,-9.587379924e-07,9.587379924e-07,-3.83495197e-06,-0.1623841926,4.793689962e-07,9.587379924e-07,-9.587379924e-07,9.587379924e-07,-3.83495197e-06,-0.1623841926,0,0,0,0,0,0
3.74,1,1,6.016080902e-05,3.882888869e-05,1.198422491e-05,0.0001414138539,3.139866925e-05,0.0290972187,0,0,0,0,0,0,0.02820354163,-0.003956739467,-0.005076653555,0.0008936770676,0.01373680378,0.05880103649,15.50930807,-0,0.3313427533,-0.05880103649,-0.2274515109,0.2130483217,1.029097219,2.959658669e-05,-2.940051824,-0.2130483217,-2.959658669e-05,-3.380581254,-3.380581254,0.0009515828092,-0.1690290627,-0,-1.438106989e-06,-0,9.587379924e-07,-2.396844981e-06,-0.1690290627,-0,-1.438106989e-06,-0,9.587379924e-07,-2.396844981e-06,-0.1690290627,0,0,0,0,0,0
3.75,1,1,6.064017802e-05,3.76304662e-05,1.22239094e-05,0.0001421329074,3.187803825e-05,0.02909697902,0,0,0,0.001047197551,0,0,0.02816372059,-0.004007451533,-0.005065736389,0.000933258429,0.01433952936,0.06125752961,15.50923271,-0,0.3313400988,-0.06125752961,-0.2307858128,0.2223950978,1.029096979,3.119984632e-05,-3.06287648,-0.2223950978,-3.119984632e-05,-3.516088591,-3.516088591,0.0009631058629,-0.1758044295,-9.587379924e-07,9.587379924e-07,-4.793689962e-07,-0.0001051991241,-3.355582973e-06,-0.1758044295,-9.587379924e-07,9.587379924e-07,-4.793689962e-07,-0.0001051991241,-3.355582973e-06,-0.1758044295,0,0,0,0,0,0
3.76,1,1,6.087986252e-05,3.76304662e-05,1.22239094e-05,0.0001416535384,3.211772275e-05,0.02909625996,0,0,0,0,0,0,0.02812339297,-0.004058053732,-0.005054680343,0.000972866994,0.01494205256,0.06371363846,15.50900664,-0,0.3313321354,-0.06371363846,-0.2335299188,0.2317363924,1.02909626,3.290507611e-05,-3.185681923,-0.2317363924,-3.290507611e-05,-3.650981139,-3.650981139,0.0009767917895,-0.182549057,-1.438106989e-06,9.587379924e-07,-4.793689962e-07,4.793689962e-07,-3.83495197e-06,-0.182549057,-1.438106989e-06,9.587379924e-07,-4.793689962e-07,4.793689962e-07,-3.83495197e-06,-0.182549057,0,0,0,0,0,0
3.77,1,1,6.016080902e-05,3.715109721e-05,1.22239094e-05,0.0001406948004,3.187803825e-05,0.02909482186,0,0,0,0,0,0,0.02808255988,-0.004108544678,-0.005043485721,0.001012261972,0.01554062252,0.06615475898,15.50855454,-0,0.3313162084,-0.06615475898,-0.2355395358,0.241012592,1.029094822,3.471457461e-05,-3.307737949,-0.241012592,-3.471457461e-05,-3.784324791,-3.784324791,0.0009926839146,-0.1892162396,-0,1.917475985e-06,-4.793689962e-07,2.396844981e-06,-3.355582973e-06,-0.1892162396,-0,1.917475985e-06,-4.793689962e-07,2.396844981e-06,-3.355582973e-06,-0.1892162396,0,0,0,0,0,0
3.78,1,1,6.016080902e-05,3.715109721e-05,1.198422491e-05,0.0001411741694,3.187803825e-05,0.0290926647,0,0,0,0,0,0,0.02804122245,-0.004158922985,-0.005032152829,0.001051442245,0.01613520594,0.06858086116,15.50787646,-0,0.3312923179,-0.06858086116,-0.2368420527,0.2502227803,1.029092665,3.663895816e-05,-3.429043058,-0.2502227803,-3.663895816e-05,-3.91614453,-3.91614453,0.00101085007,-0.1958072265,-0,1.917475985e-06,-0,1.438106989e-06,-3.355582973e-06,-0.1958072265,-0,1.917475985e-06,-0,1.438106989e-06,-3.355582973e-06,-0.1958072265,0,0,0,0,0,0
3.79,1,1,6.064017802e-05,3.691141271e-05,1.150485591e-05,0.0001416535384,3.187803825e-05,0.02909170596,0,0,0,0,0,0,0.0279993818,-0.004209187274,-0.005020681978,0.001092324154,0.0167555045,0.07110803669,15.50757511,-0,0.3312816998,-0.07110803669,-0.2397499103,0.2598372445,1.029091706,3.875292541e-05,-3.555401835,-0.2598372445,-3.875292541e-05,-4.055027742,-4.055027742,0.00103138217,-0.2027513871,-9.587379924e-07,2.396844981e-06,9.587379924e-07,4.793689962e-07,-3.355582973e-06,-0.2027513871,-9.587379924e-07,2.396844981e-06,9.587379924e-07,4.793689962e-07,-3.355582973e-06,-0.2027513871,0,0,0,0,0,0
3.8,1,1,6.016080902e-05,3.715109721e-05,1.198422491e-05,0.0001406948004,3.211772275e-05,0.02909074722,0,0,0,0,0,0,0.02795703909,-0.004259336166,-0.005009073483,0.001133708129,0.01738289772,0.07366344976,15.50727378,-0,0.3312710817,-0.07366344976,-0.2426377331,0.2695613541,1.029090747,4.103363437e-05,-3.683172488,-0.2695613541,-4.103363437e-05,-4.195412609,-4.195412609,0.001054403878,-0.2097706304,-0,1.917475985e-06,-0,2.396844981e-06,-3.83495197e-06,-0.2097706304,-0,1.917475985e-06,-0,2.396844981e-06,-3.83495197e-06,-0.2097706304,0,0,0,0,0,0
3.81,1,1,5.944175553e-05,3.715109721e-05,1.198422491e-05,0.0001406948004,3.163835375e-05,0.02908978848,0,0,0,0,0,0,0.02791419547,-0.004309368286,-0.004997327661,0.001175593012,0.01801735043,0.07624695946,15.50697247,-0,0.3312604636,-0.07624695946,-0.2455158306,0.279394557,1.029089788,4.349562233e-05,-3.812347973,-0.279394557,-4.349562233e-05,-4.337301856,-4.337301856,0.001080002733,-0.2168650928,1.438106989e-06,1.917475985e-06,-0,2.396844981e-06,-2.876213977e-06,-0.2168650928,1.438106989e-06,1.917475985e-06,-0,2.396844981e-06,-2.876213977e-06,-0.2168650928,0,0,0,0,0,0
3.82,1,1,6.016080902e-05,3.81098352e-05,1.24635939e-05,0.0001414138539,3.187803825e-05,0.02908882974,-0.001047197551,0,0,0,0,0,0.02787085212,-0.004359282263,-0.004985444835,0.001217977625,0.01865882714,0.07885842379,15.50667117,-0,0.3312498455,-0.07885842379,-0.2484170826,0.2893362968,1.02908883,4.61538726e-05,-3.94292119,-0.2893362968,-4.61538726e-05,-4.480720723,-4.480720723,0.001108260283,-0.2240360361,0.0001047197551,-0,-9.587379924e-07,9.587379924e-07,-3.355582973e-06,-0.2240360361,0.0001047197551,-0,-9.587379924e-07,9.587379924e-07,-3.355582973e-06,-0.2240360361,0,0,0,0,0,0
3.83,1,1,6.231796951e-05,3.78701507e-05,1.22239094e-05,0.0001402154314,3.187803825e-05,0.02908475511,0,0,0,0,0,0,0.02782701022,-0.004409076727,-0.004973425331,0.001257744884,0.01925897736,0.08130965384,15.50539083,-0,0.331204718,-0.08130965384,-0.2477784329,0.298617971,1.029084755,4.890819946e-05,-4.065482692,-0.298617971,-4.890819946e-05,-4.611928004,-4.611928004,0.001139177386,-0.2305964002,-4.314320966e-06,4.793689962e-07,-4.793689962e-07,3.355582973e-06,-3.355582973e-06,-0.2305964002,-4.314320966e-06,4.793689962e-07,-4.793689962e-07,3.355582973e-06,-3.355582973e-06,-0.2305964002,0,0,0,0,0,0
3.84,1,1,6.183860051e-05,3.73907817e-05,1.174454041e-05,0.0001411741694,3.187803825e-05,0.02908403605,0,0,0,0,0,0,0.02778267099,-0.004458750315,-0.004961269477,0.001301365067,0.01991811185,0.08399121783,15.50516492,-0,0.3311967543,-0.08399121783,-0.2515484827,0.3088336091,1.029084036,5.200461763e-05,-4.199560891,-0.3088336091,-5.200461763e-05,-4.759994988,-4.759994988,0.001172826322,-0.2379997494,-3.355582973e-06,1.438106989e-06,4.793689962e-07,1.438106989e-06,-3.355582973e-06,-0.2379997494,-3.355582973e-06,1.438106989e-06,4.793689962e-07,1.438106989e-06,-3.355582973e-06,-0.2379997494,0,0,0,0,0,0
3.85,1,1,6.183860051e-05,3.76304662e-05,1.24635939e-05,0.0001416535384,3.187803825e-05,0.029083317,0,0,0,0,0,0,0.02773783562,-0.004508301663,-0.004948977608,0.001345481376,0.02058416216,0.08670027942,15.50493901,-0,0.3311887905,-0.08670027942,-0.2550563396,0.319156179,1.029083317,5.535059662e-05,-4.335013971,-0.319156179,-5.535059662e-05,-4.90928184,-4.90928184,0.001209476497,-0.245464092,-3.355582973e-06,9.587379924e-07,-9.587379924e-07,4.793689962e-07,-3.355582973e-06,-0.245464092,-3.355582973e-06,9.587379924e-07,-9.587379924e-07,4.793689962e-07,-3.355582973e-06,-0.245464092,0,0,0,0,0,0
3.86,1,1,5.968144003e-05,3.667172821e-05,1.174454041e-05,0.0001414138539,3.139866925e-05,0.02908068047,0,0,0.001047197551,0,0,0,0.02769250537,-0.004557729415,-0.00493655006,0.001388175105,0.02122736239,0.08932128077,15.50411078,-0,0.33115959,-0.08932128077,-0.2564480166,0.329111378,1.02908068,5.888179939e-05,-4.466064038,-0.329111378,-5.888179939e-05,-5.051682315,-5.051682315,0.001249061249,-0.2525841157,9.587379924e-07,2.876213977e-06,-0.0001042403861,9.587379924e-07,-2.396844981e-06,-0.2525841157,9.587379924e-07,2.876213977e-06,-0.0001042403861,9.587379924e-07,-2.396844981e-06,-0.2525841157,0,0,0,0,0,0
3.87,1,1,5.944175553e-05,3.643204371e-05,1.24635939e-05,0.0001406948004,3.259709174e-05,0.0290770852,0,0,0,0,0,0,0.02764668145,-0.004607032214,-0.004923987174,0.001430403751,0.02186254364,0.09191203912,15.50298156,-0,0.3311197708,-0.09191203912,-0.2569780593,0.3389346108,1.029077085,6.264645165e-05,-4.595601956,-0.3389346108,-6.264645165e-05,-5.191577273,-5.191577273,0.00129162889,-0.2595788636,1.438106989e-06,3.355582973e-06,-9.587379924e-07,2.396844981e-06,-4.793689962e-06,-0.2595788636,1.438106989e-06,3.355582973e-06,-9.587379924e-07,2.396844981e-06,-4.793689962e-06,-0.2595788636,0,0,0,0,0,0
3.88,1,1,6.016080902e-05,3.73907817e-05,1.198422491e-05,0.0001411741694,3.187803825e-05,0.0290756471,0,0,0,0,0,0,0.02760036514,-0.004656208708,-0.004911289295,0.001475281954,0.02253797486,0.09465977804,15.50252994,-0,0.331103843,-0.09465977804,-0.2603176601,0.34939563,1.029075647,6.679229416e-05,-4.732988902,-0.34939563,-6.679229416e-05,-5.342768984,-5.342768984,0.001337307324,-0.2671384492,-0,1.438106989e-06,-0,1.438106989e-06,-3.355582973e-06,-0.2671384492,-0,1.438106989e-06,-0,1.438106989e-06,-3.355582973e-06,-0.2671384492,0,0,0,0,0,0
3.89,1,1,6.064017802e-05,3.643204371e-05,1.174454041e-05,0.0001416535384,3.235740724e-05,0.02907277088,0,0,0,0,0,0,0.0275535577,-0.004705257551,-0.00489845677,0.001519213178,0.02319788131,0.09734818008,15.50162679,-0,0.3310719871,-0.09734818008,-0.2620122754,0.3596048984,1.029072771,7.11852462e-05,-4.867409004,-0.3596048984,-7.11852462e-05,-5.489097363,-5.489097363,0.001386060968,-0.2744548681,-9.587379924e-07,3.355582973e-06,4.793689962e-07,4.793689962e-07,-4.314320966e-06,-0.2744548681,-9.587379924e-07,3.355582973e-06,4.793689962e-07,4.793689962e-07,-4.314320966e-06,-0.2744548681,0,0,0,0,0,0
3.9,1,1,6.064017802e-05,3.715109721e-05,1.126517141e-05,0.0001404551159,3.139866925e-05,0.02907109309,0,0,0,0,0,0,0.02750626042,-0.004754177396,-0.004885489951,0.00156483267,0.02388309731,0.1001354544,15.50110003,-0,0.3310534045,-0.1001354544,-0.2650322126,0.3702142804,1.029071093,7.597850187e-05,-5.00677272,-0.3702142804,-7.597850187e-05,-5.642095192,-5.642095192,0.001438371034,-0.2821047596,-9.587379924e-07,1.917475985e-06,1.438106989e-06,2.876213977e-06,-2.396844981e-06,-0.2821047596,-9.587379924e-07,1.917475985e-06,1.438106989e-06,2.876213977e-06,-2.396844981e-06,-0.2821047596,0,0,0,0,0,0
3.91,1,1,5.968144003e-05,3.715109721e-05,1.174454041e-05,0.0001416535384,3.211772275e-05,0.0290694153,0.001047197551,0,0,0,0,0,0.02745847459,-0.004802966903,-0.004872389195,0.001610940709,0.02457500672,0.1029494458,15.50057331,-0,0.3310348217,-0.1029494458,-0.2680165798,0.3809266933,1.029069415,8.113537655e-05,-5.147472292,-0.3809266933,-8.113537655e-05,-5.7964967,-5.7964967,0.001494163433,-0.289824835,-0.0001037610171,1.917475985e-06,4.793689962e-07,4.793689962e-07,-3.83495197e-06,-0.289824835,-0.0001037610171,1.917475985e-06,4.793689962e-07,4.793689962e-07,-3.83495197e-06,-0.289824835,0,0,0,0,0,0
3.92,1,1,5.992112453e-05,3.76304662e-05,1.150485591e-05,0.0001418932229,3.139866925e-05,0.02906821688,0,0,0,0,0,0,0.02741020152,-0.004851624735,-0.004859154859,0.001658015355,0.02528100178,0.1058186972,15.50019711,-0,0.3310215482,-0.1058186972,-0.2714802357,0.3918605108,1.029068217,8.670454773e-05,-5.29093486,-0.3918605108,-8.670454773e-05,-5.954362311,-5.954362311,0.001553574155,-0.2977181155,4.793689962e-07,9.587379924e-07,9.587379924e-07,-0,-2.396844981e-06,-0.2977181155,4.793689962e-07,9.587379924e-07,9.587379924e-07,-0,-2.396844981e-06,-0.2977181155,0,0,0,0,0,0
3.93,1,1,6.016080902e-05,3.715109721e-05,1.198422491e-05,0.0001406948004,3.187803825e-05,0.02906462161,0,0.001047197551,0,0,0,0,0.02736144254,-0.004900149556,-0.004845787307,0.00170317907,0.02595646373,0.1085709757,15.49906867,-0,0.3309817276,-0.1085709757,-0.2721381717,0.4023010139,1.029064622,9.25539051e-05,-5.428548783,-0.4023010139,-9.25539051e-05,-6.103080522,-6.103080522,0.001616463491,-0.3051540261,-0,-0.0001028022791,-0,2.396844981e-06,-3.355582973e-06,-0.3051540261,-0,-0.0001028022791,-0,2.396844981e-06,-3.355582973e-06,-0.3051540261,0,0,0,0,0,0
3.94,1,1,5.920207103e-05,3.715109721e-05,1.126517141e-05,0.0001409344849,3.211772275e-05,0.02906246445,0,0,0,0,0,0,0.02731219898,-0.004948540038,-0.004832286905,0.00175026547,0.0266607955,0.1114356541,15.49839171,-0,0.330957835,-0.1114356541,-0.2747791003,0.4131994521,1.029062464,9.890050519e-05,-5.571782706,-0.4131994521,-9.890050519e-05,-6.259860159,-6.259860159,0.001683026322,-0.312993008,1.917475985e-06,1.917475985e-06,1.438106989e-06,1.917475985e-06,-3.83495197e-06,-0.312993008,1.917475985e-06,1.917475985e-06,1.438106989e-06,1.917475985e-06,-3.83495197e-06,-0.312993008,0,0,0,0,0,0
3.95,1,1,6.087986252e-05,3.715109721e-05,1.31826474e-05,0.0001416535384,3.163835375e-05,0.02906102634,0,0,0,0,0,0,0.02726247219,-0.004996794853,-0.004818654024,0.001798554151,0.02738281152,0.1143694143,15.49794045,-0,0.3309419065,-0.1143694143,-0.2781886664,0.4243771825,1.029061026,0.0001057577427,-5.718470714,-0.4243771825,-0.0001057577427,-6.421142321,-6.421142321,0.001753670469,-0.321057116,-1.438106989e-06,1.917475985e-06,-2.396844981e-06,4.793689962e-07,-2.876213977e-06,-0.321057116,-1.438106989e-06,1.917475985e-06,-2.396844981e-06,4.793689962e-07,-2.876213977e-06,-0.321057116,0,0,0,0,0,0
3.96,1,1,6.040049352e-05,3.81098352e-05,1.24635939e-05,0.0001414138539,3.211772275e-05,0.02905791044,0,0,0,0,0,0,0.02721226354,-0.005044912678,-0.004804889037,0.001845646905,0.02808532719,0.1172290609,15.49696285,-0,0.3309073946,-0.1172290609,-0.2796268768,0.435237272,1.02905791,0.0001130073318,-5.861453046,-0.435237272,-0.0001130073318,-6.576430202,-6.576430202,0.001828267578,-0.3288215101,-4.793689962e-07,-0,-9.587379924e-07,9.587379924e-07,-3.83495197e-06,-0.3288215101,-4.793689962e-07,-0,-9.587379924e-07,9.587379924e-07,-3.83495197e-06,-0.3288215101,0,0,0,0,0,0
3.97,1,1,6.111954702e-05,3.78701507e-05,1.198422491e-05,0.0001409344849,3.187803825e-05,0.02905599297,0,0,0,0,0,0,0.0271615744,-0.005092892194,-0.004790992321,0.001894418569,0.02881287785,0.1201860642,15.49636132,-0,0.3308861564,-0.1201860642,-0.2825423986,0.4464947659,1.029055993,0.0001208374058,-6.009303211,-0.4464947659,-0.0001208374058,-6.738461213,-6.738461213,0.001906941843,-0.3369230606,-1.917475985e-06,4.793689962e-07,-0,1.917475985e-06,-3.355582973e-06,-0.3369230606,-1.917475985e-06,4.793689962e-07,-0,1.917475985e-06,-3.355582973e-06,-0.3369230606,0,0,0,0,0,0
3.98,1,1,6.111954702e-05,3.83495197e-05,1.150485591e-05,0.0001411741694,3.235740724e-05,0.02905287707,0,0,0,0,0,0,0.02711040616,-0.005140732087,-0.004776964258,0.001942470909,0.02952828107,0.1230974251,15.49538399,-0,0.330851644,-0.1230974251,-0.2841240571,0.4575520536,1.029052877,0.0001291340894,-6.154871254,-0.4575520536,-0.0001291340894,-6.896676499,-6.896676499,0.001989751535,-0.3448338249,-1.917475985e-06,-4.793689962e-07,9.587379924e-07,1.438106989e-06,-4.314320966e-06,-0.3448338249,-1.917475985e-06,-4.793689962e-07,9.587379924e-07,1.438106989e-06,-4.314320966e-06,-0.3448338249,0,0,0,0,0,0
3.99,1,1,6.111954702e-05,3.81098352e-05,1.24635939e-05,0.0001414138539,3.187803825e-05,0.02904328969,0,0,0,0,0,0,0.02705876023,-0.005188431043,-0.004762805232,0.001984529463,0.03014980426,0.1256496941,15.49237785,-0,0.3307454501,-0.1256496941,-0.278875567,0.4670921597,1.02904329,0.0001375099995,-6.282484703,-0.4670921597,-0.0001375099995,-7.02858994,-7.02858994,0.002075794667,-0.351429497,-1.917475985e-06,-0,-9.587379924e-07,9.587379924e-07,-3.355582973e-06,-0.351429497,-1.917475985e-06,-0,-9.587379924e-07,9.587379924e-07,-3.355582973e-06,-0.351429497,0,0,0,0,0,0
4,1,1,6.087986252e-05,3.691141271e-05,1.174454041e-05,0.0001421329074,3.211772275e-05,0.02903681821,0,0,0,0,0,0,0.02700663801,-0.005235987756,-0.004748515631,0.002030180195,0.03082596351,0.1284132838,15.49034961,-0,0.3306737676,-0.1284132838,-0.2784329726,0.4775049518,1.029036818,0.0001466357857,-6.420664189,-0.4775049518,-0.0001466357857,-7.176748749,-7.176748749,0.00216595595,-0.3588374375,-1.438106989e-06,2.396844981e-06,4.793689962e-07,-4.793689962e-07,-3.83495197e-06,-0.3588374375,-1.438106989e-06,2.396844981e-06,4.793689962e-07,-4.793689962e-07,-3.83495197e-06,-0.3588374375,0,0,0,0,0,0
4.01,1,1,6.135923152e-05,3.715109721e-05,1.174454041e-05,0.0001409344849,3.187803825e-05,0.02903154515,0,0,0,0,0,0,0.02695404095,-0.005283400922,-0.004734095848,0.002077504199,0.03152700018,0.1312737357,15.4886975,-0,0.3306153587,-0.1312737357,-0.2797160382,0.4883121688,1.029031545,0.0001564269033,-6.563686786,-0.4883121688,-0.0001564269033,-7.33187142,-7.33187142,0.002260275757,-0.366593571,-2.396844981e-06,1.917475985e-06,4.793689962e-07,1.917475985e-06,-3.355582973e-06,-0.366593571,-2.396844981e-06,1.917475985e-06,4.793689962e-07,1.917475985e-06,-3.355582973e-06,-0.366593571,0,0,0,0,0,0
4.02,1,1,6.016080902e-05,3.715109721e-05,1.22239094e-05,0.0001416535384,3.259709174e-05,0.02902339588,0,0,0,0,0,-0.001047197551,0.02690097048,-0.00533066924,-0.004719546277,0.002122425398,0.03218976521,0.1329419147,15.48614519,-0,0.3305250886,-0.1339891122,-0.2781849883,0.4984953776,1.030070868,0.0001656434657,-6.647095734,-0.4984953776,-0.0001656434657,-7.423941744,-7.423941744,0.00235843205,-0.3711970872,-0,1.917475985e-06,-4.793689962e-07,4.793689962e-07,-4.793689962e-06,-0.3711970872,-0,1.917475985e-06,-4.793689962e-07,4.793689962e-07,-4.793689962e-06,-0.3711970872,0,0,0,0,0,0
4.03,1,1,5.992112453e-05,3.667172821e-05,1.174454041e-05,0.0001416535384,3.163835375e-05,0.02901860219,0,0,0,0,0,0,0.02684742805,-0.005377791416,-0.004704867317,0.002171174134,0.03291073143,0.136928876,15.48464437,-0,0.3304719876,-0.136928876,-0.2811707158,0.5096109721,1.029018602,0.000177648428,-6.846443802,-0.5096109721,-0.000177648428,-7.637403138,-7.637403138,0.00246095196,-0.3818701569,4.793689962e-07,2.876213977e-06,4.793689962e-07,4.793689962e-07,-2.876213977e-06,-0.3818701569,4.793689962e-07,2.876213977e-06,4.793689962e-07,4.793689962e-07,-2.876213977e-06,-0.3818701569,0,0,0,0,0,0
4.04,1,1,5.992112453e-05,3.715109721e-05,1.150485591e-05,0.0001411741694,3.187803825e-05,0.0290138085,0,0,0,0,0,0,0.02679341514,-0.005424766157,-0.00469005937,0.002220393355,0.03363788658,0.1398937271,15.48314394,-0,0.3304188859,-0.1398937271,-0.283994951,0.5208202397,1.029013808,0.000189391786,-6.994686355,-0.5208202397,-0.000189391786,-7.799690937,-7.799690937,0.002568055297,-0.3899845469,4.793689962e-07,1.917475985e-06,9.587379924e-07,1.438106989e-06,-3.355582973e-06,-0.3899845469,4.793689962e-07,1.917475985e-06,9.587379924e-07,1.438106989e-06,-3.355582973e-06,-0.3899845469,0,0,0,0,0,0
4.05,1,1,6.040049352e-05,3.73907817e-05,1.27032784e-05,0.0001414138539,3.187803825e-05,0.02900973386,0,0,0,0,0,0,0.02673893322,-0.005471592175,-0.004675122844,0.002270800635,0.03438232225,0.1429260134,15.48186889,-0,0.3303737488,-0.1429260134,-0.2875255789,0.5323026051,1.029009734,0.0002019355196,-7.146300672,-0.5323026051,-0.0002019355196,-7.966330792,-7.966330792,0.002680074312,-0.3983165396,-4.793689962e-07,1.438106989e-06,-1.438106989e-06,9.587379924e-07,-3.355582973e-06,-0.3983165396,-4.793689962e-07,1.438106989e-06,-1.438106989e-06,9.587379924e-07,-3.355582973e-06,-0.3983165396,0,0,0,0,0,0
4.06,1,1,5.920207103e-05,3.691141271e-05,1.150485591e-05,0.0001416535384,3.187803825e-05,0.02899727027,0,0,0,0,0,-0.001047197551,0.0266839838,-0.005518268186,-0.004660058146,0.002313286468,0.03500300843,0.1444403736,15.47797051,-0,0.3302356794,-0.1454875712,-0.2814571625,0.5417755323,1.030044742,0.0002132712753,-7.222018681,-0.5417755323,-0.0002132712753,-8.045464647,-8.045464647,0.002794901665,-0.4022732324,1.917475985e-06,2.396844981e-06,9.587379924e-07,4.793689962e-07,-3.355582973e-06,-0.4022732324,1.917475985e-06,2.396844981e-06,9.587379924e-07,4.793689962e-07,-3.355582973e-06,-0.4022732324,0,0,0,0,0,0
4.07,1,1,6.040049352e-05,3.76304662e-05,1.22239094e-05,0.0001414138539,3.139866925e-05,0.02898240983,0,0,0,0,0,0,0.02662856837,-0.005564792912,-0.004644865691,0.002353841462,0.03559271456,0.1479331604,15.47332595,-0,0.3300710518,-0.1479331604,-0.2747840956,0.5507376738,1.02898241,0.00022719353,-7.396658018,-0.5507376738,-0.00022719353,-8.222406981,-8.222406981,0.002913135132,-0.4111203491,-4.793689962e-07,9.587379924e-07,-4.793689962e-07,9.587379924e-07,-2.396844981e-06,-0.4111203491,-4.793689962e-07,9.587379924e-07,-4.793689962e-07,9.587379924e-07,-2.396844981e-06,-0.4111203491,0,0,0,0,0,0
4.08,1,1,6.064017802e-05,3.76304662e-05,1.198422491e-05,0.0001414138539,3.187803825e-05,0.02897162402,0,0,0,0,0,-0.001047197551,0.02657268845,-0.005611165076,-0.004629545894,0.002398935577,0.03625153991,0.1495973658,15.46995728,-0,0.3299515597,-0.1506445633,-0.2741213177,0.5608097739,1.030019096,0.0002399256422,-7.479868289,-0.5608097739,-0.0002399256422,-8.315039306,-8.315039306,0.003035741301,-0.4157519653,-9.587379924e-07,9.587379924e-07,-0,9.587379924e-07,-3.355582973e-06,-0.4157519653,-9.587379924e-07,9.587379924e-07,-0,9.587379924e-07,-3.355582973e-06,-0.4157519653,0,0,0,0,0,0
4.09,1,1,6.087986252e-05,3.667172821e-05,1.198422491e-05,0.0001414138539,3.235740724e-05,0.02896107791,0,0,0,0,0,-0.001047197551,0.02651634558,-0.005657383407,-0.004614099176,0.00244473233,0.03692008585,0.1523478876,15.46666542,-0,0.3298347195,-0.1533950851,-0.2743572129,0.571030615,1.03000855,0.0002545828606,-7.617394379,-0.571030615,-0.0002545828606,-8.46303679,-8.46303679,0.003163018715,-0.4231518395,-1.438106989e-06,2.876213977e-06,-0,9.587379924e-07,-4.314320966e-06,-0.4231518395,-1.438106989e-06,2.876213977e-06,-0,9.587379924e-07,-4.314320966e-06,-0.4231518395,0,0,0,0,0,0
4.1,1,1,6.183860051e-05,3.691141271e-05,1.198422491e-05,0.0001418932229,3.163835375e-05,0.02894789526,0,0,0,0,0,-0.001047197551,0.0264595413,-0.005703446638,-0.00459852596,0.002488353963,0.03755383373,0.1549680667,15.46255327,-0,0.3296886643,-0.1560152642,-0.2719913945,0.5806781547,1.029995367,0.000269683878,-7.748403333,-0.5806781547,-0.000269683878,-8.601342566,-8.601342566,0.003293945798,-0.4300671283,-3.355582973e-06,2.396844981e-06,-0,-0,-2.876213977e-06,-0.4300671283,-3.355582973e-06,2.396844981e-06,-0,-0,-2.876213977e-06,-0.4300671283,0,0,0,0,0,0
4.11,1,1,6.087986252e-05,3.78701507e-05,1.22239094e-05,0.0001418932229,3.211772275e-05,0.02892896018,0,0,0,0,0,-0.002094395102,0.02640227716,-0.005749353506,-0.004582826673,0.002526683019,0.03810461167,0.1562277255,15.45665198,-0,0.3294788665,-0.1583221206,-0.2644963786,0.5889697213,1.031024452,0.0002834486114,-7.811386274,-0.5889697213,-0.0002834486114,-8.665135823,-8.665135823,0.003426880235,-0.4332567911,-1.438106989e-06,4.793689962e-07,-4.793689962e-07,-0,-3.83495197e-06,-0.4332567911,-1.438106989e-06,4.793689962e-07,-4.793689962e-07,-0,-3.83495197e-06,-0.4332567911,0,0,0,0,0,0
4.12,1,1,6.064017802e-05,3.78701507e-05,1.22239094e-05,0.0001406948004,3.163835375e-05,0.02890571079,0,0,0,0,0,-0.002094395102,0.02634455475,-0.005795102752,-0.004567001746,0.002561156036,0.03859469735,0.1583064026,15.44941451,-0,0.3292212513,-0.1604007977,-0.2541060001,0.5962654772,1.031001203,0.0002985907444,-7.915320132,-0.5962654772,-0.0002985907444,-8.765990201,-8.765990201,0.003562456454,-0.43829951,-9.587379924e-07,4.793689962e-07,-4.793689962e-07,2.396844981e-06,-2.876213977e-06,-0.43829951,-9.587379924e-07,4.793689962e-07,-4.793689962e-07,2.396844981e-06,-2.876213977e-06,-0.43829951,0,0,0,0,0,0
4.13,1,1,6.087986252e-05,3.76304662e-05,1.22239094e-05,0.0001414138539,3.259709174e-05,0.02887910581,0,0,0,0,0,-0.003141592654,0.02628637564,-0.005840693123,-0.004551051612,0.002592730169,0.03903894632,0.1591663862,15.44114386,-0,0.328926434,-0.1623079788,-0.2424408694,0.6028059861,1.032023166,0.000312422502,-7.958319309,-0.6028059861,-0.000312422502,-8.803878587,-8.803878587,0.003699489566,-0.4401939293,-1.438106989e-06,9.587379924e-07,-4.793689962e-07,9.587379924e-07,-4.793689962e-06,-0.4401939293,-1.438106989e-06,9.587379924e-07,-4.793689962e-07,9.587379924e-07,-4.793689962e-06,-0.4401939293,0,0,0,0,0,0
4.14,1,1,5.992112453e-05,3.76304662e-05,1.150485591e-05,0.0001409344849,3.139866925e-05,0.02884938493,0,-0.001047197551,0,0,0,-0.002094395102,0.02622774142,-0.005886123369,-0.004534976709,0.002621643507,0.03944109843,0.1619635618,15.43191892,-0,0.3285970624,-0.1640579569,-0.2302316233,0.6086518333,1.030944877,0.0003291426997,-8.098178088,-0.6086518333,-0.0003291426997,-8.937390687,-8.937390687,0.003838098879,-0.4468695344,4.793689962e-07,0.0001056784931,9.587379924e-07,1.917475985e-06,-2.396844981e-06,-0.4468695344,4.793689962e-07,0.0001056784931,9.587379924e-07,1.917475985e-06,-2.396844981e-06,-0.4468695344,0,0,0,0,0,0
4.15,1,1,6.064017802e-05,3.906857319e-05,1.22239094e-05,0.0001411741694,3.187803825e-05,0.02881750689,0,0,0,0,0,-0.002094395102,0.02616865371,-0.005931392243,-0.004518777477,0.002648853182,0.03981598302,0.163612757,15.42204126,-0,0.3282437542,-0.1657071521,-0.2182389568,0.614043733,1.030912999,0.0003446212035,-8.180637852,-0.614043733,-0.0003446212035,-9.013265163,-9.013265163,0.00397799393,-0.4506632581,-9.587379924e-07,-1.917475985e-06,-4.793689962e-07,1.438106989e-06,-3.355582973e-06,-0.4506632581,-9.587379924e-07,-1.917475985e-06,-4.793689962e-07,1.438106989e-06,-3.355582973e-06,-0.4506632581,0,0,0,0,0,0
4.16,1,1,6.064017802e-05,3.715109721e-05,1.198422491e-05,0.0001411741694,3.187803825e-05,0.02878299232,0,0,0,0,0,-0.003141592654,0.02610911412,-0.005976498505,-0.00450245436,0.002673878204,0.04015623359,0.1640859211,15.41136625,-0,0.3278611895,-0.1672275138,-0.206113091,0.6188624229,1.031927052,0.0003586022977,-8.204296057,-0.6188624229,-0.0003586022977,-9.029630173,-9.029630173,0.004118742293,-0.4514815086,-9.587379924e-07,1.917475985e-06,-0,1.438106989e-06,-3.355582973e-06,-0.4514815086,-9.587379924e-07,1.917475985e-06,-0,1.438106989e-06,-3.355582973e-06,-0.4514815086,0,0,0,0,0,0
4.17,1,1,6.064017802e-05,3.81098352e-05,1.150485591e-05,0.0001411741694,3.187803825e-05,0.02875423018,0,0,0,0,0,-0.002094395102,0.02604912429,-0.006021440919,-0.004486007807,0.002705105898,0.04059109161,0.1670164764,15.40248594,-0,0.3275423573,-0.1691108715,-0.2029186933,0.6252037178,1.030849722,0.0003769849021,-8.350823822,-0.6252037178,-0.0003769849021,-9.179323218,-9.179323218,0.004262774731,-0.4589661609,-9.587379924e-07,-0,9.587379924e-07,1.438106989e-06,-3.355582973e-06,-0.4589661609,-9.587379924e-07,-0,9.587379924e-07,1.438106989e-06,-3.355582973e-06,-0.4589661609,0,0,0,0,0,0
4.18,1,1,6.016080902e-05,3.691141271e-05,1.174454041e-05,0.0001406948004,3.163835375e-05,0.02871971562,0,0,0,0,0,-0.003141592654,0.02598868585,-0.006066218251,-0.004469438267,0.002731029765,0.0409432597,0.167540975,15.39184819,-0,0.3271597248,-0.1706825676,-0.1943759092,0.6301924379,1.031863776,0.0003918500721,-8.37704875,-0.6301924379,-0.0003918500721,-9.202008947,-9.202008947,0.004407739835,-0.4601004473,-0,2.396844981e-06,4.793689962e-07,2.396844981e-06,-2.876213977e-06,-0.4601004473,-0,2.396844981e-06,4.793689962e-07,2.396844981e-06,-2.876213977e-06,-0.4601004473,0,0,0,0,0,0
4.19,1,1,6.087986252e-05,3.73907817e-05,1.24635939e-05,0.0001409344849,3.211772275e-05,0.02867753115,0,0,0,0,0,-0.003141592654,0.02592780048,-0.006110829276,-0.004452746195,0.00274973067,0.04118338913,0.1686890544,15.37887404,-0,0.3266920127,-0.1718306471,-0.1797375848,0.6333541541,1.031821591,0.0004074283567,-8.43445272,-0.6333541541,-0.0004074283567,-9.247951887,-9.247951887,0.004551725701,-0.4623975944,-1.438106989e-06,1.438106989e-06,-9.587379924e-07,1.917475985e-06,-3.83495197e-06,-0.4623975944,-1.438106989e-06,1.438106989e-06,-9.587379924e-07,1.917475985e-06,-3.83495197e-06,-0.4623975944,0,0,0,0,0,0
4.2,1,1,6.064017802e-05,3.691141271e-05,1.174454041e-05,0.0001404551159,3.187803825e-05,0.02863151172,0,0,0,0,0,-0.004188790205,0.02586646982,-0.006155272768,-0.004435932049,0.002765041896,0.04137065544,0.168591175,15.3647549,-0,0.3261817186,-0.1727799652,-0.164039573,0.635649981,1.032824688,0.0004209331105,-8.42955875,-0.635649981,-0.0004209331105,-9.229669237,-9.229669237,0.004695490152,-0.4614834619,-9.587379924e-07,2.396844981e-06,4.793689962e-07,2.876213977e-06,-3.355582973e-06,-0.4614834619,-9.587379924e-07,2.396844981e-06,4.793689962e-07,2.876213977e-06,-3.355582973e-06,-0.4614834619,0,0,0,0,0,0
4.21,1,1,6.016080902e-05,3.715109721e-05,1.126517141e-05,0.0001409344849,3.187803825e-05,0.02857590492,0,0,0,0,0,-0.006283185307,0.02580469558,-0.006199547511,-0.00441899629,0.002771209335,0.04141688498,0.1669105774,15.34774216,-0,0.3255650258,-0.1731937627,-0.1412830501,0.6356556718,1.03486896,0.0004310374669,-8.34552887,-0.6356556718,-0.0004310374669,-9.12289863,-9.12289863,0.004836398126,-0.4561449315,-0,1.917475985e-06,1.438106989e-06,1.917475985e-06,-3.355582973e-06,-0.4561449315,-0,1.917475985e-06,1.438106989e-06,1.917475985e-06,-3.355582973e-06,-0.4561449315,0,0,0,0,0,0
4.22,1,1,6.064017802e-05,3.73907817e-05,1.29429629e-05,0.0001402154314,3.211772275e-05,0.02849465187,0,0,0,0,0,-0.009424777961,0.02574247944,-0.00624365229,-0.004401939381,0.002752172432,0.04107641256,0.1627065788,15.322977,-0,0.3246637386,-0.1721313568,-0.09571195787,0.6294129247,1.037941636,0.0004342476509,-8.13532894,-0.6294129247,-0.0004342476509,-8.86088807,-8.86088807,0.004967161943,-0.4430444035,-9.587379924e-07,1.438106989e-06,-1.917475985e-06,3.355582973e-06,-3.83495197e-06,-0.4430444035,-9.587379924e-07,1.438106989e-06,-1.917475985e-06,3.355582973e-06,-3.83495197e-06,-0.4430444035,0,0,0,0,0,0
4.23,1,1,6.016080902e-05,3.76304662e-05,1.126517141e-05,0.0001411741694,3.211772275e-05,0.02839038912,0,0,0,0,0,-0.009424777961,0.02567982311,-0.006287585897,-0.004384761792,0.002710566009,0.04039140553,0.1603201465,15.29136149,-0,0.323506922,-0.1697449245,-0.03460683271,0.6176395831,1.037837374,0.000438129366,-8.016007325,-0.6176395831,-0.000438129366,-8.668691871,-8.668691871,0.005086040413,-0.4334345935,-0,9.587379924e-07,1.438106989e-06,1.438106989e-06,-3.83495197e-06,-0.4334345935,-0,9.587379924e-07,1.438106989e-06,1.438106989e-06,-3.83495197e-06,-0.4334345935,0,0,0,0,0,0
4.24,1,1,5.992112453e-05,3.76304662e-05,1.24635939e-05,0.0001404551159,3.235740724e-05,0.02828133267,0,0,0,0,0,-0.01047197551,0.0256167283,-0.006331347125,-0.004367463991,0.002664604372,0.03964188216,0.156628002,15.2584873,-0,0.3222965615,-0.1670999776,0.02017220024,0.6048751554,1.038780724,0.0004381199513,-7.831400102,-0.6048751554,-0.0004381199513,-8.416541178,-8.416541178,0.005195009684,-0.4208270589,4.793689962e-07,9.587379924e-07,-9.587379924e-07,2.876213977e-06,-4.314320966e-06,-0.4208270589,4.793689962e-07,9.587379924e-07,-9.587379924e-07,2.876213977e-06,-4.314320966e-06,-0.4208270589,0,0,0,0,0,0
4.25,1,1,6.064017802e-05,3.73907817e-05,1.174454041e-05,0.0001406948004,3.163835375e-05,0.0281849795,0,0,0,0,0,-0.00837758041,0.02555319674,-0.006374934777,-0.004350046455,0.002631782758,0.03909467682,0.1568462582,15.2296074,-0,0.3212268855,-0.1652238386,0.05052602961,0.5953965793,1.036580106,0.0004456791389,-7.842312911,-0.5953965793,-0.0004456791389,-8.38762914,-8.38762914,0.005299290715,-0.419381457,-9.587379924e-07,1.438106989e-06,4.793689962e-07,2.396844981e-06,-2.876213977e-06,-0.419381457,-9.587379924e-07,1.438106989e-06,4.793689962e-07,2.396844981e-06,-2.876213977e-06,-0.419381457,0,0,0,0,0,0
4.26,1,1,6.064017802e-05,3.81098352e-05,1.27032784e-05,0.0001404551159,3.235740724e-05,0.02810444551,0,0,0,0,0,-0.007330382858,0.02548923018,-0.006418347657,-0.00433250966,0.002615215325,0.0387960083,0.1569710979,15.20558719,-0,0.3203326108,-0.1643014807,0.05761983228,0.5899160868,1.035448262,0.000453730432,-7.848554893,-0.5899160868,-0.000453730432,-8.381304878,-8.381304878,0.005402126543,-0.4190652439,-9.587379924e-07,-0,-1.438106989e-06,2.876213977e-06,-4.314320966e-06,-0.4190652439,-9.587379924e-07,-0,-1.438106989e-06,2.876213977e-06,-4.314320966e-06,-0.4190652439,0,0,0,0,0,0
4.27,1,1,6.064017802e-05,3.83495197e-05,1.198422491e-05,0.0001409344849,3.163835375e-05,0.02804332596,0,0,0,0,0,-0.005235987756,0.02542483038,-0.006461584575,-0.004314854087,0.002618495586,0.03879928546,0.1593095117,15.18742914,-0,0.3196537884,-0.1645454995,0.04234992266,0.5892613986,1.033286168,0.0004673877237,-7.965475586,-0.5892613986,-0.0004673877237,-8.51285445,-8.51285445,0.005506147598,-0.4256427225,-9.587379924e-07,-4.793689962e-07,-0,1.917475985e-06,-2.876213977e-06,-0.4256427225,-9.587379924e-07,-4.793689962e-07,-0,1.917475985e-06,-2.876213977e-06,-0.4256427225,0,0,0,0,0,0
4.28,1,1,6.159891601e-05,3.81098352e-05,1.150485591e-05,0.0001414138539,3.235740724e-05,0.02800066212,0,0,0,0,0,-0.003141592654,0.02535999908,-0.006504644344,-0.00429708022,0.002640663038,0.03908885452,0.1627579964,15.17479061,-0,0.3191798766,-0.1658995891,0.009523010768,0.5931651825,1.031144722,0.0004848690762,-8.137899821,-0.5931651825,-0.0004848690762,-8.722026862,-8.722026862,0.005614712331,-0.4361013431,-2.876213977e-06,-0,9.587379924e-07,9.587379924e-07,-4.314320966e-06,-0.4361013431,-2.876213977e-06,-0,9.587379924e-07,9.587379924e-07,-4.314320966e-06,-0.4361013431,0,0,0,0,0,0
4.29,1,1,6.064017802e-05,3.78701507e-05,1.198422491e-05,0.0001404551159,3.163835375e-05,0.02797693336,0,0,0,0,0,-0.001047197551,0.02529473808,-0.006547525786,-0.004279188546,0.002682195273,0.0396712419,0.167343386,15.16777427,-0,0.3189162726,-0.1683905836,-0.03811427153,0.6017244423,1.029024405,0.0005066018261,-8.367169301,-0.6017244423,-0.0005066018261,-9.007514616,-9.007514616,0.005729851316,-0.4503757308,-9.587379924e-07,4.793689962e-07,-0,2.876213977e-06,-2.876213977e-06,-0.4503757308,-9.587379924e-07,4.793689962e-07,-0,2.876213977e-06,-2.876213977e-06,-0.4503757308,0,0,0,0,0,0
4.3,1,1,5.992112453e-05,3.643204371e-05,1.174454041e-05,0.0001409344849,3.211772275e-05,0.02796758566,0,0,0,0,0,0,0.02522904917,-0.006590227724,-0.004261179556,0.002738536495,0.04047694084,0.1717486315,15.1650128,-0,0.3188124239,-0.1717486315,-0.09277202792,0.613833326,1.027967586,0.0005300617601,-8.587431573,-0.613833326,-0.0005300617601,-9.294566988,-9.294566988,0.005854094243,-0.4647283494,4.793689962e-07,3.355582973e-06,4.793689962e-07,1.917475985e-06,-3.83495197e-06,-0.4647283494,4.793689962e-07,3.355582973e-06,4.793689962e-07,1.917475985e-06,-3.83495197e-06,-0.4647283494,0,0,0,0,0,0
4.31,1,1,5.968144003e-05,3.73907817e-05,1.054611792e-05,0.0001418932229,3.187803825e-05,0.02796327134,0,0,0,0,0,0,0.02516293413,-0.006632748988,-0.004243053744,0.002800337209,0.04136403,0.1754232214,15.16373876,-0,0.3187644928,-0.1754232214,-0.1429927063,0.6272333451,1.027963271,0.0005536227621,-8.771161068,-0.6272333451,-0.0005536227621,-9.541940742,-9.541940742,0.005986762908,-0.4770970371,9.587379924e-07,1.438106989e-06,2.876213977e-06,-0,-3.355582973e-06,-0.4770970371,9.587379924e-07,1.438106989e-06,2.876213977e-06,-0,-3.355582973e-06,-0.4770970371,0,0,0,0,0,0
4.32,1,1,6.016080902e-05,3.715109721e-05,1.174454041e-05,0.0001409344849,3.163835375e-05,0.02795823797,-0.001047197551,0,0,0,0,0,0.02509639479,-0.006675088411,-0.004224811607,0.002861843173,0.04224522228,0.1790765341,15.16225277,-0,0.3187085725,-0.1790765341,-0.18355326,0.6405327384,1.027958238,0.0005783636229,-8.953826707,-0.6405327384,-0.0005783636229,-9.778491069,-9.778491069,0.006127228162,-0.4889245535,0.0001047197551,1.917475985e-06,4.793689962e-07,1.917475985e-06,-2.876213977e-06,-0.4889245535,0.0001047197551,1.917475985e-06,4.793689962e-07,1.917475985e-06,-2.876213977e-06,-0.4889245535,0,0,0,0,0,0
4.33,1,1,6.040049352e-05,3.85892042e-05,1.198422491e-05,0.0001406948004,3.163835375e-05,0.0279484109,0,0,0,0,0,-0.001047197551,0.02502943297,-0.006717244834,-0.004206453644,0.002918977928,0.0430587063,0.1814232058,15.15935274,-0,0.3185993926,-0.1824704034,-0.2119930451,0.6527421172,1.028995883,0.0006012311427,-9.071160292,-0.6527421172,-0.0006012311427,-9.936496685,-9.936496685,0.006274539476,-0.4968248343,-4.793689962e-07,-9.587379924e-07,-0,2.396844981e-06,-2.876213977e-06,-0.4968248343,-4.793689962e-07,-9.587379924e-07,-0,2.396844981e-06,-2.876213977e-06,-0.4968248343,0,0,0,0,0,0
4.34,1,1,6.087986252e-05,3.715109721e-05,1.174454041e-05,0.0001402154314,3.187803825e-05,0.02792971551,0,0,0,0,0,-0.001047197551,0.02496205051,-0.0067592171,-0.004187980359,0.002967665001,0.04374273161,0.18432047,15.15383998,-0,0.3183916764,-0.1853676676,-0.2261949198,0.6628703552,1.028977187,0.0006255232139,-9.216023501,-0.6628703552,-0.0006255232139,-10.1057143,-10.1057143,0.00642588758,-0.505285715,-1.438106989e-06,1.917475985e-06,4.793689962e-07,3.355582973e-06,-3.355582973e-06,-0.505285715,-1.438106989e-06,1.917475985e-06,4.793689962e-07,3.355582973e-06,-3.355582973e-06,-0.505285715,0,0,0,0,0,0
4.35,1,1,6.111954702e-05,3.643204371e-05,1.150485591e-05,0.0001402154314,3.211772275e-05,0.02790263116,0,0,0,0,0,-0.003141592654,0.02489424925,-0.006801004058,-0.004169392258,0.003008381913,0.04430466184,0.1846559844,15.14586372,-0,0.3180907355,-0.187797577,-0.2290080051,0.6710323702,1.031046691,0.0006443286844,-9.232799218,-0.6710323702,-0.0006443286844,-10.13348392,-10.13348392,0.006580107597,-0.5066741961,-1.917475985e-06,3.355582973e-06,9.587379924e-07,3.355582973e-06,-3.83495197e-06,-0.5066741961,-1.917475985e-06,3.355582973e-06,9.587379924e-07,3.355582973e-06,-3.83495197e-06,-0.5066741961,0,0,0,0,0,0
4.36,1,1,6.064017802e-05,3.81098352e-05,1.150485591e-05,0.0001409344849,3.187803825e-05,0.02786020701,0,0,0,0,0,-0.004188790205,0.02482603105,-0.006842604564,-0.004150689852,0.003034175956,0.04463945696,0.1851669037,15.13339406,-0,0.3176193056,-0.1893556939,-0.2154695659,0.6755464926,1.032053384,0.00066249791,-9.258345185,-0.6755464926,-0.00066249791,-10.15002374,-10.15002374,0.006733402927,-0.5075011871,-9.587379924e-07,-0,9.587379924e-07,1.917475985e-06,-3.355582973e-06,-0.5075011871,-9.587379924e-07,-0,9.587379924e-07,1.917475985e-06,-3.355582973e-06,-0.5075011871,0,0,0,0,0,0
4.37,1,1,5.968144003e-05,3.73907817e-05,1.126517141e-05,0.0001409344849,3.187803825e-05,0.0277969303,0,0,0,0,0,-0.006283185307,0.02475739778,-0.006884017476,-0.004131873652,0.003039532516,0.04466431724,0.1834383063,15.11484986,-0,0.316916055,-0.1897214916,-0.1822962536,0.6750944492,1.034089985,0.0006734987686,-9.171915314,-0.6750944492,-0.0006734987686,-10.02997952,-10.02997952,0.006881517044,-0.5014989758,9.587379924e-07,1.438106989e-06,1.438106989e-06,1.917475985e-06,-3.355582973e-06,-0.5014989758,9.587379924e-07,1.438106989e-06,1.438106989e-06,1.917475985e-06,-3.355582973e-06,-0.5014989758,0,0,0,0,0,0
4.38,1,1,5.968144003e-05,3.715109721e-05,1.24635939e-05,0.0001411741694,3.163835375e-05,0.0277180741,0,0,0,0,0,-0.00837758041,0.02468835133,-0.00692524166,-0.004112944175,0.003029722769,0.04445993067,0.180824891,15.09183113,-0,0.3160394868,-0.1892024714,-0.139130327,0.6709817656,1.0361132,0.0006802994911,-9.041244548,-0.6709817656,-0.0006802994911,-9.85203694,-9.85203694,0.007022733698,-0.492601847,9.587379924e-07,1.917475985e-06,-9.587379924e-07,1.438106989e-06,-2.876213977e-06,-0.492601847,9.587379924e-07,1.917475985e-06,-9.587379924e-07,1.438106989e-06,-2.876213977e-06,-0.492601847,0,0,0,0,0,0
4.39,1,1,6.040049352e-05,3.715109721e-05,1.174454041e-05,0.0001411741694,3.139866925e-05,0.0276284321,0,0,0,0,0,-0.007330382858,0.02461889358,-0.006966275984,-0.004093901939,0.003009538514,0.04409953867,0.180747084,15.06578649,-0,0.3150427965,-0.1880774669,-0.09297195867,0.6643942339,1.034972249,0.0006915171536,-9.037354201,-0.6643942339,-0.0006915171536,-9.795411911,-9.795411911,0.007156775854,-0.4897705956,-4.793689962e-07,1.917475985e-06,4.793689962e-07,1.438106989e-06,-2.396844981e-06,-0.4897705956,-4.793689962e-07,1.917475985e-06,4.793689962e-07,1.438106989e-06,-2.396844981e-06,-0.4897705956,0,0,0,0,0,0
4.4,1,1,6.016080902e-05,3.667172821e-05,1.150485591e-05,0.0001409344849,3.163835375e-05,0.02754214568,0,0,0,0,0,-0.00837758041,0.02454902645,-0.007007119324,-0.004074747467,0.002993119231,0.04379659818,0.1787938761,15.04083946,-0,0.3140831879,-0.1871714565,-0.05928617127,0.6587376023,1.035937272,0.0006978349182,-8.939693804,-0.6587376023,-0.0006978349182,-9.658415412,-9.658415412,0.007286466539,-0.4829207706,-0,2.876213977e-06,9.587379924e-07,1.917475985e-06,-2.876213977e-06,-0.4829207706,-0,2.876213977e-06,9.587379924e-07,1.917475985e-06,-2.876213977e-06,-0.4829207706,0,0,0,0,0,0
4.41,1,1,6.016080902e-05,3.691141271e-05,1.24635939e-05,0.0001409344849,3.259709174e-05,0.02745585926,0,0,0,0,0,-0.007330382858,0.02447875184,-0.007047770561,-0.004055481283,0.002977107421,0.04350041522,0.1789581787,15.01601228,-0,0.3131233569,-0.1862885615,-0.03243722505,0.6532027691,1.034799676,0.0007088794432,-8.947908934,-0.6532027691,-0.0007088794432,-9.634257807,-9.634257807,0.007410810902,-0.4817128904,-0,2.396844981e-06,-9.587379924e-07,1.917475985e-06,-4.793689962e-06,-0.4817128904,-0,2.396844981e-06,-9.587379924e-07,1.917475985e-06,-4.793689962e-06,-0.4817128904,0,0,0,0,0,0
4.42,1,1,5.992112453e-05,3.78701507e-05,1.174454041e-05,0.0001411741694,3.163835375e-05,0.02737220937,0,0.001047197551,0,0,0,-0.006283185307,0.02440807168,-0.007088228579,-0.004036103917,0.002964137689,0.0432504621,0.1792996615,14.99205766,-0,0.3121926423,-0.1855828469,-0.01363367686,0.6484134216,1.033665264,0.0007202516298,-8.964983077,-0.6484134216,-0.0007202516298,-9.627750427,-9.627750427,0.007531484403,-0.4813875214,4.793689962e-07,-0.0001042403861,4.793689962e-07,1.438106989e-06,-2.876213977e-06,-0.4813875214,4.793689962e-07,-0.0001042403861,4.793689962e-07,1.438106989e-06,-2.876213977e-06,-0.4813875214,0,0,0,0,0,0
4.43,1,1,5.968144003e-05,3.906857319e-05,1.174454041e-05,0.0001411741694,3.187803825e-05,0.02729023727,0,0,0,0,0,-0.00837758041,0.02433698791,-0.00712849227,-0.004016615899,0.002953249357,0.04303214544,0.1766207678,14.96869191,-0,0.3112803936,-0.1849983482,-0.0002682286979,0.6441349273,1.035685364,0.0007233926179,-8.83103839,-0.6441349273,-0.0007233926179,-9.476164939,-9.476164939,0.007648065365,-0.4738082469,9.587379924e-07,-1.917475985e-06,4.793689962e-07,1.438106989e-06,-3.355582973e-06,-0.4738082469,9.587379924e-07,-1.917475985e-06,4.793689962e-07,1.438106989e-06,-3.355582973e-06,-0.4738082469,0,0,0,0,0,0
4.44,1,1,6.040049352e-05,3.78701507e-05,1.22239094e-05,0.0001402154314,3.187803825e-05,0.02721257949,0,0,0,0.001047197551,0,-0.00837758041,0.02426550249,-0.00716856053,-0.003997017763,0.002947077007,0.0428847018,0.1763117493,14.94665455,-0,0.3104159743,-0.1846893297,0.00528092265,0.6409828233,1.035607706,0.0007328213248,-8.815587463,-0.6409828233,-0.0007328213248,-9.452022185,-9.452022185,0.007762026762,-0.4726011093,-4.793689962e-07,4.793689962e-07,-4.793689962e-07,-0.0001013641721,-3.355582973e-06,-0.4726011093,-4.793689962e-07,4.793689962e-07,-4.793689962e-07,-0.0001013641721,-3.355582973e-06,-0.4726011093,0,0,0,0,0,0
4.45,1,1,6.087986252e-05,3.81098352e-05,1.198422491e-05,0.0001406948004,3.211772275e-05,0.02713564077,0,0,0,0,0,-0.007330382858,0.02419361736,-0.00720843226,-0.003977310047,0.002942023411,0.04275413427,0.1771151455,14.92491551,-0,0.309559383,-0.1844455284,0.008694151591,0.6381018419,1.034479457,0.000745165835,-8.855757276,-0.6381018419,-0.000745165835,-9.485910133,-9.485910133,0.007873937803,-0.4742955066,-1.438106989e-06,-0,-0,2.396844981e-06,-3.83495197e-06,-0.4742955066,-1.438106989e-06,-0,-0,2.396844981e-06,-3.83495197e-06,-0.4742955066,0,0,0,0,0,0
4.46,1,1,6.064017802e-05,3.83495197e-05,1.22239094e-05,0.0001411741694,3.139866925e-05,0.02705894173,0,0,0,0,0,-0.006283185307,0.0241213345,-0.007248106368,-0.003957493291,0.00293760723,0.04263320121,0.1779556335,14.90333727,-0,0.3087052865,-0.1842388188,0.01066686063,0.6353769764,1.033351997,0.0007574189821,-8.897781675,-0.6353769764,-0.0007574189821,-9.523249209,-9.523249209,0.00798283974,-0.4761624605,-9.587379924e-07,-4.793689962e-07,-4.793689962e-07,1.438106989e-06,-2.396844981e-06,-0.4761624605,-9.587379924e-07,-4.793689962e-07,-4.793689962e-07,1.438106989e-06,-2.396844981e-06,-0.4761624605,0,0,0,0,0,0
4.47,1,1,6.016080902e-05,3.667172821e-05,1.22239094e-05,0.0001411741694,3.163835375e-05,0.02699302849,0,0,0,0,0,-0.006283185307,0.02404865589,-0.007287581764,-0.003937568038,0.0029443726,0.04267879873,0.1784032527,14.88486745,-0,0.3079711591,-0.184686438,0.0007272322151,0.6352682618,1.033286083,0.0007697219286,-8.920162635,-0.6352682618,-0.0007697219286,-9.555473386,-9.555473386,0.008092958834,-0.4777736693,-0,2.876213977e-06,-4.793689962e-07,1.438106989e-06,-2.876213977e-06,-0.4777736693,-0,2.876213977e-06,-4.793689962e-07,1.438106989e-06,-2.876213977e-06,-0.4777736693,0,0,0,0,0,0
4.48,1,1,5.992112453e-05,3.691141271e-05,1.174454041e-05,0.0001418932229,3.163835375e-05,0.02693598358,0,0,0,0,0,-0.005235987756,0.02397558353,-0.007326857369,-0.003917534835,0.002960400052,0.0428617699,0.1804400802,14.8689377,-0,0.3073357021,-0.185676068,-0.01788646166,0.6373089862,1.032178825,0.0007876015914,-9.022004011,-0.6373089862,-0.0007876015914,-9.677987061,-9.677987061,0.008205223634,-0.483899353,4.793689962e-07,2.396844981e-06,4.793689962e-07,-0,-2.876213977e-06,-0.483899353,4.793689962e-07,2.396844981e-06,4.793689962e-07,-0,-2.876213977e-06,-0.483899353,0,0,0,0,0,0
4.49,1,1,6.064017802e-05,3.667172821e-05,1.22239094e-05,0.0001409344849,3.139866925e-05,0.02688732763,0,0,-0.001047197551,0,0,-0.003141592654,0.02390211941,-0.007365932103,-0.003897394231,0.002985208214,0.04317452344,0.1840376506,14.85539081,-0,0.3067936194,-0.1871792433,-0.04250822137,0.6413744186,1.030031388,0.0008112301691,-9.201882532,-0.6413744186,-0.0008112301691,-9.886576402,-9.886576402,0.008321333481,-0.4943288201,-9.587379924e-07,2.876213977e-06,0.0001042403861,1.917475985e-06,-2.396844981e-06,-0.4943288201,-9.587379924e-07,2.876213977e-06,0.0001042403861,1.917475985e-06,-2.396844981e-06,-0.4943288201,0,0,0,0,0,0
4.5,1,1,6.087986252e-05,3.715109721e-05,1.150485591e-05,0.0001406948004,3.211772275e-05,0.02686311949,0,0,0,0,0,-0.002094395102,0.02382826556,-0.007404804897,-0.003877146778,0.003034853933,0.0438550902,0.1880395954,14.8486645,-0,0.3065238874,-0.1901339905,-0.08905575249,0.6511895212,1.028958611,0.0008396550362,-9.401979772,-0.6511895212,-0.0008396550362,-10.1430647,-10.1430647,0.008447907615,-0.507153235,-1.438106989e-06,1.917475985e-06,9.587379924e-07,2.396844981e-06,-3.83495197e-06,-0.507153235,-1.438106989e-06,1.917475985e-06,9.587379924e-07,2.396844981e-06,-3.83495197e-06,-0.507153235,0,0,0,0,0,0
4.51,1,1,6.040049352e-05,3.715109721e-05,1.150485591e-05,0.0001409344849,3.187803825e-05,0.02685113527,0,0,0,0,0,0,0.02375402399,-0.007443474684,-0.00385679303,0.003097111276,0.04472144434,0.1938228258,14.84533804,-0,0.3063903504,-0.1938228258,-0.140517723,0.6639049587,1.026851135,0.0008758584314,-9.691141288,-0.6639049587,-0.0008758584314,-10.49643983,-10.49643983,0.008585527703,-0.5248219914,-4.793689962e-07,1.917475985e-06,9.587379924e-07,1.917475985e-06,-3.355582973e-06,-0.5248219914,-4.793689962e-07,1.917475985e-06,9.587379924e-07,1.917475985e-06,-3.355582973e-06,-0.5248219914,0,0,0,0,0,0
4.52,1,1,6.087986252e-05,3.76304662e-05,1.198422491e-05,0.0001414138539,3.163835375e-05,0.02684250663,0,0,0,0,0,0,0.02367939675,-0.007481940405,-0.003836333547,0.00316310988,0.0456417777,0.1977260866,14.84294437,-0,0.3062942012,-0.1977260866,-0.1863182153,0.6774583671,1.026842507,0.0009087473558,-9.886304328,-0.6774583671,-0.0009087473558,-10.75098966,-10.75098966,0.008732916872,-0.5375494829,-1.438106989e-06,9.587379924e-07,-0,9.587379924e-07,-2.876213977e-06,-0.5375494829,-1.438106989e-06,9.587379924e-07,-0,9.587379924e-07,-2.876213977e-06,-0.5375494829,0,0,0,0,0,0
4.53,1,1,6.087986252e-05,3.81098352e-05,1.27032784e-05,0.0001411741694,3.235740724e-05,0.02683747325,0,0,0,0,0,0,0.02360438587,-0.007520201005,-0.003815768889,0.003233087384,0.0466195804,0.2018568355,14.84154859,-0,0.3062381131,-0.2018568355,-0.2278876677,0.6919067679,1.026837473,0.0009444062736,-10.09284177,-0.6919067679,-0.0009444062736,-11.01358062,-11.01358062,0.008890708795,-0.5506790308,-1.438106989e-06,-0,-1.438106989e-06,1.438106989e-06,-4.314320966e-06,-0.5506790308,-1.438106989e-06,-0,-1.438106989e-06,1.438106989e-06,-4.314320966e-06,-0.5506790308,0,0,0,0,0,0
4.54,1,1,6.087986252e-05,3.715109721e-05,1.198422491e-05,0.0001404551159,3.163835375e-05,0.02682956366,0,0,0,0,0,-0.001047197551,0.02352899341,-0.007558255434,-0.003795099619,0.00330057025,0.04755875594,0.2047905473,14.83935603,-0,0.3061499732,-0.2058377448,-0.2588226423,0.705741312,1.027877035,0.000978059145,-10.23952736,-0.705741312,-0.000978059145,-11.20506938,-11.20506938,0.009057676362,-0.5602534689,-1.438106989e-06,1.917475985e-06,-0,2.876213977e-06,-2.876213977e-06,-0.5602534689,-1.438106989e-06,1.917475985e-06,-0,2.876213977e-06,-2.876213977e-06,-0.5602534689,0,0,0,0,0,0
4.55,1,1,6.111954702e-05,3.81098352e-05,1.174454041e-05,0.0001414138539,3.163835375e-05,0.02681446354,0,0,0,0,0,-0.002094395102,0.02345322145,-0.00759610265,-0.003774326305,0.00336124209,0.04839527401,0.2073242671,14.83517295,-0,0.3059817011,-0.2094186622,-0.2769426176,0.7179522597,1.028909955,0.001011219936,-10.36621336,-0.7179522597,-0.001011219936,-11.36211945,-11.36211945,0.009232020452,-0.5681059727,-1.917475985e-06,-0,4.793689962e-07,9.587379924e-07,-2.876213977e-06,-0.5681059727,-1.917475985e-06,-0,4.793689962e-07,9.587379924e-07,-2.876213977e-06,-0.5681059727,0,0,0,0,0,0
4.56,1,1,6.016080902e-05,3.81098352e-05,1.22239094e-05,0.0001409344849,3.211772275e-05,0.02679433004,0,0,0,0,0,-0.001047197551,0.02337707206,-0.007633741615,-0.003753449516,0.003417257987,0.04916117105,0.211678807,14.82960101,-0,0.3057573279,-0.2127260046,-0.286865986,0.729040552,1.027841802,0.001050497267,-10.58394035,-0.729040552,-0.001050497267,-11.60089739,-11.60089739,0.00941355356,-0.5800448693,-0,-0,-4.793689962e-07,1.917475985e-06,-3.83495197e-06,-0.5800448693,-0,-0,-4.793689962e-07,1.917475985e-06,-3.83495197e-06,-0.5800448693,0,0,0,0,0,0
4.57,1,1,6.135923152e-05,3.83495197e-05,1.174454041e-05,0.0001411741694,3.211772275e-05,0.02677899024,0,0,0,0,0,-0.001047197551,0.02330054732,-0.007671171298,-0.003732469825,0.003478442919,0.05000216464,0.2152830087,14.82535996,-0,0.3055863689,-0.2163302063,-0.300083796,0.7413000898,1.027826462,0.001090028932,-10.76415044,-0.7413000898,-0.001090028932,-11.80662435,-11.80662435,0.009605053644,-0.5903312176,-2.396844981e-06,-4.793689962e-07,4.793689962e-07,1.438106989e-06,-3.83495197e-06,-0.5903312176,-2.396844981e-06,-4.793689962e-07,4.793689962e-07,1.438106989e-06,-3.83495197e-06,-0.5903312176,0,0,0,0,0,0
4.58,1,1,5.944175553e-05,3.76304662e-05,1.174454041e-05,0.0001406948004,3.091930026e-05,0.0267408804,0,0,0,0,0,-0.003141592654,0.02322364933,-0.007708390671,-0.003711387805,0.003517231069,0.0505096941,0.2154922677,14.81483942,-0,0.3051616131,-0.2186338604,-0.2871366085,0.7482930074,1.02988494,0.001117311803,-10.77461339,-0.7482930074,-0.001117311803,-11.81116031,-11.81116031,0.009796109487,-0.5905580157,1.438106989e-06,9.587379924e-07,4.793689962e-07,2.396844981e-06,-1.438106989e-06,-0.5905580157,1.438106989e-06,9.587379924e-07,4.793689962e-07,2.396844981e-06,-1.438106989e-06,-0.5905580157,0,0,0,0,0,0
4.59,1,1,6.064017802e-05,3.691141271e-05,1.27032784e-05,0.0001397360624,3.187803825e-05,0.02670253088,0,0,0,0,0,-0.004188790205,0.02314638021,-0.007745398715,-0.003690204036,0.003556150673,0.05101790963,0.2167552315,14.80427546,-0,0.3047341432,-0.2209440217,-0.2769475617,0.7552831875,1.030895708,0.001148533665,-10.83776158,-0.7552831875,-0.001148533665,-11.87114086,-11.87114086,0.00999132442,-0.5935570429,-9.587379924e-07,2.396844981e-06,-1.438106989e-06,4.314320966e-06,-3.355582973e-06,-0.5935570429,-9.587379924e-07,2.396844981e-06,-1.438106989e-06,4.314320966e-06,-3.355582973e-06,-0.5935570429,0,0,0,0,0,0
4.6,1,1,6.087986252e-05,3.619235921e-05,1.150485591e-05,0.0001402154314,3.163835375e-05,0.02665171777,0,0,0,-0.001047197551,0,-0.006283185307,0.02306874206,-0.007782194414,-0.003668919099,0.003582975702,0.05134595937,0.2162700616,14.79031327,-0,0.3041676797,-0.2225532469,-0.2552895533,0.7594228244,1.032944773,0.001173138006,-10.81350308,-0.7594228244,-0.001173138006,-11.8293886,-11.8293886,0.01018696195,-0.5914694298,-1.438106989e-06,3.83495197e-06,9.587379924e-07,0.0001080753381,-2.876213977e-06,-0.5914694298,-1.438106989e-06,3.83495197e-06,9.587379924e-07,0.0001080753381,-2.876213977e-06,-0.5914694298,0,0,0,0,0,0
4.61,1,1,5.992112453e-05,3.76304662e-05,1.22239094e-05,0.0001411741694,3.163835375e-05,0.02655943924,0,0,0,0,0,-0.01151917306,0.02299073703,-0.007818776761,-0.003647533576,0.003568702205,0.05106599206,0.2102643592,14.76505934,-0,0.3031387691,-0.2217835322,-0.1936586078,0.7539924033,1.038111785,0.001172771397,-10.51321796,-0.7539924033,-0.001172771397,-11.46204174,-11.46204174,0.01036827214,-0.5731020871,4.793689962e-07,9.587379924e-07,-4.793689962e-07,1.438106989e-06,-2.876213977e-06,-0.5731020871,4.793689962e-07,9.587379924e-07,-4.793689962e-07,1.438106989e-06,-2.876213977e-06,-0.5731020871,0,0,0,0,0,0
4.62,1,1,5.992112453e-05,3.73907817e-05,1.078580241e-05,0.0001416535384,3.139866925e-05,0.02642353812,0,0,0,0,0,-0.01570796327,0.02291236724,-0.007855144753,-0.003626048054,0.003511170881,0.05014931942,0.2027981982,14.72810556,-0,0.3016230159,-0.2185061615,-0.09761022662,0.7386044702,1.042193186,0.001157777218,-10.13990991,-0.7386044702,-0.001157777218,-10.97728239,-10.97728239,0.01052680124,-0.5488641193,4.793689962e-07,1.438106989e-06,2.396844981e-06,4.793689962e-07,-2.396844981e-06,-0.5488641193,4.793689962e-07,1.438106989e-06,2.396844981e-06,4.793689962e-07,-2.396844981e-06,-0.5488641193,0,0,0,0,0,0
4.63,1,1,6.016080902e-05,3.83495197e-05,1.174454041e-05,0.0001399757469,3.211772275e-05,0.02623011273,0,0,0,0,0,-0.02303834613,0.02283363485,-0.007891297391,-0.003604463122,0.003396477882,0.04839664352,0.1888641417,14.6759965,-0,0.2994647572,-0.2119024878,0.0422417919,0.7102689708,1.04940115,0.001106569805,-9.443207083,-0.7102689708,-0.001106569805,-10.11234083,-10.11234083,0.01065115497,-0.5056170416,-0,-4.793689962e-07,4.793689962e-07,3.83495197e-06,-3.83495197e-06,-0.5056170416,-0,-4.793689962e-07,4.793689962e-07,3.83495197e-06,-3.83495197e-06,-0.5056170416,0,0,0,0,0,0
4.64,1,1,6.016080902e-05,3.73907817e-05,1.22239094e-05,0.0001411741694,3.187803825e-05,0.02599018855,0,0,0,0,0,-0.02303834613,0.02275454202,-0.007927233686,-0.003582779372,0.003235646535,0.04597788012,0.1795517782,14.61214796,-0,0.2967861737,-0.2025901243,0.2051326195,0.6718355873,1.049161226,0.001060227799,-8.977588908,-0.6718355873,-0.001060227799,-9.445352104,-9.445352104,0.01073619824,-0.4722676052,-0,1.438106989e-06,-4.793689962e-07,1.438106989e-06,-3.355582973e-06,-0.4722676052,-0,1.438106989e-06,-4.793689962e-07,1.438106989e-06,-3.355582973e-06,-0.4722676052,0,0,0,0,0,0
4.65,1,1,6.016080902e-05,3.73907817e-05,1.24635939e-05,0.0001411741694,3.211772275e-05,0.02574451194,0,0,0,0,0,-0.02408554368,0.0226750909,-0.007962952651,-0.003560997398,0.003069421038,0.04349422233,0.1688420705,14.54766293,-0,0.2940416752,-0.1929276142,0.3441365597,0.6327392859,1.049975084,0.001003897665,-8.442103524,-0.6327392859,-0.001003897665,-8.731710148,-8.731710148,0.0107906613,-0.4365855074,-0,1.438106989e-06,-9.587379924e-07,1.438106989e-06,-3.83495197e-06,-0.4365855074,-0,1.438106989e-06,-9.587379924e-07,1.438106989e-06,-3.83495197e-06,-0.4365855074,0,0,0,0,0,0
4.66,1,1,6.087986252e-05,3.715109721e-05,1.126517141e-05,0.0001404551159,3.187803825e-05,0.02549260353,0,0,0,0,0,-0.02408554368,0.02259528369,-0.007998453308,-0.003539117797,0.002897319842,0.04093957708,0.1587982599,14.48247162,-0,0.2912257963,-0.1828838036,0.4651025806,0.5929062632,1.049723176,0.0009460983314,-7.939912996,-0.5929062632,-0.0009460983314,-8.068662777,-8.068662777,0.01081499217,-0.4034331389,-1.438106989e-06,1.917475985e-06,1.438106989e-06,2.876213977e-06,-3.355582973e-06,-0.4034331389,-1.438106989e-06,1.917475985e-06,1.438106989e-06,2.876213977e-06,-3.355582973e-06,-0.4034331389,0,0,0,0,0,0
4.67,1,1,5.992112453e-05,3.667172821e-05,1.22239094e-05,0.0001409344849,3.211772275e-05,0.02527760654,0,0,0,0,0,-0.01675516082,0.02251512257,-0.008033734684,-0.00351714117,0.002762483971,0.0389371008,0.1582433668,14.42756918,-0,0.288821119,-0.1749985276,0.52296708,0.5617677154,1.042102951,0.0009299694203,-7.912168338,-0.5617677154,-0.0009299694203,-7.951898943,-7.951898943,0.01082401952,-0.3975949472,4.793689962e-07,2.876213977e-06,-4.793689962e-07,1.917475985e-06,-3.83495197e-06,-0.3975949472,4.793689962e-07,2.876213977e-06,-4.793689962e-07,1.917475985e-06,-3.83495197e-06,-0.3975949472,0,0,0,0,0,0
4.68,1,1,6.016080902e-05,3.715109721e-05,1.24635939e-05,0.0001411741694,3.211772275e-05,0.02515057376,0,0,0,0,0,-0.007330382858,0.02243460973,-0.00806879581,-0.003495068119,0.002715964023,0.03821511998,0.1649729839,14.39544566,-0,0.287399693,-0.1723033668,0.4751556886,0.5501236831,1.03249439,0.0009529560628,-8.248649197,-0.5501236831,-0.0009529560628,-8.324570148,-8.324570148,0.01083939228,-0.4162285074,-0,1.917475985e-06,-9.587379924e-07,1.438106989e-06,-3.83495197e-06,-0.4162285074,-0,1.917475985e-06,-9.587379924e-07,1.438106989e-06,-3.83495197e-06,-0.4162285074,0,0,0,0,0,0
4.69,1,1,6.087986252e-05,3.73907817e-05,1.102548691e-05,0.0001416535384,3.163835375e-05,0.02510287654,0,0,0,0,0,-0.001047197551,0.02235374739,-0.008103635727,-0.003472899249,0.00274912915,0.0386409454,0.1732590302,14.38344447,-0,0.2868658728,-0.1743062278,0.350517405,0.5557898924,1.026150348,0.0009913169999,-8.662951512,-0.5557898924,-0.0009913169999,-8.869215316,-8.869215316,0.01087152121,-0.4434607658,-1.438106989e-06,1.438106989e-06,1.917475985e-06,4.793689962e-07,-2.876213977e-06,-0.4434607658,-1.438106989e-06,1.438106989e-06,1.917475985e-06,4.793689962e-07,-2.876213977e-06,-0.4434607658,0,0,0,0,0,0
4.7,1,1,5.992112453e-05,3.715109721e-05,1.24635939e-05,0.0001404551159,3.187803825e-05,0.02510119875,0,0,0,0,0,0,0.02227253776,-0.008138253478,-0.003450635167,0.00282866099,0.0397323444,0.1790392427,14.38302292,-0,0.2868470941,-0.1790392427,0.1996482047,0.57147122,1.025101199,0.001026904505,-8.951962135,-0.57147122,-0.001026904505,-9.324812054,-9.324812054,0.01092198622,-0.4662406027,4.793689962e-07,1.917475985e-06,-9.587379924e-07,2.876213977e-06,-3.355582973e-06,-0.4662406027,4.793689962e-07,1.917475985e-06,-9.587379924e-07,2.876213977e-06,-3.355582973e-06,-0.4662406027,0,0,0,0,0,0
4.71,1,1,5.992112453e-05,3.81098352e-05,1.174454041e-05,0.0001411741694,3.139866925e-05,0.02510551307,0,0,0,0,0,0,0.02219098306,-0.008172648115,-0.003428276485,0.002914530006,0.0409132584,0.1841388471,14.384107,-0,0.2868953821,-0.1841388471,0.06990649661,0.5885006864,1.025105513,0.001062219212,-9.206942353,-0.5885006864,-0.001062219212,-9.726598762,-9.726598762,0.01098593089,-0.4863299381,4.793689962e-07,-0,4.793689962e-07,1.438106989e-06,-2.396844981e-06,-0.4863299381,4.793689962e-07,-0,4.793689962e-07,1.438106989e-06,-2.396844981e-06,-0.4863299381,0,0,0,0,0,0
4.72,1,1,5.992112453e-05,3.76304662e-05,1.22239094e-05,0.0001411741694,3.163835375e-05,0.02510838928,0,0,0,0,0,0,0.02210908554,-0.008206818694,-0.003405823814,0.002999303741,0.04207677591,0.1891671654,14.38482987,-0,0.2869275739,-0.1891671654,-0.03478280728,0.6052672628,1.025108389,0.001098756252,-9.458358268,-0.6052672628,-0.001098756252,-10.09950709,-10.09950709,0.01106298052,-0.5049753547,4.793689962e-07,9.587379924e-07,-4.793689962e-07,1.438106989e-06,-2.876213977e-06,-0.5049753547,4.793689962e-07,9.587379924e-07,-4.793689962e-07,1.438106989e-06,-2.876213977e-06,-0.5049753547,0,0,0,0,0,0
4.73,1,1,5.992112453e-05,3.73907817e-05,1.198422491e-05,0.0001418932229,3.139866925e-05,0.02510982739,0,0,0,0,0,0,0.02202684744,-0.00824076428,-0.003383277772,0.003082979951,0.04322285233,0.194124398,14.38519134,-0,0.2869436696,-0.194124398,-0.119177542,0.6217690012,1.025109827,0.001136603236,-9.706219901,-0.6217690012,-0.001136603236,-10.44830305,-10.44830305,0.01115304863,-0.5224151524,4.793689962e-07,1.438106989e-06,-0,-0,-2.396844981e-06,-0.5224151524,4.793689962e-07,1.438106989e-06,-0,-0,-2.396844981e-06,-0.5224151524,0,0,0,0,0,0
4.74,1,1,5.992112453e-05,3.691141271e-05,1.150485591e-05,0.0001414138539,3.187803825e-05,0.02510910834,0,0,0,0,0,0,0.02194427101,-0.00827448394,-0.003360638975,0.003164837327,0.04434110106,0.1989686599,14.3850106,-0,0.2869356218,-0.1989686599,-0.1859861191,0.6378472088,1.025109108,0.001175664121,-9.948432993,-0.6378472088,-0.001175664121,-10.77344199,-10.77344199,0.01125670819,-0.5386720993,4.793689962e-07,2.396844981e-06,9.587379924e-07,9.587379924e-07,-3.355582973e-06,-0.5386720993,4.793689962e-07,2.396844981e-06,9.587379924e-07,9.587379924e-07,-3.355582973e-06,-0.5386720993,0,0,0,0,0,0
4.75,1,1,5.920207103e-05,3.73907817e-05,1.22239094e-05,0.0001409344849,3.163835375e-05,0.02510790991,0,0,0,0,0,0,0.02186135852,-0.008307976752,-0.003337908044,0.003246551397,0.04545561619,0.2037983717,14.38470938,-0,0.2869222086,-0.2037983717,-0.2403294601,0.6538658285,1.02510791,0.001216569605,-10.18991858,-0.6538658285,-0.001216569605,-11.08533044,-11.08533044,0.01137355908,-0.554266522,1.917475985e-06,1.438106989e-06,-4.793689962e-07,1.917475985e-06,-2.876213977e-06,-0.554266522,1.917475985e-06,1.438106989e-06,-4.793689962e-07,1.917475985e-06,-2.876213977e-06,-0.554266522,0,0,0,0,0,0
4.76,1,1,6.040049352e-05,3.715109721e-05,1.198422491e-05,0.0001411741694,3.187803825e-05,0.02510575275,0,0,0,0,0,0,0.02177811223,-0.008341241796,-0.003315085603,0.00332764052,0.04655946164,0.2085855049,14.38416723,-0,0.2868980648,-0.2085855049,-0.2840030109,0.6697190825,1.025105753,0.001259248882,-10.42927525,-0.6697190825,-0.001259248882,-11.38425659,-11.38425659,0.01150360991,-0.5692128294,-4.793689962e-07,1.917475985e-06,-0,1.438106989e-06,-3.355582973e-06,-0.5692128294,-4.793689962e-07,1.917475985e-06,-0,1.438106989e-06,-3.355582973e-06,-0.5692128294,0,0,0,0,0,0
4.77,1,1,6.135923152e-05,3.715109721e-05,1.174454041e-05,0.0001406948004,3.163835375e-05,0.0251050337,0,0,0,0,0,0,0.02169453444,-0.008374278161,-0.003292172277,0.003410499257,0.0476870734,0.2134697934,14.38398653,-0,0.2868900168,-0.2134697934,-0.3213603448,0.6859302215,1.025105034,0.001304690359,-10.67348967,-0.6859302215,-0.001304690359,-11.68208493,-11.68208493,0.01164724149,-0.5841042464,-2.396844981e-06,1.917475985e-06,4.793689962e-07,2.396844981e-06,-2.876213977e-06,-0.5841042464,-2.396844981e-06,1.917475985e-06,4.793689962e-07,2.396844981e-06,-2.876213977e-06,-0.5841042464,0,0,0,0,0,0
4.78,1,1,6.064017802e-05,3.667172821e-05,1.24635939e-05,0.0001409344849,3.235740724e-05,0.02510359559,0,0,0,0,0,0,0.02161062744,-0.008407084941,-0.003269168694,0.003492968157,0.04880738138,0.2183251808,14.38362515,-0,0.2868739208,-0.2183251808,-0.3514133636,0.7020270783,1.025103596,0.001352246538,-10.91625904,-0.7020270783,-0.001352246538,-11.97105173,-11.97105173,0.01180452195,-0.5985525864,-9.587379924e-07,2.876213977e-06,-9.587379924e-07,1.917475985e-06,-4.314320966e-06,-0.5985525864,-9.587379924e-07,2.876213977e-06,-9.587379924e-07,1.917475985e-06,-4.314320966e-06,-0.5985525864,0,0,0,0,0,0
4.79,1,1,6.135923152e-05,3.691141271e-05,1.150485591e-05,0.0001406948004,3.163835375e-05,0.02510215749,0,0,0,0,0,0,0.02152639351,-0.008439661236,-0.003246075486,0.003575763973,0.04993068782,0.2231934534,14.3832638,-0,0.2868578248,-0.2231934534,-0.3761840125,0.7181662547,1.025102157,0.001402298395,-11.15967267,-0.7181662547,-0.001402298395,-12.25542524,-12.25542524,0.01197563015,-0.6127712618,-2.396844981e-06,2.396844981e-06,9.587379924e-07,2.396844981e-06,-2.876213977e-06,-0.6127712618,-2.396844981e-06,2.396844981e-06,9.587379924e-07,2.396844981e-06,-2.876213977e-06,-0.6127712618,0,0,0,0,0,0
4.8,1,1,6.111954702e-05,3.715109721e-05,1.126517141e-05,0.0001416535384,3.211772275e-05,0.0250988019,0,0,0,0,0,0,0.02144183498,-0.008472006154,-0.003222893285,0.003656966921,0.05102937364,0.2279631911,14.38242077,-0,0.2868202672,-0.2279631911,-0.3947601231,0.733925923,1.025098802,0.001454184898,-11.39815956,-0.733925923,-0.001454184898,-12.52829979,-12.52829979,0.01216007436,-0.6264149894,-1.917475985e-06,1.917475985e-06,1.438106989e-06,4.793689962e-07,-3.83495197e-06,-0.6264149894,-1.917475985e-06,1.917475985e-06,1.438106989e-06,4.793689962e-07,-3.83495197e-06,-0.6264149894,0,0,0,0,0,0
4.81,1,1,5.944175553e-05,3.619235921e-05,1.126517141e-05,0.0001411741694,3.091930026e-05,0.02509257011,0,0,0,0,0,0,0.02135695416,-0.008504118807,-0.003199622727,0.003735615942,0.05208961551,0.2325791508,14.38085556,-0,0.2867505165,-0.2325791508,-0.4070105399,0.7490932369,1.02509257,0.001507606042,-11.62895754,-0.7490932369,-0.001507606042,-12.78656892,-12.78656892,0.01235774653,-0.6393284462,1.438106989e-06,3.83495197e-06,1.438106989e-06,1.438106989e-06,-1.438106989e-06,-0.6393284462,1.438106989e-06,3.83495197e-06,1.438106989e-06,1.438106989e-06,-1.438106989e-06,-0.6393284462,0,0,0,0,0,0
4.82,1,1,6.040049352e-05,3.619235921e-05,1.24635939e-05,0.0001409344849,3.187803825e-05,0.02508537957,0,0,0,0,0,0,0.02127175338,-0.008535998316,-0.003176264449,0.003813626188,0.05313895752,0.237152797,14.37905025,-0,0.2866700336,-0.237152797,-0.4162149159,0.7640877405,1.02508538,0.001563305816,-11.85763985,-0.7640877405,-0.001563305816,-13.03950581,-13.03950581,0.01256832723,-0.6519752907,-4.793689962e-07,3.83495197e-06,-9.587379924e-07,1.917475985e-06,-3.355582973e-06,-0.6519752907,-4.793689962e-07,3.83495197e-06,-9.587379924e-07,1.917475985e-06,-3.355582973e-06,-0.6519752907,0,0,0,0,0,0
4.83,1,1,6.016080902e-05,3.715109721e-05,1.150485591e-05,0.0001411741694,3.211772275e-05,0.02507219692,0,0,0,0,0,-0.001047197551,0.02118623498,-0.008567643806,-0.003152819092,0.003885961946,0.05410500287,0.2403461351,14.37574245,-0,0.286522478,-0.2413933326,-0.4174536695,0.7777995867,1.026119669,0.00161550227,-12.01730675,-0.7777995867,-0.00161550227,-13.21417551,-13.21417551,0.012790093,-0.6607087756,-0,1.917475985e-06,9.587379924e-07,1.438106989e-06,-3.83495197e-06,-0.6607087756,-0,1.917475985e-06,9.587379924e-07,1.438106989e-06,-3.83495197e-06,-0.6607087756,0,0,0,0,0,0
4.84,1,1,6.135923152e-05,3.667172821e-05,1.29429629e-05,0.0001416535384,3.187803825e-05,0.02504583163,0,0,0,0,0,-0.002094395102,0.02110040129,-0.00859905441,-0.0031292873,0.003945430339,0.05488444254,0.2427923963,14.36913436,-0,0.2862273524,-0.2448867914,-0.4048359076,0.7886419293,1.027141323,0.001664503528,-12.13961981,-0.7886419293,-0.001664503528,-13.33476215,-13.33476215,0.01301953538,-0.6667381077,-2.396844981e-06,2.876213977e-06,-1.917475985e-06,4.793689962e-07,-3.355582973e-06,-0.6667381077,-2.396844981e-06,2.876213977e-06,-1.917475985e-06,4.793689962e-07,-3.355582973e-06,-0.6667381077,0,0,0,0,0,0
4.85,1,1,6.087986252e-05,3.691141271e-05,1.174454041e-05,0.0001411741694,3.211772275e-05,0.02500676306,0,0,0,0,0,-0.004188790205,0.02101425468,-0.008630229266,-0.003105669716,0.003992508381,0.05548438087,0.2434741118,14.35936075,-0,0.2857899948,-0.247662902,-0.3812371603,0.7967202411,1.02919994,0.001705759748,-12.17370559,-0.7967202411,-0.001705759748,-13.35336875,-13.35336875,0.01325132554,-0.6676684375,-1.438106989e-06,2.396844981e-06,4.793689962e-07,1.438106989e-06,-3.83495197e-06,-0.6676684375,-1.438106989e-06,2.396844981e-06,4.793689962e-07,1.438106989e-06,-3.83495197e-06,-0.6676684375,0,0,0,0,0,0
4.86,1,1,6.087986252e-05,3.73907817e-05,1.24635939e-05,0.0001411741694,3.187803825e-05,0.02493893234,0,0,0,0,0,-0.007330382858,0.02092779749,-0.00866116752,-0.003081966989,0.004011134849,0.05567479396,0.2414665571,14.34244389,-0,0.2850305568,-0.2487969399,-0.3316060882,0.7985126085,1.032282749,0.001731219949,-12.07332785,-0.7985126085,-0.001731219949,-13.20517777,-13.20517777,0.01347874693,-0.6602588885,-1.438106989e-06,1.438106989e-06,-9.587379924e-07,1.438106989e-06,-3.355582973e-06,-0.6602588885,-1.438106989e-06,1.438106989e-06,-9.587379924e-07,1.438106989e-06,-3.355582973e-06,-0.6602588885,0,0,0,0,0,0
4.87,1,1,6.135923152e-05,3.691141271e-05,1.198422491e-05,0.0001404551159,3.211772275e-05,0.02484305854,0,0,0,0,0,-0.01047197551,0.02084103212,-0.008691868324,-0.003058179768,0.004002026427,0.05546739186,0.237858975,14.31864544,-0,0.2839569316,-0.2483309505,-0.2618546047,0.7942179175,1.03534245,0.00174319535,-11.89294875,-0.7942179175,-0.00174319535,-12.95076447,-12.95076447,0.0136946485,-0.6475382233,-2.396844981e-06,2.396844981e-06,-0,2.876213977e-06,-3.83495197e-06,-0.6475382233,-2.396844981e-06,2.396844981e-06,-0,2.876213977e-06,-3.83495197e-06,-0.6475382233,0,0,0,0,0,0
4.88,1,1,6.111954702e-05,3.691141271e-05,1.150485591e-05,0.0001399757469,3.163835375e-05,0.02470835586,0,0,0,0,0,-0.01256637061,0.02075396092,-0.008722330836,-0.003034308706,0.003954394934,0.05471002874,0.2330732769,14.28542992,-0,0.2824480649,-0.2456396475,-0.164372301,0.7815562816,1.037314205,0.001739258019,-11.65366384,-0.7815562816,-0.001739258019,-12.60133169,-12.60133169,0.01388901442,-0.6300665843,-1.917475985e-06,2.396844981e-06,9.587379924e-07,3.83495197e-06,-2.876213977e-06,-0.6300665843,-1.917475985e-06,2.396844981e-06,9.587379924e-07,3.83495197e-06,-2.876213977e-06,-0.6300665843,0,0,0,0,0,0
4.89,1,1,6.016080902e-05,3.643204371e-05,1.198422491e-05,0.0001406948004,3.211772275e-05,0.02456071021,0,0,0,0,0,-0.01466076572,0.0206665863,-0.008752554221,-0.003010354456,0.003894123908,0.05377527047,0.2275522715,14.24931831,-0,0.2807936528,-0.2422130372,-0.07163614079,0.7662609461,1.03927521,0.001726259358,-11.37761357,-0.7662609461,-0.001726259358,-12.21723692,-12.21723692,0.01406398846,-0.610861846,-0,3.355582973e-06,-0,2.396844981e-06,-3.83495197e-06,-0.610861846,-0,3.355582973e-06,-0,2.396844981e-06,-3.83495197e-06,-0.610861846,0,0,0,0,0,0
4.9,1,1,5.992112453e-05,3.667172821e-05,1.150485591e-05,0.0001409344849,3.187803825e-05,0.02440419623,0,0,0,0,0,-0.01570796327,0.02057891064,-0.00878253765,-0.002986317676,0.003825285591,0.05272233805,0.222576026,14.21137292,-0,0.2790392264,-0.2382839892,0.01358215695,0.7492568073,1.040173845,0.001710430021,-11.1288013,-0.7492568073,-0.001710430021,-11.86618638,-11.86618638,0.01421975627,-0.5933093189,4.793689962e-07,2.876213977e-06,9.587379924e-07,1.917475985e-06,-3.355582973e-06,-0.5933093189,4.793689962e-07,2.876213977e-06,9.587379924e-07,1.917475985e-06,-3.355582973e-06,-0.5933093189,0,0,0,0,0,0
4.91,1,1,6.016080902e-05,3.691141271e-05,1.150485591e-05,0.0001421329074,3.163835375e-05,0.02421676295,0,0,0,0,0,-0.01989675347,0.02049093635,-0.008812280302,-0.002962199025,0.003725826604,0.0512397071,0.2126728118,14.16638229,-0,0.2769373489,-0.2325695653,0.1163148719,0.7258812793,1.044212487,0.001662133252,-10.63364059,-0.7258812793,-0.001662133252,-11.24486913,-11.24486913,0.01434646191,-0.5622434565,-0,2.396844981e-06,9.587379924e-07,-4.793689962e-07,-2.876213977e-06,-0.5622434565,-0,2.396844981e-06,9.587379924e-07,-4.793689962e-07,-2.876213977e-06,-0.5622434565,0,0,0,0,0,0
4.92,1,1,6.040049352e-05,3.73907817e-05,1.198422491e-05,0.0001409344849,3.163835375e-05,0.02397995467,0,0,0,0,0,-0.02513274123,0.02040266584,-0.00884178136,-0.002937999163,0.00357728883,0.04907096183,0.1988502552,14.1102368,-0,0.2742804426,-0.2239829965,0.2530983177,0.6924028915,1.04927061,0.001579093027,-9.942512762,-0.6924028915,-0.001579093027,-10.38339643,-10.38339643,0.0144323724,-0.5191698215,-4.793689962e-07,1.438106989e-06,-0,1.917475985e-06,-2.876213977e-06,-0.5191698215,-4.793689962e-07,1.438106989e-06,-0,1.917475985e-06,-2.876213977e-06,-0.5191698215,0,0,0,0,0,0
4.93,1,1,5.992112453e-05,3.73907817e-05,1.174454041e-05,0.0001411741694,3.139866925e-05,0.02373931143,0,0,0,0,0,-0.02303834613,0.02031410153,-0.008871040016,-0.002913718755,0.003425209903,0.04686396294,0.1921222734,14.05397169,-0,0.2715789925,-0.2151606195,0.3677029816,0.6586248086,1.046910349,0.001524791861,-9.606113668,-0.6586248086,-0.001524791861,-9.898560286,-9.898560286,0.01448678358,-0.4949280143,4.793689962e-07,1.438106989e-06,4.793689962e-07,1.438106989e-06,-2.396844981e-06,-0.4949280143,4.793689962e-07,1.438106989e-06,4.793689962e-07,1.438106989e-06,-2.396844981e-06,-0.4949280143,0,0,0,0,0,0
4.94,1,1,6.040049352e-05,3.715109721e-05,1.174454041e-05,0.0001411741694,3.187803825e-05,0.02352862876,0,0,0,0,0,-0.02094395102,0.02022524585,-0.008900055469,-0.002889358466,0.003303382909,0.04509231576,0.1871376361,14.00535897,-0,0.2692126338,-0.2080815872,0.429736689,0.631534069,1.044582242,0.001482465876,-9.356881807,-0.631534069,-0.001482465876,-9.560161653,-9.560161653,0.01452257919,-0.4780080827,-4.793689962e-07,1.917475985e-06,4.793689962e-07,1.438106989e-06,-3.355582973e-06,-0.4780080827,-4.793689962e-07,1.917475985e-06,4.793689962e-07,1.438106989e-06,-3.355582973e-06,-0.4780080827,0,0,0,0,0,0
4.95,1,1,5.920207103e-05,3.76304662e-05,1.174454041e-05,0.0001416535384,3.163835375e-05,0.02331411113,0,0,0,0,0,-0.02199114858,0.02013610123,-0.008928826922,-0.002864918963,0.003178009899,0.0432796858,0.1787836372,13.9564766,-0,0.2668020179,-0.2007747858,0.4849615287,0.6040319219,1.045426162,0.001420063734,-8.939181859,-0.6040319219,-0.001420063734,-9.059672316,-9.059672316,0.01453531439,-0.4529836158,1.917475985e-06,9.587379924e-07,4.793689962e-07,4.793689962e-07,-2.876213977e-06,-0.4529836158,1.917475985e-06,9.587379924e-07,4.793689962e-07,4.793689962e-07,-2.876213977e-06,-0.4529836158,0,0,0,0,0,0
4.96,1,1,6.016080902e-05,3.76304662e-05,1.174454041e-05,0.0001414138539,3.211772275e-05,0.02309336171,0,-0.001047197551,0,0,0,-0.02094395102,0.02004667012,-0.008957353586,-0.002840400918,0.003046691583,0.04139313116,0.1721536344,13.90681656,-0,0.2643201364,-0.1930975854,0.5364586729,0.5756466819,1.044146975,0.001363277964,-8.607681718,-0.5756466819,-0.001363277964,-8.648233005,-8.648233005,0.01452505186,-0.4324116502,-0,0.0001056784931,4.793689962e-07,9.587379924e-07,-3.83495197e-06,-0.4324116502,-0,0.0001056784931,4.793689962e-07,9.587379924e-07,-3.83495197e-06,-0.4324116502,0,0,0,0,0,0
4.97,1,1,6.087986252e-05,3.76304662e-05,1.174454041e-05,0.0001406948004,3.163835375e-05,0.02289082831,0,0,0,0,0,-0.01780235837,0.01995695498,-0.00898563468,-0.002815805001,0.002933873329,0.03977222391,0.1686884932,13.86182263,-0,0.2620419633,-0.1864908515,0.5587056483,0.5513155136,1.040772418,0.001324913319,-8.434424659,-0.5513155136,-0.001324913319,-8.428359437,-8.428359437,0.01449876586,-0.4214179719,-1.438106989e-06,9.587379924e-07,4.793689962e-07,2.396844981e-06,-2.876213977e-06,-0.4214179719,-1.438106989e-06,9.587379924e-07,4.793689962e-07,2.396844981e-06,-2.876213977e-06,-0.4214179719,0,0,0,0,0,0
4.98,1,1,6.111954702e-05,3.715109721e-05,1.174454041e-05,0.0001406948004,3.163835375e-05,0.0227101062,0,0,0,0,0,-0.01675516082,0.01986695825,-0.009013669429,-0.002791131887,0.002843147943,0.03846404879,0.1644194608,13.82212955,-0,0.260008255,-0.1811746216,0.55345438,0.5316550655,1.039535451,0.001285109615,-8.220973038,-0.5316550655,-0.001285109615,-8.200458833,-8.200458833,0.0144615349,-0.4100229417,-1.917475985e-06,1.917475985e-06,4.793689962e-07,2.396844981e-06,-2.876213977e-06,-0.4100229417,-1.917475985e-06,1.917475985e-06,4.793689962e-07,2.396844981e-06,-2.876213977e-06,-0.4100229417,0,0,0,0,0,0
4.99,1,1,5.992112453e-05,3.595267472e-05,1.174454041e-05,0.0001418932229,3.187803825e-05,0.02254760011,0,0,0,0,0,-0.01466076572,0.01977668241,-0.009041457063,-0.002766382254,0.002770917692,0.03741632274,0.1622823155,13.78680139,-0,0.258178835,-0.1769430812,0.5291963249,0.5158514102,1.0372621,0.001258943738,-8.114115775,-0.5158514102,-0.001258943738,-8.102029804,-8.102029804,0.01441605214,-0.4051014902,4.793689962e-07,4.314320966e-06,4.793689962e-07,-0,-3.355582973e-06,-0.4051014902,4.793689962e-07,4.314320966e-06,4.793689962e-07,-0,-3.355582973e-06,-0.4051014902,0,0,0,0,0,0
5,1,1,5.920207103e-05,3.667172821e-05,1.078580241e-05,0.0001409344849,3.187803825e-05,0.0224100212,0,0,0,0,0,-0.01047197551,0.01968612994,-0.009068996821,-0.002741556778,0.002723891267,0.03671934205,0.163726883,13.75716002,-0,0.2566295184,-0.1741988585,0.4819430651,0.5051538643,1.032909412,0.001255333852,-8.186344151,-0.5051538643,-0.001255333852,-8.210810284,-8.210810284,0.01436849087,-0.4105405142,1.917475985e-06,2.876213977e-06,2.396844981e-06,1.917475985e-06,-3.355582973e-06,-0.4105405142,1.917475985e-06,2.876213977e-06,2.396844981e-06,1.917475985e-06,-3.355582973e-06,-0.4105405142,0,0,0,0,0,0
5.01,1,1,5.992112453e-05,3.691141271e-05,1.150485591e-05,0.0001409344849,3.139866925e-05,0.02231678393,0,0,0,0,0,-0.007330382858,0.01959530331,-0.009096287948,-0.002716656141,0.002721480628,0.0366374771,0.1667673617,13.73721088,-0,0.2555792787,-0.1740977445,0.3947815901,0.5032967491,1.0296606,0.001266957951,-8.338368085,-0.5032967491,-0.001266957951,-8.448150202,-8.448150202,0.01432786037,-0.4224075101,4.793689962e-07,2.396844981e-06,9.587379924e-07,1.917475985e-06,-2.396844981e-06,-0.4224075101,4.793689962e-07,2.396844981e-06,9.587379924e-07,1.917475985e-06,-2.396844981e-06,-0.4224075101,0,0,0,0,0,0
5.02,1,1,6.111954702e-05,3.691141271e-05,1.174454041e-05,0.0001411741694,3.187803825e-05,0.02227052483,0,0.001047197551,0,0,0,-0.003141592654,0.01950420501,-0.009123329696,-0.002691681026,0.002766319816,0.03720421436,0.1736559713,13.72735472,-0,0.2550581288,-0.176797564,0.2723517815,0.5107154476,1.025414585,0.001305978545,-8.682798566,-0.5107154476,-0.001305978545,-8.92246821,-8.92246821,0.01430268643,-0.4461234105,-1.917475985e-06,-0.0001023229101,4.793689962e-07,1.438106989e-06,-3.355582973e-06,-0.4461234105,-1.917475985e-06,-0.0001023229101,4.793689962e-07,1.438106989e-06,-3.355582973e-06,-0.4461234105,0,0,0,0,0,0
5.03,1,1,6.135923152e-05,3.715109721e-05,1.22239094e-05,0.0001404551159,3.187803825e-05,0.02225614376,0,0,0,0,0,-0.001047197551,0.01941283755,-0.009150121323,-0.002666632117,0.00284330621,0.03821086125,0.1803521933,13.72429622,-0,0.2548961026,-0.1813993909,0.1378633054,0.5244171787,1.023303615,0.001349872908,-9.017609665,-0.5244171787,-0.001349872908,-9.405513411,-9.405513411,0.01429508621,-0.4702756706,-2.396844981e-06,1.917475985e-06,-4.793689962e-07,2.876213977e-06,-3.355582973e-06,-0.4702756706,-2.396844981e-06,1.917475985e-06,-4.793689962e-07,2.876213977e-06,-3.355582973e-06,-0.4702756706,0,0,0,0,0,0
5.04,1,1,6.135923152e-05,3.73907817e-05,1.27032784e-05,0.0001411741694,3.163835375e-05,0.02225566439,0,0,0,0,0,0,0.01932120342,-0.009176662094,-0.002641510101,0.002934460968,0.03941034252,0.18683407,13.72419432,-0,0.2548907016,-0.18683407,0.01321752209,0.5408751988,1.022255664,0.00139623907,-9.341703502,-0.5408751988,-0.00139623907,-9.870757418,-9.870757418,0.01430420275,-0.4935378709,-2.396844981e-06,1.438106989e-06,-1.438106989e-06,1.438106989e-06,-2.876213977e-06,-0.4935378709,-2.396844981e-06,1.438106989e-06,-1.438106989e-06,1.438106989e-06,-2.876213977e-06,-0.4935378709,0,0,0,0,0,0
5.05,1,1,6.135923152e-05,3.73907817e-05,1.198422491e-05,0.0001404551159,3.187803825e-05,0.02225614376,0,0,0,0,0,0,0.01922930514,-0.009202951283,-0.002616315667,0.003026838614,0.04062496589,0.1923341095,13.72429622,-0,0.2548961026,-0.1923341095,-0.0897720022,0.5575490657,1.022256144,0.001439686694,-9.616705474,-0.5575490657,-0.001439686694,-10.26546623,-10.26546623,0.01432911632,-0.5132733114,-2.396844981e-06,1.438106989e-06,-0,2.876213977e-06,-3.355582973e-06,-0.5132733114,-2.396844981e-06,1.438106989e-06,-0,2.876213977e-06,-3.355582973e-06,-0.5132733114,0,0,0,0,0,0
5.06,1,1,6.087986252e-05,3.73907817e-05,1.198422491e-05,0.0001406948004,3.139866925e-05,0.02225494533,0,0,0,0,0,0,0.01913714523,-0.009228988169,-0.002591049505,0.003117800099,0.04181851005,0.1977437117,13.72404146,-0,0.2548826001,-0.1977437117,-0.1722893886,0.573918966,1.022254945,0.001484224845,-9.887185584,-0.573918966,-0.001484224845,-10.63487816,-10.63487816,0.01436988687,-0.5317439082,-1.438106989e-06,1.438106989e-06,-0,2.396844981e-06,-2.396844981e-06,-0.5317439082,-1.438106989e-06,1.438106989e-06,-0,2.396844981e-06,-2.396844981e-06,-0.5317439082,0,0,0,0,0,0
5.07,1,1,6.040049352e-05,3.81098352e-05,1.24635939e-05,0.0001404551159,3.187803825e-05,0.02225326754,0,0,0,0,0,0,0.01904472622,-0.009254772037,-0.002565712308,0.00320854132,0.04300738608,0.2031336654,13.72368484,-0,0.2548636967,-0.2031336654,-0.2393191405,0.5902198123,1.022253268,0.001530523977,-10.15668327,-0.5902198123,-0.001530523977,-10.98775275,-10.98775275,0.01442658146,-0.5493876373,-4.793689962e-07,-0,-9.587379924e-07,2.876213977e-06,-3.355582973e-06,-0.5493876373,-4.793689962e-07,-0,-9.587379924e-07,2.876213977e-06,-3.355582973e-06,-0.5493876373,0,0,0,0,0,0
5.08,1,1,6.016080902e-05,3.715109721e-05,1.24635939e-05,0.0001418932229,3.163835375e-05,0.02224487858,0,0,0,0,0,-0.001047197551,0.01895205064,-0.00928030218,-0.002540304771,0.003292827945,0.04410604155,0.2070904588,13.72190225,-0,0.2547691784,-0.2081376563,-0.2868278074,0.6052187907,1.02329235,0.001571149881,-10.35452294,-0.6052187907,-0.001571149881,-11.24814069,-11.24814069,0.01449825419,-0.5624070343,-0,1.917475985e-06,-9.587379924e-07,-0,-2.876213977e-06,-0.5624070343,-0,1.917475985e-06,-9.587379924e-07,-0,-2.876213977e-06,-0.5624070343,0,0,0,0,0,0
5.09,1,1,5.992112453e-05,3.715109721e-05,1.22239094e-05,0.0001411741694,3.163835375e-05,0.02222378635,0,0,0,0,0,-0.002094395102,0.01885912103,-0.0093055779,-0.00251482759,0.003364665322,0.04503227566,0.2103108577,13.71742429,-0,0.2545315248,-0.2124052528,-0.3123355268,0.6177268318,1.024319278,0.00160759002,-10.51554289,-0.6177268318,-0.00160759002,-11.44721283,-11.44721283,0.01457902744,-0.5723606417,4.793689962e-07,1.917475985e-06,-4.793689962e-07,1.438106989e-06,-2.876213977e-06,-0.5723606417,4.793689962e-07,1.917475985e-06,-4.793689962e-07,1.438106989e-06,-2.876213977e-06,-0.5723606417,0,0,0,0,0,0
5.1,1,1,6.016080902e-05,3.691141271e-05,1.198422491e-05,0.0001411741694,3.139866925e-05,0.02218951147,0,-0.001047197551,0,0,0,-0.003141592654,0.01876593993,-0.009330598502,-0.002489281463,0.003423571534,0.04577965024,0.2127689809,13.71015974,-0,0.2541453142,-0.2159105736,-0.318903433,0.6276463177,1.025333572,0.001639497963,-10.63844904,-0.6276463177,-0.001639497963,-11.58663829,-11.58663829,0.01466823691,-0.5793319147,-0,0.0001071166001,-0,1.438106989e-06,-2.396844981e-06,-0.5793319147,-0,0.0001071166001,-0,1.438106989e-06,-2.396844981e-06,-0.5793319147,0,0,0,0,0,0
5.11,1,1,5.992112453e-05,3.643204371e-05,1.150485591e-05,0.0001416535384,3.187803825e-05,0.02213654119,0,0,0,0,0,-0.006283185307,0.01867250991,-0.009355363302,-0.002463667092,0.003464031282,0.04627289367,0.2120489872,13.69896225,-0,0.2535483866,-0.2183321725,-0.3045971497,0.6338906238,1.028429596,0.001654217217,-10.60244936,-0.6338906238,-0.001654217217,-11.54259135,-11.54259135,0.01476065001,-0.5771295674,4.793689962e-07,3.355582973e-06,9.587379924e-07,4.793689962e-07,-3.355582973e-06,-0.5771295674,4.793689962e-07,3.355582973e-06,9.587379924e-07,4.793689962e-07,-3.355582973e-06,-0.5771295674,0,0,0,0,0,0
5.12,1,1,6.087986252e-05,3.715109721e-05,1.22239094e-05,0.0001416535384,3.187803825e-05,0.02204138645,0,0,0,0,0,-0.01151917306,0.01857883352,-0.009379871619,-0.002437985179,0.003462552925,0.04619123209,0.2067749958,13.67893716,-0,0.2524759048,-0.2182941688,-0.2471634056,0.631846961,1.033593732,0.001638689078,-10.33874979,-0.631846961,-0.001638689078,-11.21939884,-11.21939884,0.01484396117,-0.5609699422,-1.438106989e-06,1.917475985e-06,-4.793689962e-07,4.793689962e-07,-3.355582973e-06,-0.5609699422,-1.438106989e-06,1.917475985e-06,-4.793689962e-07,4.793689962e-07,-3.355582973e-06,-0.5609699422,0,0,0,0,0,0
5.13,1,1,6.135923152e-05,3.715109721e-05,1.198422491e-05,0.0001409344849,3.187803825e-05,0.02188702963,0,0,0,0,0,-0.01884955592,0.01848491333,-0.009404122783,-0.002412236426,0.003402116295,0.04530488552,0.1959457201,13.64669767,-0,0.2507356906,-0.214795276,-0.1369793764,0.6182620758,1.040825412,0.001581322062,-9.797286004,-0.6182620758,-0.001581322062,-10.55410878,-10.55410878,0.01490343354,-0.5277054389,-2.396844981e-06,1.917475985e-06,-0,1.917475985e-06,-3.355582973e-06,-0.5277054389,-2.396844981e-06,1.917475985e-06,-0,1.917475985e-06,-3.355582973e-06,-0.5277054389,0,0,0,0,0,0
5.14,1,1,6.111954702e-05,3.691141271e-05,1.22239094e-05,0.0001409344849,3.163835375e-05,0.02168042159,0,0,0,-0.001047197551,0,-0.02199114858,0.01839075192,-0.009428116127,-0.002386421541,0.003289669667,0.04371404189,0.1862398528,13.60401559,-0,0.2484054924,-0.2082310013,0.009228692535,0.5946865073,1.043792473,0.001514806049,-9.311992638,-0.5946865073,-0.001514806049,-9.898965258,-9.898965258,0.01493237005,-0.4949482629,-1.917475985e-06,2.396844981e-06,-4.793689962e-07,0.0001066372311,-2.876213977e-06,-0.4949482629,-1.917475985e-06,2.396844981e-06,-4.793689962e-07,0.0001066372311,-2.876213977e-06,-0.4949482629,0,0,0,0,0,0
5.15,1,1,6.087986252e-05,3.691141271e-05,1.174454041e-05,0.0001406948004,3.139866925e-05,0.02145583722,0,0,0,0,0,-0.02303834613,0.01829635187,-0.009451850995,-0.002360541231,0.003159485344,0.04188982263,0.1775658061,13.55822655,-0,0.2458713852,-0.2006041522,0.147303927,0.5679517054,1.044626875,0.001447018939,-8.878290306,-0.5679517054,-0.001447018939,-9.300385103,-9.300385103,0.01493451433,-0.4650192552,-1.438106989e-06,2.396844981e-06,4.793689962e-07,2.396844981e-06,-2.396844981e-06,-0.4650192552,-1.438106989e-06,2.396844981e-06,4.793689962e-07,2.396844981e-06,-2.396844981e-06,-0.4650192552,0,0,0,0,0,0
5.16,1,1,6.064017802e-05,3.73907817e-05,1.198422491e-05,0.0001414138539,3.211772275e-05,0.02118810963,0,0,0,0,0,-0.03036872898,0.01820171577,-0.009475326736,-0.002334596205,0.002986393864,0.03949459093,0.1600490324,13.50445974,-0,0.242848899,-0.1904177614,0.3079831274,0.5333531132,1.051787404,0.001319658498,-8.002451622,-0.5333531132,-0.001319658498,-8.229141267,-8.229141267,0.01490115739,-0.4114570633,-9.587379924e-07,1.438106989e-06,-0,9.587379924e-07,-3.83495197e-06,-0.4114570633,-9.587379924e-07,1.438106989e-06,-0,9.587379924e-07,-3.83495197e-06,-0.4114570633,0,0,0,0,0,0
5.17,1,1,6.064017802e-05,3.643204371e-05,1.24635939e-05,0.0001411741694,3.139866925e-05,0.02083697184,0,0,0,0,0,-0.03455751919,0.0181068462,-0.009498542706,-0.002308587176,0.002730125638,0.03599386808,0.1406973328,13.43527697,-0,0.2388822026,-0.175254852,0.5301268369,0.4835875868,1.055693047,0.001162434516,-7.034866638,-0.4835875868,-0.001162434516,-6.989489823,-6.989489823,0.01481631335,-0.3494744911,-9.587379924e-07,3.355582973e-06,-9.587379924e-07,1.438106989e-06,-2.396844981e-06,-0.3494744911,-9.587379924e-07,3.355582973e-06,-9.587379924e-07,1.438106989e-06,-2.396844981e-06,-0.3494744911,0,0,0,0,0,0
5.18,1,1,5.944175553e-05,3.667172821e-05,1.24635939e-05,0.0001404551159,3.187803825e-05,0.02048871027,0,0,0,0,0,-0.03455751919,0.01801174578,-0.009521498269,-0.002282514855,0.002476964485,0.03255713888,0.1256495236,13.3681393,-0,0.234945171,-0.1602070427,0.7085291643,0.4352283679,1.055344785,0.001029389064,-6.282476178,-0.4352283679,-0.001029389064,-6.01020477,-6.01020477,0.01469830874,-0.3005102385,1.438106989e-06,2.876213977e-06,-9.587379924e-07,2.876213977e-06,-3.355582973e-06,-0.3005102385,1.438106989e-06,2.876213977e-06,-9.587379924e-07,2.876213977e-06,-3.355582973e-06,-0.3005102385,0,0,0,0,0,0
5.19,1,1,5.920207103e-05,3.715109721e-05,1.198422491e-05,0.0001406948004,3.211772275e-05,0.02014763923,0,0,0,0,0,-0.03036872898,0.01791641711,-0.009544192795,-0.002256379958,0.002231222117,0.02924067467,0.1151683415,13.3037967,-0,0.2310867405,-0.1455370705,0.8468034609,0.3890119912,1.050746933,0.0009261415888,-5.758417076,-0.3890119912,-0.0009261415888,-5.301551748,-5.301551748,0.01455202655,-0.2650775874,1.917475985e-06,1.917475985e-06,-0,2.396844981e-06,-3.83495197e-06,-0.2650775874,1.917475985e-06,1.917475985e-06,-0,2.396844981e-06,-3.83495197e-06,-0.2650775874,0,0,0,0,0,0
5.2,1,1,5.944175553e-05,3.76304662e-05,1.198422491e-05,0.0001414138539,3.163835375e-05,0.01988901965,0,0,0,0,0,-0.01884955592,0.0178208628,-0.009566625662,-0.002230183201,0.002068156854,0.02703971415,0.1169296219,13.25592716,-0,0.2281593111,-0.1357791778,0.8681685159,0.3584364812,1.038827402,0.0009094479019,-5.846481094,-0.3584364812,-0.0009094479019,-5.337658507,-5.337658507,0.01439951734,-0.2668829254,1.438106989e-06,9.587379924e-07,-0,9.587379924e-07,-2.876213977e-06,-0.2668829254,1.438106989e-06,9.587379924e-07,-0,9.587379924e-07,-2.876213977e-06,-0.2668829254,0,0,0,0,0,0
5.21,1,1,6.064017802e-05,3.667172821e-05,1.174454041e-05,0.0001414138539,3.163835375e-05,0.01974401053,0,0,0,0,0,-0.009424777961,0.01772508547,-0.009588796255,-0.002203925303,0.002018925061,0.02635427388,0.1234245566,13.22943012,-0,0.2265172371,-0.1328493345,0.7609839176,0.3486520247,1.029190995,0.0009328418558,-6.171227829,-0.3486520247,-0.0009328418558,-5.759828778,-5.759828778,0.01425708889,-0.2879914389,-9.587379924e-07,2.876213977e-06,4.793689962e-07,9.587379924e-07,-2.876213977e-06,-0.2879914389,-9.587379924e-07,2.876213977e-06,4.793689962e-07,9.587379924e-07,-2.876213977e-06,-0.2879914389,0,0,0,0,0,0
5.22,1,1,6.087986252e-05,3.78701507e-05,1.198422491e-05,0.0001404551159,3.187803825e-05,0.01970997533,0,0,0,0,0,0,0.01762908775,-0.009610703966,-0.002177606983,0.002080887583,0.02714035561,0.1366074513,13.22324657,-0,0.2261317573,-0.1366074513,0.5513669611,0.3588836142,1.019709975,0.001004894398,-6.830372566,-0.3588836142,-0.001004894398,-6.638894114,-6.638894114,0.01413798597,-0.3319447057,-1.438106989e-06,4.793689962e-07,-0,2.876213977e-06,-3.355582973e-06,-0.3319447057,-1.438106989e-06,4.793689962e-07,-0,2.876213977e-06,-3.355582973e-06,-0.3319447057,0,0,0,0,0,0
5.23,1,1,6.016080902e-05,3.76304662e-05,1.24635939e-05,0.0001411741694,3.211772275e-05,0.01972028177,0,0,0,0,0,0.002094395102,0.01753287227,-0.009632348195,-0.002151228963,0.002187409497,0.02851423498,0.1451333551,13.22511763,-0,0.2262484898,-0.14303896,0.3325614721,0.3771041117,1.021815773,0.001064380676,-7.256667753,-0.3771041117,-0.001064380676,-7.302274773,-7.302274773,0.0140392094,-0.3651137387,-0,9.587379924e-07,-9.587379924e-07,1.438106989e-06,-3.83495197e-06,-0.3651137387,-0,9.587379924e-07,-9.587379924e-07,1.438106989e-06,-3.83495197e-06,-0.3651137387,0,0,0,0,0,0
5.24,1,1,6.111954702e-05,3.81098352e-05,1.198422491e-05,0.0001414138539,3.163835375e-05,0.01973634063,0,0,0,0,0,0.001047197551,0.01743644167,-0.009653728349,-0.002124791965,0.002299898961,0.02996553231,0.1508666204,13.22803547,-0,0.2264303706,-0.1498194228,0.147696841,0.3963851241,1.020783812,0.001097694703,-7.543331019,-0.3963851241,-0.001097694703,-7.793116997,-7.793116997,0.01395796872,-0.3896558498,-1.917475985e-06,-0,-0,9.587379924e-07,-2.876213977e-06,-0.3896558498,-1.917475985e-06,-0,-0,9.587379924e-07,-2.876213977e-06,-0.3896558498,0,0,0,0,0,0
5.25,1,1,6.040049352e-05,3.619235921e-05,1.22239094e-05,0.0001416535384,3.163835375e-05,0.01974592801,0,0,0,0,0,0,0.01733979858,-0.009674843841,-0.002098296716,0.002406129423,0.03133253082,0.1562154825,13.22977889,-0,0.2265389535,-0.1562154825,0.003929896825,0.4145224548,1.019745928,0.001128832414,-7.810774123,-0.4145224548,-0.001128832414,-8.222495514,-8.222495514,0.01389198807,-0.4111247757,-4.793689962e-07,3.83495197e-06,-4.793689962e-07,4.793689962e-07,-2.876213977e-06,-0.4111247757,-4.793689962e-07,3.83495197e-06,-4.793689962e-07,4.793689962e-07,-2.876213977e-06,-0.4111247757,0,0,0,0,0,0
5.26,1,1,6.064017802e-05,3.667172821e-05,1.174454041e-05,0.0001416535384,3.139866925e-05,0.01974736611,0,0,0,0,0,0,0.01724294567,-0.009695694091,-0.00207174394,0.002504420441,0.03259296538,0.1621284236,13.2300405,-0,0.2265552407,-0.1621284236,-0.1049383046,0.431206252,1.019747366,0.001167110997,-8.106421182,-0.431206252,-0.001167110997,-8.643732849,-8.643732849,0.01384073391,-0.4321866425,-9.587379924e-07,2.876213977e-06,4.793689962e-07,4.793689962e-07,-2.396844981e-06,-0.4321866425,-9.587379924e-07,2.876213977e-06,4.793689962e-07,4.793689962e-07,-2.396844981e-06,-0.4321866425,0,0,0,0,0,0
5.27,1,1,5.968144003e-05,3.667172821e-05,1.198422491e-05,0.0001418932229,3.115898475e-05,0.01974520895,0,0,0,0,0,-0.001047197551,0.01714588559,-0.00971627853,-0.002045134367,0.002599323365,0.03380704199,0.1667847329,13.2296481,-0,0.2265308098,-0.1678319305,-0.1900804691,0.4472552687,1.020792681,0.001199849525,-8.339236646,-0.4472552687,-0.001199849525,-8.977772233,-8.977772233,0.01380471409,-0.4488886117,9.587379924e-07,2.876213977e-06,-0,-0,-1.917475985e-06,-0.4488886117,9.587379924e-07,2.876213977e-06,-0,-0,-1.917475985e-06,-0.4488886117,0,0,0,0,0,0
5.28,1,1,5.920207103e-05,3.76304662e-05,1.198422491e-05,0.0001411741694,3.163835375e-05,0.01974209306,0,0,0,0.001047197551,0,0,0.01704862099,-0.009736596592,-0.002018468725,0.002693472065,0.03500960962,0.1734838713,13.22908139,-0,0.2264955206,-0.1734838713,-0.2587926776,0.4631449752,1.019742093,0.001243471019,-8.674193564,-0.4631449752,-0.001243471019,-9.397374688,-9.397374688,0.01378426457,-0.4698687344,1.917475985e-06,9.587379924e-07,-0,-0.0001032816481,-2.876213977e-06,-0.4698687344,1.917475985e-06,9.587379924e-07,-0,-0.0001032816481,-2.876213977e-06,-0.4698687344,0,0,0,0,0,0
5.29,1,1,5.992112453e-05,3.76304662e-05,1.174454041e-05,0.0001409344849,3.187803825e-05,0.01973969621,0,0,0,0,0,0,0.01695115455,-0.00975664772,-0.001991747746,0.002788541664,0.03622283125,0.1791842063,13.22864554,-0,0.2264683748,-0.1791842063,-0.3157922107,0.4791789952,1.019739696,0.001283685327,-8.959210317,-0.4791789952,-0.001283685327,-9.755465208,-9.755465208,0.01377900037,-0.4877732604,4.793689962e-07,9.587379924e-07,4.793689962e-07,1.917475985e-06,-3.355582973e-06,-0.4877732604,4.793689962e-07,9.587379924e-07,4.793689962e-07,1.917475985e-06,-3.355582973e-06,-0.4877732604,0,0,0,0,0,0
5.3,1,1,5.872270204e-05,3.76304662e-05,1.174454041e-05,0.0001406948004,3.163835375e-05,0.01973538189,-0.001047197551,0,0,0,0,0,0.01685348893,-0.009776431365,-0.001964972162,0.002881892961,0.03741179652,0.1847758467,13.22786118,-0,0.2264195122,-0.1847758467,-0.3601462671,0.4948780509,1.019735382,0.001324628173,-9.238792335,-0.4948780509,-0.001324628173,-10.09514128,-10.09514128,0.01378988907,-0.5047570641,0.0001075959691,9.587379924e-07,4.793689962e-07,2.396844981e-06,-2.876213977e-06,-0.5047570641,0.0001075959691,9.587379924e-07,4.793689962e-07,2.396844981e-06,-2.876213977e-06,-0.5047570641,0,0,0,0,0,0
5.31,1,1,6.064017802e-05,3.73907817e-05,1.29429629e-05,0.0001406948004,3.211772275e-05,0.0197305882,0,0,0,0,0,0,0.01675562681,-0.009795946984,-0.001938142708,0.002974961387,0.03859549858,0.1903444814,13.22698993,-0,0.2263652199,-0.1903444814,-0.3959449272,0.5105022708,1.019730588,0.001367019042,-9.517224071,-0.5105022708,-0.001367019042,-10.42503829,-10.42503829,0.01381656305,-0.5212519144,-9.587379924e-07,1.438106989e-06,-1.917475985e-06,2.396844981e-06,-3.83495197e-06,-0.5212519144,-9.587379924e-07,1.438106989e-06,-1.917475985e-06,2.396844981e-06,-3.83495197e-06,-0.5212519144,0,0,0,0,0,0
5.32,1,1,6.159891601e-05,3.73907817e-05,1.174454041e-05,0.0001406948004,3.187803825e-05,0.0197274723,0,0,0,0,0,0,0.01665757088,-0.009815194042,-0.001911260118,0.003069901417,0.03980243696,0.1960180054,13.22642375,-0,0.2263299297,-0.1960180054,-0.4273551377,0.5264438975,1.019727472,0.001411957465,-9.800900272,-0.5264438975,-0.001411957465,-10.75611126,-10.75611126,0.01385941744,-0.5378055632,-2.876213977e-06,1.438106989e-06,4.793689962e-07,2.396844981e-06,-3.355582973e-06,-0.5378055632,-2.876213977e-06,1.438106989e-06,4.793689962e-07,2.396844981e-06,-3.355582973e-06,-0.5378055632,0,0,0,0,0,0
5.33,1,1,6.111954702e-05,3.715109721e-05,1.198422491e-05,0.0001406948004,3.187803825e-05,0.01972387703,0,0,0,0,0,0,0.01655932383,-0.009834172011,-0.00188432513,0.003164553205,0.0410040456,0.2016681101,13.22577061,-0,0.2262892099,-0.2016681101,-0.4525290668,0.5423101014,1.019723877,0.001458666811,-10.08340551,-0.5423101014,-0.001458666811,-11.07970334,-11.07970334,0.01391848811,-0.5539851671,-1.917475985e-06,1.917475985e-06,-0,2.396844981e-06,-3.355582973e-06,-0.5539851671,-1.917475985e-06,1.917475985e-06,-0,2.396844981e-06,-3.355582973e-06,-0.5539851671,0,0,0,0,0,0
5.34,1,1,6.111954702e-05,3.73907817e-05,1.198422491e-05,0.0001411741694,3.163835375e-05,0.01971548808,0,0,0,0,0,-0.001047197551,0.01646088834,-0.009852880372,-0.001857338482,0.003254599734,0.0421432376,0.2059923419,13.22424722,-0,0.2261941959,-0.2070395394,-0.4678052056,0.5573125924,1.02076296,0.001500840113,-10.29961709,-0.5573125924,-0.001500840113,-11.32623573,-11.32623573,0.0139930214,-0.5663117866,-1.917475985e-06,1.438106989e-06,-0,1.438106989e-06,-2.876213977e-06,-0.5663117866,-1.917475985e-06,1.438106989e-06,-0,1.438106989e-06,-2.876213977e-06,-0.5663117866,0,0,0,0,0,0
5.35,1,1,5.944175553e-05,3.715109721e-05,1.174454041e-05,0.0001404551159,3.235740724e-05,0.01970973565,0,0,0,0,0,-0.001047197551,0.01636226712,-0.009871318611,-0.001830300915,0.003347468526,0.04331824879,0.2115250127,13.22320307,-0,0.2261290425,-0.2125722102,-0.4834523642,0.5728060005,1.020757207,0.00155098618,-10.57625063,-0.5728060005,-0.00155098618,-11.63405998,-11.63405998,0.01408407587,-0.5817029992,1.438106989e-06,1.917475985e-06,4.793689962e-07,2.876213977e-06,-4.314320966e-06,-0.5817029992,1.438106989e-06,1.917475985e-06,4.793689962e-07,2.876213977e-06,-4.314320966e-06,-0.5817029992,0,0,0,0,0,0
5.36,1,1,6.111954702e-05,3.643204371e-05,1.150485591e-05,0.0001414138539,3.139866925e-05,0.01969799111,0,0,0,0,0,-0.001047197551,0.01626346287,-0.009889486223,-0.001803213169,0.003434528236,0.04441495208,0.2167090138,13.22107248,-0,0.2259960189,-0.2177562113,-0.4895927058,0.5872133005,1.020745463,0.001600736409,-10.83545069,-0.5872133005,-0.001600736409,-11.91385743,-11.91385743,0.01418992631,-0.5956928716,-1.917475985e-06,3.355582973e-06,9.587379924e-07,9.587379924e-07,-2.396844981e-06,-0.5956928716,-1.917475985e-06,3.355582973e-06,9.587379924e-07,9.587379924e-07,-2.396844981e-06,-0.5956928716,0,0,0,0,0,0
5.37,1,1,5.992112453e-05,3.667172821e-05,1.22239094e-05,0.0001416535384,3.139866925e-05,0.01967977509,0,0,0,0,0,-0.002094395102,0.0161644783,-0.00990738271,-0.001776075987,0.003515296785,0.04542701749,0.2204699877,13.21777106,-0,0.2257896905,-0.2225643828,-0.4878731268,0.600443917,1.021775267,0.001645356792,-11.02349938,-0.600443917,-0.001645356792,-12.11346178,-12.11346178,0.01430882997,-0.6056730892,4.793689962e-07,2.876213977e-06,-4.793689962e-07,4.793689962e-07,-2.396844981e-06,-0.6056730892,4.793689962e-07,2.876213977e-06,-4.793689962e-07,4.793689962e-07,-2.396844981e-06,-0.6056730892,0,0,0,0,0,0
5.38,1,1,6.064017802e-05,3.715109721e-05,1.27032784e-05,0.0001414138539,3.211772275e-05,0.01964933515,0,0,0,0,0,-0.003141592654,0.01606531612,-0.009925007581,-0.001748890113,0.003584019032,0.04627847156,0.2235174149,13.21226283,-0,0.2254448885,-0.2266590075,-0.4733555227,0.6114433298,1.022793395,0.001686283727,-11.17587074,-0.6114433298,-0.001686283727,-12.26235588,-12.26235588,0.01443682783,-0.613117794,-9.587379924e-07,1.917475985e-06,-1.438106989e-06,9.587379924e-07,-3.83495197e-06,-0.613117794,-9.587379924e-07,1.917475985e-06,-1.438106989e-06,9.587379924e-07,-3.83495197e-06,-0.613117794,0,0,0,0,0,0
5.39,1,1,6.040049352e-05,3.691141271e-05,1.150485591e-05,0.0001416535384,3.187803825e-05,0.01960307605,0,0,0,0,0,-0.005235987756,0.01596597906,-0.009942360352,-0.001721656292,0.00363709699,0.04692201142,0.2245942096,13.20391268,-0,0.2249208592,-0.2298301974,-0.4445485627,0.6195541418,1.024845918,0.001717042854,-11.22971048,-0.6195541418,-0.001717042854,-12.29553023,-12.29553023,0.0145713203,-0.6147765114,-4.793689962e-07,2.396844981e-06,9.587379924e-07,4.793689962e-07,-3.355582973e-06,-0.6147765114,-4.793689962e-07,2.396844981e-06,9.587379924e-07,4.793689962e-07,-3.355582973e-06,-0.6147765114,0,0,0,0,0,0
5.4,1,1,6.064017802e-05,3.715109721e-05,1.22239094e-05,0.0001411741694,3.115898475e-05,0.01953812155,0,0,0,0,0,-0.006283185307,0.01586646982,-0.009959440549,-0.001694375271,0.003671651723,0.047320056,0.2256270779,13.19222978,-0,0.2241849668,-0.2319102632,-0.4007884582,0.624257052,1.025831176,0.001744397089,-11.28135389,-0.624257052,-0.001744397089,-12.3081438,-12.3081438,0.01470746965,-0.6154071901,-9.587379924e-07,1.917475985e-06,-4.793689962e-07,1.438106989e-06,-1.917475985e-06,-0.6154071901,-9.587379924e-07,1.917475985e-06,-4.793689962e-07,1.438106989e-06,-1.917475985e-06,-0.6154071901,0,0,0,0,0,0
5.41,1,1,6.040049352e-05,3.643204371e-05,1.27032784e-05,0.0001411741694,3.211772275e-05,0.01945878598,0,0,0,0,0,-0.00837758041,0.01576679116,-0.009976247703,-0.001667047798,0.003691994823,0.04753007816,0.2247763424,13.17802652,-0,0.2232860211,-0.2331539228,-0.3501497756,0.6263526306,1.027853912,0.001760714725,-11.23881712,-0.6263526306,-0.001760714725,-12.21708024,-12.21708024,0.0148421281,-0.6108540121,-4.793689962e-07,3.355582973e-06,-1.438106989e-06,1.438106989e-06,-3.83495197e-06,-0.6108540121,-4.793689962e-07,3.355582973e-06,-1.438106989e-06,1.438106989e-06,-3.83495197e-06,-0.6108540121,0,0,0,0,0,0
5.42,1,1,6.040049352e-05,3.78701507e-05,1.24635939e-05,0.0001416535384,3.259709174e-05,0.01937705356,0,0,0,0,0,-0.00837758041,0.01566694578,-0.009992781353,-0.001639674622,0.003710107783,0.04771039459,0.2258888223,13.16347017,-0,0.2223597736,-0.2342664027,-0.3062312134,0.6280343562,1.02777218,0.001785376684,-11.29444112,-0.6280343562,-0.001785376684,-12.23049206,-12.23049206,0.01497830437,-0.6115246031,-4.793689962e-07,4.793689962e-07,-9.587379924e-07,4.793689962e-07,-4.793689962e-06,-0.6115246031,-4.793689962e-07,4.793689962e-07,-9.587379924e-07,4.793689962e-07,-4.793689962e-06,-0.6115246031,0,0,0,0,0,0
5.43,1,1,6.064017802e-05,3.715109721e-05,1.22239094e-05,0.0001404551159,3.187803825e-05,0.01927974166,0,0,0,0,0,-0.009424777961,0.01556693644,-0.01000904105,-0.001612256493,0.003712805217,0.04768775499,0.2250470394,13.14623945,-0,0.2212567798,-0.2344718174,-0.2539054317,0.6269146459,1.028726726,0.001797692917,-11.25235197,-0.6269146459,-0.001797692917,-12.13496974,-12.13496974,0.01510938173,-0.606748487,-9.587379924e-07,1.917475985e-06,-4.793689962e-07,2.876213977e-06,-3.355582973e-06,-0.606748487,-9.587379924e-07,1.917475985e-06,-4.793689962e-07,2.876213977e-06,-3.355582973e-06,-0.606748487,0,0,0,0,0,0
5.44,1,1,5.992112453e-05,3.715109721e-05,1.198422491e-05,0.0001411741694,3.139866925e-05,0.01917356143,0,0,0,0,0,-0.01047197551,0.01546676588,-0.01002502634,-0.001584794164,0.00370679555,0.04755102005,0.2236925566,13.1275624,-0,0.2200530336,-0.2341645321,-0.2016358073,0.6242289831,1.029672953,0.001805236577,-11.18462783,-0.6242289831,-0.001805236577,-12.01229786,-12.01229786,0.015235868,-0.6006148928,4.793689962e-07,1.917475985e-06,-0,1.438106989e-06,-2.396844981e-06,-0.6006148928,4.793689962e-07,1.917475985e-06,-0,1.438106989e-06,-2.396844981e-06,-0.6006148928,0,0,0,0,0,0
5.45,1,1,5.968144003e-05,3.691141271e-05,1.22239094e-05,0.0001416535384,3.163835375e-05,0.0190347841,0,0,0,0,0,-0.01466076572,0.01536643683,-0.01004073678,-0.001557288387,0.00366834727,0.04698966688,0.2172851054,13.10334581,-0,0.2184793753,-0.2319458711,-0.1234016382,0.6157218548,1.033749284,0.001780505178,-10.86425527,-0.6157218548,-0.001780505178,-11.60515927,-11.60515927,0.01534626119,-0.5802579634,9.587379924e-07,2.396844981e-06,-4.793689962e-07,4.793689962e-07,-2.876213977e-06,-0.5802579634,9.587379924e-07,2.396844981e-06,-4.793689962e-07,4.793689962e-07,-2.876213977e-06,-0.5802579634,0,0,0,0,0,0
5.46,1,1,6.016080902e-05,3.715109721e-05,1.24635939e-05,0.0001411741694,3.163835375e-05,0.01886844306,0,0,0,0,0,-0.01780235837,0.01526595206,-0.01005617196,-0.001529739916,0.003602491002,0.04607180727,0.2103052795,13.07460803,-0,0.2165926185,-0.2281076379,-0.02996973688,0.6023708213,1.036750032,0.001743809093,-10.51526398,-0.6023708213,-0.001743809093,-11.14934834,-11.14934834,0.01543662886,-0.5574674172,-0,1.917475985e-06,-9.587379924e-07,1.438106989e-06,-2.876213977e-06,-0.5574674172,-0,1.917475985e-06,-9.587379924e-07,1.438106989e-06,-2.876213977e-06,-0.5574674172,0,0,0,0,0,0
5.47,1,1,6.040049352e-05,3.667172821e-05,1.22239094e-05,0.0001409344849,3.187803825e-05,0.01867477799,0,0,0,0,0,-0.01780235837,0.01516531431,-0.01007133144,-0.001502149506,0.003509463674,0.04480285861,0.2048552047,13.04154392,-0,0.2143951964,-0.222657563,0.07544984818,0.5842984482,1.036556367,0.001705367657,-10.24276023,-0.5842984482,-0.001705367657,-10.7533142,-10.7533142,0.01550176654,-0.5376657101,-4.793689962e-07,2.876213977e-06,-4.793689962e-07,1.917475985e-06,-3.355582973e-06,-0.5376657101,-4.793689962e-07,2.876213977e-06,-4.793689962e-07,1.917475985e-06,-3.355582973e-06,-0.5376657101,0,0,0,0,0,0
5.48,1,1,6.040049352e-05,3.73907817e-05,1.174454041e-05,0.0001411741694,3.139866925e-05,0.01849741146,0,0,0,0,0,-0.01675516082,0.01506452635,-0.01008621481,-0.001474517914,0.003432885107,0.04375285824,0.2014150515,13.01163233,-0,0.2123820162,-0.2181702124,0.1432442367,0.5692961047,1.035322756,0.001678439751,-10.07075258,-0.5692961047,-0.001678439751,-10.49848288,-10.49848288,0.0155532624,-0.5249241442,-4.793689962e-07,1.438106989e-06,4.793689962e-07,1.438106989e-06,-2.396844981e-06,-0.5249241442,-4.793689962e-07,1.438106989e-06,4.793689962e-07,1.438106989e-06,-2.396844981e-06,-0.5249241442,0,0,0,0,0,0
5.49,1,1,6.040049352e-05,3.73907817e-05,1.24635939e-05,0.0001409344849,3.187803825e-05,0.01834545149,0,0,0,0,0,-0.01256637061,0.01496359094,-0.01010082167,-0.001446845897,0.003381860548,0.04303852242,0.2026230371,12.98628501,-0,0.2106566908,-0.2151894077,0.1710538603,0.5589105185,1.030951301,0.001679225225,-10.13115186,-0.5589105185,-0.001679225225,-10.52068774,-10.52068774,0.01559924245,-0.526034387,-4.793689962e-07,1.438106989e-06,-9.587379924e-07,1.917475985e-06,-3.355582973e-06,-0.526034387,-4.793689962e-07,1.438106989e-06,-9.587379924e-07,1.917475985e-06,-3.355582973e-06,-0.526034387,0,0,0,0,0,0
5.5,1,1,6.040049352e-05,3.78701507e-05,1.198422491e-05,0.0001414138539,3.163835375e-05,0.01820667416,0,0,0,0,0,-0.01256637061,0.01486251084,-0.0101151516,-0.001419134215,0.003344163321,0.04249937313,0.2004285439,12.96336087,-0,0.2090806231,-0.2129949145,0.1799794912,0.5509347105,1.030812523,0.001664976786,-10.0214272,-0.5509347105,-0.001664976786,-10.39404739,-10.39404739,0.01563963822,-0.5197023696,-4.793689962e-07,4.793689962e-07,-0,9.587379924e-07,-2.876213977e-06,-0.5197023696,-4.793689962e-07,4.793689962e-07,-0,9.587379924e-07,-2.876213977e-06,-0.5197023696,0,0,0,0,0,0
5.51,1,1,5.992112453e-05,3.76304662e-05,1.198422491e-05,0.0001406948004,3.187803825e-05,0.01807628579,0,0,0,0,0,-0.01256637061,0.01476128883,-0.01012920422,-0.001391383626,0.003314996965,0.04207240193,0.1987377125,12.94201664,-0,0.2075994681,-0.2113040831,0.1780064925,0.5445017259,1.030682135,0.00165428087,-9.936885623,-0.5445017259,-0.00165428087,-10.30503514,-10.30503514,0.01567471958,-0.5152517568,4.793689962e-07,9.587379924e-07,-0,2.396844981e-06,-3.355582973e-06,-0.5152517568,4.793689962e-07,9.587379924e-07,-0,2.396844981e-06,-3.355582973e-06,-0.5152517568,0,0,0,0,0,0
5.52,1,1,5.920207103e-05,3.691141271e-05,1.198422491e-05,0.0001414138539,3.163835375e-05,0.01794613711,0,0,0,0,0,-0.01151917306,0.01465992768,-0.01014297914,-0.001363594892,0.003286209431,0.04165171598,0.1981147554,12.92089843,-0,0.2061206915,-0.2096339284,0.17578964,0.5381775917,1.029498483,0.001648434708,-9.905737769,-0.5381775917,-0.001648434708,-10.26977416,-10.26977416,0.0157041609,-0.5134887078,1.917475985e-06,2.396844981e-06,-0,9.587379924e-07,-2.876213977e-06,-0.5134887078,1.917475985e-06,2.396844981e-06,-0,9.587379924e-07,-2.876213977e-06,-0.5134887078,0,0,0,0,0,0
5.53,1,1,5.992112453e-05,3.691141271e-05,1.24635939e-05,0.0001406948004,3.139866925e-05,0.01783012981,0,0,0,0,0,-0.01047197551,0.01455843017,-0.01015647599,-0.001335768774,0.003271699641,0.04141659374,0.198338294,12.90223149,-0,0.2048023041,-0.2088102695,0.1584687572,0.5343664798,1.028329521,0.001649569691,-9.916914699,-0.5343664798,-0.001649569691,-10.29446199,-10.29446199,0.0157329124,-0.5147230995,4.793689962e-07,2.396844981e-06,-9.587379924e-07,2.396844981e-06,-2.396844981e-06,-0.5147230995,4.793689962e-07,2.396844981e-06,-9.587379924e-07,2.396844981e-06,-2.396844981e-06,-0.5147230995,0,0,0,0,0,0
5.54,1,1,5.992112453e-05,3.619235921e-05,1.22239094e-05,0.0001406948004,3.211772275e-05,0.01773114012,0,0,0,0,0,-0.007330382858,0.01445679909,-0.0101696944,-0.001307906035,0.003274341028,0.0414032598,0.2016746221,12.88641918,-0,0.203677103,-0.209005005,0.1251950845,0.5335397612,1.025074957,0.001670020403,-10.08373111,-0.5335397612,-0.001670020403,-10.4937458,-10.4937458,0.01576488309,-0.5246872902,4.793689962e-07,3.83495197e-06,-4.793689962e-07,2.396844981e-06,-3.83495197e-06,-0.5246872902,4.793689962e-07,3.83495197e-06,-4.793689962e-07,2.396844981e-06,-3.83495197e-06,-0.5246872902,0,0,0,0,0,0
5.55,1,1,6.087986252e-05,3.643204371e-05,1.22239094e-05,0.0001411741694,3.163835375e-05,0.01766067287,0,0,0,0,0,-0.006283185307,0.01435503721,-0.010182634,-0.001280007439,0.00330563566,0.04175898368,0.2046189,12.87522802,-0,0.2028759933,-0.2109020853,0.06753367579,0.5376564369,1.023953728,0.001695099116,-10.230945,-0.5376564369,-0.001695099116,-10.70276286,-10.70276286,0.01580672116,-0.535138143,-1.438106989e-06,3.355582973e-06,-4.793689962e-07,1.438106989e-06,-2.876213977e-06,-0.535138143,-1.438106989e-06,3.355582973e-06,-4.793689962e-07,1.438106989e-06,-2.876213977e-06,-0.535138143,0,0,0,0,0,0
5.56,1,1,6.040049352e-05,3.715109721e-05,1.24635939e-05,0.0001404551159,3.163835375e-05,0.01760794228,0,0,0,0,0,-0.004188790205,0.01425314734,-0.01019529443,-0.001252073751,0.003354794945,0.04234398497,0.2096710685,12.86688899,-0,0.2022764588,-0.2138598587,0.0008987198911,0.5448353542,1.021801119,0.001735354969,-10.48355342,-0.5448353542,-0.001735354969,-11.02922541,-11.02922541,0.01586018672,-0.5514612706,-4.793689962e-07,1.917475985e-06,-9.587379924e-07,2.876213977e-06,-2.876213977e-06,-0.5514612706,-4.793689962e-07,1.917475985e-06,-9.587379924e-07,2.876213977e-06,-2.876213977e-06,-0.5514612706,0,0,0,0,0,0
5.57,1,1,6.040049352e-05,3.667172821e-05,1.24635939e-05,0.0001409344849,3.163835375e-05,0.01756072444,0,0,0,-0.001047197551,0,-0.004188790205,0.01415113226,-0.01020767536,-0.001224105737,0.003409592181,0.04300058457,0.212962523,12.85944738,-0,0.2017395562,-0.2171513132,-0.05966706105,0.5529637544,1.021753901,0.00176944587,-10.64812615,-0.5529637544,-0.00176944587,-11.26252641,-11.26252641,0.01592423585,-0.5631263205,-4.793689962e-07,2.876213977e-06,-9.587379924e-07,0.0001066372311,-2.876213977e-06,-0.5631263205,-4.793689962e-07,2.876213977e-06,-9.587379924e-07,0.0001066372311,-2.876213977e-06,-0.5631263205,0,0,0,0,0,0
5.58,1,1,6.064017802e-05,3.691141271e-05,1.22239094e-05,0.0001406948004,3.163835375e-05,0.01751302722,0,0,0,0,0,-0.004188790205,0.01404899477,-0.01021977643,-0.001196104164,0.003464032458,0.04365161619,0.2162315793,12.85195473,-0,0.2011971581,-0.2204203695,-0.108498399,0.5610085951,1.021706204,0.001804645332,-10.81157896,-0.5610085951,-0.001804645332,-11.4828906,-11.4828906,0.01599790528,-0.5741445302,-9.587379924e-07,2.396844981e-06,-4.793689962e-07,2.396844981e-06,-2.876213977e-06,-0.5741445302,-9.587379924e-07,2.396844981e-06,-4.793689962e-07,2.396844981e-06,-2.876213977e-06,-0.5741445302,0,0,0,0,0,0
5.59,1,1,6.040049352e-05,3.715109721e-05,1.198422491e-05,0.0001404551159,3.139866925e-05,0.01744975052,0,0,0,0,0,-0.007330382858,0.01394673766,-0.01023159733,-0.001168069799,0.003503012853,0.04410312628,0.2154413343,12.84205271,-0,0.2004775255,-0.2227717172,-0.1312847526,0.5663746723,1.024793567,0.001817712834,-10.77206672,-0.5663746723,-0.001817712834,-11.47154385,-11.47154385,0.01607532749,-0.5735771927,-4.793689962e-07,1.917475985e-06,-0,2.876213977e-06,-2.396844981e-06,-0.5735771927,-4.793689962e-07,1.917475985e-06,-0,2.876213977e-06,-2.396844981e-06,-0.5735771927,0,0,0,0,0,0
5.6,1,1,5.992112453e-05,3.691141271e-05,1.174454041e-05,0.0001406948004,3.187803825e-05,0.01736538157,0,0,0,0,0,-0.01047197551,0.01384436375,-0.01024313772,-0.00114000341,0.003521017819,0.04428482117,0.2134072662,12.82891723,-0,0.1995178931,-0.2238792417,-0.1270719728,0.5681263053,1.027864773,0.001820006907,-10.67036331,-0.5681263053,-0.001820006907,-11.36738159,-11.36738159,0.01615142552,-0.5683690797,4.793689962e-07,2.396844981e-06,4.793689962e-07,2.396844981e-06,-3.355582973e-06,-0.5683690797,4.793689962e-07,2.396844981e-06,4.793689962e-07,2.396844981e-06,-3.355582973e-06,-0.5683690797,0,0,0,0,0,0
5.61,1,1,5.992112453e-05,3.715109721e-05,1.22239094e-05,0.0001406948004,3.139866925e-05,0.0172536886,0,0,0,0,0,-0.01151917306,0.01374187584,-0.01025439729,-0.001111905768,0.003511812752,0.0441176539,0.2118540148,12.81164549,-0,0.1982472567,-0.2233731878,-0.09420663916,0.5652197418,1.028806034,0.001817770987,-10.59270074,-0.5652197418,-0.001817770987,-11.25394489,-11.25394489,0.01621952279,-0.5626972445,4.793689962e-07,1.917475985e-06,-4.793689962e-07,2.396844981e-06,-2.396844981e-06,-0.5626972445,4.793689962e-07,1.917475985e-06,-4.793689962e-07,2.396844981e-06,-2.396844981e-06,-0.5626972445,0,0,0,0,0,0
5.62,1,1,5.992112453e-05,3.547330572e-05,1.24635939e-05,0.0001409344849,3.187803825e-05,0.01712953203,0,-0.001047197551,0,0,0,-0.01256637061,0.01363927674,-0.01026537574,-0.001083777642,0.003490255281,0.04379308251,0.2095671498,12.79260348,-0,0.1968345479,-0.2221335204,-0.05409694791,0.5602275397,1.029735381,0.001808188175,-10.47835749,-0.5602275397,-0.001808188175,-11.09449017,-11.09449017,0.01627981435,-0.5547245083,4.793689962e-07,0.0001099928141,-9.587379924e-07,1.917475985e-06,-3.355582973e-06,-0.5547245083,4.793689962e-07,0.0001099928141,-9.587379924e-07,1.917475985e-06,-3.355582973e-06,-0.5547245083,0,0,0,0,0,0
5.63,1,1,5.992112453e-05,3.619235921e-05,1.198422491e-05,0.0001414138539,3.187803825e-05,0.01699746587,0,0,0,0,0,-0.01256637061,0.01353656927,-0.01027607275,-0.001055619804,0.0034608966,0.04336993458,0.2078629122,12.77252914,-0,0.1953315138,-0.2204292829,-0.01301439249,0.5539437533,1.029603315,0.001798806028,-10.39314561,-0.5539437533,-0.001798806028,-10.96190256,-10.96190256,0.01633162836,-0.5480951282,4.793689962e-07,3.83495197e-06,-0,9.587379924e-07,-3.355582973e-06,-0.5480951282,4.793689962e-07,3.83495197e-06,-0,9.587379924e-07,-3.355582973e-06,-0.5480951282,0,0,0,0,0,0
5.64,1,1,6.016080902e-05,3.667172821e-05,1.22239094e-05,0.0001406948004,3.187803825e-05,0.0168531758,0,0,0,0,0,-0.01570796327,0.01343375623,-0.01028648804,-0.001027433026,0.003419419571,0.04279362123,0.202294973,12.75080888,-0,0.1936889784,-0.2180029362,0.03432204292,0.5456532856,1.032622824,0.001765556818,-10.11474865,-0.5456532856,-0.001765556818,-10.62784545,-10.62784545,0.0163730541,-0.5313922724,-0,2.876213977e-06,-4.793689962e-07,2.396844981e-06,-3.355582973e-06,-0.5313922724,-0,2.876213977e-06,-4.793689962e-07,2.396844981e-06,-3.355582973e-06,-0.5313922724,0,0,0,0,0,0
5.65,1,1,6.040049352e-05,3.73907817e-05,1.27032784e-05,0.0001404551159,3.211772275e-05,0.01666981716,0,0,0,0,0,-0.02303834613,0.01333084045,-0.01029662131,-0.0009992180802,0.003338976712,0.04172326674,0.1902165999,12.72352564,-0,0.1916011329,-0.213254946,0.1157976009,0.5308670541,1.039840855,0.001685663341,-9.510829995,-0.5308670541,-0.001685663341,-9.927585111,-9.927585111,0.0163913364,-0.4963792556,-4.793689962e-07,1.438106989e-06,-1.438106989e-06,2.876213977e-06,-3.83495197e-06,-0.4963792556,-4.793689962e-07,1.438106989e-06,-1.438106989e-06,2.876213977e-06,-3.83495197e-06,-0.4966712729,0,0,0,0,1,0
5.66,1,1,6.040049352e-05,3.83495197e-05,1.198422491e-05,0.0001409344849,3.187803825e-05,0.0164373232,0,0,0,0,0,-0.02303834613,0.01322782474,-0.01030647231,-0.0009709757402,0.003209498452,0.04003422279,0.1825368578,12.68944018,-0,0.1889528908,-0.2055752039,0.2354318488,0.5080118751,1.039608361,0.001615738683,-9.126842891,-0.5080118751,-0.001615738683,-9.401038656,-9.401038656,0.0163774163,-0.4700519328,-4.793689962e-07,-4.793689962e-07,-0,1.917475985e-06,-3.355582973e-06,-0.4700519328,-4.793689962e-07,-4.793689962e-07,-0,1.917475985e-06,-3.355582973e-06,-0.4700519328,0,0,0,0,0,0
5.67,1,1,6.016080902e-05,3.73907817e-05,1.198422491e-05,0.0001409344849,3.163835375e-05,0.01620099428,0,0,0,0,0,-0.02408554368,0.01312471194,-0.01031604074,-0.0009427067804,0.003076282338,0.03830449213,0.1735687344,12.65537189,-0,0.1862599384,-0.1976542781,0.3374372971,0.4847575929,1.040431566,0.001535520282,-8.67843672,-0.4847575929,-0.001535520282,-8.827292536,-8.827292536,0.01634011614,-0.4413646268,-0,1.438106989e-06,-0,1.917475985e-06,-2.876213977e-06,-0.4413646268,-0,1.438106989e-06,-0,1.917475985e-06,-2.876213977e-06,-0.4413646268,0,0,0,0,0,0
5.68,1,1,5.968144003e-05,3.715109721e-05,1.24635939e-05,0.0001409344849,3.187803825e-05,0.01593063017,0,0,0,0,0,-0.03036872898,0.01302150487,-0.01032532636,-0.0009144119758,0.002909125295,0.03615319782,0.1573131696,12.6171083,-0,0.1831779041,-0.1876818986,0.4592289336,0.4561488124,1.046529924,0.001402365593,-7.865658479,-0.4561488124,-0.001402365593,-7.863980724,-7.863980724,0.01626984385,-0.3931990362,9.587379924e-07,1.917475985e-06,-9.587379924e-07,1.917475985e-06,-3.355582973e-06,-0.3931990362,9.587379924e-07,1.917475985e-06,-9.587379924e-07,1.917475985e-06,-3.355582973e-06,-0.3931990362,0,0,0,0,0,0
5.69,1,1,5.920207103e-05,3.691141271e-05,1.24635939e-05,0.0001414138539,3.163835375e-05,0.01560058461,0,0,0,0,0,-0.03351032164,0.01291820636,-0.0103343289,-0.0008860921022,0.002682378253,0.03326155565,0.1405919889,12.57141837,-0,0.1794137447,-0.1741023106,0.6242340313,0.4181449317,1.049391642,0.001251837047,-7.029599447,-0.4181449317,-0.001251837047,-6.824762185,-6.824762185,0.01615840849,-0.3412381092,1.917475985e-06,2.396844981e-06,-9.587379924e-07,9.587379924e-07,-2.876213977e-06,-0.3412381092,1.917475985e-06,2.396844981e-06,-9.587379924e-07,9.587379924e-07,-2.876213977e-06,-0.3412381092,0,0,0,0,0,0
5.7,1,1,5.992112453e-05,3.83495197e-05,1.27032784e-05,0.0001406948004,3.163835375e-05,0.01527653117,0,0,0,0,0,-0.03036872898,0.01281481924,-0.01034304812,-0.0008577479359,0.002461711933,0.03045978014,0.1304749929,12.52763935,-0,0.175716054,-0.1608437219,0.7525034923,0.3815891401,1.045875825,0.001144145695,-6.523749647,-0.3815891401,-0.001144145695,-6.153979441,-6.153979441,0.0160184385,-0.307698972,4.793689962e-07,-4.793689962e-07,-1.438106989e-06,2.396844981e-06,-2.876213977e-06,-0.307698972,4.793689962e-07,-4.793689962e-07,-1.438106989e-06,2.396844981e-06,-2.876213977e-06,-0.307698972,0,0,0,0,0,0
5.71,1,1,6.064017802e-05,3.81098352e-05,1.29429629e-05,0.0001411741694,3.187803825e-05,0.01495535394,0,0,0,0,0,-0.02827433388,0.01271134634,-0.01035148378,-0.000829380254,0.002244007602,0.02770780775,0.119447941,12.48529633,-0,0.1720493902,-0.1477222749,0.8544492742,0.3459401904,1.043429547,0.001032029368,-5.972397051,-0.3459401904,-0.001032029368,-5.464919997,-5.464919997,0.01585455075,-0.2732459999,-9.587379924e-07,-0,-1.917475985e-06,1.438106989e-06,-3.355582973e-06,-0.2732459999,-9.587379924e-07,-0,-1.917475985e-06,1.438106989e-06,-3.355582973e-06,-0.2732459999,0,0,0,0,0,0
5.72,1,1,6.111954702e-05,3.83495197e-05,1.22239094e-05,0.0001411741694,3.163835375e-05,0.01470943765,0,0,0,0,0,-0.01884955592,0.01260779051,-0.01035963565,-0.0008009898342,0.00210164714,0.02590602705,0.120277552,12.45357447,-0,0.1692407458,-0.139127108,0.853431366,0.3226226372,1.03364782,0.001008900258,-6.013877602,-0.3226226372,-0.001008900258,-5.484077774,-5.484077774,0.01568509389,-0.2742038887,-1.917475985e-06,-4.793689962e-07,-4.793689962e-07,1.438106989e-06,-2.876213977e-06,-0.2742038887,-1.917475985e-06,-4.793689962e-07,-4.793689962e-07,1.438106989e-06,-2.876213977e-06,-0.2742038887,0,0,0,0,0,0
5.73,1,1,6.064017802e-05,3.85892042e-05,1.174454041e-05,0.0001406948004,3.187803825e-05,0.01456059358,0,0,0,0,0,-0.009424777961,0.01250415458,-0.0103675035,-0.0007725774549,0.002056438999,0.02531826531,0.1269817473,12.43466696,-0,0.1675402856,-0.1364065253,0.7452546306,0.3148241971,1.024007578,0.001034604708,-6.349087366,-0.3148241971,-0.001034604708,-5.919691537,-5.919691537,0.01552491576,-0.2959845768,-9.587379924e-07,-9.587379924e-07,4.793689962e-07,2.396844981e-06,-3.355582973e-06,-0.2959845768,-9.587379924e-07,-9.587379924e-07,4.793689962e-07,2.396844981e-06,-3.355582973e-06,-0.2959845768,0,0,0,0,0,0
5.74,1,1,5.944175553e-05,3.81098352e-05,1.24635939e-05,0.0001414138539,3.187803825e-05,0.01450235024,0,0,0,0,0,-0.001047197551,0.01240044139,-0.01037508712,-0.0007441438949,0.002101908856,0.02585850995,0.138133431,12.42732817,-0,0.1668747884,-0.1391806286,0.5566123415,0.3213521893,1.015549822,0.00109672617,-6.906671551,-0.3213521893,-0.00109672617,-6.672508125,-6.672508125,0.01538371985,-0.3336254063,1.438106989e-06,-0,-9.587379924e-07,9.587379924e-07,-3.355582973e-06,-0.3336254063,1.438106989e-06,-0,-9.587379924e-07,9.587379924e-07,-3.355582973e-06,-0.3336254063,0,0,0,0,0,0
5.75,1,1,5.992112453e-05,3.715109721e-05,1.198422491e-05,0.0001411741694,3.139866925e-05,0.01450714393,0,0,0,0,0,0.001047197551,0.01229665378,-0.01038238631,-0.0007156899339,0.002210490151,0.02718212273,0.1468223193,12.42793092,-0,0.1669295639,-0.1457751217,0.3339391498,0.3378175436,1.015554616,0.001156602941,-7.341115963,-0.3378175436,-0.001156602941,-7.34615096,-7.34615096,0.01526538797,-0.367307548,4.793689962e-07,1.917475985e-06,-0,1.438106989e-06,-2.396844981e-06,-0.367307548,4.793689962e-07,1.917475985e-06,-0,1.438106989e-06,-2.396844981e-06,-0.367307548,0,0,0,0,0,0
5.76,1,1,6.040049352e-05,3.76304662e-05,1.24635939e-05,0.0001414138539,3.211772275e-05,0.01451649163,0,0,0,0,0,0,0.01219279461,-0.01038940086,-0.0006872163519,0.002323697019,0.02856208409,0.1526428174,12.42910693,-0,0.1670363752,-0.1526428174,0.1472325637,0.3550011973,1.014516492,0.001191992235,-7.632140868,-0.3550011973,-0.001191992235,-7.841101494,-7.841101494,0.01516497776,-0.3920550747,-4.793689962e-07,9.587379924e-07,-9.587379924e-07,9.587379924e-07,-3.83495197e-06,-0.3920550747,-4.793689962e-07,9.587379924e-07,-9.587379924e-07,9.587379924e-07,-3.83495197e-06,-0.3920550747,0,0,0,0,0,0
5.77,1,1,6.016080902e-05,3.715109721e-05,1.24635939e-05,0.0001418932229,3.187803825e-05,0.01452344248,0,0,0,0,0,0,0.01208886671,-0.01039613057,-0.0006587239296,0.002434575764,0.02991198166,0.1593629072,12.42998196,-0,0.167115798,-0.1593629072,-0.002599232231,0.3718053925,1.014523442,0.001237489791,-7.968145361,-0.3718053925,-0.001237489791,-8.343787476,-8.343787476,0.01508143563,-0.4171893738,-0,1.917475985e-06,-9.587379924e-07,-0,-3.355582973e-06,-0.4171893738,-0,1.917475985e-06,-9.587379924e-07,-0,-3.355582973e-06,-0.4171893738,0,0,0,0,0,0
5.78,1,1,6.064017802e-05,3.78701507e-05,1.198422491e-05,0.0001411741694,3.115898475e-05,0.01452583932,0,0,0,0,0,0,0.01198487295,-0.01040257528,-0.0006302134479,0.002540966376,0.03120496841,0.1658056371,12.43028381,-0,0.1671431849,-0.1658056371,-0.1196892763,0.3878866136,1.014525839,0.001281760382,-8.290281856,-0.3878866136,-0.001281760382,-8.799139507,-8.799139507,0.01501561494,-0.4399569753,-9.587379924e-07,4.793689962e-07,-0,1.438106989e-06,-1.917475985e-06,-0.4399569753,-9.587379924e-07,4.793689962e-07,-0,1.438106989e-06,-1.917475985e-06,-0.4399569753,0,0,0,0,0,0
5.79,1,1,5.944175553e-05,3.73907817e-05,1.150485591e-05,0.0001411741694,3.187803825e-05,0.0145246409,0,0,0,0,0,0,0.01188081616,-0.01040873479,-0.0006016856887,0.002643824742,0.03245293118,0.1720295437,12.43013288,-0,0.1671294915,-0.1720295437,-0.2114203426,0.4033942469,1.014524641,0.001325416235,-8.601477184,-0.4033942469,-0.001325416235,-9.217617189,-9.217617189,0.01496700857,-0.4608808595,1.438106989e-06,1.438106989e-06,9.587379924e-07,1.438106989e-06,-3.355582973e-06,-0.4608808595,1.438106989e-06,1.438106989e-06,9.587379924e-07,1.438106989e-06,-3.355582973e-06,-0.4608808595,0,0,0,0,0,0
5.8,1,1,6.016080902e-05,3.715109721e-05,1.22239094e-05,0.0001411741694,3.187803825e-05,0.014521525,0,0,0,0,0,0,0.0117766992,-0.01041460893,-0.0005731414339,0.0027448258,0.03367669982,0.1781361727,12.42974053,-0,0.1670938883,-0.1781361727,-0.2842886817,0.4185926406,1.014521525,0.001369367017,-8.906808636,-0.4185926406,-0.001369367017,-9.611059326,-9.611059326,0.01493501511,-0.4805529663,-0,1.917475985e-06,-4.793689962e-07,1.438106989e-06,-3.355582973e-06,-0.4805529663,-0,1.917475985e-06,-4.793689962e-07,1.438106989e-06,-3.355582973e-06,-0.4805529663,0,0,0,0,0,0
5.81,1,1,6.016080902e-05,3.76304662e-05,1.174454041e-05,0.0001411741694,3.139866925e-05,0.0145184091,0,0,0,0,0,0,0.01167252493,-0.01042019756,-0.0005445814662,0.002845884172,0.03490008333,0.184241056,12.42934827,-0,0.167058285,-0.184241056,-0.3438516943,0.4337852904,1.014518409,0.001414766718,-9.212052801,-0.4337852904,-0.001414766718,-9.991104553,-9.991104553,0.01492070965,-0.4995552276,-0,9.587379924e-07,4.793689962e-07,1.438106989e-06,-2.396844981e-06,-0.4995552276,-0,9.587379924e-07,4.793689962e-07,1.438106989e-06,-2.396844981e-06,-0.4995552276,0,0,0,0,0,0
5.82,1,1,6.087986252e-05,3.78701507e-05,1.24635939e-05,0.0001416535384,3.211772275e-05,0.01451313604,0,0,0,0,0,-0.001047197551,0.0115682962,-0.01042550051,-0.0005160065685,0.002944839841,0.03609624485,0.189167279,12.42868467,-0,0.1669980328,-0.1902144766,-0.3900900739,0.4486288452,1.015560608,0.001455682398,-9.458363952,-0.4486288452,-0.001455682398,-10.29853855,-10.29853855,0.01492322778,-0.5149269277,-1.438106989e-06,4.793689962e-07,-9.587379924e-07,4.793689962e-07,-3.83495197e-06,-0.5149269277,-1.438106989e-06,4.793689962e-07,-9.587379924e-07,4.793689962e-07,-3.83495197e-06,-0.5149269277,0,0,0,0,0,0
5.83,1,1,6.087986252e-05,3.76304662e-05,1.150485591e-05,0.0001416535384,3.115898475e-05,0.01450618519,0,0,0,0,0,0,0.01146401587,-0.01043051765,-0.0004874175242,0.00304216932,0.03727112039,0.1960854628,12.42781035,-0,0.1669186088,-0.1960854628,-0.4260492416,0.4631984159,1.014506185,0.001507549914,-9.80427314,-0.4631984159,-0.001507549914,-10.69502835,-10.69502835,0.01494266087,-0.5347514174,-1.438106989e-06,9.587379924e-07,9.587379924e-07,4.793689962e-07,-1.917475985e-06,-0.5347514174,-1.438106989e-06,9.587379924e-07,9.587379924e-07,4.793689962e-07,-1.917475985e-06,-0.5347514174,0,0,0,0,0,0
5.84,1,1,6.040049352e-05,3.595267472e-05,1.24635939e-05,0.0001409344849,3.187803825e-05,0.01450067245,0,0,0,0,0,0,0.0113596868,-0.01043524882,-0.0004588151171,0.003140985647,0.03846340969,0.2020410024,12.42711727,-0,0.1668556168,-0.2020410024,-0.457122289,0.4779893027,1.014500672,0.001557011175,-10.10205012,-0.4779893027,-0.001557011175,-11.03871872,-11.03871872,0.01497992308,-0.5519359362,-4.793689962e-07,4.314320966e-06,-9.587379924e-07,1.917475985e-06,-3.355582973e-06,-0.5519359362,-4.793689962e-07,4.314320966e-06,-9.587379924e-07,1.917475985e-06,-3.355582973e-06,-0.5519359362,0,0,0,0,0,0
5.85,1,1,5.944175553e-05,3.78701507e-05,1.150485591e-05,0.0001416535384,3.211772275e-05,0.01449204381,0,0,0,0,0,-0.001047197551,0.01125531185,-0.01043969391,-0.0004302001313,0.003236731957,0.03961649465,0.2067607396,12.42603304,-0,0.1667570197,-0.2078079372,-0.4788189008,0.4922758714,1.015539516,0.00160226272,-10.33803698,-0.4922758714,-0.00160226272,-11.31073402,-11.31073402,0.01503404417,-0.5655367009,1.438106989e-06,4.793689962e-07,9.587379924e-07,4.793689962e-07,-3.83495197e-06,-0.5655367009,1.438106989e-06,4.793689962e-07,9.587379924e-07,4.793689962e-07,-3.83495197e-06,-0.5655367009,0,0,0,0,0,0
5.86,1,1,6.016080902e-05,3.73907817e-05,1.174454041e-05,0.0001411741694,3.115898475e-05,0.01446687694,0,0,0,0,0,-0.003141592654,0.01115089388,-0.01044385278,-0.0004015733514,0.003315983057,0.04056360468,0.2094417576,12.42287491,-0,0.1664694376,-0.2125833503,-0.4781090736,0.5039165868,1.017610937,0.001636725816,-10.47208788,-0.5039165868,-0.001636725816,-11.45575027,-11.45575027,0.01510002414,-0.5727875134,-0,1.438106989e-06,4.793689962e-07,1.438106989e-06,-1.917475985e-06,-0.5727875134,-0,1.438106989e-06,4.793689962e-07,1.438106989e-06,-1.917475985e-06,-0.5727875134,0,0,0,0,0,0
5.87,1,1,6.040049352e-05,3.81098352e-05,1.24635939e-05,0.0001406948004,3.211772275e-05,0.01441606382,0,0,0,0,0,-0.005235987756,0.01104643575,-0.01044772534,-0.0003729355622,0.003369628073,0.04119177587,0.2105884322,12.41651757,-0,0.1658887639,-0.21582442,-0.4494759832,0.5114584088,1.019658905,0.001659988231,-10.52942161,-0.5114584088,-0.001659988231,-11.49201599,-11.49201599,0.01517048036,-0.5746007996,-4.793689962e-07,-0,-9.587379924e-07,2.396844981e-06,-3.83495197e-06,-0.5746007996,-4.793689962e-07,-0,-9.587379924e-07,2.396844981e-06,-3.83495197e-06,-0.5746007996,0,0,0,0,0,0
5.88,1,1,6.040049352e-05,3.691141271e-05,1.198422491e-05,0.0001409344849,3.187803825e-05,0.01434296005,0,0,0,0,0,-0.00837758041,0.01094194033,-0.01045131146,-0.0003442875488,0.003401019723,0.04154310369,0.2093560884,12.4074161,-0,0.1650532868,-0.2177336688,-0.4016906978,0.5154425735,1.022738086,0.00166813697,-10.46780442,-0.5154425735,-0.00166813697,-11.38660583,-11.38660583,0.01524212915,-0.5693302913,-4.793689962e-07,2.396844981e-06,-0,1.917475985e-06,-3.355582973e-06,-0.5693302913,-4.793689962e-07,2.396844981e-06,-0,1.917475985e-06,-3.355582973e-06,-0.5693302913,0,0,0,0,0,0
5.89,1,1,6.040049352e-05,3.667172821e-05,1.174454041e-05,0.0001414138539,3.163835375e-05,0.01424588783,0,0,0,0,0,-0.01151917306,0.01083741048,-0.01045461106,-0.0003156300965,0.003408477353,0.04159737014,0.2066919247,12.39541188,-0,0.1639437483,-0.2182110977,-0.3363445657,0.515616536,1.025798234,0.00166424092,-10.33459623,-0.515616536,-0.00166424092,-11.18822158,-11.18822158,0.01530995152,-0.5594110788,-4.793689962e-07,2.876213977e-06,4.793689962e-07,9.587379924e-07,-2.876213977e-06,-0.5594110788,-4.793689962e-07,2.876213977e-06,4.793689962e-07,9.587379924e-07,-2.876213977e-06,-0.5594110788,0,0,0,0,0,0
5.9,1,1,6.087986252e-05,3.643204371e-05,1.22239094e-05,0.0001411741694,3.139866925e-05,0.01412197094,0,0,0,0,0,-0.01256637061,0.01073284906,-0.01045762403,-0.0002869639911,0.003389121882,0.0413197948,0.2045172845,12.38022247,-0,0.1625271531,-0.2170836551,-0.2541347526,0.5115482521,1.02672782,0.001656021423,-10.22586423,-0.5115482521,-0.001656021423,-10.99320325,-10.99320325,0.01536768334,-0.5496601626,-1.438106989e-06,3.355582973e-06,-4.793689962e-07,1.438106989e-06,-2.396844981e-06,-0.5496601626,-1.438106989e-06,3.355582973e-06,-4.793689962e-07,1.438106989e-06,-2.396844981e-06,-0.5496601626,0,0,0,0,0,0
5.91,1,1,6.016080902e-05,3.619235921e-05,1.27032784e-05,0.0001414138539,3.211772275e-05,0.01399038415,0,0,0,0,0,-0.01361356817,0.01062825895,-0.01046035031,-0.0002582900184,0.003362125203,0.0409486155,0.2018838457,12.36425751,-0,0.1610226075,-0.2154974138,-0.1784354249,0.5062992268,1.027650285,0.00164313483,-10.09419228,-0.5062992268,-0.00164313483,-10.78057007,-10.78057007,0.01541837981,-0.5390285035,-0,3.83495197e-06,-1.438106989e-06,9.587379924e-07,-3.83495197e-06,-0.5390285035,-0,3.83495197e-06,-1.438106989e-06,9.587379924e-07,-3.83495197e-06,-0.5390285035,0,0,0,0,0,0
5.92,1,1,5.968144003e-05,3.571299022e-05,1.102548691e-05,0.0001406948004,3.163835375e-05,0.01382332406,0,0,0,-0.001047197551,0,-0.01989675347,0.01052364301,-0.01046278981,-0.0002296089646,0.003299681047,0.04014089461,0.1918879094,12.34423207,-0,0.1591120686,-0.2117846629,-0.07701719767,0.4955085184,1.033819048,0.001584157494,-9.59439547,-0.4955085184,-0.001584157494,-10.16850534,-10.16850534,0.01545039836,-0.5084252672,9.587379924e-07,4.793689962e-06,1.917475985e-06,0.0001071166001,-2.876213977e-06,-0.5084252672,9.587379924e-07,4.793689962e-06,1.917475985e-06,0.0001071166001,-2.876213977e-06,-0.5084252672,0,0,0,0,0,0
5.93,1,1,6.040049352e-05,3.595267472e-05,1.22239094e-05,0.0001411741694,3.163835375e-05,0.01360449211,0,0,0,0,0,-0.02408554368,0.01041900411,-0.01046494247,-0.0002009216159,0.003185488001,0.03869790226,0.1808745985,12.31841081,-0,0.156608792,-0.2049601422,0.06274447774,0.4766966576,1.037835064,0.001505366797,-9.043729924,-0.4766966576,-0.001505366797,-9.459187471,-9.459187471,0.0154525105,-0.4729593735,-4.793689962e-07,4.314320966e-06,-4.793689962e-07,1.438106989e-06,-2.876213977e-06,-0.4729593735,-4.793689962e-07,4.314320966e-06,-4.793689962e-07,1.438106989e-06,-2.876213977e-06,-0.4729593735,0,0,0,0,0,0
5.94,1,1,6.016080902e-05,3.715109721e-05,1.174454041e-05,0.0001409344849,3.139866925e-05,0.01334779002,0,0,0,0,0,-0.02513274123,0.01031434512,-0.01046680822,-0.0001722287589,0.003033444896,0.03679433722,0.1707128239,12.28871054,-0,0.1536713655,-0.1958455652,0.2179893484,0.4521549596,1.038638445,0.001420413968,-8.535641197,-0.4521549596,-0.001420413968,-8.771227222,-8.771227222,0.01542169393,-0.4385613611,-0,1.917475985e-06,4.793689962e-07,1.917475985e-06,-2.396844981e-06,-0.4385613611,-0,1.917475985e-06,4.793689962e-07,1.917475985e-06,-2.396844981e-06,-0.4385613611,0,0,0,0,0,0
5.95,1,1,5.968144003e-05,3.78701507e-05,1.198422491e-05,0.0001397360624,3.163835375e-05,0.01311289921,0,0,0,0,0,-0.02094395102,0.0102096689,-0.01046838703,-0.0001435311801,0.002903230303,0.03516500064,0.1670823767,12.26208811,-0,0.1509826469,-0.1880263277,0.3208323065,0.4311963363,1.034166513,0.001374073106,-8.354118835,-0.4311963363,-0.001374073106,-8.465856937,-8.465856937,0.01537371574,-0.4232928469,9.587379924e-07,4.793689962e-07,-0,4.314320966e-06,-2.876213977e-06,-0.4232928469,9.587379924e-07,4.793689962e-07,-0,4.314320966e-06,-2.876213977e-06,-0.4232928469,0,0,0,0,0,0
5.96,1,1,5.992112453e-05,3.81098352e-05,1.198422491e-05,0.0001399757469,3.163835375e-05,0.01287009881,0,0,0,0,0,-0.02513274123,0.01010497833,-0.01046967883,-0.0001148296663,0.002765120475,0.0334443131,0.1545822647,12.23512258,-0,0.1482025244,-0.179715006,0.4145656447,0.4091952702,1.038160754,0.001275450177,-7.729113236,-0.4091952702,-0.001275450177,-7.725018312,-7.725018312,0.0153027931,-0.3862509156,4.793689962e-07,-0,-0,3.83495197e-06,-2.876213977e-06,-0.3862509156,4.793689962e-07,-0,-0,3.83495197e-06,-2.876213977e-06,-0.3862509156,0,0,0,0,0,0
5.97,1,1,6.040049352e-05,3.83495197e-05,1.22239094e-05,0.0001406948004,3.187803825e-05,0.01261267766,0,0,0,0,0,-0.02408554368,0.01000027628,-0.01047068361,-8.612500443e-05,0.002612401376,0.03155082705,0.1464178042,12.20714392,-0,0.1452540474,-0.1705033479,0.5073634322,0.3851454865,1.03684325,0.00119782734,-7.320890212,-0.3851454865,-0.00119782734,-7.199870094,-7.199870094,0.01520952073,-0.3599935047,-4.793689962e-07,-4.793689962e-07,-4.793689962e-07,2.396844981e-06,-3.355582973e-06,-0.3599935047,-4.793689962e-07,-4.793689962e-07,-4.793689962e-07,2.396844981e-06,-3.355582973e-06,-0.3599935047,0,0,0,0,0,0
5.98,1,1,6.087986252e-05,3.76304662e-05,1.27032784e-05,0.0001406948004,3.187803825e-05,0.01237754717,0,0,0,0,0,-0.02199114858,0.00989556562,-0.01047140133,-5.741798139e-05,0.002481981547,0.02993517145,0.1406327188,12.18213399,-0,0.1425600527,-0.1626238674,0.5582972487,0.3646742697,1.034489598,0.001137253807,-7.03163594,-0.3646742697,-0.001137253807,-6.839150215,-6.839150215,0.01510160402,-0.3419575107,-1.438106989e-06,9.587379924e-07,-1.438106989e-06,2.396844981e-06,-3.355582973e-06,-0.3419575107,-1.438106989e-06,9.587379924e-07,-1.438106989e-06,2.396844981e-06,-3.355582973e-06,-0.3419575107,0,0,0,0,0,0
5.99,1,1,6.016080902e-05,3.715109721e-05,1.198422491e-05,0.0001404551159,3.211772275e-05,0.01214265636,0,0,0,0,0,-0.02199114858,0.009790849214,-0.01047183196,-2.870938421e-05,0.002351807145,0.02832741216,0.1327539777,12.15766707,-0,0.1398680252,-0.1547451263,0.6005855071,0.344395246,1.034254708,0.00106440393,-6.637698885,-0.344395246,-0.00106440393,-6.382573028,-6.382573028,0.01497826886,-0.3191286514,-0,1.917475985e-06,-0,2.876213977e-06,-3.83495197e-06,-0.3191286514,-0,1.917475985e-06,-0,2.876213977e-06,-3.83495197e-06,-0.3191286514,0,0,0,0,0,0
6,1,1,6.040049352e-05,3.715109721e-05,1.126517141e-05,0.0001414138539,3.211772275e-05,0.0119209482,0,0,0,0,0,-0.01884955592,0.009686129937,-0.01047197551,5.693673632e-14,0.002234818261,0.02688444121,0.1288044602,12.13504526,-0,0.1373263796,-0.1476540162,0.6196260044,0.326243911,1.030859331,0.001016810928,-6.440223011,-0.326243911,-0.001016810928,-6.147857729,-6.147857729,0.01484379988,-0.3073928864,-4.793689962e-07,1.917475985e-06,1.438106989e-06,9.587379924e-07,-3.83495197e-06,-0.3073928864,-4.793689962e-07,1.917475985e-06,1.438106989e-06,9.587379924e-07,-3.83495197e-06,-0.3073928864,0,0,0,0,0,0
6.01,1,1,5.992112453e-05,3.78701507e-05,1.174454041e-05,0.0001409344849,3.187803825e-05,0.01175964053,0,0,0,0,0,-0.01256637061,0.009581410661,-0.01047183196,2.870938432e-05,0.00217822987,0.02617735425,0.1316598294,12.11887307,-0,0.1354767398,-0.1442262,0.5676879961,0.3172400334,1.02436549,0.00101714043,-6.582991471,-0.3172400334,-0.00101714043,-6.333560649,-6.333560649,0.01471188125,-0.3166780324,4.793689962e-07,4.793689962e-07,4.793689962e-07,1.917475985e-06,-3.355582973e-06,-0.3166780324,4.793689962e-07,4.793689962e-07,4.793689962e-07,1.917475985e-06,-3.355582973e-06,-0.3166780324,0,0,0,0,0,0
6.02,1,1,6.064017802e-05,3.81098352e-05,1.22239094e-05,0.0001406948004,3.139866925e-05,0.01164243481,0,0,0,0,0,-0.00837758041,0.009476694255,-0.01047140133,5.74179815e-05,0.002165740556,0.02600580566,0.1351007065,12.1072733,-0,0.134132577,-0.1434782869,0.4768814488,0.3148593966,1.020037561,0.001026038781,-6.755035323,-0.3148593966,-0.001026038781,-6.594039309,-6.594039309,0.01458631794,-0.3297019655,-9.587379924e-07,-0,-4.793689962e-07,2.396844981e-06,-2.396844981e-06,-0.3297019655,-9.587379924e-07,-0,-4.793689962e-07,2.396844981e-06,-2.396844981e-06,-0.3297019655,0,0,0,0,0,0
6.03,1,1,6.064017802e-05,3.73907817e-05,1.24635939e-05,0.0001406948004,3.211772275e-05,0.01157100883,0,0,0,0,0,-0.004188790205,0.009371983591,-0.01047068361,8.612500454e-05,0.00219902524,0.02638852033,0.1413257394,12.10026645,-0,0.1333133453,-0.1455145296,0.3518204117,0.3193081271,1.015764186,0.001055964864,-7.066286972,-0.3193081271,-0.001055964864,-7.034830652,-7.034830652,0.01447284819,-0.3517415326,-9.587379924e-07,1.438106989e-06,-9.587379924e-07,2.396844981e-06,-3.83495197e-06,-0.3517415326,-9.587379924e-07,1.438106989e-06,-9.587379924e-07,2.396844981e-06,-3.83495197e-06,-0.3517415326,0,0,0,0,0,0
6.04,1,1,6.111954702e-05,3.571299022e-05,1.198422491e-05,0.0001411741694,3.187803825e-05,0.01153385773,0,0,0,0,0,-0.001047197551,0.00926728154,-0.01046967883,0.0001148296664,0.002266576194,0.02718533003,0.1485868958,12.09664051,-0,0.1328872081,-0.1496340934,0.2113588315,0.3288511646,1.012581329,0.00109568061,-7.429344792,-0.3288511646,-0.00109568061,-7.547932805,-7.547932805,0.01437488684,-0.3773966403,-1.917475985e-06,4.793689962e-06,-0,1.438106989e-06,-3.355582973e-06,-0.3773966403,-1.917475985e-06,4.793689962e-06,-0,1.438106989e-06,-3.355582973e-06,-0.3773966403,0,0,0,0,0,0
6.05,1,1,6.135923152e-05,3.619235921e-05,1.198422491e-05,0.0001409344849,3.187803825e-05,0.01152786562,0,0,0,0,0,0,0.009162590971,-0.01046838703,0.0001435311802,0.00236527465,0.02835814648,0.1556445336,12.09605687,-0,0.1328184746,-0.1556445336,0.0624797539,0.3430217527,1.011527866,0.00113891116,-7.782226682,-0.3430217527,-0.00113891116,-8.063907592,-8.063907592,0.01429594775,-0.4031953796,-2.396844981e-06,3.83495197e-06,-0,1.917475985e-06,-3.355582973e-06,-0.4031953796,-2.396844981e-06,3.83495197e-06,-0,1.917475985e-06,-3.355582973e-06,-0.4031953796,0,0,0,0,0,0
6.06,1,1,6.064017802e-05,3.619235921e-05,1.22239094e-05,0.0001409344849,3.163835375e-05,0.01152882436,0,0,0,0,0,0,0.009057914756,-0.01046680822,0.000172228759,0.002470909603,0.0296140375,0.1620721171,12.09615023,-0,0.132829472,-0.1620721171,-0.06649829027,0.3582158465,1.011528824,0.001180640657,-8.103605853,-0.3582158465,-0.001180640657,-8.529500631,-8.529500631,0.01423363878,-0.4264750315,-9.587379924e-07,3.83495197e-06,-4.793689962e-07,1.917475985e-06,-2.876213977e-06,-0.4264750315,-9.587379924e-07,3.83495197e-06,-4.793689962e-07,1.917475985e-06,-2.876213977e-06,-0.4264750315,0,0,0,0,0,0
6.07,1,1,6.064017802e-05,3.643204371e-05,1.22239094e-05,0.0001411741694,3.187803825e-05,0.01152858467,0,-0.001047197551,0,0,0,0,0.008953255763,-0.01046494247,0.000200921616,0.002575328911,0.03085440346,0.1684214561,12.09612689,-0,0.1328267226,-0.1684214561,-0.1704883178,0.3732187794,1.011528585,0.001222831763,-8.421072803,-0.3732187794,-0.001222831763,-8.966002732,-8.966002732,0.01418820143,-0.4483001366,-9.587379924e-07,0.0001080753381,-4.793689962e-07,1.438106989e-06,-3.355582973e-06,-0.4483001366,-9.587379924e-07,0.0001080753381,-4.793689962e-07,1.438106989e-06,-3.355582973e-06,-0.4483001366,0,0,0,0,0,0
6.08,1,1,6.064017802e-05,3.73907817e-05,1.078580241e-05,0.0001406948004,3.163835375e-05,0.01152451004,0,0,0,0,0,0,0.008848616863,-0.01046278981,0.0002296089647,0.002675893175,0.03204732974,0.1745328543,12.09573018,-0,0.1327799836,-0.1745328543,-0.2509896867,0.3876358535,1.01152451,0.001264493223,-8.726642715,-0.3876358535,-0.001264493223,-9.366532748,-9.366532748,0.01415962063,-0.4683266374,-9.587379924e-07,1.438106989e-06,2.396844981e-06,2.396844981e-06,-2.876213977e-06,-0.4683266374,-9.587379924e-07,1.438106989e-06,2.396844981e-06,2.396844981e-06,-2.876213977e-06,-0.4683266374,0,0,0,0,0,0
6.09,1,1,6.064017802e-05,3.643204371e-05,1.174454041e-05,0.0001414138539,3.115898475e-05,0.0115127655,0,0,0,0,0,-0.002094395102,0.008744000923,-0.01046035031,0.0002582900185,0.002768764574,0.03314641448,0.1780801485,12.09458756,-0,0.1326452641,-0.1801745436,-0.3078916618,0.4008922124,1.013608257,0.001294096024,-8.904007424,-0.4008922124,-0.001294096024,-9.614085395,-9.614085395,0.01414520276,-0.4807042697,-9.587379924e-07,3.355582973e-06,4.793689962e-07,9.587379924e-07,-1.917475985e-06,-0.4807042697,-9.587379924e-07,3.355582973e-06,4.793689962e-07,9.587379924e-07,-1.917475985e-06,-0.4807042697,0,0,0,0,0,0
6.1,1,1,5.992112453e-05,3.667172821e-05,1.198422491e-05,0.0001406948004,3.139866925e-05,0.01148448273,0,0,0,0,0,-0.003141592654,0.008639410812,-0.01045762403,0.0002869639912,0.002845071914,0.03404442225,0.181669151,12.09184117,-0,0.1323208299,-0.1848107436,-0.3360604359,0.4116597465,1.014628543,0.001322375097,-9.083457549,-0.4116597465,-0.001322375097,-9.832500106,-9.832500106,0.01414132741,-0.4916250053,4.793689962e-07,2.876213977e-06,-0,2.396844981e-06,-2.396844981e-06,-0.4916250053,4.793689962e-07,2.876213977e-06,-0,2.396844981e-06,-2.396844981e-06,-0.4916250053,0,0,0,0,0,0
6.11,1,1,6.016080902e-05,3.643204371e-05,1.22239094e-05,0.0001406948004,3.187803825e-05,0.01142839655,0,0,0,0,0,-0.007330382858,0.008534849398,-0.01045461106,0.0003156300966,0.002893547156,0.03460530388,0.1804310875,12.08641665,-0,0.1316774295,-0.1877614704,-0.3278322986,0.4182541212,1.018772213,0.001324131351,-9.021554375,-0.4182541212,-0.001324131351,-9.768964926,-9.768964926,0.01414138835,-0.4884482463,-0,3.355582973e-06,-4.793689962e-07,2.396844981e-06,-3.355582973e-06,-0.4884482463,-0,3.355582973e-06,-4.793689962e-07,2.396844981e-06,-3.355582973e-06,-0.4884482463,0,0,0,0,0,0
6.12,1,1,6.064017802e-05,3.715109721e-05,1.174454041e-05,0.0001406948004,3.139866925e-05,0.01133995297,0,0,0,0,0,-0.01047197551,0.008430319547,-0.01045131146,0.0003442875489,0.002909633428,0.03477448235,0.1782804258,12.07792124,-0,0.1306627533,-0.1887524013,-0.2852911419,0.4200034591,1.021839344,0.001316139989,-8.914021288,-0.4200034591,-0.001316139989,-9.620632029,-9.620632029,0.01413988597,-0.4810316015,-9.587379924e-07,1.917475985e-06,4.793689962e-07,2.396844981e-06,-2.396844981e-06,-0.4810316015,-9.587379924e-07,1.917475985e-06,4.793689962e-07,2.396844981e-06,-2.396844981e-06,-0.4810316015,0,0,0,0,0,0
6.13,1,1,6.087986252e-05,3.78701507e-05,1.22239094e-05,0.0001404551159,3.211772275e-05,0.01122178852,0,0,0,0,0,-0.01256637061,0.008325824124,-0.01044772534,0.0003729355623,0.002895964393,0.03458456525,0.1753762233,12.06668277,-0,0.1293069438,-0.1879425939,-0.2180328794,0.4173209775,1.023827638,0.001298955734,-8.768811163,-0.4173209775,-0.001298955734,-9.405463975,-9.405463975,0.01413062246,-0.4702731988,-1.438106989e-06,4.793689962e-07,-4.793689962e-07,2.876213977e-06,-3.83495197e-06,-0.4702731988,-1.438106989e-06,4.793689962e-07,-4.793689962e-07,2.876213977e-06,-3.83495197e-06,-0.4702731988,0,0,0,0,0,0
6.14,1,1,6.064017802e-05,3.85892042e-05,1.150485591e-05,0.0001402154314,3.163835375e-05,0.01109163983,0,0,0,0,0,-0.01361356817,0.008221365995,-0.01044385278,0.0004015733516,0.00287027384,0.03425030582,0.172790519,12.05445208,-0,0.1278134211,-0.1864040871,-0.1497095878,0.4128686702,1.02475154,0.001280828732,-8.639525948,-0.4128686702,-0.001280828732,-9.203385034,-9.203385034,0.01411580406,-0.4601692517,-9.587379924e-07,-9.587379924e-07,9.587379924e-07,3.355582973e-06,-2.876213977e-06,-0.4601692517,-9.587379924e-07,-9.587379924e-07,9.587379924e-07,3.355582973e-06,-2.876213977e-06,-0.4601692517,0,0,0,0,0,0
6.15,1,1,6.040049352e-05,3.691141271e-05,1.174454041e-05,0.0001411741694,3.163835375e-05,0.01095358156,0,0,0,0,0,-0.01361356817,0.008116948023,-0.01043969391,0.0004302001315,0.002836633541,0.03382116483,0.1707689909,12.04164673,-0,0.1262288972,-0.1843825591,-0.08519086592,0.4072625187,1.024613482,0.001263624226,-8.538449544,-0.4072625187,-0.001263624226,-9.032166553,-9.032166553,0.01409433073,-0.4516083277,-4.793689962e-07,2.396844981e-06,4.793689962e-07,1.438106989e-06,-2.876213977e-06,-0.4516083277,-4.793689962e-07,2.396844981e-06,4.793689962e-07,1.438106989e-06,-2.876213977e-06,-0.4516083277,0,0,0,0,0,0
6.16,1,1,5.992112453e-05,3.78701507e-05,1.174454041e-05,0.0001406948004,3.163835375e-05,0.0107968279,0,0,0,0,0,-0.01780235837,0.008012573071,-0.01043524882,0.0004588151172,0.002784254831,0.03316766939,0.1634207546,12.02731716,-0,0.1244295132,-0.1812231129,-0.0112155527,0.3989180791,1.028678417,0.001216242759,-8.171037729,-0.3989180791,-0.001216242759,-8.582387603,-8.582387603,0.01406230248,-0.4291193802,4.793689962e-07,4.793689962e-07,4.793689962e-07,2.396844981e-06,-2.876213977e-06,-0.4291193802,4.793689962e-07,4.793689962e-07,4.793689962e-07,2.396844981e-06,-2.876213977e-06,-0.4291193802,0,0,0,0,0,0
6.17,1,1,6.064017802e-05,3.78701507e-05,1.150485591e-05,0.0001406948004,3.163835375e-05,0.01058446744,0,0,0,0,0,-0.02408554368,0.007908244,-0.01043051765,0.0004874175243,0.002676223436,0.03184726208,0.1505971669,12.00825899,-0,0.1219913325,-0.1746827106,0.1117538644,0.3824301713,1.034815039,0.001129952521,-7.529858347,-0.3824301713,-0.001129952521,-7.801664606,-7.801664606,0.01400653244,-0.3900832303,-9.587379924e-07,4.793689962e-07,9.587379924e-07,2.396844981e-06,-2.876213977e-06,-0.3900832303,-9.587379924e-07,4.793689962e-07,9.587379924e-07,2.396844981e-06,-2.876213977e-06,-0.3900832303,0,0,0,0,0,0
6.18,1,1,6.111954702e-05,3.73907817e-05,1.198422491e-05,0.0001402154314,3.187803825e-05,0.01032608755,0,0,0,0,0,-0.02617993878,0.007803963671,-0.01042550051,0.0005160065686,0.002522123877,0.02997791057,0.1391520136,11.98561885,-0,0.1190240522,-0.1653319524,0.2626451385,0.3593038101,1.036677374,0.001041721565,-6.957600679,-0.3593038101,-0.001041721565,-7.055301072,-7.055301072,0.0139222559,-0.3527650536,-1.917475985e-06,1.438106989e-06,-0,3.355582973e-06,-3.355582973e-06,-0.3527650536,-1.917475985e-06,1.438106989e-06,-0,3.355582973e-06,-3.355582973e-06,-0.3527650536,0,0,0,0,0,0
6.19,1,1,6.016080902e-05,3.73907817e-05,1.24635939e-05,0.0001399757469,3.211772275e-05,0.01007393946,0,0,0,0,0,-0.02303834613,0.007699734942,-0.01042019756,0.0005445814663,0.002374204513,0.02818757943,0.1333021192,11.96410196,-0,0.1161275782,-0.1563404653,0.3787525151,0.3372390743,1.033244977,0.000984196398,-6.665105959,-0.3372390743,-0.000984196398,-6.624576715,-6.624576715,0.01382079394,-0.3312288357,-0,1.438106989e-06,-9.587379924e-07,3.83495197e-06,-3.83495197e-06,-0.3312288357,-0,1.438106989e-06,-9.587379924e-07,3.83495197e-06,-3.83495197e-06,-0.3312288357,0,0,0,0,0,0
6.2,1,1,5.944175553e-05,3.667172821e-05,1.174454041e-05,0.0001416535384,3.187803825e-05,0.009826585053,0,0,0,0,0,-0.02408554368,0.007595560672,-0.01041460893,0.000573141434,0.002231024381,0.02645852374,0.1235370842,11.9435454,-0,0.1132854576,-0.1476226279,0.468561005,0.3160085794,1.034057157,0.0009058655075,-6.176854209,-0.3160085794,-0.0009058655075,-6.025207649,-6.025207649,0.01370291358,-0.3012603824,1.438106989e-06,2.876213977e-06,4.793689962e-07,4.793689962e-07,-3.355582973e-06,-0.3012603824,1.438106989e-06,2.876213977e-06,4.793689962e-07,4.793689962e-07,-3.355582973e-06,-0.3012603824,0,0,0,0,0,0
6.21,1,1,5.992112453e-05,3.76304662e-05,1.22239094e-05,0.0001409344849,3.187803825e-05,0.00962764692,0,0,0,0,0,-0.01466076572,0.007491443715,-0.01040873479,0.0006016856888,0.002136203204,0.02531051821,0.1271826953,11.92740686,-0,0.110999143,-0.1418434611,0.4870806086,0.3018888487,1.024342147,0.0009070169451,-6.359134767,-0.3018888487,-0.0009070169451,-6.174850024,-6.174850024,0.01358163597,-0.3087425012,4.793689962e-07,9.587379924e-07,-4.793689962e-07,1.917475985e-06,-3.355582973e-06,-0.3087425012,4.793689962e-07,9.587379924e-07,-4.793689962e-07,1.917475985e-06,-3.355582973e-06,-0.3087425012,0,0,0,0,0,0
6.22,1,1,5.968144003e-05,3.643204371e-05,1.198422491e-05,0.0001414138539,3.139866925e-05,0.009525541324,0,0,0,0,0,-0.005235987756,0.007387386927,-0.01040257528,0.000630213448,0.002138154396,0.02531811313,0.1367322856,11.91925978,-0,0.1098255151,-0.1419682734,0.3938310397,0.3017731676,1.014768383,0.0009492629433,-6.836614282,-0.3017731676,-0.0009492629433,-6.745505673,-6.745505673,0.01347394623,-0.3372752837,9.587379924e-07,3.355582973e-06,-0,9.587379924e-07,-2.396844981e-06,-0.3372752837,9.587379924e-07,3.355582973e-06,-0,9.587379924e-07,-2.396844981e-06,-0.3372752837,0,0,0,0,0,0
6.23,1,1,6.040049352e-05,3.691141271e-05,1.29429629e-05,0.0001409344849,3.187803825e-05,0.009503250665,0,0,0,0,0,0,0.007283393161,-0.01039613057,0.0006587239297,0.002219857505,0.02627607827,0.1469612277,11.91749344,-0,0.1095692853,-0.1469612277,0.2291051019,0.3131449904,1.009503251,0.001003108434,-7.348061386,-0.3131449904,-0.001003108434,-7.433104383,-7.433104383,0.01338791824,-0.3716552191,-4.793689962e-07,2.396844981e-06,-1.917475985e-06,1.917475985e-06,-3.355582973e-06,-0.3716552191,-4.793689962e-07,2.396844981e-06,-1.917475985e-06,1.917475985e-06,-3.355582973e-06,-0.3716552191,0,0,0,0,0,0
6.24,1,1,6.040049352e-05,3.715109721e-05,1.22239094e-05,0.0001411741694,3.163835375e-05,0.009509961831,0,0,0,0,0,0,0.007179465266,-0.01038940086,0.0006872163521,0.002330496565,0.02757827154,0.1537169211,11.91802478,-0,0.1096464303,-0.1537169211,0.06340819804,0.3286785235,1.009509962,0.001043922021,-7.685846056,-0.3286785235,-0.001043922021,-7.952160303,-7.952160303,0.01332176898,-0.3976080152,-4.793689962e-07,1.917475985e-06,-4.793689962e-07,1.438106989e-06,-2.876213977e-06,-0.3976080152,-4.793689962e-07,1.917475985e-06,-4.793689962e-07,1.438106989e-06,-2.876213977e-06,-0.3976080152,0,0,0,0,0,0
6.25,1,1,6.111954702e-05,3.73907817e-05,1.174454041e-05,0.0001411741694,3.187803825e-05,0.009514515837,0,0,0,0,0,0,0.007075606093,-0.01038238631,0.0007156899341,0.002438909744,0.02885331322,0.1603328744,11.91838556,-0,0.1096987784,-0.1603328744,-0.06920949425,0.3438849115,1.009514516,0.001084657838,-8.016643722,-0.3438849115,-0.001084657838,-8.430822785,-8.430822785,0.01327198969,-0.4215411393,-1.917475985e-06,1.438106989e-06,4.793689962e-07,1.438106989e-06,-3.355582973e-06,-0.4215411393,-1.917475985e-06,1.438106989e-06,4.793689962e-07,1.438106989e-06,-3.355582973e-06,-0.4215411393,0,0,0,0,0,0
6.26,1,1,6.183860051e-05,3.73907817e-05,1.22239094e-05,0.0001409344849,3.163835375e-05,0.009518830158,0,0,0,0,0,0,0.006971818489,-0.01037508712,0.0007441438951,0.002547011669,0.03012403204,0.1669260137,11.91872752,-0,0.1097483712,-0.1669260137,-0.1769361602,0.3590401295,1.00951883,0.001126347143,-8.346300686,-0.3590401295,-0.001126347143,-8.883403323,-8.883403323,0.01323933464,-0.4441701661,-3.355582973e-06,1.438106989e-06,-4.793689962e-07,1.917475985e-06,-2.876213977e-06,-0.4441701661,-3.355582973e-06,1.438106989e-06,-4.793689962e-07,1.917475985e-06,-2.876213977e-06,-0.4441701661,0,0,0,0,0,0
6.27,1,1,6.016080902e-05,3.76304662e-05,1.22239094e-05,0.0001411741694,3.259709174e-05,0.009518111104,0,0,0,0,0,0,0.006868105299,-0.0103675035,0.000772577455,0.002650005806,0.03133326979,0.1732045736,11.91867051,-0,0.1097401057,-0.1732045736,-0.2594021102,0.3734509187,1.009518111,0.001167131015,-8.660228678,-0.3734509187,-0.001167131015,-9.294248838,-9.294248838,0.01322310209,-0.4647124419,-0,9.587379924e-07,-4.793689962e-07,1.438106989e-06,-4.793689962e-06,-0.4647124419,-0,9.587379924e-07,-4.793689962e-07,1.438106989e-06,-4.793689962e-06,-0.4647124419,0,0,0,0,0,0
6.28,1,1,6.064017802e-05,3.73907817e-05,1.150485591e-05,0.0001411741694,3.115898475e-05,0.009516912682,0,0,0,0,0,0,0.006764469366,-0.01035963565,0.0008009898343,0.002752443316,0.03253528119,0.1794459849,11.91857551,-0,0.10972633,-0.1794459849,-0.3260404033,0.3877742058,1.009516913,0.001209083935,-8.972299247,-0.3877742058,-0.001209083935,-9.68732294,-9.68732294,0.01322367449,-0.484366147,-9.587379924e-07,1.438106989e-06,9.587379924e-07,1.438106989e-06,-1.917475985e-06,-0.484366147,-9.587379924e-07,1.438106989e-06,9.587379924e-07,1.438106989e-06,-1.917475985e-06,-0.484366147,0,0,0,0,0,0
6.29,1,1,6.040049352e-05,3.78701507e-05,1.174454041e-05,0.0001414138539,3.163835375e-05,0.009514995206,0,0,0,0,0,0,0.006660913532,-0.01035148378,0.0008293802541,0.002854081674,0.03372718714,0.1856356254,11.91842354,-0,0.1097042888,-0.1856356254,-0.3795568411,0.4019749014,1.009514995,0.001252277373,-9.281781271,-0.4019749014,-0.001252277373,-10.06456529,-10.06456529,0.01324115866,-0.5032282646,-4.793689962e-07,4.793689962e-07,4.793689962e-07,9.587379924e-07,-2.876213977e-06,-0.5032282646,-4.793689962e-07,4.793689962e-07,4.793689962e-07,9.587379924e-07,-2.876213977e-06,-0.5032282646,0,0,0,0,0,0
6.3,1,1,6.111954702e-05,3.76304662e-05,1.27032784e-05,0.0001416535384,3.211772275e-05,0.009511639623,0,0,0,0,0,-0.001047197551,0.006557440636,-0.01034304812,0.000857747936,0.002954198986,0.03490039564,0.1906826037,11.91815768,-0,0.1096657165,-0.1917298012,-0.4216486057,0.4159484182,1.010559111,0.001292168574,-9.534130183,-0.4159484182,-0.001292168574,-10.37301938,-10.37301938,0.01327529667,-0.5186509688,-1.917475985e-06,9.587379924e-07,-1.438106989e-06,4.793689962e-07,-3.83495197e-06,-0.5186509688,-1.917475985e-06,9.587379924e-07,-1.438106989e-06,4.793689962e-07,-3.83495197e-06,-0.5186509688,0,0,0,0,0,0
6.31,1,1,6.183860051e-05,3.76304662e-05,1.126517141e-05,0.0001414138539,3.139866925e-05,0.009509003093,0,0,0,0,0,0,0.006454053515,-0.0103343289,0.0008860921023,0.003054949578,0.03608059407,0.1978594768,11.91794885,-0,0.1096354096,-0.1978594768,-0.4566458124,0.4300066746,1.009509003,0.001343021652,-9.892973839,-0.4300066746,-0.001343021652,-10.78096935,-10.78096935,0.01332691184,-0.5390484674,-3.355582973e-06,9.587379924e-07,1.438106989e-06,9.587379924e-07,-2.396844981e-06,-0.5390484674,-3.355582973e-06,9.587379924e-07,1.438106989e-06,9.587379924e-07,-2.396844981e-06,-0.5390484674,0,0,0,0,0,0
6.32,1,1,6.135923152e-05,3.715109721e-05,1.29429629e-05,0.0001406948004,3.211772275e-05,0.009503250665,0.001047197551,0,0,0.001047197551,0,-0.001047197551,0.006350755003,-0.01032532636,0.0009144119759,0.003152495662,0.03722205593,0.2027446774,11.91749344,-0,0.1095692853,-0.2037918749,-0.4815427152,0.4435936073,1.010550722,0.001385948129,-10.13723387,-0.4435936073,-0.001385948129,-11.06375614,-11.06375614,0.0133952484,-0.553187807,-0.0001071166001,1.917475985e-06,-1.917475985e-06,-0.0001023229101,-3.83495197e-06,-0.553187807,-0.0001071166001,1.917475985e-06,-1.917475985e-06,-0.0001023229101,-3.83495197e-06,-0.553187807,0,0,0,0,0,0
6.33,1,1,6.087986252e-05,3.643204371e-05,1.198422491e-05,0.0001411741694,3.163835375e-05,0.009494382339,0,0,0,0,0,0,0.006247547932,-0.01031604074,0.0009427067805,0.003246834407,0.03832476303,0.2095272386,11.91679192,-0,0.109467343,-0.2095272386,-0.4984985836,0.4567082265,1.009494382,0.001438128599,-10.47636193,-0.4567082265,-0.001438128599,-11.43300687,-11.43300687,0.01347967441,-0.5716503435,-1.438106989e-06,3.355582973e-06,-0,1.438106989e-06,-2.876213977e-06,-0.5716503435,-1.438106989e-06,3.355582973e-06,-0,1.438106989e-06,-2.876213977e-06,-0.5716503435,0,0,0,0,0,0
6.34,1,1,6.016080902e-05,3.667172821e-05,1.24635939e-05,0.0001409344849,3.163835375e-05,0.009484075906,0,0,0,0,0,-0.001047197551,0.006144435131,-0.01030647231,0.0009709757403,0.003339640775,0.03940869194,0.2141202267,11.91597752,-0,0.1093488683,-0.2151674242,-0.5102511088,0.4695930872,1.010531548,0.001483565501,-10.70601133,-0.4695930872,-0.001483565501,-11.68733909,-11.68733909,0.01358066981,-0.5843669547,-0,2.876213977e-06,-9.587379924e-07,1.917475985e-06,-2.876213977e-06,-0.5843669547,-0,2.876213977e-06,-9.587379924e-07,1.917475985e-06,-2.876213977e-06,-0.5843669547,0,0,0,0,0,0
6.35,1,1,6.016080902e-05,3.715109721e-05,1.198422491e-05,0.0001411741694,3.163835375e-05,0.009457231242,0,0,0,0,0,-0.003141592654,0.006041419427,-0.01029662131,0.0009992180803,0.003415811814,0.04029391402,0.2166566646,11.91386068,-0,0.1090402778,-0.2197982573,-0.5013142806,0.4800560778,1.012601291,0.001519589181,-10.83283323,-0.4800560778,-0.001519589181,-11.81572318,-11.81572318,0.01369213689,-0.5907861589,-0,1.917475985e-06,-0,1.438106989e-06,-2.876213977e-06,-0.5907861589,-0,1.917475985e-06,-0,1.438106989e-06,-2.876213977e-06,-0.5907861589,0,0,0,0,0,0
6.36,1,1,6.016080902e-05,3.78701507e-05,1.198422491e-05,0.0001411741694,3.187803825e-05,0.009420080145,0,0,0,0,0,-0.004188790205,0.005938503646,-0.01028648804,0.001027433026,0.003481576499,0.04105473673,0.2196093386,11.91094161,-0,0.1086131977,-0.2237981288,-0.4824231918,0.4890005718,1.013613257,0.001556959121,-10.98046693,-0.4890005718,-0.001556959121,-11.95344765,-11.95344765,0.01381336158,-0.5976723826,-0,4.793689962e-07,-0,1.438106989e-06,-3.355582973e-06,-0.5976723826,-0,4.793689962e-07,-0,1.438106989e-06,-3.355582973e-06,-0.5976723826,0,0,0,0,0,0
6.37,1,1,6.111954702e-05,3.715109721e-05,1.174454041e-05,0.0001416535384,3.187803825e-05,0.009365671764,0,0,0,0,0,-0.006283185307,0.005835690607,-0.01027607275,0.001055619805,0.003529981157,0.04160846399,0.2204637323,11.90668853,-0,0.1079877051,-0.2267469176,-0.4477269202,0.4954190209,1.015658727,0.001583587425,-11.02318661,-0.4954190209,-0.001583587425,-11.96791614,-11.96791614,0.01393894939,-0.5983958071,-1.917475985e-06,1.917475985e-06,4.793689962e-07,4.793689962e-07,-3.355582973e-06,-0.5983958071,-1.917475985e-06,1.917475985e-06,4.793689962e-07,4.793689962e-07,-3.355582973e-06,-0.5983958071,0,0,0,0,0,0
6.38,1,1,6.040049352e-05,3.76304662e-05,1.198422491e-05,0.0001411741694,3.211772275e-05,0.009276988499,0,0,0,0,0,-0.009424777961,0.00573298313,-0.01026537574,0.001083777643,0.00354400537,0.04175277462,0.2181903581,11.89981206,-0,0.1069681117,-0.227615136,-0.3812165186,0.4968501711,1.018723973,0.00159044295,-10.9095179,-0.4968501711,-0.00159044295,-11.78917504,-11.78917504,0.01405928367,-0.5894587518,-4.793689962e-07,9.587379924e-07,-0,1.438106989e-06,-3.83495197e-06,-0.5894587518,-4.793689962e-07,9.587379924e-07,-0,1.438106989e-06,-3.83495197e-06,-0.5894587518,0,0,0,0,0,0
6.39,1,1,6.087986252e-05,3.76304662e-05,1.126517141e-05,0.0001406948004,3.163835375e-05,0.009153790667,0,0,0,0,0,-0.01361356817,0.00563038403,-0.01025439729,0.001111905768,0.003523406637,0.04148549597,0.2127736742,11.89037407,-0,0.105551565,-0.2263872424,-0.2881859297,0.4932780655,1.022813691,0.001575625813,-10.63868371,-0.4932780655,-0.001575625813,-11.42172333,-11.42172333,0.01416706783,-0.5710861666,-1.438106989e-06,9.587379924e-07,1.438106989e-06,2.396844981e-06,-2.876213977e-06,-0.5710861666,-1.438106989e-06,9.587379924e-07,1.438106989e-06,2.396844981e-06,-2.876213977e-06,-0.5710861666,0,0,0,0,0,0
6.4,1,1,6.111954702e-05,3.76304662e-05,1.198422491e-05,0.0001404551159,3.163835375e-05,0.008998475112,0,0,0,0,0,-0.01675516082,0.005527896121,-0.01024313772,0.00114000341,0.003470578992,0.04083603577,0.2064503178,11.87866528,-0,0.1037654971,-0.2232054786,-0.1767392318,0.4850776003,1.02582382,0.001547774762,-10.32251589,-0.4850776003,-0.001547774762,-10.9858805,-10.9858805,0.01425673678,-0.5492940248,-1.917475985e-06,9.587379924e-07,-0,2.876213977e-06,-2.876213977e-06,-0.5492940248,-1.917475985e-06,9.587379924e-07,-0,2.876213977e-06,-2.876213977e-06,-0.5492940248,0,0,0,0,0,0
6.41,1,1,6.064017802e-05,3.76304662e-05,1.174454041e-05,0.0001404551159,3.211772275e-05,0.008828299119,0,0,0,0,0,-0.01675516082,0.005425522212,-0.01023159733,0.001168069799,0.003402776907,0.04001023043,0.2023569683,11.86607848,-0,0.1018082544,-0.2191121291,-0.06942091116,0.4747645343,1.025653644,0.001524449787,-10.11784842,-0.4747645343,-0.001524449787,-10.66355831,-10.66355831,0.01432918041,-0.5331779155,-9.587379924e-07,9.587379924e-07,4.793689962e-07,2.876213977e-06,-3.83495197e-06,-0.5331779155,-9.587379924e-07,9.587379924e-07,4.793689962e-07,2.876213977e-06,-3.83495197e-06,-0.5331779155,0,0,0,0,0,0
6.42,1,1,6.016080902e-05,3.715109721e-05,1.174454041e-05,0.0001406948004,3.163835375e-05,0.008645419847,0,0,0,0,0,-0.01884955592,0.005323265109,-0.01021977643,0.001196104164,0.003322154737,0.03903414362,0.1953861844,11.85283368,-0,0.09970458089,-0.2142357403,0.03290011491,0.4626652121,1.027583802,0.00148334065,-9.769309218,-0.4626652121,-0.00148334065,-10.20055766,-10.20055766,0.01438380899,-0.5100278828,-0,1.917475985e-06,4.793689962e-07,2.396844981e-06,-2.876213977e-06,-0.5100278828,-0,1.917475985e-06,4.793689962e-07,2.396844981e-06,-2.876213977e-06,-0.5100278828,0,0,0,0,0,0
6.43,1,1,5.992112453e-05,3.76304662e-05,1.22239094e-05,0.0001411741694,3.187803825e-05,0.008429464114,0,0,0,0,0,-0.02094395102,0.005221127617,-0.01020767536,0.001224105738,0.003208336497,0.03766702083,0.1863919704,11.83756777,-0,0.0972199997,-0.2073359214,0.1537303966,0.4458859119,1.029483077,0.0014231129,-9.319598519,-0.4458859119,-0.0014231129,-9.613177147,-9.613177147,0.01440968209,-0.4806588574,4.793689962e-07,9.587379924e-07,-4.793689962e-07,1.438106989e-06,-3.355582973e-06,-0.4806588574,4.793689962e-07,9.587379924e-07,-4.793689962e-07,1.438106989e-06,-3.355582973e-06,-0.4806588574,0,0,0,0,0,0
6.44,1,1,5.992112453e-05,3.76304662e-05,1.102548691e-05,0.0001414138539,3.139866925e-05,0.008186424033,0,0,0,0,0,-0.02303834613,0.005119112535,-0.01019529443,0.001252073752,0.003067311498,0.03598109498,0.1757319082,11.82087051,-0,0.09442327263,-0.1987702543,0.2824180523,0.4253278646,1.031357462,0.001346553719,-8.786595409,-0.4253278646,-0.001346553719,-8.930851775,-8.930851775,0.01440607053,-0.4465425887,4.793689962e-07,9.587379924e-07,1.917475985e-06,9.587379924e-07,-2.396844981e-06,-0.4465425887,4.793689962e-07,9.587379924e-07,1.917475985e-06,9.587379924e-07,-2.396844981e-06,-0.4465425887,0,0,0,0,0,0
6.45,1,1,6.016080902e-05,3.76304662e-05,1.22239094e-05,0.0001418932229,3.187803825e-05,0.007969509562,0,0,0,0,0,-0.01884955592,0.00501722266,-0.01018263399,0.001280007439,0.002952286902,0.0346056993,0.1729254768,11.80639874,-0,0.0919267105,-0.1917750327,0.3579287259,0.4085686846,1.026907892,0.001311944467,-8.646273838,-0.4085686846,-0.001311944467,-8.698225741,-8.698225741,0.01438651462,-0.434911287,-0,9.587379924e-07,-4.793689962e-07,-0,-3.355582973e-06,-0.434911287,-0,9.587379924e-07,-4.793689962e-07,-0,-3.355582973e-06,-0.434911287,0,0,0,0,0,0
6.46,1,1,6.016080902e-05,3.73907817e-05,1.174454041e-05,0.0001421329074,3.187803825e-05,0.007790465242,0,0,0,0,0,-0.01780235837,0.004915460786,-0.0101696944,0.001307906035,0.002875004456,0.03367810704,0.1692696505,11.7947585,-0,0.08986568727,-0.1870720089,0.378255797,0.3972251393,1.025672055,0.001278939295,-8.463482526,-0.3972251393,-0.001278939295,-8.483730807,-8.483730807,0.01436102836,-0.4241865404,-0,1.438106989e-06,4.793689962e-07,-4.793689962e-07,-3.355582973e-06,-0.4241865404,-0,1.438106989e-06,4.793689962e-07,-4.793689962e-07,-3.355582973e-06,-0.4241865404,0,0,0,0,0,0
6.47,1,1,6.087986252e-05,3.715109721e-05,1.150485591e-05,0.0001411741694,3.211772275e-05,0.007626041676,0,0,0,0,0,-0.01466076572,0.004813829702,-0.01015647599,0.001335768774,0.002812211975,0.03292292583,0.1685873759,11.78431104,-0,0.08797271426,-0.1832481416,0.3785455651,0.3879739983,1.022340542,0.001262575409,-8.429368793,-0.3879739983,-0.001262575409,-8.440059801,-8.440059801,0.01432730595,-0.4220029901,-1.438106989e-06,1.917475985e-06,9.587379924e-07,1.438106989e-06,-3.83495197e-06,-0.4220029901,-1.438106989e-06,1.917475985e-06,9.587379924e-07,1.438106989e-06,-3.83495197e-06,-0.4220029901,0,0,0,0,0,0
6.48,1,1,6.087986252e-05,3.73907817e-05,1.174454041e-05,0.0001404551159,3.163835375e-05,0.007491099304,0,0,0,0,0,-0.01047197551,0.004712332194,-0.01014297914,0.001363594892,0.00277876711,0.03251462509,0.170740471,11.77590968,-0,0.08641897462,-0.1812124465,0.3457158183,0.3828892883,1.01799049,0.001264753702,-8.53702355,-0.3828892883,-0.001264753702,-8.575461774,-8.575461774,0.014292843,-0.4287730887,-1.438106989e-06,1.438106989e-06,4.793689962e-07,2.876213977e-06,-2.876213977e-06,-0.4287730887,-1.438106989e-06,1.438106989e-06,4.793689962e-07,2.876213977e-06,-2.876213977e-06,-0.4287730887,0,0,0,0,0,0
6.49,1,1,6.111954702e-05,3.715109721e-05,1.198422491e-05,0.0001416535384,3.163835375e-05,0.007402176355,0,0,0,0,0,-0.006283185307,0.004610971046,-0.01012920422,0.001391383626,0.002791205309,0.03264707135,0.1756939072,11.77045846,-0,0.08539502125,-0.1819770925,0.2677511561,0.384270997,1.013695231,0.001288101214,-8.784695358,-0.384270997,-0.001288101214,-8.9025033,-8.9025033,0.0142675955,-0.445125165,-1.917475985e-06,1.917475985e-06,-0,4.793689962e-07,-2.876213977e-06,-0.445125165,-1.917475985e-06,1.917475985e-06,-0,4.793689962e-07,-2.876213977e-06,-0.445125165,0,0,0,0,0,0
6.5,1,1,6.087986252e-05,3.76304662e-05,1.174454041e-05,0.0001406948004,3.139866925e-05,0.007353280717,0,0,0,0,0,-0.003141592654,0.004509749035,-0.0101151516,0.001419134215,0.002843531682,0.03324896825,0.1820355335,11.76748976,-0,0.08483195618,-0.1851771262,0.15959333,0.3912568934,1.010497341,0.001325130273,-9.101776676,-0.3912568934,-0.001325130273,-9.33476537,-9.33476537,0.01425782555,-0.4667382685,-1.438106989e-06,9.587379924e-07,4.793689962e-07,2.396844981e-06,-2.396844981e-06,-0.4667382685,-1.438106989e-06,9.587379924e-07,4.793689962e-07,2.396844981e-06,-2.396844981e-06,-0.4667382685,0,0,0,0,0,0
6.51,1,1,5.968144003e-05,3.73907817e-05,1.198422491e-05,0.0001411741694,3.187803825e-05,0.007340577439,0,0,0,0,0,0,0.004408668938,-0.01010082167,0.001446845897,0.002931908501,0.0342748099,0.19057716,11.76672182,-0,0.08468566635,-0.19057716,0.03098083677,0.4033021534,1.007340577,0.001379503657,-9.528858002,-0.4033021534,-0.001379503657,-9.902558823,-9.902558823,0.01426885174,-0.4951279411,9.587379924e-07,1.438106989e-06,-0,1.438106989e-06,-3.355582973e-06,-0.4951279411,9.587379924e-07,1.438106989e-06,-0,1.438106989e-06,-3.355582973e-06,-0.4951279411,0,0,0,0,0,0
6.52,1,1,6.087986252e-05,3.78701507e-05,1.078580241e-05,0.0001411741694,3.187803825e-05,0.007339139332,0,0,0,0,0,0,0.004307733525,-0.01008621481,0.001474517914,0.003031405807,0.03543116265,0.1966540476,11.76663497,-0,0.08466910515,-0.1966540476,-0.0858935866,0.4169055574,1.007339139,0.00142622007,-9.83270238,-0.4169055574,-0.00142622007,-10.33692774,-10.33692774,0.01429798049,-0.5168463872,-1.438106989e-06,4.793689962e-07,2.396844981e-06,1.438106989e-06,-3.355582973e-06,-0.5168463872,-1.438106989e-06,4.793689962e-07,2.396844981e-06,1.438106989e-06,-3.355582973e-06,-0.5168463872,0,0,0,0,0,0
6.53,1,1,6.016080902e-05,3.73907817e-05,1.102548691e-05,0.0001409344849,3.163835375e-05,0.00734009807,0,0,0,0,0,0,0.004206945563,-0.01007133144,0.001502149506,0.003133152507,0.03661364818,0.2028660394,11.76669287,-0,0.08468014595,-0.2028660394,-0.1838119022,0.4308215528,1.007340098,0.001475920809,-10.14330197,-0.4308215528,-0.001475920809,-10.75941134,-10.75941134,0.01434492559,-0.5379705672,-0,1.438106989e-06,1.917475985e-06,1.917475985e-06,-2.876213977e-06,-0.5379705672,-0,1.438106989e-06,1.917475985e-06,1.917475985e-06,-2.876213977e-06,-0.5379705672,0,0,0,0,0,0
6.54,1,1,6.016080902e-05,3.691141271e-05,1.198422491e-05,0.0001409344849,3.187803825e-05,0.007338659963,0,0,0,0,0,0,0.004106307817,-0.01005617196,0.001529739916,0.003232352147,0.03776583862,0.2089207246,11.76660602,-0,0.08466358475,-0.2089207246,-0.2608317914,0.4443757441,1.00733866,0.001526637756,-10.44603623,-0.4443757441,-0.001526637756,-11.1527704,-11.1527704,0.01440964745,-0.5576385201,-0,2.396844981e-06,-0,1.917475985e-06,-3.355582973e-06,-0.5576385201,-0,2.396844981e-06,-0,1.917475985e-06,-3.355582973e-06,-0.5576385201,0,0,0,0,0,0
6.55,1,1,6.064017802e-05,3.667172821e-05,1.150485591e-05,0.0001411741694,3.139866925e-05,0.007334825011,0,0,0,0,0,0,0.004005823043,-0.01004073678,0.001557288387,0.003329001968,0.03888771248,0.2148182082,11.76637452,-0,0.08461942145,-0.2148182082,-0.3208343554,0.4575673893,1.007334825,0.001578515775,-10.74091041,-0.4575673893,-0.001578515775,-11.52089067,-11.52089067,0.01449210375,-0.5760445335,-9.587379924e-07,2.876213977e-06,9.587379924e-07,1.438106989e-06,-2.396844981e-06,-0.5760445335,-9.587379924e-07,2.876213977e-06,9.587379924e-07,1.438106989e-06,-2.396844981e-06,-0.5760445335,0,0,0,0,0,0
6.56,1,1,6.016080902e-05,3.715109721e-05,1.102548691e-05,0.0001406948004,3.187803825e-05,0.007324997947,0,0,0,0,0,-0.001047197551,0.003905493998,-0.01002502634,0.001584794164,0.003419503948,0.03993694776,0.2192925428,11.76578188,-0,0.08450625244,-0.2203397404,-0.3631214638,0.4698894162,1.00837247,0.001625484858,-10.96462714,-0.4698894162,-0.001625484858,-11.79926351,-11.79926351,0.01459008007,-0.5899631753,-0,1.917475985e-06,1.917475985e-06,2.396844981e-06,-3.355582973e-06,-0.5899631753,-0,1.917475985e-06,1.917475985e-06,2.396844981e-06,-3.355582973e-06,-0.5899631753,0,0,0,0,0,0
6.57,1,1,6.016080902e-05,3.691141271e-05,1.22239094e-05,0.0001404551159,3.139866925e-05,0.007301508866,0,0,0,0,0,-0.003141592654,0.003805323433,-0.01000904105,0.001612256493,0.003496185433,0.04082329963,0.2218773822,11.76436865,-0,0.0842357476,-0.2250189748,-0.3819064732,0.4802603462,1.010445569,0.001663690632,-11.09386911,-0.4802603462,-0.001663690632,-11.95769962,-11.95769962,0.01469929367,-0.5978849809,-0,2.396844981e-06,-4.793689962e-07,2.876213977e-06,-2.396844981e-06,-0.5978849809,-0,2.396844981e-06,-4.793689962e-07,2.876213977e-06,-2.396844981e-06,-0.5978849809,0,0,0,0,0,0
6.58,1,1,5.992112453e-05,3.73907817e-05,1.198422491e-05,0.0001406948004,3.163835375e-05,0.007257167234,0,0,0,0,0,-0.005235987756,0.003705314092,-0.009992781353,0.001639674622,0.003551853142,0.04146222916,0.2231831619,11.76171362,-0,0.08372508811,-0.2284191496,-0.3737777178,0.4876668654,1.012500009,0.001693520816,-11.15915809,-0.4876668654,-0.001693520816,-12.0222962,-12.0222962,0.01481530905,-0.6011148098,4.793689962e-07,1.438106989e-06,-0,2.396844981e-06,-2.876213977e-06,-0.6011148098,4.793689962e-07,1.438106989e-06,-0,2.396844981e-06,-2.876213977e-06,-0.6011148098,0,0,0,0,0,0
6.59,1,1,6.064017802e-05,3.73907817e-05,1.174454041e-05,0.0001411741694,3.187803825e-05,0.007188617467,0,0,0,0,0,-0.00837758041,0.003605468719,-0.009976247703,0.001667047798,0.003583148748,0.04181442526,0.2219590281,11.75764202,-0,0.08293560389,-0.2303366085,-0.3398059738,0.4916390434,1.015583744,0.001707854258,-11.0979514,-0.4916390434,-0.001707854258,-11.93110428,-11.93110428,0.01493151745,-0.5965552138,-9.587379924e-07,1.438106989e-06,4.793689962e-07,1.438106989e-06,-3.355582973e-06,-0.5965552138,-9.587379924e-07,1.438106989e-06,4.793689962e-07,1.438106989e-06,-3.355582973e-06,-0.5965552138,0,0,0,0,0,0
6.6,1,1,6.040049352e-05,3.715109721e-05,1.150485591e-05,0.0001411741694,3.163835375e-05,0.007078122914,0,0,0,0,0,-0.01256637061,0.00350579005,-0.009959440549,0.001694375271,0.003572332864,0.04167172276,0.2171252939,11.75116315,-0,0.08166296206,-0.2296916645,-0.2649236549,0.4896912129,1.019683972,0.001696193061,-10.85626469,-0.4896912129,-0.001696193061,-11.61257575,-11.61257575,0.01503641711,-0.5806287877,-4.793689962e-07,1.917475985e-06,9.587379924e-07,1.438106989e-06,-2.876213977e-06,-0.5806287877,-4.793689962e-07,1.917475985e-06,9.587379924e-07,1.438106989e-06,-2.876213977e-06,-0.5806287877,0,0,0,0,0,0
6.61,1,1,5.968144003e-05,3.73907817e-05,1.198422491e-05,0.0001409344849,3.139866925e-05,0.006923286728,0,0,0,0,0,-0.01675516082,0.003406280818,-0.009942360352,0.001721656292,0.00351700591,0.04100675631,0.2095803814,11.74225867,-0,0.07987944029,-0.2263355422,-0.1542420091,0.4815119398,1.023748631,0.001659801358,-10.47901907,-0.4815119398,-0.001659801358,-11.11643282,-11.11643282,0.01512025802,-0.555821641,9.587379924e-07,1.438106989e-06,-0,1.917475985e-06,-2.396844981e-06,-0.555821641,9.587379924e-07,1.438106989e-06,-0,1.917475985e-06,-2.396844981e-06,-0.555821641,0,0,0,0,0,0
6.62,1,1,6.040049352e-05,3.73907817e-05,1.22239094e-05,0.0001411741694,3.211772275e-05,0.00671452153,0,0,-0.001047197551,0,0,-0.02199114858,0.003306943751,-0.009925007581,0.001748890113,0.003407577779,0.03970818496,0.197687016,11.73057426,-0,0.07747442143,-0.2196781646,-0.003333904363,0.4657998123,1.028826573,0.001586971566,-9.8843508,-0.4657998123,-0.001586971566,-10.35507149,-10.35507149,0.01517201229,-0.5177535744,-4.793689962e-07,1.438106989e-06,0.0001042403861,1.438106989e-06,-3.83495197e-06,-0.5177535744,-4.793689962e-07,1.438106989e-06,0.0001042403861,1.438106989e-06,-3.83495197e-06,-0.5177535744,0,0,0,0,0,0
6.63,1,1,6.135923152e-05,3.76304662e-05,1.198422491e-05,0.0001404551159,3.211772275e-05,0.006481068829,0,0,0,0,0,-0.02408554368,0.003207781573,-0.00990738271,0.001776075987,0.003273287255,0.03812042,0.1874088368,11.71794417,-0,0.07478459913,-0.2114943805,0.1471502134,0.4466929534,1.030711641,0.001512377533,-9.370441839,-0.4466929534,-0.001512377533,-9.671496956,-9.671496956,0.01519301709,-0.4835748478,-2.396844981e-06,9.587379924e-07,-0,2.876213977e-06,-3.83495197e-06,-0.4835748478,-2.396844981e-06,9.587379924e-07,-0,2.876213977e-06,-3.83495197e-06,-0.4835748478,0,0,0,0,0,0
6.64,1,1,6.111954702e-05,3.715109721e-05,1.198422491e-05,0.0001406948004,3.211772275e-05,0.006202555442,0,0,0,0,0,-0.03246312409,0.003108797003,-0.009889486223,0.001803213169,0.00309375844,0.03600581798,0.1680705817,11.70347668,-0,0.07157506096,-0.2005337057,0.322269533,0.4213932513,1.038929143,0.001376847955,-8.403529083,-0.4213932513,-0.001376847955,-8.504029649,-8.504029649,0.01517486817,-0.4252014825,-1.917475985e-06,1.917475985e-06,-0,2.396844981e-06,-3.83495197e-06,-0.4252014825,-1.917475985e-06,1.917475985e-06,-0,2.396844981e-06,-3.83495197e-06,-0.4275587393,0,0,0,0,1,0
6.65,1,1,6.064017802e-05,3.715109721e-05,1.102548691e-05,0.0001411741694,3.139866925e-05,0.005867476514,0,0,0,0,0,-0.03455751919,0.003009992753,-0.009871318611,0.001830300915,0.002857483761,0.03323166411,0.151522884,11.68693364,-0,0.06771293996,-0.1860804032,0.5283791107,0.3883762532,1.040723551,0.001240470802,-7.576144202,-0.3883762532,-0.001240470802,-7.437381815,-7.437381815,0.01510850707,-0.3718690908,-9.587379924e-07,1.917475985e-06,1.917475985e-06,1.438106989e-06,-2.396844981e-06,-0.3718690908,-9.587379924e-07,1.917475985e-06,1.917475985e-06,1.438106989e-06,-2.396844981e-06,-0.3718690908,0,0,0,0,0,0
6.66,1,1,5.944175553e-05,3.76304662e-05,1.126517141e-05,0.0001416535384,3.187803825e-05,0.005510106927,0,0,0,0,0,-0.03769911184,0.002911371532,-0.009852880372,0.001857338483,0.002598735395,0.03020038772,0.1325217997,11.67032456,-0,0.06359306192,-0.1702209115,0.7225804402,0.3524483264,1.043564525,0.0010834568,-6.626089985,-0.3524483264,-0.0010834568,-6.257041328,-6.257041328,0.01500198306,-0.3128520664,1.438106989e-06,9.587379924e-07,1.438106989e-06,4.793689962e-07,-3.355582973e-06,-0.3128520664,1.438106989e-06,9.587379924e-07,1.438106989e-06,4.793689962e-07,-3.355582973e-06,-0.3128520664,0,0,0,0,0,0
6.67,1,1,5.968144003e-05,3.715109721e-05,1.174454041e-05,0.0001409344849,3.115898475e-05,0.005080831991,0,0,0,0,0,-0.04188790205,0.002812936046,-0.009834172011,0.00188432513,0.002267895945,0.02633454371,0.1080129648,11.65177941,-0,0.05864316766,-0.1499008668,0.9630057125,0.3068442941,1.047407383,0.0008806347989,-5.400648238,-0.3068442941,-0.0008806347989,-4.745367454,-4.745367454,0.0148462632,-0.2372683727,9.587379924e-07,1.917475985e-06,4.793689962e-07,1.917475985e-06,-1.917475985e-06,-0.2372683727,9.587379924e-07,1.917475985e-06,4.793689962e-07,1.917475985e-06,-1.917475985e-06,-0.2372683727,0,0,0,0,0,0
6.68,1,1,5.992112453e-05,3.78701507e-05,1.174454041e-05,0.0001404551159,3.187803825e-05,0.00466354128,0,0,0,0,0,-0.0408407045,0.002714688991,-0.009815194042,0.001911260118,0.001948852289,0.0226133665,0.08942395348,11.63521654,-0,0.05383042656,-0.130264658,1.145768324,0.2631114159,1.045921237,0.0007179957748,-4.471197674,-0.2631114159,-0.0007179957748,-3.589258761,-3.589258761,0.01465925972,-0.1794629381,4.793689962e-07,4.793689962e-07,4.793689962e-07,2.876213977e-06,-3.355582973e-06,-0.1794629381,4.793689962e-07,4.793689962e-07,4.793689962e-07,2.876213977e-06,-3.355582973e-06,-0.1794629381,0,0,0,0,0,0
6.69,1,1,6.016080902e-05,3.667172821e-05,1.126517141e-05,0.0001411741694,3.139866925e-05,0.004280046083,0,0,0,0,0,-0.03141592654,0.002616633062,-0.009795946984,0.001938142708,0.001663413021,0.01928910282,0.08124907077,11.62126322,-0,0.04940663209,-0.1126649973,1.256414724,0.2241637413,1.035942713,0.0006310001543,-4.062453539,-0.2241637413,-0.0006310001543,-3.030833556,-3.030833556,0.01445262844,-0.1515416778,-0,2.876213977e-06,1.438106989e-06,1.438106989e-06,-2.396844981e-06,-0.1515416778,-0,2.876213977e-06,1.438106989e-06,1.438106989e-06,-2.396844981e-06,-0.1515416778,0,0,0,0,0,0
6.7,1,1,6.016080902e-05,3.619235921e-05,1.22239094e-05,0.0001414138539,3.187803825e-05,0.004017112188,0,0,0,0,0,-0.01989675347,0.002518770946,-0.009776431365,0.001964972162,0.001498341242,0.01736728201,0.08257227143,11.61239617,-0,0.04637314472,-0.1024690249,1.210984563,0.201675759,1.024012836,0.0006176715847,-4.128613571,-0.201675759,-0.0006176715847,-3.119922438,-3.119922438,0.01424700702,-0.1559961219,-0,3.83495197e-06,-4.793689962e-07,9.587379924e-07,-3.355582973e-06,-0.1559961219,-0,3.83495197e-06,-4.793689962e-07,9.587379924e-07,-3.355582973e-06,-0.1559961219,0,0,0,0,0,0
6.71,1,1,5.992112453e-05,3.715109721e-05,1.198422491e-05,0.0001418932229,3.211772275e-05,0.003872582436,0,0,0,0,0,-0.007330382858,0.002421105328,-0.00975664772,0.001991747746,0.001451477108,0.01681943812,0.09223199441,11.60776401,-0,0.04470555677,-0.09956237727,1.040441314,0.1952360685,1.011216399,0.0006634760079,-4.611599721,-0.1952360685,-0.0006634760079,-3.767057951,-3.767057951,0.01405091706,-0.1883528976,4.793689962e-07,1.917475985e-06,-0,-0,-3.83495197e-06,-0.1883528976,4.793689962e-07,1.917475985e-06,-0,-0,-3.83495197e-06,-0.1883528976,0,0,0,0,0,0
6.72,1,1,6.064017802e-05,3.78701507e-05,1.174454041e-05,0.0001423725919,3.187803825e-05,0.003843101243,0,0,0,0,0,0.001047197551,0.002323638884,-0.009736596592,0.002018468725,0.001519462359,0.01760490588,0.1047916554,11.60684019,-0,0.04436539044,-0.1037444579,0.7715807263,0.2043373291,1.004890573,0.0007349676622,-5.239582771,-0.2043373291,-0.0007349676622,-4.673074342,-4.673074342,0.01387432793,-0.2336537171,-9.587379924e-07,4.793689962e-07,4.793689962e-07,-9.587379924e-07,-3.355582973e-06,-0.2336537171,-9.587379924e-07,4.793689962e-07,4.793689962e-07,-9.587379924e-07,-3.355582973e-06,-0.2336537171,0,0,0,0,0,0
6.73,1,1,6.087986252e-05,3.76304662e-05,1.174454041e-05,0.0001414138539,3.163835375e-05,0.003856044206,0,0,0,0,0,0.002094395102,0.002226374286,-0.00971627853,0.002045134367,0.00162966992,0.01888028676,0.1126259214,11.60724489,-0,0.04451473223,-0.1105315263,0.506138651,0.2191481121,1.005951536,0.0007823846619,-5.631296069,-0.2191481121,-0.0007823846619,-5.345087914,-5.345087914,0.01371451267,-0.2672543957,-1.438106989e-06,9.587379924e-07,4.793689962e-07,9.587379924e-07,-2.876213977e-06,-0.2672543957,-1.438106989e-06,9.587379924e-07,4.793689962e-07,9.587379924e-07,-2.876213977e-06,-0.2672543957,0,0,0,0,0,0
6.74,1,1,6.087986252e-05,3.715109721e-05,1.22239094e-05,0.0001414138539,3.187803825e-05,0.003888641297,0.001047197551,0,0,0,0,0.002094395102,0.002129314201,-0.009695694091,0.00207174394,0.001759327096,0.02038128147,0.1206110599,11.60827023,-0,0.04489084899,-0.1185166648,0.2674734086,0.2365914229,1.005984133,0.0008292204169,-6.030552997,-0.2365914229,-0.0008292204169,-6.000500232,-6.000500232,0.01357380359,-0.3000250116,-0.0001061578621,1.917475985e-06,-4.793689962e-07,9.587379924e-07,-3.355582973e-06,-0.3000250116,-0.0001061578621,1.917475985e-06,-4.793689962e-07,9.587379924e-07,-3.355582973e-06,-0.3000250116,0,0,0,0,0,0
6.75,1,1,6.040049352e-05,3.643204371e-05,1.150485591e-05,0.0001409344849,3.211772275e-05,0.003914766908,0,0,0,0,0,0.002094395102,0.00203246129,-0.00967484384,0.002098296716,0.001882305618,0.02180462292,0.1281820275,11.6090983,-0,0.04519229207,-0.1260876324,0.08026634697,0.2531320108,1.006010259,0.0008730888872,-6.409101374,-0.2531320108,-0.0008730888872,-6.582840127,-6.582840127,0.0134485975,-0.3291420064,-4.793689962e-07,3.355582973e-06,9.587379924e-07,1.917475985e-06,-3.83495197e-06,-0.3291420064,-4.793689962e-07,3.355582973e-06,9.587379924e-07,1.917475985e-06,-3.83495197e-06,-0.3291420064,0,0,0,0,0,0
6.76,1,1,5.992112453e-05,3.523362122e-05,1.150485591e-05,0.0001414138539,3.163835375e-05,0.003924593972,0,0,0,0,0,0,0.001935818208,-0.009653728349,0.002124791965,0.001988775764,0.02303618491,0.1326390613,11.60941122,-0,0.04530567812,-0.1326390613,-0.05391756499,0.2674365437,1.003924594,0.0008920606316,-6.631953065,-0.2674365437,-0.0008920606316,-6.954199234,-6.954199234,0.01333526421,-0.3477099617,4.793689962e-07,5.752427955e-06,9.587379924e-07,9.587379924e-07,-2.876213977e-06,-0.3477099617,4.793689962e-07,5.752427955e-06,9.587379924e-07,9.587379924e-07,-2.876213977e-06,-0.3477099617,0,0,0,0,0,0
6.77,1,1,6.016080902e-05,3.619235921e-05,1.198422491e-05,0.0001414138539,3.187803825e-05,0.003922676496,0,0,0,0,0,0,0.001839387605,-0.009632348195,0.002151228963,0.002083288891,0.02412879858,0.1384523725,11.6093501,-0,0.04528355404,-0.1384523725,-0.1502251549,0.2801196703,1.003922676,0.0009241081679,-6.922618626,-0.2801196703,-0.0009241081679,-7.35388756,-7.35388756,0.01323564611,-0.367694378,-0,3.83495197e-06,-0,9.587379924e-07,-3.355582973e-06,-0.367694378,-0,3.83495197e-06,-0,9.587379924e-07,-3.355582973e-06,-0.367694378,0,0,0,0,0,0
6.78,1,1,6.064017802e-05,3.715109721e-05,1.150485591e-05,0.0001411741694,3.139866925e-05,0.003918362175,0,0,0,0,0,0,0.001743172125,-0.009610703966,0.002177606983,0.00217519005,0.02519096173,0.1441038768,11.60921269,-0,0.04523377482,-0.1441038768,-0.2260267284,0.2924472326,1.003918362,0.0009554790359,-7.205193839,-0.2924472326,-0.0009554790359,-7.724623279,-7.724623279,0.01314967411,-0.386231164,-9.587379924e-07,1.917475985e-06,9.587379924e-07,1.438106989e-06,-2.396844981e-06,-0.386231164,-9.587379924e-07,1.917475985e-06,9.587379924e-07,1.438106989e-06,-2.396844981e-06,-0.386231164,0,0,0,0,0,0
6.79,1,1,5.968144003e-05,3.667172821e-05,1.198422491e-05,0.0001406948004,3.163835375e-05,0.003915725646,0,0,0,0,0,-0.001047197551,0.001647174404,-0.009588796255,0.002203925303,0.002268551241,0.02626995568,0.1487973213,11.60912879,-0,0.04520335414,-0.1498445188,-0.2896339871,0.3049712989,1.004963197,0.0009831292207,-7.439866065,-0.3049712989,-0.0009831292207,-8.03545448,-8.03545448,0.01307735895,-0.401772724,9.587379924e-07,2.876213977e-06,-0,2.396844981e-06,-2.876213977e-06,-0.401772724,9.587379924e-07,2.876213977e-06,-0,2.396844981e-06,-2.876213977e-06,-0.401772724,0,0,0,0,0,0
6.8,1,1,5.968144003e-05,3.73907817e-05,1.198422491e-05,0.0001411741694,3.139866925e-05,0.00391117164,0,0,0,0,0,-0.001047197551,0.001551397076,-0.009566625661,0.002230183202,0.002359774564,0.02732402003,0.1544055281,11.60898401,-0,0.04515080926,-0.1554527256,-0.3393472312,0.3172041117,1.004958643,0.001015498178,-7.720276404,-0.3172041117,-0.001015498178,-8.377843245,-8.377843245,0.01301878097,-0.4188921622,9.587379924e-07,1.438106989e-06,-0,1.438106989e-06,-2.396844981e-06,-0.4188921622,9.587379924e-07,1.438106989e-06,-0,1.438106989e-06,-2.396844981e-06,-0.4188921622,0,0,0,0,0,0
6.81,1,1,6.111954702e-05,3.667172821e-05,1.198422491e-05,0.0001411741694,3.139866925e-05,0.003901344576,0,0,0,0,0,0,0.001455842765,-0.009544192794,0.002256379958,0.002445501811,0.02831417916,0.1607218899,11.60867217,-0,0.04503742261,-0.1607218899,-0.3736910046,0.3286900236,1.003901345,0.001050974383,-8.036094493,-0.3286900236,-0.001050974383,-8.739526496,-8.739526496,0.01297288969,-0.4369763248,-1.917475985e-06,2.876213977e-06,-0,1.438106989e-06,-2.396844981e-06,-0.4369763248,-1.917475985e-06,2.876213977e-06,-0,1.438106989e-06,-2.396844981e-06,-0.4369763248,0,0,0,0,0,0
6.82,1,1,6.159891601e-05,3.667172821e-05,1.24635939e-05,0.0001414138539,3.163835375e-05,0.003895112779,0,0,0,0,0,-0.001047197551,0.001360514092,-0.009521498269,0.002282514855,0.002534598687,0.02934336208,0.1651507323,11.60847483,-0,0.04496551866,-0.1661979298,-0.4053832518,0.34063168,1.004942584,0.001079496209,-8.257536614,-0.34063168,-0.001079496209,-9.004631042,-9.004631042,0.012941943,-0.4502315521,-2.876213977e-06,2.876213977e-06,-9.587379924e-07,9.587379924e-07,-2.876213977e-06,-0.4502315521,-2.876213977e-06,2.876213977e-06,-9.587379924e-07,9.587379924e-07,-2.876213977e-06,-0.4502315521,0,0,0,0,0,0
6.83,1,1,6.016080902e-05,3.643204371e-05,1.24635939e-05,0.0001416535384,3.163835375e-05,0.003885285714,0,0,0,0,0,0,0.00126541367,-0.009498542706,0.002308587176,0.002619872044,0.03032807448,0.1714381166,11.60816428,-0,0.04485213131,-0.1714381166,-0.4271111752,0.3520532707,1.003885286,0.001116598496,-8.571905832,-0.3520532707,-0.001116598496,-9.352186876,-9.352186876,0.01292457133,-0.4676093438,-0,3.355582973e-06,-9.587379924e-07,4.793689962e-07,-2.876213977e-06,-0.4676093438,-0,3.355582973e-06,-9.587379924e-07,4.793689962e-07,-2.876213977e-06,-0.4676093438,0,0,0,0,0,0
6.84,1,1,5.944175553e-05,3.715109721e-05,1.174454041e-05,0.0001409344849,3.163835375e-05,0.003876896757,0,0,0,0,0,-0.001047197551,0.001170544106,-0.009475326736,0.002334596206,0.002706352651,0.03132672374,0.1757049309,11.6078998,-0,0.04475533688,-0.1767521284,-0.4460865595,0.3636374703,1.004924368,0.00114633245,-8.785246543,-0.3636374703,-0.00114633245,-9.596116905,-9.596116905,0.01292093938,-0.4798058453,1.438106989e-06,1.917475985e-06,4.793689962e-07,1.917475985e-06,-2.876213977e-06,-0.4798058453,1.438106989e-06,1.917475985e-06,4.793689962e-07,1.917475985e-06,-2.876213977e-06,-0.4798058453,0,0,0,0,0,0
6.85,1,1,6.040049352e-05,3.76304662e-05,1.24635939e-05,0.0001402154314,3.235740724e-05,0.003862755371,0,0,0,0,0,-0.001047197551,0.001075908001,-0.009451850995,0.002360541231,0.00278684737,0.03225582161,0.1806503136,11.60745528,-0,0.04459216842,-0.1816975112,-0.4548208009,0.3744080068,1.004910227,0.001179269661,-9.032515681,-0.3744080068,-0.001179269661,-9.862923759,-9.862923759,0.01292999695,-0.4931461879,-4.793689962e-07,9.587379924e-07,-9.587379924e-07,3.355582973e-06,-4.314320966e-06,-0.4931461879,-4.793689962e-07,9.587379924e-07,-9.587379924e-07,3.355582973e-06,-4.314320966e-06,-0.4931461879,0,0,0,0,0,0
6.86,1,1,6.183860051e-05,3.73907817e-05,1.174454041e-05,0.0001406948004,3.139866925e-05,0.003844779034,0,0,0,0,0,-0.001047197551,0.0009815079498,-0.009428116127,0.002386421541,0.002863271084,0.0331376091,0.1853450659,11.60689257,-0,0.04438474961,-0.1863922635,-0.4574626103,0.384624669,1.004892251,0.001211782169,-9.267253296,-0.384624669,-0.001211782169,-10.11055236,-10.11055236,0.01295165848,-0.5055276179,-3.355582973e-06,1.438106989e-06,4.793689962e-07,2.396844981e-06,-2.396844981e-06,-0.5055276179,-3.355582973e-06,1.438106989e-06,4.793689962e-07,2.396844981e-06,-2.396844981e-06,-0.5055276179,0,0,0,0,0,0
6.87,1,1,6.087986252e-05,3.83495197e-05,1.24635939e-05,0.0001409344849,3.187803825e-05,0.003825604274,0,0,0,0,0,-0.003141592654,0.0008873465402,-0.009404122782,0.002412236426,0.002938257734,0.03400267034,0.1878569032,11.60629528,-0,0.04416350129,-0.1909984959,-0.457679035,0.3946450322,1.006969664,0.001236405143,-9.392845161,-0.3946450322,-0.001236405143,-10.24640563,-10.24640563,0.01298514984,-0.5123202817,-1.438106989e-06,-4.793689962e-07,-9.587379924e-07,1.917475985e-06,-3.355582973e-06,-0.5123202817,-1.438106989e-06,-4.793689962e-07,-9.587379924e-07,1.917475985e-06,-3.355582973e-06,-0.5123202817,0,0,0,0,0,0
6.88,1,1,6.064017802e-05,3.85892042e-05,1.22239094e-05,0.0001416535384,3.163835375e-05,0.003796362766,0,0,0,0,0,-0.002094395102,0.0007934263536,-0.009379871619,0.002437985179,0.003002936412,0.03474806325,0.1928764909,11.60539021,-0,0.04382609448,-0.194970886,-0.4466687731,0.403264833,1.005891854,0.001270747492,-9.643824544,-0.403264833,-0.001270747492,-10.4950289,-10.4950289,0.01302767973,-0.5247514449,-9.587379924e-07,-9.587379924e-07,-4.793689962e-07,4.793689962e-07,-2.876213977e-06,-0.5247514449,-9.587379924e-07,-9.587379924e-07,-4.793689962e-07,4.793689962e-07,-2.876213977e-06,-0.5247514449,0,0,0,0,0,0
6.89,1,1,5.992112453e-05,3.85892042e-05,1.150485591e-05,0.0001409344849,3.211772275e-05,0.003768319679,0,0,0,0,0,-0.003141592654,0.000699749965,-0.009355363302,0.002463667092,0.003068569714,0.03550451744,0.1958604571,11.60452881,-0,0.04350251231,-0.1990020498,-0.4384147596,0.4120131956,1.00691238,0.001298243999,-9.793022857,-0.4120131956,-0.001298243999,-10.64474906,-10.64474906,0.0130810708,-0.5322374528,4.793689962e-07,-9.587379924e-07,9.587379924e-07,1.917475985e-06,-3.83495197e-06,-0.5322374528,4.793689962e-07,-9.587379924e-07,9.587379924e-07,1.917475985e-06,-3.83495197e-06,-0.5322374528,0,0,0,0,0,0
6.9,1,1,6.040049352e-05,3.73907817e-05,1.22239094e-05,0.0001411741694,3.163835375e-05,0.003724936785,0,0,0,0,0,-0.003141592654,0.0006063199425,-0.009330598502,0.002489281464,0.003118616843,0.03608010633,0.1989336208,11.60320893,-0,0.0430019212,-0.2020752135,-0.4143066964,0.4186450119,1.006868997,0.001324409476,-9.946681041,-0.4186450119,-0.001324409476,-10.78095716,-10.78095716,0.01314048328,-0.5390478579,-4.793689962e-07,1.438106989e-06,-4.793689962e-07,1.438106989e-06,-2.876213977e-06,-0.5390478579,-4.793689962e-07,1.438106989e-06,-4.793689962e-07,1.438106989e-06,-2.876213977e-06,-0.5390478579,0,0,0,0,0,0
6.91,1,1,6.064017802e-05,3.715109721e-05,1.24635939e-05,0.0001416535384,3.187803825e-05,0.003680355468,0,0,0,0,0,-0.004188790205,0.0005131388476,-0.0093055779,0.00251482759,0.003167216621,0.03663893076,0.200870863,11.60186865,-0,0.04248749318,-0.2050596533,-0.3930104902,0.4250800622,1.007873532,0.001346768734,-10.04354315,-0.4250800622,-0.001346768734,-10.86298047,-10.86298047,0.01320758898,-0.5431490237,-9.587379924e-07,1.917475985e-06,-9.587379924e-07,4.793689962e-07,-3.355582973e-06,-0.5431490237,-9.587379924e-07,1.917475985e-06,-9.587379924e-07,4.793689962e-07,-3.355582973e-06,-0.5431490237,0,0,0,0,0,0
6.92,1,1,6.016080902e-05,3.76304662e-05,1.22239094e-05,0.0001406948004,3.163835375e-05,0.003625707403,0,0,0,0,0,-0.005235987756,0.0004202092349,-0.00928030218,0.002540304771,0.003205498168,0.03707809624,0.2021740862,11.60024794,-0,0.04185689249,-0.207410074,-0.363794516,0.4301151095,1.008868549,0.001365507153,-10.10870431,-0.4301151095,-0.001365507153,-10.90397944,-10.90397944,0.01327909717,-0.5451989722,-0,9.587379924e-07,-4.793689962e-07,2.396844981e-06,-2.876213977e-06,-0.5451989722,-0,9.587379924e-07,-4.793689962e-07,2.396844981e-06,-2.876213977e-06,-0.5451989722,0,0,0,0,0,0
6.93,1,1,6.087986252e-05,3.691141271e-05,1.198422491e-05,0.0001406948004,3.211772275e-05,0.003557157636,0,0,0,0,0,-0.006283185307,0.0003275336521,-0.009254772037,0.002565712308,0.003229623984,0.0373531487,0.2026073137,11.59824952,-0,0.04106585821,-0.208890499,-0.3242604803,0.4332311389,1.009850213,0.001378542422,-10.13036568,-0.4332311389,-0.001378542422,-10.88923584,-10.88923584,0.01335122599,-0.5444617922,-1.438106989e-06,2.396844981e-06,-0,2.396844981e-06,-3.83495197e-06,-0.5444617922,-1.438106989e-06,2.396844981e-06,-0,2.396844981e-06,-3.83495197e-06,-0.5444617922,0,0,0,0,0,0
6.94,1,1,6.135923152e-05,3.76304662e-05,1.22239094e-05,0.0001404551159,3.163835375e-05,0.003475664907,0,0,0,0,0,-0.00837758041,0.0002351146399,-0.009228988169,0.002591049505,0.003240550267,0.03747526343,0.2011818825,11.59592381,-0,0.04012544274,-0.2095594629,-0.2769729712,0.4345602993,1.011870791,0.001381684262,-10.05909413,-0.4345602993,-0.001381684262,-10.77200908,-10.77200908,0.01342221547,-0.5386004541,-2.396844981e-06,9.587379924e-07,-4.793689962e-07,2.876213977e-06,-2.876213977e-06,-0.5386004541,-2.396844981e-06,9.587379924e-07,-4.793689962e-07,2.876213977e-06,-2.876213977e-06,-0.5386004541,0,0,0,0,0,0
6.95,1,1,6.040049352e-05,3.715109721e-05,1.24635939e-05,0.0001411741694,3.187803825e-05,0.003375956156,0,0,0,0,0,-0.01047197551,0.0001429547321,-0.009202951283,0.002616315667,0.003233001424,0.03738337167,0.1986201076,11.59315212,-0,0.03897478061,-0.2090920831,-0.2172568291,0.4333911145,1.013875347,0.001376258846,-9.931005378,-0.4333911145,-0.001376258846,-10.58302958,-10.58302958,0.01348763402,-0.529151479,-4.793689962e-07,1.917475985e-06,-9.587379924e-07,1.438106989e-06,-3.355582973e-06,-0.529151479,-4.793689962e-07,1.917475985e-06,-9.587379924e-07,1.438106989e-06,-3.355582973e-06,-0.529151479,0,0,0,0,0,0
6.96,1,1,6.087986252e-05,3.76304662e-05,1.174454041e-05,0.0001416535384,3.163835375e-05,0.003243889997,0,0,0,0,0,-0.01361356817,5.105645526e-05,-0.009176662094,0.002641510101,0.003192833542,0.03691369792,0.1930036641,11.58960607,-0,0.03745064707,-0.2066172323,-0.1313306509,0.4278152173,1.01690379,0.001350680558,-9.650183205,-0.4278152173,-0.001350680558,-10.21067975,-10.21067975,0.01353949923,-0.5105339877,-1.438106989e-06,9.587379924e-07,4.793689962e-07,4.793689962e-07,-2.876213977e-06,-0.5105339877,-1.438106989e-06,9.587379924e-07,4.793689962e-07,4.793689962e-07,-2.876213977e-06,-0.5105339877,0,0,0,0,0,0
6.97,1,1,6.016080902e-05,3.81098352e-05,1.198422491e-05,0.0001409344849,3.187803825e-05,0.003079226747,0,0,0,0,0,-0.01570796327,-4.057767118e-05,-0.009150121323,0.002666632117,0.003119804418,0.03606376627,0.1864096367,11.58538428,-0,0.03555022974,-0.2021176,-0.02462322866,0.4178125907,1.018848875,0.001312790092,-9.320481835,-0.4178125907,-0.001312790092,-9.764230444,-9.764230444,0.0135713028,-0.4882115222,-0,-0,-0,1.917475985e-06,-3.355582973e-06,-0.4882115222,-0,-0,-0,1.917475985e-06,-3.355582973e-06,-0.4882115222,0,0,0,0,0,0
6.98,1,1,6.040049352e-05,3.667172821e-05,1.22239094e-05,0.0001414138539,3.163835375e-05,0.00290617454,0,0,0,0,0,-0.01570796327,-0.000131945135,-0.009123329696,0.002691681026,0.003038119675,0.03511428026,0.1813731636,11.58118581,-0,0.03355288975,-0.1970811268,0.07178102023,0.4066650043,1.018675823,0.001278458698,-9.068658178,-0.4066650043,-0.001278458698,-9.404820621,-9.404820621,0.01358652494,-0.4702410311,-4.793689962e-07,2.876213977e-06,-4.793689962e-07,9.587379924e-07,-2.876213977e-06,-0.4702410311,-4.793689962e-07,2.876213977e-06,-4.793689962e-07,9.587379924e-07,-2.876213977e-06,-0.4702410311,0,0,0,0,0,0
6.99,1,1,5.992112453e-05,3.619235921e-05,1.174454041e-05,0.0001414138539,3.163835375e-05,0.0027506193,0,0,0,0,0,-0.01361356817,-0.0002230434314,-0.009096287948,0.002716656141,0.002973662732,0.03436497031,0.1794887133,11.57762017,-0,0.031757411,-0.1931022815,0.1311489262,0.3978645733,1.01641052,0.001260302344,-8.974435665,-0.3978645733,-0.001260302344,-9.242411615,-9.242411615,0.01359393093,-0.4621205807,4.793689962e-07,3.83495197e-06,4.793689962e-07,9.587379924e-07,-2.876213977e-06,-0.4621205807,4.793689962e-07,3.83495197e-06,4.793689962e-07,9.587379924e-07,-2.876213977e-06,-0.4621205807,0,0,0,0,0,0
7,1,1,6.040049352e-05,3.76304662e-05,1.150485591e-05,0.0001411741694,3.187803825e-05,0.002622148409,0,0,0,0,0,-0.01256637061,-0.0003138700627,-0.009068996821,0.002741556778,0.002936018472,0.03392656642,0.1782071989,11.57482393,-0,0.03027449218,-0.1907735695,0.14945206,0.392694033,1.015227997,0.001248794136,-8.910359946,-0.392694033,-0.001248794136,-9.154850713,-9.154850713,0.01359786641,-0.4577425357,-4.793689962e-07,9.587379924e-07,9.587379924e-07,1.438106989e-06,-3.355582973e-06,-0.4577425357,-4.793689962e-07,9.587379924e-07,9.587379924e-07,1.438106989e-06,-3.355582973e-06,-0.4577425357,0,0,0,0,0,0
7.01,1,1,6.064017802e-05,3.667172821e-05,1.22239094e-05,0.0001406948004,3.139866925e-05,0.002507818904,0,0,0,0,0,-0.009424777961,-0.000404422539,-0.009041457063,0.002766382254,0.002912241443,0.03364901666,0.1798736896,11.57244845,-0,0.02895476301,-0.1892984675,0.1487834434,0.3894015106,1.011954803,0.001252580551,-8.993684479,-0.3894015106,-0.001252580551,-9.235555127,-9.235555127,0.0136005845,-0.4617777563,-9.587379924e-07,2.876213977e-06,-4.793689962e-07,2.396844981e-06,-2.396844981e-06,-0.4617777563,-9.587379924e-07,2.876213977e-06,-4.793689962e-07,2.396844981e-06,-2.396844981e-06,-0.4617777563,0,0,0,0,0,0
7.02,1,1,6.087986252e-05,3.83495197e-05,1.198422491e-05,0.0001411741694,3.187803825e-05,0.002411226051,0,0,0,0,0,-0.00837758041,-0.0004946983777,-0.009013669429,0.002791131887,0.002905924429,0.03357378391,0.1805217587,11.57052434,-0,0.02783974215,-0.1888993391,0.1287687309,0.388466284,1.010806352,0.001254590653,-9.026087935,-0.388466284,-0.001254590653,-9.287040079,-9.287040079,0.01360448306,-0.464352004,-1.438106989e-06,-4.793689962e-07,-0,1.438106989e-06,-3.355582973e-06,-0.464352004,-1.438106989e-06,-4.793689962e-07,-0,1.438106989e-06,-3.355582973e-06,-0.464352004,0,0,0,0,0,0
7.03,1,1,6.064017802e-05,3.76304662e-05,1.22239094e-05,0.0001411741694,3.139866925e-05,0.002331650798,0,0,0,0,0,-0.007330382858,-0.0005846951039,-0.00898563468,0.002815805001,0.002916345901,0.03369241647,0.1822019987,11.56899621,-0,0.02692114462,-0.1895323816,0.09352484544,0.3897874384,1.009675467,0.001264188231,-9.110099935,-0.3897874384,-0.001264188231,-9.407626716,-9.407626716,0.01361297624,-0.4703813358,-9.587379924e-07,9.587379924e-07,-4.793689962e-07,1.438106989e-06,-2.396844981e-06,-0.4703813358,-9.587379924e-07,9.587379924e-07,-4.793689962e-07,1.438106989e-06,-2.396844981e-06,-0.4703813358,0,0,0,0,0,0
7.04,1,1,6.087986252e-05,3.715109721e-05,1.150485591e-05,0.0001414138539,3.115898475e-05,0.002264299454,0,0,0,0,0,-0.005235987756,-0.0006744102502,-0.008957353586,0.002840400918,0.002938709704,0.03394935662,0.1856661768,11.56774302,-0,0.02614364362,-0.1909021645,0.0509973377,0.3927174332,1.007507141,0.001283923963,-9.283308838,-0.3927174332,-0.001283923963,-9.626312857,-9.626312857,0.01362683535,-0.4813156429,-1.438106989e-06,1.917475985e-06,9.587379924e-07,9.587379924e-07,-1.917475985e-06,-0.4813156429,-1.438106989e-06,1.917475985e-06,9.587379924e-07,9.587379924e-07,-1.917475985e-06,-0.4813156429,0,0,0,0,0,0
7.05,1,1,5.992112453e-05,3.691141271e-05,1.27032784e-05,0.0001411741694,3.187803825e-05,0.00221348634,0,0,0,0,0,-0.004188790205,-0.000763841357,-0.008928826922,0.002864918963,0.002977327697,0.03439443568,0.1890861893,11.56682195,-0,0.02555705136,-0.1932749795,-0.001953384953,0.3978343136,1.006406663,0.001306715705,-9.454309463,-0.3978343136,-0.001306715705,-9.855403877,-9.855403877,0.01364856331,-0.4927701939,4.793689962e-07,2.396844981e-06,-1.438106989e-06,1.438106989e-06,-3.355582973e-06,-0.4927701939,4.793689962e-07,2.396844981e-06,-1.438106989e-06,1.438106989e-06,-3.355582973e-06,-0.4927701939,0,0,0,0,0,0
7.06,1,1,5.992112453e-05,3.73907817e-05,1.174454041e-05,0.0001421329074,3.187803825e-05,0.002176095558,0,0.001047197551,0,0,0,-0.002094395102,-0.0008529859726,-0.008900055469,0.002889358466,0.003029081531,0.03499154466,0.1943641877,11.56615757,-0,0.02512540378,-0.1964585828,-0.06005602259,0.4047177193,1.004271587,0.001340647768,-9.718209384,-0.4047177193,-0.001340647768,-10.18432377,-10.18432377,0.01368206486,-0.5092161887,4.793689962e-07,-0.0001032816481,4.793689962e-07,-4.793689962e-07,-3.355582973e-06,-0.5092161887,4.793689962e-07,-0.0001032816481,4.793689962e-07,-4.793689962e-07,-3.355582973e-06,-0.5092161887,0,0,0,0,0,0
7.07,1,1,6.040049352e-05,3.73907817e-05,1.198422491e-05,0.0001418932229,3.139866925e-05,0.002148771526,0,0,0,0,0,-0.002094395102,-0.0009418416531,-0.008871040016,0.002913718755,0.003090613179,0.03570182361,0.1981514152,11.56567925,-0,0.02480996679,-0.2002458103,-0.1185082072,0.4129158404,1.004244263,0.001371129236,-9.907570759,-0.4129158404,-0.001371129236,-10.44036594,-10.44036594,0.01372747433,-0.5220182968,-4.793689962e-07,1.438106989e-06,-0,-0,-2.396844981e-06,-0.5220182968,-4.793689962e-07,1.438106989e-06,-0,-0,-2.396844981e-06,-0.5220182968,0,0,0,0,0,0
7.08,1,1,6.064017802e-05,3.76304662e-05,1.27032784e-05,0.0001411741694,3.187803825e-05,0.00213463014,-0.001047197551,0,0,0,0,-0.001047197551,-0.001030405962,-0.00884178136,0.002937999163,0.003165036102,0.0365612715,0.2037815063,11.56543407,-0,0.02464671358,-0.2048287038,-0.1808835309,0.4228469752,1.003182102,0.001413039851,-10.18907531,-0.4228469752,-0.001413039851,-10.79421886,-10.79421886,0.01378688399,-0.539710943,0.0001037610171,9.587379924e-07,-1.438106989e-06,1.438106989e-06,-3.355582973e-06,-0.539710943,0.0001037610171,9.587379924e-07,-1.438106989e-06,1.438106989e-06,-3.355582973e-06,-0.539710943,0,0,0,0,0,0
7.09,1,1,6.111954702e-05,3.667172821e-05,1.24635939e-05,0.0001409344849,3.235740724e-05,0.00212504276,0,0,0,0,0,-0.001047197551,-0.001118676472,-0.008812280302,0.002962199025,0.003243719232,0.03747006233,0.2086274699,11.56526878,-0,0.02453603316,-0.2096746675,-0.2361629786,0.433351342,1.003172514,0.001454287696,-10.4313735,-0.433351342,-0.001454287696,-11.1023421,-11.1023421,0.01386135395,-0.5551171052,-1.917475985e-06,2.876213977e-06,-9.587379924e-07,1.917475985e-06,-4.314320966e-06,-0.5551171052,-1.917475985e-06,2.876213977e-06,-9.587379924e-07,1.917475985e-06,-4.314320966e-06,-0.5551171052,0,0,0,0,0,0
7.1,1,1,6.087986252e-05,3.691141271e-05,1.150485591e-05,0.0001411741694,3.139866925e-05,0.002111141059,0,0,0,0,0,0,-0.001206650763,-0.00878253765,0.002986317676,0.003317791822,0.03832560762,0.2142364765,11.56503042,-0,0.02437554615,-0.2142364765,-0.2765899488,0.4432368182,1.002111141,0.001499354824,-10.71182383,-0.4432368182,-0.001499354824,-11.43314995,-11.43314995,0.01394776064,-0.5716574973,-1.438106989e-06,2.396844981e-06,9.587379924e-07,1.438106989e-06,-2.396844981e-06,-0.5716574973,-1.438106989e-06,2.396844981e-06,9.587379924e-07,1.438106989e-06,-2.396844981e-06,-0.5716574973,0,0,0,0,0,0
7.11,1,1,6.064017802e-05,3.667172821e-05,1.22239094e-05,0.0001404551159,3.211772275e-05,0.002092205984,0,0,0,0,0,-0.002094395102,-0.001294326423,-0.008752554221,0.003010354456,0.003386532407,0.0391195717,0.2163753183,11.56470829,-0,0.02415695102,-0.2184697134,-0.3030752144,0.4524064353,1.004187698,0.00153116349,-10.81876591,-0.4524064353,-0.00153116349,-11.57577873,-11.57577873,0.01404519803,-0.5787889364,-9.587379924e-07,2.876213977e-06,-4.793689962e-07,2.876213977e-06,-3.83495197e-06,-0.5787889364,-9.587379924e-07,2.876213977e-06,-4.793689962e-07,2.876213977e-06,-3.83495197e-06,-0.5787889364,0,0,0,0,0,0
7.12,1,1,6.087986252e-05,3.691141271e-05,1.174454041e-05,0.0001414138539,3.163835375e-05,0.002058889839,0,0,0,0,0,-0.004188790205,-0.001381701048,-0.008722330836,0.003034308706,0.003440590886,0.03974383737,0.2176089509,11.56414857,-0,0.02377233217,-0.2217977411,-0.3080197607,0.4596036403,1.006252067,0.001557756201,-10.88044754,-0.4596036403,-0.001557756201,-11.6496287,-11.6496287,0.01415017557,-0.5824814351,-1.438106989e-06,2.396844981e-06,4.793689962e-07,9.587379924e-07,-2.876213977e-06,-0.5824814351,-1.438106989e-06,2.396844981e-06,4.793689962e-07,9.587379924e-07,-2.876213977e-06,-0.5824814351,0,0,0,0,0,0
7.13,1,1,5.920207103e-05,3.667172821e-05,1.22239094e-05,0.0001406948004,3.187803825e-05,0.002012870415,0,0,0,0,0,-0.004188790205,-0.001468772242,-0.008691868324,0.003058179768,0.003481642657,0.04021780622,0.2201351132,11.56339025,-0,0.02324105575,-0.2243239034,-0.2977155367,0.4650541884,1.006206047,0.001587746031,-11.00675566,-0.4650541884,-0.001587746031,-11.77111313,-11.77111313,0.01425895284,-0.5885556566,1.917475985e-06,2.876213977e-06,-4.793689962e-07,2.396844981e-06,-3.355582973e-06,-0.5885556566,1.917475985e-06,2.876213977e-06,-4.793689962e-07,2.396844981e-06,-3.355582973e-06,-0.5885556566,0,0,0,0,0,0
7.14,1,1,6.040049352e-05,3.667172821e-05,1.24635939e-05,0.0001421329074,3.211772275e-05,0.00194599844,0,0,0,0,0,-0.007330382858,-0.00155553762,-0.00866116752,0.003081966989,0.00350153606,0.04044725807,0.2182147943,11.56231895,-0,0.02246903598,-0.2255451772,-0.2650916714,0.4676640983,1.009289815,0.001595619206,-10.91073972,-0.4676640983,-0.001595619206,-11.64509111,-11.64509111,0.01436686341,-0.5822545553,-4.793689962e-07,2.876213977e-06,-9.587379924e-07,-4.793689962e-07,-3.83495197e-06,-0.5822545553,-4.793689962e-07,2.876213977e-06,-9.587379924e-07,-4.793689962e-07,-3.83495197e-06,-0.5822545553,0,0,0,0,0,0
7.15,1,1,6.087986252e-05,3.76304662e-05,1.126517141e-05,0.0001406948004,3.115898475e-05,0.001858753283,0,0,0,0,0,-0.009424777961,-0.001641994801,-0.008630229266,0.003105669716,0.003500748084,0.04043777598,0.2160656593,11.5609758,-0,0.02146179799,-0.2254904373,-0.215083938,0.4675001495,1.011305738,0.001597570279,-10.80328297,-0.4675001495,-0.001597570279,-11.48746462,-11.48746462,0.01446881717,-0.5743732312,-1.438106989e-06,9.587379924e-07,1.438106989e-06,2.396844981e-06,-1.917475985e-06,-0.5743732312,-1.438106989e-06,9.587379924e-07,1.438106989e-06,2.396844981e-06,-1.917475985e-06,-0.5743732312,0,0,0,0,0,0
7.16,1,1,5.968144003e-05,3.715109721e-05,1.27032784e-05,0.0001404551159,3.163835375e-05,0.001731720499,0,0,0,0,0,-0.01466076572,-0.001728141416,-0.00859905441,0.0031292873,0.003459861915,0.03996499625,0.2082995104,11.5591305,-0,0.01999518622,-0.2229602761,-0.1287454431,0.4619606071,1.016446221,0.001565282016,-10.41497552,-0.4619606071,-0.001565282016,-11.00724685,-11.00724685,0.01455417169,-0.5503623426,9.587379924e-07,1.917475985e-06,-1.438106989e-06,2.876213977e-06,-2.876213977e-06,-0.5503623426,9.587379924e-07,1.917475985e-06,-1.438106989e-06,2.876213977e-06,-2.876213977e-06,-0.5503623426,0,0,0,0,0,0
7.17,1,1,5.968144003e-05,3.715109721e-05,1.174454041e-05,0.0001406948004,3.211772275e-05,0.001556031762,0,0,0,0,0,-0.01780235837,-0.001813975104,-0.008567643806,0.003152819092,0.003370006865,0.03892660694,0.1996017291,11.55679399,-0,0.0179667818,-0.2174040875,-0.002796020491,0.4498667771,1.019437621,0.001515078004,-9.980086456,-0.4498667771,-0.001515078004,-10.43426433,-10.43426433,0.01461237693,-0.5217132166,9.587379924e-07,1.917475985e-06,4.793689962e-07,2.396844981e-06,-3.83495197e-06,-0.5217132166,9.587379924e-07,1.917475985e-06,4.793689962e-07,2.396844981e-06,-3.83495197e-06,-0.5217132166,0,0,0,0,0,0
7.18,1,1,6.111954702e-05,3.76304662e-05,1.24635939e-05,0.0001404551159,3.115898475e-05,0.001348704671,0,0,0,0,0,-0.01989675347,-0.00189949351,-0.008535998316,0.003176264449,0.00324819818,0.03751950275,0.1899720115,11.5543584,-0,0.0155730277,-0.209868765,0.1358781628,0.4335137819,1.021344428,0.00145049834,-9.498600575,-0.4335137819,-0.00145049834,-9.797686692,-9.797686692,0.01464094355,-0.4898843346,-1.917475985e-06,9.587379924e-07,-9.587379924e-07,2.876213977e-06,-1.917475985e-06,-0.4898843346,-1.917475985e-06,9.587379924e-07,-9.587379924e-07,2.876213977e-06,-1.917475985e-06,-0.4898843346,0,0,0,0,0,0
7.19,1,1,6.111954702e-05,3.76304662e-05,1.174454041e-05,0.0001409344849,3.163835375e-05,0.001139699788,0,0,0,0,0,-0.02094395102,-0.00198469429,-0.008504118807,0.003199622727,0.003124394078,0.03608992488,0.1812596731,11.55225541,-0,0.01315983447,-0.2022036241,0.2514088928,0.4169200299,1.022193313,0.001386985505,-9.062983653,-0.4169200299,-0.001386985505,-9.229881776,-9.229881776,0.01464591037,-0.4614940888,-1.917475985e-06,9.587379924e-07,4.793689962e-07,1.917475985e-06,-2.876213977e-06,-0.4614940888,-1.917475985e-06,9.587379924e-07,4.793689962e-07,1.917475985e-06,-2.876213977e-06,-0.4614940888,0,0,0,0,0,0
7.2,1,1,6.040049352e-05,3.78701507e-05,1.198422491e-05,0.0001409344849,3.187803825e-05,0.0008992962369,0,0,0,0,0,-0.02617993878,-0.002069575109,-0.008472006154,0.003222893285,0.002968871345,0.0342944992,0.1663896975,11.55027368,-0,0.01038403834,-0.1925696362,0.3825983731,0.3961108513,1.027250582,0.00128383833,-8.319484873,-0.3961108513,-0.00128383833,-8.33428119,-8.33428119,0.01461941765,-0.4167140595,-4.793689962e-07,4.793689962e-07,-0,1.917475985e-06,-3.355582973e-06,-0.4167140595,-4.793689962e-07,4.793689962e-07,-0,1.917475985e-06,-3.355582973e-06,-0.4167140595,0,0,0,0,0,0
7.21,1,1,5.968144003e-05,3.715109721e-05,1.174454041e-05,0.0001416535384,3.115898475e-05,0.0006466687759,0,0,0,0,0,-0.02303834613,-0.002154133639,-0.008439661236,0.003246075486,0.002800802415,0.03235471631,0.1591124183,11.54869496,-0,0.007467035662,-0.1821507644,0.5027538465,0.373654749,1.023817706,0.001215055228,-7.955620913,-0.373654749,-0.001215055228,-7.827736871,-7.827736871,0.01456424994,-0.3913868436,9.587379924e-07,1.917475985e-06,4.793689962e-07,4.793689962e-07,-1.917475985e-06,-0.3913868436,9.587379924e-07,1.917475985e-06,4.793689962e-07,4.793689962e-07,-1.917475985e-06,-0.3913868436,0,0,0,0,0,0
7.22,1,1,5.968144003e-05,3.715109721e-05,1.174454041e-05,0.0001404551159,3.163835375e-05,0.0004287955671,0,0,0,0,0,-0.02094395102,-0.002238367562,-0.008407084941,0.003269168695,0.002667163129,0.03081296825,0.1529125511,11.54774789,-0,0.004951289462,-0.1738565021,0.5618405964,0.3558203891,1.021482409,0.001156891059,-7.645627555,-0.3558203891,-0.001156891059,-7.440764239,-7.440764239,0.01449384938,-0.3720382119,9.587379924e-07,1.917475985e-06,4.793689962e-07,2.876213977e-06,-2.876213977e-06,-0.3720382119,9.587379924e-07,1.917475985e-06,4.793689962e-07,2.876213977e-06,-2.876213977e-06,-0.3720382119,0,0,0,0,0,0
7.23,1,1,5.992112453e-05,3.691141271e-05,1.24635939e-05,0.0001404551159,3.139866925e-05,0.0002142779413,0,0,0,0,0,-0.02199114858,-0.002322274569,-0.008374278161,0.003292172277,0.002536552511,0.02930647882,0.1437532569,11.54719035,-0,0.002474266605,-0.1657444055,0.607616731,0.3384074894,1.022326329,0.001082939715,-7.187662846,-0.3384074894,-0.001082939715,-6.919536544,-6.919536544,0.01440600847,-0.3459768272,4.793689962e-07,2.396844981e-06,-9.587379924e-07,2.876213977e-06,-2.396844981e-06,-0.3459768272,4.793689962e-07,2.396844981e-06,-9.587379924e-07,2.876213977e-06,-2.396844981e-06,-0.3459768272,0,0,0,0,0,0
7.24,1,1,6.040049352e-05,3.73907817e-05,1.174454041e-05,0.0001406948004,3.163835375e-05,-7.669903939e-06,0,0.001047197551,0,0,0,-0.01989675347,-0.00240585236,-0.008341241796,0.003315085603,0.002398182456,0.02771059553,0.137249501,11.54700502,0,-8.856442043e-05,-0.1571462545,0.6534372643,0.3199743857,1.020003394,0.001021765416,-6.86247505,-0.3199743857,-0.001021765416,-6.530033937,-6.530033937,0.01429984721,-0.3265016968,-4.793689962e-07,-0.0001032816481,4.793689962e-07,2.396844981e-06,-2.876213977e-06,-0.3265016968,-4.793689962e-07,-0.0001032816481,4.793689962e-07,2.396844981e-06,-2.876213977e-06,-0.3265016968,0,0,0,0,0,0
7.25,1,1,6.040049352e-05,3.691141271e-05,1.150485591e-05,0.0001411741694,3.163835375e-05,-0.0001888713845,0,0,0,0,0,-0.01466076572,-0.002489098643,-0.008307976752,0.003337908044,0.002300227258,0.02658151476,0.1363890222,11.54714895,0,-0.002180897559,-0.1510497879,0.6444895922,0.3069407103,1.014903372,0.0009973634644,-6.81945111,-0.3069407103,-0.0009973634644,-6.482899591,-6.482899591,0.01418771056,-0.3241449796,-4.793689962e-07,2.396844981e-06,9.587379924e-07,1.438106989e-06,-2.876213977e-06,-0.3241449796,-4.793689962e-07,2.396844981e-06,9.587379924e-07,1.438106989e-06,-2.876213977e-06,-0.3241449796,0,0,0,0,0,0
7.26,1,1,6.111954702e-05,3.715109721e-05,1.24635939e-05,0.0001423725919,3.139866925e-05,-0.0003075152111,0,0,0,0,0,-0.007330382858,-0.002572011136,-0.00827448394,0.003360638975,0.002264495925,0.02617104302,0.1414800483,11.54738697,0,-0.003550874139,-0.1488104311,0.5662891816,0.3022071612,1.007651332,0.001012082495,-7.074002414,-0.3022071612,-0.001012082495,-6.810932476,-6.810932476,0.01408050126,-0.3405466238,-1.917475985e-06,1.917475985e-06,-9.587379924e-07,-9.587379924e-07,-2.396844981e-06,-0.3405466238,-1.917475985e-06,1.917475985e-06,-9.587379924e-07,-9.587379924e-07,-2.396844981e-06,-0.3405466238,0,0,0,0,0,0
7.27,1,1,6.135923152e-05,3.882888869e-05,1.22239094e-05,0.0001411741694,3.163835375e-05,-0.0003657585441,0,0,0,0,0,-0.002094395102,-0.002654587566,-0.008240764279,0.003383277772,0.002288829021,0.02645427257,0.1482021346,11.54754546,0,-0.004223406387,-0.1502965297,0.4346579413,0.3054819151,1.00246125,0.001042118324,-7.41010673,-0.3054819151,-0.001042118324,-7.281972822,-7.281972822,0.0139858638,-0.3640986411,-2.396844981e-06,-1.438106989e-06,-4.793689962e-07,1.438106989e-06,-2.876213977e-06,-0.3640986411,-2.396844981e-06,-1.438106989e-06,-4.793689962e-07,1.438106989e-06,-2.876213977e-06,-0.3640986411,0,0,0,0,0,0
7.28,1,1,6.135923152e-05,3.78701507e-05,1.22239094e-05,0.0001399757469,3.211772275e-05,-0.0003731887636,0,0,0,0,0,0,-0.002736825668,-0.008206818694,0.003405823815,0.002363636905,0.02732049378,0.1549143146,11.54756765,0,-0.004309202583,-0.1549143146,0.270020351,0.3154852502,1.000373189,0.001078692668,-7.745715729,-0.3154852502,-0.001078692668,-7.792259321,-7.792259321,0.01390888879,-0.389612966,-2.396844981e-06,4.793689962e-07,-4.793689962e-07,3.83495197e-06,-3.83495197e-06,-0.389612966,-2.396844981e-06,4.793689962e-07,-4.793689962e-07,3.83495197e-06,-3.83495197e-06,-0.389612966,0,0,0,0,0,0
7.29,1,1,6.111954702e-05,3.73907817e-05,1.174454041e-05,0.0001414138539,3.187803825e-05,-0.0003691141271,0,0,0,0,0,0,-0.002818723189,-0.008172648114,0.003428276485,0.002449609062,0.02831577433,0.1602252871,11.54755542,0,-0.004262153059,-0.1602252871,0.1233887077,0.3269779734,1.000369114,0.001110535557,-8.011264357,-0.3269779734,-0.001110535557,-8.215964158,-8.215964158,0.01384628294,-0.4107982079,-1.917475985e-06,1.438106989e-06,4.793689962e-07,9.587379924e-07,-3.355582973e-06,-0.4107982079,-1.917475985e-06,1.438106989e-06,4.793689962e-07,9.587379924e-07,-3.355582973e-06,-0.4107982079,0,0,0,0,0,0
7.3,1,1,6.087986252e-05,3.78701507e-05,1.174454041e-05,0.0001404551159,3.211772275e-05,-0.0003671966511,0,0,0,0,0,0,-0.002900277884,-0.008138253478,0.003450635167,0.002533081233,0.02928232782,0.1653817362,11.54754972,0,-0.004240012104,-0.1653817362,0.006483745851,0.3381391364,1.000367197,0.001142084484,-8.269086811,-0.3381391364,-0.001142084484,-8.601884286,-8.601884286,0.01379704314,-0.4300942143,-1.438106989e-06,4.793689962e-07,4.793689962e-07,2.876213977e-06,-3.83495197e-06,-0.4300942143,-1.438106989e-06,4.793689962e-07,4.793689962e-07,2.876213977e-06,-3.83495197e-06,-0.4300942143,0,0,0,0,0,0
7.31,1,1,6.135923152e-05,3.78701507e-05,1.150485591e-05,0.0001404551159,3.115898475e-05,-0.0003681553891,0,0,0,0,0,0,-0.002981487515,-0.008103635726,0.003472899249,0.002613332126,0.03021182759,0.1703389158,11.54755257,0,-0.004251082582,-0.1703389158,-0.0852551455,0.3488726672,1.000368155,0.001173135155,-8.516945792,-0.3488726672,-0.001173135155,-8.95224674,-8.95224674,0.01376099555,-0.447612337,-2.396844981e-06,4.793689962e-07,9.587379924e-07,2.876213977e-06,-1.917475985e-06,-0.447612337,-2.396844981e-06,4.793689962e-07,9.587379924e-07,2.876213977e-06,-1.917475985e-06,-0.447612337,0,0,0,0,0,0
7.32,1,1,6.087986252e-05,3.73907817e-05,1.22239094e-05,0.0001404551159,3.187803825e-05,-0.0003698331806,0,0,0,0,0,0,-0.003062349858,-0.00806879581,0.003495068119,0.002692516677,0.0311291601,0.1752305302,11.54755757,0,-0.004270455917,-0.1752305302,-0.1591606173,0.3594657685,1.000369833,0.001204715417,-8.76152651,-0.3594657685,-0.001204715417,-9.281357611,-9.281357611,0.01373821273,-0.4640678806,-1.438106989e-06,1.438106989e-06,-4.793689962e-07,2.876213977e-06,-3.355582973e-06,-0.4640678806,-1.438106989e-06,1.438106989e-06,-4.793689962e-07,2.876213977e-06,-3.355582973e-06,-0.4640678806,0,0,0,0,0,0
7.33,1,1,6.087986252e-05,3.715109721e-05,1.174454041e-05,0.0001406948004,3.187803825e-05,-0.0003722300256,0,-0.001047197551,0,-0.001047197551,0,0,-0.003142862694,-0.008033734683,0.003517141171,0.002770632669,0.03203430192,0.1800564502,11.54756476,0,-0.004298132108,-0.1800564502,-0.2183389174,0.369918176,1.00037223,0.001236909145,-9.00282251,-0.369918176,-0.001236909145,-9.592316513,-9.592316513,0.01372852499,-0.4796158256,-1.438106989e-06,0.0001066372311,4.793689962e-07,0.0001071166001,-3.355582973e-06,-0.4796158256,-1.438106989e-06,0.0001066372311,4.793689962e-07,0.0001071166001,-3.355582973e-06,-0.4796158256,0,0,0,0,0,0
7.34,1,1,6.016080902e-05,3.691141271e-05,1.24635939e-05,0.0001406948004,3.187803825e-05,-0.000375825293,0,0,0,0,0,-0.001047197551,-0.003223023817,-0.007998453308,0.003539117798,0.002847198524,0.03292169403,0.1837396048,11.54757563,0,-0.004339646389,-0.1847868024,-0.2647333594,0.3801657517,1.001423297,0.001265063464,-9.186980241,-0.3801657517,-0.001265063464,-9.833144416,-9.833144416,0.01373173908,-0.4916572208,-0,2.396844981e-06,-9.587379924e-07,2.396844981e-06,-3.355582973e-06,-0.4916572208,-0,2.396844981e-06,-9.587379924e-07,2.396844981e-06,-3.355582973e-06,-0.4916572208,0,0,0,0,0,0
7.35,1,1,6.016080902e-05,3.715109721e-05,1.174454041e-05,0.0001418932229,3.139866925e-05,-0.000380139614,0,0,0,0,0,0,-0.003302831029,-0.007962952651,0.003560997398,0.002922691415,0.0337968485,0.1894511996,11.54758881,0,-0.00438946352,-0.1894511996,-0.3016903457,0.3902721096,1.00038014,0.001303035638,-9.472559982,-0.3902721096,-0.001303035638,-10.16582547,-10.16582547,0.01374764259,-0.5082912736,-0,1.917475985e-06,4.793689962e-07,-0,-2.396844981e-06,-0.5082912736,-0,1.917475985e-06,4.793689962e-07,-0,-2.396844981e-06,-0.5082912736,0,0,0,0,0,0
7.36,1,1,6.040049352e-05,3.715109721e-05,1.174454041e-05,0.0001416535384,3.187803825e-05,-0.0003906857319,0,-0.001047197551,0,0,0,-0.001047197551,-0.003382282142,-0.007927233685,0.003582779372,0.002991596411,0.03459608281,0.1926602341,11.54762167,0,-0.004511238694,-0.1937074317,-0.324056783,0.3995024755,1.001438157,0.001330496955,-9.633011706,-0.3995024755,-0.001330496955,-10.35790146,-10.35790146,0.01377533516,-0.5178950731,-4.793689962e-07,0.0001066372311,4.793689962e-07,4.793689962e-07,-3.355582973e-06,-0.5178950731,-4.793689962e-07,0.0001066372311,4.793689962e-07,4.793689962e-07,-3.355582973e-06,-0.5178950731,0,0,0,0,0,0
7.37,1,1,6.064017802e-05,3.715109721e-05,1.174454041e-05,0.0001416535384,3.163835375e-05,-0.0004136954437,0,0,0,0,0,-0.002094395102,-0.003461374979,-0.007891297391,0.003604463122,0.003047679535,0.03524741004,0.1950742036,11.54769647,0,-0.004776929806,-0.1971685987,-0.3278922517,0.4070263926,1.002509187,0.001353455153,-9.75371018,-0.4070263926,-0.001353455153,-10.48998228,-10.48998228,0.01381076702,-0.524499114,-9.587379924e-07,1.917475985e-06,4.793689962e-07,4.793689962e-07,-2.876213977e-06,-0.524499114,-9.587379924e-07,1.917475985e-06,4.793689962e-07,4.793689962e-07,-2.876213977e-06,-0.524499114,0,0,0,0,0,0
7.38,1,1,6.111954702e-05,3.643204371e-05,1.198422491e-05,0.0001423725919,3.163835375e-05,-0.0004472512735,0,0,0,0,0,-0.004188790205,-0.003540107369,-0.007855144752,0.003626048054,0.003092856096,0.03577294645,0.1957646299,11.54781324,0,-0.005164395554,-0.1999534201,-0.3185043741,0.4130993045,1.004640428,0.001368050395,-9.788231493,-0.4130993045,-0.001368050395,-10.52120322,-10.52120322,0.01385174986,-0.5260601611,-1.917475985e-06,3.355582973e-06,-0,-9.587379924e-07,-2.876213977e-06,-0.5260601611,-1.917475985e-06,3.355582973e-06,-0,-9.587379924e-07,-2.876213977e-06,-0.5260601611,0,0,0,0,0,0
7.39,1,1,6.040049352e-05,3.667172821e-05,1.198422491e-05,0.0001416535384,3.139866925e-05,-0.000501899339,0,0,0,0,0,-0.006283185307,-0.003618477156,-0.007818776761,0.003647533576,0.003116577817,0.03605087793,0.1951238038,11.54802288,0,-0.005795409936,-0.2014069891,-0.2863082212,0.4163163631,1.006794954,0.001373494601,-9.75619019,-0.4163163631,-0.001373494601,-10.46018827,-10.46018827,0.01389274176,-0.5230094134,-4.793689962e-07,2.876213977e-06,-0,4.793689962e-07,-2.396844981e-06,-0.5230094134,-4.793689962e-07,2.876213977e-06,-0,4.793689962e-07,-2.396844981e-06,-0.5230094134,0,0,0,0,0,0
7.4,1,1,6.016080902e-05,3.715109721e-05,1.22239094e-05,0.0001411741694,3.163835375e-05,-0.00057548248,0,0,0,0,0,-0.007330382858,-0.00369648219,-0.007782194414,0.003668919099,0.00312099971,0.03610607778,0.1943321861,11.5483433,0,-0.006645062498,-0.201662569,-0.2384514774,0.4169653816,1.007919299,0.001374742002,-9.716609306,-0.4169653816,-0.001374742002,-10.37340091,-10.37340091,0.01393062115,-0.5186700453,-0,1.917475985e-06,-4.793689962e-07,1.438106989e-06,-2.876213977e-06,-0.5186700453,-0,1.917475985e-06,-4.793689962e-07,1.438106989e-06,-2.876213977e-06,-0.5186700453,0,0,0,0,0,0
7.41,1,1,5.968144003e-05,3.667172821e-05,1.198422491e-05,0.0001411741694,3.187803825e-05,-0.0006703975412,0,0,0,0,0,-0.01047197551,-0.003774120333,-0.007745398714,0.003690204036,0.003103722792,0.03591082008,0.1900986167,11.54882128,0,-0.007741025897,-0.2005705922,-0.1743908704,0.4147276431,1.011169789,0.001356613935,-9.504930836,-0.4147276431,-0.001356613935,-10.09540596,-10.09540596,0.01396174088,-0.5047702982,9.587379924e-07,2.876213977e-06,-0,1.438106989e-06,-3.355582973e-06,-0.5047702982,9.587379924e-07,2.876213977e-06,-0,1.438106989e-06,-3.355582973e-06,-0.5047702982,0,0,0,0,0,0
7.42,1,1,6.016080902e-05,3.571299022e-05,1.198422491e-05,0.0001409344849,3.115898475e-05,-0.0007722634529,0,-0.001047197551,0,0,0,-0.009424777961,-0.003851389456,-0.007708390671,0.003711387805,0.003079126003,0.03563113695,0.1895985046,11.5494153,0,-0.008917241455,-0.1990232826,-0.1142984933,0.4115187984,1.010219248,0.00135294882,-9.47992523,-0.4115187984,-0.00135294882,-10.00709547,-10.00709547,0.01398678571,-0.5003547735,-0,0.0001095134451,-0,1.917475985e-06,-1.917475985e-06,-0.5003547735,-0,0.0001095134451,-0,1.917475985e-06,-1.917475985e-06,-0.5003547735,0,0,0,0,0,0
7.43,1,1,6.111954702e-05,3.595267472e-05,1.174454041e-05,0.0001409344849,3.139866925e-05,-0.0008580705032,0,0,0,0,0,-0.006283185307,-0.003928287442,-0.007671171297,0.003732469825,0.003070216939,0.03553274751,0.1921664113,11.5499808,0,-0.009908022961,-0.1984495966,-0.08335514961,0.4104025516,1.007151125,0.001365426674,-9.608320564,-0.4104025516,-0.001365426674,-10.10344369,-10.10344369,0.01401266549,-0.5051721846,-1.917475985e-06,4.314320966e-06,4.793689962e-07,1.917475985e-06,-2.396844981e-06,-0.5051721846,-1.917475985e-06,4.314320966e-06,4.793689962e-07,1.917475985e-06,-2.396844981e-06,-0.5051721846,0,0,0,0,0,0
7.44,1,1,6.064017802e-05,3.691141271e-05,1.22239094e-05,0.0001421329074,3.211772275e-05,-0.0009170328898,0,0,0,0,0,-0.004188790205,-0.004004812181,-0.007633741615,0.003753449516,0.003087779292,0.03574023099,0.1953312708,11.55040391,0,-0.01058883512,-0.199520061,-0.08811105914,0.4128141037,1.00511021,0.001385436842,-9.766563539,-0.4128141037,-0.001385436842,-10.26887414,-10.26887414,0.0140452659,-0.513443707,-9.587379924e-07,2.396844981e-06,-4.793689962e-07,-4.793689962e-07,-3.83495197e-06,-0.513443707,-9.587379924e-07,2.396844981e-06,-4.793689962e-07,-4.793689962e-07,-3.83495197e-06,-0.513443707,0,0,0,0,0,0
7.45,1,1,6.135923152e-05,3.715109721e-05,1.174454041e-05,0.0001418932229,3.139866925e-05,-0.0009369267031,0,0,0,0,0,0,-0.004080961577,-0.00759610265,0.003774326306,0.003144034873,0.03639478933,0.2029947699,11.55055301,0,-0.01081853921,-0.2029947699,-0.1362183321,0.4203799434,1.000936927,0.001432555405,-10.1497385,-0.4203799434,-0.001432555405,-10.70776933,-10.70776933,0.01409340421,-0.5353884663,-2.396844981e-06,1.917475985e-06,4.793689962e-07,-0,-2.396844981e-06,-0.5353884663,-2.396844981e-06,1.917475985e-06,4.793689962e-07,-0,-2.396844981e-06,-0.5353884663,0,0,0,0,0,0
7.46,1,1,6.040049352e-05,3.73907817e-05,1.24635939e-05,0.0001411741694,3.163835375e-05,-0.0009400426016,0,0,0,0,0,0,-0.00415673354,-0.007558255434,0.00379509962,0.003216690939,0.03723894803,0.2074891462,11.55057665,0,-0.01085451693,-0.2074891462,-0.1936887192,0.4301313237,1.000940043,0.001470662234,-10.37445731,-0.4301313237,-0.001470662234,-10.99974801,-10.99974801,0.01415606601,-0.5499874007,-4.793689962e-07,1.438106989e-06,-9.587379924e-07,1.438106989e-06,-2.876213977e-06,-0.5499874007,-4.793689962e-07,1.438106989e-06,-9.587379924e-07,1.438106989e-06,-2.876213977e-06,-0.5499874007,0,0,0,0,0,0
7.47,1,1,5.992112453e-05,3.73907817e-05,1.198422491e-05,0.0001411741694,3.139866925e-05,-0.0009390838636,0,0,0,0,0,0,-0.004232125995,-0.007520201005,0.003815768889,0.003293042131,0.03812595535,0.2122138673,11.55056937,0,-0.01084344686,-0.2122138673,-0.2447555678,0.4403764921,1.000939084,0.001512103836,-10.61069337,-0.4403764921,-0.001512103836,-11.29733753,-11.29733753,0.01423226286,-0.5648668765,4.793689962e-07,1.438106989e-06,-0,1.438106989e-06,-2.396844981e-06,-0.5648668765,4.793689962e-07,1.438106989e-06,-0,1.438106989e-06,-2.396844981e-06,-0.5648668765,0,0,0,0,0,0
7.48,1,1,5.992112453e-05,3.76304662e-05,1.198422491e-05,0.0001411741694,3.235740724e-05,-0.0009398029171,0,0,0,0,0,0,-0.004307136873,-0.007481940405,0.003836333547,0.003367333956,0.03898934406,0.2168113747,11.55057483,0,-0.01085174941,-0.2168113747,-0.284041826,0.4503493362,1.000939803,0.001554460396,-10.84056873,-0.4503493362,-0.001554460396,-11.57651436,-11.57651436,0.01432193337,-0.5788257178,4.793689962e-07,9.587379924e-07,-0,1.438106989e-06,-4.314320966e-06,-0.5788257178,4.793689962e-07,9.587379924e-07,-0,1.438106989e-06,-4.314320966e-06,-0.5788257178,0,0,0,0,0,0
7.49,1,1,6.135923152e-05,3.78701507e-05,1.126517141e-05,0.0001421329074,3.139866925e-05,-0.0009410013396,0,0,0,0,0,0,-0.004381764119,-0.007443474684,0.00385679303,0.003440762779,0.03984293318,0.2213560039,11.55058394,0,-0.01086558699,-0.2213560039,-0.3152250533,0.4602091442,1.000941001,0.001598272164,-11.06780019,-0.4602091442,-0.001598272164,-11.84483266,-11.84483266,0.01442447361,-0.5922416332,-2.396844981e-06,4.793689962e-07,1.438106989e-06,-4.793689962e-07,-2.396844981e-06,-0.5922416332,-2.396844981e-06,4.793689962e-07,1.438106989e-06,-4.793689962e-07,-2.396844981e-06,-0.5922416332,0,0,0,0,0,0
7.5,1,1,6.016080902e-05,3.76304662e-05,1.22239094e-05,0.0001418932229,3.187803825e-05,-0.0009433981845,0,0,0,0,0,0,-0.004456005686,-0.007404804897,0.003877146778,0.003512607502,0.04067839381,0.2258029365,11.5506022,0,-0.01089326214,-0.2258029365,-0.3390034976,0.4698599451,1.000943398,0.00164330293,-11.29014682,-0.4698599451,-0.00164330293,-12.10065357,-12.10065357,0.01453993394,-0.6050326784,-0,9.587379924e-07,-4.793689962e-07,-0,-3.355582973e-06,-0.6050326784,-0,9.587379924e-07,-4.793689962e-07,-0,-3.355582973e-06,-0.6050326784,0,0,0,0,0,0
7.51,1,1,6.087986252e-05,3.715109721e-05,1.198422491e-05,0.0001406948004,3.139866925e-05,-0.0009525061955,0,0,0,0,0,-0.001047197551,-0.00452985954,-0.007365932103,0.003897394231,0.003577353345,0.04143202672,0.2287622046,11.55067201,0,-0.01099842767,-0.2298094022,-0.3502125601,0.4785677514,1.001999978,0.001682826786,-11.43811023,-0.4785677514,-0.001682826786,-12.26857337,-12.26857337,0.01466681106,-0.6134286685,-1.438106989e-06,1.917475985e-06,-0,2.396844981e-06,-2.396844981e-06,-0.6134286685,-1.438106989e-06,1.917475985e-06,-0,2.396844981e-06,-2.396844981e-06,-0.6134286685,0,0,0,0,0,0
7.52,1,1,6.087986252e-05,3.691141271e-05,1.150485591e-05,0.0001402154314,3.139866925e-05,-0.0009637713669,0,0,0,-0.001047197551,0,-0.001047197551,-0.004603323655,-0.007326857368,0.003917534835,0.003639552288,0.04215640942,0.2326110624,11.55075928,0,-0.01112850069,-0.2336582599,-0.3562679917,0.4869385373,1.002011243,0.001727128404,-11.63055312,-0.4869385373,-0.001727128404,-12.47548678,-12.47548678,0.01480449268,-0.6237743388,-1.438106989e-06,2.396844981e-06,9.587379924e-07,0.0001080753381,-2.396844981e-06,-0.6237743388,-1.438106989e-06,2.396844981e-06,9.587379924e-07,0.0001080753381,-2.396844981e-06,-0.6237743388,0,0,0,0,0,0
7.53,1,1,6.064017802e-05,3.691141271e-05,1.198422491e-05,0.0001414138539,3.187803825e-05,-0.0009863017097,0,0,0,0,0,-0.002094395102,-0.004676396018,-0.007287581764,0.003937568038,0.003690094308,0.04274631224,0.2346887798,11.5509369,0,-0.01138864631,-0.2367831749,-0.3481427707,0.4937599555,1.003081793,0.001763149481,-11.73443899,-0.4937599555,-0.001763149481,-12.57810487,-12.57810487,0.01494792642,-0.6289052433,-9.587379924e-07,2.396844981e-06,-0,9.587379924e-07,-3.355582973e-06,-0.6289052433,-9.587379924e-07,2.396844981e-06,-0,9.587379924e-07,-3.355582973e-06,-0.6289052433,0,0,0,0,0,0
7.54,1,1,6.040049352e-05,3.667172821e-05,1.174454041e-05,0.0001416535384,3.163835375e-05,-0.001015782903,0,0,0,0,0,-0.003141592654,-0.004749074625,-0.007248106367,0.003957493291,0.003733291722,0.04325154129,0.2363104525,11.55117552,0,-0.01172904874,-0.2394520452,-0.3329724387,0.499606145,1.004159843,0.001797012157,-11.81552263,-0.499606145,-0.001797012157,-12.64989822,-12.64989822,0.0150982429,-0.6324949111,-4.793689962e-07,2.876213977e-06,4.793689962e-07,4.793689962e-07,-2.876213977e-06,-0.6324949111,-4.793689962e-07,2.876213977e-06,4.793689962e-07,4.793689962e-07,-2.876213977e-06,-0.6324949111,0,0,0,0,0,0
7.55,1,1,6.040049352e-05,3.715109721e-05,1.126517141e-05,0.0001409344849,3.163835375e-05,-0.001059884851,0,0,0,0,0,-0.004188790205,-0.004821357483,-0.00720843226,0.003977310047,0.003761472632,0.04358346903,0.2369989067,11.55154561,0,-0.01223826673,-0.2411876969,-0.3033998453,0.5034564304,1.005253062,0.001824265294,-11.84994534,-0.5034564304,-0.001824265294,-12.65862588,-12.65862588,0.01524939012,-0.6329312938,-4.793689962e-07,1.917475985e-06,1.438106989e-06,1.917475985e-06,-2.876213977e-06,-0.6329312938,-4.793689962e-07,1.917475985e-06,1.438106989e-06,1.917475985e-06,-2.876213977e-06,-0.6329312938,0,0,0,0,0,0
7.56,1,1,5.992112453e-05,3.73907817e-05,1.198422491e-05,0.0001411741694,3.139866925e-05,-0.001126277457,0,0,0,0,0,-0.007330382858,-0.004893242611,-0.00716856053,0.003997017763,0.003766965154,0.04365345165,0.2341822426,11.55213244,0,-0.01300485668,-0.2415126254,-0.2533612007,0.5042904549,1.008470094,0.001831508429,-11.70911213,-0.5042904549,-0.001831508429,-12.46859529,-12.46859529,0.0153942377,-0.6234297647,4.793689962e-07,1.438106989e-06,-0,1.438106989e-06,-2.396844981e-06,-0.6234297647,4.793689962e-07,1.438106989e-06,-0,1.438106989e-06,-2.396844981e-06,-0.6234297647,0,0,0,0,0,0
7.57,1,1,5.992112453e-05,3.667172821e-05,1.24635939e-05,0.0001406948004,3.211772275e-05,-0.001204414603,0,0,0,0,0,-0.00837758041,-0.004964728038,-0.00712849227,0.004016615899,0.003760313435,0.04358326233,0.2327043583,11.55286877,0,-0.01390704543,-0.2410819387,-0.1988689269,0.5035117103,1.009599541,0.001840589082,-11.63521792,-0.5035117103,-0.001840589082,-12.33943914,-12.33943914,0.01553318681,-0.6169719571,4.793689962e-07,2.876213977e-06,-9.587379924e-07,2.396844981e-06,-3.83495197e-06,-0.6169719571,4.793689962e-07,2.876213977e-06,-9.587379924e-07,2.396844981e-06,-3.83495197e-06,-0.6169719571,0,0,0,0,0,0
7.58,1,1,5.968144003e-05,3.667172821e-05,1.174454041e-05,0.0001409344849,3.187803825e-05,-0.001301726509,0,0,0,0,0,-0.009424777961,-0.005035811805,-0.007088228579,0.004036103917,0.003734085296,0.04328700049,0.2300079803,11.5538549,0,-0.01503061826,-0.2394327583,-0.1321479517,0.5001317227,1.010748711,0.001838577019,-11.50039902,-0.5001317227,-0.001838577019,-12.13451727,-12.13451727,0.01566122092,-0.6067258634,9.587379924e-07,2.876213977e-06,4.793689962e-07,1.917475985e-06,-3.355582973e-06,-0.6067258634,9.587379924e-07,2.876213977e-06,4.793689962e-07,1.917475985e-06,-3.355582973e-06,-0.6067258634,0,0,0,0,0,0
7.59,1,1,5.992112453e-05,3.73907817e-05,1.198422491e-05,0.0001411741694,3.187803825e-05,-0.001416295699,0,0,0,0,0,-0.01151917306,-0.005106491962,-0.007047770561,0.004055481284,0.003690196263,0.04278673496,0.2251642644,11.55511418,0,-0.01635342706,-0.2366834374,-0.057286291,0.494405608,1.012968642,0.001821005813,-11.25821322,-0.494405608,-0.001821005813,-11.81172612,-11.81172612,0.01577404144,-0.5905863061,4.793689962e-07,1.438106989e-06,-0,1.438106989e-06,-3.355582973e-06,-0.5905863061,4.793689962e-07,1.438106989e-06,-0,1.438106989e-06,-3.355582973e-06,-0.5905863061,0,0,0,0,0,0
7.6,1,1,6.040049352e-05,3.715109721e-05,1.27032784e-05,0.0001409344849,3.163835375e-05,-0.001535418895,0,0,0,0,0,-0.01151917306,-0.005176766572,-0.007007119324,0.004074747467,0.003641347677,0.04222917167,0.2221046484,11.55653625,0,-0.01772879335,-0.2336238215,0.009198821684,0.4880229532,1.013087765,0.001808217859,-11.10523242,-0.4880229532,-0.001808217859,-11.58586477,-11.58586477,0.01587401032,-0.5792932385,-4.793689962e-07,1.917475985e-06,-1.438106989e-06,1.917475985e-06,-2.876213977e-06,-0.5792932385,-4.793689962e-07,1.917475985e-06,-1.438106989e-06,1.917475985e-06,-2.876213977e-06,-0.5792932385,0,0,0,0,0,0
7.61,1,1,6.087986252e-05,3.73907817e-05,1.22239094e-05,0.0001406948004,3.211772275e-05,-0.00165933578,0,0,0,0,0,-0.01256637061,-0.005246633708,-0.006966275984,0.004093901939,0.003587297928,0.04161148399,0.2176722939,11.55813754,0,-0.01915947964,-0.2302386645,0.06971522895,0.4809512553,1.014265185,0.00178607448,-10.88361469,-0.4809512553,-0.00178607448,-11.29663679,-11.29663679,0.01596014513,-0.5648318397,-1.438106989e-06,1.438106989e-06,-4.793689962e-07,2.396844981e-06,-3.83495197e-06,-0.5648318397,-1.438106989e-06,1.438106989e-06,-4.793689962e-07,2.396844981e-06,-3.83495197e-06,-0.5648318397,0,0,0,0,0,0
7.62,1,1,6.183860051e-05,3.691141271e-05,1.198422491e-05,0.0001411741694,3.211772275e-05,-0.001778219291,0,0,0,0,0,-0.009424777961,-0.005316091455,-0.006925241659,0.004112944175,0.003537872164,0.04104720981,0.2177149272,11.55979077,0,-0.02053202534,-0.2271397052,0.1131777064,0.474497157,1.011225204,0.001784136156,-10.88574636,-0.474497157,-0.001784136156,-11.24884995,-11.24884995,0.016035306,-0.5624424974,-3.355582973e-06,2.396844981e-06,-0,1.438106989e-06,-3.83495197e-06,-0.5624424974,-3.355582973e-06,2.396844981e-06,-0,1.438106989e-06,-3.83495197e-06,-0.5624424974,0,0,0,0,0,0
7.63,1,1,6.159891601e-05,3.83495197e-05,1.198422491e-05,0.0001416535384,3.139866925e-05,-0.001905012391,0,0,0,0,0,-0.01361356817,-0.005385137909,-0.006884017476,0.004131873652,0.003480125518,0.04038669622,0.2099071978,11.56168027,0,-0.02199585758,-0.2235207659,0.1591375774,0.4669380689,1.015564913,0.001741768778,-10.49535989,-0.4669380689,-0.001741768778,-10.80490215,-10.80490215,0.01609592473,-0.5402451074,-2.876213977e-06,-4.793689962e-07,-0,4.793689962e-07,-2.396844981e-06,-0.5402451074,-2.876213977e-06,-4.793689962e-07,-0,4.793689962e-07,-2.396844981e-06,-0.5402451074,0,0,0,0,0,0
7.64,1,1,6.087986252e-05,3.73907817e-05,1.150485591e-05,0.0001416535384,3.187803825e-05,-0.002045946876,0,0,0,0,0,-0.01361356817,-0.005453771176,-0.006842604564,0.004150689852,0.0034078243,0.03955779491,0.2053795138,11.56393356,0,-0.02362291118,-0.218993082,0.2128753892,0.4574437121,1.015705847,0.001709365266,-10.26897569,-0.4574437121,-0.001709365266,-10.51525338,-10.51525338,0.01613870068,-0.5257626689,-1.438106989e-06,1.438106989e-06,9.587379924e-07,4.793689962e-07,-3.355582973e-06,-0.5257626689,-1.438106989e-06,1.438106989e-06,9.587379924e-07,4.793689962e-07,-3.355582973e-06,-0.5257626689,0,0,0,0,0,0
7.65,1,1,6.087986252e-05,3.81098352e-05,1.174454041e-05,0.0001414138539,3.163835375e-05,-0.00218736073,0,0,0,0,0,-0.01361356817,-0.005521989375,-0.006801004058,0.004169392258,0.003334628645,0.03871838563,0.2007939216,11.56635654,0,-0.02525545182,-0.2144074898,0.257913514,0.447830653,1.015847261,0.001674699566,-10.03969608,-0.447830653,-0.001674699566,-10.23128792,-10.23128792,0.01616650592,-0.511564396,-1.438106989e-06,-0,4.793689962e-07,9.587379924e-07,-2.876213977e-06,-0.511564396,-1.438106989e-06,-0,4.793689962e-07,9.587379924e-07,-2.876213977e-06,-0.511564396,0,0,0,0,0,0
7.66,1,1,6.111954702e-05,3.73907817e-05,1.198422491e-05,0.0001409344849,3.187803825e-05,-0.00232326184,0,0,0,0,0,-0.01151917306,-0.005589790635,-0.0067592171,0.004187980359,0.003266528795,0.03793774104,0.1986183176,11.56883811,0,-0.02682430352,-0.2101374907,0.2887424369,0.4388955843,1.013875608,0.001651763041,-9.930915881,-0.4388955843,-0.001651763041,-10.08272079,-10.08272079,0.01618168295,-0.5041360396,-1.917475985e-06,1.438106989e-06,-0,1.917475985e-06,-3.355582973e-06,-0.5041360396,-1.917475985e-06,1.438106989e-06,-0,1.917475985e-06,-3.355582973e-06,-0.5041360396,0,0,0,0,0,0
7.67,1,1,6.040049352e-05,3.73907817e-05,1.150485591e-05,0.0001414138539,3.139866925e-05,-0.002415300687,0,0,0,0,0,-0.005235987756,-0.005657173099,-0.006717244834,0.004206453644,0.003241872412,0.03765960038,0.2033384913,11.57060398,0,-0.02788677831,-0.208574479,0.2636211015,0.4357443219,1.007658142,0.001671974408,-10.16692456,-0.4357443219,-0.001671974408,-10.34071976,-10.34071976,0.01619855051,-0.5170359879,-4.793689962e-07,1.438106989e-06,9.587379924e-07,9.587379924e-07,-2.396844981e-06,-0.5170359879,-4.793689962e-07,1.438106989e-06,9.587379924e-07,9.587379924e-07,-2.396844981e-06,-0.5170359879,0,0,0,0,0,0
7.68,1,1,5.992112453e-05,3.643204371e-05,1.174454041e-05,0.0001406948004,3.163835375e-05,-0.002460361373,0,0,0,0,0,-0.002094395102,-0.005724134918,-0.006675088411,0.004224811607,0.003263773545,0.03792022028,0.2078197031,11.57149363,0,-0.0284069397,-0.2099140982,0.1902542786,0.4387935873,1.004555853,0.001701155275,-10.39098515,-0.4387935873,-0.001701155275,-10.64122562,-10.64122562,0.01622678027,-0.5320612809,4.793689962e-07,3.355582973e-06,4.793689962e-07,2.396844981e-06,-2.876213977e-06,-0.5320612809,4.793689962e-07,3.355582973e-06,4.793689962e-07,2.396844981e-06,-2.876213977e-06,-0.5320612809,0,0,0,0,0,0
7.69,1,1,6.040049352e-05,3.619235921e-05,1.198422491e-05,0.0001409344849,3.163835375e-05,-0.002475461496,0,0,0,0,0,0,-0.005790674257,-0.006632748988,0.004243053744,0.003315212761,0.03852278004,0.2130961093,11.57179545,0,-0.02858124782,-0.2130961093,0.09662673266,0.4457777306,1.002475461,0.001741510729,-10.65480547,-0.4457777306,-0.001741510729,-11.00569797,-11.00569797,0.0162691665,-0.5502848987,-4.793689962e-07,3.83495197e-06,-0,1.917475985e-06,-2.876213977e-06,-0.5502848987,-4.793689962e-07,3.83495197e-06,-0,1.917475985e-06,-2.876213977e-06,-0.5502848987,0,0,0,0,0,0
7.7,1,1,6.016080902e-05,3.73907817e-05,1.198422491e-05,0.0001406948004,3.139866925e-05,-0.002474742443,0,0,0,0.001047197551,0,0,-0.005856789292,-0.006590227724,0.004261179556,0.003382046849,0.03930364472,0.217239001,11.57178103,0,-0.02857294744,-0.217239001,0.003109828858,0.4548131704,1.002474742,0.001781375417,-10.86195005,-0.4548131704,-0.001781375417,-11.31543477,-11.31543477,0.01632546707,-0.5657717383,-0,1.438106989e-06,-0,-0.0001023229101,-2.396844981e-06,-0.5657717383,-0,1.438106989e-06,-0,-0.0001023229101,-2.396844981e-06,-0.5657717383,0,0,0,0,0,0
7.71,1,1,6.111954702e-05,3.667172821e-05,1.22239094e-05,0.0001406948004,3.139866925e-05,-0.002472824967,0,0,-0.001047197551,0,0,0,-0.005922478209,-0.006547525786,0.004279188546,0.003449653242,0.04009360539,0.2214309008,11.57174261,0,-0.02855081311,-0.2214309008,-0.07424955286,0.463952882,1.002472825,0.001823304534,-11.07154504,-0.463952882,-0.001823304534,-11.61157078,-11.61157078,0.01639469689,-0.5805785389,-1.917475985e-06,2.876213977e-06,0.0001042403861,2.396844981e-06,-2.396844981e-06,-0.5805785389,-1.917475985e-06,2.876213977e-06,0.0001042403861,2.396844981e-06,-2.396844981e-06,-0.5805785389,0,0,0,0,0,0
7.72,1,1,6.064017802e-05,3.715109721e-05,1.174454041e-05,0.0001409344849,3.163835375e-05,-0.002474263074,0,0,0,0,0,0,-0.005987739209,-0.006504644344,0.00429708022,0.003513476135,0.04083994148,0.2253875867,11.57177143,0,-0.02856741386,-0.2253875867,-0.1330461477,0.4725904678,1.002474263,0.001864942567,-11.26937934,-0.4725904678,-0.001864942567,-11.87688089,-11.87688089,0.01647581874,-0.5938440447,-9.587379924e-07,1.917475985e-06,4.793689962e-07,1.917475985e-06,-2.876213977e-06,-0.5938440447,-9.587379924e-07,1.917475985e-06,4.793689962e-07,1.917475985e-06,-2.876213977e-06,-0.5938440447,0,0,0,0,0,0
7.73,1,1,6.016080902e-05,3.667172821e-05,1.198422491e-05,0.0001411741694,3.139866925e-05,-0.002474982127,0,0,0,0.001047197551,0,0,-0.006052570502,-0.006461584574,0.004314854087,0.003577588374,0.04158978101,0.2293631135,11.57178584,0,-0.02857571423,-0.2293631135,-0.181356427,0.4812680389,1.002474982,0.001908435452,-11.46815568,-0.4812680389,-0.001908435452,-12.13268858,-12.13268858,0.01656894782,-0.6066344289,-0,2.876213977e-06,-0,-0.0001032816481,-2.396844981e-06,-0.6066344289,-0,2.876213977e-06,-0,-0.0001032816481,-2.396844981e-06,-0.6066344289,0,0,0,0,0,0
7.74,1,1,6.064017802e-05,3.643204371e-05,1.24635939e-05,0.0001414138539,3.163835375e-05,-0.002478098026,0,0,0,0,0,0,-0.00611697031,-0.006418347657,0.00433250966,0.003638872284,0.04230704478,0.23316293,11.57184834,0,-0.0286116825,-0.23316293,-0.2177852205,0.4895707057,1.002478098,0.001952155744,-11.6581465,-0.4895707057,-0.001952155744,-12.36745458,-12.36745458,0.01667329228,-0.6183727292,-9.587379924e-07,3.355582973e-06,-9.587379924e-07,9.587379924e-07,-2.876213977e-06,-0.6183727292,-9.587379924e-07,3.355582973e-06,-9.587379924e-07,9.587379924e-07,-2.876213977e-06,-0.6183727292,0,0,0,0,0,0
7.75,1,1,6.064017802e-05,3.619235921e-05,1.198422491e-05,0.0001414138539,3.163835375e-05,-0.002481932978,0,0,0,0,0,0,-0.006180936868,-0.006374934777,0.004350046455,0.003699003891,0.04301112507,0.2368915788,11.57192537,0,-0.0286559511,-0.2368915788,-0.2462019181,0.4977215292,1.002481933,0.001997021881,-11.84457894,-0.4977215292,-0.001997021881,-12.59049941,-12.59049941,0.0167889362,-0.6295249703,-9.587379924e-07,3.83495197e-06,-0,9.587379924e-07,-2.876213977e-06,-0.6295249703,-9.587379924e-07,3.83495197e-06,-0,9.587379924e-07,-2.876213977e-06,-0.6295249703,0,0,0,0,0,0
7.76,1,1,6.016080902e-05,3.619235921e-05,1.174454041e-05,0.0001406948004,3.187803825e-05,-0.002491280673,0,0,0,0,0,-0.001047197551,-0.006244468423,-0.006331347125,0.004367463991,0.00375318775,0.04364652629,0.2392025108,11.57211363,0,-0.02876385562,-0.2402497083,-0.2623119557,0.5050825618,1.003538752,0.002035792412,-11.96012554,-0.5050825618,-0.002035792412,-12.72955585,-12.72955585,0.0169144584,-0.6364777924,-0,3.83495197e-06,4.793689962e-07,2.396844981e-06,-3.355582973e-06,-0.6364777924,-0,3.83495197e-06,4.793689962e-07,2.396844981e-06,-3.355582973e-06,-0.6364777924,0,0,0,0,0,0
7.77,1,1,6.087986252e-05,3.643204371e-05,1.22239094e-05,0.0001406948004,3.163835375e-05,-0.002505182374,0,0,0,0,0,-0.001047197551,-0.006307563232,-0.006287585896,0.004384761792,0.003802380858,0.04422431778,0.2422497303,11.57239492,0,-0.02892432855,-0.2432969278,-0.2699726922,0.5117812706,1.003552654,0.002078021485,-12.11248651,-0.5117812706,-0.002078021485,-12.8963185,-12.8963185,0.0170484393,-0.6448159249,-1.438106989e-06,3.355582973e-06,-4.793689962e-07,2.396844981e-06,-2.876213977e-06,-0.6448159249,-1.438106989e-06,3.355582973e-06,-4.793689962e-07,2.396844981e-06,-2.876213977e-06,-0.6448159249,0,0,0,0,0,0
7.78,1,1,6.064017802e-05,3.667172821e-05,1.198422491e-05,0.0001406948004,3.163835375e-05,-0.002530349247,0,0,0,0,0,-0.003141592654,-0.006370219566,-0.00624365229,0.004401939381,0.00383987032,0.04466680602,0.2424724106,11.57290816,0,-0.02921483847,-0.2456140032,-0.2626143734,0.516924844,1.005674409,0.002105653032,-12.12362053,-0.516924844,-0.002105653032,-12.9052654,-12.9052654,0.01718642883,-0.64526327,-9.587379924e-07,2.876213977e-06,-0,2.396844981e-06,-2.876213977e-06,-0.64526327,-9.587379924e-07,2.876213977e-06,-0,2.396844981e-06,-2.876213977e-06,-0.64526327,0,0,0,0,0,0
7.79,1,1,6.159891601e-05,3.715109721e-05,1.24635939e-05,0.0001404551159,3.187803825e-05,-0.00256941782,0,0,0,0,0,-0.004188790205,-0.006432435708,-0.006199547511,0.00441899629,0.003863017888,0.0449434368,0.2428471056,11.57371511,0,-0.02966581687,-0.2470358958,-0.2403732198,0.5201625335,1.006762595,0.002130424716,-12.14235528,-0.5201625335,-0.002130424716,-12.90502146,-12.90502146,0.01732415254,-0.6452510728,-2.876213977e-06,1.917475985e-06,-9.587379924e-07,2.876213977e-06,-3.355582973e-06,-0.6452510728,-2.876213977e-06,1.917475985e-06,-9.587379924e-07,2.876213977e-06,-3.355582973e-06,-0.6452510728,0,0,0,0,0,0
7.8,1,1,6.135923152e-05,3.691141271e-05,1.22239094e-05,0.0001406948004,3.139866925e-05,-0.002624545254,0,0,0,0,0,-0.006283185307,-0.00649420995,-0.006155272768,0.004435932049,0.003869664696,0.04502918478,0.2411441892,11.57487487,0,-0.03030215904,-0.2474273745,-0.2030590194,0.5212071795,1.0089176,0.002141088692,-12.05720946,-0.5212071795,-0.002141088692,-12.78361675,-12.78361675,0.01745821301,-0.6391808374,-2.396844981e-06,2.396844981e-06,-4.793689962e-07,2.396844981e-06,-2.396844981e-06,-0.6391808374,-2.396844981e-06,2.396844981e-06,-4.793689962e-07,2.396844981e-06,-2.396844981e-06,-0.6391808374,0,0,0,0,0,0
7.81,1,1,6.183860051e-05,3.691141271e-05,1.24635939e-05,0.0001411741694,3.187803825e-05,-0.002705558615,0,0,0,0,0,-0.009424777961,-0.0065555406,-0.006110829275,0.004452746195,0.003849981986,0.04481020719,0.2367491924,11.5766241,0,-0.0312372886,-0.2461739703,-0.1423572102,0.5187509245,1.012152543,0.002130601738,-11.83745962,-0.5187509245,-0.002130601738,-12.50069836,-12.50069836,0.01758063449,-0.6250349178,-3.355582973e-06,2.396844981e-06,-9.587379924e-07,1.438106989e-06,-3.355582973e-06,-0.6250349178,-3.355582973e-06,2.396844981e-06,-9.587379924e-07,1.438106989e-06,-3.355582973e-06,-0.6250349178,0,0,0,0,0,0
7.82,1,1,6.207828501e-05,3.667172821e-05,1.24635939e-05,0.0001402154314,3.139866925e-05,-0.002834748559,0,0,0,0,0,-0.01675516082,-0.006616425977,-0.006066218251,0.004469438267,0.003781677418,0.04402823153,0.2251268042,11.5795241,0,-0.03272847327,-0.2418819651,-0.03654324337,0.5098259682,1.019660093,0.002067948475,-11.25634021,-0.5098259682,-0.002067948475,-11.80477737,-11.80477737,0.01767751621,-0.5902388686,-3.83495197e-06,2.876213977e-06,-9.587379924e-07,3.355582973e-06,-2.396844981e-06,-0.5902388686,-3.83495197e-06,2.876213977e-06,-9.587379924e-07,3.355582973e-06,-2.396844981e-06,-0.5902388686,0,0,0,0,0,0
7.83,1,1,6.111954702e-05,3.667172821e-05,1.150485591e-05,0.0001402154314,3.163835375e-05,-0.003024578682,0,0,0,0,0,-0.02199114858,-0.006676864411,-0.006021440919,0.004486007807,0.00365228573,0.04253841858,0.2117793074,11.58403206,0,-0.034919502,-0.233770456,0.1195311546,0.4927664046,1.02513663,0.001972989883,-10.58896537,-0.4927664046,-0.001972989883,-10.96417361,-10.96417361,0.01773339915,-0.5482086805,-1.917475985e-06,2.876213977e-06,9.587379924e-07,3.355582973e-06,-2.876213977e-06,-0.5482086805,-1.917475985e-06,2.876213977e-06,9.587379924e-07,3.355582973e-06,-2.876213977e-06,-0.5482086805,0,0,0,0,0,0
7.84,1,1,6.040049352e-05,3.715109721e-05,1.198422491e-05,0.0001404551159,3.163835375e-05,-0.003251080532,0,0,0,0,0,-0.02303834613,-0.006736854245,-0.005976498505,0.00450245436,0.003485773713,0.04061765898,0.2002969136,11.58979547,0,-0.03753363245,-0.2233352598,0.2890153738,0.47075036,1.026422118,0.001872726115,-10.01484568,-0.47075036,-0.001872726115,-10.19845339,-10.19845339,0.01774891972,-0.5099226697,-4.793689962e-07,1.917475985e-06,-0,2.876213977e-06,-2.876213977e-06,-0.5099226697,-4.793689962e-07,1.917475985e-06,-0,2.876213977e-06,-2.876213977e-06,-0.5099226697,0,0,0,0,0,0
7.85,1,1,6.016080902e-05,3.667172821e-05,1.24635939e-05,0.0001402154314,3.163835375e-05,-0.003513055689,0,0,0,0,0,-0.02827433388,-0.006796393835,-0.005931392243,0.004518777477,0.003283338146,0.03827909627,0.1823760812,11.59698415,0,-0.04055693083,-0.210650415,0.4695857168,0.4439220727,1.031987249,0.001721307904,-9.118804058,-0.4439220727,-0.001721307904,-9.094861722,-9.094861722,0.01771908258,-0.4547430861,-0,2.876213977e-06,-9.587379924e-07,3.355582973e-06,-2.876213977e-06,-0.4547430861,-0,2.876213977e-06,-9.587379924e-07,3.355582973e-06,-2.876213977e-06,-0.4547430861,0,0,0,0,0,0
7.86,1,1,6.064017802e-05,3.691141271e-05,1.150485591e-05,0.0001411741694,3.091930026e-05,-0.003818413739,0,0,0,0,0,-0.03141592654,-0.006855481548,-0.005886123368,0.004534976709,0.003037067809,0.03542999423,0.1638054572,11.60607207,0,-0.04408053275,-0.1952213838,0.6662582026,0.4112030665,1.03548108,0.001549842839,-8.190272861,-0.4112030665,-0.001549842839,-7.936767568,-7.936767568,0.01763819485,-0.3968383784,-9.587379924e-07,2.396844981e-06,9.587379924e-07,1.438106989e-06,-1.438106989e-06,-0.3968383784,-9.587379924e-07,2.396844981e-06,9.587379924e-07,1.438106989e-06,-1.438106989e-06,-0.3968383784,0,0,0,0,0,0
7.87,1,1,6.040049352e-05,3.76304662e-05,1.150485591e-05,0.0001409344849,3.139866925e-05,-0.004128805164,0,0,0,0,0,-0.03036872898,-0.006914115765,-0.005840693123,0.004551051612,0.0027853106,0.03251440435,0.1490782573,11.61609341,0,-0.04766179501,-0.1794469863,0.8329987271,0.3776903582,1.034728099,0.001399075872,-7.453912867,-0.3776903582,-0.001399075872,-7.000003574,-7.000003574,0.01751720079,-0.3500001787,-4.793689962e-07,9.587379924e-07,9.587379924e-07,1.917475985e-06,-2.396844981e-06,-0.3500001787,-4.793689962e-07,9.587379924e-07,9.587379924e-07,1.917475985e-06,-2.396844981e-06,-0.3500001787,0,0,0,0,0,0
7.88,1,1,6.016080902e-05,3.76304662e-05,1.27032784e-05,0.0001404551159,3.187803825e-05,-0.004465082515,0,0,0,0,0,-0.03455751919,-0.006972294877,-0.005795102752,0.004567001746,0.002507212362,0.02928944566,0.1274681648,11.62784434,0,-0.05154120753,-0.162025684,1.000209441,0.3405731148,1.039321157,0.001196009897,-6.373408239,-0.3405731148,-0.001196009897,-5.714967923,-5.714967923,0.01735443987,-0.2857483961,-0,9.587379924e-07,-1.438106989e-06,2.876213977e-06,-3.355582973e-06,-0.2857483961,-0,9.587379924e-07,-1.438106989e-06,2.876213977e-06,-3.355582973e-06,-0.2857483961,0,0,0,0,0,0
7.89,1,1,6.040049352e-05,3.73907817e-05,1.24635939e-05,0.0001411741694,3.163835375e-05,-0.004774994571,0,0,0,0,0,-0.02722713633,-0.00703001729,-0.005749353505,0.004582826674,0.002255022719,0.02636209948,0.1189987178,11.6394993,0,-0.05511594644,-0.1462258542,1.104914687,0.3068416386,1.03218746,0.001089366102,-5.949935892,-0.3068416386,-0.001089366102,-5.152952209,-5.152952209,0.01716517988,-0.2576476105,-4.793689962e-07,1.438106989e-06,-9.587379924e-07,1.438106989e-06,-2.876213977e-06,-0.2576476105,-4.793689962e-07,1.438106989e-06,-9.587379924e-07,1.438106989e-06,-2.876213977e-06,-0.2576476105,0,0,0,0,0,0
7.9,1,1,6.135923152e-05,3.73907817e-05,1.22239094e-05,0.0001406948004,3.211772275e-05,-0.005043441209,0,0,0,0,0,-0.02617993878,-0.007087281422,-0.005703446637,0.00459852596,0.002043840212,0.02390894255,0.1068113193,11.65023651,0,-0.05821196871,-0.132991258,1.14475228,0.2785448355,1.031394727,0.0009646868271,-5.340565963,-0.2785448355,-0.0009646868271,-4.475323205,-4.475323205,0.01695898955,-0.2237661603,-2.396844981e-06,1.438106989e-06,-4.793689962e-07,2.396844981e-06,-3.83495197e-06,-0.2237661603,-2.396844981e-06,1.438106989e-06,-4.793689962e-07,2.396844981e-06,-3.83495197e-06,-0.2237661603,0,0,0,0,0,0
7.91,1,1,6.016080902e-05,3.73907817e-05,1.22239094e-05,0.0001406948004,3.163835375e-05,-0.005291754349,0,0,0,0,0,-0.02094395102,-0.007144085702,-0.005657383407,0.004614099176,0.001852331352,0.021682388,0.100044556,11.66070015,0,-0.06107541696,-0.120988507,1.153913571,0.2528318249,1.026345368,0.0008831508442,-5.002227801,-0.2528318249,-0.0008831508442,-4.102029206,-4.102029206,0.01673813835,-0.2051014603,-0,1.438106989e-06,-4.793689962e-07,2.396844981e-06,-2.876213977e-06,-0.2051014603,-0,1.438106989e-06,-4.793689962e-07,2.396844981e-06,-2.876213977e-06,-0.2051014603,0,0,0,0,0,0
7.92,1,1,6.040049352e-05,3.667172821e-05,1.198422491e-05,0.0001404551159,3.163835375e-05,-0.005466724033,0,0,0,0,0,-0.01256637061,-0.007200428573,-0.005611165076,0.004629545894,0.00173370454,0.02030385566,0.1009726943,11.66838077,0,-0.06309287296,-0.1135390649,1.077263188,0.2369131191,1.018072573,0.0008654263598,-5.048634714,-0.2369131191,-0.0008654263598,-4.209150071,-4.209150071,0.01651675416,-0.2104575036,-4.793689962e-07,2.876213977e-06,-0,2.876213977e-06,-2.876213977e-06,-0.2104575036,-4.793689962e-07,2.876213977e-06,-0,2.876213977e-06,-2.876213977e-06,-0.2104575036,0,0,0,0,0,0
7.93,1,1,6.087986252e-05,3.691141271e-05,1.198422491e-05,0.0001409344849,3.187803825e-05,-0.005546059602,0,0,0,0,0,-0.003141592654,-0.00725630849,-0.005564792912,0.004644865691,0.001710248889,0.02003514469,0.1088902862,11.6719473,0,-0.06400757411,-0.1120318789,0.9061776995,0.233849153,1.00869012,0.0009044279169,-5.44451431,-0.233849153,-0.0009044279169,-4.773090191,-4.773090191,0.01630639261,-0.2386545096,-1.438106989e-06,2.396844981e-06,-0,1.917475985e-06,-3.355582973e-06,-0.2386545096,-1.438106989e-06,2.396844981e-06,-0,1.917475985e-06,-3.355582973e-06,-0.2386545096,0,0,0,0,0,0
7.94,1,1,6.135923152e-05,3.691141271e-05,1.198422491e-05,0.0001414138539,3.139866925e-05,-0.005551332661,0,0,0,0,0,0,-0.007311723922,-0.005518268186,0.004660058146,0.001760391262,0.02062546669,0.1151199304,11.67218621,0,-0.06406836854,-0.1151199304,0.6831204049,0.2407442879,1.005551333,0.0009388016933,-5.755996521,-0.2407442879,-0.0009388016933,-5.314559206,-5.314559206,0.01611140473,-0.2657279603,-2.396844981e-06,2.396844981e-06,-0,9.587379924e-07,-2.396844981e-06,-0.2657279603,-2.396844981e-06,2.396844981e-06,-0,9.587379924e-07,-2.396844981e-06,-0.2657279603,0,0,0,0,0,0
7.95,1,1,6.016080902e-05,3.691141271e-05,1.22239094e-05,0.0001406948004,3.163835375e-05,-0.005542704019,0,0,0,0,0,0.001047197551,-0.00736667335,-0.005471592175,0.004675122844,0.001823969331,0.02137275026,0.1200950229,11.67179539,0,-0.06396888665,-0.1190478253,0.4861248508,0.2494583679,1.006590176,0.0009701625688,-6.004751143,-0.2494583679,-0.0009701625688,-5.769054823,-5.769054823,0.01592797758,-0.2884527411,-0,2.396844981e-06,-4.793689962e-07,2.396844981e-06,-2.876213977e-06,-0.2884527411,-0,2.396844981e-06,-4.793689962e-07,2.396844981e-06,-2.876213977e-06,-0.2884527411,0,0,0,0,0,0
7.96,1,1,6.016080902e-05,3.715109721e-05,1.22239094e-05,0.0001414138539,3.211772275e-05,-0.005530480109,0,0,0,0,0,0,-0.007421155266,-0.005424766157,0.00469005937,0.001890675157,0.02215667165,0.1231721363,11.67124279,0,-0.06382795317,-0.1231721363,0.3220893632,0.2585958943,1.00553048,0.00098217617,-6.158606815,-0.2585958943,-0.00098217617,-6.096095523,-6.096095523,0.01575619063,-0.3048047761,-0,1.917475985e-06,-4.793689962e-07,9.587379924e-07,-3.83495197e-06,-0.3048047761,-0,1.917475985e-06,-4.793689962e-07,9.587379924e-07,-3.83495197e-06,-0.3048047761,0,0,0,0,0,0
7.97,1,1,5.992112453e-05,3.73907817e-05,1.198422491e-05,0.0001409344849,3.091930026e-05,-0.005525686419,0,0,0,0,0,0,-0.007475168177,-0.005377791416,0.004704867317,0.001949481758,0.02284852807,0.1268039154,11.67102642,0,-0.06377268488,-0.1268039154,0.1968957031,0.2666657749,1.005525686,0.001000604388,-6.340195771,-0.2666657749,-0.001000604388,-6.410966447,-6.410966447,0.01559303644,-0.3205483223,4.793689962e-07,1.438106989e-06,-0,1.917475985e-06,-1.438106989e-06,-0.3205483223,4.793689962e-07,1.438106989e-06,-0,1.917475985e-06,-1.438106989e-06,-0.3205483223,0,0,0,0,0,0
7.98,1,1,5.992112453e-05,3.667172821e-05,1.22239094e-05,0.0001409344849,3.139866925e-05,-0.00552784358,0,0,0,0,0,0,-0.007528710603,-0.00533066924,0.004719546277,0.002000867023,0.02345389836,0.1299727093,11.67112377,0,-0.06379755563,-0.1299727093,0.1029990987,0.2737333505,1.005527844,0.001015432126,-6.498635467,-0.2737333505,-0.001015432126,-6.670385151,-6.670385151,0.0154389792,-0.3335192575,4.793689962e-07,2.876213977e-06,-4.793689962e-07,1.917475985e-06,-2.396844981e-06,-0.3335192575,4.793689962e-07,2.876213977e-06,-4.793689962e-07,1.917475985e-06,-2.396844981e-06,-0.3335192575,0,0,0,0,0,0
7.99,1,1,6.040049352e-05,3.691141271e-05,1.24635939e-05,0.0001416535384,3.163835375e-05,-0.005528562633,0,0,0,0,0,0,-0.007581781075,-0.005283400922,0.004734095848,0.002053218441,0.02407067026,0.1332025822,11.67115622,0,-0.06380584587,-0.1332025822,0.02504102789,0.280932553,1.005528563,0.00103083545,-6.660129111,-0.280932553,-0.00103083545,-6.917051472,-6.917051472,0.01529387995,-0.3458525736,-4.793689962e-07,2.396844981e-06,-9.587379924e-07,4.793689962e-07,-2.876213977e-06,-0.3458525736,-4.793689962e-07,2.396844981e-06,-9.587379924e-07,4.793689962e-07,-2.876213977e-06,-0.3458525736,0,0,0,0,0,0
8,1,1,6.064017802e-05,3.73907817e-05,1.24635939e-05,0.0001414138539,3.163835375e-05,-0.005530480109,0,0,0,0,0,0,-0.007634378138,-0.005235987756,0.004748515632,0.002103898029,0.02466805195,0.1363286243,11.67124279,0,-0.06382795317,-0.1363286243,-0.03672514168,0.2879068235,1.00553048,0.001045588596,-6.816431216,-0.2879068235,-0.001045588596,-7.142108769,-7.142108769,0.01515775432,-0.3571054385,-9.587379924e-07,1.438106989e-06,-9.587379924e-07,9.587379924e-07,-2.876213977e-06,-0.3571054385,-9.587379924e-07,1.438106989e-06,-9.587379924e-07,9.587379924e-07,-2.876213977e-06,-0.3571054385,0,0,0,0,0,0
8.01,1,1,6.087986252e-05,3.691141271e-05,1.150485591e-05,0.0001414138539,3.139866925e-05,-0.005531678532,0,0,0,0,0,0,-0.007686500351,-0.005188431043,0.004762805232,0.00215482182,0.0252684022,0.1394706026,11.67129691,0,-0.06384177022,-0.1394706026,-0.08742385436,0.2949150246,1.005531679,0.001060655848,-6.973530131,-0.2949150246,-0.001060655848,-7.356929666,-7.356929666,0.01503052963,-0.3678464833,-1.438106989e-06,2.396844981e-06,9.587379924e-07,9.587379924e-07,-2.396844981e-06,-0.3678464833,-1.438106989e-06,2.396844981e-06,9.587379924e-07,9.587379924e-07,-2.396844981e-06,-0.3678464833,0,0,0,0,0,0
8.02,1,1,6.016080902e-05,3.715109721e-05,1.174454041e-05,0.0001414138539,3.139866925e-05,-0.005534554746,0,0,0,0,0,0,-0.007738146285,-0.005140732086,0.004776964258,0.002203591539,0.02584372633,0.14247851,11.67142685,0,-0.06387493111,-0.14247851,-0.1264037222,0.3016331615,1.005534555,0.001074938621,-7.123925499,-0.3016331615,-0.001074938621,-7.553037321,-7.553037321,0.01491201837,-0.3776518661,-0,1.917475985e-06,4.793689962e-07,9.587379924e-07,-2.396844981e-06,-0.3776518661,-0,1.917475985e-06,4.793689962e-07,9.587379924e-07,-2.396844981e-06,-0.3776518661,0,0,0,0,0,0
8.03,1,1,5.920207103e-05,3.76304662e-05,1.27032784e-05,0.0001406948004,3.187803825e-05,-0.005537670644,0,0,0,0,0,0,-0.007789314523,-0.005092892194,0.004790992321,0.002251643879,0.02641078848,0.1454421537,11.6715677,0,-0.06391085534,-0.1454421537,-0.1576094354,0.3082553058,1.005537671,0.001089119035,-7.272107684,-0.3082553058,-0.001089119035,-7.739061544,-7.739061544,0.01480153808,-0.3869530772,1.917475985e-06,9.587379924e-07,-1.438106989e-06,2.396844981e-06,-3.355582973e-06,-0.3869530772,1.917475985e-06,9.587379924e-07,-1.438106989e-06,2.396844981e-06,-3.355582973e-06,-0.3869530772,0,0,0,0,0,0
8.04,1,1,6.040049352e-05,3.85892042e-05,1.150485591e-05,0.0001414138539,3.163835375e-05,-0.005538869067,0,0,0,0,0,0,-0.007840003664,-0.005044912678,0.004804889037,0.002301134597,0.02699474613,0.1484964053,11.67162189,0,-0.06392467233,-0.1484964053,-0.1846562291,0.3150724699,1.005538869,0.001104311787,-7.424820267,-0.3150724699,-0.001104311787,-7.925653278,-7.925653278,0.01470008736,-0.3962826639,-4.793689962e-07,-9.587379924e-07,9.587379924e-07,9.587379924e-07,-2.876213977e-06,-0.3962826639,-4.793689962e-07,-9.587379924e-07,9.587379924e-07,9.587379924e-07,-2.876213977e-06,-0.3962826639,0,0,0,0,0,0
8.05,1,1,6.064017802e-05,3.76304662e-05,1.24635939e-05,0.0001409344849,3.187803825e-05,-0.005540546858,0,0,0,0.001047197551,0,0,-0.007890212316,-0.004996794853,0.004818654024,0.002349665458,0.02756760448,0.1514912169,11.67169778,0,-0.06394401611,-0.1514912169,-0.2055556636,0.3217607481,1.005540547,0.00111941329,-7.574560844,-0.3217607481,-0.00111941329,-8.102996669,-8.102996669,0.01460727239,-0.4051498335,-9.587379924e-07,9.587379924e-07,-9.587379924e-07,-0.0001028022791,-3.355582973e-06,-0.4051498335,-9.587379924e-07,9.587379924e-07,-9.587379924e-07,-0.0001028022791,-3.355582973e-06,-0.4051498335,0,0,0,0,0,0
8.06,1,1,6.040049352e-05,3.78701507e-05,1.198422491e-05,0.0001409344849,3.115898475e-05,-0.00554438181,0,0,0,0,0,0,-0.007939939104,-0.004948540038,0.004832286905,0.002395557294,0.02810976067,0.1543214399,11.67187133,0,-0.06398823039,-0.1543214399,-0.2198319362,0.3280935098,1.005544382,0.001133635153,-7.716071996,-0.3280935098,-0.001133635153,-8.265131077,-8.265131077,0.01452220421,-0.4132565539,-4.793689962e-07,4.793689962e-07,-0,1.917475985e-06,-1.917475985e-06,-0.4132565539,-4.793689962e-07,4.793689962e-07,-0,1.917475985e-06,-1.917475985e-06,-0.4132565539,0,0,0,0,0,0
8.07,1,1,5.968144003e-05,3.73907817e-05,1.198422491e-05,0.0001414138539,3.187803825e-05,-0.005547497709,0,0,0,0,0,0,-0.007989182664,-0.004900149556,0.004845787307,0.002441684956,0.02865476523,0.1571669773,11.67201244,0,-0.06402415443,-0.1571669773,-0.2316518108,0.3344587761,1.005547498,0.001148388583,-7.858348864,-0.3344587761,-0.001148388583,-8.42560784,-8.42560784,0.01444553009,-0.421280392,9.587379924e-07,1.438106989e-06,-0,9.587379924e-07,-3.355582973e-06,-0.421280392,9.587379924e-07,1.438106989e-06,-0,9.587379924e-07,-3.355582973e-06,-0.421280392,0,0,0,0,0,0
8.08,1,1,6.040049352e-05,3.715109721e-05,1.174454041e-05,0.0001414138539,3.139866925e-05,-0.005550373923,0,-0.001047197551,0,0,0,0,-0.008037941647,-0.004851624734,0.004859154859,0.002487567725,0.0291970036,0.1599977327,11.67214276,0,-0.06405731502,-0.1599977327,-0.2410248418,0.340791594,1.005550374,0.001163466359,-7.999886637,-0.340791594,-0.001163466359,-8.582866539,-8.582866539,0.0143769487,-0.4291433269,-4.793689962e-07,0.0001066372311,4.793689962e-07,9.587379924e-07,-2.396844981e-06,-0.4291433269,-4.793689962e-07,0.0001066372311,4.793689962e-07,9.587379924e-07,-2.396844981e-06,-0.4291433269,0,0,0,0,0,0
8.09,1,1,6.087986252e-05,3.691141271e-05,1.24635939e-05,0.0001414138539,3.139866925e-05,-0.005554448559,0,0,0,0,0,0,-0.008086214716,-0.004802966903,0.004872389195,0.002531766157,0.02971967037,0.1627235409,11.67232749,0,-0.06410429244,-0.1627235409,-0.2467638473,0.3468977255,1.005554449,0.001178258766,-8.136177043,-0.3468977255,-0.001178258766,-8.731016875,-8.731016875,0.01431647981,-0.4365508437,-1.438106989e-06,2.396844981e-06,-9.587379924e-07,9.587379924e-07,-2.396844981e-06,-0.4365508437,-1.438106989e-06,2.396844981e-06,-9.587379924e-07,9.587379924e-07,-2.396844981e-06,-0.4365508437,0,0,0,0,0,0
8.1,1,1,6.064017802e-05,3.691141271e-05,1.174454041e-05,0.0001409344849,3.163835375e-05,-0.005557564458,0,0,0,0,0,0,-0.008134000546,-0.004754177396,0.004885489951,0.002576436089,0.03024792502,0.1654793931,11.67246886,0,-0.06414021627,-0.1654793931,-0.2520323665,0.3530679627,1.005557564,0.001193747668,-8.273969654,-0.3530679627,-0.001193747668,-8.880263731,-8.880263731,0.01426379367,-0.4440131866,-9.587379924e-07,2.396844981e-06,4.793689962e-07,1.917475985e-06,-2.876213977e-06,-0.4440131866,-9.587379924e-07,2.396844981e-06,4.793689962e-07,1.917475985e-06,-2.876213977e-06,-0.4440131866,0,0,0,0,0,0
8.11,1,1,6.064017802e-05,3.715109721e-05,1.22239094e-05,0.0001409344849,3.187803825e-05,-0.005560920041,0,0,0,0,0,0,-0.008181297829,-0.00470525755,0.00489845677,0.002620377789,0.03076776004,0.1681901349,11.67262118,0,-0.06417890341,-0.1681901349,-0.2555723203,0.3591404075,1.00556092,0.001209401921,-8.409506743,-0.3591404075,-0.001209401921,-9.025428873,-9.025428873,0.01421859446,-0.4512714437,-9.587379924e-07,1.917475985e-06,-4.793689962e-07,1.917475985e-06,-3.355582973e-06,-0.4512714437,-9.587379924e-07,1.917475985e-06,-4.793689962e-07,1.917475985e-06,-3.355582973e-06,-0.4512714437,0,0,0,0,0,0
8.12,1,1,6.040049352e-05,3.73907817e-05,1.27032784e-05,0.0001414138539,3.163835375e-05,-0.005567631207,0,0,0,0,0,0,-0.008228105267,-0.004656208708,0.004911289295,0.002660474061,0.03124278478,0.1706604017,11.67292612,0,-0.06425627746,-0.1706604017,-0.2537751348,0.3646947185,1.005567631,0.001223832063,-8.533020086,-0.3646947185,-0.001223832063,-9.152713772,-9.152713772,0.01418048362,-0.4576356886,-4.793689962e-07,1.438106989e-06,-1.438106989e-06,9.587379924e-07,-2.876213977e-06,-0.4576356886,-4.793689962e-07,1.438106989e-06,-1.438106989e-06,9.587379924e-07,-2.876213977e-06,-0.4576356886,0,0,0,0,0,0
8.13,1,1,6.111954702e-05,3.715109721e-05,1.22239094e-05,0.0001421329074,3.187803825e-05,-0.005581532907,0,0,0,0,0,-0.001047197551,-0.008274421578,-0.004607032213,0.004923987175,0.00269288867,0.03162821002,0.1716024407,11.67355897,0,-0.06441655138,-0.1726496382,-0.2436828327,0.3692137746,1.006629005,0.001230285965,-8.580122034,-0.3692137746,-0.001230285965,-9.194248928,-9.194248928,0.0141474715,-0.4597124464,-1.917475985e-06,1.917475985e-06,-4.793689962e-07,-4.793689962e-07,-3.355582973e-06,-0.4597124464,-1.917475985e-06,1.917475985e-06,-4.793689962e-07,-4.793689962e-07,-3.355582973e-06,-0.4597124464,0,0,0,0,0,0
8.14,1,1,6.111954702e-05,3.619235921e-05,1.22239094e-05,0.0001414138539,3.163835375e-05,-0.005596872715,0,0,0,0,0,-0.001047197551,-0.008320245491,-0.004557729415,0.00493655006,0.002723372775,0.03199115934,0.1734709279,11.67425915,0,-0.06459340391,-0.1745181255,-0.2330920818,0.3734730847,1.006644344,0.001241248767,-8.673546395,-0.3734730847,-0.001241248767,-9.28135281,-9.28135281,0.0141198984,-0.4640676405,-1.917475985e-06,3.83495197e-06,-4.793689962e-07,9.587379924e-07,-2.876213977e-06,-0.4640676405,-1.917475985e-06,3.83495197e-06,-4.793689962e-07,9.587379924e-07,-2.876213977e-06,-0.4640676405,0,0,0,0,0,0
8.15,1,1,6.064017802e-05,3.619235921e-05,1.22239094e-05,0.0001418932229,3.187803825e-05,-0.005611972839,0,0,0,0,0,-0.001047197551,-0.00836557575,-0.004508301663,0.004948977608,0.002753602911,0.03235119923,0.1753237173,11.67495031,0,-0.06476749164,-0.1763709149,-0.2244204923,0.3776986434,1.006659445,0.00125250727,-8.766185866,-0.3776986434,-0.00125250727,-9.369557509,-9.369557509,0.01409750623,-0.4684778754,-9.587379924e-07,3.83495197e-06,-4.793689962e-07,-0,-3.355582973e-06,-0.4684778754,-9.587379924e-07,3.83495197e-06,-4.793689962e-07,-0,-3.355582973e-06,-0.4684778754,0,0,0,0,0,0
8.16,1,1,6.040049352e-05,3.667172821e-05,1.198422491e-05,0.0001409344849,3.163835375e-05,-0.005630907914,0,0,0,0,0,-0.002094395102,-0.008410411112,-0.004458750315,0.004961269477,0.002779503198,0.03266073726,0.1758580404,11.67581969,0,-0.06498579005,-0.1779524355,-0.2121655811,0.3813408791,1.0077264,0.001257318592,-8.792902021,-0.3813408791,-0.001257318592,-9.3876658,-9.3876658,0.01407902514,-0.46938329,-4.793689962e-07,2.876213977e-06,-0,1.917475985e-06,-2.876213977e-06,-0.46938329,-4.793689962e-07,2.876213977e-06,-0,1.917475985e-06,-2.876213977e-06,-0.46938329,0,0,0,0,0,0
8.17,1,1,6.111954702e-05,3.595267472e-05,1.22239094e-05,0.0001409344849,3.187803825e-05,-0.005656314471,0,0,0,0,0,-0.002094395102,-0.008454750348,-0.004409076727,0.004973425331,0.002798435878,0.03288895841,0.1770027691,11.67699089,0,-0.06527869311,-0.1790971642,-0.1940706763,0.3840440678,1.007751806,0.001264067227,-8.850138453,-0.3840440678,-0.001264067227,-9.429517265,-9.429517265,0.01406267984,-0.4714758632,-1.917475985e-06,4.314320966e-06,-4.793689962e-07,1.917475985e-06,-3.355582973e-06,-0.4714758632,-1.917475985e-06,4.314320966e-06,-4.793689962e-07,1.917475985e-06,-3.355582973e-06,-0.4714758632,0,0,0,0,0,0
8.18,1,1,6.016080902e-05,3.595267472e-05,1.22239094e-05,0.0001404551159,3.139866925e-05,-0.005699697365,0,0,0,0,0,-0.005235987756,-0.008498592244,-0.004359282263,0.004985444835,0.002798894879,0.03290145938,0.173847351,11.67900323,0,-0.06577882918,-0.1790833387,-0.1577881364,0.3842562503,1.010942539,0.001247873117,-8.692367549,-0.3842562503,-0.001247873117,-9.235659809,-9.235659809,0.01404474646,-0.4617829904,-0,4.314320966e-06,-4.793689962e-07,2.876213977e-06,-2.396844981e-06,-0.4617829904,-0,4.314320966e-06,-4.793689962e-07,2.876213977e-06,-2.396844981e-06,-0.4617829904,0,0,0,0,0,0
8.19,1,1,6.064017802e-05,3.619235921e-05,1.198422491e-05,0.0001406948004,3.139866925e-05,-0.005766089971,0,0,0,0,0,-0.006283185307,-0.008541935595,-0.004309368286,0.004997327661,0.002775845624,0.03263931284,0.1713117264,11.68211329,0,-0.06654420684,-0.1775949118,-0.101459304,0.3812961503,1.012059145,0.001230267118,-8.565586322,-0.3812961503,-0.001230267118,-9.049572044,-9.049572044,0.01401996822,-0.4524786022,-9.587379924e-07,3.83495197e-06,-0,2.396844981e-06,-2.396844981e-06,-0.4524786022,-9.587379924e-07,3.83495197e-06,-0,2.396844981e-06,-2.396844981e-06,-0.4524786022,0,0,0,0,0,0
8.2,1,1,6.111954702e-05,3.643204371e-05,1.22239094e-05,0.0001409344849,3.139866925e-05,-0.005834400053,0,0,0,0,0,-0.006283185307,-0.008584779215,-0.004259336166,0.005009073483,0.002750379163,0.03234876408,0.16967131,11.6853516,0,-0.06733165872,-0.1759544953,-0.05266502712,0.3780066822,1.012127455,0.001216154484,-8.483565499,-0.3780066822,-0.001216154484,-8.915453363,-8.915453363,0.01399086613,-0.4457726681,-1.917475985e-06,3.355582973e-06,-4.793689962e-07,1.917475985e-06,-2.396844981e-06,-0.4457726681,-1.917475985e-06,3.355582973e-06,-4.793689962e-07,1.917475985e-06,-2.396844981e-06,-0.4457726681,0,0,0,0,0,0
8.21,1,1,6.016080902e-05,3.691141271e-05,1.198422491e-05,0.0001411741694,3.163835375e-05,-0.00590510698,0,0.001047197551,0,0,0,-0.006283185307,-0.008627121929,-0.004209187274,0.005020681978,0.00272201495,0.03202417081,0.1678487633,11.68874462,0,-0.06814670746,-0.1741319486,-0.009839704503,0.3743223541,1.012198162,0.0012004113,-8.392438164,-0.3743223541,-0.0012004113,-8.777800634,-8.777800634,0.01395733614,-0.4388900317,-0,-0.0001023229101,-0,1.438106989e-06,-2.876213977e-06,-0.4388900317,-0,-0.0001023229101,-0,1.438106989e-06,-2.876213977e-06,-0.4388900317,0,0,0,0,0,0
8.22,1,1,6.064017802e-05,3.667172821e-05,1.22239094e-05,0.0001411741694,3.139866925e-05,-0.005965267789,0,0.001047197551,0,0,0,-0.005235987756,-0.008668962576,-0.004158922985,0.005032152829,0.002703694787,0.03181681691,0.1677030063,11.69166448,0,-0.06884016287,-0.1729389941,0.01360031393,0.3719915481,1.011208109,0.001194050491,-8.385150315,-0.3719915481,-0.001194050491,-8.7447356,-8.7447356,0.01392264148,-0.43723678,-9.587379924e-07,-0.0001018435411,-4.793689962e-07,1.438106989e-06,-2.396844981e-06,-0.43723678,-9.587379924e-07,-0.0001018435411,-4.793689962e-07,1.438106989e-06,-2.396844981e-06,-0.43723678,0,0,0,0,0,0
8.23,1,1,6.016080902e-05,3.667172821e-05,1.22239094e-05,0.0001414138539,3.139866925e-05,-0.005997385512,0,0,0,0,0,-0.001047197551,-0.008710300009,-0.004108544677,0.005043485721,0.002712914497,0.03193137906,0.1724259642,11.69323569,0,-0.06921036396,-0.1734731618,0.000699906339,0.3733811414,1.007044857,0.001214964033,-8.621298211,-0.3733811414,-0.001214964033,-8.99519441,-8.99519441,0.01389370644,-0.4497597205,-0,2.876213977e-06,-4.793689962e-07,9.587379924e-07,-2.396844981e-06,-0.4497597205,-0,2.876213977e-06,-4.793689962e-07,9.587379924e-07,-2.396844981e-06,-0.4497597205,0,0,0,0,0,0
8.24,1,1,6.159891601e-05,3.667172821e-05,1.27032784e-05,0.0001409344849,3.187803825e-05,-0.006007452261,0,0,0,0,0,0,-0.008751133094,-0.004058053732,0.005054680343,0.002743680834,0.03229790228,0.1753589584,11.69372994,0,-0.06932639568,-0.1753589584,-0.03417663279,0.377682947,1.006007452,0.00123123668,-8.767947919,-0.377682947,-0.00123123668,-9.181038735,-9.181038735,0.01387362739,-0.4590519368,-2.876213977e-06,2.876213977e-06,-1.438106989e-06,1.917475985e-06,-3.355582973e-06,-0.4590519368,-2.876213977e-06,2.876213977e-06,-1.438106989e-06,1.917475985e-06,-3.355582973e-06,-0.4590519368,0,0,0,0,0,0
8.25,1,1,6.064017802e-05,3.667172821e-05,1.31826474e-05,0.0001406948004,3.211772275e-05,-0.006008650683,0,0,0.001047197551,0,0,0,-0.008791460713,-0.004007451532,0.005065736389,0.00278281003,0.0327622512,0.1777697162,11.69378884,0,-0.06934020893,-0.1777697162,-0.07207787418,0.3831148473,1.006008651,0.001246963894,-8.888485809,-0.3831148473,-0.001246963894,-9.344925495,-9.344925495,0.01386093274,-0.4672462747,-9.587379924e-07,2.876213977e-06,-0.0001071166001,2.396844981e-06,-3.83495197e-06,-0.4672462747,-9.587379924e-07,2.876213977e-06,-0.0001071166001,2.396844981e-06,-3.83495197e-06,-0.4672462747,0,0,0,0,0,0
8.26,1,1,5.944175553e-05,3.715109721e-05,1.126517141e-05,0.0001418932229,3.139866925e-05,-0.00600793163,0,0,-0.001047197551,0,0,0,-0.008831281759,-0.003956739467,0.005076653555,0.002823350129,0.03324313003,0.1802693983,11.6937535,0,-0.06933192098,-0.1802693983,-0.1046006885,0.3887369681,1.006007932,0.001263901639,-9.013469916,-0.3887369681,-0.001263901639,-9.508071474,-9.508071474,0.01385510724,-0.4754035737,1.438106989e-06,1.917475985e-06,0.0001061578621,-0,-2.396844981e-06,-0.4754035737,1.438106989e-06,1.917475985e-06,0.0001061578621,-0,-2.396844981e-06,-0.4754035737,0,0,0,0,0,0
8.27,1,1,5.944175553e-05,3.667172821e-05,1.24635939e-05,0.0001409344849,3.235740724e-05,-0.006008410999,0,0,0,0,0,0,-0.008870595141,-0.003905918925,0.005087431542,0.002862184142,0.03370408537,0.1826623981,11.69377706,0,-0.06933744628,-0.1826623981,-0.1292053729,0.3941280603,1.006008411,0.001280704945,-9.133119905,-0.3941280603,-0.001280704945,-9.657734044,-9.657734044,0.01385602921,-0.4828867022,1.438106989e-06,2.876213977e-06,-9.587379924e-07,1.917475985e-06,-4.314320966e-06,-0.4828867022,1.438106989e-06,2.876213977e-06,-9.587379924e-07,1.917475985e-06,-4.314320966e-06,-0.4828867022,0,0,0,0,0,0
8.28,1,1,6.064017802e-05,3.715109721e-05,1.174454041e-05,0.0001414138539,3.163835375e-05,-0.006009849106,0,0,0,0,0,0,-0.00890939978,-0.003854991301,0.005098070054,0.002899550675,0.0341479033,0.1849636393,11.69384774,0,-0.06935402217,-0.1849636393,-0.1475738441,0.399320382,1.006009849,0.001297476502,-9.248181965,-0.399320382,-0.001297476502,-9.796373668,-9.796373668,0.01386342344,-0.4898186834,-9.587379924e-07,1.917475985e-06,4.793689962e-07,9.587379924e-07,-2.876213977e-06,-0.4898186834,-9.587379924e-07,1.917475985e-06,4.793689962e-07,9.587379924e-07,-2.876213977e-06,-0.4898186834,0,0,0,0,0,0
8.29,1,1,6.135923152e-05,3.619235921e-05,1.174454041e-05,0.0001416535384,3.163835375e-05,-0.006011526897,0,0,0,0,0,0,-0.008947694614,-0.00380395799,0.0051085688,0.002936167717,0.03458297571,0.1872181555,11.69393024,0,-0.06937336069,-0.1872181555,-0.1618250515,0.4044109053,1.006011527,0.001314519598,-9.360907775,-0.4044109053,-0.001314519598,-9.928458252,-9.928458252,0.01387695507,-0.4964229126,-2.396844981e-06,3.83495197e-06,4.793689962e-07,4.793689962e-07,-2.876213977e-06,-0.4964229126,-2.396844981e-06,3.83495197e-06,4.793689962e-07,4.793689962e-07,-2.876213977e-06,-0.4964229126,0,0,0,0,0,0
8.3,1,1,6.064017802e-05,3.667172821e-05,1.22239094e-05,0.0001404551159,3.211772275e-05,-0.006016080902,0,0,0,0,0,0,-0.008985478593,-0.003752820392,0.005118927492,0.00296939769,0.03497845439,0.1892602902,11.69415426,0,-0.06942585087,-0.1892602902,-0.1695105512,0.4090434414,1.006016081,0.001330672966,-9.46301451,-0.4090434414,-0.001330672966,-10.04289918,-10.04289918,0.0138963293,-0.5021449588,-9.587379924e-07,2.876213977e-06,-4.793689962e-07,2.876213977e-06,-3.83495197e-06,-0.5021449588,-9.587379924e-07,2.876213977e-06,-4.793689962e-07,2.876213977e-06,-3.83495197e-06,-0.5021449588,0,0,0,0,0,0
8.31,1,1,6.159891601e-05,3.667172821e-05,1.22239094e-05,0.0001406948004,3.163835375e-05,-0.006018477747,0,0,0,0,0,0,-0.009022750679,-0.003701579908,0.005129145847,0.003004272932,0.03539318356,0.1914060052,11.69427223,0,-0.06945347722,-0.1914060052,-0.1777837382,0.4138975238,1.006018478,0.001348125813,-9.570300258,-0.4138975238,-0.001348125813,-10.16332965,-10.16332965,0.01392127201,-0.5081664823,-2.876213977e-06,2.876213977e-06,-4.793689962e-07,2.396844981e-06,-2.876213977e-06,-0.5081664823,-2.876213977e-06,2.876213977e-06,-4.793689962e-07,2.396844981e-06,-2.876213977e-06,-0.5081664823,0,0,0,0,0,0
8.32,1,1,6.183860051e-05,3.715109721e-05,1.174454041e-05,0.0001406948004,3.187803825e-05,-0.006022073015,0,0,0,0,0,0,-0.009059509852,-0.003650237944,0.005139223583,0.003037436837,0.03578790658,0.1934444975,11.69444929,0,-0.06949491668,-0.1934444975,-0.182600783,0.4185198587,1.006022073,0.001365425871,-9.672224874,-0.4185198587,-0.001365425871,-10.27471094,-10.27471094,0.01395177219,-0.5137355471,-3.355582973e-06,1.917475985e-06,4.793689962e-07,2.396844981e-06,-3.355582973e-06,-0.5137355471,-3.355582973e-06,1.917475985e-06,4.793689962e-07,2.396844981e-06,-3.355582973e-06,-0.5137355471,0,0,0,0,0,0
8.33,1,1,6.111954702e-05,3.619235921e-05,1.174454041e-05,0.0001421329074,3.187803825e-05,-0.006035495347,0.001047197551,0,0,0,0,-0.001047197551,-0.009095755104,-0.003598795906,0.005149160424,0.003060259758,0.03606169594,0.1937863782,11.69511125,0,-0.06964962318,-0.1948335757,-0.1745163707,0.4217455459,1.007082967,0.001373981426,-9.689318908,-0.4217455459,-0.001373981426,-10.28695481,-10.28695481,0.013985006,-0.5143477403,-0.0001066372311,3.83495197e-06,4.793689962e-07,-4.793689962e-07,-3.355582973e-06,-0.5143477403,-0.0001066372311,3.83495197e-06,4.793689962e-07,-4.793689962e-07,-3.355582973e-06,-0.5143477403,0,0,0,0,0,0
8.34,1,1,6.064017802e-05,3.691141271e-05,1.22239094e-05,0.0001418932229,3.163835375e-05,-0.006045562096,0,0,0,0,0,0,-0.009131485442,-0.003547255206,0.005158956099,0.003085923346,0.03636869986,0.1964011988,11.69560871,0,-0.06976565223,-0.1964011988,-0.1712074718,0.425354083,1.006045562,0.001393363119,-9.820059939,-0.425354083,-0.001393363119,-10.41801486,-10.41801486,0.01402297705,-0.5209007429,-9.587379924e-07,2.396844981e-06,-4.793689962e-07,-0,-2.876213977e-06,-0.5209007429,-9.587379924e-07,2.396844981e-06,-4.793689962e-07,-0,-2.876213977e-06,-0.5209007429,0,0,0,0,0,0
8.35,1,1,6.064017802e-05,3.667172821e-05,1.102548691e-05,0.0001411741694,3.163835375e-05,-0.006057546321,0.001047197551,0,0,0,0,-0.001047197551,-0.009166699884,-0.003495617255,0.005168610338,0.003109153564,0.03664723385,0.196768822,11.69620204,0,-0.06990378114,-0.1978160195,-0.1658067275,0.4286334511,1.007105018,0.001402955074,-9.838441098,-0.4286334511,-0.001402955074,-10.43428423,-10.43428423,0.01406358338,-0.5217142116,-0.0001056784931,2.876213977e-06,1.917475985e-06,1.438106989e-06,-2.876213977e-06,-0.5217142116,-0.0001056784931,2.876213977e-06,1.917475985e-06,1.438106989e-06,-2.876213977e-06,-0.5217142116,0,0,0,0,0,0
8.36,1,1,6.087986252e-05,3.643204371e-05,1.150485591e-05,0.0001418932229,3.139866925e-05,-0.00606977023,0,0,0,-0.001047197551,0,-0.001047197551,-0.009201397467,-0.003443883471,0.005178122878,0.003131627237,0.03691690409,0.1981361633,11.69680847,0,-0.07004467159,-0.1991833609,-0.1604237184,0.4318099563,1.007117242,0.001417136307,-9.906808167,-0.4318099563,-0.001417136307,-10.50045898,-10.50045898,0.01410768297,-0.5250229489,-1.438106989e-06,3.355582973e-06,9.587379924e-07,0.0001047197551,-2.396844981e-06,-0.5250229489,-1.438106989e-06,3.355582973e-06,9.587379924e-07,0.0001047197551,-2.396844981e-06,-0.5250229489,0,0,0,0,0,0
8.37,1,1,6.087986252e-05,3.691141271e-05,1.27032784e-05,0.0001414138539,3.163835375e-05,-0.006078638556,0,0,0,0,0,0,-0.009235577239,-0.003392055271,0.005187493456,0.003156938683,0.03721975016,0.2007291181,11.69724921,0,-0.07014688558,-0.2007291181,-0.159601147,0.4353686931,1.006078639,0.001437530438,-10.03645591,-0.4353686931,-0.001437530438,-10.63286328,-10.63286328,0.01415565012,-0.5316431638,-1.438106989e-06,2.396844981e-06,-1.438106989e-06,9.587379924e-07,-2.876213977e-06,-0.5316431638,-1.438106989e-06,2.396844981e-06,-1.438106989e-06,9.587379924e-07,-2.876213977e-06,-0.5316431638,0,0,0,0,0,0
8.38,1,1,6.087986252e-05,3.76304662e-05,1.22239094e-05,0.0001418932229,3.163835375e-05,-0.006087986252,0,0,0,0,0,-0.001047197551,-0.009269238263,-0.003340134076,0.005196721817,0.003181252011,0.03751090179,0.2011650282,11.69771449,0,-0.07025462406,-0.2022122257,-0.1575231005,0.4387918194,1.007135458,0.001448963226,-10.05825141,-0.4387918194,-0.001448963226,-10.65601529,-10.65601529,0.01420753483,-0.5328007645,-1.438106989e-06,9.587379924e-07,-4.793689962e-07,-0,-2.876213977e-06,-0.5328007645,-1.438106989e-06,9.587379924e-07,-4.793689962e-07,-0,-2.876213977e-06,-0.5328007645,0,0,0,0,0,0
8.39,1,1,6.111954702e-05,3.691141271e-05,1.24635939e-05,0.0001416535384,3.211772275e-05,-0.006105003851,0,0,0,0,0,-0.001047197551,-0.009302379615,-0.00328812131,0.005205807707,0.003197375764,0.03770622601,0.2021333472,11.69856342,0,-0.07045076176,-0.2031805448,-0.1462282532,0.4411086762,1.007152476,0.00146139692,-10.10666736,-0.4411086762,-0.00146139692,-10.69546569,-10.69546569,0.01426050771,-0.5347732844,-1.917475985e-06,2.396844981e-06,-9.587379924e-07,4.793689962e-07,-3.83495197e-06,-0.5347732844,-1.917475985e-06,2.396844981e-06,-9.587379924e-07,4.793689962e-07,-3.83495197e-06,-0.5347732844,0,0,0,0,0,0
8.4,1,1,6.040049352e-05,3.715109721e-05,1.126517141e-05,0.0001416535384,3.139866925e-05,-0.006121302397,0,0,0,0,0,-0.001047197551,-0.009335000388,-0.003236018398,0.005214750877,0.003213697991,0.03790383608,0.2031141027,11.69937875,0,-0.07063861004,-0.2041613003,-0.1376010715,0.4434513345,1.007168774,0.001474150261,-10.15570514,-0.4434513345,-0.001474150261,-10.73823169,-10.73823169,0.01431521864,-0.5369115846,-4.793689962e-07,1.917475985e-06,1.438106989e-06,4.793689962e-07,-2.396844981e-06,-0.5369115846,-4.793689962e-07,1.917475985e-06,1.438106989e-06,4.793689962e-07,-2.396844981e-06,-0.5369115846,0,0,0,0,0,0
8.41,1,1,6.016080902e-05,3.691141271e-05,1.198422491e-05,0.0001416535384,3.163835375e-05,-0.006135923152,0,0,0,0,0,-0.001047197551,-0.009367099688,-0.003183826769,0.005223551082,0.003231176536,0.03811493681,0.2041675268,11.70011205,0,-0.07080711941,-0.2052147244,-0.1314209682,0.4459490315,1.007183395,0.00148782328,-10.20837634,-0.4459490315,-0.00148782328,-10.78723416,-10.78723416,0.01437323227,-0.5393617082,-0,2.396844981e-06,-0,4.793689962e-07,-2.876213977e-06,-0.5393617082,-0,2.396844981e-06,-0,4.793689962e-07,-2.876213977e-06,-0.5393617082,0,0,0,0,0,0
8.42,1,1,5.968144003e-05,3.715109721e-05,1.126517141e-05,0.0001411741694,3.139866925e-05,-0.006150304221,0,0,0,0,0,-0.001047197551,-0.009398676633,-0.003131547853,0.005232208081,0.003248372411,0.03832269076,0.2052031465,11.70083508,0,-0.07097286485,-0.2062503441,-0.1264525876,0.4484074844,1.007197776,0.001501595333,-10.26015733,-0.4484074844,-0.001501595333,-10.83651899,-10.83651899,0.01443284813,-0.5418259497,9.587379924e-07,1.917475985e-06,1.438106989e-06,1.438106989e-06,-2.396844981e-06,-0.5418259497,9.587379924e-07,1.917475985e-06,1.438106989e-06,1.438106989e-06,-2.396844981e-06,-0.5418259497,0,0,0,0,0,0
8.43,1,1,6.040049352e-05,3.619235921e-05,1.174454041e-05,0.0001409344849,3.115898475e-05,-0.006161329708,0,0,0,0,0,0,-0.009429730359,-0.003079183085,0.005240721636,0.00326840065,0.03856354512,0.2074640687,11.70139058,0,-0.07109993537,-0.2074640687,-0.1255798314,0.4512471034,1.00616133,0.00152162251,-10.37320344,-0.4512471034,-0.00152162251,-10.95155199,-10.95155199,0.01449627829,-0.5475775997,-4.793689962e-07,3.83495197e-06,4.793689962e-07,1.917475985e-06,-1.917475985e-06,-0.5475775997,-4.793689962e-07,3.83495197e-06,4.793689962e-07,1.917475985e-06,-1.917475985e-06,-0.5475775997,0,0,0,0,0,0
8.44,1,1,6.016080902e-05,3.667172821e-05,1.198422491e-05,0.0001418932229,3.211772275e-05,-0.006167082136,0,0,0,0,0,0,-0.009460260013,-0.0030267339,0.005249091515,0.003293177877,0.03885992956,0.2089765121,11.7016808,0,-0.07116623269,-0.2089765121,-0.1304067202,0.4547264918,1.006167082,0.001539843707,-10.44882561,-0.4547264918,-0.001539843707,-11.03549866,-11.03549866,0.01456385799,-0.5517749331,-0,2.876213977e-06,-0,-0,-3.83495197e-06,-0.5517749331,-0,2.876213977e-06,-0,-0,-3.83495197e-06,-0.5517749331,0,0,0,0,0,0
8.45,1,1,6.016080902e-05,3.81098352e-05,1.078580241e-05,0.0001418932229,3.091930026e-05,-0.006170917088,0,0,0,0,0,0,-0.00949026476,-0.002974201735,0.005257317486,0.003319347672,0.03917256884,0.2105766264,11.70187444,0,-0.07121043077,-0.2105766264,-0.1358293106,0.4583924822,1.006170917,0.001559243441,-10.52883132,-0.4583924822,-0.001559243441,-11.12461236,-11.12461236,0.01463551593,-0.5562306178,-0,-0,2.396844981e-06,-0,-1.438106989e-06,-0.5562306178,-0,-0,2.396844981e-06,-0,-1.438106989e-06,-0.5562306178,0,0,0,0,0,0
8.46,1,1,5.896238653e-05,3.691141271e-05,1.198422491e-05,0.0001411741694,3.211772275e-05,-0.006177628254,0,0,0,0,0,0,-0.009519743776,-0.00292158803,0.005265399326,0.003342115522,0.03944535457,0.2119627866,11.70221361,0,-0.07128777716,-0.2119627866,-0.136286721,0.4615979652,1.006177628,0.001577500258,-10.59813933,-0.4615979652,-0.001577500258,-11.19760152,-11.19760152,0.01471012604,-0.5598800759,2.396844981e-06,2.396844981e-06,-0,1.438106989e-06,-3.83495197e-06,-0.5598800759,2.396844981e-06,2.396844981e-06,-0,1.438106989e-06,-3.83495197e-06,-0.5598800759,0,0,0,0,0,0
8.47,1,1,6.016080902e-05,3.76304662e-05,1.150485591e-05,0.0001414138539,3.163835375e-05,-0.006184818789,0,0,0,0,0,0,-0.009548696254,-0.002868894229,0.005273336812,0.003363877464,0.03970632015,0.2132856833,11.70257742,0,-0.07137064794,-0.2132856833,-0.1356661917,0.4646662858,1.006184819,0.001595699755,-10.66428416,-0.4646662858,-0.001595699755,-11.26621234,-11.26621234,0.01478758123,-0.5633106171,-0,9.587379924e-07,9.587379924e-07,9.587379924e-07,-2.876213977e-06,-0.5633106171,-0,9.587379924e-07,9.587379924e-07,9.587379924e-07,-2.876213977e-06,-0.5633106171,0,0,0,0,0,0
8.48,1,1,6.111954702e-05,3.81098352e-05,1.054611792e-05,0.0001411741694,3.115898475e-05,-0.006194166485,0,0,0,-0.001047197551,0,-0.001047197551,-0.009577121399,-0.002816121776,0.005281129727,0.003382954914,0.03993581696,0.2133924635,11.70305103,0,-0.07147837941,-0.2144396611,-0.1316436284,0.4673709038,1.007241638,0.001608444283,-10.66962318,-0.4673709038,-0.001608444283,-11.27024615,-11.27024615,0.01486690302,-0.5635123076,-1.917475985e-06,-0,2.876213977e-06,0.0001061578621,-1.917475985e-06,-0.5635123076,-1.917475985e-06,-0,2.876213977e-06,0.0001061578621,-1.917475985e-06,-0.5635123076,0,0,0,0,0,0
8.49,1,1,5.992112453e-05,3.715109721e-05,1.22239094e-05,0.0001404551159,3.235740724e-05,-0.006213580929,0,0,0,0,0,-0.001047197551,-0.009605018432,-0.002763272117,0.005288777857,0.003391437503,0.04004125672,0.2138796327,11.70403701,0,-0.07170212738,-0.2149268302,-0.1165958922,0.4686443508,1.007261053,0.001620663373,-10.69398163,-0.4686443508,-0.001620663373,-11.28084254,-11.28084254,0.01494512503,-0.564042127,4.793689962e-07,1.917475985e-06,-4.793689962e-07,2.876213977e-06,-4.314320966e-06,-0.564042127,4.793689962e-07,1.917475985e-06,-4.793689962e-07,2.876213977e-06,-4.314320966e-06,-0.564042127,0,0,0,0,0,0
8.5,1,1,6.064017802e-05,3.85892042e-05,1.150485591e-05,0.0001418932229,3.211772275e-05,-0.006235392218,0,0,0,0,0,-0.002094395102,-0.009632386588,-0.002710346702,0.005296280992,0.00339699437,0.04011237599,0.2131353177,11.7051485,0,-0.07195349534,-0.2152297128,-0.1004835151,0.4695213176,1.008330884,0.001626874981,-10.65676588,-0.4695213176,-0.001626874981,-11.22839759,-11.22839759,0.01502251917,-0.5614198796,-9.587379924e-07,-9.587379924e-07,9.587379924e-07,-0,-3.83495197e-06,-0.5614198796,-9.587379924e-07,-9.587379924e-07,9.587379924e-07,-0,-3.83495197e-06,-0.5614198796,0,0,0,0,0,0
8.51,1,1,6.040049352e-05,3.715109721e-05,1.150485591e-05,0.0001414138539,3.115898475e-05,-0.006260798775,0,0,0,0,0,-0.002094395102,-0.009659225118,-0.002657346982,0.005303638928,0.003398426343,0.04013512519,0.2131783942,11.70644824,0,-0.07224629327,-0.2152727894,-0.08287148843,0.4698397654,1.008356291,0.001635508319,-10.65891971,-0.4698397654,-0.001635508319,-11.21326647,-11.21326647,0.01509826734,-0.5606633237,-4.793689962e-07,1.917475985e-06,9.587379924e-07,9.587379924e-07,-1.917475985e-06,-0.5606633237,-4.793689962e-07,1.917475985e-06,9.587379924e-07,9.587379924e-07,-1.917475985e-06,-0.5606633237,0,0,0,0,0,0
8.52,1,1,6.016080902e-05,3.715109721e-05,1.198422491e-05,0.0001428519609,3.187803825e-05,-0.006283089433,0,0,0,0.001047197551,0,-0.001047197551,-0.009685533285,-0.002604274408,0.005310851461,0.003402443852,0.04018805088,0.2144312123,11.70759304,0,-0.07250317819,-0.2154784098,-0.07160501809,0.4705053446,1.007330561,0.001649997478,-10.72156061,-0.4705053446,-0.001649997478,-11.26532097,-11.26532097,0.01517404989,-0.5632660487,-0,1.917475985e-06,-0,-0.0001066372311,-3.355582973e-06,-0.5632660487,-0,1.917475985e-06,-0,-0.0001066372311,-3.355582973e-06,-0.5632660487,0,0,0,0,0,0
8.53,1,1,6.040049352e-05,3.667172821e-05,1.126517141e-05,0.0001418932229,3.187803825e-05,-0.006304421354,0,0,0,0,0,-0.002094395102,-0.009711310368,-0.002551130438,0.005317918395,0.003406889015,0.04024589445,0.2136163711,11.70869251,0,-0.07274901094,-0.2157107662,-0.06275104101,0.4712268027,1.008399913,0.001655401361,-10.68081856,-0.4712268027,-0.001655401361,-11.2164518,-11.2164518,0.01524905795,-0.5608225901,-4.793689962e-07,2.876213977e-06,1.438106989e-06,-0,-3.355582973e-06,-0.5608225901,-4.793689962e-07,2.876213977e-06,1.438106989e-06,-0,-3.355582973e-06,-0.5608225901,0,0,0,0,0,0
8.54,1,1,6.064017802e-05,3.619235921e-05,1.126517141e-05,0.0001406948004,3.139866925e-05,-0.006329827911,0,0,0,0,0,-0.002094395102,-0.009736555661,-0.002497916526,0.005324839535,0.00340672775,0.04024970717,0.2135585483,11.71000698,0,-0.07304179619,-0.2156529434,-0.05023380665,0.4713243518,1.00842532,0.001662961214,-10.67792741,-0.4713243518,-0.001662961214,-11.20114853,-11.20114853,0.01532188889,-0.5600574266,-9.587379924e-07,3.83495197e-06,1.438106989e-06,2.396844981e-06,-2.396844981e-06,-0.5600574266,-9.587379924e-07,3.83495197e-06,1.438106989e-06,2.396844981e-06,-2.396844981e-06,-0.5600574266,0,0,0,0,0,0
8.55,1,1,6.040049352e-05,3.595267472e-05,1.198422491e-05,0.0001411741694,3.139866925e-05,-0.006350680462,0,0,0,0,0,-0.002094395102,-0.009761268471,-0.002444634134,0.005331614692,0.003410588009,0.04030051419,0.2137536987,11.71108989,0,-0.07328209756,-0.2158480939,-0.04468469395,0.4719629443,1.008446172,0.001672502133,-10.68768494,-0.4719629443,-0.001672502133,-11.20600508,-11.20600508,0.01539498878,-0.5603002539,-4.793689962e-07,4.314320966e-06,-0,1.438106989e-06,-2.396844981e-06,-0.5603002539,-4.793689962e-07,4.314320966e-06,-0,1.438106989e-06,-2.396844981e-06,-0.5603002539,0,0,0,0,0,0
8.56,1,1,6.159891601e-05,3.547330572e-05,1.22239094e-05,0.0001411741694,3.139866925e-05,-0.006372731436,0,0,0,0,0,-0.001047197551,-0.00978544812,-0.00239128472,0.00533824368,0.003412716684,0.0403309461,0.2148868371,11.71223902,0,-0.07353620589,-0.2159340347,-0.03793447243,0.4723656806,1.007420203,0.001685829127,-10.74434186,-0.4723656806,-0.001685829127,-11.25632784,-11.25632784,0.01546742436,-0.5628163919,-2.876213977e-06,5.273058958e-06,-4.793689962e-07,1.438106989e-06,-2.396844981e-06,-0.5628163919,-2.876213977e-06,5.273058958e-06,-4.793689962e-07,1.438106989e-06,-2.396844981e-06,-0.5628163919,0,0,0,0,0,0
8.57,1,1,6.111954702e-05,3.667172821e-05,1.198422491e-05,0.0001411741694,3.187803825e-05,-0.00639693957,0,0,0,0,0,-0.002094395102,-0.009809093946,-0.002337869748,0.005344726318,0.003412154376,0.04032975758,0.2137559429,11.71350527,0,-0.07381516853,-0.215850338,-0.02928335296,0.4724028281,1.008492431,0.00168822176,-10.68779715,-0.4724028281,-0.00168822176,-11.19117155,-11.19117155,0.01553777552,-0.5595585775,-1.917475985e-06,2.876213977e-06,-0,1.438106989e-06,-3.355582973e-06,-0.5595585775,-1.917475985e-06,2.876213977e-06,-0,1.438106989e-06,-3.355582973e-06,-0.5595585775,0,0,0,0,0,0
8.58,1,1,6.111954702e-05,3.73907817e-05,1.126517141e-05,0.0001418932229,3.139866925e-05,-0.006422346127,0,0,0,0,0,-0.002094395102,-0.009832205301,-0.002284390682,0.005351062427,0.003409859175,0.04030816108,0.2135629137,11.71483952,0,-0.07410793657,-0.2156573089,-0.02037174505,0.4722036382,1.008517838,0.001694185548,-10.67814569,-0.4722036382,-0.001694185548,-11.17241526,-11.17241526,0.01560575705,-0.5586207628,-1.917475985e-06,1.438106989e-06,1.438106989e-06,-0,-2.396844981e-06,-0.5586207628,-1.917475985e-06,1.438106989e-06,1.438106989e-06,-0,-2.396844981e-06,-0.5586207628,0,0,0,0,0,0
8.59,1,1,6.016080902e-05,3.76304662e-05,1.198422491e-05,0.0001416535384,3.115898475e-05,-0.006451587636,0,0,0,0,0,-0.003141592654,-0.009854781551,-0.002230848988,0.005357251834,0.003403193916,0.04023525076,0.2120472758,11.71638188,0,-0.07444489011,-0.2151888685,-0.007954422997,0.4714115629,1.009595648,0.001692808626,-10.60236379,-0.4714115629,-0.001692808626,-11.08342259,-11.08342259,0.01567044987,-0.5541711294,-0,9.587379924e-07,-0,4.793689962e-07,-1.917475985e-06,-0.5541711294,-0,9.587379924e-07,-0,4.793689962e-07,-1.917475985e-06,-0.5541711294,0,0,0,0,0,0
8.6,1,1,6.087986252e-05,3.619235921e-05,1.198422491e-05,0.0001414138539,3.163835375e-05,-0.006484424412,0,0,0,0,0,-0.003141592654,-0.009876822077,-0.002177246135,0.00536329437,0.003392397665,0.04011380706,0.2113184523,11.71812246,0,-0.07482326479,-0.214460045,0.00686176276,0.4700585034,1.009628484,0.001693647364,-10.56592262,-0.4700585034,-0.001693647364,-11.030813,-11.030813,0.01573089688,-0.5515406502,-1.438106989e-06,3.83495197e-06,-0,9.587379924e-07,-2.876213977e-06,-0.5515406502,-1.438106989e-06,3.83495197e-06,-0,9.587379924e-07,-2.876213977e-06,-0.5515406502,0,0,0,0,0,0
8.61,1,1,6.040049352e-05,3.643204371e-05,1.150485591e-05,0.0001406948004,3.163835375e-05,-0.006517980242,0,0,0,0,0,-0.003141592654,-0.009898326275,-0.002123583591,0.005369189867,0.003380346033,0.03997751003,0.2105103181,11.71991054,0,-0.07520991673,-0.2136519108,0.02039921608,0.468532841,1.00966204,0.001693426377,-10.52551591,-0.468532841,-0.001693426377,-10.97534296,-10.97534296,0.01578779407,-0.5487671479,-4.793689962e-07,3.355582973e-06,9.587379924e-07,2.396844981e-06,-2.876213977e-06,-0.5487671479,-4.793689962e-07,3.355582973e-06,9.587379924e-07,2.396844981e-06,-2.876213977e-06,-0.5487671479,0,0,0,0,0,0
8.62,1,1,6.040049352e-05,3.667172821e-05,1.174454041e-05,0.0001411741694,3.139866925e-05,-0.006552255125,0,0,0,0,0,-0.003141592654,-0.009919293555,-0.002069862828,0.005374938166,0.00336703843,0.03982634569,0.2096228363,11.72174673,0,-0.07560484536,-0.212764429,0.03295645853,0.4668343373,1.009696315,0.001692156925,-10.48114181,-0.4668343373,-0.001692156925,-10.91671185,-10.91671185,0.0158412758,-0.5458355925,-4.793689962e-07,2.876213977e-06,4.793689962e-07,1.438106989e-06,-2.396844981e-06,-0.5458355925,-4.793689962e-07,2.876213977e-06,4.793689962e-07,1.438106989e-06,-2.396844981e-06,-0.5458355925,0,0,0,0,0,0
8.63,1,1,6.064017802e-05,3.595267472e-05,1.24635939e-05,0.0001416535384,3.163835375e-05,-0.006590604644,0,0,0,0,0,-0.003141592654,-0.009939723342,-0.002016085319,0.005380539109,0.003349118698,0.03962096024,0.2084446526,11.72381295,0,-0.07604671304,-0.2115862452,0.0485318282,0.4645087267,1.009734665,0.001687913448,-10.42223263,-0.4645087267,-0.001687913448,-10.83989744,-10.83989744,0.01588918086,-0.541994872,-9.587379924e-07,4.314320966e-06,-9.587379924e-07,4.793689962e-07,-2.876213977e-06,-0.541994872,-9.587379924e-07,4.314320966e-06,-9.587379924e-07,4.793689962e-07,-2.876213977e-06,-0.541994872,0,0,0,0,0,0
8.64,1,1,5.968144003e-05,3.619235921e-05,1.174454041e-05,0.0001406948004,3.163835375e-05,-0.006630152587,0,0,0,0,0,-0.003141592654,-0.009959615077,-0.001962252538,0.005385992541,0.00332946249,0.03939504517,0.2071568649,11.72595673,0,-0.07650237741,-0.2102984575,0.06330549876,0.461944595,1.009774213,0.001682202403,-10.35784324,-0.461944595,-0.001682202403,-10.75816454,-10.75816454,0.01593211499,-0.5379082271,9.587379924e-07,3.83495197e-06,4.793689962e-07,2.396844981e-06,-2.876213977e-06,-0.5379082271,9.587379924e-07,3.83495197e-06,4.793689962e-07,2.396844981e-06,-2.876213977e-06,-0.5379082271,0,0,0,0,0,0
8.65,1,1,6.087986252e-05,3.643204371e-05,1.150485591e-05,0.0001409344849,3.139866925e-05,-0.006663468732,0,0,0,0,0,-0.002094395102,-0.009978968214,-0.00190836596,0.005391298313,0.003315499482,0.03923572456,0.2072745647,11.72777295,0,-0.07688623086,-0.2093689598,0.06858087997,0.4601476691,1.00875896,0.001683990387,-10.36372823,-0.4601476691,-0.001683990387,-10.75697901,-10.75697901,0.01597198263,-0.5378489507,-1.438106989e-06,3.355582973e-06,9.587379924e-07,1.917475985e-06,-2.396844981e-06,-0.5378489507,-1.438106989e-06,3.355582973e-06,9.587379924e-07,1.917475985e-06,-2.396844981e-06,-0.5378489507,0,0,0,0,0,0
8.66,1,1,6.111954702e-05,3.643204371e-05,1.198422491e-05,0.0001406948004,3.187803825e-05,-0.006684560968,0,0,0,0,0,-0.001047197551,-0.009997782222,-0.001854427064,0.00539645628,0.003313221254,0.03921330521,0.2081279044,11.72892763,0,-0.0771292416,-0.209175102,0.0593900029,0.4599300188,1.007732033,0.001691761989,-10.40639522,-0.4599300188,-0.001691761989,-10.808627,-10.808627,0.01601260997,-0.54043135,-1.917475985e-06,3.355582973e-06,-0,2.396844981e-06,-3.355582973e-06,-0.54043135,-1.917475985e-06,3.355582973e-06,-0,2.396844981e-06,-3.355582973e-06,-0.54043135,0,0,0,0,0,0
8.67,1,1,5.992112453e-05,3.643204371e-05,1.198422491e-05,0.0001411741694,3.163835375e-05,-0.006696545193,0,0,0,0,0,-0.001047197551,-0.01001605659,-0.001800437328,0.005401466301,0.003319511393,0.03929127275,0.2084734888,11.72958537,0,-0.07726731437,-0.2095206864,0.04209791031,0.460870338,1.007744017,0.001699151087,-10.42367444,-0.460870338,-0.001699151087,-10.84414602,-10.84414602,0.01605552845,-0.542207301,4.793689962e-07,3.355582973e-06,-0,1.438106989e-06,-2.876213977e-06,-0.542207301,4.793689962e-07,3.355582973e-06,-0,1.438106989e-06,-2.876213977e-06,-0.542207301,0,0,0,0,0,0
8.68,1,1,6.016080902e-05,3.643204371e-05,1.102548691e-05,0.0001416535384,3.163835375e-05,-0.006701338883,0,0,0,0,0,0,-0.0100337908,-0.001746398232,0.005406328237,0.003332451921,0.03944714512,0.2102849945,11.72984881,0,-0.07732254316,-0.2102849945,0.02038021565,0.462709048,1.006701339,0.001715185662,-10.51424973,-0.462709048,-0.001715185662,-10.95829374,-10.95829374,0.01610114094,-0.5479146872,-0,3.355582973e-06,1.917475985e-06,4.793689962e-07,-2.876213977e-06,-0.5479146872,-0,3.355582973e-06,1.917475985e-06,4.793689962e-07,-2.876213977e-06,-0.5479146872,0,0,0,0,0,0
8.69,1,1,5.872270204e-05,3.643204371e-05,1.174454041e-05,0.0001406948004,3.187803825e-05,-0.00670277699,0,0,0.001047197551,0,0,0,-0.01005098439,-0.001692311257,0.005411041957,0.003348207401,0.03963593651,0.2112265145,11.72992787,0,-0.07733911176,-0.2112265145,-0.0005472586147,0.4649266765,1.006702777,0.001727939872,-10.56132573,-0.4649266765,-0.001727939872,-11.0285276,-11.0285276,0.01614872375,-0.5514263801,2.876213977e-06,3.355582973e-06,-0.0001042403861,2.396844981e-06,-3.355582973e-06,-0.5514263801,2.876213977e-06,3.355582973e-06,-0.0001042403861,2.396844981e-06,-3.355582973e-06,-0.5514263801,0,0,0,0,0,0
8.7,1,1,5.968144003e-05,3.73907817e-05,1.174454041e-05,0.0001421329074,3.163835375e-05,-0.006704454781,0,0,0,0,0,0,-0.01006763687,-0.001638177887,0.00541560733,0.003363182093,0.03981546758,0.2121187703,11.73002014,0,-0.07735844178,-0.2121187703,-0.01664585407,0.4670362368,1.006704455,0.001740568902,-10.60593851,-0.4670362368,-0.001740568902,-11.09136117,-11.09136117,0.01619845503,-0.5545680587,9.587379924e-07,1.438106989e-06,4.793689962e-07,-4.793689962e-07,-2.876213977e-06,-0.5545680587,9.587379924e-07,1.438106989e-06,4.793689962e-07,-4.793689962e-07,-2.876213977e-06,-0.5545680587,0,0,0,0,0,0
8.71,1,1,6.040049352e-05,3.667172821e-05,1.22239094e-05,0.0001414138539,3.139866925e-05,-0.006707091311,0,0,0,0,0,0,-0.0100837478,-0.001583999605,0.005420024231,0.003376656488,0.03997729598,0.2129164213,11.73016519,0,-0.07738881748,-0.2129164213,-0.02831145694,0.4689402855,1.006707091,0.00175264291,-10.64582106,-0.4689402855,-0.00175264291,-11.14482545,-11.14482545,0.01624978007,-0.5572412724,-4.793689962e-07,2.876213977e-06,-4.793689962e-07,9.587379924e-07,-2.396844981e-06,-0.5572412724,-4.793689962e-07,2.876213977e-06,-4.793689962e-07,9.587379924e-07,-2.396844981e-06,-0.5572412724,0,0,0,0,0,0
8.72,1,1,6.135923152e-05,3.73907817e-05,1.174454041e-05,0.0001421329074,3.163835375e-05,-0.006709488156,0,0,0,0,0,0,-0.01009931672,-0.001529777898,0.00542429254,0.003389828566,0.04013547171,0.2136949233,11.73029709,0,-0.0774164317,-0.2136949233,-0.03725202925,0.4708010071,1.006709488,0.001764797728,-10.68474617,-0.4708010071,-0.001764797728,-11.194564,-11.194564,0.01630292771,-0.5597282,-2.396844981e-06,1.438106989e-06,4.793689962e-07,-4.793689962e-07,-2.876213977e-06,-0.5597282,-2.396844981e-06,1.438106989e-06,4.793689962e-07,-4.793689962e-07,-2.876213977e-06,-0.5597282,0,0,0,0,0,0
8.73,1,1,6.064017802e-05,3.667172821e-05,1.198422491e-05,0.0001406948004,3.163835375e-05,-0.006719075535,0,0,0,0,0,0,-0.01011434322,-0.00147551425,0.005428412139,0.003395267681,0.04020282657,0.2139860953,11.73082521,0,-0.07752688816,-0.2139860953,-0.03581037019,0.4716123314,1.006719076,0.001772943891,-10.69930477,-0.4716123314,-0.001772943891,-11.20850041,-11.20850041,0.01635556651,-0.5604250206,-9.587379924e-07,2.876213977e-06,-0,2.396844981e-06,-2.876213977e-06,-0.5604250206,-9.587379924e-07,2.876213977e-06,-0,2.396844981e-06,-2.876213977e-06,-0.5604250206,0,0,0,0,0,0
8.74,1,1,6.064017802e-05,3.715109721e-05,1.22239094e-05,0.0001409344849,3.187803825e-05,-0.006730101022,0,0,0,0,0,-0.001047197551,-0.01012882687,-0.001421210151,0.005432382915,0.00339872585,0.04024682735,0.2131050956,11.7314335,0,-0.0776539122,-0.2141522932,-0.03217286203,0.4721529786,1.007777573,0.001775023783,-10.65525478,-0.4721529786,-0.001775023783,-11.16135564,-11.16135564,0.01640760212,-0.5580677822,-9.587379924e-07,1.917475985e-06,-4.793689962e-07,1.917475985e-06,-3.355582973e-06,-0.5580677822,-9.587379924e-07,1.917475985e-06,-4.793689962e-07,1.917475985e-06,-3.355582973e-06,-0.5580677822,0,0,0,0,0,0
8.75,1,1,6.087986252e-05,3.643204371e-05,1.174454041e-05,0.0001416535384,3.163835375e-05,-0.006746639253,0,0,0,0,0,-0.001047197551,-0.01014276729,-0.001366867088,0.00543620476,0.003396128037,0.04021966007,0.2128895388,11.73234787,0,-0.0778444465,-0.2139367364,-0.02233243086,0.471871043,1.007794111,0.00177863152,-10.64447694,-0.471871043,-0.00177863152,-11.14045905,-11.14045905,0.0164568843,-0.5570229523,-1.438106989e-06,3.355582973e-06,4.793689962e-07,4.793689962e-07,-2.876213977e-06,-0.5570229523,-1.438106989e-06,3.355582973e-06,4.793689962e-07,4.793689962e-07,-2.876213977e-06,-0.5570229523,0,0,0,0,0,0
8.76,1,1,6.111954702e-05,3.643204371e-05,1.174454041e-05,0.0001404551159,3.163835375e-05,-0.006757904424,0,0,0,0,0,-0.001047197551,-0.01015616409,-0.001312486553,0.005439877568,0.003398259665,0.04024785586,0.2129718003,11.73297202,0,-0.07797422952,-0.2140189979,-0.0196869579,0.4722269666,1.007805376,0.001784818004,-10.64859002,-0.4722269666,-0.001784818004,-11.14228876,-11.14228876,0.0165072989,-0.5571144379,-1.917475985e-06,3.355582973e-06,4.793689962e-07,2.876213977e-06,-2.876213977e-06,-0.5571144379,-1.917475985e-06,3.355582973e-06,4.793689962e-07,2.876213977e-06,-2.876213977e-06,-0.5571144379,0,0,0,0,0,0
8.77,1,1,6.087986252e-05,3.715109721e-05,1.22239094e-05,0.0001411741694,3.211772275e-05,-0.006770368018,0,0,0,0,0,-0.001047197551,-0.0101690169,-0.001258070034,0.00544340124,0.003398648883,0.04025548531,0.2129440953,11.73366382,0,-0.0781178181,-0.2139912928,-0.01554698604,0.4723443315,1.00781784,0.001790029316,-10.64720476,-0.4723443315,-0.001790029316,-11.13688611,-11.13688611,0.01655712866,-0.5568443055,-1.438106989e-06,1.917475985e-06,-4.793689962e-07,1.438106989e-06,-3.83495197e-06,-0.5568443055,-1.438106989e-06,1.917475985e-06,-4.793689962e-07,1.438106989e-06,-3.83495197e-06,-0.5568443055,0,0,0,0,0,0
8.78,1,1,6.159891601e-05,3.691141271e-05,1.22239094e-05,0.0001416535384,3.163835375e-05,-0.006775880761,0,0,0,0,0,0,-0.01018132537,-0.001203619025,0.005446775677,0.003405444613,0.04033816511,0.2143671199,11.73397023,0,-0.07818132804,-0.2143671199,-0.01959695539,0.4733268284,1.006775881,0.001803644515,-10.718356,-0.4733268284,-0.001803644515,-11.21308342,-11.21308342,0.01660692609,-0.5606541712,-2.876213977e-06,2.396844981e-06,-4.793689962e-07,4.793689962e-07,-2.876213977e-06,-0.5606541712,-2.876213977e-06,2.396844981e-06,-4.793689962e-07,4.793689962e-07,-2.876213977e-06,-0.5606541712,0,0,0,0,0,0
8.79,1,1,6.087986252e-05,3.715109721e-05,1.174454041e-05,0.0001411741694,3.211772275e-05,-0.006781393505,0,0,0,0,0,0,-0.01019308917,-0.001149135018,0.005450000789,0.003411695667,0.04041433404,0.2147084737,11.73427689,0,-0.07824483775,-0.2147084737,-0.02234486265,0.4742329861,1.006781394,0.001812004719,-10.73542368,-0.4742329861,-0.001812004719,-11.23381354,-11.23381354,0.01665720077,-0.5616906769,-1.438106989e-06,1.917475985e-06,4.793689962e-07,1.438106989e-06,-3.83495197e-06,-0.5616906769,-1.438106989e-06,1.917475985e-06,4.793689962e-07,1.438106989e-06,-3.83495197e-06,-0.5616906769,0,0,0,0,0,0
8.8,1,1,6.040049352e-05,3.78701507e-05,1.150485591e-05,0.0001409344849,3.187803825e-05,-0.006786426879,0,0,0,0,0,0,-0.01020430797,-0.001094619507,0.005453076486,0.00341788109,0.04048961182,0.21504554,11.73455712,0,-0.07830282467,-0.21504554,-0.02445097299,0.4751276624,1.006786427,0.001820343606,-10.752277,-0.4751276624,-0.001820343606,-11.25367598,-11.25367598,0.0167074663,-0.562683799,-4.793689962e-07,4.793689962e-07,9.587379924e-07,1.917475985e-06,-3.355582973e-06,-0.562683799,-4.793689962e-07,4.793689962e-07,9.587379924e-07,1.917475985e-06,-3.355582973e-06,-0.562683799,0,0,0,0,0,0
8.81,1,1,5.968144003e-05,3.73907817e-05,1.22239094e-05,0.0001406948004,3.187803825e-05,-0.006794096783,0,0,0,0,0,0,-0.01021498146,-0.001040073987,0.005456002685,0.003420884678,0.04052742885,0.2151819269,11.73498453,0,-0.07839118531,-0.2151819269,-0.02250706487,0.4755887507,1.006794097,0.001826994202,-10.75909635,-0.4755887507,-0.001826994202,-11.25901916,-11.25901916,0.0167575628,-0.5629509579,9.587379924e-07,1.438106989e-06,-4.793689962e-07,2.396844981e-06,-3.355582973e-06,-0.5629509579,9.587379924e-07,1.438106989e-06,-4.793689962e-07,2.396844981e-06,-3.355582973e-06,-0.5629509579,0,0,0,0,0,0
8.82,1,1,6.040049352e-05,3.78701507e-05,1.126517141e-05,0.0001406948004,3.163835375e-05,-0.00679817142,0,0,0,0,0,0,-0.01022510935,-0.0009854999524,0.005458779304,0.003426937935,0.0406009093,0.2155103535,11.7352118,0,-0.07843812671,-0.2155103535,-0.02447162991,0.47646027,1.006798171,0.001835310492,-10.77551768,-0.47646027,-0.001835310492,-11.27828489,-11.27828489,0.01680805331,-0.5639142443,-4.793689962e-07,4.793689962e-07,1.438106989e-06,2.396844981e-06,-2.876213977e-06,-0.5639142443,-4.793689962e-07,4.793689962e-07,1.438106989e-06,2.396844981e-06,-2.876213977e-06,-0.5639142443,0,0,0,0,0,0
8.83,1,1,6.087986252e-05,3.78701507e-05,1.22239094e-05,0.0001404551159,3.187803825e-05,-0.006799849211,0,0,0,0,0,0,-0.01023469137,-0.0009308988998,0.005461406268,0.003434842159,0.04069598709,0.2159552893,11.73530542,0,-0.07845745548,-0.2159552893,-0.02818436349,0.477579838,1.006799849,0.001844669916,-10.79776446,-0.477579838,-0.001844669916,-11.30537333,-11.30537333,0.01685894492,-0.5652686667,-1.438106989e-06,4.793689962e-07,-4.793689962e-07,2.876213977e-06,-3.355582973e-06,-0.5652686667,-1.438106989e-06,4.793689962e-07,-4.793689962e-07,2.876213977e-06,-3.355582973e-06,-0.5652686667,0,0,0,0,0,0
8.84,1,1,6.016080902e-05,3.78701507e-05,1.174454041e-05,0.0001404551159,3.139866925e-05,-0.00680512227,0,0,0,0,0,-0.001047197551,-0.01024372725,-0.0008762723261,0.005463883505,0.003438604977,0.04074233837,0.2150918554,11.73559982,0,-0.07851820292,-0.216139053,-0.02627620314,0.4781357788,1.007852594,0.001846725077,-10.75459277,-0.4781357788,-0.001846725077,-11.26085148,-11.26085148,0.01690978015,-0.5630425739,-0,4.793689962e-07,4.793689962e-07,2.876213977e-06,-2.396844981e-06,-0.5630425739,-0,4.793689962e-07,4.793689962e-07,2.876213977e-06,-2.396844981e-06,-0.5630425739,0,0,0,0,0,0
8.85,1,1,6.040049352e-05,3.78701507e-05,1.150485591e-05,0.0001404551159,3.187803825e-05,-0.006809196907,0,0,0,0,0,0,-0.01025221674,-0.000821621729,0.005466210947,0.00344301983,0.04079621428,0.2163637553,11.73582747,0,-0.07856514397,-0.2163637553,-0.02572751564,0.4787773321,1.006809197,0.00185929764,-10.81818777,-0.4787773321,-0.00185929764,-11.32455191,-11.32455191,0.01696015883,-0.5662275955,-4.793689962e-07,4.793689962e-07,9.587379924e-07,2.876213977e-06,-3.355582973e-06,-0.5662275955,-4.793689962e-07,4.793689962e-07,9.587379924e-07,2.876213977e-06,-3.355582973e-06,-0.5662275955,0,0,0,0,0,0
8.86,1,1,6.016080902e-05,3.73907817e-05,1.126517141e-05,0.0001411741694,3.163835375e-05,-0.006811354067,0,0,0,0,0,0,-0.01026015961,-0.0007669486067,0.00546838853,0.00344880554,0.04086605047,0.2166747089,11.73594804,0,-0.07858999506,-0.2166747089,-0.02679036674,0.4796018451,1.006811354,0.001867543805,-10.83373544,-0.4796018451,-0.001867543805,-11.3419952,-11.3419952,0.01701085426,-0.5670997599,-0,1.438106989e-06,1.438106989e-06,1.438106989e-06,-2.876213977e-06,-0.5670997599,-0,1.438106989e-06,1.438106989e-06,1.438106989e-06,-2.876213977e-06,-0.5670997599,0,0,0,0,0,0
8.87,1,1,6.040049352e-05,3.715109721e-05,1.174454041e-05,0.0001414138539,3.211772275e-05,-0.00681470965,0,0,0,0,0,0,-0.01026755564,-0.0007122544581,0.005470416194,0.003452845989,0.04091527557,0.2168755006,11.73613569,0,-0.07862865224,-0.2168755006,-0.02563755488,0.4801872257,1.00681471,0.001874853478,-10.84377503,-0.4801872257,-0.001874853478,-11.35147466,-11.35147466,0.01706147117,-0.5675737331,-4.793689962e-07,1.917475985e-06,4.793689962e-07,9.587379924e-07,-3.83495197e-06,-0.5675737331,-4.793689962e-07,1.917475985e-06,4.793689962e-07,9.587379924e-07,-3.83495197e-06,-0.5675737331,0,0,0,0,0,0
8.88,1,1,6.064017802e-05,3.73907817e-05,1.102548691e-05,0.0001421329074,3.187803825e-05,-0.006822858923,0,0,0,0,0,-0.001047197551,-0.01027440463,-0.0006575407827,0.005472293884,0.003451545708,0.0409016896,0.2156922874,11.73659178,0,-0.0787225336,-0.2167394849,-0.01813446941,0.4800464341,1.007870331,0.001873924248,-10.78461437,-0.4800464341,-0.001873924248,-11.2846692,-11.2846692,0.01711024491,-0.5642334598,-9.587379924e-07,1.438106989e-06,1.917475985e-06,-4.793689962e-07,-3.355582973e-06,-0.5642334598,-9.587379924e-07,1.438106989e-06,1.917475985e-06,-4.793689962e-07,-3.355582973e-06,-0.5642334598,0,0,0,0,0,0
8.89,1,1,6.064017802e-05,3.76304662e-05,1.29429629e-05,0.0001423725919,3.187803825e-05,-0.006825974822,0,0,0,0,0,0,-0.01028070639,-0.0006028090805,0.005474021548,0.003454731573,0.04094062346,0.2168860881,11.73676632,0,-0.07875842927,-0.2168860881,-0.0175937634,0.4805105307,1.006825975,0.001885748176,-10.8443044,-0.4805105307,-0.001885748176,-11.34429445,-11.34429445,0.01715919205,-0.5672147223,-9.587379924e-07,9.587379924e-07,-1.917475985e-06,-9.587379924e-07,-3.355582973e-06,-0.5672147223,-9.587379924e-07,9.587379924e-07,-1.917475985e-06,-9.587379924e-07,-3.355582973e-06,-0.5672147223,0,0,0,0,0,0
8.9,1,1,6.016080902e-05,3.76304662e-05,1.078580241e-05,0.0001421329074,3.163835375e-05,-0.006828611351,0,0,0,0,0,0,-0.01028646076,-0.000548060852,0.00547559914,0.003457849407,0.04097862744,0.217028246,11.73691407,0,-0.07878880248,-0.217028246,-0.01696747608,0.4809626291,1.006828611,0.001892348498,-10.8514123,-0.4809626291,-0.001892348498,-11.35123476,-11.35123476,0.01720782759,-0.5675617378,-0,9.587379924e-07,2.396844981e-06,-4.793689962e-07,-2.876213977e-06,-0.5675617378,-0,9.587379924e-07,2.396844981e-06,-4.793689962e-07,-2.876213977e-06,-0.5675617378,0,0,0,0,0,0
8.91,1,1,5.968144003e-05,3.73907817e-05,1.198422491e-05,0.0001411741694,3.211772275e-05,-0.006831487565,0,0,0,0,0,0,-0.01029166756,-0.0004932975981,0.005477026615,0.003460179997,0.04100725946,0.2171206223,11.73707532,0,-0.07882193682,-0.2171206223,-0.01547941732,0.4813052931,1.006831488,0.001898446064,-10.85603111,-0.4813052931,-0.001898446064,-11.35471427,-11.35471427,0.01725576239,-0.5677357135,9.587379924e-07,1.438106989e-06,-0,1.438106989e-06,-3.83495197e-06,-0.5677357135,9.587379924e-07,1.438106989e-06,-0,1.438106989e-06,-3.83495197e-06,-0.5677357135,0,0,0,0,0,0
8.92,1,1,5.992112453e-05,3.78701507e-05,1.126517141e-05,0.0001409344849,3.211772275e-05,-0.006833644726,0,0,0,0,0,0,-0.01029632666,-0.0004385208202,0.005478303934,0.003462681939,0.0410377699,0.2172236439,11.73719631,0,-0.07884678753,-0.2172236439,-0.01453377732,0.4816683614,1.006833645,0.001904601774,-10.86118219,-0.4816683614,-0.001904601774,-11.35928893,-11.35928893,0.01730336486,-0.5679644467,4.793689962e-07,4.793689962e-07,1.438106989e-06,1.917475985e-06,-3.83495197e-06,-0.5679644467,4.793689962e-07,4.793689962e-07,1.438106989e-06,1.917475985e-06,-3.83495197e-06,-0.5679644467,0,0,0,0,0,0
8.93,1,1,6.064017802e-05,3.76304662e-05,1.174454041e-05,0.0001409344849,3.163835375e-05,-0.006837719362,0,0,-0.001047197551,0,0,-0.001047197551,-0.01030043794,-0.0003837320201,0.005479431063,0.003462718576,0.04103921095,0.2161239033,11.73742494,0,-0.07889372767,-0.2171711008,-0.01096908261,0.4816946581,1.007885191,0.001904063963,-10.80619516,-0.4816946581,-0.001904063963,-11.30076297,-11.30076297,0.01734985594,-0.5650381484,-9.587379924e-07,9.587379924e-07,0.0001051991241,1.917475985e-06,-2.876213977e-06,-0.5650381484,-9.587379924e-07,9.587379924e-07,0.0001051991241,1.917475985e-06,-2.876213977e-06,-0.5650381484,0,0,0,0,0,0
8.94,1,1,6.087986252e-05,3.78701507e-05,1.24635939e-05,0.0001411741694,3.235740724e-05,-0.0068386781,0,0,0,0,0,0,-0.01030400127,-0.0003289326997,0.005480407971,0.00346532317,0.04107065921,0.217280283,11.73747875,0,-0.07890477239,-0.217280283,-0.01101059194,0.4820659899,1.006838678,0.001915326554,-10.86401415,-0.4820659899,-0.001915326554,-11.35900606,-11.35900606,0.01739591678,-0.5679503028,-1.438106989e-06,4.793689962e-07,-9.587379924e-07,1.438106989e-06,-4.314320966e-06,-0.5679503028,-1.438106989e-06,4.793689962e-07,-9.587379924e-07,1.438106989e-06,-4.314320966e-06,-0.5679503028,0,0,0,0,0,0
8.95,1,1,6.111954702e-05,3.78701507e-05,1.174454041e-05,0.0001411741694,3.067961576e-05,-0.006842033683,0,0,0,0,-0.001047197551,0,-0.01030701656,-0.0002741243615,0.00548123463,0.003464982879,0.04106740759,0.2172036684,11.73766717,0,-0.07894342885,-0.2172036684,-0.007616397922,0.4820355619,1.006842034,0.001919661476,-10.86018342,-0.4820355619,-0.001919661476,-11.35175504,-11.35175504,0.01744120358,-0.5675877522,-1.917475985e-06,4.793689962e-07,4.793689962e-07,1.438106989e-06,0.0001037610171,-0.5675877522,-1.917475985e-06,4.793689962e-07,4.793689962e-07,1.438106989e-06,0.0001037610171,-0.5675877522,0,0,0,0,0,0
8.96,1,1,5.920207103e-05,3.78701507e-05,1.126517141e-05,0.0001414138539,3.211772275e-05,-0.006843711474,0,0,0,0,0,0,-0.01030948373,-0.000219308508,0.005481911019,0.003465772258,0.04107728091,0.2171981146,11.73776142,0,-0.07896275705,-0.2171981146,-0.006123555283,0.482155323,1.006843711,0.001924483433,-10.85990573,-0.482155323,-0.001924483433,-11.35010909,-11.35010909,0.01748530998,-0.5675054547,1.917475985e-06,4.793689962e-07,1.438106989e-06,9.587379924e-07,-3.83495197e-06,-0.5675054547,1.917475985e-06,4.793689962e-07,1.438106989e-06,9.587379924e-07,-3.83495197e-06,-0.5675054547,0,0,0,0,0,0
8.97,1,1,5.944175553e-05,3.715109721e-05,1.126517141e-05,0.0001409344849,3.139866925e-05,-0.006847306742,0,0,0,0,0,0,-0.01031140271,-0.0001644866421,0.005482437118,0.00346409597,0.04105807772,0.2170369754,11.73796345,0,-0.07900417454,-0.2170369754,-0.002044970092,0.4819382156,1.006847307,0.001927847206,-10.85184877,-0.4819382156,-0.001927847206,-11.3377598,-11.3377598,0.01752860971,-0.5668879901,1.438106989e-06,1.917475985e-06,1.438106989e-06,1.917475985e-06,-2.396844981e-06,-0.5668879901,1.438106989e-06,1.917475985e-06,1.438106989e-06,1.917475985e-06,-2.396844981e-06,-0.5668879901,0,0,0,0,0,0
8.98,1,1,6.016080902e-05,3.76304662e-05,1.198422491e-05,0.0001406948004,3.211772275e-05,-0.006850902009,0,0,0,0,0,0,-0.01031277345,-0.0001096602667,0.005482812914,0.00346187144,0.04103230372,0.2168411266,11.73816559,0,-0.07904559193,-0.2168411266,0.001887906866,0.4816439757,1.006850902,0.001930713676,-10.84205633,-0.4816439757,-0.001930713676,-11.32374311,-11.32374311,0.01757025256,-0.5661871555,-0,9.587379924e-07,-0,2.396844981e-06,-3.83495197e-06,-0.5661871555,-0,9.587379924e-07,-0,2.396844981e-06,-3.83495197e-06,-0.5661871555,0,0,0,0,0,0
8.99,1,1,6.064017802e-05,3.73907817e-05,1.174454041e-05,0.0001406948004,3.187803825e-05,-0.006855456015,0,0,0,0,0,0,-0.01031359591,-5.483088486e-05,0.005483038395,0.003458139893,0.04098870422,0.2165501316,11.7384218,0,-0.07909805381,-0.2165501316,0.006969060748,0.4811426989,1.006855456,0.00193257123,-10.82750658,-0.4811426989,-0.00193257123,-11.30361279,-11.30361279,0.01761045321,-0.5651806394,-9.587379924e-07,1.438106989e-06,4.793689962e-07,2.396844981e-06,-3.355582973e-06,-0.5651806394,-9.587379924e-07,1.438106989e-06,4.793689962e-07,2.396844981e-06,-3.355582973e-06,-0.5651806394,0,0,0,0,0,0
9,1,1,6.040049352e-05,3.715109721e-05,1.150485591e-05,0.0001406948004,3.187803825e-05,-0.006860249705,0,0,0,0,0,0,-0.01031387006,1.628024768e-13,0.005483113556,0.003453620358,0.04093571884,0.216209322,11.73869167,0,-0.07915327666,-0.216209322,0.01206374925,0.4805317819,1.00686025,0.001933754716,-10.8104661,-0.4805317819,-0.001933754716,-11.28086789,-11.28086789,0.01764865635,-0.5640433943,-4.793689962e-07,1.917475985e-06,9.587379924e-07,2.396844981e-06,-3.355582973e-06,-0.5640433943,-4.793689962e-07,1.917475985e-06,9.587379924e-07,2.396844981e-06,-3.355582973e-06,-0.5640433943,0,0,0,0,0,0
9.01,1,1,6.016080902e-05,3.667172821e-05,1.150485591e-05,0.0001411741694,3.187803825e-05,-0.006863365603,0,0,0,0,0,0,-0.01031359591,5.483088519e-05,0.005483038395,0.003450230304,0.04089585637,0.2159395731,11.7388672,0,-0.07918917142,-0.2159395731,0.01469954522,0.4800710268,1.006863366,0.001935407834,-10.79697866,-0.4800710268,-0.001935407834,-11.26428554,-11.26428554,0.01768553658,-0.5632142772,-0,2.876213977e-06,9.587379924e-07,1.438106989e-06,-3.355582973e-06,-0.5632142772,-0,2.876213977e-06,9.587379924e-07,1.438106989e-06,-3.355582973e-06,-0.5632142772,0,0,0,0,0,0
9.02,1,1,5.968144003e-05,3.78701507e-05,1.174454041e-05,0.0001411741694,3.163835375e-05,-0.006865043395,0,0,0,0,0,0,-0.01031277345,0.000109660267,0.005482812914,0.003447730055,0.04086630417,0.2157257765,11.73896175,0,-0.07920849934,-0.2157257765,0.01586879516,0.4797279813,1.006865043,0.001937392403,-10.78628883,-0.4797279813,-0.001937392403,-11.2520854,-11.2520854,0.01772101617,-0.5626042702,9.587379924e-07,4.793689962e-07,4.793689962e-07,1.438106989e-06,-2.876213977e-06,-0.5626042702,9.587379924e-07,4.793689962e-07,4.793689962e-07,1.438106989e-06,-2.876213977e-06,-0.5626042702,0,0,0,0,0,0
9.03,1,1,5.992112453e-05,3.76304662e-05,1.174454041e-05,0.0001411741694,3.235740724e-05,-0.00686744024,0,0,0,0,0,0,-0.01031140271,0.0001644866424,0.005482437118,0.003443962472,0.04082174005,0.2154319577,11.73909685,0,-0.07923611061,-0.2154319577,0.01837515672,0.4792103602,1.00686744,0.00193850214,-10.77159789,-0.4792103602,-0.00193850214,-11.23437159,-11.23437159,0.01775510049,-0.5617185796,4.793689962e-07,9.587379924e-07,4.793689962e-07,1.438106989e-06,-4.314320966e-06,-0.5617185796,4.793689962e-07,9.587379924e-07,4.793689962e-07,1.438106989e-06,-4.314320966e-06,-0.5617185796,0,0,0,0,0,0
9.04,1,1,6.064017802e-05,3.78701507e-05,1.150485591e-05,0.0001409344849,3.139866925e-05,-0.006870076769,0,0,0,0,0,0,-0.01030948373,0.0002193085083,0.005481911019,0.003439406963,0.04076779181,0.2150883421,11.73924553,0,-0.07926648295,-0.2150883421,0.02146504294,0.4785831178,1.006870077,0.001938958314,-10.7544171,-0.4785831178,-0.001938958314,-11.21347414,-11.21347414,0.01778738016,-0.5606737068,-9.587379924e-07,4.793689962e-07,9.587379924e-07,1.917475985e-06,-2.396844981e-06,-0.5606737068,-9.587379924e-07,4.793689962e-07,9.587379924e-07,1.917475985e-06,-2.396844981e-06,-0.5606737068,0,0,0,0,0,0
9.05,1,1,5.992112453e-05,3.76304662e-05,1.22239094e-05,0.0001406948004,3.211772275e-05,-0.006874151406,0,0,0,0,0,0,-0.01030701656,0.0002741243618,0.00548123463,0.003432865156,0.04069039142,0.2146193999,11.73947542,0,-0.07931342192,-0.2146193999,0.02628247168,0.4776838499,1.006874151,0.001938072957,-10.73096999,-0.4776838499,-0.001938072957,-11.18430945,-11.18430945,0.01781774814,-0.5592154723,4.793689962e-07,9.587379924e-07,-4.793689962e-07,2.396844981e-06,-3.83495197e-06,-0.5592154723,4.793689962e-07,9.587379924e-07,-4.793689962e-07,2.396844981e-06,-3.83495197e-06,-0.5592154723,0,0,0,0,0,0
9.06,1,1,6.231796951e-05,3.715109721e-05,1.22239094e-05,0.0001411741694,3.163835375e-05,-0.006876548251,0,0,0,0,0,0,-0.01030400127,0.0003289327,0.005480407971,0.003427453019,0.04062611877,0.2142215437,11.73961071,0,-0.07934103301,-0.2142215437,0.02869525941,0.4769348192,1.006876548,0.001937605125,-10.71107718,-0.4769348192,-0.001937605125,-11.16125435,-11.16125435,0.01784625963,-0.5580627174,-4.314320966e-06,1.917475985e-06,-4.793689962e-07,1.438106989e-06,-2.876213977e-06,-0.5580627174,-4.314320966e-06,1.917475985e-06,-4.793689962e-07,1.438106989e-06,-2.876213977e-06,-0.5580627174,0,0,0,0,0,0
9.07,1,1,6.135923152e-05,3.76304662e-05,1.198422491e-05,0.0001409344849,3.187803825e-05,-0.006878945096,0,0,0,-0.001047197551,0,0,-0.01030043794,0.0003837320204,0.005479431063,0.003421492842,0.04055527919,0.2137890276,11.73974606,0,-0.07936864406,-0.2137890276,0.03134144507,0.4761086789,1.006878945,0.001936615278,-10.68945138,-0.4761086789,-0.001936615278,-11.13615523,-11.13615523,0.0178729507,-0.5568077615,-2.396844981e-06,9.587379924e-07,-0,0.0001066372311,-3.355582973e-06,-0.5568077615,-2.396844981e-06,9.587379924e-07,-0,0.0001066372311,-3.355582973e-06,-0.5568077615,0,0,0,0,0,0
9.08,1,1,6.111954702e-05,3.78701507e-05,1.174454041e-05,0.0001411741694,3.163835375e-05,-0.006880862572,0,0,0,0,0,0,-0.01029632666,0.0004385208206,0.005478303934,0.003415464093,0.04048350208,0.2133520769,11.73985436,0,-0.07939073287,-0.2133520769,0.03369533991,0.4752704185,1.006880863,0.001935378754,-10.66760385,-0.4752704185,-0.001935378754,-11.1111143,-11.1111143,0.01789786101,-0.5555557152,-1.917475985e-06,4.793689962e-07,4.793689962e-07,1.438106989e-06,-2.876213977e-06,-0.5555557152,-1.917475985e-06,4.793689962e-07,4.793689962e-07,1.438106989e-06,-2.876213977e-06,-0.5555557152,0,0,0,0,0,0
9.09,1,1,6.111954702e-05,3.715109721e-05,1.22239094e-05,0.0001414138539,3.163835375e-05,-0.006881581625,0,0,0,0,0,0,-0.01029166756,0.0004932975985,0.005477026615,0.003410085937,0.04041923115,0.2129560207,11.73989499,0,-0.07939901617,-0.2129560207,0.03486671931,0.4745175293,1.006881582,0.001934304014,-10.64780103,-0.4745175293,-0.001934304014,-11.08938615,-11.08938615,0.01792099113,-0.5544693073,-1.917475985e-06,1.917475985e-06,-4.793689962e-07,9.587379924e-07,-2.876213977e-06,-0.5544693073,-1.917475985e-06,1.917475985e-06,-4.793689962e-07,9.587379924e-07,-2.876213977e-06,-0.5544693073,0,0,0,0,0,0
9.1,1,1,6.183860051e-05,3.76304662e-05,1.150485591e-05,0.0001418932229,3.163835375e-05,-0.006883019732,0,0,0,0,0,0,-0.01028646076,0.0005480608523,0.00547559914,0.003403441025,0.04033995773,0.2124800214,11.73997625,0,-0.07941558275,-0.2124800214,0.03731351837,0.4735901457,1.00688302,0.00193230369,-10.62400107,-0.4735901457,-0.00193230369,-11.06221,-11.06221,0.01794231716,-0.5531105,-3.355582973e-06,9.587379924e-07,9.587379924e-07,-0,-2.876213977e-06,-0.5531105,-3.355582973e-06,9.587379924e-07,9.587379924e-07,-0,-2.876213977e-06,-0.5531105,0,0,0,0,0,0
9.11,1,1,6.087986252e-05,3.691141271e-05,1.198422491e-05,0.0001409344849,3.163835375e-05,-0.006886854684,0,0,0,0,0,0,-0.01028070639,0.0006028090809,0.005474021548,0.003393851711,0.04022598657,0.2118183645,11.74019303,0,-0.07945976021,-0.2118183645,0.04282269483,0.4722608472,1.006886855,0.001928388385,-10.59091823,-0.4722608472,-0.001928388385,-11.02228477,-11.02228477,0.01796150739,-0.5511142383,-1.438106989e-06,2.396844981e-06,-0,1.917475985e-06,-2.876213977e-06,-0.5511142383,-1.438106989e-06,2.396844981e-06,-0,1.917475985e-06,-2.876213977e-06,-0.5511142383,0,0,0,0,0,0
9.12,1,1,6.087986252e-05,3.715109721e-05,1.174454041e-05,0.0001411741694,3.211772275e-05,-0.006890689636,0,0,0,0,0,0,-0.01027440463,0.0006575407831,0.005472293884,0.003383714995,0.04010545891,0.2111221297,11.74040994,0,-0.07950393756,-0.2111221297,0.04772734531,0.4708545284,1.00689069,0.001923855187,-10.55610648,-0.4708545284,-0.001923855187,-10.98115752,-10.98115752,0.01797798553,-0.5490578761,-1.438106989e-06,1.917475985e-06,4.793689962e-07,1.438106989e-06,-3.83495197e-06,-0.5490578761,-1.438106989e-06,1.917475985e-06,4.793689962e-07,1.438106989e-06,-3.83495197e-06,-0.5490578761,0,0,0,0,0,0
9.13,1,1,6.087986252e-05,3.715109721e-05,1.174454041e-05,0.0001411741694,3.163835375e-05,-0.006894764273,0,0,0,0,0,0,-0.01026755564,0.0007122544585,0.005470416194,0.003372791367,0.03997556367,0.2103762331,11.74064054,0,-0.07955087586,-0.2103762331,0.05270879439,0.4693387233,1.006894764,0.001918588733,-10.51881166,-0.4693387233,-0.001918588733,-10.93736017,-10.93736017,0.01799192765,-0.5468680087,-1.438106989e-06,1.917475985e-06,4.793689962e-07,1.438106989e-06,-2.876213977e-06,-0.5468680087,-1.438106989e-06,1.917475985e-06,4.793689962e-07,1.438106989e-06,-2.876213977e-06,-0.5468680087,0,0,0,0,0,0
9.14,1,1,6.040049352e-05,3.73907817e-05,1.198422491e-05,0.0001409344849,3.163835375e-05,-0.006896442064,0,0,0,0,0,0,-0.01026015961,0.000766948607,0.00546838853,0.003363717543,0.03986725888,0.2097468295,11.74073553,0,-0.07957020336,-0.2097468295,0.05452717277,0.4680709429,1.006896442,0.001914093623,-10.48734148,-0.4680709429,-0.001914093623,-10.90279934,-10.90279934,0.01800335445,-0.545139967,-4.793689962e-07,1.438106989e-06,-0,1.917475985e-06,-2.876213977e-06,-0.545139967,-4.793689962e-07,1.438106989e-06,-0,1.917475985e-06,-2.876213977e-06,-0.545139967,0,0,0,0,0,0
9.15,1,1,6.040049352e-05,3.73907817e-05,1.22239094e-05,0.0001409344849,3.163835375e-05,-0.006897640487,0,0,0,0,0,0,-0.01025221674,0.0008216217293,0.005466210947,0.003354576251,0.0397580361,0.2091131022,11.7408034,0,-0.0795840087,-0.2091131022,0.05611986819,0.4667912853,1.00689764,0.001909318555,-10.45565511,-0.4667912853,-0.001909318555,-10.86823584,-10.86823584,0.01801260337,-0.5434117922,-4.793689962e-07,1.438106989e-06,-4.793689962e-07,1.917475985e-06,-2.876213977e-06,-0.5434117922,-4.793689962e-07,1.438106989e-06,-4.793689962e-07,1.917475985e-06,-2.876213977e-06,-0.5434117922,0,0,0,0,0,0
9.16,1,1,6.064017802e-05,3.73907817e-05,1.22239094e-05,0.0001414138539,3.139866925e-05,-0.006897880171,0,0,0,0,0,0,-0.01024372725,0.0008762723264,0.005463883505,0.003345847076,0.03965352732,0.2085052724,11.74081697,0,-0.07958676977,-0.2085052724,0.05700380774,0.4655648066,1.00689788,0.001904550115,-10.42526362,-0.4655648066,-0.001904550115,-10.83572917,-10.83572917,0.01801978126,-0.5417864584,-9.587379924e-07,1.438106989e-06,-4.793689962e-07,9.587379924e-07,-2.396844981e-06,-0.5417864584,-9.587379924e-07,1.438106989e-06,-4.793689962e-07,9.587379924e-07,-2.396844981e-06,-0.5417864584,0,0,0,0,0,0
9.17,1,1,5.968144003e-05,3.76304662e-05,1.150485591e-05,0.0001416535384,3.187803825e-05,-0.00689835954,0,0,0,0,0,0,-0.01023469137,0.0009308989001,0.005461406268,0.003336331831,0.03953966612,0.2078478511,11.74084412,0,-0.0795922919,-0.2078478511,0.05864342029,0.4642290566,1.00689836,0.001899103332,-10.39239256,-0.4642290566,-0.001899103332,-10.7998773,-10.7998773,0.01802484535,-0.5399938648,9.587379924e-07,9.587379924e-07,9.587379924e-07,4.793689962e-07,-3.355582973e-06,-0.5399938648,9.587379924e-07,9.587379924e-07,9.587379924e-07,4.793689962e-07,-3.355582973e-06,-0.5399938648,0,0,0,0,0,0
9.18,1,1,6.040049352e-05,3.691141271e-05,1.174454041e-05,0.0001423725919,3.139866925e-05,-0.00689835954,0,0,0,0,0,0,-0.01022510935,0.0009854999527,0.005458779304,0.003326749815,0.03942489902,0.2071861653,11.74084412,0,-0.0795922919,-0.2071861653,0.05992980355,0.462881594,1.00689836,0.001893373312,-10.35930826,-0.462881594,-0.001893373312,-10.76415343,-10.76415343,0.01802763791,-0.5382076714,-4.793689962e-07,2.396844981e-06,4.793689962e-07,-9.587379924e-07,-2.396844981e-06,-0.5382076714,-4.793689962e-07,2.396844981e-06,4.793689962e-07,-9.587379924e-07,-2.396844981e-06,-0.5382076714,0,0,0,0,0,0
9.19,1,1,6.111954702e-05,3.73907817e-05,1.198422491e-05,0.0001409344849,3.211772275e-05,-0.006899797647,0,0,0,0,0,0,-0.01021498146,0.001040073987,0.005456002685,0.003315183815,0.03928671765,0.2063994426,11.74092559,0,-0.07960885829,-0.2063994426,0.06329149132,0.4612624286,1.006899798,0.00188626542,-10.31997213,-0.4612624286,-0.00188626542,-10.71982933,-10.71982933,0.01802811752,-0.5359914667,-1.917475985e-06,1.438106989e-06,-0,1.917475985e-06,-3.83495197e-06,-0.5359914667,-1.917475985e-06,1.438106989e-06,-0,1.917475985e-06,-3.83495197e-06,-0.5359914667,0,0,0,0,0,0
9.2,1,1,6.135923152e-05,3.78701507e-05,1.24635939e-05,0.0001416535384,3.115898475e-05,-0.006898838909,0,0,0,0,0,0,-0.01020430797,0.001094619508,0.005453076486,0.003305469061,0.0391701525,0.2057292988,11.74087128,0,-0.07959781403,-0.2057292988,0.06394069314,0.4598917184,1.006898839,0.001879977034,-10.28646494,-0.4598917184,-0.001879977034,-10.68429594,-10.68429594,0.01802637196,-0.5342147972,-2.396844981e-06,4.793689962e-07,-9.587379924e-07,4.793689962e-07,-1.917475985e-06,-0.5342147972,-2.396844981e-06,4.793689962e-07,-9.587379924e-07,4.793689962e-07,-1.917475985e-06,-0.5342147972,0,0,0,0,0,0
9.21,1,1,6.064017802e-05,3.882888869e-05,1.198422491e-05,0.0001411741694,3.187803825e-05,-0.006898599225,0,0.001047197551,0,-0.001047197551,0,0,-0.01019308917,0.001149135019,0.005450000789,0.003294489947,0.03903862511,0.2049794697,11.7408577,0,-0.07959505297,-0.2049794697,0.06589048353,0.4583469422,1.006898599,0.001872735774,-10.24897349,-0.4583469422,-0.001872735774,-10.64330268,-10.64330268,0.01802240712,-0.5321651341,-9.587379924e-07,-0.0001061578621,-0,0.0001061578621,-3.355582973e-06,-0.5321651341,-9.587379924e-07,-0.0001061578621,-0,0.0001061578621,-3.355582973e-06,-0.5321651341,0,0,0,0,0,0
9.22,1,1,5.992112453e-05,3.81098352e-05,1.174454041e-05,0.0001411741694,3.139866925e-05,-0.006900277016,0,0,0,0,0,0,-0.01018132537,0.001203619026,0.005446775677,0.003281048358,0.03887807017,0.2040745104,11.74095275,0,-0.07961438041,-0.2040745104,0.07032771325,0.4564655848,1.006900277,0.00186383266,-10.20372552,-0.4564655848,-0.00186383266,-10.59172722,-10.59172722,0.01801593656,-0.5295863612,4.793689962e-07,-0,4.793689962e-07,1.438106989e-06,-2.396844981e-06,-0.5295863612,4.793689962e-07,-0,4.793689962e-07,1.438106989e-06,-2.396844981e-06,-0.5295863612,0,0,0,0,0,0
9.23,1,1,6.040049352e-05,3.715109721e-05,1.174454041e-05,0.0001416535384,3.211772275e-05,-0.006899797647,0,0,0,0,0,0,-0.0101690169,0.001258070035,0.00544340124,0.003269219254,0.03873633309,0.2032710992,11.74092559,0,-0.07960885829,-0.2032710992,0.07213610137,0.4548004044,1.006899798,0.001855596776,-10.16355496,-0.4548004044,-0.001855596776,-10.54807486,-10.54807486,0.01800700325,-0.5274037429,-4.793689962e-07,1.917475985e-06,4.793689962e-07,4.793689962e-07,-3.83495197e-06,-0.5274037429,-4.793689962e-07,1.917475985e-06,4.793689962e-07,4.793689962e-07,-3.83495197e-06,-0.5274037429,0,0,0,0,0,0
9.24,1,1,6.087986252e-05,3.73907817e-05,1.174454041e-05,0.0001409344849,3.187803825e-05,-0.006900037332,0,0,0,0,0,0,-0.01015616409,0.001312486553,0.005439877568,0.003256126757,0.03857965021,0.2023881078,11.74093917,0,-0.07961161935,-0.2023881078,0.07508921525,0.4529613262,1.006900037,0.001846398041,-10.11940539,-0.4529613262,-0.001846398041,-10.4991239,-10.4991239,0.01799564835,-0.524956195,-1.438106989e-06,1.438106989e-06,4.793689962e-07,1.917475985e-06,-3.355582973e-06,-0.524956195,-1.438106989e-06,1.438106989e-06,4.793689962e-07,1.917475985e-06,-3.355582973e-06,-0.524956195,0,0,0,0,0,0
9.25,1,1,6.111954702e-05,3.78701507e-05,1.198422491e-05,0.0001414138539,3.187803825e-05,-0.006900756385,0,0,0,0,0,0,-0.01014276729,0.001366867089,0.00543620476,0.003242010905,0.03841084161,0.2014406727,11.74097991,0,-0.07961990254,-0.2014406727,0.07865924,0.4509809197,1.006900756,0.001836357439,-10.07203364,-0.4509809197,-0.001836357439,-10.44619167,-10.44619167,0.01798167484,-0.5223095837,-1.917475985e-06,4.793689962e-07,-0,9.587379924e-07,-3.355582973e-06,-0.5223095837,-1.917475985e-06,4.793689962e-07,-0,9.587379924e-07,-3.355582973e-06,-0.5223095837,0,0,0,0,0,0
9.26,1,1,6.111954702e-05,3.691141271e-05,1.22239094e-05,0.0001414138539,3.187803825e-05,-0.006900037332,0,0,0,0,0,0,-0.01012882687,0.001421210151,0.005432382915,0.00322878954,0.03825242655,0.2005495745,11.74093917,0,-0.07961161935,-0.2005495745,0.08063237075,0.4491194132,1.006900037,0.001826585324,-10.02747873,-0.4491194132,-0.001826585324,-10.39779235,-10.39779235,0.01796523945,-0.5198896177,-1.917475985e-06,2.396844981e-06,-4.793689962e-07,9.587379924e-07,-3.355582973e-06,-0.5198896177,-1.917475985e-06,2.396844981e-06,-4.793689962e-07,9.587379924e-07,-3.355582973e-06,-0.5198896177,0,0,0,0,0,0
9.27,1,1,6.111954702e-05,3.715109721e-05,1.22239094e-05,0.0001416535384,3.139866925e-05,-0.006900277016,0,0,0,0,0,0,-0.01011434322,0.001475514251,0.005428412139,0.003214066201,0.03807627024,0.1995639171,11.74095275,0,-0.07961438041,-0.1995639171,0.08389527906,0.4470516897,1.006900277,0.001815707389,-9.978195854,-0.4470516897,-0.001815707389,-10.34316797,-10.34316797,0.01794617685,-0.5171583986,-1.917475985e-06,1.917475985e-06,-4.793689962e-07,4.793689962e-07,-2.396844981e-06,-0.5171583986,-1.917475985e-06,1.917475985e-06,-4.793689962e-07,4.793689962e-07,-2.396844981e-06,-0.5171583986,0,0,0,0,0,0
9.28,1,1,6.040049352e-05,3.715109721e-05,1.198422491e-05,0.0001411741694,3.211772275e-05,-0.006900277016,0,0,0,0,0,0,-0.01009931672,0.001529777898,0.00542429254,0.003199039706,0.03789645002,0.198559202,11.74095275,0,-0.07961438041,-0.198559202,0.08687851509,0.444940429,1.006900277,0.001804404107,-9.927960102,-0.444940429,-0.001804404107,-10.28782642,-10.28782642,0.01792443185,-0.514391321,-4.793689962e-07,1.917475985e-06,-0,1.438106989e-06,-3.83495197e-06,-0.514391321,-4.793689962e-07,1.917475985e-06,-0,1.438106989e-06,-3.83495197e-06,-0.514391321,0,0,0,0,0,0
9.29,1,1,6.135923152e-05,3.78701507e-05,1.24635939e-05,0.0001414138539,3.139866925e-05,-0.006901235754,0,0,0,0,0,0,-0.0100837478,0.001583999606,0.005420024231,0.003182512045,0.03769890222,0.1974600204,11.74100707,0,-0.07962542466,-0.1974600204,0.09109051852,0.4426230776,1.006901236,0.001791997096,-9.873001019,-0.4426230776,-0.001791997096,-10.22632557,-10.22632557,0.01789995173,-0.5113162787,-2.396844981e-06,4.793689962e-07,-9.587379924e-07,9.587379924e-07,-2.396844981e-06,-0.5113162787,-2.396844981e-06,4.793689962e-07,-9.587379924e-07,9.587379924e-07,-2.396844981e-06,-0.5113162787,0,0,0,0,0,0
9.3,1,1,6.016080902e-05,3.643204371e-05,1.150485591e-05,0.0001406948004,3.163835375e-05,-0.006900756385,0,0,0,0,0.001047197551,0,-0.01006763687,0.001638177887,0.00541560733,0.003166880489,0.03751177536,0.1964173035,11.74097991,0,-0.07961990254,-0.1964173035,0.09344571734,0.4404250009,1.006900756,0.001779843683,-9.820865174,-0.4404250009,-0.001779843683,-10.1696243,-10.1696243,0.01787268347,-0.5084812151,-0,3.355582973e-06,9.587379924e-07,2.396844981e-06,-0.0001075959691,-0.5084812151,-0,3.355582973e-06,9.587379924e-07,2.396844981e-06,-0.0001075959691,-0.5084812151,0,0,0,0,0,0
9.31,1,1,6.064017802e-05,3.619235921e-05,1.174454041e-05,0.0001409344849,3.187803825e-05,-0.006899797647,0,0,0,0,0,0,-0.01005098439,0.001692311257,0.005411041957,0.003151186744,0.03732382033,0.1953707249,11.74092559,0,-0.07960885829,-0.1953707249,0.09547114959,0.4382161972,1.006899798,0.001767426011,-9.768536245,-0.4382161972,-0.001767426011,-10.11304872,-10.11304872,0.01784283338,-0.5056524359,-9.587379924e-07,3.83495197e-06,4.793689962e-07,1.917475985e-06,-3.355582973e-06,-0.5056524359,-9.587379924e-07,3.83495197e-06,4.793689962e-07,1.917475985e-06,-3.355582973e-06,-0.5056524359,0,0,0,0,0,0
9.32,1,1,6.135923152e-05,3.691141271e-05,1.150485591e-05,0.0001404551159,3.139866925e-05,-0.006898838909,0,0,0,0,0,0,-0.0100337908,0.001746398232,0.005406328237,0.003134951895,0.03712941655,0.1942901491,11.74087128,0,-0.07959781403,-0.1942901491,0.09777244461,0.4359317003,1.006898839,0.001754478176,-9.714507456,-0.4359317003,-0.001754478176,-10.05442119,-10.05442119,0.01781039492,-0.5027210595,-2.396844981e-06,2.396844981e-06,9.587379924e-07,2.876213977e-06,-2.396844981e-06,-0.5027210595,-2.396844981e-06,2.396844981e-06,9.587379924e-07,2.876213977e-06,-2.396844981e-06,-0.5027210595,0,0,0,0,0,0
9.33,1,1,6.016080902e-05,3.691141271e-05,1.174454041e-05,0.0001409344849,3.187803825e-05,-0.006898838909,0,0,0,0,0,-0.001047197551,-0.01001605659,0.001800437328,0.005401466301,0.003117217677,0.03691731555,0.192068087,11.74087128,0,-0.07959781403,-0.1931152845,0.1012994123,0.4334414498,1.007946311,0.001734612089,-9.603404348,-0.4334414498,-0.001734612089,-9.937280998,-9.937280998,0.01777490356,-0.4968640499,-0,2.396844981e-06,4.793689962e-07,1.917475985e-06,-3.355582973e-06,-0.4968640499,-0,2.396844981e-06,4.793689962e-07,1.917475985e-06,-3.355582973e-06,-0.4968640499,0,0,0,0,0,0
9.34,1,1,6.040049352e-05,3.715109721e-05,1.27032784e-05,0.0001409344849,3.163835375e-05,-0.006898838909,0,-0.001047197551,0,0,-0.001047197551,0,-0.009997782222,0.001854427064,0.00539645628,0.003098943313,0.03669878196,0.1919065219,11.74087128,0,-0.07959781403,-0.1919065219,0.1048591192,0.430875675,1.006898839,0.001725855921,-9.595326097,-0.430875675,-0.001725855921,-9.923068509,-9.923068509,0.01773686672,-0.4961534255,-4.793689962e-07,0.0001066372311,-1.438106989e-06,1.917475985e-06,0.0001018435411,-0.4961534255,-4.793689962e-07,0.0001066372311,-1.438106989e-06,1.917475985e-06,0.0001018435411,-0.4961534255,0,0,0,0,0,0
9.35,1,1,6.040049352e-05,3.73907817e-05,1.174454041e-05,0.0001409344849,3.139866925e-05,-0.006899557963,0,0,0,0,0.001047197551,0,-0.009978968214,0.001908365961,0.005391298313,0.003079410251,0.03646538185,0.1906186651,11.74091201,0,-0.07960609722,-0.1906186651,0.1092944927,0.4281368398,1.006899558,0.001710351622,-9.530933257,-0.4281368398,-0.001710351622,-9.851485955,-9.851485955,0.01769594831,-0.4925742978,-4.793689962e-07,1.438106989e-06,4.793689962e-07,1.917475985e-06,-0.0001071166001,-0.4925742978,-4.793689962e-07,1.438106989e-06,4.793689962e-07,1.917475985e-06,-0.0001071166001,-0.4925742978,0,0,0,0,0,0
9.36,1,1,6.016080902e-05,3.715109721e-05,1.22239094e-05,0.0001414138539,3.187803825e-05,-0.006898599225,0,0,0,0,0,0,-0.009959615077,0.001962252538,0.005385992541,0.003061015852,0.03624526497,0.1894025694,11.7408577,0,-0.07959505297,-0.1894025694,0.1115492994,0.4255504983,1.006898599,0.001695255954,-9.470128468,-0.4255504983,-0.001695255954,-9.785824923,-9.785824923,0.01765213035,-0.4892912461,-0,1.917475985e-06,-4.793689962e-07,9.587379924e-07,-3.355582973e-06,-0.4892912461,-0,1.917475985e-06,-4.793689962e-07,9.587379924e-07,-3.355582973e-06,-0.4892912461,0,0,0,0,0,0
9.37,1,1,6.064017802e-05,3.715109721e-05,1.198422491e-05,0.0001414138539,3.139866925e-05,-0.006899078594,0,0,0,0,0,0,-0.009939723342,0.002016085319,0.005380539109,0.003040644749,0.0360018568,0.1880622391,11.74088485,0,-0.0796005751,-0.1880622391,0.1156097466,0.4226936552,1.006899079,0.00167883307,-9.403111955,-0.4226936552,-0.00167883307,-9.711874697,-9.711874697,0.01760538367,-0.4855937349,-9.587379924e-07,1.917475985e-06,-0,9.587379924e-07,-2.396844981e-06,-0.4855937349,-9.587379924e-07,1.917475985e-06,-0,9.587379924e-07,-2.396844981e-06,-0.4855937349,0,0,0,0,0,0
9.38,1,1,5.968144003e-05,3.73907817e-05,1.102548691e-05,0.0001414138539,3.163835375e-05,-0.006899078594,-0.001047197551,0,0,0,0,0,-0.009919293555,0.002069862828,0.005374938166,0.003020214961,0.0357576793,0.186718363,11.74088485,0,-0.0796005751,-0.186718363,0.1190771177,0.4198267953,1.006899079,0.001662164233,-9.33591815,-0.4198267953,-0.001662164233,-9.638329992,-9.638329992,0.01755572922,-0.4819164996,0.0001056784931,1.438106989e-06,1.917475985e-06,9.587379924e-07,-2.876213977e-06,-0.4819164996,0.0001056784931,1.438106989e-06,1.917475985e-06,9.587379924e-07,-2.876213977e-06,-0.4819164996,0,0,0,0,0,0
9.39,1,1,6.016080902e-05,3.76304662e-05,1.27032784e-05,0.0001406948004,3.163835375e-05,-0.006897880171,0,0,0,0,0,0,-0.009898326275,0.002123583591,0.005369189867,0.003000446104,0.03552118411,0.1854162075,11.74081697,0,-0.07958676977,-0.1854162075,0.1210035118,0.4170477213,1.00689788,0.001645650809,-9.270810375,-0.4170477213,-0.001645650809,-9.568500235,-9.568500235,0.0175031339,-0.4784250118,-0,9.587379924e-07,-1.438106989e-06,2.396844981e-06,-2.876213977e-06,-0.4784250118,-0,9.587379924e-07,-1.438106989e-06,2.396844981e-06,-2.876213977e-06,-0.4784250118,0,0,0,0,0,0
9.4,1,1,5.968144003e-05,3.691141271e-05,1.198422491e-05,0.0001418932229,3.163835375e-05,-0.006898119856,0,0,0,0,0,0,-0.009876822077,0.002177246135,0.00536329437,0.002978702222,0.03526142574,0.1839899958,11.74083055,0,-0.07958953083,-0.1839899958,0.1248557959,0.4139984245,1.00689812,0.001627846632,-9.199499792,-0.4139984245,-0.001627846632,-9.490270267,-9.490270267,0.01744765118,-0.4745135133,9.587379924e-07,2.396844981e-06,-0,-0,-2.876213977e-06,-0.4745135133,9.587379924e-07,2.396844981e-06,-0,-0,-2.876213977e-06,-0.4745135133,0,0,0,0,0,0
9.41,1,1,5.968144003e-05,3.667172821e-05,1.22239094e-05,0.0001416535384,3.139866925e-05,-0.006897400802,0,0,0,0,0,0,-0.009854781551,0.002230848989,0.005357251834,0.002957380749,0.03500655494,0.1825905264,11.74078982,0,-0.07958124763,-0.1825905264,0.1276098785,0.411004604,1.006897401,0.001610089362,-9.129526319,-0.411004604,-0.001610089362,-9.414531134,-9.414531134,0.017389314,-0.4707265567,9.587379924e-07,2.876213977e-06,-4.793689962e-07,4.793689962e-07,-2.396844981e-06,-0.4707265567,9.587379924e-07,2.876213977e-06,-4.793689962e-07,4.793689962e-07,-2.396844981e-06,-0.4707265567,0,0,0,0,0,0
9.42,1,1,6.016080902e-05,3.691141271e-05,1.22239094e-05,0.0001406948004,3.163835375e-05,-0.006897161118,0,0,0,0,0,0,-0.009832205301,0.002284390682,0.005351062427,0.002935044184,0.03473969721,0.1811274148,11.74077625,0,-0.07957848656,-0.1811274148,0.1310830381,0.407871012,1.006897161,0.00159159472,-9.056370741,-0.407871012,-0.00159159472,-9.33475031,-9.33475031,0.01732811414,-0.4667375155,-0,2.396844981e-06,-4.793689962e-07,2.396844981e-06,-2.876213977e-06,-0.4667375155,-0,2.396844981e-06,-4.793689962e-07,2.396844981e-06,-2.876213977e-06,-0.4667375155,0,0,0,0,0,0
9.43,1,1,5.968144003e-05,3.691141271e-05,1.174454041e-05,0.0001409344849,3.187803825e-05,-0.006897161118,0,0,0,0,0,0,-0.009809093946,0.002337869748,0.005344726318,0.002911932829,0.03446367693,0.1796157955,11.74077625,0,-0.07957848656,-0.1796157955,0.1347834906,0.4046303196,1.006897161,0.001572493832,-8.980789776,-0.4046303196,-0.001572493832,-9.252209099,-9.252209099,0.01726391567,-0.462610455,9.587379924e-07,2.396844981e-06,4.793689962e-07,1.917475985e-06,-3.355582973e-06,-0.462610455,9.587379924e-07,2.396844981e-06,4.793689962e-07,1.917475985e-06,-3.355582973e-06,-0.462610455,0,0,0,0,0,0
9.44,1,1,6.040049352e-05,3.643204371e-05,1.174454041e-05,0.0001409344849,3.139866925e-05,-0.006896681749,0,0,0,0,0,0,-0.00978544812,0.00239128472,0.00533824368,0.002888766371,0.03418694682,0.17810093,11.7407491,0,-0.07957296443,-0.17810093,0.137870907,0.4013803653,1.006896682,0.001553173073,-8.905046501,-0.4013803653,-0.001553173073,-9.170109132,-9.170109132,0.01719653549,-0.4585054566,-4.793689962e-07,3.355582973e-06,4.793689962e-07,1.917475985e-06,-2.396844981e-06,-0.4585054566,-4.793689962e-07,3.355582973e-06,4.793689962e-07,1.917475985e-06,-2.396844981e-06,-0.4585054566,0,0,0,0,0,0
9.45,1,1,5.992112453e-05,3.643204371e-05,1.27032784e-05,0.0001409344849,3.211772275e-05,-0.006895243642,0,0,0,0,0,0,-0.00976126847,0.002444634134,0.005331614692,0.002866024829,0.0339151457,0.1766129951,11.74066768,0,-0.079556398,-0.1766129951,0.1398678511,0.3981864548,1.006895244,0.001533951051,-8.830649754,-0.3981864548,-0.001533951051,-9.090502309,-9.090502309,0.0171265419,-0.4545251155,4.793689962e-07,3.355582973e-06,-1.438106989e-06,1.917475985e-06,-3.83495197e-06,-0.4545251155,4.793689962e-07,3.355582973e-06,-1.438106989e-06,1.917475985e-06,-3.83495197e-06,-0.4545251155,0,0,0,0,0,0
9.46,1,1,6.040049352e-05,3.691141271e-05,1.24635939e-05,0.0001409344849,3.163835375e-05,-0.006895483326,0,0,0,0,0,0,-0.009736555661,0.002497916527,0.005324839535,0.002841072335,0.03361732981,0.1749863383,11.74068125,0,-0.07955915908,-0.1749863383,0.1440437116,0.3946903536,1.006895483,0.001513383485,-8.749316917,-0.3946903536,-0.001513383485,-9.001476943,-9.001476943,0.0170536349,-0.4500738471,-4.793689962e-07,2.396844981e-06,-9.587379924e-07,1.917475985e-06,-2.876213977e-06,-0.4500738471,-4.793689962e-07,2.396844981e-06,-9.587379924e-07,1.917475985e-06,-2.876213977e-06,-0.4500738471,0,0,0,0,0,0
9.47,1,1,6.183860051e-05,3.73907817e-05,1.174454041e-05,0.0001406948004,3.163835375e-05,-0.006896442064,0,0,0,0,0,0,-0.009711310368,0.002551130438,0.005317918395,0.002814868304,0.03330476657,0.173281303,11.74073553,0,-0.07957020336,-0.173281303,0.1489491838,0.3910224562,1.006896442,0.001491994826,-8.66406515,-0.3910224562,-0.001491994826,-8.907630417,-8.907630417,0.01697766622,-0.4453815209,-3.355582973e-06,1.438106989e-06,4.793689962e-07,2.396844981e-06,-2.876213977e-06,-0.4453815209,-3.355582973e-06,1.438106989e-06,4.793689962e-07,2.396844981e-06,-2.876213977e-06,-0.4453815209,0,0,0,0,0,0
9.48,1,1,6.207828501e-05,3.78701507e-05,1.24635939e-05,0.0001409344849,3.163835375e-05,-0.006895003957,0,0,0,0,0,0,-0.009685533285,0.002604274409,0.005310851461,0.002790529328,0.03301405021,0.1716937335,11.74065411,0,-0.07955363693,-0.1716937335,0.1509495242,0.3876065441,1.006895004,0.00147149524,-8.584686674,-0.3876065441,-0.00147149524,-8.82281519,-8.82281519,0.0168989625,-0.4411407595,-3.83495197e-06,4.793689962e-07,-9.587379924e-07,1.917475985e-06,-2.876213977e-06,-0.4411407595,-3.83495197e-06,4.793689962e-07,-9.587379924e-07,1.917475985e-06,-2.876213977e-06,-0.4411407595,0,0,0,0,0,0
9.49,1,1,6.135923152e-05,3.715109721e-05,1.22239094e-05,0.0001409344849,3.211772275e-05,-0.006894284904,0,0,0,0,0,0,-0.009659225118,0.002657346982,0.005303638928,0.002764940214,0.03270860946,0.170027895,11.7406134,0,-0.07954535371,-0.170027895,0.1538648222,0.3840191385,1.006894285,0.00145019754,-8.50139475,-0.3840191385,-0.00145019754,-8.732999264,-8.732999264,0.01681724459,-0.4366499632,-2.396844981e-06,1.917475985e-06,-4.793689962e-07,1.917475985e-06,-3.83495197e-06,-0.4366499632,-2.396844981e-06,1.917475985e-06,-4.793689962e-07,1.917475985e-06,-3.83495197e-06,-0.4366499632,0,0,0,0,0,0
9.5,1,1,6.087986252e-05,3.691141271e-05,1.126517141e-05,0.0001418932229,3.115898475e-05,-0.006892367428,0,0,0,0,0,0,-0.009632386588,0.002710346703,0.005296280992,0.002740019161,0.03241096847,0.1684043086,11.74050487,0,-0.07952326511,-0.1684043086,0.1555051661,0.3805211333,1.006892367,0.001429157734,-8.420215432,-0.3805211333,-0.001429157734,-8.646660557,-8.646660557,0.01673279469,-0.4323330278,-1.438106989e-06,2.396844981e-06,1.438106989e-06,-0,-1.917475985e-06,-0.4323330278,-1.438106989e-06,2.396844981e-06,1.438106989e-06,-0,-1.917475985e-06,-0.4323330278,0,0,0,0,0,0
9.51,1,1,6.040049352e-05,3.715109721e-05,1.198422491e-05,0.0001409344849,3.163835375e-05,-0.006892846797,0,0,0,0,0,0,-0.009605018432,0.002763272118,0.005288777857,0.002712171635,0.03207892891,0.1665972149,11.740532,0,-0.07952878726,-0.1665972149,0.1601883409,0.3766236914,1.006892847,0.001406473619,-8.329860743,-0.3766236914,-0.001406473619,-8.547702567,-8.547702567,0.01664546274,-0.4273851283,-4.793689962e-07,1.917475985e-06,-0,1.917475985e-06,-2.876213977e-06,-0.4273851283,-4.793689962e-07,1.917475985e-06,-0,1.917475985e-06,-2.876213977e-06,-0.4273851283,0,0,0,0,0,0
9.52,1,1,6.040049352e-05,3.73907817e-05,1.174454041e-05,0.0001404551159,3.187803825e-05,-0.006893086481,0,0,0,0,0,0,-0.009577121398,0.002816121776,0.005281129727,0.002684034917,0.03174345731,0.164772301,11.74054557,0,-0.07953154834,-0.164772301,0.1643488699,0.372685507,1.006893086,0.001383547613,-8.238615052,-0.372685507,-0.001383547613,-8.448335236,-8.448335236,0.01655513193,-0.4224167618,-4.793689962e-07,1.438106989e-06,4.793689962e-07,2.876213977e-06,-3.355582973e-06,-0.4224167618,-4.793689962e-07,1.438106989e-06,4.793689962e-07,2.876213977e-06,-3.355582973e-06,-0.4224167618,0,0,0,0,0,0
9.53,1,1,6.111954702e-05,3.78701507e-05,1.198422491e-05,0.0001414138539,3.139866925e-05,-0.006892846797,0,0,0,0,0,0,-0.009548696253,0.00286889423,0.005273336812,0.002655849457,0.03140738018,0.1629446773,11.740532,0,-0.07952878726,-0.1629446773,0.1677862019,0.3687393521,1.006892847,0.001360521233,-8.147233864,-0.3687393521,-0.001360521233,-8.349547536,-8.349547536,0.01646186885,-0.4174773768,-1.917475985e-06,4.793689962e-07,-0,9.587379924e-07,-2.396844981e-06,-0.4174773768,-1.917475985e-06,4.793689962e-07,-0,9.587379924e-07,-2.396844981e-06,-0.4174773768,0,0,0,0,0,0
9.54,1,1,6.111954702e-05,3.85892042e-05,1.27032784e-05,0.0001406948004,3.235740724e-05,-0.006892127743,0,0,0,0,0,0,-0.009519743776,0.002921588031,0.005265399326,0.002627616033,0.03107071017,0.1611143995,11.74049131,0,-0.07952050403,-0.1611143995,0.1705850548,0.3647854028,1.006892128,0.001337409026,-8.055719975,-0.3647854028,-0.001337409026,-8.251257732,-8.251257732,0.01636574026,-0.4125628866,-1.917475985e-06,-9.587379924e-07,-1.438106989e-06,2.396844981e-06,-4.314320966e-06,-0.4125628866,-1.917475985e-06,-9.587379924e-07,-1.438106989e-06,2.396844981e-06,-4.314320966e-06,-0.4125628866,0,0,0,0,0,0
9.55,1,1,6.064017802e-05,3.73907817e-05,1.174454041e-05,0.0001416535384,3.139866925e-05,-0.006892367428,0,0,0,0,0,0,-0.00949026476,0.002974201735,0.005257317486,0.002597897332,0.03071657606,0.159191258,11.74050487,0,-0.07952326511,-0.159191258,0.1745341097,0.3606281109,1.006892367,0.001313479615,-7.959562901,-0.3606281109,-0.001313479615,-8.146970382,-8.146970382,0.01626673339,-0.4073485191,-9.587379924e-07,1.438106989e-06,4.793689962e-07,4.793689962e-07,-2.396844981e-06,-0.4073485191,-9.587379924e-07,1.438106989e-06,4.793689962e-07,4.793689962e-07,-2.396844981e-06,-0.4073485191,0,0,0,0,0,0
9.56,1,1,6.016080902e-05,3.715109721e-05,1.22239094e-05,0.0001416535384,3.139866925e-05,-0.006890210267,0,0,0,0,0,0,-0.009460260013,0.0030267339,0.005249091515,0.002570049746,0.03038438705,0.1573859403,11.74038282,0,-0.07949841539,-0.1573859403,0.1756151209,0.3567243356,1.00689021,0.001290485129,-7.869297014,-0.3567243356,-0.001290485129,-8.051696714,-8.051696714,0.01616503717,-0.4025848357,-0,1.917475985e-06,-4.793689962e-07,4.793689962e-07,-2.396844981e-06,-0.4025848357,-0,1.917475985e-06,-4.793689962e-07,4.793689962e-07,-2.396844981e-06,-0.4025848357,0,0,0,0,0,0
9.57,1,1,6.087986252e-05,3.643204371e-05,1.22239094e-05,0.0001404551159,3.163835375e-05,-0.006890689636,0,0,0,0,0,0,-0.009429730358,0.003079183086,0.005240721636,0.002539040722,0.03001506239,0.1553826124,11.74040994,0,-0.07950393756,-0.1553826124,0.1801039688,0.3523891367,1.00689069,0.001265857319,-7.769130619,-0.3523891367,-0.001265857319,-7.942681645,-7.942681645,0.01606060709,-0.3971340822,-1.438106989e-06,3.355582973e-06,-4.793689962e-07,2.876213977e-06,-2.876213977e-06,-0.3971340822,-1.438106989e-06,3.355582973e-06,-4.793689962e-07,2.876213977e-06,-2.876213977e-06,-0.3971340822,0,0,0,0,0,0
9.58,1,1,6.064017802e-05,3.691141271e-05,1.174454041e-05,0.0001399757469,3.163835375e-05,-0.006889730898,0,0,0,0,0,0,-0.009398676633,0.003131547854,0.005232208081,0.002508945735,0.0296564535,0.1534370618,11.7403557,0,-0.07949289323,-0.1534370618,0.1828429836,0.3481773129,1.006889731,0.001241717484,-7.671853089,-0.3481773129,-0.001241717484,-7.838429135,-7.838429135,0.01595378905,-0.3919214568,-9.587379924e-07,2.396844981e-06,4.793689962e-07,3.83495197e-06,-2.876213977e-06,-0.3919214568,-9.587379924e-07,2.396844981e-06,4.793689962e-07,3.83495197e-06,-2.876213977e-06,-0.3919214568,0,0,0,0,0,0
9.59,1,1,6.135923152e-05,3.715109721e-05,1.22239094e-05,0.0001414138539,3.139866925e-05,-0.006889011845,0,0,0,0,0,0,-0.009367099687,0.003183826769,0.005223551082,0.002478087843,0.02928887615,0.1514440736,11.74031503,0,-0.07948460998,-0.1514440736,0.1858376428,0.3438606328,1.006889012,0.001217176311,-7.572203682,-0.3438606328,-0.001217176311,-7.731443848,-7.731443848,0.01584396425,-0.3865721924,-2.396844981e-06,1.917475985e-06,-4.793689962e-07,9.587379924e-07,-2.396844981e-06,-0.3865721924,-2.396844981e-06,1.917475985e-06,-4.793689962e-07,9.587379924e-07,-2.396844981e-06,-0.3865721924,0,0,0,0,0,0
9.6,1,1,6.064017802e-05,3.76304662e-05,1.150485591e-05,0.0001411741694,3.163835375e-05,-0.00688877216,0,0,0,0,0,0,-0.009335000388,0.003236018398,0.005214750877,0.002446228228,0.02890953028,0.1493886967,11.74030147,0,-0.0794818489,-0.1493886967,0.1894327485,0.3394066009,1.006888772,0.001192158308,-7.469434837,-0.3394066009,-0.001192158308,-7.620600848,-7.620600848,0.01573147598,-0.3810300424,-9.587379924e-07,9.587379924e-07,9.587379924e-07,1.438106989e-06,-2.876213977e-06,-0.3810300424,-9.587379924e-07,9.587379924e-07,9.587379924e-07,1.438106989e-06,-2.876213977e-06,-0.3810300424,0,0,0,0,0,0
9.61,1,1,5.992112453e-05,3.73907817e-05,1.150485591e-05,0.0001414138539,3.139866925e-05,-0.006887573738,0,0,0,0,0,0,-0.009302379615,0.00328812131,0.005205807707,0.002414805878,0.02853531379,0.1473612046,11.74023369,0,-0.07946804347,-0.1473612046,0.1918535271,0.3350112524,1.006887574,0.001167398179,-7.368060229,-0.3350112524,-0.001167398179,-7.512385353,-7.512385353,0.01561639844,-0.3756192676,4.793689962e-07,1.438106989e-06,9.587379924e-07,9.587379924e-07,-2.396844981e-06,-0.3756192676,4.793689962e-07,1.438106989e-06,9.587379924e-07,9.587379924e-07,-2.396844981e-06,-0.3756192676,0,0,0,0,0,0
9.62,1,1,6.087986252e-05,3.76304662e-05,1.150485591e-05,0.0001411741694,3.163835375e-05,-0.006884697524,0,0,0,0,0,0,-0.009269238263,0.003340134076,0.005196721817,0.002384540739,0.02817468253,0.14540673,11.74007108,0,-0.0794349104,-0.14540673,0.1924791784,0.3307727754,1.006884698,0.001143267744,-7.270336499,-0.3307727754,-0.001143267744,-7.409773364,-7.409773364,0.01549894842,-0.3704886682,-1.438106989e-06,9.587379924e-07,9.587379924e-07,1.438106989e-06,-2.876213977e-06,-0.3704886682,-1.438106989e-06,9.587379924e-07,9.587379924e-07,1.438106989e-06,-2.876213977e-06,-0.3704886682,0,0,0,0,0,0
9.63,1,1,6.064017802e-05,3.715109721e-05,1.27032784e-05,0.0001406948004,3.163835375e-05,-0.00688182131,0,0,0,0,0,0,-0.009235577239,0.003392055271,0.005187493456,0.002353755929,0.02780795311,0.1434201195,11.73990853,0,-0.07940177727,-0.1434201195,0.1935488812,0.326462826,1.006881821,0.001118955873,-7.171005974,-0.326462826,-0.001118955873,-7.305038875,-7.305038875,0.01537925598,-0.3652519437,-9.587379924e-07,1.917475985e-06,-1.438106989e-06,2.396844981e-06,-2.876213977e-06,-0.3652519437,-9.587379924e-07,1.917475985e-06,-1.438106989e-06,2.396844981e-06,-2.876213977e-06,-0.3652519437,0,0,0,0,0,0
9.64,1,1,6.064017802e-05,3.81098352e-05,1.27032784e-05,0.0001409344849,3.187803825e-05,-0.006881581625,0,0,0,0,0,0,-0.009201397467,0.003443883472,0.005178122878,0.002319815842,0.02740418785,0.1412361933,11.73989499,0,-0.07939901617,-0.1412361933,0.1980443274,0.3217222876,1.006881582,0.001093194852,-7.061809665,-0.3217222876,-0.001093194852,-7.18658082,-7.18658082,0.01525718087,-0.359329041,-9.587379924e-07,-0,-1.438106989e-06,1.917475985e-06,-3.355582973e-06,-0.359329041,-9.587379924e-07,-0,-1.438106989e-06,1.917475985e-06,-3.355582973e-06,-0.359329041,0,0,0,0,0,0
9.65,1,1,6.111954702e-05,3.76304662e-05,1.22239094e-05,0.0001406948004,3.139866925e-05,-0.00688182131,0,0,0,0,0,0,-0.009166699884,0.003495617256,0.005168610338,0.002284878575,0.0269887267,0.1389903013,11.73990853,0,-0.07940177727,-0.1389903013,0.202929576,0.3168451829,1.006881821,0.00106705298,-6.949515063,-0.3168451829,-0.00106705298,-7.064497723,-7.064497723,0.01513260901,-0.3532248862,-1.917475985e-06,9.587379924e-07,-4.793689962e-07,2.396844981e-06,-2.396844981e-06,-0.3532248862,-1.917475985e-06,9.587379924e-07,-4.793689962e-07,2.396844981e-06,-2.396844981e-06,-0.3532248862,0,0,0,0,0,0
9.66,1,1,6.040049352e-05,3.78701507e-05,1.22239094e-05,0.0001418932229,3.187803825e-05,-0.006881341941,0,0,0,0,0,0,-0.009131485441,0.003547255206,0.005158956099,0.002250143501,0.0265756541,0.1367576309,11.73988145,0,-0.07939625507,-0.1367576309,0.206639818,0.3119950285,1.006881342,0.001041119737,-6.837881545,-0.3119950285,-0.001041119737,-6.944277875,-6.944277875,0.01500554799,-0.3472138937,-4.793689962e-07,4.793689962e-07,-4.793689962e-07,-0,-3.355582973e-06,-0.3472138937,-4.793689962e-07,4.793689962e-07,-4.793689962e-07,-0,-3.355582973e-06,-0.3472138937,0,0,0,0,0,0
9.67,1,1,6.016080902e-05,3.73907817e-05,1.174454041e-05,0.0001416535384,3.163835375e-05,-0.006880862572,0,0,0,0,0,0,-0.009095755104,0.003598795906,0.005149160424,0.002214892533,0.02615654365,0.134493194,11.73985436,0,-0.07939073287,-0.134493194,0.2102815227,0.3070740131,1.006880863,0.00101507298,-6.724659701,-0.3070740131,-0.00101507298,-6.822467264,-6.822467264,0.01487613322,-0.3411233632,-0,1.438106989e-06,4.793689962e-07,4.793689962e-07,-2.876213977e-06,-0.3411233632,-0,1.438106989e-06,4.793689962e-07,4.793689962e-07,-2.876213977e-06,-0.3411233632,0,0,0,0,0,0
9.68,1,1,6.087986252e-05,3.76304662e-05,1.198422491e-05,0.0001411741694,3.163835375e-05,-0.006876068882,0,0,0,0,0,0,-0.009059509852,0.003650237944,0.005139223583,0.002183440971,0.02578205964,0.1324673077,11.73958365,0,-0.0793355108,-0.1324673077,0.2088441675,0.3026706458,1.006876069,0.0009909579458,-6.623365384,-0.3026706458,-0.0009909579458,-6.71818282,-6.71818282,0.01474467501,-0.335909141,-1.438106989e-06,9.587379924e-07,-0,1.438106989e-06,-2.876213977e-06,-0.335909141,-1.438106989e-06,9.587379924e-07,-0,1.438106989e-06,-2.876213977e-06,-0.335909141,0,0,0,0,0,0
9.69,1,1,6.040049352e-05,3.715109721e-05,1.174454041e-05,0.0001406948004,3.139866925e-05,-0.006874630775,0,0,0,0,0,0,-0.009022750679,0.003701579908,0.005129145846,0.002148119904,0.02536217498,0.1301995805,11.73950247,0,-0.07931894414,-0.1301995805,0.2120595834,0.297739316,1.006874631,0.000965198456,-6.509979025,-0.297739316,-0.000965198456,-6.596623956,-6.596623956,0.01461124023,-0.3298311978,-4.793689962e-07,1.917475985e-06,4.793689962e-07,2.396844981e-06,-2.396844981e-06,-0.3298311978,-4.793689962e-07,1.917475985e-06,4.793689962e-07,2.396844981e-06,-2.396844981e-06,-0.3298311978,0,0,0,0,0,0
9.7,1,1,6.087986252e-05,3.73907817e-05,1.198422491e-05,0.0001404551159,3.139866925e-05,-0.006874151406,0,0,0,0,0,0,-0.008985478592,0.003752820392,0.005118927492,0.002111327187,0.02492504415,0.1278402848,11.73947542,0,-0.07931342192,-0.1278402848,0.216457942,0.2926069431,1.006874151,0.0009389378642,-6.392014238,-0.2926069431,-0.0009389378642,-6.469102177,-6.469102177,0.01447569005,-0.3234551089,-1.438106989e-06,1.438106989e-06,-0,2.876213977e-06,-2.396844981e-06,-0.3234551089,-1.438106989e-06,1.438106989e-06,-0,2.876213977e-06,-2.396844981e-06,-0.3234551089,0,0,0,0,0,0
9.71,1,1,6.135923152e-05,3.73907817e-05,1.198422491e-05,0.0001416535384,3.163835375e-05,-0.006873192668,0,0,0,0,0,0,-0.008947694614,0.00380395799,0.0051085688,0.002074501946,0.02448756578,0.1254795686,11.73942132,0,-0.07930237747,-0.1254795686,0.2200090361,0.2874698517,1.006873193,0.0009128515647,-6.273978432,-0.2874698517,-0.0009128515647,-6.342352099,-6.342352099,0.0143379785,-0.3171176049,-2.396844981e-06,1.438106989e-06,-0,4.793689962e-07,-2.876213977e-06,-0.3171176049,-2.396844981e-06,1.438106989e-06,-0,4.793689962e-07,-2.876213977e-06,-0.3171176049,0,0,0,0,0,0
9.72,1,1,6.159891601e-05,3.73907817e-05,1.27032784e-05,0.0001416535384,3.139866925e-05,-0.006871035507,0,0,0,0,0,0.001047197551,-0.00890939978,0.003854991301,0.005098070054,0.002038364273,0.02405819715,0.1242097064,11.73929961,0,-0.07927752742,-0.1231625088,0.2220395462,0.2824263845,1.007918507,0.0008966880107,-6.210485318,-0.2824263845,-0.0008966880107,-6.271768845,-6.271768845,0.01419849306,-0.3135884422,-2.876213977e-06,1.438106989e-06,-1.438106989e-06,4.793689962e-07,-2.396844981e-06,-0.3135884422,-2.876213977e-06,1.438106989e-06,-1.438106989e-06,4.793689962e-07,-2.396844981e-06,-0.3135884422,0,0,0,0,0,0
9.73,1,1,6.064017802e-05,3.78701507e-05,1.24635939e-05,0.0001411741694,3.211772275e-05,-0.006868878347,0,0,0,0,0,0,-0.00887059514,0.003905918926,0.005087431542,0.002001716794,0.02362288569,0.1208141534,11.73917794,0,-0.07925267735,-0.1208141534,0.224530931,0.2773132587,1.006868878,0.0008617235085,-6.040707672,-0.2773132587,-0.0008617235085,-6.094351723,-6.094351723,0.0140570717,-0.3047175862,-9.587379924e-07,4.793689962e-07,-9.587379924e-07,1.438106989e-06,-3.83495197e-06,-0.3047175862,-9.587379924e-07,4.793689962e-07,-9.587379924e-07,1.438106989e-06,-3.83495197e-06,-0.3047175862,0,0,0,0,0,0
9.74,1,1,6.016080902e-05,3.83495197e-05,1.078580241e-05,0.0001414138539,3.115898475e-05,-0.006864564026,0,0,0,0,0,0,-0.008831281759,0.003956739467,0.005076653555,0.001966717733,0.02320697078,0.1185695615,11.73893473,0,-0.07920297708,-0.1185695615,0.224666536,0.2724251153,1.006864564,0.0008371294559,-5.928478074,-0.2724251153,-0.0008371294559,-5.977073783,-5.977073783,0.01391421227,-0.2988536891,-0,-4.793689962e-07,2.396844981e-06,9.587379924e-07,-1.917475985e-06,-0.2988536891,-0,-4.793689962e-07,2.396844981e-06,9.587379924e-07,-1.917475985e-06,-0.2988536891,0,0,0,0,0,0
9.75,1,1,5.992112453e-05,3.76304662e-05,1.198422491e-05,0.0001406948004,3.139866925e-05,-0.006862886234,0,0,0,0,0,0,-0.008791460713,0.004007451533,0.005065736389,0.001928574478,0.0227541958,0.1161288653,11.73884019,0,-0.07918364916,-0.1161288653,0.2282098395,0.2671078681,1.006862886,0.0008113817513,-5.806443264,-0.2671078681,-0.0008113817513,-5.846152674,-5.846152674,0.01376941463,-0.2923076337,4.793689962e-07,9.587379924e-07,-0,2.396844981e-06,-2.396844981e-06,-0.2923076337,4.793689962e-07,9.587379924e-07,-0,2.396844981e-06,-2.396844981e-06,-0.2923076337,0,0,0,0,0,0
9.76,1,1,6.087986252e-05,3.78701507e-05,1.198422491e-05,0.0001409344849,3.187803825e-05,-0.006860249705,0,0,0,0,0,0,-0.008751133094,0.004058053732,0.005054680343,0.001890883389,0.02230678242,0.1137171149,11.73869167,0,-0.07915327666,-0.1137171149,0.2305118504,0.2618524411,1.00686025,0.0007861040434,-5.685855743,-0.2618524411,-0.0007861040434,-5.717982438,-5.717982438,0.01362313072,-0.2858991219,-1.438106989e-06,4.793689962e-07,-0,1.917475985e-06,-3.355582973e-06,-0.2858991219,-1.438106989e-06,4.793689962e-07,-0,1.917475985e-06,-3.355582973e-06,-0.2858991219,0,0,0,0,0,0
9.77,1,1,6.087986252e-05,3.73907817e-05,1.102548691e-05,0.0001404551159,3.187803825e-05,-0.006857613175,0,0,0,0,0,0,-0.008710300009,0.004108544678,0.005043485721,0.001852686833,0.02185349306,0.1112744129,11.73854322,0,-0.07912290412,-0.1112744129,0.2329210749,0.2565281727,1.006857613,0.0007608719848,-5.563720643,-0.2565281727,-0.0007608719848,-5.588088613,-5.588088613,0.01347507685,-0.2794044307,-1.438106989e-06,1.438106989e-06,1.917475985e-06,2.876213977e-06,-3.355582973e-06,-0.2794044307,-1.438106989e-06,1.438106989e-06,1.917475985e-06,2.876213977e-06,-3.355582973e-06,-0.2794044307,0,0,0,0,0,0
9.78,1,1,6.135923152e-05,3.73907817e-05,1.22239094e-05,0.0001409344849,3.187803825e-05,-0.006852100432,0,0.001047197551,0,0,0,0,-0.008668962576,0.004158922986,0.005032152829,0.001816862144,0.02142810677,0.1089806766,11.738233,0,-0.0790593977,-0.1089806766,0.2322034212,0.2515281099,1.0068521,0.0007369359419,-5.449033829,-0.2515281099,-0.0007369359419,-5.469095454,-5.469095454,0.01332572466,-0.2734547727,-2.396844981e-06,-0.0001032816481,-4.793689962e-07,1.917475985e-06,-3.355582973e-06,-0.2734547727,-2.396844981e-06,-0.0001032816481,-4.793689962e-07,1.917475985e-06,-3.355582973e-06,-0.2734547727,0,0,0,0,0,0
9.79,1,1,6.064017802e-05,3.715109721e-05,1.174454041e-05,0.0001409344849,3.163835375e-05,-0.006848025795,0,0,0,0,0,0,-0.008627121929,0.004209187274,0.005020681978,0.001779096134,0.0209799972,0.1065662062,11.73800387,0,-0.07901245803,-0.1065662062,0.2338951273,0.2462632884,1.006848026,0.0007124894426,-5.328310309,-0.2462632884,-0.0007124894426,-5.34139096,-5.34139096,0.01317538597,-0.267069548,-9.587379924e-07,1.917475985e-06,4.793689962e-07,1.917475985e-06,-2.876213977e-06,-0.267069548,-9.587379924e-07,1.917475985e-06,4.793689962e-07,1.917475985e-06,-2.876213977e-06,-0.267069548,0,0,0,0,0,0
9.8,1,1,6.040049352e-05,3.691141271e-05,1.198422491e-05,0.0001411741694,3.211772275e-05,-0.006844190843,0,0,0,0,0,0,-0.008584779215,0.004259336166,0.005009073483,0.001740588372,0.0205232497,0.1041060441,11.73778835,0,-0.07896827939,-0.1041060441,0.236186798,0.2408975612,1.006844191,0.0006880357415,-5.205302203,-0.2408975612,-0.0006880357415,-5.210701002,-5.210701002,0.01302365696,-0.2605350501,-4.793689962e-07,2.396844981e-06,-0,1.438106989e-06,-3.83495197e-06,-0.2605350501,-4.793689962e-07,2.396844981e-06,-0,1.438106989e-06,-3.83495197e-06,-0.2605350501,0,0,0,0,0,0
9.81,1,1,6.040049352e-05,3.667172821e-05,1.198422491e-05,0.0001411741694,3.139866925e-05,-0.006841793998,0,0,0,0,0,0,-0.008541935595,0.004309368286,0.004997327661,0.001700141597,0.02004381543,0.1015254073,11.73765371,0,-0.07894066768,-0.1015254073,0.2401973209,0.2352673646,1.006841794,0.0006631098999,-5.076270363,-0.2352673646,-0.0006631098999,-5.072003516,-5.072003516,0.01287064695,-0.2536001758,-4.793689962e-07,2.876213977e-06,-0,1.438106989e-06,-2.396844981e-06,-0.2536001758,-4.793689962e-07,2.876213977e-06,-0,1.438106989e-06,-2.396844981e-06,-0.2536001758,0,0,0,0,0,0
9.82,1,1,6.016080902e-05,3.78701507e-05,1.150485591e-05,0.0001411741694,3.163835375e-05,-0.006838438415,0,0,0,0,0,0,-0.008498592243,0.004359282263,0.004985444835,0.001660153828,0.01956984581,0.09897418232,11.7374653,0,-0.07890201121,-0.09897418232,0.2428917049,0.2297003861,1.006838438,0.000638728981,-4.948709116,-0.2297003861,-0.000638728981,-4.936156526,-4.936156526,0.0127167786,-0.2468078263,-0,4.793689962e-07,9.587379924e-07,1.438106989e-06,-2.876213977e-06,-0.2468078263,-0,4.793689962e-07,9.587379924e-07,1.438106989e-06,-2.876213977e-06,-0.2468078263,0,0,0,0,0,0
9.83,1,1,6.064017802e-05,3.78701507e-05,1.22239094e-05,0.0001416535384,3.115898475e-05,-0.006835322517,0,0,0,0,0,0,-0.008454750348,0.004409076727,0.004973425331,0.001619427831,0.01908729205,0.09637757367,11.73729043,0,-0.07886611584,-0.09637757367,0.2460539612,0.2240330903,1.006835323,0.0006143887053,-4.818878684,-0.2240330903,-0.0006143887053,-4.797472202,-4.797472202,0.01256151833,-0.2398736101,-9.587379924e-07,4.793689962e-07,-4.793689962e-07,4.793689962e-07,-1.917475985e-06,-0.2398736101,-9.587379924e-07,4.793689962e-07,-4.793689962e-07,4.793689962e-07,-1.917475985e-06,-0.2398736101,0,0,0,0,0,0
9.84,1,1,6.016080902e-05,3.715109721e-05,1.22239094e-05,0.0001414138539,3.187803825e-05,-0.00682909072,0,0,0,0,0,0,-0.008410411112,0.004458750315,0.004961269477,0.001581320392,0.01863555696,0.09394523638,11.73694094,0,-0.07879432487,-0.09394523638,0.245661156,0.2187244316,1.006829091,0.0005914452176,-4.697261819,-0.2187244316,-0.0005914452176,-4.67091654,-4.67091654,0.01240540028,-0.233545827,-0,1.917475985e-06,-4.793689962e-07,9.587379924e-07,-3.355582973e-06,-0.233545827,-0,1.917475985e-06,-4.793689962e-07,9.587379924e-07,-3.355582973e-06,-0.233545827,0,0,0,0,0,0
9.85,1,1,6.016080902e-05,3.81098352e-05,1.150485591e-05,0.0001411741694,3.115898475e-05,-0.006823817661,0,0,-0.001047197551,0,0,0,-0.008365575749,0.004508301664,0.004948977608,0.001541758088,0.01816683344,0.09142274595,11.73664548,0,-0.07873357843,-0.09142274595,0.2469705442,0.2132176836,1.006823818,0.0005683012598,-4.571137297,-0.2132176836,-0.0005683012598,-4.537952738,-4.537952738,0.01224870909,-0.2268976369,-0,-0,0.0001056784931,1.438106989e-06,-1.917475985e-06,-0.2268976369,-0,-0,0.0001056784931,1.438106989e-06,-1.917475985e-06,-0.2268976369,0,0,0,0,0,0
9.86,1,1,5.968144003e-05,3.76304662e-05,1.174454041e-05,0.0001414138539,3.163835375e-05,-0.006821420816,0,0,0,0,0,0,-0.00832024549,0.004557729415,0.00493655006,0.001498824674,0.01765863634,0.08869053901,11.73651126,0,-0.07870596634,-0.08869053901,0.2516913882,0.2072507842,1.006821421,0.0005442274341,-4.43452695,-0.2072507842,-0.0005442274341,-4.390630574,-4.390630574,0.01209095658,-0.2195315287,9.587379924e-07,9.587379924e-07,4.793689962e-07,9.587379924e-07,-2.876213977e-06,-0.2195315287,9.587379924e-07,9.587379924e-07,4.793689962e-07,9.587379924e-07,-2.876213977e-06,-0.2195315287,0,0,0,0,0,0
9.87,1,1,6.087986252e-05,3.73907817e-05,1.198422491e-05,0.0001411741694,3.163835375e-05,-0.006812312805,0,0,0,0,0,0.001047197551,-0.008274421578,0.004607032214,0.004923987174,0.001462108772,0.01722350545,0.08739437578,11.73600165,0,-0.07860103998,-0.08634717823,0.2483807349,0.2021350883,1.007859785,0.0005303811395,-4.369718789,-0.2021350883,-0.0005303811395,-4.324003524,-4.324003524,0.01193338713,-0.2162001762,-1.438106989e-06,1.438106989e-06,-0,1.438106989e-06,-2.876213977e-06,-0.2162001762,-1.438106989e-06,1.438106989e-06,-0,1.438106989e-06,-2.876213977e-06,-0.2162001762,0,0,0,0,0,0
9.88,1,1,6.135923152e-05,3.715109721e-05,1.150485591e-05,0.0001414138539,3.187803825e-05,-0.006803923848,0,0,0,0,0,0.001047197551,-0.008228105267,0.004656208708,0.004911289295,0.001424181419,0.01677425313,0.08497607395,11.73553289,0,-0.0785043967,-0.0839288764,0.2471314855,0.1968547993,1.007851396,0.0005088600217,-4.248803697,-0.1968547993,-0.0005088600217,-4.199035871,-4.199035871,0.0117749527,-0.2099517936,-2.396844981e-06,1.917475985e-06,9.587379924e-07,9.587379924e-07,-3.355582973e-06,-0.2099517936,-2.396844981e-06,1.917475985e-06,9.587379924e-07,9.587379924e-07,-3.355582973e-06,-0.2099517936,0,0,0,0,0,0
9.89,1,1,6.111954702e-05,3.715109721e-05,1.174454041e-05,0.0001409344849,3.187803825e-05,-0.006793138045,0,0,0,0,0,0.001047197551,-0.008181297829,0.004705257551,0.00489845677,0.001388159784,0.01634746436,0.08267734731,11.73493108,0,-0.07838014025,-0.08163014976,0.2439229288,0.1918363676,1.00784061,0.0004884554768,-4.133867365,-0.1918363676,-0.0004884554768,-4.08226926,-4.08226926,0.01161708106,-0.204113463,-1.917475985e-06,1.917475985e-06,4.793689962e-07,1.917475985e-06,-3.355582973e-06,-0.204113463,-1.917475985e-06,1.917475985e-06,4.793689962e-07,1.917475985e-06,-3.355582973e-06,-0.204113463,0,0,0,0,0,0
9.9,1,1,6.064017802e-05,3.715109721e-05,1.198422491e-05,0.0001406948004,3.187803825e-05,-0.006780195082,0,0,0,0,0,0.001047197551,-0.008134000546,0.004754177396,0.004885489951,0.001353805464,0.01594034127,0.08048325941,11.7342102,0,-0.07823103131,-0.07943606186,0.2392815459,0.1870473152,1.007827667,0.0004690329559,-4.02416297,-0.1870473152,-0.0004690329559,-3.972397773,-3.972397773,0.01145934681,-0.1986198886,-9.587379924e-07,1.917475985e-06,-0,2.396844981e-06,-3.355582973e-06,-0.1986198886,-9.587379924e-07,1.917475985e-06,-0,2.396844981e-06,-3.355582973e-06,-0.1986198886,0,0,0,0,0,0
9.91,1,1,5.992112453e-05,3.76304662e-05,1.150485591e-05,0.0001414138539,3.187803825e-05,-0.006771566441,0,0,0,0,0,0.001047197551,-0.008086214715,0.004802966903,0.004872389195,0.001314648275,0.01547696484,0.07799024051,11.73373041,0,-0.07813162463,-0.07694304296,0.2410522278,0.181602533,1.007819038,0.0004482339044,-3.899512026,-0.181602533,-0.0004482339044,-3.840510565,-3.840510565,0.01130121104,-0.1920255282,4.793689962e-07,9.587379924e-07,9.587379924e-07,9.587379924e-07,-3.355582973e-06,-0.1920255282,4.793689962e-07,9.587379924e-07,9.587379924e-07,9.587379924e-07,-3.355582973e-06,-0.1920255282,0,0,0,0,0,0
9.92,1,1,6.064017802e-05,3.691141271e-05,1.126517141e-05,0.0001404551159,3.163835375e-05,-0.006760061585,0,0,0,0,0,0,-0.008037941647,0.004851624735,0.004859154859,0.001277880062,0.01504172916,0.07459969452,11.73309166,0,-0.07799908148,-0.07459969452,0.2399039273,0.1764859869,1.006760062,0.0004218749592,-3.729984726,-0.1764859869,-0.0004218749592,-3.666988661,-3.666988661,0.0111431304,-0.183349433,-9.587379924e-07,2.396844981e-06,1.438106989e-06,2.876213977e-06,-2.876213977e-06,-0.183349433,-9.587379924e-07,2.396844981e-06,1.438106989e-06,2.876213977e-06,-2.876213977e-06,-0.183349433,0,0,0,0,0,0
9.93,1,1,6.040049352e-05,3.715109721e-05,1.22239094e-05,0.0001406948004,3.211772275e-05,-0.006750713889,0,0,0,0,0,0,-0.007989182664,0.004900149556,0.004845787307,0.001238468775,0.01457559435,0.0720922294,11.7325735,0,-0.07789138941,-0.0720922294,0.2419273552,0.171009232,1.006750714,0.000401909241,-3.60461147,-0.171009232,-0.000401909241,-3.534095256,-3.534095256,0.01098498397,-0.1767047628,-4.793689962e-07,1.917475985e-06,-4.793689962e-07,2.396844981e-06,-3.83495197e-06,-0.1767047628,-4.793689962e-07,1.917475985e-06,-4.793689962e-07,2.396844981e-06,-3.83495197e-06,-0.1767047628,0,0,0,0,0,0
9.94,1,1,5.992112453e-05,3.691141271e-05,1.102548691e-05,0.0001414138539,3.139866925e-05,-0.006742324932,0,0,0,0,0,0.001047197551,-0.007939939104,0.004948540038,0.004832286905,0.001197614172,0.01409264331,0.07054272031,11.73210911,0,-0.07779474211,-0.06949552276,0.2451541995,0.1653364291,1.007789797,0.0003884182576,-3.527136016,-0.1653364291,-0.0003884182576,-3.447706663,-3.447706663,0.01082697552,-0.1723853332,4.793689962e-07,2.396844981e-06,1.917475985e-06,9.587379924e-07,-2.396844981e-06,-0.1723853332,4.793689962e-07,2.396844981e-06,1.917475985e-06,9.587379924e-07,-2.396844981e-06,-0.1723853332,0,0,0,0,0,0
9.95,1,1,5.992112453e-05,3.691141271e-05,1.24635939e-05,0.0001414138539,3.163835375e-05,-0.006733935974,0,0,0,0,0,0,-0.007890212316,0.004996794853,0.004818654024,0.001156276341,0.01360414461,0.06686945624,11.73164532,0,-0.07769809426,-0.06686945624,0.248555674,0.1595989995,1.006733936,0.0003620676704,-3.343472812,-0.1595989995,-0.0003620676704,-3.254878205,-3.254878205,0.01066887146,-0.1627439103,4.793689962e-07,2.396844981e-06,-9.587379924e-07,9.587379924e-07,-2.876213977e-06,-0.1627439103,4.793689962e-07,2.396844981e-06,-9.587379924e-07,9.587379924e-07,-2.876213977e-06,-0.1627439103,0,0,0,0,0,0
9.96,1,1,5.992112453e-05,3.715109721e-05,1.24635939e-05,0.0001399757469,3.163835375e-05,-0.006729381969,0,0,0,0,0,0,-0.007840003663,0.005044912678,0.004804889037,0.001110621694,0.01306512905,0.06397520862,11.7313938,0,-0.07764562805,-0.06397520862,0.255969898,0.153272174,1.006729382,0.0003412590733,-3.198760431,-0.153272174,-0.0003412590733,-3.096403966,-3.096403966,0.01051049424,-0.1548201983,4.793689962e-07,1.917475985e-06,-9.587379924e-07,3.83495197e-06,-2.876213977e-06,-0.1548201983,4.793689962e-07,1.917475985e-06,-9.587379924e-07,3.83495197e-06,-2.876213977e-06,-0.1548201983,0,0,0,0,0,0
9.97,1,1,6.016080902e-05,3.73907817e-05,1.22239094e-05,0.0001406948004,3.163835375e-05,-0.006719075535,0,0,0,0,0,0.002094395102,-0.007789314523,0.005092892195,0.004790992321,0.001070238988,0.01258808981,0.06350461119,11.73082521,0,-0.07752688816,-0.06141021609,0.25593144,0.1476686812,1.008814567,0.0003350577119,-3.17523056,-0.1476686812,-0.0003350577119,-3.067302859,-3.067302859,0.01035305146,-0.1533651429,-0,1.438106989e-06,-4.793689962e-07,2.396844981e-06,-2.876213977e-06,-0.1533651429,-0,1.438106989e-06,-4.793689962e-07,2.396844981e-06,-2.876213977e-06,-0.1533651429,0,0,0,0,0,0
9.98,1,1,6.064017802e-05,3.691141271e-05,1.126517141e-05,0.0001404551159,3.139866925e-05,-0.006697264246,0,0,0,0,0,0.001047197551,-0.007738146285,0.005140732087,0.004776964258,0.001040882039,0.01224051179,0.06057981378,11.72962487,0,-0.0772755987,-0.05953261623,0.2433054796,0.1435766115,1.007744736,0.0003141604686,-3.028990689,-0.1435766115,-0.0003141604686,-2.929575981,-2.929575981,0.01019739281,-0.1464787991,-9.587379924e-07,2.396844981e-06,1.438106989e-06,2.876213977e-06,-2.396844981e-06,-0.1464787991,-9.587379924e-07,2.396844981e-06,1.438106989e-06,2.876213977e-06,-2.396844981e-06,-0.1464787991,0,0,0,0,0,0
9.99,1,1,6.087986252e-05,3.78701507e-05,1.24635939e-05,0.0001404551159,3.163835375e-05,-0.006681445069,0,0,0,0,0,0.001047197551,-0.007686500351,0.005188431043,0.004762805232,0.001005055282,0.01181716447,0.05829983999,11.72875681,0,-0.07709334251,-0.05725264244,0.2406376279,0.1386006483,1.007728917,0.0002977235521,-2.914992,-0.1386006483,-0.0002977235521,-2.813252744,-2.813252744,0.01004194688,-0.1406626372,-1.438106989e-06,4.793689962e-07,-9.587379924e-07,2.876213977e-06,-2.876213977e-06,-0.1406626372,-1.438106989e-06,4.793689962e-07,-9.587379924e-07,2.876213977e-06,-2.876213977e-06,-0.1406626372,0,0,0,0,0,0
10,1,1,6.111954702e-05,3.78701507e-05,1.198422491e-05,0.0001416535384,3.115898475e-05,-0.006668022737,0,0,0,0,0,0.001047197551,-0.007634378138,0.005235987756,0.004748515631,0.0009663554007,0.01136024945,0.0558416221,11.72802194,0,-0.07693869938,-0.05479442455,0.2417946179,0.1332332547,1.007715494,0.0002807703009,-2.792081105,-0.1332332547,-0.0002807703009,-2.683800512,-2.683800512,0.009887105393,-0.1341900256,-1.917475985e-06,4.793689962e-07,-0,4.793689962e-07,-1.917475985e-06,-0.1341900256,-1.917475985e-06,4.793689962e-07,-0,4.793689962e-07,-1.917475985e-06,-0.1341900256,0,0,0,0,0,0
10.01,1,1,6.111954702e-05,3.78701507e-05,1.174454041e-05,0.0001409344849,3.139866925e-05,-0.006657476619,0,0,0,0,0,0.001047197551,-0.007581781074,0.005283400922,0.004734095848,0.000924304455,0.01086417058,0.05317551317,11.7274456,0,-0.0768171931,-0.05212831561,0.2462716141,0.1274089694,1.007704948,0.00026318724,-2.658775658,-0.1274089694,-0.00026318724,-2.540176201,-2.540176201,0.009732625793,-0.12700881,-1.917475985e-06,4.793689962e-07,4.793689962e-07,1.917475985e-06,-2.396844981e-06,-0.12700881,-1.917475985e-06,4.793689962e-07,4.793689962e-07,1.917475985e-06,-2.396844981e-06,-0.12700881,0,0,0,0,0,0
10.02,1,1,6.040049352e-05,3.715109721e-05,1.29429629e-05,0.0001404551159,3.211772275e-05,-0.006639979651,0,0,0,0,0,0.001047197551,-0.007528710602,0.00533066924,0.004719546277,0.0008887309513,0.0104441929,0.05091327066,11.72649147,0,-0.07661560125,-0.04986607311,0.2425803884,0.122473739,1.007687451,0.0002480137639,-2.545663533,-0.122473739,-0.0002480137639,-2.425804897,-2.425804897,0.009579220218,-0.1212902449,-4.793689962e-07,1.917475985e-06,-1.917475985e-06,2.876213977e-06,-3.83495197e-06,-0.1212902449,-4.793689962e-07,1.917475985e-06,-1.917475985e-06,2.876213977e-06,-3.83495197e-06,-0.1212902449,0,0,0,0,0,0
10.03,1,1,6.111954702e-05,3.73907817e-05,1.198422491e-05,0.0001409344849,3.163835375e-05,-0.006618887415,0,0,0,0,0,0.001047197551,-0.007475168177,0.005377791416,0.004704867317,0.0008562807616,0.01006097206,0.04884597646,11.72534473,0,-0.07637258332,-0.04779877891,0.235895346,0.1179683658,1.007666359,0.0002341607905,-2.442298823,-0.1179683658,-0.0002341607905,-2.324606003,-2.324606003,0.009427208982,-0.1162303002,-1.917475985e-06,1.438106989e-06,-0,1.917475985e-06,-2.876213977e-06,-0.1162303002,-1.917475985e-06,1.438106989e-06,-0,1.917475985e-06,-2.876213977e-06,-0.1162303002,0,0,0,0,0,0
10.04,1,1,5.968144003e-05,3.715109721e-05,1.198422491e-05,0.0001411741694,3.163835375e-05,-0.006594918965,0,0,0,0,0,0.002094395102,-0.007421155266,0.005424766157,0.00469005937,0.0008262363001,0.00970608622,0.0479760875,11.72404617,0,-0.07609642246,-0.0458816924,0.2277435263,0.113794603,1.008690411,0.000226783397,-2.398804375,-0.113794603,-0.000226783397,-2.285082235,-2.285082235,0.009276847968,-0.1142541117,9.587379924e-07,1.917475985e-06,-0,1.438106989e-06,-2.876213977e-06,-0.1142541117,9.587379924e-07,1.917475985e-06,-0,1.438106989e-06,-2.876213977e-06,-0.1142541117,0,0,0,0,0,0
10.05,1,1,6.040049352e-05,3.76304662e-05,1.174454041e-05,0.0001414138539,3.187803825e-05,-0.006571429885,0,0,0,0,0,0.001047197551,-0.007366673349,0.005471592175,0.004675122844,0.0007952434648,0.009340208596,0.04495330729,11.72277829,0,-0.07582578059,-0.04390610974,0.222193362,0.1094931945,1.007618902,0.0002086385453,-2.247665365,-0.1094931945,-0.0002086385453,-2.135173836,-2.135173836,0.009127693911,-0.1067586918,-4.793689962e-07,9.587379924e-07,4.793689962e-07,9.587379924e-07,-3.355582973e-06,-0.1067586918,-4.793689962e-07,9.587379924e-07,4.793689962e-07,9.587379924e-07,-3.355582973e-06,-0.1067586918,0,0,0,0,0,0
10.06,1,1,6.040049352e-05,3.76304662e-05,1.198422491e-05,0.0001404551159,3.091930026e-05,-0.006551056702,0,0,0,0,0,0.002094395102,-0.007311723922,0.005518268186,0.004660058146,0.0007606672198,0.008932457603,0.04380257546,11.72168236,0,-0.07559103682,-0.04170818035,0.2215909216,0.1047034307,1.008646548,0.0002004098133,-2.190128773,-0.1047034307,-0.0002004098133,-2.073441692,-2.073441692,0.008979655913,-0.1036720846,-4.793689962e-07,9.587379924e-07,-0,2.876213977e-06,-1.438106989e-06,-0.1036720846,-4.793689962e-07,9.587379924e-07,-0,2.876213977e-06,-1.438106989e-06,-0.1036720846,0,0,0,0,0,0
10.07,1,1,6.064017802e-05,3.78701507e-05,1.126517141e-05,0.0001414138539,3.187803825e-05,-0.006518459611,0,0,0,0,0,0.003141592654,-0.00725630849,0.005564792912,0.004644865691,0.0007378488794,0.008662652385,0.04338355528,11.71993615,0,-0.07521544027,-0.04024196262,0.2077934982,0.1015257328,1.00966252,0.0001956654756,-2.169177764,-0.1015257328,-0.0001956654756,-2.063105664,-2.063105664,0.008833949359,-0.1031552832,-9.587379924e-07,4.793689962e-07,1.438106989e-06,9.587379924e-07,-3.355582973e-06,-0.1031552832,-9.587379924e-07,4.793689962e-07,1.438106989e-06,9.587379924e-07,-3.355582973e-06,-0.1031552832,0,0,0,0,0,0
10.08,1,1,5.992112453e-05,3.906857319e-05,1.24635939e-05,0.0001411741694,3.163835375e-05,-0.006482267251,0,0.001047197551,0,0,0,0.003141592654,-0.007200428572,0.005611165076,0.004629545894,0.000718161321,0.008429641795,0.04211236371,11.71800784,0,-0.0747984083,-0.03897077105,0.193013712,0.09877860861,1.009626327,0.0001868258935,-2.105618185,-0.09877860861,-0.0001868258935,-2.011569908,-2.011569908,0.008690033307,-0.1005784954,4.793689962e-07,-0.0001066372311,-9.587379924e-07,1.438106989e-06,-2.876213977e-06,-0.1005784954,4.793689962e-07,-0.0001066372311,-9.587379924e-07,1.438106989e-06,-2.876213977e-06,-0.1005784954,0,0,0,0,0,0
10.09,1,1,6.040049352e-05,3.83495197e-05,1.22239094e-05,0.0001409344849,3.163835375e-05,-0.006440801833,0,0,0,0,0,0.003141592654,-0.007144085701,0.005657383407,0.004614099176,0.0007032838681,0.008253083357,0.04114053944,11.71581214,0,-0.07432060471,-0.03799894679,0.1754165004,0.09669157416,1.009584862,0.0001795242407,-2.057026972,-0.09669157416,-0.0001795242407,-1.97848157,-1.97848157,0.008548319718,-0.09892407851,-4.793689962e-07,-4.793689962e-07,-4.793689962e-07,1.917475985e-06,-2.876213977e-06,-0.09892407851,-4.793689962e-07,-4.793689962e-07,-4.793689962e-07,1.917475985e-06,-2.876213977e-06,-0.09892407851,0,0,0,0,0,0
10.1,1,1,6.040049352e-05,3.81098352e-05,1.22239094e-05,0.0001406948004,3.163835375e-05,-0.00639909673,0,0,0,0,0,0.003141592654,-0.007087281421,0.005703446638,0.00459852596,0.0006881846908,0.008074005832,0.0401551931,11.71361835,0,-0.07384002638,-0.03701360044,0.1612729998,0.09457582285,1.009543157,0.0001723453437,-2.007759655,-0.09457582285,-0.0001723453437,-1.941234823,-1.941234823,0.008408514589,-0.09706174116,-4.793689962e-07,-0,-4.793689962e-07,2.396844981e-06,-2.876213977e-06,-0.09706174116,-4.793689962e-07,-0,-4.793689962e-07,2.396844981e-06,-2.876213977e-06,-0.09706174116,0,0,0,0,0,0
10.11,1,1,6.064017802e-05,3.619235921e-05,1.198422491e-05,0.0001409344849,3.163835375e-05,-0.006355234467,0,0,0,0,0,0.005235987756,-0.00703001729,0.005749353506,0.004582826673,0.0006747828224,0.007914885875,0.04137001155,11.71132688,0,-0.07333457674,-0.03613402379,0.1476569847,0.09269381568,1.011598076,0.0001753611528,-2.068500577,-0.09269381568,-0.0001753611528,-2.013712769,-2.013712769,0.008270814889,-0.1006856385,-9.587379924e-07,3.83495197e-06,-0,1.917475985e-06,-2.876213977e-06,-0.1006856385,-9.587379924e-07,3.83495197e-06,-0,1.917475985e-06,-2.876213977e-06,-0.1006856385,0,0,0,0,0,0
10.12,1,1,6.135923152e-05,3.76304662e-05,1.22239094e-05,0.0001409344849,3.163835375e-05,-0.00631113252,0,0,0,0,0,0.003141592654,-0.006972294877,0.005795102752,0.004567001746,0.0006611623568,0.007753279089,0.03838269958,11.7090392,0,-0.0728263509,-0.03524110693,0.1371720983,0.09078344877,1.009455193,0.0001593520324,-1.919134979,-0.09078344877,-0.0001593520324,-1.872905682,-1.872905682,0.008134964669,-0.09364528409,-2.396844981e-06,9.587379924e-07,-4.793689962e-07,1.917475985e-06,-2.876213977e-06,-0.09364528409,-2.396844981e-06,9.587379924e-07,-4.793689962e-07,1.917475985e-06,-2.876213977e-06,-0.09364528409,0,0,0,0,0,0
10.13,1,1,6.135923152e-05,3.643204371e-05,1.174454041e-05,0.0001409344849,3.115898475e-05,-0.006278775112,0,-0.001047197551,0,0,0,0.002094395102,-0.006914115764,0.005840693123,0.004551051612,0.0006353406518,0.007448905982,0.0356845393,11.70737114,0,-0.07245345881,-0.0335901442,0.1425279029,0.08720710688,1.008374267,0.0001453846742,-1.784226965,-0.08720710688,-0.0001453846742,-1.729051554,-1.729051554,0.008000097992,-0.08645257768,-2.396844981e-06,0.0001080753381,4.793689962e-07,1.917475985e-06,-1.917475985e-06,-0.08645257768,-2.396844981e-06,0.0001080753381,4.793689962e-07,1.917475985e-06,-1.917475985e-06,-0.08645257768,0,0,0,0,0,0
10.14,1,1,6.087986252e-05,3.691141271e-05,1.198422491e-05,0.0001402154314,3.187803825e-05,-0.006248335181,0,0,0,0,0,0.002094395102,-0.006855481548,0.005886123369,0.004534976709,0.0006071463666,0.007116883488,0.0338865539,11.70580995,0,-0.07210265713,-0.0317921588,0.1493381348,0.08330888556,1.008343827,0.0001357486292,-1.694327695,-0.08330888556,-0.0001357486292,-1.628434195,-1.628434195,0.007866592726,-0.08142170973,-1.438106989e-06,2.396844981e-06,-0,3.355582973e-06,-3.355582973e-06,-0.08142170973,-1.438106989e-06,2.396844981e-06,-0,3.355582973e-06,-3.355582973e-06,-0.08142170973,0,0,0,0,0,0
10.15,1,1,6.111954702e-05,3.76304662e-05,1.22239094e-05,0.0001406948004,3.163835375e-05,-0.006218614303,0,0,0,0,0,0.003141592654,-0.006796393835,0.005931392243,0.004518777477,0.0005777795314,0.006771269234,0.03306335997,11.70429316,0,-0.07176013567,-0.02992176731,0.1560981297,0.07925292015,1.009362674,0.0001304906327,-1.653167998,-0.07925292015,-0.0001304906327,-1.576453279,-1.576453279,0.007734501656,-0.07882266397,-1.917475985e-06,9.587379924e-07,-4.793689962e-07,2.396844981e-06,-2.876213977e-06,-0.07882266397,-1.917475985e-06,9.587379924e-07,-4.793689962e-07,2.396844981e-06,-2.876213977e-06,-0.07882266397,0,0,0,0,0,0
10.16,1,1,6.111954702e-05,3.85892042e-05,1.174454041e-05,0.0001409344849,3.187803825e-05,-0.006188653741,0,0,0,0,0,0.002094395102,-0.006736854245,0.005976498505,0.00450245436,0.0005482005038,0.006423308391,0.03013305175,11.70277163,0,-0.07141484554,-0.02803865664,0.1622020615,0.07517051124,1.008284145,0.0001166674222,-1.506652587,-0.07517051124,-0.0001166674222,-1.419737705,-1.419737705,0.007603747985,-0.07098688523,-1.917475985e-06,-9.587379924e-07,4.793689962e-07,1.917475985e-06,-3.355582973e-06,-0.07098688523,-1.917475985e-06,-9.587379924e-07,4.793689962e-07,1.917475985e-06,-3.355582973e-06,-0.07098688523,0,0,0,0,0,0
10.17,1,1,6.087986252e-05,3.882888869e-05,1.174454041e-05,0.0001414138539,3.115898475e-05,-0.006160610655,0,0,0,0,0,0.003141592654,-0.006676864411,0.006021440919,0.004486007807,0.0005162537559,0.00604778035,0.0291505373,11.70135432,0,-0.07109164819,-0.02600894464,0.1693814021,0.0707672207,1.009304671,0.0001111681328,-1.457526865,-0.0707672207,-0.0001111681328,-1.359023852,-1.359023852,0.007474367839,-0.06795119258,-1.438106989e-06,-1.438106989e-06,4.793689962e-07,9.587379924e-07,-1.917475985e-06,-0.06795119258,-1.438106989e-06,-1.438106989e-06,4.793689962e-07,9.587379924e-07,-1.917475985e-06,-0.06795119258,0,0,0,0,0,0
10.18,1,1,6.064017802e-05,3.73907817e-05,1.150485591e-05,0.0001411741694,3.163835375e-05,-0.006130650093,0,0,0,0,0,0.002094395102,-0.006616425977,0.006066218251,0.004469438267,0.0004857758843,0.005689584092,0.02616535216,11.69984738,0,-0.07074634571,-0.02407095706,0.174062582,0.06656726552,1.008226142,9.787144589e-05,-1.308267608,-0.06656726552,-9.787144589e-05,-1.200870163,-1.200870163,0.007346693631,-0.06004350815,-9.587379924e-07,1.438106989e-06,9.587379924e-07,1.438106989e-06,-2.876213977e-06,-0.06004350815,-9.587379924e-07,1.438106989e-06,9.587379924e-07,1.438106989e-06,-2.876213977e-06,-0.06004350815,0,0,0,0,0,0
10.19,1,1,6.183860051e-05,3.715109721e-05,1.126517141e-05,0.0001406948004,3.163835375e-05,-0.006113872178,0.001047197551,0,0,0,0,0.001047197551,-0.0065555406,0.006110829276,0.004452746195,0.0004416684224,0.005172082416,0.02233434121,11.69900678,0,-0.07055297355,-0.02128714365,0.1932518555,0.06050822725,1.007161344,8.192606635e-05,-1.11671706,-0.06050822725,-8.192606635e-05,-0.9840553581,-0.9840553581,0.007219734861,-0.04920276791,-0.0001080753381,1.917475985e-06,1.438106989e-06,2.396844981e-06,-2.876213977e-06,-0.04920276791,-0.0001080753381,1.917475985e-06,1.438106989e-06,2.396844981e-06,-2.876213977e-06,-0.04920276791,0,0,0,0,0,0
10.2,1,1,6.040049352e-05,3.78701507e-05,1.198422491e-05,0.0001404551159,3.091930026e-05,-0.006102607006,0,0,0.001047197551,0,0,0.001047197551,-0.00649420995,0.006155272768,0.004435932049,0.0003916029435,0.004585058118,0.01918141823,11.6984437,0,-0.07042313685,-0.01813422068,0.2156453573,0.05363804428,1.007150079,6.913408146e-05,-0.9590709114,-0.05363804428,-6.913408146e-05,-0.7971327324,-0.7971327324,0.007093944685,-0.03985663662,-4.793689962e-07,4.793689962e-07,-0.0001047197551,2.876213977e-06,-1.438106989e-06,-0.03985663662,-4.793689962e-07,4.793689962e-07,-0.0001047197551,2.876213977e-06,-1.438106989e-06,-0.03985663662,0,0,0,0,0,0
10.21,1,1,6.016080902e-05,3.76304662e-05,1.24635939e-05,0.0001418932229,3.139866925e-05,-0.00609373868,0,0,0,0,0,0,-0.006432435707,0.006199547511,0.00441899629,0.0003386970274,0.003964992692,0.01480590964,11.69800118,0,-0.07032092435,-0.01480590964,0.2371126185,0.04638248919,1.006093739,5.231760961e-05,-0.7402954822,-0.04638248919,-5.231760961e-05,-0.5496176705,-0.5496176705,0.00696937507,-0.02748088353,-0,9.587379924e-07,-9.587379924e-07,-0,-2.396844981e-06,-0.02748088353,-0,9.587379924e-07,-9.587379924e-07,-0,-2.396844981e-06,-0.02748088353,0,0,0,0,0,0
10.22,1,1,6.159891601e-05,3.73907817e-05,1.150485591e-05,0.0001418932229,3.091930026e-05,-0.006088465621,0,0,0,0,0,0,-0.006370219566,0.00624365229,0.004401939381,0.0002817539452,0.003297892732,0.01122806955,11.69773837,0,-0.07026014909,-0.01122806955,0.2591787911,0.03857788634,1.006088466,3.897377227e-05,-0.5614034773,-0.03857788634,-3.897377227e-05,-0.3408415464,-0.3408415464,0.006846185173,-0.01704207732,-2.876213977e-06,1.438106989e-06,9.587379924e-07,-0,-1.438106989e-06,-0.01704207732,-2.876213977e-06,1.438106989e-06,9.587379924e-07,-0,-1.438106989e-06,-0.01704207732,0,0,0,0,0,0
10.23,1,1,6.135923152e-05,3.715109721e-05,1.174454041e-05,0.0001404551159,3.187803825e-05,-0.006079117925,0,0,0,0,0,0,-0.006307563232,0.006287585897,0.004384761792,0.0002284453065,0.002673501772,0.007876765754,11.69727305,0,-0.07015241065,-0.007876765754,0.2728037182,0.03127268023,1.006079118,2.685544224e-05,-0.3938382877,-0.03127268023,-2.685544224e-05,-0.1523341051,-0.1523341051,0.006724665889,-0.007616705256,-2.396844981e-06,1.917475985e-06,4.793689962e-07,2.876213977e-06,-3.355582973e-06,-0.007616705256,-2.396844981e-06,1.917475985e-06,4.793689962e-07,2.876213977e-06,-3.355582973e-06,-0.007616705256,0,0,0,0,0,0
10.24,1,1,6.111954702e-05,3.667172821e-05,1.27032784e-05,0.0001421329074,3.211772275e-05,-0.006065935278,0,0,0,0,0,0.001047197551,-0.006244468423,0.006331347126,0.004367463991,0.0001785331447,0.002089032973,0.005784271961,11.69661808,0,-0.07000047078,-0.00473707441,0.2803284959,0.02443462083,1.007113407,1.941001894e-05,-0.2892135981,-0.02443462083,-1.941001894e-05,-0.03333913306,-0.03333913306,0.006604953049,-0.001666956653,-1.917475985e-06,2.876213977e-06,-1.438106989e-06,-4.793689962e-07,-3.83495197e-06,-0.001666956653,-1.917475985e-06,2.876213977e-06,-1.438106989e-06,-4.793689962e-07,-3.83495197e-06,-0.001666956653,0,0,0,0,0,0
10.25,1,1,6.016080902e-05,3.643204371e-05,1.126517141e-05,0.0001418932229,3.067961576e-05,-0.006047239887,0,0,0,0,-0.001047197551,0.002094395102,-0.006180936868,0.006374934777,0.004350046455,0.0001336969809,0.001564124219,0.004007388944,11.69569171,0,-0.06978499034,-0.001912993842,0.2804651733,0.01829351465,1.008142732,1.323466157e-05,-0.2003694472,-0.01829351465,-1.323466157e-05,0.06178897677,0.06178897677,0.006487175967,0.003089448839,-0,3.355582973e-06,1.438106989e-06,-0,0.0001037610171,0.003089448839,-0,3.355582973e-06,1.438106989e-06,-0,0.0001037610171,0.003089448839,0,0,0,0,0,0
10.26,1,1,6.016080902e-05,3.691141271e-05,1.150485591e-05,0.0001409344849,3.187803825e-05,-0.006023750806,0,0,0,0,0,0.003141592654,-0.00611697031,0.006418347657,0.00433250966,9.321950337e-05,0.001090373728,0.002501454447,11.69453195,0,-0.06951425506,0.0006401382069,0.2758844353,0.01275141041,1.009167811,8.130298655e-06,-0.1250727223,-0.01275141041,-8.130298655e-06,0.1380521722,0.1380521722,0.006371402016,0.006902608612,-0,2.396844981e-06,9.587379924e-07,1.917475985e-06,-3.355582973e-06,0.006902608612,-0,2.396844981e-06,9.587379924e-07,1.917475985e-06,-3.355582973e-06,0.006902608612,0,0,0,0,0,0
10.27,1,1,6.064017802e-05,3.73907817e-05,1.198422491e-05,0.0001411741694,3.139866925e-05,-0.006001699833,0,0,0,0,0,0.001047197551,-0.006052570502,0.006461584575,0.004314854087,5.08706689e-05,0.0005949172147,-0.002261453632,11.69344741,0,-0.06926009192,0.003308651183,0.2745323713,0.006956633164,1.007049172,-7.188737583e-06,0.1130726816,-0.006956633164,7.188737583e-06,0.3806556084,0.3806556084,0.006257652194,0.01903278042,-9.587379924e-07,1.438106989e-06,-0,1.438106989e-06,-2.396844981e-06,0.01903278042,-9.587379924e-07,1.438106989e-06,-0,1.438106989e-06,-2.396844981e-06,0.01903278042,0,0,0,0,0,0
10.28,1,1,6.111954702e-05,3.76304662e-05,1.150485591e-05,0.0001416535384,3.139866925e-05,-0.00598875687,0,0,0,0,0,0.001047197551,-0.005987739209,0.006504644345,0.00429708022,-1.017660909e-06,-1.189929346e-05,-0.005520513909,11.69281273,0,-0.06911090765,0.00656771146,0.2837330098,-0.0001391362101,1.007036229,-1.723527917e-05,0.2760256955,0.0001391362101,1.723527917e-05,0.5599150768,0.5599150768,0.006146074545,0.02799575384,-1.917475985e-06,9.587379924e-07,9.587379924e-07,4.793689962e-07,-2.396844981e-06,0.02799575384,-1.917475985e-06,9.587379924e-07,9.587379924e-07,4.793689962e-07,-2.396844981e-06,0.02799575384,0,0,0,0,0,0
10.29,1,1,6.016080902e-05,3.78701507e-05,1.174454041e-05,0.0001409344849,3.139866925e-05,-0.005975574222,0,0,0,0,0,0,-0.005922478209,0.006547525786,0.004279188546,-5.309601326e-05,-0.0006207388325,-0.00983766799,11.69216773,0,-0.06895895952,0.00983766799,0.2917392402,-0.007257782548,1.005975574,-3.010371122e-05,0.4918833995,0.007257782548,3.010371122e-05,0.790910526,0.790910526,0.006036786985,0.0395455263,-0,4.793689962e-07,4.793689962e-07,1.917475985e-06,-2.396844981e-06,0.0395455263,-0,4.793689962e-07,4.793689962e-07,1.917475985e-06,-2.396844981e-06,0.0395455263,0,0,0,0,0,0
10.3,1,1,6.016080902e-05,3.73907817e-05,1.198422491e-05,0.0001409344849,3.139866925e-05,-0.005960713783,0,0,0,0,0,0.001047197551,-0.005856789291,0.006590227724,0.004261179556,-0.000103924492,-0.001214765571,-0.011982131,11.69144239,0,-0.0687876711,0.01302932855,0.2968189083,-0.0142023617,1.007008185,-3.609007545e-05,0.59910655,0.0142023617,3.609007545e-05,0.9101639101,0.9101639101,0.005929844208,0.04550819551,-0,1.438106989e-06,-0,1.917475985e-06,-2.396844981e-06,0.04550819551,-0,1.438106989e-06,-0,1.917475985e-06,-2.396844981e-06,0.04550819551,0,0,0,0,0,0
10.31,1,1,6.040049352e-05,3.691141271e-05,1.126517141e-05,0.0001414138539,3.163835375e-05,-0.005952085141,0,0,0,0,0,0.001047197551,-0.005790674257,0.006632748988,0.004243053744,-0.0001614108847,-0.001886430057,-0.01558529939,11.69102208,0,-0.06868821261,0.01663249694,0.3084247912,-0.02205429544,1.006999557,-4.611596707e-05,0.7792649695,0.02205429544,4.611596707e-05,1.109790172,1.109790172,0.00582557698,0.05548950861,-4.793689962e-07,2.396844981e-06,1.438106989e-06,9.587379924e-07,-2.876213977e-06,0.05548950861,-4.793689962e-07,2.396844981e-06,1.438106989e-06,9.587379924e-07,-2.876213977e-06,0.05548950861,0,0,0,0,0,0
10.32,1,1,6.040049352e-05,3.715109721e-05,1.174454041e-05,0.0001411741694,3.139866925e-05,-0.005946093029,0,0,0,0,0,0,-0.005724134918,0.006675088412,0.004224811607,-0.0002219581113,-0.002593670023,-0.02042417555,11.69073056,0,-0.06861914391,0.02042417555,0.3214705269,-0.03032189739,1.005946093,-5.925640025e-05,1.021208778,0.03032189739,5.925640025e-05,1.373060458,1.373060458,0.005724174909,0.06865302291,-4.793689962e-07,1.917475985e-06,4.793689962e-07,1.438106989e-06,-2.396844981e-06,0.06865302291,-4.793689962e-07,1.917475985e-06,4.793689962e-07,1.438106989e-06,-2.396844981e-06,0.06865302291,0,0,0,0,0,0
10.33,1,1,6.016080902e-05,3.73907817e-05,1.174454041e-05,0.0001414138539,3.163835375e-05,-0.005934108804,0,0,0,0,0,0.002094395102,-0.005657173099,0.006717244834,0.004206453644,-0.0002769357056,-0.003235588421,-0.02177561453,11.69014842,0,-0.06848100579,0.02387000963,0.3254996851,-0.03782450886,1.008029601,-6.234482242e-05,1.088780726,0.03782450886,6.234482242e-05,1.452167265,1.452167265,0.005625470633,0.07260836326,-0,1.438106989e-06,4.793689962e-07,9.587379924e-07,-2.876213977e-06,0.07260836326,-0,1.438106989e-06,4.793689962e-07,9.587379924e-07,-2.876213977e-06,0.07260836326,0,0,0,0,0,0
10.34,1,1,5.968144003e-05,3.78701507e-05,1.174454041e-05,0.0001421329074,3.211772275e-05,-0.005917091205,0,0,0,0,0,0.001047197551,-0.005589790635,0.0067592171,0.004187980359,-0.0003273005698,-0.003823379801,-0.02598227115,11.68932385,0,-0.06828484796,0.0270294687,0.323779518,-0.04469272468,1.006964563,-7.296329102e-05,1.299113558,0.04469272468,7.296329102e-05,1.667658764,1.667658764,0.005529512124,0.08338293818,9.587379924e-07,4.793689962e-07,4.793689962e-07,-4.793689962e-07,-3.83495197e-06,0.08338293818,9.587379924e-07,4.793689962e-07,4.793689962e-07,-4.793689962e-07,-3.83495197e-06,0.08338293818,0,0,0,0,0,0
10.35,1,1,6.016080902e-05,3.78701507e-05,1.174454041e-05,0.0001409344849,3.139866925e-05,-0.005898635498,0,-0.001047197551,0,0,0,0.002094395102,-0.005521989374,0.006801004059,0.004169392258,-0.0003766461241,-0.004399056383,-0.02803069352,11.68843233,0,-0.06807211119,0.03012508863,0.3211340308,-0.05141807285,1.007994127,-7.754676256e-05,1.401534676,0.05141807285,7.754676256e-05,1.774164327,1.774164327,0.005436372674,0.08870821633,-0,0.0001051991241,4.793689962e-07,1.917475985e-06,-2.396844981e-06,0.08870821633,-0,0.0001051991241,4.793689962e-07,1.917475985e-06,-2.396844981e-06,0.08870821633,0,0,0,0,0,0
10.36,1,1,5.992112453e-05,3.73907817e-05,1.22239094e-05,0.0001409344849,3.139866925e-05,-0.005869633674,0,0,0,0,0,0.002094395102,-0.005453771175,0.006842604564,0.004150689852,-0.0004158624988,-0.00485615135,-0.03049894267,11.68703713,0,-0.06773780588,0.03259333777,0.3073714676,-0.05675402114,1.007965125,-8.296162463e-05,1.524947133,0.05675402114,8.296162463e-05,1.889155584,1.889155584,0.005345724844,0.09445777919,4.793689962e-07,1.438106989e-06,-4.793689962e-07,1.917475985e-06,-2.396844981e-06,0.09445777919,4.793689962e-07,1.438106989e-06,-4.793689962e-07,1.917475985e-06,-2.396844981e-06,0.09445777919,0,0,0,0,0,0
10.37,1,1,5.944175553e-05,3.81098352e-05,1.150485591e-05,0.0001409344849,3.115898475e-05,-0.005834400053,0,0,0,0,0,0.003141592654,-0.005385137908,0.006884017476,0.004131873652,-0.0004492621446,-0.005245099516,-0.03155968537,11.6853516,0,-0.06733165872,0.03470127803,0.2897176832,-0.06129083204,1.00897846,-8.459779775e-05,1.577984269,0.06129083204,8.459779775e-05,1.929077382,1.929077382,0.005257423828,0.09645386908,1.438106989e-06,-0,9.587379924e-07,1.917475985e-06,-1.917475985e-06,0.09645386908,1.438106989e-06,-0,9.587379924e-07,1.917475985e-06,-1.917475985e-06,0.09645386908,0,0,0,0,0,0
10.38,1,1,6.016080902e-05,3.73907817e-05,1.198422491e-05,0.0001414138539,3.115898475e-05,-0.005801802961,0,0,0,0,0,0.003141592654,-0.005316091455,0.00692524166,0.004112944174,-0.0004857115063,-0.005669522885,-0.03385585893,11.68380144,0,-0.0669558961,0.03699745158,0.2788571135,-0.06624157965,1.008945863,-8.926697754e-05,1.692792947,0.06624157965,8.926697754e-05,2.037980907,2.037980907,0.005171807122,0.1018990453,-0,1.438106989e-06,-0,9.587379924e-07,-1.917475985e-06,0.1018990453,-0,1.438106989e-06,-0,9.587379924e-07,-1.917475985e-06,0.1018990453,0,0,0,0,0,0
10.39,1,1,6.016080902e-05,3.73907817e-05,1.198422491e-05,0.0001404551159,3.139866925e-05,-0.005768247131,0,0,0,0,0,0.003141592654,-0.005246633708,0.006966275984,0.004093901939,-0.0005216134235,-0.006087384838,-0.03611774358,11.68221496,0,-0.06656907422,0.03925933624,0.2690103601,-0.07111413822,1.008912307,-9.36981963e-05,1.805887179,0.07111413822,9.36981963e-05,2.146105376,2.146105376,0.005089045551,0.1073052688,-0,1.438106989e-06,-0,2.876213977e-06,-2.396844981e-06,0.1073052688,-0,1.438106989e-06,-0,2.876213977e-06,-2.396844981e-06,0.1073052688,0,0,0,0,0,0
10.4,1,1,6.040049352e-05,3.73907817e-05,1.198422491e-05,0.0001411741694,3.163835375e-05,-0.005723905499,0,0,0,0,0,0.004188790205,-0.005176766572,0.007007119324,0.004074747467,-0.0005471389275,-0.006383882838,-0.03669038955,11.68013296,0,-0.06605790527,0.04087917976,0.2492667969,-0.07456460035,1.009917082,-9.385610834e-05,1.834519478,0.07456460035,9.385610834e-05,2.158444731,2.158444731,0.005008130682,0.1079222366,-4.793689962e-07,1.438106989e-06,-0,1.438106989e-06,-2.876213977e-06,0.1079222366,-4.793689962e-07,1.438106989e-06,-0,1.438106989e-06,-2.876213977e-06,0.1079222366,0,0,0,0,0,0
10.41,1,1,6.135923152e-05,3.715109721e-05,1.150485591e-05,0.0001416535384,3.163835375e-05,-0.005659430369,0,0,0,0,0,0.006283185307,-0.005106491962,0.007047770561,0.004055481283,-0.0005529384075,-0.006449903999,-0.03499582958,11.6771349,0,-0.0653146149,0.04127901489,0.2107126187,-0.0753163991,1.011952485,-8.844742808e-05,1.749791479,0.0753163991,8.844742808e-05,2.035908944,2.035908944,0.004928095729,0.1017954472,-2.396844981e-06,1.917475985e-06,9.587379924e-07,4.793689962e-07,-2.876213977e-06,0.1017954472,-2.396844981e-06,1.917475985e-06,9.587379924e-07,4.793689962e-07,-2.876213977e-06,0.1017954472,0,0,0,0,0,0
10.42,1,1,6.016080902e-05,3.78701507e-05,1.198422491e-05,0.0001414138539,3.163835375e-05,-0.005593277448,0,0,0,0,0,0.007330382858,-0.005035811805,0.007088228579,0.004036103917,-0.0005574656432,-0.006501049578,-0.03426962102,11.67409487,0,-0.06455195423,0.04160000388,0.1776898174,-0.07589386952,1.012937094,-8.540037083e-05,1.713481051,0.07589386952,8.540037083e-05,1.967150138,1.967150138,0.004849690281,0.09835750691,-0,4.793689962e-07,-0,9.587379924e-07,-2.876213977e-06,0.09835750691,-0,4.793689962e-07,-0,9.587379924e-07,-2.876213977e-06,0.09835750691,0,0,0,0,0,0
10.43,1,1,5.920207103e-05,3.81098352e-05,1.174454041e-05,0.0001409344849,3.187803825e-05,-0.005516578408,0,0,-0.001047197551,0,0,0.007330382858,-0.004964728038,0.00712849227,0.004016615899,-0.0005518503704,-0.006433808658,-0.03396322838,11.67061586,0,-0.06366767472,0.04129361124,0.1396172098,-0.07508650933,1.012860395,-8.326976146e-05,1.698161419,0.07508650933,8.326976146e-05,1.912948408,1.912948408,0.004772077801,0.0956474204,1.917475985e-06,-0,0.0001051991241,1.917475985e-06,-3.355582973e-06,0.0956474204,1.917475985e-06,-0,0.0001051991241,1.917475985e-06,-3.355582973e-06,0.0956474204,0,0,0,0,0,0
10.44,1,1,6.016080902e-05,3.76304662e-05,1.22239094e-05,0.0001406948004,3.163835375e-05,-0.005436284102,0,0,0,0,0,0.007330382858,-0.004893242611,0.00716856053,0.003997017763,-0.0005430414909,-0.006329358904,-0.03345911008,11.66702626,0,-0.06274190457,0.04078949294,0.1047922835,-0.07384479653,1.012780101,-8.070286082e-05,1.672955504,0.07384479653,8.070286082e-05,1.851673287,1.851673287,0.004695387641,0.09258366434,-0,9.587379924e-07,-4.793689962e-07,2.396844981e-06,-2.876213977e-06,0.09258366434,-0,9.587379924e-07,-4.793689962e-07,2.396844981e-06,-2.876213977e-06,0.09258366434,0,0,0,0,0,0
10.45,1,1,6.040049352e-05,3.715109721e-05,1.054611792e-05,0.0001406948004,3.163835375e-05,-0.005364618437,0,0,0,0,0,0.006283185307,-0.004821357482,0.00720843226,0.003977310047,-0.0005432609541,-0.006330286262,-0.03456032923,11.66386772,0,-0.06191558605,0.04084351454,0.08691208528,-0.07383562159,1.011657673,-8.184636044e-05,1.728016461,0.07383562159,8.184636044e-05,1.888846015,1.888846015,0.004620490541,0.09444230073,-4.793689962e-07,1.917475985e-06,2.876213977e-06,2.396844981e-06,-2.876213977e-06,0.09444230073,-4.793689962e-07,1.917475985e-06,2.876213977e-06,2.396844981e-06,-2.876213977e-06,0.09444230073,0,0,0,0,0,0
10.46,1,1,6.064017802e-05,3.73907817e-05,1.174454041e-05,0.0001409344849,3.235740724e-05,-0.005298944884,0,0,0,0,0,0.005235987756,-0.004749074624,0.007248106368,0.003957493291,-0.0005498702599,-0.006405737816,-0.03605655518,11.66101077,0,-0.06115832983,0.04129254293,0.07959926709,-0.07469737768,1.010541787,-8.384875526e-05,1.802827759,0.07469737768,8.384875526e-05,1.957208252,1.957208252,0.004547225642,0.09786041262,-9.587379924e-07,1.438106989e-06,4.793689962e-07,1.917475985e-06,-4.314320966e-06,0.09786041262,-9.587379924e-07,1.438106989e-06,4.793689962e-07,1.917475985e-06,-4.314320966e-06,0.09786041262,0,0,0,0,0,0
10.47,1,1,6.040049352e-05,3.76304662e-05,1.078580241e-05,0.0001406948004,3.115898475e-05,-0.005249090509,0,0,0,0,0,0.004188790205,-0.004676396018,0.007287581765,0.003937568038,-0.000572694491,-0.006670206893,-0.03855541699,11.65886593,0,-0.06058346079,0.04274420719,0.09195668347,-0.07776704787,1.009442267,-8.807543594e-05,1.927770849,0.07776704787,8.807543594e-05,2.097582656,2.097582656,0.004476764095,0.1048791328,-4.793689962e-07,9.587379924e-07,2.396844981e-06,2.396844981e-06,-1.917475985e-06,0.1048791328,-4.793689962e-07,9.587379924e-07,2.396844981e-06,2.396844981e-06,-1.917475985e-06,0.1048791328,0,0,0,0,0,0
10.48,1,1,6.040049352e-05,3.715109721e-05,1.150485591e-05,0.0001406948004,3.211772275e-05,-0.005210740989,0,0,0,0,0,0.002094395102,-0.004603323655,0.007326857369,0.003917534835,-0.0006074173339,-0.00707327377,-0.04283702517,11.65723009,0,-0.06014124361,0.04493142027,0.1153045629,-0.08245477984,1.007306233,-9.597055534e-05,2.141851258,0.08245477984,9.597055534e-05,2.339706572,2.339706572,0.004409413062,0.1169853286,-4.793689962e-07,1.917475985e-06,9.587379924e-07,2.396844981e-06,-3.83495197e-06,0.1169853286,-4.793689962e-07,1.917475985e-06,9.587379924e-07,2.396844981e-06,-3.83495197e-06,0.1169853286,0,0,0,0,0,0
10.49,1,1,5.992112453e-05,3.643204371e-05,1.150485591e-05,0.0001414138539,3.163835375e-05,-0.005187970962,0,0,0,0,0,0.002094395102,-0.00452985954,0.007365932103,0.003897394231,-0.0006581114218,-0.007662352809,-0.04601134606,11.65626459,0,-0.05987867297,0.04810574117,0.1523397603,-0.08931441174,1.007283463,-0.0001015855014,2.300567303,0.08931441174,0.0001015855014,2.542323061,2.542323061,0.004345822317,0.127116153,4.793689962e-07,3.355582973e-06,9.587379924e-07,9.587379924e-07,-2.876213977e-06,0.127116153,4.793689962e-07,3.355582973e-06,9.587379924e-07,9.587379924e-07,-2.876213977e-06,0.127116153,0,0,0,0,0,0
10.5,1,1,6.040049352e-05,3.595267472e-05,1.198422491e-05,0.0001414138539,3.187803825e-05,-0.00517454863,0,0,0,0,0,0,-0.004456005686,0.007404804897,0.003877146778,-0.0007185429437,-0.0083647386,-0.05188134593,11.65569747,0,-0.05972389304,0.05188134593,0.1938570564,-0.09749686255,1.005174549,-0.0001125018911,2.594067297,0.09749686255,0.0001125018911,2.885533717,2.885533717,0.004286668305,0.1442766859,-4.793689962e-07,4.314320966e-06,-0,9.587379924e-07,-3.355582973e-06,0.1442766859,-4.793689962e-07,4.314320966e-06,-0,9.587379924e-07,-3.355582973e-06,0.1442766859,0,0,0,0,0,0
10.51,1,1,5.992112453e-05,3.715109721e-05,1.126517141e-05,0.0001406948004,3.139866925e-05,-0.005168077148,0,0,0,0,0,0.001047197551,-0.004381764118,0.007443474684,0.00385679303,-0.0007863130297,-0.009152455463,-0.05506242609,11.65542457,0,-0.05964926662,0.05610962364,0.2358121224,-0.1066757543,1.006215549,-0.0001181127688,2.753121305,0.1066757543,0.0001181127688,3.095727294,3.095727294,0.004231977475,0.1547863647,4.793689962e-07,1.917475985e-06,1.438106989e-06,2.396844981e-06,-2.396844981e-06,0.1547863647,4.793689962e-07,1.917475985e-06,1.438106989e-06,2.396844981e-06,-2.396844981e-06,0.1547863647,0,0,0,0,0,0
10.52,1,1,6.064017802e-05,3.73907817e-05,1.150485591e-05,0.0001411741694,3.187803825e-05,-0.005166159672,0,0,0,0,0,0,-0.004307136873,0.007481940405,0.003836333547,-0.0008590227997,-0.009997538141,-0.06064205862,11.65534378,0,-0.05962715504,0.06064205862,0.2756483659,-0.116524744,1.00516616,-0.0001282687719,3.032102931,0.116524744,0.0001282687719,3.42440431,3.42440431,0.004182233873,0.1712202155,-9.587379924e-07,1.438106989e-06,9.587379924e-07,1.438106989e-06,-3.355582973e-06,0.1712202155,-9.587379924e-07,1.438106989e-06,9.587379924e-07,1.438106989e-06,-3.355582973e-06,0.1712202155,0,0,0,0,0,0
10.53,1,1,5.944175553e-05,3.715109721e-05,1.150485591e-05,0.0001409344849,3.163835375e-05,-0.005161845351,0,0,0,0,0,0,-0.004232125994,0.007520201005,0.003815768889,-0.0009297193571,-0.01081894782,-0.06504899043,11.65516211,0,-0.0595774039,0.06504899043,0.3057366232,-0.1260965907,1.005161845,-0.0001360995056,3.252449521,0.1260965907,0.0001360995056,3.684418835,3.684418835,0.004137407094,0.1842209417,1.438106989e-06,1.917475985e-06,9.587379924e-07,1.917475985e-06,-2.876213977e-06,0.1842209417,1.438106989e-06,1.917475985e-06,9.587379924e-07,1.917475985e-06,-2.876213977e-06,0.1842209417,0,0,0,0,0,0
10.54,1,1,5.968144003e-05,3.81098352e-05,1.150485591e-05,0.0001416535384,3.091930026e-05,-0.005156572292,0,0,0,0,0,0,-0.00415673354,0.007558255434,0.003795099619,-0.0009998387526,-0.01163342339,-0.06941921115,11.65494028,0,-0.0595165968,0.06941921115,0.3297083156,-0.1355868549,1.005156572,-0.0001438332289,3.470960557,0.1355868549,0.0001438332289,3.936399561,3.936399561,0.004097763305,0.196819978,9.587379924e-07,-0,9.587379924e-07,4.793689962e-07,-1.438106989e-06,0.196819978,9.587379924e-07,-0,9.587379924e-07,4.793689962e-07,-1.438106989e-06,0.196819978,0,0,0,0,0,0
10.55,1,1,6.064017802e-05,3.76304662e-05,1.174454041e-05,0.0001409344849,3.187803825e-05,-0.005137876901,0,0,0,0,0,0.002094395102,-0.004080961576,0.00759610265,0.003774326305,-0.001056915325,-0.01229568615,-0.07088879479,11.65415564,0,-0.05930100668,0.07298318989,0.3342701119,-0.1432958401,1.007233369,-0.0001461746427,3.54443974,0.1432958401,0.0001461746427,4.022151866,4.022151866,0.004061541055,0.2011075933,-9.587379924e-07,9.587379924e-07,4.793689962e-07,1.917475985e-06,-3.355582973e-06,0.2011075933,-9.587379924e-07,9.587379924e-07,4.793689962e-07,1.917475985e-06,-3.355582973e-06,0.2011075933,0,0,0,0,0,0
10.56,1,1,6.016080902e-05,3.76304662e-05,1.174454041e-05,0.0001406948004,3.211772275e-05,-0.005102882965,0,0,0,0,0,0.003141592654,-0.004004812181,0.007633741616,0.003753449516,-0.001098070784,-0.01277222835,-0.07242214158,11.65269475,0,-0.05889746065,0.07556373423,0.320109588,-0.1488308782,1.008246943,-0.000148379238,3.621107079,0.1488308782,0.000148379238,4.090195925,4.090195925,0.004027605426,0.2045097962,-0,9.587379924e-07,4.793689962e-07,2.396844981e-06,-3.83495197e-06,0.2045097962,-0,9.587379924e-07,4.793689962e-07,2.396844981e-06,-3.83495197e-06,0.2045097962,0,0,0,0,0,0
10.57,1,1,6.016080902e-05,3.667172821e-05,1.102548691e-05,0.0001411741694,3.115898475e-05,-0.005056144488,0,0,0,0,0,0.006283185307,-0.003928287441,0.007671171298,0.003732469825,-0.001127857046,-0.01311615469,-0.07115900072,11.6507594,0,-0.05835846671,0.07744218603,0.2954390702,-0.1528131626,1.011349199,-0.0001455258841,3.557950036,0.1528131626,0.0001455258841,4.006347795,4.006347795,0.003995564198,0.2003173897,-0,2.876213977e-06,1.917475985e-06,1.438106989e-06,-1.917475985e-06,0.2003173897,-0,2.876213977e-06,1.917475985e-06,1.438106989e-06,-1.917475985e-06,0.2003173897,0,0,0,0,0,0
10.58,1,1,6.016080902e-05,3.73907817e-05,1.126517141e-05,0.0001406948004,3.139866925e-05,-0.004969378699,0,0,0,0,0,0.01047197551,-0.003851389456,0.007708390671,0.003711387805,-0.001117989243,-0.01299807726,-0.06640072546,11.6472146,0,-0.05735783917,0.07687270097,0.2303195719,-0.1513913953,1.01546877,-0.0001357215202,3.320036273,0.1513913953,0.0001357215202,3.701882962,3.701882962,0.003960630928,0.1850941481,-0,1.438106989e-06,1.438106989e-06,2.396844981e-06,-2.396844981e-06,0.1850941481,-0,1.438106989e-06,1.438106989e-06,2.396844981e-06,-2.396844981e-06,0.1850941481,0,0,0,0,0,0
10.59,1,1,5.968144003e-05,3.73907817e-05,1.198422491e-05,0.0001406948004,3.115898475e-05,-0.004830601375,0,0,0,0,0,0.01675516082,-0.003774120332,0.007745398715,0.003690204036,-0.001056481042,-0.01227887185,-0.05635916092,11.64167447,0,-0.05575729864,0.07311432174,0.1185012649,-0.1429466289,1.021655946,-0.0001154024338,2.817958046,0.1429466289,0.0001154024338,3.079521342,3.079521342,0.003918901305,0.1539760671,9.587379924e-07,1.438106989e-06,-0,2.396844981e-06,-1.917475985e-06,0.1539760671,9.587379924e-07,1.438106989e-06,-0,2.396844981e-06,-1.917475985e-06,0.1539760671,0,0,0,0,0,0
10.6,1,1,6.087986252e-05,3.73907817e-05,1.150485591e-05,0.0001406948004,3.115898475e-05,-0.004623513968,0,0,0,0,0,0.02408554368,-0.003696482189,0.007782194414,0.003668919099,-0.0009270317791,-0.01076973521,-0.04107129491,11.63370347,0,-0.05336872885,0.06515683858,-0.04978416605,-0.1252919059,1.028854086,-8.419026857e-05,2.053564745,0.1252919059,8.419026857e-05,2.129156675,2.129156675,0.003867353777,0.1064578338,-1.438106989e-06,1.438106989e-06,9.587379924e-07,2.396844981e-06,-1.917475985e-06,0.1064578338,-1.438106989e-06,1.438106989e-06,9.587379924e-07,2.396844981e-06,-1.917475985e-06,0.1064578338,0,0,0,0,0,0
10.61,1,1,6.135923152e-05,3.73907817e-05,1.22239094e-05,0.0001399757469,3.163835375e-05,-0.00437903578,0,0,0,0,0,0.02408554368,-0.003618477155,0.007818776761,0.003647533576,-0.0007605586251,-0.008831604216,-0.03081951752,11.62474887,0,-0.05054859613,0.05490506119,-0.2282861113,-0.1026651811,1.028609608,-6.218909152e-05,1.540975876,0.1026651811,6.218909152e-05,1.415417135,1.415417135,0.003808208779,0.07077085674,-2.396844981e-06,1.438106989e-06,-4.793689962e-07,3.83495197e-06,-2.876213977e-06,0.07077085674,-2.396844981e-06,1.438106989e-06,-4.793689962e-07,3.83495197e-06,-2.876213977e-06,0.07077085674,0,0,0,0,0,0
10.62,1,1,6.159891601e-05,3.76304662e-05,1.150485591e-05,0.0001411741694,3.163835375e-05,-0.004122573367,0,0,0,0,0,0.02827433388,-0.003540107369,0.007855144753,0.003626048054,-0.0005824659987,-0.006760444011,-0.01565254943,11.61588443,0,-0.04758989761,0.04392688332,-0.3883225291,-0.07852853631,1.032596767,-3.130508086e-05,0.7826274717,0.07852853631,3.130508086e-05,0.472864784,0.472864784,0.003744885188,0.0236432392,-2.876213977e-06,9.587379924e-07,9.587379924e-07,1.438106989e-06,-2.876213977e-06,0.0236432392,-2.876213977e-06,9.587379924e-07,9.587379924e-07,1.438106989e-06,-2.876213977e-06,0.0236432392,0,0,0,0,0,0
10.63,1,1,6.087986252e-05,3.715109721e-05,1.150485591e-05,0.0001406948004,3.139866925e-05,-0.003820091531,0,0,0,0,0,0.02932153143,-0.003461374978,0.007891297391,0.003604463122,-0.0003587165527,-0.004161375819,-0.0007926571264,11.60612411,0,-0.0440998921,0.03011418856,-0.5705281921,-0.04829744424,1.033356561,-1.559596853e-06,0.03963285632,0.04829744424,1.559596853e-06,-0.4825963319,-0.4825963319,0.003678529131,-0.0241298166,-1.438106989e-06,1.917475985e-06,9.587379924e-07,2.396844981e-06,-2.396844981e-06,-0.0241298166,-1.438106989e-06,1.917475985e-06,9.587379924e-07,2.396844981e-06,-2.396844981e-06,-0.0241298166,0,0,0,0,0,0
10.64,1,1,5.944175553e-05,3.715109721e-05,1.174454041e-05,0.0001406948004,3.187803825e-05,-0.003525758967,0,0,0,0,0,0.02932153143,-0.003382282142,0.007927233686,0.003582779372,-0.0001434768251,-0.001663660078,0.01250303616,11.597347,0,-0.04070352485,0.01681849527,-0.7092232963,-0.01929404321,1.033062228,2.414937796e-05,-0.6251518082,0.01929404321,-2.414937796e-05,-1.315105211,-1.315105211,0.003613267348,-0.06575526053,1.438106989e-06,1.917475985e-06,4.793689962e-07,2.396844981e-06,-3.355582973e-06,-0.06575526053,1.438106989e-06,1.917475985e-06,4.793689962e-07,2.396844981e-06,-3.355582973e-06,-0.06575526053,0,0,0,0,0,0
10.65,1,1,6.016080902e-05,3.715109721e-05,1.126517141e-05,0.0001409344849,3.139866925e-05,-0.003233343879,0,0,0,0,0,0.02827433388,-0.003302831029,0.007962952651,0.003560997398,6.948714936e-05,0.0008053732348,0.02461866015,11.58932904,0,-0.03732893483,0.003655673733,-0.8204278996,0.009333735417,1.031707537,4.661414385e-05,-1.230933007,-0.009333735417,-4.661414385e-05,-2.060741257,-2.060741257,0.00355178623,-0.1030370628,-0,1.917475985e-06,1.438106989e-06,1.917475985e-06,-2.396844981e-06,-0.1030370628,-0,1.917475985e-06,1.438106989e-06,1.917475985e-06,-2.396844981e-06,-0.1030370628,0,0,0,0,0,0
10.66,1,1,6.016080902e-05,3.715109721e-05,1.174454041e-05,0.0001414138539,3.163835375e-05,-0.002951714594,0,0,0,0,0,0.02617993878,-0.003223023817,0.007998453308,0.003539117797,0.0002713092225,0.003143283723,0.03500282681,11.58226699,0,-0.03407851552,-0.008822888034,-0.8980248585,0.03640635132,1.029303001,6.492192212e-05,-1.750141341,-0.03640635132,-6.492192212e-05,-2.684637472,-2.684637472,0.003495990871,-0.1342318736,-0,1.917475985e-06,4.793689962e-07,9.587379924e-07,-2.876213977e-06,-0.1342318736,-0,1.917475985e-06,4.793689962e-07,9.587379924e-07,-2.876213977e-06,-0.1342318736,0,0,0,0,0,0
10.67,1,1,5.992112453e-05,3.691141271e-05,1.150485591e-05,0.0001411741694,3.211772275e-05,-0.002695012497,0,0,0,0,0,0.02617993878,-0.003142862694,0.008033734684,0.00351714117,0.0004478501969,0.005186801967,0.04591794478,11.57639336,0,-0.0311155569,-0.019738006,-0.9334210786,0.06004445987,1.029046299,8.38935717e-05,-2.295897239,-0.06004445987,-8.38935717e-05,-3.289446671,-3.289446671,0.003446156978,-0.1644723336,4.793689962e-07,2.396844981e-06,9.587379924e-07,1.438106989e-06,-3.83495197e-06,-0.1644723336,4.793689962e-07,2.396844981e-06,9.587379924e-07,1.438106989e-06,-3.83495197e-06,-0.1644723336,0,0,0,0,0,0
10.68,1,1,5.992112453e-05,3.691141271e-05,1.174454041e-05,0.0001406948004,3.139866925e-05,-0.002441905667,0,0,0,0,0,0.02199114858,-0.003062349857,0.00806879581,0.003495068119,0.0006204441905,0.00718336932,0.0524023765,11.57112725,0,-0.02819389556,-0.03041122793,-0.9574369158,0.08311968051,1.024553957,9.375459691e-05,-2.620118825,-0.08311968051,-9.375459691e-05,-3.660769176,-3.660769176,0.003404829121,-0.1830384588,4.793689962e-07,2.396844981e-06,4.793689962e-07,2.396844981e-06,-2.396844981e-06,-0.1830384588,4.793689962e-07,2.396844981e-06,4.793689962e-07,2.396844981e-06,-2.396844981e-06,-0.1830384588,0,0,0,0,0,0
10.69,1,1,6.040049352e-05,3.78701507e-05,1.150485591e-05,0.0001414138539,3.139866925e-05,-0.002235057945,0,0,0,0,0,0.01570796327,-0.002981487515,0.008103635727,0.003472899249,0.0007464295699,0.008639712717,0.05390195283,11.56721041,0,-0.02580607719,-0.03819398956,-0.9232567804,0.09993737488,1.018004706,9.41676258e-05,-2.695097642,-0.09993737488,-9.41676258e-05,-3.718385964,-3.718385964,0.003367723491,-0.1859192982,-4.793689962e-07,4.793689962e-07,9.587379924e-07,9.587379924e-07,-2.396844981e-06,-0.1859192982,-4.793689962e-07,4.793689962e-07,9.587379924e-07,9.587379924e-07,-2.396844981e-06,-0.1859192982,0,0,0,0,0,0
10.7,1,1,6.040049352e-05,3.73907817e-05,1.054611792e-05,0.0001414138539,3.163835375e-05,-0.002111620428,0,0,0,0,0,0.00837758041,-0.002900277883,0.008138253478,0.003450635167,0.0007886574549,0.009126834338,0.04915688501,11.56503862,0,-0.02438108019,-0.0407793046,-0.8002062878,0.1055521916,1.010506747,8.362019723e-05,-2.45784425,-0.1055521916,-8.362019723e-05,-3.36368635,-3.36368635,0.003327649282,-0.1681843175,-4.793689962e-07,1.438106989e-06,2.876213977e-06,9.587379924e-07,-2.876213977e-06,-0.1681843175,-4.793689962e-07,1.438106989e-06,2.876213977e-06,9.587379924e-07,-2.876213977e-06,-0.1681843175,0,0,0,0,0,0
10.71,1,1,6.159891601e-05,3.715109721e-05,1.22239094e-05,0.0001411741694,3.163835375e-05,-0.002060807315,0,0,0,0,-0.001047197551,0.001047197551,-0.002818723189,0.008172648115,0.003428276485,0.0007579158742,0.008770056746,0.03988359768,11.56418054,0,-0.02379446857,-0.03883640012,-0.6170030153,0.1014185196,1.003108279,6.597348729e-05,-1.994179884,-0.1014185196,-6.597348729e-05,-2.712667392,-2.712667392,0.003283113316,-0.1356333696,-2.876213977e-06,1.917475985e-06,-4.793689962e-07,1.438106989e-06,0.0001018435411,-0.1356333696,-2.876213977e-06,1.917475985e-06,-4.793689962e-07,1.438106989e-06,0.0001018435411,-0.1356333696,0,0,0,0,0,0
10.72,1,1,6.087986252e-05,3.78701507e-05,1.126517141e-05,0.0001416535384,3.115898475e-05,-0.002060807315,0,0,0,0,0,-0.001047197551,-0.002736825668,0.008206818694,0.003405823814,0.0006760183531,0.007821828321,0.03267248034,11.56418054,0,-0.02379446857,-0.03371967789,-0.4101980034,0.09045303489,1.003108279,5.32463945e-05,-1.633624017,-0.09045303489,-5.32463945e-05,-2.134328302,-2.134328302,0.003234210053,-0.1067164151,-1.438106989e-06,4.793689962e-07,1.438106989e-06,4.793689962e-07,-1.917475985e-06,-0.1067164151,-1.438106989e-06,4.793689962e-07,1.438106989e-06,4.793689962e-07,-1.917475985e-06,-0.1067164151,0,0,0,0,0,0
10.73,1,1,6.135923152e-05,3.76304662e-05,1.174454041e-05,0.0001416535384,3.091930026e-05,-0.00206799785,0,0,0,0,0,0,-0.002654587565,0.00824076428,0.003383277772,0.0005865897154,0.006786653149,0.02813671092,11.5643007,0,-0.02387748003,-0.02813671092,-0.2332922893,0.07848289773,1.002067998,4.504217446e-05,-1.406835546,-0.07848289773,-4.504217446e-05,-1.718655775,-1.718655775,0.003183321802,-0.08593278875,-2.396844981e-06,9.587379924e-07,4.793689962e-07,4.793689962e-07,-1.438106989e-06,-0.08593278875,-2.396844981e-06,9.587379924e-07,4.793689962e-07,4.793689962e-07,-1.438106989e-06,-0.08593278875,0,0,0,0,0,0
10.74,1,1,6.016080902e-05,3.715109721e-05,1.22239094e-05,0.0001406948004,3.211772275e-05,-0.002072312171,0,0,0,0,0,0,-0.002572011135,0.00827448394,0.003360638974,0.0004996989646,0.005780968524,0.02271226309,11.56437299,0,-0.02392728684,-0.02271226309,-0.09136044618,0.06685327625,1.002072312,3.576565986e-05,-1.135613155,-0.06685327625,-3.576565986e-05,-1.293862643,-1.293862643,0.003131188078,-0.06469313213,-0,1.917475985e-06,-4.793689962e-07,2.396844981e-06,-3.83495197e-06,-0.06469313213,-0,1.917475985e-06,-4.793689962e-07,2.396844981e-06,-3.83495197e-06,-0.06469313213,0,0,0,0,0,0
10.75,1,1,5.968144003e-05,3.73907817e-05,1.126517141e-05,0.0001406948004,3.139866925e-05,-0.002071353433,0,0,0,0,0,0.001047197551,-0.002489098642,0.008307976752,0.003337908044,0.0004177452097,0.00483251648,0.01864225605,11.56435691,0,-0.02391621867,-0.0175950585,0.01878581499,0.05588494535,1.003118825,2.8921788e-05,-0.9321128027,-0.05588494535,-2.8921788e-05,-0.9692408548,-0.9692408548,0.00307826833,-0.04846204274,9.587379924e-07,1.438106989e-06,1.438106989e-06,2.396844981e-06,-2.396844981e-06,-0.04846204274,9.587379924e-07,1.438106989e-06,1.438106989e-06,2.396844981e-06,-2.396844981e-06,-0.04846204274,0,0,0,0,0,0
10.76,1,1,5.992112453e-05,3.691141271e-05,1.126517141e-05,0.0001411741694,3.139866925e-05,-0.002070394695,0,0,0,0,0,0,-0.002405852359,0.008341241796,0.003315085603,0.0003354576648,0.00388034092,0.01245807885,11.56434084,0,-0.02390515049,-0.01245807885,0.1092491107,0.04487358498,1.002070395,1.895399732e-05,-0.6229039427,-0.04487358498,-1.895399732e-05,-0.558547371,-0.558547371,0.003024945953,-0.02792736855,4.793689962e-07,2.396844981e-06,1.438106989e-06,1.438106989e-06,-2.396844981e-06,-0.02792736855,4.793689962e-07,2.396844981e-06,1.438106989e-06,1.438106989e-06,-2.396844981e-06,-0.02792736855,0,0,0,0,0,0
10.77,1,1,6.016080902e-05,3.619235921e-05,1.198422491e-05,0.0001406948004,3.115898475e-05,-0.002066799427,0,0,0,0,0,0,-0.002322274569,0.008374278161,0.003292172277,0.0002554751415,0.002954954835,0.007464942233,11.56428064,0,-0.0238636448,-0.007464942233,0.1806040268,0.03417192699,1.002066799,1.115743559e-05,-0.3732471116,-0.03417192699,-1.115743559e-05,-0.2268261693,-0.2268261693,0.002971654297,-0.01134130846,-0,3.83495197e-06,-0,2.396844981e-06,-1.917475985e-06,-0.01134130846,-0,3.83495197e-06,-0,2.396844981e-06,-1.917475985e-06,-0.01134130846,0,0,0,0,0,0
10.78,1,1,6.135923152e-05,3.691141271e-05,1.198422491e-05,0.0001414138539,3.163835375e-05,-0.002064162898,0,0,0,0,0,0,-0.002238367562,0.008407084941,0.003269168694,0.0001742046638,0.002014804682,0.002392796603,11.56423656,0,-0.02383320727,-0.002392796603,0.2403545878,0.02329967797,1.002064163,3.512765414e-06,-0.1196398302,-0.02329967797,-3.512765414e-06,0.09741156693,0.09741156693,0.00291877425,0.004870578346,-2.396844981e-06,2.396844981e-06,-0,9.587379924e-07,-2.876213977e-06,0.004870578346,-2.396844981e-06,2.396844981e-06,-0,9.587379924e-07,-2.876213977e-06,0.004870578346,0,0,0,0,0,0
10.79,1,1,6.159891601e-05,3.81098352e-05,1.174454041e-05,0.0001416535384,3.163835375e-05,-0.002059848577,0,0,0,0,0,0,-0.002154133638,0.008439661236,0.003246075486,9.428506146e-05,0.001090403244,-0.002594757426,11.56416455,0,-0.02378340037,0.002594757426,0.2875609511,0.01260960255,1.002059849,-3.741226862e-06,0.1297378713,-0.01260960255,3.741226862e-06,0.4046929611,0.4046929611,0.002866673872,0.02023464806,-2.876213977e-06,-0,4.793689962e-07,4.793689962e-07,-2.876213977e-06,0.02023464806,-2.876213977e-06,-0,4.793689962e-07,4.793689962e-07,-2.876213977e-06,0.02023464806,0,0,0,0,0,0
10.8,1,1,6.111954702e-05,3.78701507e-05,1.24635939e-05,0.0001409344849,3.163835375e-05,-0.002057451732,0,0,0,0,0,0,-0.002069575108,0.008472006154,0.003222893285,1.21233763e-05,0.0001401974652,-0.007720498571,11.56412462,0,-0.02375572985,0.007720498571,0.3287160702,0.001621260959,1.002057452,-1.093368213e-05,0.3860249286,-0.001621260959,1.093368213e-05,0.7131306714,0.7131306714,0.002815725655,0.03565653357,-1.917475985e-06,4.793689962e-07,-9.587379924e-07,1.917475985e-06,-2.876213977e-06,0.03565653357,-1.917475985e-06,4.793689962e-07,-9.587379924e-07,1.917475985e-06,-2.876213977e-06,0.03565653357,0,0,0,0,0,0
10.81,1,1,6.111954702e-05,3.715109721e-05,1.198422491e-05,0.0001411741694,3.115898475e-05,-0.002049781828,0,0,0,0,0,0,-0.001984694289,0.008504118807,0.003199622727,-6.508753849e-05,-0.0007526373628,-0.01253857841,11.56399712,0,-0.02366718411,0.01253857841,0.3567281132,-0.008703496299,1.002049782,-1.744409633e-05,0.6269289206,0.008703496299,1.744409633e-05,0.9923779743,0.9923779743,0.002766226453,0.04961889871,-1.917475985e-06,1.917475985e-06,-0,1.438106989e-06,-1.917475985e-06,0.04961889871,-1.917475985e-06,1.917475985e-06,-0,1.438106989e-06,-1.917475985e-06,0.04961889871,0,0,0,0,0,0
10.82,1,1,6.016080902e-05,3.691141271e-05,1.174454041e-05,0.0001409344849,3.187803825e-05,-0.002038516656,0,0,0,0,0,0.001047197551,-0.001899493509,0.008535998316,0.003176264449,-0.0001390231473,-0.001607481603,-0.01610576543,11.56381074,0,-0.02353713228,0.01715296298,0.3757099846,-0.01858861303,1.003085988,-2.206471608e-05,0.8052882716,0.01858861303,2.206471608e-05,1.199608934,1.199608934,0.002718438304,0.0599804467,-0,2.396844981e-06,4.793689962e-07,1.917475985e-06,-3.355582973e-06,0.0599804467,-0,2.396844981e-06,4.793689962e-07,1.917475985e-06,-3.355582973e-06,0.0599804467,0,0,0,0,0,0
10.83,1,1,6.016080902e-05,3.643204371e-05,1.198422491e-05,0.0001414138539,3.139866925e-05,-0.002021738742,0,0,0,0,0,0.001047197551,-0.001813975103,0.008567643806,0.003152819092,-0.0002077636385,-0.002402141152,-0.0203975745,11.56353505,0,-0.02334343753,0.02144477205,0.3853665614,-0.0277772434,1.00306921,-2.746977425e-05,1.019878725,0.0277772434,2.746977425e-05,1.43305,1.43305,0.002672473134,0.07165249998,-0,3.355582973e-06,-0,9.587379924e-07,-2.396844981e-06,0.07165249998,-0,3.355582973e-06,-0,9.587379924e-07,-2.396844981e-06,0.07165249998,0,0,0,0,0,0
10.84,1,1,6.064017802e-05,3.691141271e-05,1.24635939e-05,0.0001406948004,3.211772275e-05,-0.001999208399,0,0,0,0,0,0.003141592654,-0.001728141416,0.00859905441,0.0031292873,-0.0002710669828,-0.003133825757,-0.02225753216,11.56316843,0,-0.02308333212,0.02539912481,0.3868567892,-0.03623695507,1.005143268,-2.960044289e-05,1.112876608,0.03623695507,2.960044289e-05,1.535999953,1.535999953,0.002628299517,0.07679999763,-9.587379924e-07,2.396844981e-06,-9.587379924e-07,2.396844981e-06,-3.83495197e-06,0.07679999763,-9.587379924e-07,2.396844981e-06,-9.587379924e-07,2.396844981e-06,-3.83495197e-06,0.07679999763,0,0,0,0,0,0
10.85,1,1,6.135923152e-05,3.691141271e-05,1.126517141e-05,0.0001414138539,3.163835375e-05,-0.00196037951,0,0,0,0,0,0.003141592654,-0.001641994801,0.008630229266,0.003105669716,-0.0003183847093,-0.003680577547,-0.02522094779,11.56254627,0,-0.02263506259,0.02836254044,0.3700917367,-0.04255684819,1.00510444,-3.299277185e-05,1.261047389,0.04255684819,3.299277185e-05,1.673728967,1.673728967,0.002585613096,0.08368644835,-2.396844981e-06,2.396844981e-06,1.438106989e-06,9.587379924e-07,-2.876213977e-06,0.08368644835,-2.396844981e-06,2.396844981e-06,1.438106989e-06,9.587379924e-07,-2.876213977e-06,0.08368644835,0,0,0,0,0,0
10.86,1,1,6.016080902e-05,3.715109721e-05,1.174454041e-05,0.0001418932229,3.187803825e-05,-0.001898301225,0,0,0,0,0,0.007330382858,-0.001555537619,0.00866116752,0.003081966989,-0.0003427636058,-0.00396203996,-0.02257399373,11.56157699,0,-0.02191837772,0.02990437659,0.329724654,-0.04580743005,1.009242118,-2.929117978e-05,1.128699687,0.04580743005,2.929117978e-05,1.504261062,1.504261062,0.002543617267,0.07521305309,-0,1.917475985e-06,4.793689962e-07,-0,-3.355582973e-06,0.07521305309,-0,1.917475985e-06,4.793689962e-07,-0,-3.355582973e-06,0.07521305309,0,0,0,0,0,0
10.87,1,1,6.064017802e-05,3.76304662e-05,1.102548691e-05,0.0001414138539,3.187803825e-05,-0.001795955944,0,0,0,0,0,0.01361356817,-0.001468772242,0.008691868324,0.003058179768,-0.0003271837025,-0.003781528687,-0.01535652378,11.56004724,0,-0.02073679786,0.02897009194,0.2513072024,-0.04371465027,1.015455856,-1.983655739e-05,0.7678261889,0.04371465027,1.983655739e-05,1.062867878,1.062867878,0.002501096911,0.05314339391,-9.587379924e-07,9.587379924e-07,1.917475985e-06,9.587379924e-07,-3.355582973e-06,0.05314339391,-9.587379924e-07,9.587379924e-07,1.917475985e-06,9.587379924e-07,-3.355582973e-06,0.05314339391,0,0,0,0,0,0
10.88,1,1,6.016080902e-05,3.715109721e-05,1.174454041e-05,0.0001414138539,3.211772275e-05,-0.0016358467,0,0,0,0,0,0.01780235837,-0.001381701047,0.008722330836,0.003034308705,-0.0002541456525,-0.002936965709,-0.00667248891,11.55782445,0,-0.01888828792,0.02447484728,0.122079543,-0.03394493409,1.019517436,-8.536962411e-06,0.3336244455,0.03394493409,8.536962411e-06,0.4896574596,0.4896574596,0.002457422828,0.02448287298,-0,1.917475985e-06,4.793689962e-07,9.587379924e-07,-3.83495197e-06,0.02448287298,-0,1.917475985e-06,4.793689962e-07,9.587379924e-07,-3.83495197e-06,0.02448287298,0,0,0,0,0,0
10.89,1,1,6.040049352e-05,3.691141271e-05,1.174454041e-05,0.0001409344849,3.163835375e-05,-0.001440743518,0,0,0,0,0,0.01989675347,-0.001294326422,0.008752554221,0.003010354456,-0.000146417096,-0.001691787003,0.002068213115,11.55539666,0,-0.01663569735,0.01782854036,-0.02227592642,-0.01954926989,1.021436467,2.60878349e-06,-0.1034106558,0.01954926989,-2.60878349e-06,-0.1061399211,-0.1061399211,0.002413616105,-0.005306996054,-4.793689962e-07,2.396844981e-06,4.793689962e-07,1.917475985e-06,-2.876213977e-06,-0.005306996054,-4.793689962e-07,2.396844981e-06,4.793689962e-07,1.917475985e-06,-2.876213977e-06,-0.005306996054,0,0,0,0,0,0
10.9,1,1,5.992112453e-05,3.73907817e-05,1.126517141e-05,0.0001418932229,3.115898475e-05,-0.001226944946,0,0.001047197551,0,0,0,0.02303834613,-0.001206650762,0.00878253765,0.002986317676,-2.029418332e-05,-0.0002344585077,0.01299773178,11.55309027,0,-0.0141671842,0.01004061435,-0.1611800368,-0.002708720303,1.024397982,1.619821685e-05,-0.649886589,0.002708720303,-1.619821685e-05,-0.8083741037,-0.8083741037,0.002371014041,-0.04041870519,4.793689962e-07,-0.0001032816481,1.438106989e-06,-0,-1.917475985e-06,-0.04041870519,4.793689962e-07,-0.0001032816481,1.438106989e-06,-0,-1.917475985e-06,-0.04041870519,0,0,0,0,0,0
10.91,1,1,5.920207103e-05,3.81098352e-05,1.174454041e-05,0.0001414138539,3.139866925e-05,-0.0009827064422,0,0,0,0,0,0.02408554368,-0.001118676472,0.008812280302,0.002962199025,0.0001359700295,0.001570654231,0.02370293664,11.55090828,0,-0.01134713375,0.0003826070408,-0.3086373549,0.01814248297,1.025213278,2.909306643e-05,-1.185146832,-0.01814248297,-2.909306643e-05,-1.511955763,-1.511955763,0.002331787419,-0.07559778814,1.917475985e-06,-0,4.793689962e-07,9.587379924e-07,-2.396844981e-06,-0.07559778814,1.917475985e-06,-0,4.793689962e-07,9.587379924e-07,-2.396844981e-06,-0.07559778814,0,0,0,0,0,0
10.92,1,1,5.872270204e-05,3.76304662e-05,1.174454041e-05,0.0001411741694,3.139866925e-05,-0.000754047431,-0.001047197551,0,0,0,0,0.01989675347,-0.001030405962,0.00884178136,0.002937999163,0.0002763585307,0.003192009734,0.0281890778,11.54930292,0,-0.008706907082,-0.008292324323,-0.4100250753,0.03686548733,1.020749771,3.376490668e-05,-1.40945389,-0.03686548733,-3.376490668e-05,-1.856378217,-1.856378217,0.002295678952,-0.09281891087,0.0001075959691,9.587379924e-07,4.793689962e-07,1.438106989e-06,-2.396844981e-06,-0.09281891087,0.0001075959691,9.587379924e-07,4.793689962e-07,1.438106989e-06,-2.396844981e-06,-0.09281891087,0,0,0,0,0,0
10.93,1,1,6.111954702e-05,3.76304662e-05,1.174454041e-05,0.0001409344849,3.187803825e-05,-0.0005855492289,0,0,0,0,0,0.01361356817,-0.0009418416525,0.008871040016,0.002913718755,0.0003562924237,0.004114965596,0.02683290962,11.54839055,0,-0.006761301342,-0.01321934145,-0.4237570342,0.04752122979,1.01424545,3.124696508e-05,-1.341645481,-0.04752122979,-3.124696508e-05,-1.812954992,-1.812954992,0.002260519386,-0.09064774959,-1.917475985e-06,9.587379924e-07,4.793689962e-07,1.917475985e-06,-3.355582973e-06,-0.09064774959,-1.917475985e-06,9.587379924e-07,4.793689962e-07,1.917475985e-06,-3.355582973e-06,-0.09064774959,0,0,0,0,0,0
10.94,1,1,6.159891601e-05,3.691141271e-05,1.174454041e-05,0.0001404551159,3.187803825e-05,-0.0004851214242,0,0,0,0,0,0.005235987756,-0.0008529859721,0.008900055469,0.002889358466,0.0003678645479,0.004248416157,0.0191437863,11.54795595,0,-0.005601677626,-0.01390779855,-0.3574738523,0.04906052263,1.005727963,2.157012251e-05,-0.9571893151,-0.04906052263,-2.157012251e-05,-1.36374526,-1.36374526,0.002224157691,-0.06818726301,-2.876213977e-06,2.396844981e-06,4.793689962e-07,2.876213977e-06,-3.355582973e-06,-0.06818726301,-2.876213977e-06,2.396844981e-06,4.793689962e-07,2.876213977e-06,-3.355582973e-06,-0.06818726301,0,0,0,0,0,0
10.95,1,1,6.016080902e-05,3.667172821e-05,1.174454041e-05,0.0001406948004,3.163835375e-05,-0.00044653222,0,0,0,0,0,0.001047197551,-0.0007638413565,0.008928826922,0.002864918963,0.0003173091365,0.003664450708,0.0117915442,11.54781064,0,-0.005156092722,-0.01074434665,-0.2333087814,0.04231638287,1.001494004,1.295133728e-05,-0.5895772099,-0.04231638287,-1.295133728e-05,-0.8652153255,-0.8652153255,0.002186329232,-0.04326076628,-0,2.876213977e-06,4.793689962e-07,2.396844981e-06,-2.876213977e-06,-0.04326076628,-0,2.876213977e-06,4.793689962e-07,2.396844981e-06,-2.876213977e-06,-0.04326076628,0,0,0,0,0,0
10.96,1,1,6.040049352e-05,3.76304662e-05,1.126517141e-05,0.0001409344849,3.139866925e-05,-0.0004462925355,0,0,0,0,0,0,-0.0006744102496,0.008957353586,0.002840400917,0.0002281177142,0.002634369918,0.005185733484,11.54780977,0,-0.005153325112,-0.005185733484,-0.08878954296,0.03042120268,1.000446293,5.583815694e-06,-0.2592866742,-0.03042120268,-5.583815694e-06,-0.3785030037,-0.3785030037,0.002147756129,-0.01892515018,-4.793689962e-07,9.587379924e-07,1.438106989e-06,1.917475985e-06,-2.396844981e-06,-0.01892515018,-4.793689962e-07,9.587379924e-07,1.438106989e-06,1.917475985e-06,-2.396844981e-06,-0.01892515018,0,0,0,0,0,0
10.97,1,1,6.087986252e-05,3.73907817e-05,1.29429629e-05,0.0001411741694,3.211772275e-05,-0.0004510862254,0,0,0,0,0,0,-0.0005846951033,0.008985634681,0.002815805001,0.0001336088779,0.00154292804,-0.0007021272204,11.54782716,0,-0.005208677317,0.0007021272204,0.03517393064,0.01781746633,1.000451086,-7.425568808e-07,0.03510636102,-0.01781746633,7.425568808e-07,0.05246356788,0.05246356788,0.002109452904,0.002623178394,-1.438106989e-06,1.438106989e-06,-1.917475985e-06,1.438106989e-06,-3.83495197e-06,0.002623178394,-1.438106989e-06,1.438106989e-06,-1.917475985e-06,1.438106989e-06,-3.83495197e-06,0.002623178394,0,0,0,0,0,0
10.98,1,1,6.111954702e-05,3.667172821e-05,1.174454041e-05,0.0001402154314,3.139866925e-05,-0.0004534830704,0,0,0,0,0,0,-0.0004946983772,0.009013669429,0.002791131887,4.121530677e-05,0.0004759508238,-0.006458426389,11.54783592,0,-0.005236353416,0.006458426389,0.1339896071,0.00549620202,1.000453483,-6.708746711e-06,0.3229213195,-0.00549620202,6.708746711e-06,0.4514214333,0.4514214333,0.002071929647,0.02257107167,-1.917475985e-06,2.876213977e-06,4.793689962e-07,3.355582973e-06,-2.396844981e-06,0.02257107167,-1.917475985e-06,2.876213977e-06,4.793689962e-07,3.355582973e-06,-2.396844981e-06,0.02257107167,0,0,0,0,0,0
10.99,1,1,6.135923152e-05,3.715109721e-05,1.198422491e-05,0.0001411741694,3.187803825e-05,-0.0004522846479,0,0,0,0,0,0,-0.0004044225385,0.009041457063,0.002766382254,-4.786210945e-05,-0.0005526995555,-0.0120087565,11.54783154,0,-0.005222515367,0.0120087565,0.2111228686,-0.006382481357,1.000452285,-1.225512979e-05,0.6004378251,0.006382481357,1.225512979e-05,0.8179554301,0.8179554301,0.002035624989,0.04089777151,-2.396844981e-06,1.917475985e-06,-0,1.438106989e-06,-3.355582973e-06,0.04089777151,-2.396844981e-06,1.917475985e-06,-0,1.438106989e-06,-3.355582973e-06,0.04089777151,0,0,0,0,0,0
11,1,1,6.016080902e-05,3.715109721e-05,1.174454041e-05,0.0001411741694,3.163835375e-05,-0.0004503671719,0,0,0,0,0,0,-0.0003138700622,0.009068996821,0.002741556778,-0.0001364971098,-0.001576214239,-0.01753132311,11.54782454,0,-0.005200374487,0.01753132311,0.2736385719,-0.01820184547,1.000450367,-1.75853347e-05,0.8765661556,0.01820184547,1.75853347e-05,1.168424158,1.168424158,0.002000978803,0.05842120792,-0,1.917475985e-06,4.793689962e-07,1.438106989e-06,-2.876213977e-06,0.05842120792,-0,1.917475985e-06,4.793689962e-07,1.438106989e-06,-2.876213977e-06,0.05842120792,0,0,0,0,0,0
11.01,1,1,5.968144003e-05,3.691141271e-05,1.150485591e-05,0.0001411741694,3.139866925e-05,-0.0004496481184,0,0,0,0,0,0,-0.0002230434308,0.009096287948,0.002716656141,-0.0002266046876,-0.002616713025,-0.02314487689,11.54782193,0,-0.005192071657,0.02314487689,0.326231719,-0.03021733604,1.000449648,-2.283661577e-05,1.157243845,0.03021733604,2.283661577e-05,1.513715736,1.513715736,0.001968442299,0.07568578681,9.587379924e-07,2.396844981e-06,9.587379924e-07,1.438106989e-06,-2.396844981e-06,0.07568578681,9.587379924e-07,2.396844981e-06,9.587379924e-07,1.438106989e-06,-2.396844981e-06,0.07568578681,0,0,0,0,0,0
11.02,1,1,5.920207103e-05,3.76304662e-05,1.174454041e-05,0.0001402154314,3.139866925e-05,-0.0004462925355,0,0,0,0,0,0,-0.0001319451345,0.009123329696,0.002691681026,-0.000314347401,-0.003629887722,-0.02861155654,11.54780977,0,-0.005153325112,0.02861155654,0.3664498626,-0.04191725291,1.000446293,-2.779550789e-05,1.430577827,0.04191725291,2.779550789e-05,1.838972738,1.838972738,0.001938343928,0.0919486369,1.917475985e-06,9.587379924e-07,4.793689962e-07,3.355582973e-06,-2.396844981e-06,0.0919486369,1.917475985e-06,9.587379924e-07,4.793689962e-07,3.355582973e-06,-2.396844981e-06,0.0919486369,0,0,0,0,0,0
11.03,1,1,6.016080902e-05,3.715109721e-05,1.150485591e-05,0.0001409344849,3.139866925e-05,-0.0004448544285,0,0,0,0,0,0,-4.057767064e-05,0.009150121323,0.002666632117,-0.0004042767578,-0.00466830432,-0.0342135529,11.54780459,0,-0.005136719448,0.0342135529,0.4018406078,-0.05390866608,1.000444854,-3.276825432e-05,1.710677645,0.05390866608,3.276825432e-05,2.166459687,2.166459687,0.001911243832,0.1083229844,-0,1.917475985e-06,9.587379924e-07,1.917475985e-06,-2.396844981e-06,0.1083229844,-0,1.917475985e-06,9.587379924e-07,1.917475985e-06,-2.396844981e-06,0.1083229844,0,0,0,0,0,0
11.04,1,1,6.087986252e-05,3.73907817e-05,1.126517141e-05,0.0001406948004,3.139866925e-05,-0.0004438956905,-0.001047197551,0,0,0,0,0,5.105645579e-05,0.009176662095,0.002641510101,-0.0004949521463,-0.005715333004,-0.03986158906,11.54780115,0,-0.005125649005,0.03986158906,0.4316077607,-0.06599952903,1.000443896,-3.769724773e-05,1.993079453,0.06599952903,3.769724773e-05,2.49072444,2.49072444,0.001887520371,0.124536222,0.0001032816481,1.438106989e-06,1.438106989e-06,2.396844981e-06,-2.396844981e-06,0.124536222,0.0001032816481,1.438106989e-06,1.438106989e-06,2.396844981e-06,-2.396844981e-06,0.124536222,0,0,0,0,0,0
11.05,1,1,6.111954702e-05,3.73907817e-05,1.150485591e-05,0.0001411741694,3.163835375e-05,-0.000442217899,0,0,0,0,0,0,0.0001429547326,0.009202951283,0.002616315667,-0.0005851726316,-0.00675711184,-0.04548125509,11.54779514,0,-0.005106275728,0.04548125509,0.4553956081,-0.07802974327,1.000442218,-4.254900978e-05,2.274062755,0.07802974327,4.254900978e-05,2.807530655,2.807530655,0.001867591097,0.1403765327,-1.917475985e-06,1.438106989e-06,9.587379924e-07,1.438106989e-06,-2.876213977e-06,0.1403765327,-1.917475985e-06,1.438106989e-06,9.587379924e-07,1.438106989e-06,-2.876213977e-06,0.1403765327,0,0,0,0,0,0
11.06,1,1,6.135923152e-05,3.691141271e-05,1.174454041e-05,0.0001411741694,3.163835375e-05,-0.0004381432625,0,0,0,0,0,0,0.0002351146404,0.009228988169,0.002591049505,-0.000673257903,-0.007774243305,-0.05096843588,11.54778064,0,-0.005059226335,0.05096843588,0.4724223906,-0.08977525636,1.000438143,-4.726819701e-05,2.548421794,0.08977525636,4.726819701e-05,3.110666709,3.110666709,0.001851792782,0.1555333355,-2.396844981e-06,2.396844981e-06,4.793689962e-07,1.438106989e-06,-2.876213977e-06,0.1555333355,-2.396844981e-06,2.396844981e-06,4.793689962e-07,1.438106989e-06,-2.876213977e-06,0.1555333355,0,0,0,0,0,0
11.07,1,1,6.111954702e-05,3.691141271e-05,1.126517141e-05,0.0001414138539,3.139866925e-05,-0.0004254399841,0,0,0,0,0,0.001047197551,0.0003275336526,0.009254772037,0.002565712308,-0.0007529736368,-0.008694741549,-0.0548895565,11.5477363,0,-0.004912542881,0.05593675405,0.4768152445,-0.1004045826,1.001472912,-5.066752177e-05,2.744477825,0.1004045826,5.066752177e-05,3.32174832,3.32174832,0.001839689056,0.166087416,-1.917475985e-06,2.396844981e-06,1.438106989e-06,9.587379924e-07,-2.396844981e-06,0.166087416,-1.917475985e-06,2.396844981e-06,1.438106989e-06,9.587379924e-07,-2.396844981e-06,0.166087416,0,0,0,0,0,0
11.08,1,1,6.135923152e-05,3.76304662e-05,1.174454041e-05,0.0001414138539,3.163835375e-05,-0.0004005127963,0,0,0,0,0,0.003141592654,0.0004202092354,0.00928030218,0.002540304771,-0.0008207220318,-0.009477068052,-0.0570216743,11.54765309,0,-0.00462471097,0.06016326696,0.4664429077,-0.1094378942,1.003544573,-5.258506082e-05,2.851083715,0.1094378942,5.258506082e-05,3.427017102,3.427017102,0.001830542009,0.1713508551,-2.396844981e-06,9.587379924e-07,4.793689962e-07,9.587379924e-07,-2.876213977e-06,0.1713508551,-2.396844981e-06,9.587379924e-07,4.793689962e-07,9.587379924e-07,-2.876213977e-06,0.1713508551,0,0,0,0,0,0
11.09,1,1,6.087986252e-05,3.76304662e-05,1.22239094e-05,0.0001411741694,3.139866925e-05,-0.0003525758967,0,0,0,0,0,0.006283185307,0.0005131388481,0.0093055779,0.00251482759,-0.0008657147449,-0.009996653703,-0.05669612039,11.54750719,0,-0.004071187271,0.0629793057,0.4322020418,-0.1154364305,1.006645631,-5.2381174e-05,2.83480602,0.1154364305,5.2381174e-05,3.382496873,3.382496873,0.00182263088,0.1691248437,-1.438106989e-06,9.587379924e-07,-4.793689962e-07,1.438106989e-06,-2.396844981e-06,0.1691248437,-1.438106989e-06,9.587379924e-07,-4.793689962e-07,1.438106989e-06,-2.396844981e-06,0.1691248437,0,0,0,0,0,0
11.1,1,1,6.064017802e-05,3.76304662e-05,1.150485591e-05,0.0001411741694,3.139866925e-05,-0.0002789927558,0,0,0,0,0,0.009424777961,0.000606319943,0.009330598502,0.002489281463,-0.0008853126988,-0.01022303985,-0.05479643015,11.54731936,0,-0.003221526617,0.06422120812,0.3753704629,-0.118048706,1.009725977,-5.071086504e-05,2.739821508,0.118048706,5.071086504e-05,3.233291387,3.233291387,0.001814425607,0.1616645694,-9.587379924e-07,9.587379924e-07,9.587379924e-07,1.438106989e-06,-2.396844981e-06,0.1616645694,-9.587379924e-07,9.587379924e-07,9.587379924e-07,1.438106989e-06,-2.396844981e-06,0.1616645694,0,0,0,0,0,0
11.11,1,1,5.920207103e-05,3.667172821e-05,1.078580241e-05,0.0001404551159,3.115898475e-05,-0.0001778458976,0,0,0,0,0,0.01047197551,0.0006997499655,0.009355363302,0.002463667092,-0.0008775958631,-0.01013407314,-0.05329774978,11.54713261,0,-0.002053586418,0.06376972529,0.2980962669,-0.1170194865,1.010677237,-4.914984354e-05,2.664887489,0.1170194865,4.914984354e-05,3.080052392,3.080052392,0.001804512646,0.1540026196,1.917475985e-06,2.876213977e-06,2.396844981e-06,2.876213977e-06,-1.917475985e-06,0.1540026196,1.917475985e-06,2.876213977e-06,2.396844981e-06,2.876213977e-06,-1.917475985e-06,0.1540026196,0,0,0,0,0,0
11.12,1,1,6.135923152e-05,3.715109721e-05,1.198422491e-05,0.0001411741694,3.139866925e-05,-6.783071296e-05,0,0,0,0,0,0.009424777961,0.0007934263541,0.009379871619,0.002437985178,-0.0008612570671,-0.009945613145,-0.05335861481,11.54702338,0,-0.0007832415339,0.06278339277,0.2254930592,-0.1148422275,1.009514815,-4.879153382e-05,2.66793074,0.1148422275,4.879153382e-05,3.008314819,3.008314819,0.001793450471,0.1504157409,-2.396844981e-06,1.917475985e-06,-0,1.438106989e-06,-2.396844981e-06,0.1504157409,-2.396844981e-06,1.917475985e-06,-0,1.438106989e-06,-2.396844981e-06,0.1504157409,0,0,0,0,0,0
11.13,1,1,6.040049352e-05,3.715109721e-05,1.150485591e-05,0.0001411741694,3.163835375e-05,3.81098352e-05,0,0,0,0,0,0.01047197551,0.0008873465407,0.009404122783,0.002412236426,-0.0008492367055,-0.009807081857,-0.05159243897,11.54701065,-0,0.0004400544538,0.06206441449,0.1710548705,-0.1132424787,1.010537501,-4.697967694e-05,2.579621949,0.1132424787,4.697967694e-05,2.863966278,2.863966278,0.001782229865,0.1431983139,-4.793689962e-07,1.917475985e-06,9.587379924e-07,1.438106989e-06,-2.876213977e-06,0.1431983139,-4.793689962e-07,1.917475985e-06,9.587379924e-07,1.438106989e-06,-2.876213977e-06,0.1431983139,0,0,0,0,0,0
11.14,1,1,6.135923152e-05,3.73907817e-05,1.198422491e-05,0.0001409344849,3.091930026e-05,0.0001387773244,0,0,0,0,0,0.00837758041,0.0009815079504,0.009428116127,0.002386421541,-0.000842730626,-0.009732285204,-0.05330942063,11.54708262,-0,0.001602461969,0.06168700104,0.1329726586,-0.1123795013,1.008533904,-4.804650705e-05,2.665471032,0.1123795013,4.804650705e-05,2.910871238,2.910871238,0.001771154028,0.1455435619,-2.396844981e-06,1.438106989e-06,-0,1.917475985e-06,-1.438106989e-06,0.1455435619,-2.396844981e-06,1.438106989e-06,-0,1.917475985e-06,-1.438106989e-06,0.1455435619,0,0,0,0,0,0
11.15,1,1,6.040049352e-05,3.73907817e-05,1.24635939e-05,0.0001411741694,3.139866925e-05,0.0002404035516,0,0,0,0,0,0.009424777961,0.001075908002,0.009451850995,0.002360541231,-0.0008355044501,-0.009649233483,-0.05183985083,11.54723836,-0,0.002775938382,0.06126462879,0.1006944634,-0.111421999,1.009687388,-4.653755557e-05,2.591992542,0.111421999,4.653755557e-05,2.804155542,2.804155542,0.001760033119,0.1402077771,-4.793689962e-07,1.438106989e-06,-9.587379924e-07,1.438106989e-06,-2.396844981e-06,0.1402077771,-4.793689962e-07,1.438106989e-06,-9.587379924e-07,1.438106989e-06,-2.396844981e-06,0.1402077771,0,0,0,0,0,0
11.16,1,1,6.040049352e-05,3.76304662e-05,1.078580241e-05,0.0001409344849,3.139866925e-05,0.0003434678858,0,0,0,0,0,0.01151917306,0.001170544107,0.009475326736,0.002334596205,-0.0008270762208,-0.009552359728,-0.04924822663,11.54748156,-0,0.003966017658,0.06076739969,0.07279894609,-0.1103056978,1.011895814,-4.411940627e-05,2.462411331,0.1103056978,4.411940627e-05,2.645560095,2.645560095,0.001748549325,0.1322780047,-4.793689962e-07,9.587379924e-07,2.396844981e-06,1.917475985e-06,-2.396844981e-06,0.1322780047,-4.793689962e-07,9.587379924e-07,2.396844981e-06,1.917475985e-06,-2.396844981e-06,0.1322780047,0,0,0,0,0,0
11.17,1,1,6.159891601e-05,3.73907817e-05,1.150485591e-05,0.0001414138539,3.139866925e-05,0.0004844023707,0,0,0,0,0,0.01466076572,0.00126541367,0.009498542706,0.002308587176,-0.0007810112998,-0.009020918515,-0.04327488263,11.54795313,-0,0.005593374809,0.05793564835,0.007306893762,-0.1041731442,1.015198903,-3.869370468e-05,2.163744132,0.1041731442,3.869370468e-05,2.275262863,2.275262863,0.001733454768,0.1137631432,-2.876213977e-06,1.438106989e-06,9.587379924e-07,9.587379924e-07,-2.396844981e-06,0.1137631432,-2.876213977e-06,1.438106989e-06,9.587379924e-07,9.587379924e-07,-2.396844981e-06,0.1137631432,0,0,0,0,0,0
11.18,1,1,5.944175553e-05,3.643204371e-05,1.126517141e-05,0.0001418932229,3.211772275e-05,0.0006507434124,0,0,0,0,0,0.01780235837,0.001360514093,0.009521498269,0.002282514855,-0.0007097706803,-0.008198747629,-0.0357393835,11.54871632,-0,0.007514084521,0.05354174187,-0.07487937041,-0.09468501058,1.018532333,-3.18209559e-05,1.786969175,0.09468501058,3.18209559e-05,1.806806636,1.806806636,0.001714414817,0.09034033181,1.438106989e-06,3.355582973e-06,1.438106989e-06,-0,-3.83495197e-06,0.09034033181,1.438106989e-06,3.355582973e-06,1.438106989e-06,-0,-3.83495197e-06,0.09034033181,0,0,0,0,0,0
11.19,1,1,5.920207103e-05,3.73907817e-05,1.126517141e-05,0.0001416535384,3.067961576e-05,0.000827630572,0,0,0,0,0,0.01675516082,0.001455842766,0.009544192795,0.002256379958,-0.0006282121938,-0.007257363366,-0.03175186456,11.54977338,-0,0.009556545403,0.04850702538,-0.153096588,-0.0838209022,1.017652975,-2.786418334e-05,1.587593228,0.0838209022,2.786418334e-05,1.518345406,1.518345406,0.001692490407,0.07591727032,1.917475985e-06,1.438106989e-06,1.438106989e-06,4.793689962e-07,-9.587379924e-07,0.07591727032,1.917475985e-06,1.438106989e-06,1.438106989e-06,4.793689962e-07,-9.587379924e-07,0.07591727032,0,0,0,0,0,0
11.2,1,1,6.040049352e-05,3.691141271e-05,1.22239094e-05,0.0001411741694,3.235740724e-05,0.001001881202,0,0,0,0,0,0.01780235837,0.001551397076,0.009566625662,0.002230183201,-0.0005495158742,-0.006348939132,-0.02584671782,11.55106213,-0,0.0115685339,0.04364907619,-0.2139029809,-0.07333699034,1.018883471,-2.242260372e-05,1.292335891,0.07333699034,2.242260372e-05,1.151792323,1.151792323,0.001668839418,0.05758961616,-4.793689962e-07,2.396844981e-06,-4.793689962e-07,1.438106989e-06,-4.314320966e-06,0.05758961616,-4.793689962e-07,2.396844981e-06,-4.793689962e-07,1.438106989e-06,-4.314320966e-06,0.05758961616,0,0,0,0,0,0
11.21,1,1,6.064017802e-05,3.691141271e-05,1.030643342e-05,0.0001414138539,3.115898475e-05,0.001192670063,0,0,0,0,0,0.01884955592,0.001647174405,0.009588796255,0.002203925303,-0.0004545043421,-0.005251900335,-0.01892886916,11.55275494,-0,0.01377144091,0.03777842508,-0.2825060554,-0.06067391755,1.020131052,-1.620708179e-05,0.946443458,0.06067391755,1.620708179e-05,0.7246275272,0.7246275272,0.001642818998,0.03623137636,-9.587379924e-07,2.396844981e-06,3.355582973e-06,9.587379924e-07,-1.917475985e-06,0.03623137636,-9.587379924e-07,2.396844981e-06,3.355582973e-06,9.587379924e-07,-1.917475985e-06,0.03623137636,0,0,0,0,0,0
11.22,1,1,6.087986252e-05,3.667172821e-05,1.198422491e-05,0.0001411741694,3.187803825e-05,0.001404551159,0,0,0,0,0,0.01884955592,0.001743172125,0.009610703966,0.002177606983,-0.0003386209662,-0.003913462419,-0.01176301046,11.5549802,-0,0.01621782628,0.03061256638,-0.3618983998,-0.04521998079,1.020342934,-9.905424185e-06,0.5881505228,0.04521998079,9.905424185e-06,0.2714820092,0.2714820092,0.001614874926,0.01357410046,-1.438106989e-06,2.876213977e-06,-0,1.438106989e-06,-3.355582973e-06,0.01357410046,-1.438106989e-06,2.876213977e-06,-0,1.438106989e-06,-3.355582973e-06,0.01357410046,0,0,0,0,0,0
11.23,1,1,6.064017802e-05,3.715109721e-05,1.102548691e-05,0.0001411741694,3.139866925e-05,0.001588628853,0,0,0,0,0,0.01570796327,0.001839387606,0.009632348195,0.002151228963,-0.0002507587523,-0.002898496653,-0.009476608176,11.5572086,-0,0.01834313406,0.02518457144,-0.3943179766,-0.03349853046,1.017358277,-7.795704467e-06,0.4738304088,0.03349853046,7.795704467e-06,0.1130187583,0.1130187583,0.001586796516,0.005650937917,-9.587379924e-07,1.917475985e-06,1.917475985e-06,1.438106989e-06,-2.396844981e-06,0.005650937917,-9.587379924e-07,1.917475985e-06,1.917475985e-06,1.438106989e-06,-2.396844981e-06,0.005650937917,0,0,0,0,0,0
11.24,1,1,6.040049352e-05,3.81098352e-05,1.150485591e-05,0.0001409344849,3.187803825e-05,0.001742266617,0,0,0,0,0,0.01466076572,0.001935818209,0.009653728349,0.002124791965,-0.0001935515921,-0.002237590718,-0.00699703605,11.55927872,-0,0.02011694393,0.02165780177,-0.386387372,-0.02586493477,1.016456767,-5.645244879e-06,0.3498518025,0.02586493477,5.645244879e-06,-0.01066498946,-0.01066498946,0.001559010286,-0.000533249473,-4.793689962e-07,-0,9.587379924e-07,1.917475985e-06,-3.355582973e-06,-0.000533249473,-4.793689962e-07,-0,9.587379924e-07,1.917475985e-06,-3.355582973e-06,-0.000533249473,0,0,0,0,0,0
11.25,1,1,6.040049352e-05,3.73907817e-05,1.174454041e-05,0.0001414138539,3.163835375e-05,0.001882961417,0,0,0,-0.001047197551,0,0.01256637061,0.002032461291,0.009674843841,0.002098296716,-0.0001494998734,-0.001728594067,-0.006380385255,11.5613423,-0,0.02174128053,0.01894675587,-0.3649329276,-0.0199848677,1.01448881,-5.037329906e-06,0.3190192628,0.0199848677,5.037329906e-06,-0.02592375983,-0.02592375983,0.0015314945,-0.001296187991,-4.793689962e-07,1.438106989e-06,4.793689962e-07,0.0001056784931,-2.876213977e-06,-0.001296187991,-4.793689962e-07,1.438106989e-06,4.793689962e-07,0.0001056784931,-2.876213977e-06,-0.001296187991,0,0,0,0,0,0
11.26,1,1,6.087986252e-05,3.73907817e-05,1.174454041e-05,0.0001406948004,3.163835375e-05,0.001992976602,0,0,0,0,0,0.009424777961,0.002129314201,0.009695694091,0.00207174394,-0.0001363375997,-0.001576634297,-0.008726577034,11.56306776,-0,0.02301138786,0.018151355,-0.3122580264,-0.0182307292,1.011439961,-6.728055007e-06,0.4363288517,0.0182307292,6.728055007e-06,0.1423082826,0.1423082826,0.001504630346,0.007115414128,-1.438106989e-06,1.438106989e-06,4.793689962e-07,2.396844981e-06,-2.876213977e-06,0.007115414128,-1.438106989e-06,1.438106989e-06,4.793689962e-07,2.396844981e-06,-2.876213977e-06,0.007115414128,0,0,0,0,0,0
11.27,1,1,6.159891601e-05,3.81098352e-05,1.150485591e-05,0.0001409344849,3.187803825e-05,0.002077824914,0,0.001047197551,0,0,0,0.006283185307,0.002226374286,0.00971627853,0.002045134367,-0.0001485493722,-0.001718084165,-0.01264634766,11.56446558,-0,0.02399092882,0.01892953297,-0.2400064988,-0.01986872519,1.00837088,-9.523225714e-06,0.6323173832,0.01986872519,9.523225714e-06,0.4121891329,0.4121891329,0.001478637632,0.02060945664,-2.876213977e-06,-0.0001047197551,9.587379924e-07,1.917475985e-06,-3.355582973e-06,0.02060945664,-2.876213977e-06,-0.0001047197551,9.587379924e-07,1.917475985e-06,-3.355582973e-06,0.02060945664,0,0,0,0,0,0
11.28,1,1,6.064017802e-05,3.81098352e-05,1.174454041e-05,0.0001411741694,3.187803825e-05,0.002131514242,0,0,0,0.001047197551,0,0.003141592654,0.002323638884,0.009736596592,0.002018468725,-0.0001921246425,-0.002222322673,-0.01851140782,11.56538027,-0,0.02461074247,0.02165300047,-0.1458657092,-0.0257020068,1.005275574,-1.36231175e-05,0.9255703908,0.0257020068,1.36231175e-05,0.8054203115,0.8054203115,0.001454092159,0.04027101558,-9.587379924e-07,-0,4.793689962e-07,-0.0001032816481,-3.355582973e-06,0.04027101558,-9.587379924e-07,-0,4.793689962e-07,-0.0001032816481,-3.355582973e-06,0.04027101558,0,0,0,0,0,0
11.29,1,1,6.064017802e-05,3.81098352e-05,1.102548691e-05,0.0001411741694,3.187803825e-05,0.002159317643,0,0,0,0,0,0.002094395102,0.002421105328,0.00975664772,0.001991747746,-0.0002617876849,-0.003028423916,-0.0239005259,11.56586315,-0,0.02493171462,0.025994921,-0.0393637489,-0.03502633657,1.004254809,-1.728220569e-05,1.195026295,0.03502633657,1.728220569e-05,1.190706165,1.190706165,0.001431800507,0.05953530823,-9.587379924e-07,-0,1.917475985e-06,1.438106989e-06,-3.355582973e-06,0.05953530823,-9.587379924e-07,-0,1.917475985e-06,1.438106989e-06,-3.355582973e-06,0.05953530823,0,0,0,0,0,0
11.3,1,1,6.087986252e-05,3.78701507e-05,1.174454041e-05,0.0001411741694,3.163835375e-05,0.002169384392,0,0,0,0,0,0,0.002518770947,0.009776431365,0.001964972162,-0.0003493865546,-0.004042148495,-0.03145005975,11.56603953,-0,0.0250479282,0.03145005975,0.06784419805,-0.04675164928,1.002169384,-2.233411859e-05,1.572502988,0.04675164928,2.233411859e-05,1.687121169,1.687121169,0.001412348276,0.08435605846,-1.438106989e-06,4.793689962e-07,4.793689962e-07,1.438106989e-06,-2.876213977e-06,0.08435605846,-1.438106989e-06,4.793689962e-07,4.793689962e-07,1.438106989e-06,-2.876213977e-06,0.08435605846,0,0,0,0,0,0
11.31,1,1,6.159891601e-05,3.81098352e-05,1.198422491e-05,0.0001409344849,3.211772275e-05,0.002170103446,0,0,0,0,0,0,0.002616633062,0.009795946984,0.001938142708,-0.0004465296164,-0.005166456993,-0.03749814913,11.56605216,-0,0.02505622917,0.03749814913,0.1662022049,-0.05975551107,1.002170103,-2.63181769e-05,1.874907456,0.05975551107,2.63181769e-05,2.10089149,2.10089149,0.001396176213,0.1050445745,-2.876213977e-06,-0,-0,1.917475985e-06,-3.83495197e-06,0.1050445745,-2.876213977e-06,-0,-0,1.917475985e-06,-3.83495197e-06,0.1050445745,0,0,0,0,0,0
11.32,1,1,6.064017802e-05,3.78701507e-05,1.150485591e-05,0.0001411741694,3.139866925e-05,0.002171062184,-0.001047197551,0,0,0,0,0,0.002714688991,0.009815194042,0.001911260118,-0.0005436268076,-0.006290440035,-0.04354427262,11.56606901,-0,0.02506729711,0.04354427262,0.2464152196,-0.07275566353,1.002171062,-3.028088775e-05,2.177213631,0.07275566353,3.028088775e-05,2.496414795,2.496414795,0.001383725394,0.1248207397,0.0001037610171,4.793689962e-07,9.587379924e-07,1.438106989e-06,-2.396844981e-06,0.1248207397,0.0001037610171,4.793689962e-07,9.587379924e-07,1.438106989e-06,-2.396844981e-06,0.1248207397,0,0,0,0,0,0
11.33,1,1,6.159891601e-05,3.83495197e-05,1.27032784e-05,0.0001414138539,3.187803825e-05,0.002173459029,0,0,0,0,0,0,0.002812936046,0.009834172011,0.00188432513,-0.0006394770173,-0.007400214311,-0.04951391201,11.56611116,-0,0.02509496696,0.04951391201,0.3105153936,-0.0855917013,1.002173459,-3.421546925e-05,2.475695601,0.0855917013,3.421546925e-05,2.871836911,2.871836911,0.001375436427,0.1435918455,-2.876213977e-06,-4.793689962e-07,-1.438106989e-06,9.587379924e-07,-3.355582973e-06,0.1435918455,-2.876213977e-06,-4.793689962e-07,-1.438106989e-06,9.587379924e-07,-3.355582973e-06,0.1435918455,0,0,0,0,0,0
11.34,1,1,6.159891601e-05,3.78701507e-05,1.126517141e-05,0.0001411741694,3.115898475e-05,0.002182327355,0,0,0,0,0,0.001047197551,0.002911371533,0.009852880372,0.001857338482,-0.0007290441777,-0.008437540296,-0.05404721757,11.56626752,-0,0.02519734529,0.05509441512,0.3557308333,-0.09759084823,1.003229799,-3.730571908e-05,2.702360879,0.09759084823,3.730571908e-05,3.155719866,3.155719866,0.001371347933,0.1577859933,-2.876213977e-06,4.793689962e-07,1.438106989e-06,1.438106989e-06,-1.917475985e-06,0.1577859933,-2.876213977e-06,4.793689962e-07,1.438106989e-06,1.438106989e-06,-1.917475985e-06,0.1577859933,0,0,0,0,0,0
11.35,1,1,6.159891601e-05,3.73907817e-05,1.174454041e-05,0.0001411741694,3.211772275e-05,0.002209651388,0,0,0,0,0,0.003141592654,0.003009992753,0.009871318611,0.001830300915,-0.0008003413651,-0.009263775451,-0.05639976783,11.56675329,-0,0.02551277998,0.05954136048,0.3714815569,-0.1071518051,1.005353711,-3.904466432e-05,2.819988392,0.1071518051,3.904466432e-05,3.298660798,3.298660798,0.001369806879,0.1649330399,-2.876213977e-06,1.438106989e-06,4.793689962e-07,1.438106989e-06,-3.83495197e-06,0.1649330399,-2.876213977e-06,1.438106989e-06,4.793689962e-07,1.438106989e-06,-3.83495197e-06,0.1649330399,0,0,0,0,0,0
11.36,1,1,6.111954702e-05,3.78701507e-05,1.198422491e-05,0.0001409344849,3.115898475e-05,0.002252554913,0,0,0,0,0,0.005235987756,0.003108797003,0.009889486223,0.001803213169,-0.0008562420899,-0.009912141178,-0.05779680288,11.56752827,-0,0.02600806393,0.06303279064,0.3670569058,-0.1146589733,1.007495397,-4.01962137e-05,2.889840144,0.1146589733,4.01962137e-05,3.371596219,3.371596219,0.00137040652,0.168579811,-1.917475985e-06,4.793689962e-07,-0,1.917475985e-06,-1.917475985e-06,0.168579811,-1.917475985e-06,4.793689962e-07,-0,1.917475985e-06,-1.917475985e-06,0.168579811,0,0,0,0,0,0
11.37,1,1,6.111954702e-05,3.81098352e-05,1.22239094e-05,0.0001409344849,3.187803825e-05,0.002319666573,0,0,0,0,0,0.00837758041,0.003207781574,0.00990738271,0.001776075987,-0.0008881150012,-0.01028275623,-0.05665475707,11.56877052,-0,0.02678280013,0.06503233748,0.3361113029,-0.1189588472,1.010714793,-3.967906993e-05,2.832737853,0.1189588472,3.967906993e-05,3.287847683,3.287847683,0.001371181725,0.1643923841,-1.917475985e-06,-0,-4.793689962e-07,1.917475985e-06,-3.355582973e-06,0.1643923841,-1.917475985e-06,-0,-4.793689962e-07,1.917475985e-06,-3.355582973e-06,0.1643923841,0,0,0,0,0,0
11.38,1,1,6.135923152e-05,3.78701507e-05,1.174454041e-05,0.0001406948004,3.139866925e-05,0.002415300687,0,0,0,0,0,0.009424777961,0.003306943752,0.009925007581,0.001748890113,-0.0008916430645,-0.01032558616,-0.05584665457,11.57060398,-0,0.02788677831,0.06527143253,0.2784852074,-0.1194732683,1.011862285,-3.918618996e-05,2.792332728,0.1194732683,3.918618996e-05,3.19033039,3.19033039,0.001370566716,0.1595165195,-2.396844981e-06,4.793689962e-07,4.793689962e-07,2.396844981e-06,-2.396844981e-06,0.1595165195,-2.396844981e-06,4.793689962e-07,4.793689962e-07,2.396844981e-06,-2.396844981e-06,0.1595165195,0,0,0,0,0,0
11.39,1,1,6.064017802e-05,3.81098352e-05,1.174454041e-05,0.0001414138539,3.163835375e-05,0.002544011263,0,0,0,0,0,0.01570796327,0.003406280819,0.009942360352,0.001721656292,-0.0008622695556,-0.009987739719,-0.04775868004,11.57318893,-0,0.02937254309,0.06346664331,0.1934813052,-0.1155899988,1.01831366,-3.386487446e-05,2.387934002,0.1155899988,3.386487446e-05,2.697039171,2.697039171,0.001366927683,0.1348519585,-9.587379924e-07,-0,4.793689962e-07,9.587379924e-07,-2.876213977e-06,0.1348519585,-9.587379924e-07,-0,4.793689962e-07,9.587379924e-07,-2.876213977e-06,0.1348519585,0,0,0,0,0,0
11.4,1,1,5.992112453e-05,3.691141271e-05,1.22239094e-05,0.0001411741694,3.139866925e-05,0.002739833498,0,-0.001047197551,0,0,0,0.02408554368,0.00350579005,0.009959440549,0.001694375271,-0.0007659565525,-0.008874893545,-0.0334180365,11.57738024,-0,0.0316329142,0.05750358018,0.04743066441,-0.1027480172,1.026970406,-2.391886772e-05,1.670901825,0.1027480172,2.391886772e-05,1.821104425,1.821104425,0.001355733913,0.09105522127,4.793689962e-07,0.0001071166001,-4.793689962e-07,1.438106989e-06,-2.396844981e-06,0.09105522127,4.793689962e-07,0.0001071166001,-4.793689962e-07,1.438106989e-06,-2.396844981e-06,0.09105522127,0,0,0,0,0,0
11.41,1,1,6.087986252e-05,3.81098352e-05,1.198422491e-05,0.0001414138539,3.139866925e-05,0.00299413875,0,0,0,0,0,0.02617993878,0.003605468719,0.009976247703,0.001667047798,-0.000611329969,-0.007086058696,-0.02173880347,11.58328942,-0,0.03456817106,0.04791874225,-0.1369135999,-0.08207986869,1.029345425,-1.54271273e-05,1.086940173,0.08207986869,1.54271273e-05,1.032121869,1.032121869,0.001337508859,0.05160609347,-1.438106989e-06,-0,-0,9.587379924e-07,-2.396844981e-06,0.05160609347,-1.438106989e-06,-0,-0,9.587379924e-07,-2.396844981e-06,0.05160609347,0,0,0,0,0,0
11.42,1,1,6.087986252e-05,3.81098352e-05,1.126517141e-05,0.0001409344849,3.115898475e-05,0.003244848735,0,0,0,0,0,0.02513274123,0.003705314093,0.009992781353,0.001639674622,-0.0004604653574,-0.005339547075,-0.0134357276,11.58963129,-0,0.0374617118,0.03856846883,-0.2827381469,-0.06188338188,1.028535504,-9.370613104e-06,0.67178638,0.06188338188,9.370613104e-06,0.4509409856,0.4509409856,0.001316324789,0.02254704928,-1.438106989e-06,-0,1.438106989e-06,1.917475985e-06,-1.917475985e-06,0.02254704928,-1.438106989e-06,-0,1.438106989e-06,1.917475985e-06,-1.917475985e-06,0.02254704928,0,0,0,0,0,0
11.43,1,1,6.016080902e-05,3.76304662e-05,1.126517141e-05,0.0001411741694,3.139866925e-05,0.003512336635,0,0,0,0,0,0.02827433388,0.003805323433,0.01000904105,0.001612256493,-0.000292986798,-0.003399015149,8.58748626e-05,11.59696365,-0,0.04054863304,0.02818845902,-0.4213980333,-0.03941825513,1.03198653,5.924650535e-08,-0.00429374313,0.03941825513,-5.924650535e-08,-0.3862735806,-0.3862735806,0.001293290803,-0.01931367903,-0,9.587379924e-07,1.438106989e-06,1.438106989e-06,-2.396844981e-06,-0.01931367903,-0,9.587379924e-07,1.438106989e-06,1.438106989e-06,-2.396844981e-06,-0.01931367903,0,0,0,0,0,0
11.44,1,1,6.040049352e-05,3.81098352e-05,1.150485591e-05,0.0001411741694,3.115898475e-05,0.003797561188,0,0,0,0,0,0.02722713633,0.003905493999,0.01002502634,0.001584794164,-0.000107932811,-0.001252787781,0.01050638983,11.60542716,-0,0.04383992271,0.01672074651,-0.5538069212,-0.01453913734,1.031210027,7.110006218e-06,-0.5253194913,0.01453913734,-7.110006218e-06,-1.064594385,-1.064594385,0.001270573724,-0.05322971926,-4.793689962e-07,-0,9.587379924e-07,1.438106989e-06,-1.917475985e-06,-0.05322971926,-4.793689962e-07,-0,9.587379924e-07,1.438106989e-06,-1.917475985e-06,-0.05322971926,0,0,0,0,0,0
11.45,1,1,5.992112453e-05,3.81098352e-05,1.198422491e-05,0.0001416535384,3.139866925e-05,0.004042518745,0,0,0,0,0,0.02303834613,0.004005823044,0.01004073678,0.001557288387,3.669570128e-05,0.0004261335149,0.01527366268,11.61322817,-0,0.04666627631,0.007764683449,-0.6156720913,0.004948785737,1.027213556,1.008192842e-05,-0.7636831339,-0.004948785737,-1.008192842e-05,-1.384314093,-1.384314093,0.001249081239,-0.06921570464,4.793689962e-07,-0,-0,4.793689962e-07,-2.396844981e-06,-0.06921570464,4.793689962e-07,-0,-0,4.793689962e-07,-2.396844981e-06,-0.06921570464,0,0,0,0,0,0
11.46,1,1,5.920207103e-05,3.83495197e-05,1.174454041e-05,0.0001414138539,3.139866925e-05,0.00425272205,0,0,0,0,0,0.01780235837,0.004106307817,0.01005617196,0.001529739915,0.0001464142328,0.001701013262,0.01682621972,11.62031529,-0,0.04909140827,0.0009761386486,-0.6266718025,0.01976631041,1.022134311,1.081889038e-05,-0.8413109861,-0.01976631041,-1.081889038e-05,-1.487759918,-1.487759918,0.001228870733,-0.0743879959,1.917475985e-06,-4.793689962e-07,4.793689962e-07,9.587379924e-07,-2.396844981e-06,-0.0743879959,1.917475985e-06,-4.793689962e-07,4.793689962e-07,9.587379924e-07,-2.396844981e-06,-0.0743879959,0,0,0,0,0,0
11.47,1,1,5.992112453e-05,3.76304662e-05,1.22239094e-05,0.0001414138539,3.211772275e-05,0.004409236027,0,0.001047197551,0,0,0,0.01151917306,0.004206945564,0.01007133144,0.001502149506,0.0002022904632,0.002351071746,0.01399213724,11.62582835,-0,0.05089698214,-0.002472964178,-0.5739340434,0.02733315657,1.015961582,8.744477336e-06,-0.699606862,-0.02733315657,-8.744477336e-06,-1.300882806,-1.300882806,0.001208919103,-0.06504414032,4.793689962e-07,-0.0001037610171,-4.793689962e-07,9.587379924e-07,-3.83495197e-06,-0.06504414032,4.793689962e-07,-0.0001037610171,-4.793689962e-07,9.587379924e-07,-3.83495197e-06,-0.06504414032,0,0,0,0,0,0
11.48,1,1,6.111954702e-05,3.78701507e-05,1.198422491e-05,0.0001418932229,3.139866925e-05,0.004484976329,0,0,0,0,0,0.002094395102,0.004307733526,0.01008621481,0.001474517914,0.000177242803,0.002060514615,0.002999716958,11.62856869,-0,0.05177069167,-0.0009053218558,-0.4387134036,0.02396083573,1.006580468,1.808533168e-06,-0.1499858479,-0.02396083573,-1.808533168e-06,-0.6126618958,-0.6126618958,0.001187953012,-0.03063309479,-1.917475985e-06,4.793689962e-07,-0,-0,-2.396844981e-06,-0.03063309479,-1.917475985e-06,4.793689962e-07,-0,-0,-2.396844981e-06,-0.03063309479,0,0,0,0,0,0
11.49,1,1,6.135923152e-05,3.81098352e-05,1.198422491e-05,0.0001409344849,3.163835375e-05,0.004492166864,0,0,0,0,0,0,0.004408668939,0.01010082167,0.001446845897,8.349792496e-05,0.0009708566968,-0.00492199919,11.6288313,-0,0.05185363724,0.00492199919,-0.2511666217,0.01128992875,1.004492167,-2.902540914e-06,0.2460999595,-0.01128992875,2.902540914e-06,-0.01635368835,-0.01635368835,0.001166804481,-0.0008176844177,-2.396844981e-06,-0,-0,1.917475985e-06,-2.876213977e-06,-0.0008176844177,-2.396844981e-06,-0,-0,1.917475985e-06,-2.876213977e-06,-0.0008176844177,0,0,0,0,0,0
11.5,1,1,6.064017802e-05,3.76304662e-05,1.198422491e-05,0.0001409344849,3.211772275e-05,0.00448665412,0.001047197551,0,0,0,0,0,0.004509749036,0.0101151516,0.001419134215,-2.309491576e-05,-0.0002685719903,-0.01154782372,11.62862993,-0,0.05179004566,0.01154782372,-0.08384937961,-0.003123124283,1.004486654,-6.691141e-06,0.577391186,0.003123124283,6.691141e-06,0.4966716218,0.4966716218,0.001146561834,0.02483358109,-0.0001056784931,9.587379924e-07,-0,1.917475985e-06,-3.83495197e-06,0.02483358109,-0.0001056784931,9.587379924e-07,-0,1.917475985e-06,-3.83495197e-06,0.02483358109,0,0,0,0,0,0
11.51,1,1,6.087986252e-05,3.76304662e-05,1.198422491e-05,0.0001416535384,3.115898475e-05,0.004483777906,0,0,0,0,0,0,0.004610971046,0.01012920422,0.001391383626,-0.0001271931401,-0.001479366594,-0.01802086789,11.62852496,-0,0.05175686738,0.01802086789,0.04978887053,-0.01720285136,1.004483778,-1.02698966e-05,0.9010433945,0.01720285136,1.02698966e-05,0.9680453863,0.9680453863,0.001127837983,0.04840226931,-1.438106989e-06,9.587379924e-07,-0,4.793689962e-07,-1.917475985e-06,0.04840226931,-1.438106989e-06,9.587379924e-07,-0,4.793689962e-07,-1.917475985e-06,0.04840226931,0,0,0,0,0,0
11.52,1,1,6.087986252e-05,3.76304662e-05,1.22239094e-05,0.0001418932229,3.187803825e-05,0.004484017591,0,0,0,0,0,0,0.004712332195,0.01014297914,0.001363594892,-0.000228314604,-0.002655931453,-0.02431109584,11.6285337,-0,0.05175963224,0.02431109584,0.1557058018,-0.03088458842,1.004484018,-1.364767183e-05,1.215554792,0.03088458842,1.364767183e-05,1.40215883,1.40215883,0.001111195243,0.0701079415,-1.438106989e-06,9.587379924e-07,-4.793689962e-07,-0,-3.355582973e-06,0.0701079415,-1.438106989e-06,9.587379924e-07,-4.793689962e-07,-0,-3.355582973e-06,0.0701079415,0,0,0,0,0,0
11.53,1,1,5.992112453e-05,3.76304662e-05,1.150485591e-05,0.0001409344849,3.163835375e-05,0.00448449696,0,0,0,0,0,0,0.004813829702,0.01015647599,0.001335768774,-0.0003293327426,-0.003831690696,-0.03059680556,11.62855119,-0,0.05176516196,0.03059680556,0.2422037065,-0.04455701142,1.004484497,-1.695543864e-05,1.529840278,0.04455701142,1.695543864e-05,1.816617951,1.816617951,0.001097171552,0.09083089757,4.793689962e-07,9.587379924e-07,9.587379924e-07,1.917475985e-06,-2.876213977e-06,0.09083089757,4.793689962e-07,9.587379924e-07,9.587379924e-07,1.917475985e-06,-2.876213977e-06,0.09083089757,0,0,0,0,0,0
11.54,1,1,5.944175553e-05,3.715109721e-05,1.174454041e-05,0.0001411741694,3.139866925e-05,0.004484976329,0,0,0,0,0,0,0.004915460786,0.0101696944,0.001307906035,-0.0004304844577,-0.005009409348,-0.03689275282,11.62856869,-0,0.05177069167,0.03689275282,0.3130974545,-0.05825226068,1.004484976,-2.023597476e-05,1.844637641,0.05825226068,2.023597476e-05,2.216007592,2.216007592,0.001086314825,0.1108003796,1.438106989e-06,1.917475985e-06,4.793689962e-07,1.438106989e-06,-2.396844981e-06,0.1108003796,1.438106989e-06,1.917475985e-06,4.793689962e-07,1.438106989e-06,-2.396844981e-06,0.1108003796,0,0,0,0,0,0
11.55,1,1,6.016080902e-05,3.78701507e-05,1.174454041e-05,0.0001421329074,3.163835375e-05,0.004485935067,0,0,0,0,0,0,0.005017222661,0.010182634,0.001280007439,-0.0005312875942,-0.006183490862,-0.0431690335,11.62860368,-0,0.0517817511,0.0431690335,0.3707035524,-0.07190536458,1.004485935,-2.351411702e-05,2.158451675,0.07190536458,2.351411702e-05,2.601084106,2.601084106,0.001079155674,0.1300542053,-0,4.793689962e-07,4.793689962e-07,-4.793689962e-07,-2.876213977e-06,0.1300542053,-0,4.793689962e-07,4.793689962e-07,-4.793689962e-07,-2.876213977e-06,0.1300542053,0,0,0,0,0,0
11.56,1,1,5.968144003e-05,3.78701507e-05,1.174454041e-05,0.0001416535384,3.163835375e-05,0.00448929065,0,0,0,0,0,0,0.005119112536,0.01019529443,0.001252073751,-0.0006298218861,-0.007331615284,-0.04930632006,11.62872621,-0,0.05182045905,0.04930632006,0.4152610709,-0.08525734678,1.004489291,-2.67685779e-05,2.465316003,0.08525734678,2.67685779e-05,2.965861189,2.965861189,0.00107602614,0.1482930595,9.587379924e-07,4.793689962e-07,4.793689962e-07,4.793689962e-07,-2.876213977e-06,0.1482930595,9.587379924e-07,4.793689962e-07,4.793689962e-07,4.793689962e-07,-2.876213977e-06,0.1482930595,0,0,0,0,0,0
11.57,1,1,6.183860051e-05,3.76304662e-05,1.24635939e-05,0.0001414138539,3.139866925e-05,0.004492885917,0,0,0,0,0,0,0.005221127618,0.01020767536,0.001224105737,-0.0007282417006,-0.00847884495,-0.05543847386,11.62885759,-0,0.05186193179,0.05543847386,0.4515320502,-0.09859928044,1.004492886,-3.013020804e-05,2.771923693,0.09859928044,3.013020804e-05,3.322085154,3.322085154,0.001077663089,0.1661042577,-3.355582973e-06,9.587379924e-07,-9.587379924e-07,9.587379924e-07,-2.396844981e-06,0.1661042577,-3.355582973e-06,9.587379924e-07,-9.587379924e-07,9.587379924e-07,-2.396844981e-06,0.1661042577,0,0,0,0,0,0
11.58,1,1,6.111954702e-05,3.78701507e-05,1.24635939e-05,0.0001423725919,3.211772275e-05,0.004495522446,0,0,0,0,0,0,0.00532326511,0.01021977643,0.001196104164,-0.0008277426635,-0.009639094002,-0.06163989647,11.628954,-0,0.05189234509,0.06163989647,0.4823863028,-0.1120925808,1.004495522,-3.369230224e-05,3.081994823,0.1120925808,3.369230224e-05,3.676507399,3.676507399,0.001084359882,0.18382537,-1.917475985e-06,4.793689962e-07,-9.587379924e-07,-9.587379924e-07,-3.83495197e-06,0.18382537,-1.917475985e-06,4.793689962e-07,-9.587379924e-07,-9.587379924e-07,-3.83495197e-06,0.18382537,0,0,0,0,0,0
11.59,1,1,6.064017802e-05,3.73907817e-05,1.174454041e-05,0.0001416535384,3.139866925e-05,0.004502473297,0,0,0,0,0,0,0.005425522212,0.01023159733,0.001168069799,-0.0009230489154,-0.01075101952,-0.06758247102,11.62920846,-0,0.05197252543,0.06758247102,0.5028731267,-0.1250258472,1.004502473,-3.733769697e-05,3.379123551,0.1250258472,3.733769697e-05,4.007059863,4.007059863,0.001096554209,0.2003529931,-9.587379924e-07,1.438106989e-06,4.793689962e-07,4.793689962e-07,-2.396844981e-06,0.2003529931,-9.587379924e-07,1.438106989e-06,4.793689962e-07,4.793689962e-07,-2.396844981e-06,0.2003529931,0,0,0,0,0,0
11.6,1,1,6.040049352e-05,3.76304662e-05,1.198422491e-05,0.0001414138539,3.187803825e-05,0.004514936891,0,0,0,0,0,0,0.005527896122,0.01024313772,0.00114000341,-0.001012959231,-0.01180065876,-0.073191252,11.62966573,-0,0.05211629646,0.073191252,0.513488144,-0.1372377168,1.004514937,-4.105604463e-05,3.6595626,0.1372377168,4.105604463e-05,4.310329517,4.310329517,0.001113874456,0.2155164758,-4.793689962e-07,9.587379924e-07,-0,9.587379924e-07,-3.355582973e-06,0.2155164758,-4.793689962e-07,9.587379924e-07,-0,9.587379924e-07,-3.355582973e-06,0.2155164758,0,0,0,0,0,0
11.61,1,1,6.064017802e-05,3.715109721e-05,1.22239094e-05,0.0001411741694,3.163835375e-05,0.004536987865,0,0,0,0,0,0.003141592654,0.005630384031,0.01025439729,0.001111905768,-0.001093396166,-0.01274059224,-0.07507058179,11.63047789,-0,0.0523706586,0.07821217444,0.5108862756,-0.1481791763,1.007681048,-4.318823424e-05,3.753529089,0.1481791763,4.318823424e-05,4.412637729,4.412637729,0.001135381572,0.2206318865,-9.587379924e-07,1.917475985e-06,-4.793689962e-07,1.438106989e-06,-2.876213977e-06,0.2206318865,-9.587379924e-07,1.917475985e-06,-4.793689962e-07,1.438106989e-06,-2.876213977e-06,0.2206318865,0,0,0,0,0,0
11.62,1,1,6.064017802e-05,3.691141271e-05,1.150485591e-05,0.0001414138539,3.187803825e-05,0.004571262748,0,0,0,0,0,0.004188790205,0.00573298313,0.01026537574,0.001083777642,-0.001161720382,-0.01354010692,-0.07829166978,11.63174822,-0,0.05276602079,0.08248045999,0.4953351187,-0.1574951145,1.008764439,-4.612792159e-05,3.914583489,0.1574951145,4.612792159e-05,4.56745985,4.56745985,0.001160567746,0.2283729925,-9.587379924e-07,2.396844981e-06,9.587379924e-07,9.587379924e-07,-3.355582973e-06,0.2283729925,-9.587379924e-07,2.396844981e-06,9.587379924e-07,9.587379924e-07,-3.355582973e-06,0.2283729925,0,0,0,0,0,0
11.63,1,1,6.064017802e-05,3.715109721e-05,1.150485591e-05,0.0001416535384,3.091930026e-05,0.004623753653,0,0,-0.001047197551,0,0,0.005235987756,0.005835690607,0.01027607275,0.001055619804,-0.001211936954,-0.0141294237,-0.08038624384,11.63371249,-0,0.05337149353,0.0856222316,0.4620393796,-0.164377653,1.009866595,-4.856816889e-05,4.019312192,0.164377653,4.856816889e-05,4.645777793,4.645777793,0.001187683269,0.2322888896,-9.587379924e-07,1.917475985e-06,0.0001056784931,4.793689962e-07,-1.438106989e-06,0.2322888896,-9.587379924e-07,1.917475985e-06,0.0001056784931,4.793689962e-07,-1.438106989e-06,0.2322888896,0,0,0,0,0,0
11.64,1,1,6.016080902e-05,3.76304662e-05,1.102548691e-05,0.0001414138539,3.235740724e-05,0.0046848732,0,0,0,0,0,0.006283185307,0.005938503646,0.01028648804,0.001027433026,-0.001253630446,-0.01461997234,-0.08195061954,11.63602831,-0,0.05407647752,0.08823380485,0.4248771413,-0.170118412,1.010977928,-5.084630242e-05,4.097530977,0.170118412,5.084630242e-05,4.692577377,4.692577377,0.001217060857,0.2346288688,-0,9.587379924e-07,1.917475985e-06,9.587379924e-07,-4.314320966e-06,0.2346288688,-0,9.587379924e-07,1.917475985e-06,9.587379924e-07,-4.314320966e-06,0.2346288688,0,0,0,0,0,0
11.65,1,1,6.064017802e-05,3.73907817e-05,1.174454041e-05,0.0001406948004,3.139866925e-05,0.004772597726,0,0,0,0,0,0.009424777961,0.006041419428,0.01029662131,0.0009992180801,-0.001268821702,-0.01480244099,-0.07977002078,11.63940612,-0,0.05508830157,0.08919479875,0.3642077538,-0.1722916223,1.014219582,-5.095830193e-05,3.988501039,0.1722916223,5.095830193e-05,4.525051374,4.525051374,0.001244729653,0.2262525687,-9.587379924e-07,1.438106989e-06,4.793689962e-07,2.396844981e-06,-2.396844981e-06,0.2262525687,-9.587379924e-07,1.438106989e-06,4.793689962e-07,2.396844981e-06,-2.396844981e-06,0.2262525687,0,0,0,0,0,0
11.66,1,1,5.992112453e-05,3.76304662e-05,1.24635939e-05,0.0001409344849,3.211772275e-05,0.004884770071,0,0,0,0,0,0.01151917306,0.006144435131,0.01030647231,0.0009709757401,-0.00125966506,-0.01470164907,-0.07711958219,11.64381798,-0,0.05638204759,0.08863875526,0.2869544378,-0.1711833258,1.016437116,-5.048015805e-05,3.85597911,0.1711833258,5.048015805e-05,4.314167353,4.314167353,0.001269468736,0.2157083677,4.793689962e-07,9.587379924e-07,-9.587379924e-07,1.917475985e-06,-3.83495197e-06,0.2157083677,4.793689962e-07,9.587379924e-07,-9.587379924e-07,1.917475985e-06,-3.83495197e-06,0.2157083677,0,0,0,0,0,0
11.67,1,1,6.111954702e-05,3.78701507e-05,1.198422491e-05,0.0001409344849,3.163835375e-05,0.005027142663,0,0,0,0,0,0.01466076572,0.006247547932,0.01031604074,0.0009427067803,-0.001220405269,-0.01425022551,-0.07154596856,11.6495676,-0,0.05802400765,0.08620673428,0.1893786241,-0.1660089653,1.019741643,-4.786795218e-05,3.577298428,0.1660089653,4.786795218e-05,3.932733885,3.932733885,0.001288470973,0.1966366943,-1.917475985e-06,4.793689962e-07,-0,1.917475985e-06,-2.876213977e-06,0.1966366943,-1.917475985e-06,4.793689962e-07,-0,1.917475985e-06,-2.876213977e-06,0.1966366943,0,0,0,0,0,0
11.68,1,1,6.207828501e-05,3.76304662e-05,1.174454041e-05,0.0001409344849,3.187803825e-05,0.005175747052,0,0,0,0,0,0.01361356817,0.006350755004,0.01032532636,0.0009144119758,-0.001175007951,-0.01372698384,-0.06977823641,11.65574805,-0,0.05973771272,0.08339180457,0.1034983705,-0.1599982651,1.018835648,-4.717474063e-05,3.48891182,0.1599982651,4.717474063e-05,3.752455631,3.752455631,0.001304046503,0.1876227815,-3.83495197e-06,9.587379924e-07,4.793689962e-07,1.917475985e-06,-3.355582973e-06,0.1876227815,-3.83495197e-06,9.587379924e-07,4.793689962e-07,1.917475985e-06,-3.355582973e-06,0.1876227815,0,0,0,0,0,0
11.69,1,1,5.992112453e-05,3.78701507e-05,1.22239094e-05,0.0001411741694,3.187803825e-05,0.005315722799,0,0,0.001047197551,-0.001047197551,0,0.01361356817,0.006454053516,0.0103343289,0.0008860921021,-0.001138330717,-0.01330506217,-0.06750609061,11.66173724,-0,0.06135179196,0.08111965878,0.04335993232,-0.155160139,1.018975623,-4.611929375e-05,3.375304531,0.155160139,4.611929375e-05,3.573870721,3.573870721,0.001317138226,0.1786935361,4.793689962e-07,4.793689962e-07,-0.0001051991241,0.0001061578621,-3.355582973e-06,0.1786935361,4.793689962e-07,4.793689962e-07,-0.0001051991241,0.0001061578621,-3.355582973e-06,0.1786935361,0,0,0,0,0,0
11.7,1,1,6.064017802e-05,3.667172821e-05,1.22239094e-05,0.0001414138539,3.139866925e-05,0.005449466749,0,0,0,0,0,0.01361356817,0.006557440637,0.01034304812,0.0008577479358,-0.001107973888,-0.01295660485,-0.06562723796,11.66761191,-0,0.06289389947,0.07924080613,0.0008872321609,-0.1511726371,1.019109367,-4.524248162e-05,3.281361898,0.1511726371,4.524248162e-05,3.43346701,3.43346701,0.001328514676,0.1716733505,-9.587379924e-07,2.876213977e-06,-4.793689962e-07,9.587379924e-07,-2.396844981e-06,0.1716733505,-9.587379924e-07,2.876213977e-06,-4.793689962e-07,9.587379924e-07,-2.396844981e-06,0.1716733505,0,0,0,0,0,0
11.71,1,1,6.087986252e-05,3.691141271e-05,1.198422491e-05,0.0001411741694,3.139866925e-05,0.005600947352,0,0,0,0,0,0.01675516082,0.006660913533,0.01035148378,0.0008293802539,-0.001059966181,-0.01240187406,-0.05950667106,11.67444547,-0,0.06464038011,0.07626183187,-0.05443463899,-0.1447850023,1.022426292,-4.15313042e-05,2.975333553,0.1447850023,4.15313042e-05,3.065725447,3.065725447,0.001335663621,0.1532862724,-1.438106989e-06,2.396844981e-06,-0,1.438106989e-06,-2.396844981e-06,0.1532862724,-1.438106989e-06,2.396844981e-06,-0,1.438106989e-06,-2.396844981e-06,0.1532862724,0,0,0,0,0,0
11.72,1,1,6.111954702e-05,3.715109721e-05,1.198422491e-05,0.0001416535384,3.139866925e-05,0.005804679175,0,0,0,0,0,0.02303834613,0.006764469367,0.01035963565,0.0008009898341,-0.0009597901915,-0.01123721623,-0.04699459178,11.68393786,-0,0.06698905191,0.07003293791,-0.1597056552,-0.1312949362,1.028975717,-3.320321606e-05,2.349729589,0.1312949362,3.320321606e-05,2.321352073,2.321352073,0.00133395421,0.1160676037,-1.917475985e-06,1.917475985e-06,-0,4.793689962e-07,-2.396844981e-06,0.1160676037,-1.917475985e-06,1.917475985e-06,-0,4.793689962e-07,-2.396844981e-06,0.1160676037,0,0,0,0,0,0
11.73,1,1,6.040049352e-05,3.691141271e-05,1.198422491e-05,0.0001418932229,3.163835375e-05,0.006041727144,0,0,0,0,0,0.02303834613,0.006868105299,0.0103675035,0.0007725774548,-0.0008263781554,-0.009682505835,-0.03869701126,11.6954191,-0,0.06972145077,0.06173535739,-0.282259692,-0.1132409637,1.029212765,-2.71678005e-05,1.934850563,0.1132409637,2.71678005e-05,1.765859003,1.765859003,0.001324355537,0.08829295013,-4.793689962e-07,2.396844981e-06,-0,-0,-2.876213977e-06,0.08829295013,-4.793689962e-07,2.396844981e-06,-0,-0,-2.876213977e-06,0.08829295013,0,0,0,0,0,0
11.74,1,1,6.111954702e-05,3.691141271e-05,1.150485591e-05,0.0001418932229,3.163835375e-05,0.006277337005,0,0,0,0,0,0.02513274123,0.006971818489,0.01037508712,0.0007441438949,-0.0006944814838,-0.008143367452,-0.028401773,11.7072972,-0,0.07243688565,0.05353451423,-0.3808556524,-0.095336823,1.031567992,-1.981806684e-05,1.42008865,0.095336823,1.981806684e-05,1.134589639,1.134589639,0.001309728299,0.05672948194,-1.917475985e-06,2.396844981e-06,9.587379924e-07,-0,-2.876213977e-06,0.05672948194,-1.917475985e-06,2.396844981e-06,9.587379924e-07,-0,-2.876213977e-06,0.05672948194,0,0,0,0,0,0
11.75,1,1,6.111954702e-05,3.83495197e-05,1.198422491e-05,0.0001418932229,3.139866925e-05,0.006543147114,0,0,0,0,0,0.02722713633,0.007075606093,0.01038238631,0.0007156899339,-0.0005324589797,-0.006248905484,-0.01623541209,11.72125782,-0,0.07549990015,0.04346254843,-0.496203472,-0.07324503228,1.033955613,-1.121556815e-05,0.8117706047,0.07324503228,1.121556815e-05,0.3888233806,0.3888233806,0.001290247058,0.01944116903,-1.917475985e-06,-4.793689962e-07,-0,-0,-2.396844981e-06,0.01944116903,-1.917475985e-06,-4.793689962e-07,-0,-0,-2.396844981e-06,0.01944116903,0,0,0,0,0,0
11.76,1,1,6.087986252e-05,3.83495197e-05,1.24635939e-05,0.0001414138539,3.259709174e-05,0.006820462078,0,0,0,0,0,0.02513274123,0.007179465267,0.01038940086,0.0006872163519,-0.0003590031885,-0.004217098737,-0.007552535297,11.73645758,-0,0.07869492149,0.03268527653,-0.6023995147,-0.04949380043,1.032111117,-5.110446722e-06,0.3776267649,0.04949380043,5.110446722e-06,-0.175273839,-0.175273839,0.001268166736,-0.008763691951,-1.438106989e-06,-4.793689962e-07,-9.587379924e-07,9.587379924e-07,-4.793689962e-06,-0.008763691951,-1.438106989e-06,-4.793689962e-07,-9.587379924e-07,9.587379924e-07,-4.793689962e-06,-0.008763691951,0,0,0,0,0,0
11.77,1,1,6.064017802e-05,3.81098352e-05,1.078580241e-05,0.0001411741694,3.115898475e-05,0.007082916604,0,0,0,0,0,0.02513274123,0.007283393161,0.01039613057,0.0006587239295,-0.0002004765576,-0.00235706983,0.002290357936,11.75144208,-0,0.08171817636,0.02284238329,-0.6723504263,-0.02769896958,1.032373572,1.523045929e-06,-0.1145178968,0.02769896958,-1.523045929e-06,-0.7591708766,-0.7591708766,0.001245618093,-0.03795854383,-9.587379924e-07,-0,2.396844981e-06,1.438106989e-06,-1.917475985e-06,-0.03795854383,-9.587379924e-07,-0,2.396844981e-06,1.438106989e-06,-1.917475985e-06,-0.03795854383,0,0,0,0,0,0
11.78,1,1,6.087986252e-05,3.76304662e-05,1.174454041e-05,0.0001406948004,3.163835375e-05,0.007353520402,0,0,0,0,0,0.02617993878,0.007387386928,0.01040257528,0.0006302134479,-3.386652611e-05,-0.0003985592587,0.01367563986,11.76750426,-0,0.08483471635,0.01250429892,-0.7386763123,-0.004690047776,1.033704806,8.959569202e-06,-0.6837819928,0.004690047776,-8.959569202e-06,-1.417777217,-1.417777217,0.001224185239,-0.07088886084,-1.438106989e-06,9.587379924e-07,4.793689962e-07,2.396844981e-06,-2.876213977e-06,-0.07088886084,-1.438106989e-06,9.587379924e-07,4.793689962e-07,2.396844981e-06,-2.876213977e-06,-0.07088886084,0,0,0,0,0,0
11.79,1,1,5.968144003e-05,3.76304662e-05,1.126517141e-05,0.0001416535384,3.115898475e-05,0.007600635119,0,0,0,0,0,0.02094395102,0.007491443716,0.01040873479,0.0006016856886,0.0001091914034,0.00128620005,0.01730912406,11.78271736,-0,0.08768019279,0.003634826962,-0.7648816072,0.01515493165,1.028654248,1.104840575e-05,-0.8654562031,-0.01515493165,-1.104840575e-05,-1.64550379,-1.64550379,0.001204533749,-0.08227518952,9.587379924e-07,9.587379924e-07,1.438106989e-06,4.793689962e-07,-1.917475985e-06,-0.08227518952,9.587379924e-07,9.587379924e-07,1.438106989e-06,4.793689962e-07,-1.917475985e-06,-0.08227518952,0,0,0,0,0,0
11.8,1,1,5.944175553e-05,3.76304662e-05,1.150485591e-05,0.0001414138539,3.163835375e-05,0.007816351168,0,0,0,0,0,0.02094395102,0.007595560673,0.01041460893,0.0005731414338,0.0002207904952,0.00260298253,0.02422255733,11.7964244,-0,0.09016368443,-0.003278606311,-0.7512992974,0.03070588664,1.028869964,1.523608967e-05,-1.211127867,-0.03070588664,-1.523608967e-05,-1.993148287,-1.993148287,0.001186726436,-0.09965741434,1.438106989e-06,9.587379924e-07,9.587379924e-07,9.587379924e-07,-2.876213977e-06,-0.09965741434,1.438106989e-06,9.587379924e-07,9.587379924e-07,9.587379924e-07,-2.876213977e-06,-0.09965741434,0,0,0,0,0,0
11.81,1,1,5.992112453e-05,3.78701507e-05,1.174454041e-05,0.0001418932229,3.187803825e-05,0.008026794157,0,0,0,0,0,0.01884955592,0.007699734943,0.01042019756,0.0005445814661,0.0003270592141,0.003859134172,0.02870740432,11.81018118,-0,0.09258606592,-0.009857848403,-0.7340558603,0.04557707378,1.026965177,1.775578412e-05,-1.435370216,-0.04557707378,-1.775578412e-05,-2.215020906,-2.215020906,0.001171450097,-0.1107510453,4.793689962e-07,4.793689962e-07,4.793689962e-07,-0,-3.355582973e-06,-0.1107510453,4.793689962e-07,4.793689962e-07,4.793689962e-07,-0,-3.355582973e-06,-0.1107510453,0,0,0,0,0,0
11.82,1,1,5.992112453e-05,3.715109721e-05,1.150485591e-05,0.0001416535384,3.115898475e-05,0.008201044787,0,-0.001047197551,0,0,0,0.01256637061,0.007803963672,0.01042550051,0.0005160065684,0.0003970811157,0.004688984305,0.02675548376,11.82186055,-0,0.09459153341,-0.01418911315,-0.6775110844,0.05543251857,1.020806894,1.615095835e-05,-1.337774188,-0.05543251857,-1.615095835e-05,-2.070733942,-2.070733942,0.001157060065,-0.1035366971,4.793689962e-07,0.0001066372311,9.587379924e-07,4.793689962e-07,-1.917475985e-06,-0.1035366971,4.793689962e-07,0.0001066372311,9.587379924e-07,4.793689962e-07,-1.917475985e-06,-0.1035366971,0,0,0,0,0,0
11.83,1,1,5.968144003e-05,3.78701507e-05,1.054611792e-05,0.0001409344849,3.235740724e-05,0.008301472592,0,0,0,0.001047197551,0,0.005235987756,0.007908244001,0.01043051765,0.0004874175241,0.0003932285914,0.004646167685,0.01918149852,11.82871087,-0,0.09574723731,-0.01394551077,-0.5476682928,0.05495817422,1.013544314,1.125657847e-05,-0.9590749262,-0.05495817422,-1.125657847e-05,-1.56171265,-1.56171265,0.001140758942,-0.07808563249,9.587379924e-07,4.793689962e-07,2.876213977e-06,-0.0001028022791,-4.314320966e-06,-0.07808563249,9.587379924e-07,4.793689962e-07,2.876213977e-06,-0.0001028022791,-4.314320966e-06,-0.07808563249,0,0,0,0,0,0
11.84,1,1,5.968144003e-05,3.73907817e-05,1.126517141e-05,0.0001416535384,3.091930026e-05,0.008335747475,0,0,0,0,0,0,0.008012573071,0.01043524882,0.000458815117,0.0003231744039,0.003819947129,0.009602206799,11.83106877,-0,0.09614164414,-0.009602206799,-0.367002937,0.04519405716,1.008335747,5.486868721e-06,-0.48011034,-0.04519405716,-5.486868721e-06,-0.892312821,-0.892312821,0.00112206486,-0.04461564105,9.587379924e-07,1.438106989e-06,1.438106989e-06,4.793689962e-07,-1.438106989e-06,-0.04461564105,9.587379924e-07,1.438106989e-06,1.438106989e-06,4.793689962e-07,-1.438106989e-06,-0.04461564105,0,0,0,0,0,0
11.85,1,1,6.111954702e-05,3.81098352e-05,1.174454041e-05,0.0001421329074,3.187803825e-05,0.008335028422,0,0,0,0,0,0,0.008116948023,0.01043969391,0.0004302001313,0.0002180803983,0.00257848915,0.003085863329,11.83101919,-0,0.09613336999,-0.003085863329,-0.1805305823,0.03050615463,1.008335028,1.732403515e-06,-0.1542931664,-0.03050615463,-1.732403515e-06,-0.3653316358,-0.3653316358,0.001102333693,-0.01826658179,-1.917475985e-06,-0,4.793689962e-07,-4.793689962e-07,-3.355582973e-06,-0.01826658179,-1.917475985e-06,-0,4.793689962e-07,-4.793689962e-07,-3.355582973e-06,-0.01826658179,0,0,0,0,0,0
11.86,1,1,6.111954702e-05,3.76304662e-05,1.24635939e-05,0.0001409344849,3.163835375e-05,0.00833119347,0,0,0,0,0,0,0.008221365995,0.01044385278,0.0004015733514,0.0001098274744,0.001298928329,-0.003630082642,11.83075489,-0,0.09608924108,0.003630082642,-0.0246390905,0.01536730269,1.008331193,-2.001577523e-06,0.1815041321,-0.01536730269,2.001577523e-06,0.1414997405,0.1414997405,0.001082682432,0.007074987026,-1.917475985e-06,9.587379924e-07,-9.587379924e-07,1.917475985e-06,-2.876213977e-06,0.007074987026,-1.917475985e-06,9.587379924e-07,-9.587379924e-07,1.917475985e-06,-2.876213977e-06,0.007074987026,0,0,0,0,0,0
11.87,1,1,6.040049352e-05,3.83495197e-05,1.198422491e-05,0.0001421329074,3.163835375e-05,0.008330234732,0.001047197551,0,0,0,0,0,0.008325824125,0.01044772534,0.0003729355622,4.410607122e-06,5.217985219e-05,-0.01017400293,11.83068884,-0,0.09607820883,0.01017400293,0.09959594703,0.0006173235949,1.008330235,-5.511464326e-06,0.5087001463,-0.0006173235949,5.511464326e-06,0.6076842812,0.6076842812,0.001063773948,0.03038421406,-0.0001051991241,-4.793689962e-07,-0,-4.793689962e-07,-2.876213977e-06,0.03038421406,-0.0001051991241,-4.793689962e-07,-0,-4.793689962e-07,-2.876213977e-06,0.03038421406,0,0,0,0,0,0
11.88,1,1,5.920207103e-05,3.76304662e-05,1.150485591e-05,0.0001426122764,3.115898475e-05,0.008331672839,0,0,0,0,0,0,0.008430319547,0.01045131146,0.0003442875487,-9.864670861e-05,-0.001167404983,-0.01657521389,11.83078792,-0,0.0960947572,0.01657521389,0.1985208326,-0.01381132078,1.008331673,-8.829907447e-06,0.8287606946,0.01381132078,8.829907447e-06,1.041101678,1.041101678,0.001046224117,0.05205508389,1.917475985e-06,9.587379924e-07,9.587379924e-07,-1.438106989e-06,-1.917475985e-06,0.05205508389,1.917475985e-06,9.587379924e-07,9.587379924e-07,-1.438106989e-06,-1.917475985e-06,0.05205508389,0,0,0,0,0,0
11.89,1,1,5.872270204e-05,3.691141271e-05,1.198422491e-05,0.0001411741694,3.115898475e-05,0.008335268106,0,0,0,0,0,0,0.008534849399,0.01045461106,0.0003156300965,-0.0001995812925,-0.002362637939,-0.02284821721,11.83103572,-0,0.09613612804,0.02284821721,0.2769240403,-0.02795245384,1.008335268,-1.198781785e-05,1.142410861,0.02795245384,1.198781785e-05,1.447299342,1.447299342,0.001030607377,0.07236496712,2.876213977e-06,2.396844981e-06,-0,1.438106989e-06,-1.917475985e-06,0.07236496712,2.876213977e-06,2.396844981e-06,-0,1.438106989e-06,-1.917475985e-06,0.07236496712,0,0,0,0,0,0
11.9,1,1,6.064017802e-05,3.715109721e-05,1.174454041e-05,0.0001411741694,3.139866925e-05,0.008337425267,0,0,0,0,0,0,0.008639410813,0.01045762403,0.000286963991,-0.0003019855464,-0.003576030826,-0.02921616949,11.83118445,-0,0.09616095048,0.02921616949,0.342798737,-0.04230868029,1.008337425,-1.51292702e-05,1.460808474,0.04230868029,1.51292702e-05,1.845931021,1.845931021,0.001017439094,0.09229655104,-9.587379924e-07,1.917475985e-06,4.793689962e-07,1.438106989e-06,-2.396844981e-06,0.09229655104,-9.587379924e-07,1.917475985e-06,4.793689962e-07,1.438106989e-06,-2.396844981e-06,0.09229655104,0,0,0,0,0,0
11.91,1,1,6.111954702e-05,3.73907817e-05,1.198422491e-05,0.0001406948004,3.163835375e-05,0.008340301481,0,0,0,0,0,0.001047197551,0.008744000924,0.01046035031,0.0002582900184,-0.0004036994431,-0.004782038892,-0.03449771842,11.83138282,-0,0.096194047,0.03554491597,0.3957719454,-0.05657813278,1.009387773,-1.771833405e-05,1.724885921,0.05657813278,1.771833405e-05,2.177253717,2.177253717,0.001007294034,0.1088626859,-1.917475985e-06,1.438106989e-06,-0,2.396844981e-06,-2.876213977e-06,0.1088626859,-1.917475985e-06,1.438106989e-06,-0,2.396844981e-06,-2.876213977e-06,0.1088626859,0,0,0,0,0,0
11.92,1,1,6.135923152e-05,3.85892042e-05,1.174454041e-05,0.0001416535384,3.139866925e-05,0.008345814224,0,0,0,0,0,0,0.008848616863,0.01046278981,0.0002296089645,-0.0005028026392,-0.005957951291,-0.04171490248,11.83176322,-0,0.09625748177,0.04171490248,0.436264286,-0.07049306898,1.008345814,-2.123177767e-05,2.085745124,0.07049306898,2.123177767e-05,2.592523711,2.592523711,0.001000690942,0.1296261855,-2.396844981e-06,-9.587379924e-07,4.793689962e-07,4.793689962e-07,-2.396844981e-06,0.1296261855,-2.396844981e-06,-9.587379924e-07,4.793689962e-07,4.793689962e-07,-2.396844981e-06,0.1296261855,0,0,0,0,0,0
11.93,1,1,6.135923152e-05,3.81098352e-05,1.198422491e-05,0.0001411741694,3.187803825e-05,0.008363550877,0,0,0,0,0,0.002094395102,0.008953255764,0.01046494247,0.0002009216159,-0.0005897048868,-0.006990297339,-0.04503424906,11.83298893,-0,0.09646157429,0.04712864417,0.4552383726,-0.08271611101,1.010459043,-2.293016377e-05,2.251712453,0.08271611101,2.293016377e-05,2.789689867,2.789689867,0.0009971289187,0.1394844933,-2.396844981e-06,-0,-0,1.438106989e-06,-3.355582973e-06,0.1394844933,-2.396844981e-06,-0,-0,1.438106989e-06,-3.355582973e-06,0.1394844933,0,0,0,0,0,0
11.94,1,1,6.111954702e-05,3.76304662e-05,1.150485591e-05,0.0001409344849,3.163835375e-05,0.008392552701,0,0,0,0,0,0.003141592654,0.009057914756,0.01046680822,0.0001722287588,-0.0006653620551,-0.007890355148,-0.04870297208,11.83499898,-0,0.09679528663,0.05184456473,0.4578994103,-0.09338234517,1.011536613,-2.482661323e-05,2.435148604,0.09338234517,2.482661323e-05,2.986455186,2.986455186,0.0009964154741,0.1493227593,-1.917475985e-06,9.587379924e-07,9.587379924e-07,1.917475985e-06,-2.876213977e-06,0.1493227593,-1.917475985e-06,9.587379924e-07,9.587379924e-07,1.917475985e-06,-2.876213977e-06,0.1493227593,0,0,0,0,0,0
11.95,1,1,6.087986252e-05,3.83495197e-05,1.150485591e-05,0.0001421329074,3.187803825e-05,0.008437134018,0,0,0,0,0,0.005235987756,0.009162590972,0.01046838703,0.00014353118,-0.0007254569539,-0.008606960185,-0.05035666748,11.83810303,-0,0.09730825011,0.05559265524,0.4424890267,-0.1018900814,1.013679976,-2.580584946e-05,2.517833374,0.1018900814,2.580584946e-05,3.062238288,3.062238288,0.0009976049377,0.1531119144,-1.438106989e-06,-4.793689962e-07,9.587379924e-07,-4.793689962e-07,-3.355582973e-06,0.1531119144,-1.438106989e-06,-4.793689962e-07,9.587379924e-07,-4.793689962e-07,-3.355582973e-06,0.1531119144,0,0,0,0,0,0
11.96,1,1,6.087986252e-05,3.930825769e-05,1.24635939e-05,0.0001414138539,3.187803825e-05,0.008510956843,0,0,0,0,0,0.009424777961,0.00926728154,0.01046967883,0.0001148296663,-0.0007563246969,-0.008978146246,-0.04809513099,11.84328094,-0,0.09815763114,0.05751990895,0.3960305188,-0.1063307083,1.017957941,-2.48847953e-05,2.404756549,0.1063307083,2.48847953e-05,2.907142661,2.907142661,0.0009986271566,0.1453571331,-1.438106989e-06,-2.396844981e-06,-9.587379924e-07,9.587379924e-07,-3.355582973e-06,0.1453571331,-1.438106989e-06,-2.396844981e-06,-9.587379924e-07,9.587379924e-07,-3.355582973e-06,0.1453571331,0,0,0,0,0,0
11.97,1,1,6.040049352e-05,3.83495197e-05,1.22239094e-05,0.0001414138539,3.187803825e-05,0.00862696414,0,0,0,0,0,0.01256637061,0.009371983592,0.01047068361,8.612500438e-05,-0.0007450194513,-0.008850043319,-0.04425160647,11.85151322,-0,0.09949226501,0.05681797708,0.3098704034,-0.1048864054,1.021232813,-2.301738458e-05,2.212580323,0.1048864054,2.301738458e-05,2.627360149,2.627360149,0.0009972235791,0.1313680075,-4.793689962e-07,-4.793689962e-07,-4.793689962e-07,9.587379924e-07,-3.355582973e-06,0.1313680075,-4.793689962e-07,-4.793689962e-07,-4.793689962e-07,9.587379924e-07,-3.355582973e-06,0.1313680075,0,0,0,0,0,0
11.98,1,1,6.040049352e-05,3.85892042e-05,1.22239094e-05,0.0001414138539,3.115898475e-05,0.008797140134,0,0,0,0,0,0.01989675347,0.009476694256,0.01047140133,5.741798134e-05,-0.0006795541215,-0.008079396267,-0.0328429576,11.86380124,-0,0.1014498541,0.05273971107,0.1773653167,-0.09585235142,1.028792864,-1.72370474e-05,1.64214788,0.09585235142,1.72370474e-05,1.915382785,1.915382785,0.0009908040439,0.09576913926,-4.793689962e-07,-9.587379924e-07,-4.793689962e-07,9.587379924e-07,-1.917475985e-06,0.09576913926,-4.793689962e-07,-9.587379924e-07,-4.793689962e-07,9.587379924e-07,-1.917475985e-06,0.09576913926,0,0,0,0,0,0
11.99,1,1,6.016080902e-05,3.76304662e-05,1.126517141e-05,0.0001416535384,3.187803825e-05,0.009025319776,0,0,0,0,0,0.02408554368,0.009581410661,0.01047183196,2.870938416e-05,-0.000556090885,-0.006618573585,-0.02096363566,11.88067392,-0,0.1040742181,0.04504917934,0.003404175278,-0.07863311459,1.033255892,-1.096811045e-05,1.048181783,0.07863311459,1.096811045e-05,1.130230041,1.130230041,0.000978708072,0.05651150205,-0,9.587379924e-07,1.438106989e-06,4.793689962e-07,-3.355582973e-06,0.05651150205,-0,9.587379924e-07,1.438106989e-06,4.793689962e-07,-3.355582973e-06,0.05651150205,0,0,0,0,0,0
12,0,1,5.968144003e-05,3.83495197e-05,1.198422491e-05,0.0001414138539,3.163835375e-05,0.009282501243,0,0,0,0,0,0.02617993878,0.009686129938,0,0,-0.0004036286948,-0.004809662432,0.001121693458,11.9002375,-0,0.1070314943,0.02505824532,-0.3813246044,-0.05723612525,1.035633787,5.802754705e-07,-0.05608467289,0.05723612525,-5.802754705e-07,-0.3801737323,-0.3801737323,0.0009629320051,-0.01900868661,9.587379924e-07,-4.793689962e-07,-0,9.587379924e-07,-2.876213977e-06,-0.01900868661,9.587379924e-07,-4.793689962e-07,-0,9.587379924e-07,-2.876213977e-06,0.0112146851,0,0,0,0,1,0
12.01,0,1,6.040049352e-05,3.73907817e-05,1.150485591e-05,0.0001411741694,3.187803825e-05,0.009568924218,0,0,0,0,0,0.02932153143,0.009686129938,0,0,-0.0001172057196,-0.001397959817,0.02205191671,11.92271007,-0,0.1103241832,0.00726961472,-0.6376104304,-0.0166674696,1.039105394,1.129427015e-05,-1.102595836,0.0166674696,-1.129427015e-05,-1.723550091,-1.723550091,0.0009473724544,-0.08617750454,-4.793689962e-07,1.438106989e-06,9.587379924e-07,1.438106989e-06,-3.355582973e-06,-0.08617750454,-4.793689962e-07,1.438106989e-06,9.587379924e-07,1.438106989e-06,-3.355582973e-06,-0.08617750454,0,0,0,0,0,0
12.02,0,1,6.111954702e-05,3.73907817e-05,1.174454041e-05,0.0001411741694,3.139866925e-05,0.009844082022,0,0,0,0,0,0.02303834613,0.009686129938,0,0,0.0001579520843,0.001885715722,0.03282608617,11.9449816,-0,0.1134865219,-0.009787740041,-0.831745376,0.02252483961,1.033015119,1.643130006e-05,-1.641304308,-0.02252483961,-1.643130006e-05,-2.495590955,-2.495590955,0.0009373176531,-0.1247795478,-1.917475985e-06,1.438106989e-06,4.793689962e-07,1.438106989e-06,-2.396844981e-06,-0.1247795478,-1.917475985e-06,1.438106989e-06,4.793689962e-07,1.438106989e-06,-2.396844981e-06,-0.1247795478,0,0,0,0,0,0
12.03,0,1,6.064017802e-05,3.691141271e-05,1.198422491e-05,0.0001409344849,3.139866925e-05,0.01005716154,0,0,0,0,0,0.01675516082,0.009686129938,0,0,0.0003710316031,0.004432826252,0.03972952684,11.96269039,-0,0.1159348208,-0.02297436602,-0.9197901114,0.05302852801,1.026882506,1.953044028e-05,-1.986476342,-0.05302852801,-1.953044028e-05,-2.959314512,-2.959314512,0.0009319375672,-0.1479657256,-9.587379924e-07,2.396844981e-06,-0,1.917475985e-06,-2.396844981e-06,-0.1479657256,-9.587379924e-07,2.396844981e-06,-0,1.917475985e-06,-2.396844981e-06,-0.1479657256,0,0,0,0,0,0
12.04,0,1,6.040049352e-05,3.715109721e-05,1.174454041e-05,0.0001409344849,3.187803825e-05,0.01020432782,0,0,0,0,0,0.009424777961,0.009686129938,0,0,0.0005181978849,0.006194245977,0.04149477359,11.97515756,-0,0.1176254674,-0.03206999563,-0.9167943299,0.07417707153,1.019651312,2.004939817e-05,-2.074738679,-0.07417707153,-2.004939817e-05,-3.06573013,-3.06573013,0.0009291378495,-0.1532865065,-4.793689962e-07,1.917475985e-06,4.793689962e-07,1.917475985e-06,-3.355582973e-06,-0.1532865065,-4.793689962e-07,1.917475985e-06,4.793689962e-07,1.917475985e-06,-3.355582973e-06,-0.1532865065,0,0,0,0,0,0
12.05,0,1,6.064017802e-05,3.73907817e-05,1.126517141e-05,0.0001411741694,3.187803825e-05,0.010264968,0.001047197551,0,0,0.001047197551,0,0.001047197551,0.009686129938,0,0,0.0005788380629,0.006920578987,0.0368621663,11.98035101,-0,0.1183220285,-0.03581496875,-0.8159216378,0.08291096549,1.01131244,1.743707374e-05,-1.843108315,-0.08291096549,-1.743707374e-05,-2.741958355,-2.741958355,0.0009243992312,-0.1370979178,-0.0001056784931,1.438106989e-06,1.438106989e-06,-0.0001032816481,-3.355582973e-06,-0.1370979178,-0.0001056784931,1.438106989e-06,1.438106989e-06,-0.0001032816481,-3.355582973e-06,-0.1370979178,0,0,0,0,0,0
12.06,0,1,5.992112453e-05,3.73907817e-05,1.174454041e-05,0.0001409344849,3.163835375e-05,0.01026137273,0,0,0,0,0,-0.001047197551,0.009686129938,0,0,0.0005752427955,0.006877506975,0.034545785,11.98004218,-0,0.1182807316,-0.03559298255,-0.6620864691,0.08239282368,1.011308844,1.622017014e-05,-1.72728925,-0.08239282368,-1.622017014e-05,-2.471784763,-2.471784763,0.0009174319213,-0.1235892381,4.793689962e-07,1.438106989e-06,4.793689962e-07,1.917475985e-06,-2.876213977e-06,-0.1235892381,4.793689962e-07,1.438106989e-06,4.793689962e-07,1.917475985e-06,-2.876213977e-06,-0.1235892381,0,0,0,0,0,0
12.07,0,1,6.040049352e-05,3.78701507e-05,1.22239094e-05,0.0001409344849,3.163835375e-05,0.01024699166,0,0,0,0,0,-0.002094395102,0.009686129938,0,0,0.0005608617256,0.006705230022,0.03261058227,11.97880802,-0,0.1181155425,-0.03470497737,-0.5246580437,0.08032066316,1.012342483,1.521821129e-05,-1.630529114,-0.08032066316,-1.521821129e-05,-2.235523039,-2.235523039,0.0009098881641,-0.1117761519,-4.793689962e-07,4.793689962e-07,-4.793689962e-07,1.917475985e-06,-2.876213977e-06,-0.1117761519,-4.793689962e-07,4.793689962e-07,-4.793689962e-07,1.917475985e-06,-2.876213977e-06,-0.1117761519,0,0,0,0,0,0
12.08,0,1,6.087986252e-05,3.83495197e-05,1.174454041e-05,0.0001406948004,3.163835375e-05,0.01022877564,0,0,0,0,0,-0.001047197551,0.009686129938,0,0,0.0005426457037,0.006487038004,0.03253283488,11.9772474,-0,0.1179062996,-0.03358003243,-0.4083262293,0.07769685909,1.011276247,1.501556221e-05,-1.626641744,-0.07769685909,-1.501556221e-05,-2.112679848,-2.112679848,0.0009018176952,-0.1056339924,-1.438106989e-06,-4.793689962e-07,4.793689962e-07,2.396844981e-06,-2.876213977e-06,-0.1056339924,-1.438106989e-06,-4.793689962e-07,4.793689962e-07,2.396844981e-06,-2.876213977e-06,-0.1056339924,0,0,0,0,0,0
12.09,0,1,6.064017802e-05,3.691141271e-05,1.150485591e-05,0.0001411741694,3.139866925e-05,0.01021415489,0,0,0,0,0,-0.001047197551,0.009686129938,0,0,0.0005280249493,0.00631193075,0.03162980696,11.97599695,-0,0.1177383517,-0.03267700451,-0.3170689286,0.07559166341,1.011261627,1.446642181e-05,-1.581490348,-0.07559166341,-1.446642181e-05,-1.974165407,-1.974165407,0.0008936308674,-0.09870827033,-9.587379924e-07,2.396844981e-06,9.587379924e-07,1.438106989e-06,-2.396844981e-06,-0.09870827033,-9.587379924e-07,2.396844981e-06,9.587379924e-07,1.438106989e-06,-2.396844981e-06,-0.09870827033,0,0,0,0,0,0
12.1,0,1,6.111954702e-05,3.73907817e-05,1.174454041e-05,0.0001406948004,3.163835375e-05,0.01020888183,0,0,0,0,0,0,0.009686129938,0,0,0.0005227518904,0.006248781797,0.03235129799,11.97554644,-0,0.1176777798,-0.03235129799,-0.2532510635,0.0748325766,1.010208882,1.46334784e-05,-1.617564899,-0.0748325766,-1.46334784e-05,-1.945663173,-1.945663173,0.0008856742945,-0.09728315865,-1.917475985e-06,1.438106989e-06,4.793689962e-07,2.396844981e-06,-2.876213977e-06,-0.09728315865,-1.917475985e-06,1.438106989e-06,4.793689962e-07,2.396844981e-06,-2.876213977e-06,-0.09728315865,0,0,0,0,0,0
12.11,0,1,6.135923152e-05,3.73907817e-05,1.174454041e-05,0.0001411741694,3.139866925e-05,0.0102093612,0,0,0,0,0,0,0.009686129938,0,0,0.0005232312594,0.006254522513,0.0323809082,11.97558738,-0,0.1176832863,-0.0323809082,-0.2075748621,0.0749015809,1.010209361,1.451652601e-05,-1.61904541,-0.0749015809,-1.451652601e-05,-1.90153637,-1.90153637,0.0008778002331,-0.09507681849,-2.396844981e-06,1.438106989e-06,4.793689962e-07,1.438106989e-06,-2.396844981e-06,-0.09507681849,-2.396844981e-06,1.438106989e-06,4.793689962e-07,1.438106989e-06,-2.396844981e-06,-0.09507681849,0,0,0,0,0,0
12.12,0,1,6.064017802e-05,3.76304662e-05,1.174454041e-05,0.0001414138539,3.139866925e-05,0.01021008025,0,0,0,0,0,0,0.009686129938,0,0,0.0005239503129,0.006263133623,0.03242532333,11.97564881,-0,0.1176915462,-0.03242532333,-0.1703619747,0.0750050887,1.01021008,1.440890156e-05,-1.621266166,-0.0750050887,-1.440890156e-05,-1.866647639,-1.866647639,0.0008701068274,-0.09333238194,-9.587379924e-07,9.587379924e-07,4.793689962e-07,9.587379924e-07,-2.396844981e-06,-0.09333238194,-9.587379924e-07,9.587379924e-07,4.793689962e-07,9.587379924e-07,-2.396844981e-06,-0.09333238194,0,0,0,0,0,0
12.13,0,1,5.992112453e-05,3.83495197e-05,1.22239094e-05,0.0001411741694,3.163835375e-05,0.0102107993,0,0,0,0,0,0,0.009686129938,0,0,0.0005246693664,0.006271744778,0.03246973822,11.97571023,-0,0.117699806,-0.03246973822,-0.1400225523,0.07510859811,1.010210799,1.430342513e-05,-1.623486911,-0.07510859811,-1.430342513e-05,-1.838632365,-1.838632365,0.0008625639183,-0.09193161823,4.793689962e-07,-4.793689962e-07,-4.793689962e-07,1.438106989e-06,-2.876213977e-06,-0.09193161823,4.793689962e-07,-4.793689962e-07,-4.793689962e-07,1.438106989e-06,-2.876213977e-06,-0.09193161823,0,0,0,0,0,0
12.14,0,1,5.896238653e-05,3.667172821e-05,1.126517141e-05,0.0001411741694,3.163835375e-05,0.01021008025,0,0,0,0,0,0,0.009686129938,0,0,0.0005239503129,0.006263133623,0.03242532333,11.97564881,-0,0.1176915462,-0.03242532333,-0.1136289972,0.0750050887,1.01021008,1.416100815e-05,-1.621266166,-0.0750050887,-1.416100815e-05,-1.809914413,-1.809914413,0.0008551511937,-0.09049572067,2.396844981e-06,2.876213977e-06,1.438106989e-06,1.438106989e-06,-2.876213977e-06,-0.09049572067,2.396844981e-06,2.876213977e-06,1.438106989e-06,1.438106989e-06,-2.876213977e-06,-0.09049572067,0,0,0,0,0,0
12.15,0,1,6.111954702e-05,3.715109721e-05,1.102548691e-05,0.0001409344849,3.115898475e-05,0.01021031993,0,0,0,0,0,0,0.009686129938,0,0,0.0005241899974,0.006266004003,0.03244012832,11.97566928,-0,0.1176942994,-0.03244012832,-0.09312516308,0.07503959166,1.01021032,1.404669144e-05,-1.622006416,-0.07503959166,-1.404669144e-05,-1.790185217,-1.790185217,0.0008478679383,-0.08950926087,-1.917475985e-06,1.917475985e-06,1.917475985e-06,1.917475985e-06,-1.917475985e-06,-0.08950926087,-1.917475985e-06,1.917475985e-06,1.917475985e-06,1.917475985e-06,-1.917475985e-06,-0.08950926087,0,0,0,0,0,0
12.16,0,1,6.016080902e-05,3.76304662e-05,1.174454041e-05,0.0001406948004,3.163835375e-05,0.01021031993,0,0,0,0,0,0,0.009686129938,0,0,0.0005241899974,0.006266004003,0.03244012832,11.97566928,-0,0.1176942994,-0.03244012832,-0.07603209648,0.07503959166,1.01021032,1.39282655e-05,-1.622006416,-0.07503959166,-1.39282655e-05,-1.773092032,-1.773092032,0.000840726458,-0.08865460162,-0,9.587379924e-07,4.793689962e-07,2.396844981e-06,-2.876213977e-06,-0.08865460162,-0,9.587379924e-07,4.793689962e-07,2.396844981e-06,-2.876213977e-06,-0.08865460162,0,0,0,0,0,0
12.17,0,1,6.087986252e-05,3.76304662e-05,1.150485591e-05,0.0001404551159,3.139866925e-05,0.01021031993,0,0,0,0,0,0,0.009686129938,0,0,0.0005241899974,0.006266004003,0.03244012832,11.97566928,-0,0.1176942994,-0.03244012832,-0.06211823835,0.07503959166,1.01021032,1.381184457e-05,-1.622006416,-0.07503959166,-1.381184457e-05,-1.759178058,-1.759178058,0.0008337058862,-0.08795890289,-1.438106989e-06,9.587379924e-07,9.587379924e-07,2.876213977e-06,-2.396844981e-06,-0.08795890289,-1.438106989e-06,9.587379924e-07,9.587379924e-07,2.876213977e-06,-2.396844981e-06,-0.08795890289,0,0,0,0,0,0
12.18,0,1,6.016080902e-05,3.715109721e-05,1.150485591e-05,0.0001406948004,3.139866925e-05,0.01021175804,0,0,0,0,0,0,0.009686129938,0,0,0.0005256281043,0.006283226386,0.03252895769,11.97579214,-0,0.1177108191,-0.03252895769,-0.05226976777,0.07524661318,1.010211758,1.373560797e-05,-1.626447884,-0.07524661318,-1.373560797e-05,-1.753978001,-1.753978001,0.0008268487202,-0.08769890005,-0,1.917475985e-06,9.587379924e-07,2.396844981e-06,-2.396844981e-06,-0.08769890005,-0,1.917475985e-06,9.587379924e-07,2.396844981e-06,-2.396844981e-06,-0.08769890005,0,0,0,0,0,0
12.19,0,1,6.016080902e-05,3.691141271e-05,1.150485591e-05,0.0001411741694,3.163835375e-05,0.01021271678,0,0,0,0,0,0,0.009686129938,0,0,0.0005265868423,0.006294708072,0.03258817674,11.97587406,-0,0.1177218322,-0.03258817674,-0.04371593125,0.07538463112,1.010212717,1.364891231e-05,-1.629408837,-0.07538463112,-1.364891231e-05,-1.748523048,-1.748523048,0.0008201447726,-0.08742615241,-0,2.396844981e-06,9.587379924e-07,1.438106989e-06,-2.876213977e-06,-0.08742615241,-0,2.396844981e-06,9.587379924e-07,1.438106989e-06,-2.876213977e-06,-0.08742615241,0,0,0,0,0,0
12.2,0,1,6.040049352e-05,3.73907817e-05,1.126517141e-05,0.0001411741694,3.163835375e-05,0.01021343583,0,0,0,0,0,-0.001047197551,0.009686129938,0,0,0.0005273058958,0.006303319389,0.03158539319,11.9759355,-0,0.117730092,-0.03263259075,-0.0364905404,0.07548814646,1.011260908,1.31501601e-05,-1.57926966,-0.07548814646,-1.31501601e-05,-1.691261497,-1.691261497,0.000813531826,-0.08456307484,-4.793689962e-07,1.438106989e-06,1.438106989e-06,1.438106989e-06,-2.876213977e-06,-0.08456307484,-4.793689962e-07,1.438106989e-06,1.438106989e-06,1.438106989e-06,-2.876213977e-06,-0.08456307484,0,0,0,0,0,0
12.21,0,1,6.064017802e-05,3.715109721e-05,1.198422491e-05,0.0001414138539,3.115898475e-05,0.01021343583,0,0,0,0,0,0,0.009686129938,0,0,0.0005273058958,0.006303319389,0.03263259075,11.9759355,-0,0.117730092,-0.03263259075,-0.0297904279,0.07548814646,1.010213436,1.344979579e-05,-1.631629537,-0.07548814646,-1.344979579e-05,-1.736921561,-1.736921561,0.0008070941885,-0.08684607807,-9.587379924e-07,1.917475985e-06,-0,9.587379924e-07,-1.917475985e-06,-0.08684607807,-9.587379924e-07,1.917475985e-06,-0,9.587379924e-07,-1.917475985e-06,-0.08684607807,0,0,0,0,0,0
12.22,0,1,6.159891601e-05,3.83495197e-05,1.150485591e-05,0.0001418932229,3.187803825e-05,0.01021415489,0,0,0,0,0,0,0.009686129938,0,0,0.0005280249493,0.00631193075,0.03267700451,11.97599695,-0,0.1177383517,-0.03267700451,-0.02518247928,0.07559166341,1.010214155,1.336255489e-05,-1.633850226,-0.07559166341,-1.336255489e-05,-1.734637731,-1.734637731,0.0008007766471,-0.08673188655,-2.876213977e-06,-4.793689962e-07,9.587379924e-07,-0,-3.355582973e-06,-0.08673188655,-2.876213977e-06,-4.793689962e-07,9.587379924e-07,-0,-3.355582973e-06,-0.08673188655,0,0,0,0,0,0
12.23,0,1,6.087986252e-05,3.85892042e-05,1.150485591e-05,0.0001406948004,3.187803825e-05,0.01021367552,0,0,0,0,0,0,0.009686129938,0,0,0.0005275455803,0.006306189838,0.03264739536,11.97595599,-0,0.1177328452,-0.03264739536,-0.01996598223,0.07552265193,1.010213676,1.324715308e-05,-1.632369768,-0.07552265193,-1.324715308e-05,-1.727871649,-1.727871649,0.0007945865509,-0.08639358247,-1.438106989e-06,-9.587379924e-07,9.587379924e-07,2.396844981e-06,-3.355582973e-06,-0.08639358247,-1.438106989e-06,-9.587379924e-07,9.587379924e-07,2.396844981e-06,-3.355582973e-06,-0.08639358247,0,0,0,0,0,0
12.24,0,1,6.087986252e-05,3.73907817e-05,1.198422491e-05,0.0001416535384,3.139866925e-05,0.01021415489,0,0,0,0,0,0,0.009686129938,0,0,0.0005280249493,0.00631193075,0.03267700451,11.97599695,-0,0.1177383517,-0.03267700451,-0.01688724716,0.07559166341,1.010214155,1.315740603e-05,-1.633850226,-0.07559166341,-1.315740603e-05,-1.726342294,-1.726342294,0.0007884952571,-0.08631711468,-1.438106989e-06,1.438106989e-06,-0,4.793689962e-07,-2.396844981e-06,-0.08631711468,-1.438106989e-06,1.438106989e-06,-0,4.793689962e-07,-2.396844981e-06,-0.08631711468,0,0,0,0,0,0
12.25,0,1,6.087986252e-05,3.715109721e-05,1.174454041e-05,0.0001414138539,3.139866925e-05,0.01021559299,0,0,0,0,0,0,0.009686129938,0,0,0.0005294630563,0.006329153603,0.03276583133,11.97611986,-0,0.1177548713,-0.03276583133,-0.01553796075,0.07579870218,1.010215593,1.309418406e-05,-1.638291566,-0.07579870218,-1.309418406e-05,-1.729641324,-1.729641324,0.0007825875504,-0.08648206618,-1.438106989e-06,1.917475985e-06,4.793689962e-07,9.587379924e-07,-2.396844981e-06,-0.08648206618,-1.438106989e-06,1.917475985e-06,4.793689962e-07,9.587379924e-07,-2.396844981e-06,-0.08648206618,0,0,0,0,0,0
12.26,0,1,6.087986252e-05,3.667172821e-05,1.22239094e-05,0.0001414138539,3.187803825e-05,0.01021463426,0,0,0,0,0,0,0.009686129938,0,0,0.0005285043183,0.006317671681,0.03270661356,11.97603792,-0,0.1177438583,-0.03270661356,-0.01174259086,0.07566067562,1.010214634,1.297263965e-05,-1.635330678,-0.07566067562,-1.297263965e-05,-1.722746917,-1.722746917,0.0007767317603,-0.08613734585,-1.438106989e-06,2.876213977e-06,-4.793689962e-07,9.587379924e-07,-3.355582973e-06,-0.08613734585,-1.438106989e-06,2.876213977e-06,-4.793689962e-07,9.587379924e-07,-3.355582973e-06,-0.08613734585,0,0,0,0,0,0
12.27,0,1,6.135923152e-05,3.76304662e-05,1.198422491e-05,0.0001416535384,3.115898475e-05,0.01021463426,0,0,0,0,0,0,0.009686129938,0,0,0.0005285043183,0.006317671681,0.03270661356,11.97603792,-0,0.1177438583,-0.03270661356,-0.009617524731,0.07566067562,1.010214634,1.287650827e-05,-1.635330678,-0.07566067562,-1.287650827e-05,-1.720621755,-1.720621755,0.0007709819981,-0.08603108774,-2.396844981e-06,9.587379924e-07,-0,4.793689962e-07,-1.917475985e-06,-0.08603108774,-2.396844981e-06,9.587379924e-07,-0,4.793689962e-07,-1.917475985e-06,-0.08603108774,0,0,0,0,0,0
12.28,0,1,6.159891601e-05,3.78701507e-05,1.174454041e-05,0.0001414138539,3.139866925e-05,0.01021487394,0,0,0,0,0,0,0.009686129938,0,0,0.0005287440028,0.006320542154,0.03272141804,11.9760584,-0,0.1177466115,-0.03272141804,-0.008130338203,0.07569518199,1.010214874,1.278798413e-05,-1.636070902,-0.07569518199,-1.278798413e-05,-1.71990921,-1.71990921,0.0007653415587,-0.08599546051,-2.876213977e-06,4.793689962e-07,4.793689962e-07,9.587379924e-07,-2.396844981e-06,-0.08599546051,-2.876213977e-06,4.793689962e-07,4.793689962e-07,9.587379924e-07,-2.396844981e-06,-0.08599546051,0,0,0,0,0,0
12.29,0,1,5.968144003e-05,3.78701507e-05,1.174454041e-05,0.0001416535384,3.139866925e-05,0.01021487394,0,0,0,0,0,0,0.009686129938,0,0,0.0005287440028,0.006320542154,0.03272141804,11.9760584,-0,0.1177466115,-0.03272141804,-0.006716455949,0.07569518199,1.010214874,1.2695212e-05,-1.636070902,-0.07569518199,-1.2695212e-05,-1.718495235,-1.718495235,0.0007597952321,-0.08592476176,9.587379924e-07,4.793689962e-07,4.793689962e-07,4.793689962e-07,-2.396844981e-06,-0.08592476176,9.587379924e-07,4.793689962e-07,4.793689962e-07,4.793689962e-07,-2.396844981e-06,-0.08592476176,0,0,0,0,0,0
12.3,0,1,6.016080902e-05,3.76304662e-05,1.198422491e-05,0.0001421329074,3.115898475e-05,0.01021439457,0,0,0,0,0,0,0.009686129938,0,0,0.0005282646338,0.006314801213,0.03269180905,11.97601744,-0,0.117741105,-0.03269180905,-0.004952020897,0.07562616943,1.010214395,1.259272721e-05,-1.634590452,-0.07562616943,-1.259272721e-05,-1.715181236,-1.715181236,0.0007543493273,-0.08575906178,-0,9.587379924e-07,-0,-4.793689962e-07,-1.917475985e-06,-0.08575906178,-0,9.587379924e-07,-0,-4.793689962e-07,-1.917475985e-06,-0.08575906178,0,0,0,0,0,0
12.31,0,1,6.111954702e-05,3.76304662e-05,1.174454041e-05,0.0001409344849,3.139866925e-05,0.01021511362,0,0,0,0,0,0,0.009686129938,0,0,0.0005289836873,0.006323412632,0.0327362225,11.97607889,-0,0.1177493648,-0.0327362225,-0.004864620353,0.07572968854,1.010215114,1.252039697e-05,-1.636811125,-0.07572968854,-1.252039697e-05,-1.717417954,-1.717417954,0.0007490058972,-0.08587089771,-1.917475985e-06,9.587379924e-07,4.793689962e-07,1.917475985e-06,-2.396844981e-06,-0.08587089771,-1.917475985e-06,9.587379924e-07,4.793689962e-07,1.917475985e-06,-2.396844981e-06,-0.08587089771,0,0,0,0,0,0
12.32,0,1,6.087986252e-05,3.81098352e-05,1.198422491e-05,0.0001402154314,3.115898475e-05,0.01021511362,0,0,0,0,0,0,0.009686129938,0,0,0.0005289836873,0.006323412632,0.0327362225,11.97607889,-0,0.1177493648,-0.0327362225,-0.004103521637,0.07572968854,1.010215114,1.243246369e-05,-1.636811125,-0.07572968854,-1.243246369e-05,-1.716656767,-1.716656767,0.0007437512385,-0.08583283837,-1.438106989e-06,-0,-0,3.355582973e-06,-1.917475985e-06,-0.08583283837,-1.438106989e-06,-0,-0,3.355582973e-06,-1.917475985e-06,-0.08583283837,0,0,0,0,0,0
12.33,0,1,6.064017802e-05,3.73907817e-05,1.24635939e-05,0.0001406948004,3.139866925e-05,0.01021535331,0,0,0,-0.001047197551,0,0,0.009686129938,0,0,0.0005292233718,0.006326283115,0.03275102693,11.97609938,-0,0.1177521181,-0.03275102693,-0.003606128947,0.07576419527,1.010215353,1.235208287e-05,-1.637551346,-0.07576419527,-1.235208287e-05,-1.716934023,-1.716934023,0.0007386146308,-0.08584670113,-9.587379924e-07,1.438106989e-06,-9.587379924e-07,0.0001071166001,-2.396844981e-06,-0.08584670113,-9.587379924e-07,1.438106989e-06,-9.587379924e-07,0.0001071166001,-2.396844981e-06,-0.08584670113,0,0,0,0,0,0
12.34,0,1,6.064017802e-05,3.667172821e-05,1.078580241e-05,0.0001416535384,3.115898475e-05,0.01021439457,0,0,0,0,0,0,0.009686129938,0,0,0.0005282646338,0.006314801213,0.03269180905,11.97601744,-0,0.117741105,-0.03269180905,-0.001870784497,0.07562616943,1.010214395,1.224519506e-05,-1.634590452,-0.07562616943,-1.224519506e-05,-1.712099652,-1.712099652,0.0007335534862,-0.08560498258,-9.587379924e-07,2.876213977e-06,2.396844981e-06,4.793689962e-07,-1.917475985e-06,-0.08560498258,-9.587379924e-07,2.876213977e-06,2.396844981e-06,4.793689962e-07,-1.917475985e-06,-0.08560498258,0,0,0,0,0,0
12.35,0,1,5.992112453e-05,3.619235921e-05,1.174454041e-05,0.0001416535384,3.139866925e-05,0.01021439457,0,0,0,0,0,0,0.009686129938,0,0,0.0005282646338,0.006314801213,0.03269180905,11.97601744,-0,0.117741105,-0.03269180905,-0.001470527382,0.07562616943,1.010214395,1.216205208e-05,-1.634590452,-0.07562616943,-1.216205208e-05,-1.711699311,-1.711699311,0.0007285783255,-0.08558496557,4.793689962e-07,3.83495197e-06,4.793689962e-07,4.793689962e-07,-2.396844981e-06,-0.08558496557,4.793689962e-07,3.83495197e-06,4.793689962e-07,4.793689962e-07,-2.396844981e-06,-0.08558496557,0,0,0,0,0,0
12.36,0,1,6.016080902e-05,3.73907817e-05,1.126517141e-05,0.0001423725919,3.067961576e-05,0.01021463426,0,0,0,0,0,0,0.009686129938,0,0,0.0005285043183,0.006317671681,0.03270661356,11.97603792,-0,0.1177438583,-0.03270661356,-0.001373495375,0.07566067562,1.010214634,1.208600643e-05,-1.635330678,-0.07566067562,-1.208600643e-05,-1.712376935,-1.712376935,0.0007237009004,-0.08561884675,-0,1.438106989e-06,1.438106989e-06,-9.587379924e-07,-9.587379924e-07,-0.08561884675,-0,1.438106989e-06,1.438106989e-06,-9.587379924e-07,-9.587379924e-07,-0.08561884675,0,0,0,0,0,0
12.37,0,1,6.087986252e-05,3.73907817e-05,1.126517141e-05,0.0001409344849,3.187803825e-05,0.01021463426,0,0,0,0,0,0,0.009686129938,0,0,0.0005285043183,0.006317671681,0.03270661356,11.97603792,-0,0.1177438583,-0.03270661356,-0.001027520996,0.07566067562,1.010214634,1.200596451e-05,-1.635330678,-0.07566067562,-1.200596451e-05,-1.712030881,-1.712030881,0.0007189134731,-0.08560154403,-1.438106989e-06,1.438106989e-06,1.438106989e-06,1.917475985e-06,-3.355582973e-06,-0.08560154403,-1.438106989e-06,1.438106989e-06,1.438106989e-06,1.917475985e-06,-3.355582973e-06,-0.08560154403,0,0,0,0,0,0
12.38,0,1,6.064017802e-05,3.619235921e-05,1.198422491e-05,0.0001406948004,3.163835375e-05,0.01021487394,0,0,0,0,0,0,0.009686129938,0,0,0.0005287440028,0.006320542154,0.03272141804,11.9760584,-0,0.1177466115,-0.03272141804,-0.001107457134,0.07569518199,1.010214874,1.193260847e-05,-1.636070902,-0.07569518199,-1.193260847e-05,-1.712885474,-1.712885474,0.000714203432,-0.08564427369,-9.587379924e-07,3.83495197e-06,-0,2.396844981e-06,-2.876213977e-06,-0.08564427369,-9.587379924e-07,3.83495197e-06,-0,2.396844981e-06,-2.876213977e-06,-0.08564427369,0,0,0,0,0,0
12.39,0,1,6.016080902e-05,3.643204371e-05,1.174454041e-05,0.0001409344849,3.211772275e-05,0.01021559299,0,0,0,0,0,0,0.009686129938,0,0,0.0005294630563,0.006329153603,0.03276583133,11.97611986,-0,0.1177548713,-0.03276583133,-0.001777222941,0.07579870218,1.010215593,1.18714255e-05,-1.638291566,-0.07579870218,-1.18714255e-05,-1.715879363,-1.715879363,0.0007095848463,-0.08579396815,-0,3.355582973e-06,4.793689962e-07,1.917475985e-06,-3.83495197e-06,-0.08579396815,-0,3.355582973e-06,4.793689962e-07,1.917475985e-06,-3.83495197e-06,-0.08579396815,0,0,0,0,0,0
12.4,0,1,6.111954702e-05,3.691141271e-05,1.22239094e-05,0.0001411741694,3.163835375e-05,0.01021511362,0,0,0,0,0,0,0.009686129938,0,0,0.0005289836873,0.006323412632,0.0327362225,11.97607889,-0,0.1177493648,-0.0327362225,-0.0009312809022,0.07572968854,1.010215114,1.178491305e-05,-1.636811125,-0.07572968854,-1.178491305e-05,-1.713483879,-1.713483879,0.0007050553331,-0.08567419396,-1.917475985e-06,2.396844981e-06,-4.793689962e-07,1.438106989e-06,-2.876213977e-06,-0.08567419396,-1.917475985e-06,2.396844981e-06,-4.793689962e-07,1.438106989e-06,-2.876213977e-06,-0.08567419396,0,0,0,0,0,0
12.41,0,1,6.064017802e-05,3.73907817e-05,1.174454041e-05,0.0001409344849,3.115898475e-05,0.01021463426,0,0,0,0,0,0,0.009686129938,0,0,0.0005285043183,0.006317671681,0.03270661356,11.97603792,-0,0.1177438583,-0.03270661356,-0.0001600951029,0.07566067562,1.010214634,1.169982788e-05,-1.635330678,-0.07566067562,-1.169982788e-05,-1.711163148,-1.711163148,0.0007006029828,-0.08555815742,-9.587379924e-07,1.438106989e-06,4.793689962e-07,1.917475985e-06,-1.917475985e-06,-0.08555815742,-9.587379924e-07,1.438106989e-06,4.793689962e-07,1.917475985e-06,-1.917475985e-06,-0.08555815742,0,0,0,0,0,0
12.42,0,1,6.064017802e-05,3.715109721e-05,1.150485591e-05,0.0001411741694,3.211772275e-05,0.01021583268,0,0,0,0,0,0,0.009686129938,0,0,0.0005297027408,0.006332024096,0.03278063571,11.97614035,-0,0.1177576246,-0.03278063571,-0.001429477892,0.07583320927,1.010215833,1.16532197e-05,-1.639031785,-0.07583320927,-1.16532197e-05,-1.716306126,-1.716306126,0.0006962434484,-0.08581530628,-9.587379924e-07,1.917475985e-06,9.587379924e-07,1.438106989e-06,-3.83495197e-06,-0.08581530628,-9.587379924e-07,1.917475985e-06,9.587379924e-07,1.438106989e-06,-3.83495197e-06,-0.08581530628,0,0,0,0,0,0
12.43,0,1,6.159891601e-05,3.76304662e-05,1.150485591e-05,0.0001411741694,3.115898475e-05,0.01021511362,0,0,0,0,0,0,0.009686129938,0,0,0.0005289836873,0.006323412632,0.0327362225,11.97607889,-0,0.1177493648,-0.0327362225,-0.0003897362291,0.07572968854,1.010215114,1.156566432e-05,-1.636811125,-0.07572968854,-1.156566432e-05,-1.712942115,-1.712942115,0.0006919536118,-0.08564710576,-2.876213977e-06,9.587379924e-07,9.587379924e-07,1.438106989e-06,-1.917475985e-06,-0.08564710576,-2.876213977e-06,9.587379924e-07,9.587379924e-07,1.438106989e-06,-1.917475985e-06,-0.08564710576,0,0,0,0,0,0
12.44,0,1,6.087986252e-05,3.691141271e-05,1.22239094e-05,0.0001411741694,3.211772275e-05,0.01021487394,0,0,0,0,0,0,0.009686129938,0,0,0.0005287440028,0.006320542154,0.03272141804,11.9760584,-0,0.1177466115,-0.03272141804,-5.35178616e-05,0.07569518199,1.010214874,1.148979501e-05,-1.636070902,-0.07569518199,-1.148979501e-05,-1.711831092,-1.711831092,0.0006877300919,-0.08559155459,-1.438106989e-06,2.396844981e-06,-4.793689962e-07,1.438106989e-06,-3.83495197e-06,-0.08559155459,-1.438106989e-06,2.396844981e-06,-4.793689962e-07,1.438106989e-06,-3.83495197e-06,-0.08559155459,0,0,0,0,0,0
12.45,0,1,6.111954702e-05,3.81098352e-05,1.102548691e-05,0.0001409344849,3.163835375e-05,0.01021535331,0,0,0,0,0,0,0.009686129938,0,0,0.0005292233718,0.006326283115,0.03275102693,11.97609938,-0,0.1177521181,-0.03275102693,-0.0004957855604,0.07576419527,1.010215353,1.143285427e-05,-1.637551346,-0.07576419527,-1.143285427e-05,-1.71382276,-1.71382276,0.0006837088292,-0.085691138,-1.917475985e-06,-0,1.917475985e-06,1.917475985e-06,-2.876213977e-06,-0.085691138,-1.917475985e-06,-0,1.917475985e-06,1.917475985e-06,-2.876213977e-06,-0.085691138,0,0,0,0,0,0
12.46,0,1,6.087986252e-05,3.76304662e-05,1.150485591e-05,0.0001421329074,3.139866925e-05,0.01021583268,0,0,0,0,0,0,0.009686129938,0,0,0.0005297027408,0.006332024096,0.03278063571,11.97614035,-0,0.1177576246,-0.03278063571,-0.0008979742699,0.07583320927,1.010215833,1.137532578e-05,-1.639031785,-0.07583320927,-1.137532578e-05,-1.715774344,-1.715774344,0.0006796597691,-0.08578871721,-1.438106989e-06,9.587379924e-07,9.587379924e-07,-4.793689962e-07,-2.396844981e-06,-0.08578871721,-1.438106989e-06,9.587379924e-07,9.587379924e-07,-4.793689962e-07,-2.396844981e-06,-0.08578871721,0,0,0,0,0,0
12.47,0,1,6.040049352e-05,3.73907817e-05,1.174454041e-05,0.0001411741694,3.211772275e-05,0.01021583268,0,0,0,0,0,0,0.009686129938,0,0,0.0005297027408,0.006332024096,0.03278063571,11.97614035,-0,0.1177576246,-0.03278063571,-0.0007776760626,0.07583320927,1.010215833,1.130858789e-05,-1.639031785,-0.07583320927,-1.130858789e-05,-1.715653979,-1.715653979,0.000675677099,-0.08578269896,-4.793689962e-07,1.438106989e-06,4.793689962e-07,1.438106989e-06,-3.83495197e-06,-0.08578269896,-4.793689962e-07,1.438106989e-06,4.793689962e-07,1.438106989e-06,-3.83495197e-06,-0.08578269896,0,0,0,0,0,0
12.48,0,1,6.016080902e-05,3.643204371e-05,1.102548691e-05,0.0001416535384,3.139866925e-05,0.01021583268,0,0,0,0,0,0,0.009686129938,0,0,0.0005297027408,0.006332024096,0.03278063571,11.97614035,-0,0.1177576246,-0.03278063571,-0.0006819539509,0.07583320927,1.010215833,1.124304112e-05,-1.639031785,-0.07583320927,-1.124304112e-05,-1.715558192,-1.715558192,0.0006717655105,-0.08577790958,-0,3.355582973e-06,1.917475985e-06,4.793689962e-07,-2.396844981e-06,-0.08577790958,-0,3.355582973e-06,1.917475985e-06,4.793689962e-07,-2.396844981e-06,-0.08577790958,0,0,0,0,0,0
12.49,0,1,6.016080902e-05,3.619235921e-05,1.150485591e-05,0.0001406948004,3.163835375e-05,0.01021631205,0,0,0,0,0,0,0.009686129938,0,0,0.0005301821098,0.006337765097,0.03281024438,11.97618132,-0,0.1177631311,-0.03281024438,-0.001085739201,0.07590222399,1.010216312,1.118900831e-05,-1.640512219,-0.07590222399,-1.118900831e-05,-1.717511371,-1.717511371,0.000667939323,-0.08587556855,-0,3.83495197e-06,9.587379924e-07,2.396844981e-06,-2.876213977e-06,-0.08587556855,-0,3.83495197e-06,9.587379924e-07,2.396844981e-06,-2.876213977e-06,-0.08587556855,0,0,0,0,0,0
12.5,0,1,6.087986252e-05,3.595267472e-05,1.198422491e-05,0.0001406948004,3.115898475e-05,0.01021511362,0,0,0,0,0,0,0.009686129938,0,0,0.0005289836873,0.006323412632,0.0327362225,11.97607889,-0,0.1177493648,-0.0327362225,0.0003773474734,0.07572968854,1.010215114,1.11004576e-05,-1.636811125,-0.07572968854,-1.11004576e-05,-1.712174566,-1.712174566,0.0006641540947,-0.08560872832,-1.438106989e-06,4.314320966e-06,-0,2.396844981e-06,-1.917475985e-06,-0.08560872832,-1.438106989e-06,4.314320966e-06,-0,2.396844981e-06,-1.917475985e-06,-0.08560872832,0,0,0,0,0,0
12.51,0,1,6.111954702e-05,3.667172821e-05,1.102548691e-05,0.0001414138539,3.187803825e-05,0.01021439457,0,0,-0.001047197551,0,0,0,0.009686129938,0,0,0.0005282646338,0.006314801213,0.03269180905,11.97601744,-0,0.117741105,-0.03269180905,0.00112927931,0.07562616943,1.010214395,1.102303287e-05,-1.634590452,-0.07562616943,-1.102303287e-05,-1.709098366,-1.709098366,0.0006604209982,-0.08545491828,-1.917475985e-06,2.876213977e-06,0.0001066372311,9.587379924e-07,-3.355582973e-06,-0.08545491828,-1.917475985e-06,2.876213977e-06,0.0001066372311,9.587379924e-07,-3.355582973e-06,-0.08545491828,0,0,0,0,0,0
12.52,0,1,6.135923152e-05,3.78701507e-05,1.126517141e-05,0.0001414138539,3.139866925e-05,0.01021631205,0,0,0,0,0,0,0.009686129938,0,0,0.0005301821098,0.006337765097,0.03281024438,11.97618132,-0,0.1177631311,-0.03281024438,-0.001236699073,0.07590222399,1.010216312,1.100179895e-05,-1.640512219,-0.07590222399,-1.100179895e-05,-1.717662144,-1.717662144,0.0006567774548,-0.08588310719,-2.396844981e-06,4.793689962e-07,1.438106989e-06,9.587379924e-07,-2.396844981e-06,-0.08588310719,-2.396844981e-06,4.793689962e-07,1.438106989e-06,9.587379924e-07,-2.396844981e-06,-0.08588310719,0,0,0,0,0,0
12.53,0,1,6.016080902e-05,3.78701507e-05,1.174454041e-05,0.0001406948004,3.163835375e-05,0.01021631205,0,0,0.001047197551,0,0,0,0.009686129938,0,0,0.0005301821098,0.006337765097,0.03281024438,11.97618132,-0,0.1177631311,-0.03281024438,-0.001020730406,0.07590222399,1.010216312,1.094217489e-05,-1.640512219,-0.07590222399,-1.094217489e-05,-1.717446115,-1.717446115,0.0006532225263,-0.08587230577,-0,4.793689962e-07,-0.0001042403861,2.396844981e-06,-2.876213977e-06,-0.08587230577,-0,4.793689962e-07,-0.0001042403861,2.396844981e-06,-2.876213977e-06,-0.08587230577,0,0,0,0,0,0
12.54,0,1,6.087986252e-05,3.73907817e-05,1.198422491e-05,0.0001416535384,3.211772275e-05,0.01021583268,0,0,0,0,0,0,0.009686129938,0,0,0.0005297027408,0.006332024096,0.03278063571,11.97614035,-0,0.1177576246,-0.03278063571,-0.0003014630001,0.07583320927,1.010215833,1.087367231e-05,-1.639031785,-0.07583320927,-1.087367231e-05,-1.715177331,-1.715177331,0.0006497229489,-0.08575886656,-1.438106989e-06,1.438106989e-06,-0,4.793689962e-07,-3.83495197e-06,-0.08575886656,-1.438106989e-06,1.438106989e-06,-0,4.793689962e-07,-3.83495197e-06,-0.08575886656,0,0,0,0,0,0
12.55,0,1,6.064017802e-05,3.715109721e-05,1.126517141e-05,0.0001414138539,3.163835375e-05,0.01021631205,0,0,0,0,0,0,0.009686129938,0,0,0.0005301821098,0.006337765097,0.03281024438,11.97618132,-0,0.1177631311,-0.03281024438,-0.0008233735864,0.07590222399,1.010216312,1.082580665e-05,-1.640512219,-0.07590222399,-1.082580665e-05,-1.717248642,-1.717248642,0.0006462843743,-0.08586243211,-9.587379924e-07,1.917475985e-06,1.438106989e-06,9.587379924e-07,-2.876213977e-06,-0.08586243211,-9.587379924e-07,1.917475985e-06,1.438106989e-06,9.587379924e-07,-2.876213977e-06,-0.08586243211,0,0,0,0,0,0
12.56,0,1,6.040049352e-05,3.73907817e-05,1.174454041e-05,0.0001409344849,3.187803825e-05,0.01021607236,0,0,0,0,0,0,0.009686129938,0,0,0.0005299424253,0.006334894594,0.03279544005,11.97616084,-0,0.1177603778,-0.03279544005,-0.0004917030008,0.07586771654,1.010216072,1.07651425e-05,-1.639772003,-0.07586771654,-1.07651425e-05,-1.716142187,-1.716142187,0.0006429567308,-0.08580710937,-4.793689962e-07,1.438106989e-06,4.793689962e-07,1.917475985e-06,-3.355582973e-06,-0.08580710937,-4.793689962e-07,1.438106989e-06,4.793689962e-07,1.917475985e-06,-3.355582973e-06,-0.08580710937,0,0,0,0,0,0
12.57,0,1,6.016080902e-05,3.73907817e-05,1.22239094e-05,0.0001414138539,3.163835375e-05,0.01021511362,0,0,0,0,0,0,0.009686129938,0,0,0.0005289836873,0.006323412632,0.0327362225,11.97607889,-0,0.1177493648,-0.0327362225,0.0007410693158,0.07572968854,1.010215114,1.069013812e-05,-1.636811125,-0.07572968854,-1.069013812e-05,-1.711810434,-1.711810434,0.0006396344931,-0.08559052171,-0,1.438106989e-06,-4.793689962e-07,9.587379924e-07,-2.876213977e-06,-0.08559052171,-0,1.438106989e-06,-4.793689962e-07,9.587379924e-07,-2.876213977e-06,-0.08559052171,0,0,0,0,0,0
12.58,0,1,6.135923152e-05,3.78701507e-05,1.102548691e-05,0.0001414138539,3.139866925e-05,0.01021535331,0,0,0,0,0,0,0.009686129938,0,0,0.0005292233718,0.006326283115,0.03275102693,11.97609938,-0,0.1177521181,-0.03275102693,0.0004366052576,0.07576419527,1.010215353,1.064027702e-05,-1.637551346,-0.07576419527,-1.064027702e-05,-1.712889577,-1.712889577,0.0006363679506,-0.08564447883,-2.396844981e-06,4.793689962e-07,1.917475985e-06,9.587379924e-07,-2.396844981e-06,-0.08564447883,-2.396844981e-06,4.793689962e-07,1.917475985e-06,9.587379924e-07,-2.396844981e-06,-0.08564447883,0,0,0,0,0,0
12.59,0,1,5.992112453e-05,3.715109721e-05,1.198422491e-05,0.0001411741694,3.187803825e-05,0.01021631205,0,0,0,0,0,0.001047197551,0.009686129938,0,0,0.0005301821098,0.006337765097,0.03385744193,11.97618132,-0,0.1177631311,-0.03281024438,-0.0006620409374,0.07590222399,1.011263784,1.096713972e-05,-1.692872096,-0.07590222399,-1.096713972e-05,-1.769447329,-1.769447329,0.0006332297518,-0.08847236643,4.793689962e-07,1.917475985e-06,-0,1.438106989e-06,-3.355582973e-06,-0.08847236643,4.793689962e-07,1.917475985e-06,-0,1.438106989e-06,-3.355582973e-06,-0.08847236643,0,0,0,0,0,0
12.6,0,1,6.064017802e-05,3.715109721e-05,1.198422491e-05,0.0001418932229,3.187803825e-05,0.01021655173,0,0,0,0,0,0,0.009686129938,0,0,0.0005304217943,0.006340635604,0.03282504867,11.97620181,-0,0.1177658843,-0.03282504867,-0.0008182708912,0.07593673162,1.010216552,1.05591087e-05,-1.641252434,-0.07593673162,-1.05591087e-05,-1.718017995,-1.718017995,0.0006300997168,-0.08590089977,-9.587379924e-07,1.917475985e-06,-0,-0,-3.355582973e-06,-0.08590089977,-9.587379924e-07,1.917475985e-06,-0,-0,-3.355582973e-06,-0.08590089977,0,0,0,0,0,0
12.61,0,1,6.087986252e-05,3.691141271e-05,1.126517141e-05,0.0001416535384,3.163835375e-05,0.0102170311,0,0,0,0,0,0,0.009686129938,0,0,0.0005309011633,0.006346376634,0.03285465719,11.97624279,-0,0.1177713909,-0.03285465719,-0.001262337881,0.07600574741,1.010217031,1.051707526e-05,-1.642732859,-0.07600574741,-1.051707526e-05,-1.720011462,-1.720011462,0.0006270307664,-0.08600057308,-1.438106989e-06,2.396844981e-06,1.438106989e-06,4.793689962e-07,-2.876213977e-06,-0.08600057308,-1.438106989e-06,2.396844981e-06,1.438106989e-06,4.793689962e-07,-2.876213977e-06,-0.08600057308,0,0,0,0,0,0
12.62,0,1,6.135923152e-05,3.73907817e-05,1.22239094e-05,0.0001411741694,3.163835375e-05,0.01021535331,0,0,0,0,0,0,0.009686129938,0,0,0.0005292233718,0.006326283115,0.03275102693,11.97609938,-0,0.1177521181,-0.03275102693,0.0008396044387,0.07576419527,1.010215353,1.04331932e-05,-1.637551346,-0.07576419527,-1.04331932e-05,-1.71248637,-1.71248637,0.0006239987718,-0.08562431852,-2.396844981e-06,1.438106989e-06,-4.793689962e-07,1.438106989e-06,-2.876213977e-06,-0.08562431852,-2.396844981e-06,1.438106989e-06,-4.793689962e-07,1.438106989e-06,-2.876213977e-06,-0.08562431852,0,0,0,0,0,0
12.63,0,1,6.135923152e-05,3.643204371e-05,1.174454041e-05,0.0001411741694,3.187803825e-05,0.01021607236,0,0,0,0,0,0,0.009686129938,0,0,0.0005299424253,0.006334894594,0.03279544005,11.97616084,-0,0.1177603778,-0.03279544005,-0.000193700162,0.07586771654,1.010216072,1.039712532e-05,-1.639772003,-0.07586771654,-1.039712532e-05,-1.715843817,-1.715843817,0.000621004754,-0.08579219083,-2.396844981e-06,3.355582973e-06,4.793689962e-07,1.438106989e-06,-3.355582973e-06,-0.08579219083,-2.396844981e-06,3.355582973e-06,4.793689962e-07,1.438106989e-06,-3.355582973e-06,-0.08579219083,0,0,0,0,0,0
12.64,0,1,6.159891601e-05,3.691141271e-05,1.22239094e-05,0.0001418932229,3.163835375e-05,0.01021583268,0,0,0,0,0,0,0.009686129938,0,0,0.0005297027408,0.006332024096,0.03278063571,11.97614035,-0,0.1177576246,-0.03278063571,6.954286422e-05,0.07583320927,1.010215833,1.034331211e-05,-1.639031785,-0.07583320927,-1.034331211e-05,-1.714805795,-1.714805795,0.0006180730172,-0.08574028975,-2.876213977e-06,2.396844981e-06,-4.793689962e-07,-0,-2.876213977e-06,-0.08574028975,-2.876213977e-06,2.396844981e-06,-4.793689962e-07,-0,-2.876213977e-06,-0.08574028975,0,0,0,0,0,0
12.65,0,1,6.016080902e-05,3.667172821e-05,1.174454041e-05,0.0001414138539,3.163835375e-05,0.01021583268,0,-0.001047197551,0,0,0,0,0.009686129938,0,0,0.0005297027408,0.006332024096,0.03278063571,11.97614035,-0,0.1177576246,-0.03278063571,5.676243392e-05,0.07583320927,1.010215833,1.029511085e-05,-1.639031785,-0.07583320927,-1.029511085e-05,-1.714818527,-1.714818527,0.000615196545,-0.08574092636,-0,0.0001075959691,4.793689962e-07,9.587379924e-07,-2.876213977e-06,-0.08574092636,-0,0.0001075959691,4.793689962e-07,9.587379924e-07,-2.876213977e-06,-0.08574092636,0,0,0,0,0,0
12.66,0,1,6.087986252e-05,3.619235921e-05,1.174454041e-05,0.0001411741694,3.163835375e-05,0.01021607236,0,0,0,0,0,0,0.009686129938,0,0,0.0005299424253,0.006334894594,0.03279544005,11.97616084,-0,0.1177603778,-0.03279544005,-0.0001690042579,0.07586771654,1.010216072,1.025257686e-05,-1.639772003,-0.07586771654,-1.025257686e-05,-1.715818976,-1.715818976,0.0006123825351,-0.08579094881,-1.438106989e-06,3.83495197e-06,4.793689962e-07,1.438106989e-06,-2.876213977e-06,-0.08579094881,-1.438106989e-06,3.83495197e-06,4.793689962e-07,1.438106989e-06,-2.876213977e-06,-0.08579094881,0,0,0,0,0,0
12.67,0,1,6.040049352e-05,3.619235921e-05,1.174454041e-05,0.0001414138539,3.139866925e-05,0.01021631205,0,0,0,0,0,0,0.009686129938,0,0,0.0005301821098,0.006337765097,0.03281024438,11.97618132,-0,0.1177631311,-0.03281024438,-0.0005013030062,0.07590222399,1.010216312,1.020980072e-05,-1.640512219,-0.07590222399,-1.020980072e-05,-1.716925956,-1.716925956,0.0006095566314,-0.08584629778,-4.793689962e-07,3.83495197e-06,4.793689962e-07,9.587379924e-07,-2.396844981e-06,-0.08584629778,-4.793689962e-07,3.83495197e-06,4.793689962e-07,9.587379924e-07,-2.396844981e-06,-0.08584629778,0,0,0,0,0,0
12.68,0,1,6.016080902e-05,3.73907817e-05,1.198422491e-05,0.0001411741694,3.187803825e-05,0.0102170311,0,0,0,0,0,0,0.009686129938,0,0,0.0005309011633,0.006346376634,0.03285465719,11.97624279,-0,0.1177713909,-0.03285465719,-0.001352912413,0.07600574741,1.010217031,1.017799167e-05,-1.642732859,-0.07600574741,-1.017799167e-05,-1.720101697,-1.720101697,0.000606841152,-0.08600508486,-0,1.438106989e-06,-0,1.438106989e-06,-3.355582973e-06,-0.08600508486,-0,1.438106989e-06,-0,1.438106989e-06,-3.355582973e-06,-0.08600508486,0,0,0,0,0,0
12.69,0,1,6.087986252e-05,3.73907817e-05,1.174454041e-05,0.0001409344849,3.163835375e-05,0.01021631205,0,0,0,0,0,0,0.009686129938,0,0,0.0005301821098,0.006337765097,0.03281024438,11.97618132,-0,0.1177631311,-0.03281024438,-0.0003832896494,0.07590222399,1.010216312,1.011874309e-05,-1.640512219,-0.07590222399,-1.011874309e-05,-1.716807851,-1.716807851,0.0006041275585,-0.08584039256,-1.438106989e-06,1.438106989e-06,4.793689962e-07,1.917475985e-06,-2.876213977e-06,-0.08584039256,-1.438106989e-06,1.438106989e-06,4.793689962e-07,1.917475985e-06,-2.876213977e-06,-0.08584039256,0,0,0,0,0,0
12.7,0,1,6.064017802e-05,3.78701507e-05,1.22239094e-05,0.0001414138539,3.187803825e-05,0.01021583268,0,0,0,0,0,0,0.009686129938,0,0,0.0005297027408,0.006332024096,0.03278063571,11.97614035,-0,0.1177576246,-0.03278063571,0.0002338136073,0.07583320927,1.010215833,1.006571003e-05,-1.639031785,-0.07583320927,-1.006571003e-05,-1.714641247,-1.714641247,0.0006015067536,-0.08573206233,-9.587379924e-07,4.793689962e-07,-4.793689962e-07,9.587379924e-07,-3.355582973e-06,-0.08573206233,-9.587379924e-07,4.793689962e-07,-4.793689962e-07,9.587379924e-07,-3.355582973e-06,-0.08573206233,0,0,0,0,0,0
12.71,0,1,6.087986252e-05,3.882888869e-05,1.174454041e-05,0.0001411741694,3.187803825e-05,0.01021559299,0,0.001047197551,0,0,0,0,0.009686129938,0,0,0.0005294630563,0.006329153603,0.03276583133,11.97611986,-0,0.1177548713,-0.03276583133,0.0006209924328,0.07579870218,1.010215593,1.001823108e-05,-1.638291566,-0.07579870218,-1.001823108e-05,-1.713479294,-1.713479294,0.0005989430498,-0.08567396472,-1.438106989e-06,-0.0001061578621,4.793689962e-07,1.438106989e-06,-3.355582973e-06,-0.08567396472,-1.438106989e-06,-0.0001061578621,4.793689962e-07,1.438106989e-06,-3.355582973e-06,-0.08567396472,0,0,0,0,0,0
12.72,0,1,6.040049352e-05,3.83495197e-05,1.150485591e-05,0.0001406948004,3.163835375e-05,0.01021583268,0,0,0,0,0,0,0.009686129938,0,0,0.0005297027408,0.006332024096,0.03278063571,11.97614035,-0,0.1177576246,-0.03278063571,0.0003371558073,0.07583320927,1.010215833,9.98043375e-06,-1.639031785,-0.07583320927,-9.98043375e-06,-1.714537819,-1.714537819,0.0005964177815,-0.08572689096,-4.793689962e-07,-4.793689962e-07,9.587379924e-07,2.396844981e-06,-2.876213977e-06,-0.08572689096,-4.793689962e-07,-4.793689962e-07,9.587379924e-07,2.396844981e-06,-2.876213977e-06,-0.08572689096,0,0,0,0,0,0
12.73,0,1,6.040049352e-05,3.715109721e-05,1.174454041e-05,0.0001402154314,3.139866925e-05,0.01021679142,0,0,0,0,0,0,0.009686129938,0,0,0.0005306614788,0.006343506117,0.03283985294,11.9762223,-0,0.1177686376,-0.03283985294,-0.000842045599,0.07597123942,1.010216791,9.95682184e-06,-1.641992647,-0.07597123942,-9.95682184e-06,-1.718815889,-1.718815889,0.0005939391161,-0.08594079445,-4.793689962e-07,1.917475985e-06,4.793689962e-07,3.355582973e-06,-2.396844981e-06,-0.08594079445,-4.793689962e-07,1.917475985e-06,4.793689962e-07,3.355582973e-06,-2.396844981e-06,-0.08594079445,0,0,0,0,0,0
12.74,0,1,6.064017802e-05,3.76304662e-05,1.174454041e-05,0.0001404551159,3.139866925e-05,0.01021727079,0,0,0,0,0,0,0.009686129938,0,0,0.0005311408478,0.006349247156,0.0328694614,11.97626328,-0,0.1177741441,-0.0328694614,-0.001231385257,0.07604025558,1.010217271,9.925312843e-06,-1.64347307,-0.07604025558,-9.925312843e-06,-1.720754636,-1.720754636,0.0005915305197,-0.08603773181,-9.587379924e-07,9.587379924e-07,4.793689962e-07,2.876213977e-06,-2.396844981e-06,-0.08603773181,-9.587379924e-07,9.587379924e-07,4.793689962e-07,2.876213977e-06,-2.396844981e-06,-0.08603773181,0,0,0,0,0,0
12.75,0,1,6.135923152e-05,3.73907817e-05,1.24635939e-05,0.0001416535384,3.187803825e-05,0.01021655173,0,0,0,0,0,0,0.009686129938,0,0,0.0005304217943,0.006340635604,0.03282504867,11.97620181,-0,0.1177658843,-0.03282504867,-0.0003085946031,0.07593673162,1.010216552,9.871883452e-06,-1.641252434,-0.07593673162,-9.871883452e-06,-1.717507632,-1.717507632,0.0005891442077,-0.08587538159,-2.396844981e-06,1.438106989e-06,-9.587379924e-07,4.793689962e-07,-3.355582973e-06,-0.08587538159,-2.396844981e-06,1.438106989e-06,-9.587379924e-07,4.793689962e-07,-3.355582973e-06,-0.08587538159,0,0,0,0,0,0
12.76,0,1,6.064017802e-05,3.73907817e-05,1.27032784e-05,0.0001416535384,3.163835375e-05,0.01021679142,0,0,0,0,0,0,0.009686129938,0,0,0.0005306614788,0.006343506117,0.03283985294,11.9762223,-0,0.1177686376,-0.03283985294,-0.0006401355202,0.07597123942,1.010216791,9.836873031e-06,-1.641992647,-0.07597123942,-9.836873031e-06,-1.718613859,-1.718613859,0.0005867939368,-0.08593069295,-9.587379924e-07,1.438106989e-06,-1.438106989e-06,4.793689962e-07,-2.876213977e-06,-0.08593069295,-9.587379924e-07,1.438106989e-06,-1.438106989e-06,4.793689962e-07,-2.876213977e-06,-0.08593069295,0,0,0,0,0,0
12.77,0,1,6.111954702e-05,3.691141271e-05,1.150485591e-05,0.0001418932229,3.163835375e-05,0.01021535331,0,0,0,0,0,0,0.009686129938,0,0,0.0005292233718,0.006326283115,0.03275102693,11.97609938,-0,0.1177521181,-0.03275102693,0.001212240979,0.07576419527,1.010215353,9.770990871e-06,-1.637551346,-0.07576419527,-9.770990871e-06,-1.712113072,-1.712113072,0.0005844452267,-0.08560565358,-1.917475985e-06,2.396844981e-06,9.587379924e-07,-0,-2.876213977e-06,-0.08560565358,-1.917475985e-06,2.396844981e-06,9.587379924e-07,-0,-2.876213977e-06,-0.08560565358,0,0,0,0,0,0
12.78,0,1,6.040049352e-05,3.715109721e-05,1.174454041e-05,0.0001409344849,3.187803825e-05,0.01021583268,0,0,0,0,0,0,0.009686129938,0,0,0.0005297027408,0.006332024096,0.03278063571,11.97614035,-0,0.1177576246,-0.03278063571,0.0005533518181,0.07583320927,1.010215833,9.7417814e-06,-1.639031785,-0.07583320927,-9.7417814e-06,-1.714321385,-1.714321385,0.0005821758935,-0.08571606923,-4.793689962e-07,1.917475985e-06,4.793689962e-07,1.917475985e-06,-3.355582973e-06,-0.08571606923,-4.793689962e-07,1.917475985e-06,4.793689962e-07,1.917475985e-06,-3.355582973e-06,-0.08571606923,0,0,0,0,0,0
12.79,0,1,6.016080902e-05,3.73907817e-05,1.126517141e-05,0.0001414138539,3.163835375e-05,0.01021631205,0,0,0,0,0,0,0.009686129938,0,0,0.0005301821098,0.006337765097,0.03281024438,11.97618132,-0,0.1177631311,-0.03281024438,3.236821416e-05,0.07590222399,1.010216312,9.713478767e-06,-1.640512219,-0.07590222399,-9.713478767e-06,-1.716391788,-1.716391788,0.0005799647332,-0.08581958941,-0,1.438106989e-06,1.438106989e-06,9.587379924e-07,-2.876213977e-06,-0.08581958941,-0,1.438106989e-06,1.438106989e-06,9.587379924e-07,-2.876213977e-06,-0.08581958941,0,0,0,0,0,0
12.8,0,1,6.111954702e-05,3.78701507e-05,1.174454041e-05,0.0001411741694,3.163835375e-05,0.0102170311,0,0,0,0,0,0,0.009686129938,0,0,0.0005309011633,0.006346376634,0.03285465719,11.97624279,-0,0.1177713909,-0.03285465719,-0.0007999359534,0.07600574741,1.010217031,9.689307646e-06,-1.642732859,-0.07600574741,-9.689307646e-06,-1.719548232,-1.719548232,0.0005777440731,-0.0859774116,-1.917475985e-06,4.793689962e-07,4.793689962e-07,1.438106989e-06,-2.876213977e-06,-0.0859774116,-1.917475985e-06,4.793689962e-07,4.793689962e-07,1.438106989e-06,-2.876213977e-06,-0.0859774116,0,0,0,0,0,0
12.81,0,1,6.040049352e-05,3.73907817e-05,1.198422491e-05,0.0001409344849,3.187803825e-05,0.01021679142,0,0,0,0,0,0,0.009686129938,0,0,0.0005306614788,0.006343506117,0.03283985294,11.9762223,-0,0.1177686376,-0.03283985294,-0.0004379287782,0.07597123942,1.010216791,9.64917071e-06,-1.641992647,-0.07597123942,-9.64917071e-06,-1.718411465,-1.718411465,0.0005756127775,-0.08592057323,-4.793689962e-07,1.438106989e-06,-0,1.917475985e-06,-3.355582973e-06,-0.08592057323,-4.793689962e-07,1.438106989e-06,-0,1.917475985e-06,-3.355582973e-06,-0.08592057323,0,0,0,0,0,0
12.82,0,1,6.064017802e-05,3.691141271e-05,1.174454041e-05,0.0001416535384,3.163835375e-05,0.01021655173,0.001047197551,0,0,0,0,0,0.009686129938,0,0,0.0005304217943,0.006340635604,0.03282504867,11.97620181,-0,0.1177658843,-0.03282504867,-0.0001157777522,0.07593673162,1.010216552,9.610565862e-06,-1.641252434,-0.07593673162,-9.610565862e-06,-1.717314554,-1.717314554,0.0005735708641,-0.08586572768,-0.0001056784931,2.396844981e-06,4.793689962e-07,4.793689962e-07,-2.876213977e-06,-0.08586572768,-0.0001056784931,2.396844981e-06,4.793689962e-07,4.793689962e-07,-2.876213977e-06,-0.08586572768,0,0,0,0,0,0
12.83,0,1,5.944175553e-05,3.73907817e-05,1.078580241e-05,0.0001418932229,3.139866925e-05,0.01021751047,0,0,0,0,0,0,0.009686129938,0,0,0.0005313805323,0.006352117684,0.03288426559,11.97628377,-0,0.1177768974,-0.03288426559,-0.001294040328,0.07607476393,1.01021751,9.593248727e-06,-1.64421328,-0.07607476393,-9.593248727e-06,-1.721591677,-1.721591677,0.0005715112137,-0.08607958386,1.438106989e-06,1.438106989e-06,2.396844981e-06,-0,-2.396844981e-06,-0.08607958386,1.438106989e-06,1.438106989e-06,2.396844981e-06,-0,-2.396844981e-06,-0.08607958386,0,0,0,0,0,0
12.84,0,1,5.944175553e-05,3.73907817e-05,1.22239094e-05,0.0001414138539,3.115898475e-05,0.0102170311,0,0,0,0,0,0,0.009686129938,0,0,0.0005309011633,0.006346376634,0.03285465719,11.97624279,-0,0.1177713909,-0.03285465719,-0.0006822121207,0.07600574741,1.010217031,9.550627024e-06,-1.642732859,-0.07600574741,-9.550627024e-06,-1.719430369,-1.719430369,0.0005694867928,-0.08597151847,1.438106989e-06,1.438106989e-06,-4.793689962e-07,9.587379924e-07,-1.917475985e-06,-0.08597151847,1.438106989e-06,1.438106989e-06,-4.793689962e-07,9.587379924e-07,-1.917475985e-06,-0.08597151847,0,0,0,0,0,0
12.85,0,1,6.016080902e-05,3.73907817e-05,1.150485591e-05,0.0001414138539,3.163835375e-05,0.01021679142,0,0.001047197551,0,0,0,0,0.009686129938,0,0,0.0005306614788,0.006343506117,0.03283985294,11.9762223,-0,0.1177686376,-0.03283985294,-0.000276762093,0.07597123942,1.010216791,9.513176236e-06,-1.641992647,-0.07597123942,-9.513176236e-06,-1.718250162,-1.718250162,0.0005675117808,-0.08591250809,-0,-0.0001032816481,9.587379924e-07,9.587379924e-07,-2.876213977e-06,-0.08591250809,-0,-0.0001032816481,9.587379924e-07,9.587379924e-07,-2.876213977e-06,-0.08591250809,0,0,0,0,0,0
12.86,0,1,5.992112453e-05,3.78701507e-05,1.126517141e-05,0.0001414138539,3.211772275e-05,0.01021655173,0,0,0,0,0,0,0.009686129938,0,0,0.0005304217943,0.006340635604,0.03282504867,11.97620181,-0,0.1177658843,-0.03282504867,5.397686065e-05,0.07593673162,1.010216552,9.476211635e-06,-1.641252434,-0.07593673162,-9.476211635e-06,-1.717144665,-1.717144665,0.0005655639613,-0.08585723323,4.793689962e-07,4.793689962e-07,1.438106989e-06,9.587379924e-07,-3.83495197e-06,-0.08585723323,4.793689962e-07,4.793689962e-07,1.438106989e-06,9.587379924e-07,-3.83495197e-06,-0.08585723323,0,0,0,0,0,0
12.87,0,1,6.111954702e-05,3.715109721e-05,1.198422491e-05,0.0001414138539,3.163835375e-05,0.01021679142,0,0,0,0,0,0,0.009686129938,0,0,0.0005306614788,0.006343506117,0.03283985294,11.9762223,-0,0.1177686376,-0.03283985294,-0.0001893378484,0.07597123942,1.010216791,9.449356351e-06,-1.641992647,-0.07597123942,-9.449356351e-06,-1.718162674,-1.718162674,0.0005637101214,-0.08590813369,-1.917475985e-06,1.917475985e-06,-0,9.587379924e-07,-2.876213977e-06,-0.08590813369,-1.917475985e-06,1.917475985e-06,-0,9.587379924e-07,-2.876213977e-06,-0.08590813369,0,0,0,0,0,0
12.88,0,1,6.040049352e-05,3.76304662e-05,1.126517141e-05,0.0001414138539,3.163835375e-05,0.0102170311,0,0,0,0,0,-0.001047197551,0.009686129938,0,0,0.0005309011633,0.006346376634,0.03180745964,11.97624279,-0,0.1177713909,-0.03285465719,-0.0002902089928,0.07600574741,1.011264503,9.141055658e-06,-1.590372982,-0.07600574741,-9.141055658e-06,-1.666678079,-1.666678079,0.0005618050969,-0.08333390396,-4.793689962e-07,9.587379924e-07,1.438106989e-06,9.587379924e-07,-2.876213977e-06,-0.08333390396,-4.793689962e-07,9.587379924e-07,1.438106989e-06,9.587379924e-07,-2.876213977e-06,-0.08333390396,0,0,0,0,0,0
12.89,0,1,6.040049352e-05,3.78701507e-05,1.126517141e-05,0.0001414138539,3.115898475e-05,0.01021655173,0,0,0,0,0,0,0.009686129938,0,0,0.0005304217943,0.006340635604,0.03282504867,11.97620181,-0,0.1177658843,-0.03282504867,0.0004005993804,0.07593673162,1.010216552,9.382412463e-06,-1.641252434,-0.07593673162,-9.382412463e-06,-1.716797948,-1.716797948,0.0005599739558,-0.08583989742,-4.793689962e-07,4.793689962e-07,1.438106989e-06,9.587379924e-07,-1.917475985e-06,-0.08583989742,-4.793689962e-07,4.793689962e-07,1.438106989e-06,9.587379924e-07,-1.917475985e-06,-0.08583989742,0,0,0,0,0,0
12.9,0,1,6.016080902e-05,3.76304662e-05,1.102548691e-05,0.0001409344849,3.139866925e-05,0.01021631205,0,0,0,0,0,0,0.009686129938,0,0,0.0005301821098,0.006337765097,0.03281024438,11.97618132,-0,0.1177631311,-0.03281024438,0.0006516179226,0.07590222399,1.010216312,9.347752261e-06,-1.640512219,-0.07590222399,-9.347752261e-06,-1.715772173,-1.715772173,0.0005581592468,-0.08578860864,-0,9.587379924e-07,1.917475985e-06,1.917475985e-06,-2.396844981e-06,-0.08578860864,-0,9.587379924e-07,1.917475985e-06,1.917475985e-06,-2.396844981e-06,-0.08578860864,0,0,0,0,0,0
12.91,0,1,6.016080902e-05,3.76304662e-05,1.102548691e-05,0.0001404551159,3.139866925e-05,0.0102170311,0,0,0,0,0,0,0.009686129938,0,0,0.0005309011633,0.006346376634,0.03285465719,11.97624279,-0,0.1177713909,-0.03285465719,-0.0002330667534,0.07600574741,1.010217031,9.330573636e-06,-1.642732859,-0.07600574741,-9.330573636e-06,-1.718981004,-1.718981004,0.0005563844394,-0.0859490502,-0,9.587379924e-07,1.917475985e-06,2.876213977e-06,-2.396844981e-06,-0.0859490502,-0,9.587379924e-07,1.917475985e-06,2.876213977e-06,-2.396844981e-06,-0.0859490502,0,0,0,0,0,0
12.92,0,1,6.040049352e-05,3.81098352e-05,1.174454041e-05,0.0001411741694,3.139866925e-05,0.01021679142,0,0,0,0,0,0,0.009686129938,0,0,0.0005306614788,0.006343506117,0.03283985294,11.9762223,-0,0.1177686376,-0.03283985294,9.773543595e-05,0.07597123942,1.010216791,9.297150877e-06,-1.641992647,-0.07597123942,-9.297150877e-06,-1.717875448,-1.717875448,0.0005546434586,-0.08589377242,-4.793689962e-07,-0,4.793689962e-07,1.438106989e-06,-2.396844981e-06,-0.08589377242,-4.793689962e-07,-0,4.793689962e-07,1.438106989e-06,-2.396844981e-06,-0.08589377242,0,0,0,0,0,0
12.93,0,1,6.064017802e-05,3.76304662e-05,1.198422491e-05,0.0001414138539,3.163835375e-05,0.01021607236,0,0,0,0,0,0,0.009686129938,0,0,0.0005299424253,0.006334894594,0.03279544005,11.97616084,-0,0.1177603778,-0.03279544005,0.001009947308,0.07586771654,1.010216072,9.255909636e-06,-1.639772003,-0.07586771654,-9.255909636e-06,-1.714639028,-1.714639028,0.0005529320057,-0.08573195139,-9.587379924e-07,9.587379924e-07,-0,9.587379924e-07,-2.876213977e-06,-0.08573195139,-9.587379924e-07,9.587379924e-07,-0,9.587379924e-07,-2.876213977e-06,-0.08573195139,0,0,0,0,0,0
12.94,0,1,6.135923152e-05,3.73907817e-05,1.174454041e-05,0.0001411741694,3.163835375e-05,0.01021655173,0,0,0,0,0,0,0.009686129938,0,0,0.0005304217943,0.006340635604,0.03282504867,11.97620181,-0,0.1177658843,-0.03282504867,0.0002939245831,0.07593673162,1.010216552,9.235773228e-06,-1.641252434,-0.07593673162,-9.235773228e-06,-1.716904476,-1.716904476,0.0005512349223,-0.08584522382,-2.396844981e-06,1.438106989e-06,4.793689962e-07,1.438106989e-06,-2.876213977e-06,-0.08584522382,-2.396844981e-06,1.438106989e-06,4.793689962e-07,1.438106989e-06,-2.876213977e-06,-0.08584522382,0,0,0,0,0,0
12.95,0,1,6.135923152e-05,3.81098352e-05,1.198422491e-05,0.0001411741694,3.187803825e-05,0.01021751047,0,0,0,0,0,0,0.009686129938,0,0,0.0005313805323,0.006352117684,0.03288426559,11.97628377,-0,0.1177768974,-0.03288426559,-0.0008919259248,0.07607476393,1.01021751,9.224632385e-06,-1.64421328,-0.07607476393,-9.224632385e-06,-1.721189194,-1.721189194,0.0005495829516,-0.0860594597,-2.396844981e-06,-0,-0,1.438106989e-06,-3.355582973e-06,-0.0860594597,-2.396844981e-06,-0,-0,1.438106989e-06,-3.355582973e-06,-0.0860594597,0,0,0,0,0,0
12.96,0,1,6.111954702e-05,3.715109721e-05,1.198422491e-05,0.0001414138539,3.163835375e-05,0.0102170311,0,0,0,0,0,0,0.009686129938,0,0,0.0005309011633,0.006346376634,0.03285465719,11.97624279,-0,0.1177713909,-0.03285465719,-0.0002248708566,0.07600574741,1.010217031,9.18920411e-06,-1.642732859,-0.07600574741,-9.18920411e-06,-1.718972667,-1.718972667,0.0005479670571,-0.08594863334,-1.917475985e-06,1.917475985e-06,-0,9.587379924e-07,-2.876213977e-06,-0.08594863334,-1.917475985e-06,1.917475985e-06,-0,9.587379924e-07,-2.876213977e-06,-0.08594863334,0,0,0,0,0,0
12.97,0,1,6.135923152e-05,3.76304662e-05,1.198422491e-05,0.0001411741694,3.115898475e-05,0.0102170311,0,0,0,0,0,0,0.009686129938,0,0,0.0005309011633,0.006346376634,0.03285465719,11.97624279,-0,0.1177713909,-0.03285465719,-0.00020561279,0.07600574741,1.010217031,9.162475567e-06,-1.642732859,-0.07600574741,-9.162475567e-06,-1.718953382,-1.718953382,0.0005463755942,-0.0859476691,-2.396844981e-06,9.587379924e-07,-0,1.438106989e-06,-1.917475985e-06,-0.0859476691,-2.396844981e-06,9.587379924e-07,-0,1.438106989e-06,-1.917475985e-06,-0.0859476691,0,0,0,0,0,0
12.98,0,1,6.087986252e-05,3.83495197e-05,1.174454041e-05,0.0001414138539,3.163835375e-05,0.01021679142,0,0,0,0,0,0.001047197551,0.009686129938,0,0,0.0005306614788,0.006343506117,0.03388705049,11.9762223,-0,0.1177686376,-0.03283985294,9.427037125e-05,0.07597123942,1.011264263,9.442833705e-06,-1.694352525,-0.07597123942,-9.442833705e-06,-1.770238937,-1.770238937,0.0005448656212,-0.08851194683,-1.438106989e-06,-4.793689962e-07,4.793689962e-07,9.587379924e-07,-2.876213977e-06,-0.08851194683,-1.438106989e-06,-4.793689962e-07,4.793689962e-07,9.587379924e-07,-2.876213977e-06,-0.08851194683,0,0,0,0,0,0
12.99,0,1,6.016080902e-05,3.906857319e-05,1.174454041e-05,0.0001414138539,3.139866925e-05,0.01021727079,0,0,0,0,0,0,0.009686129938,0,0,0.0005311408478,0.006349247156,0.0328694614,11.97626328,-0,0.1177741441,-0.0328694614,-0.0005970284614,0.07604025558,1.010217271,9.115179107e-06,-1.64347307,-0.07604025558,-9.115179107e-06,-1.720119469,-1.720119469,0.0005433155261,-0.08600597347,-0,-1.917475985e-06,4.793689962e-07,9.587379924e-07,-2.396844981e-06,-0.08600597347,-0,-1.917475985e-06,4.793689962e-07,9.587379924e-07,-2.396844981e-06,-0.08600597347,0,0,0,0,0,0
13,0,1,6.064017802e-05,3.882888869e-05,1.174454041e-05,0.0001418932229,3.163835375e-05,0.01021727079,0,0,0,0,0,0,0.009686129938,0,0,0.0005311408478,0.006349247156,0.0328694614,11.97626328,-0,0.1177741441,-0.0328694614,-0.0006213166952,0.07604025558,1.010217271,9.089709752e-06,-1.64347307,-0.07604025558,-9.089709752e-06,-1.720143732,-1.720143732,0.0005417997211,-0.08600718661,-9.587379924e-07,-1.438106989e-06,4.793689962e-07,-0,-2.876213977e-06,-0.08600718661,-9.587379924e-07,-1.438106989e-06,4.793689962e-07,-0,-2.876213977e-06,-0.08600718661,0,0,0,0,0,0
13.01,0,1,6.087986252e-05,3.81098352e-05,1.150485591e-05,0.0001406948004,3.139866925e-05,0.01021679142,0,0,0,-0.001047197551,0,0,0.009686129938,0,0,0.0005306614788,0.006343506117,0.03283985294,11.9762223,-0,0.1177686376,-0.03283985294,-3.543026874e-05,0.07597123942,1.010216791,9.056546413e-06,-1.641992647,-0.07597123942,-9.056546413e-06,-1.718008373,-1.718008373,0.0005403109942,-0.08590041867,-1.438106989e-06,-0,9.587379924e-07,0.0001071166001,-2.396844981e-06,-0.08590041867,-1.438106989e-06,-0,9.587379924e-07,0.0001071166001,-2.396844981e-06,-0.08590041867,0,0,0,0,0,0
13.02,0,1,5.968144003e-05,3.76304662e-05,1.198422491e-05,0.0001409344849,3.163835375e-05,0.01021727079,0,0,0,0,0,0,0.009686129938,0,0,0.0005311408478,0.006349247156,0.0328694614,11.97626328,-0,0.1177741441,-0.0328694614,-0.0006218467852,0.07604025558,1.010217271,9.040190826e-06,-1.64347307,-0.07604025558,-9.040190826e-06,-1.720144213,-1.720144213,0.0005388526093,-0.08600721063,9.587379924e-07,9.587379924e-07,-0,1.917475985e-06,-2.876213977e-06,-0.08600721063,9.587379924e-07,9.587379924e-07,-0,1.917475985e-06,-2.876213977e-06,-0.08600721063,0,0,0,0,0,0
13.03,0,1,6.111954702e-05,3.715109721e-05,1.174454041e-05,0.0001416535384,3.139866925e-05,0.0102170311,0,0,-0.001047197551,0,0,0,0.009686129938,0,0,0.0005309011633,0.006346376634,0.03285465719,11.97624279,-0,0.1177713909,-0.03285465719,-0.0002990091023,0.07600574741,1.010217031,9.012094969e-06,-1.642732859,-0.07600574741,-9.012094969e-06,-1.719046628,-1.719046628,0.0005374216773,-0.0859523314,-1.917475985e-06,1.917475985e-06,0.0001051991241,4.793689962e-07,-2.396844981e-06,-0.0859523314,-1.917475985e-06,1.917475985e-06,0.0001051991241,4.793689962e-07,-2.396844981e-06,-0.0859523314,0,0,0,0,0,0
13.04,0,1,6.159891601e-05,3.667172821e-05,1.198422491e-05,0.0001409344849,3.187803825e-05,0.0102170311,0,0,0,0,0,0,0.009686129938,0,0,0.0005309011633,0.006346376634,0.03285465719,11.97624279,-0,0.1177713909,-0.03285465719,-0.0003130653223,0.07600574741,1.010217031,8.988417647e-06,-1.642732859,-0.07600574741,-8.988417647e-06,-1.71906066,-1.71906066,0.0005360118892,-0.08595303302,-2.876213977e-06,2.876213977e-06,-0,1.917475985e-06,-3.355582973e-06,-0.08595303302,-2.876213977e-06,2.876213977e-06,-0,1.917475985e-06,-3.355582973e-06,-0.08595303302,0,0,0,0,0,0
13.05,0,1,6.111954702e-05,3.76304662e-05,1.198422491e-05,0.0001411741694,3.187803825e-05,0.01021775015,0,0,0,0,0,0,0.009686129938,0,0,0.0005316202168,0.006354988216,0.03289906976,11.97630426,-0,0.1177796506,-0.03289906976,-0.001152928883,0.07610927245,1.01021775,8.977431348e-06,-1.644953488,-0.07610927245,-8.977431348e-06,-1.722224667,-1.722224667,0.0005346376243,-0.08611123333,-1.917475985e-06,9.587379924e-07,-0,1.438106989e-06,-3.355582973e-06,-0.08611123333,-1.917475985e-06,9.587379924e-07,-0,1.438106989e-06,-3.355582973e-06,-0.08611123333,0,0,0,0,0,0
13.06,0,1,6.064017802e-05,3.81098352e-05,1.174454041e-05,0.0001414138539,3.163835375e-05,0.0102170311,0,0,0,0,0,0,0.009686129938,0,0,0.0005309011633,0.006346376634,0.03285465719,11.97624279,-0,0.1177713909,-0.03285465719,-0.0002217455291,0.07600574741,1.010217031,8.942605886e-06,-1.642732859,-0.07600574741,-8.942605886e-06,-1.718969295,-1.718969295,0.000533284179,-0.08594846474,-9.587379924e-07,-0,4.793689962e-07,9.587379924e-07,-2.876213977e-06,-0.08594846474,-9.587379924e-07,-0,4.793689962e-07,9.587379924e-07,-2.876213977e-06,-0.08594846474,0,0,0,0,0,0
13.07,0,1,5.992112453e-05,3.715109721e-05,1.102548691e-05,0.0001406948004,3.139866925e-05,0.01021727079,0,0,0,0,0,0,0.009686129938,0,0,0.0005311408478,0.006349247156,0.0328694614,11.97626328,-0,0.1177741441,-0.0328694614,-0.0004223282336,0.07604025558,1.010217271,8.924477767e-06,-1.64347307,-0.07604025558,-8.924477767e-06,-1.719944578,-1.719944578,0.0005319659631,-0.08599722892,4.793689962e-07,1.917475985e-06,1.917475985e-06,2.396844981e-06,-2.396844981e-06,-0.08599722892,4.793689962e-07,1.917475985e-06,1.917475985e-06,2.396844981e-06,-2.396844981e-06,-0.08599722892,0,0,0,0,0,0
13.08,0,1,6.064017802e-05,3.691141271e-05,1.198422491e-05,0.0001409344849,3.187803825e-05,0.01021751047,0,0,0,0,0,0,0.009686129938,0,0,0.0005313805323,0.006352117684,0.03288426559,11.97628377,-0,0.1177768974,-0.03288426559,-0.0006665038342,0.07607476393,1.01021751,8.906663721e-06,-1.64421328,-0.07607476393,-8.906663721e-06,-1.720963454,-1.720963454,0.0005306676203,-0.0860481727,-9.587379924e-07,2.396844981e-06,-0,1.917475985e-06,-3.355582973e-06,-0.0860481727,-9.587379924e-07,2.396844981e-06,-0,1.917475985e-06,-3.355582973e-06,-0.0860481727,0,0,0,0,0,0
13.09,0,1,6.016080902e-05,3.83495197e-05,1.198422491e-05,0.0001409344849,3.139866925e-05,0.01021655173,-0.001047197551,0,0,0,0,0,0.009686129938,0,0,0.0005304217943,0.006340635604,0.03282504867,11.97620181,-0,0.1177658843,-0.03282504867,0.00054591134,0.07593673162,1.010216552,8.869173325e-06,-1.641252434,-0.07593673162,-8.869173325e-06,-1.716652123,-1.716652123,0.0005293872301,-0.08583260616,0.0001047197551,-4.793689962e-07,-0,1.917475985e-06,-2.396844981e-06,-0.08583260616,0.0001047197551,-4.793689962e-07,-0,1.917475985e-06,-2.396844981e-06,-0.08583260616,0,0,0,0,0,0
13.1,0,1,6.111954702e-05,3.76304662e-05,1.24635939e-05,0.0001404551159,3.187803825e-05,0.01021751047,0,0,0,0,0,0,0.009686129938,0,0,0.0005313805323,0.006352117684,0.03288426559,11.97628377,-0,0.1177768974,-0.03288426559,-0.0006668071503,0.07607476393,1.01021751,8.863965745e-06,-1.64421328,-0.07607476393,-8.863965745e-06,-1.720963715,-1.720963715,0.0005281276015,-0.08604818573,-1.917475985e-06,9.587379924e-07,-9.587379924e-07,2.876213977e-06,-3.355582973e-06,-0.08604818573,-1.917475985e-06,9.587379924e-07,-9.587379924e-07,2.876213977e-06,-3.355582973e-06,-0.08604818573,0,0,0,0,0,0
13.11,0,1,6.111954702e-05,3.78701507e-05,1.150485591e-05,0.0001404551159,3.163835375e-05,0.01021751047,0,0,0,0,0,0,0.009686129938,0,0,0.0005313805323,0.006352117684,0.03288426559,11.97628377,-0,0.1177768974,-0.03288426559,-0.0006314011759,0.07607476393,1.01021751,8.843267491e-06,-1.64421328,-0.07607476393,-8.843267491e-06,-1.720928288,-1.720928288,0.000526896303,-0.0860464144,-1.917475985e-06,4.793689962e-07,9.587379924e-07,2.876213977e-06,-2.876213977e-06,-0.0860464144,-1.917475985e-06,4.793689962e-07,9.587379924e-07,2.876213977e-06,-2.876213977e-06,-0.0860464144,0,0,0,0,0,0
13.12,0,1,6.064017802e-05,3.76304662e-05,1.126517141e-05,0.0001406948004,3.139866925e-05,0.01021727079,0,0,0,0,0,0,0.009686129938,0,0,0.0005311408478,0.006349247156,0.0328694614,11.97626328,-0,0.1177741441,-0.0328694614,-0.0002434384768,0.07604025558,1.010217271,8.819110969e-06,-1.64347307,-0.07604025558,-8.819110969e-06,-1.719765583,-1.719765583,0.0005256950732,-0.08598827916,-9.587379924e-07,9.587379924e-07,1.438106989e-06,2.396844981e-06,-2.396844981e-06,-0.08598827916,-9.587379924e-07,9.587379924e-07,1.438106989e-06,2.396844981e-06,-2.396844981e-06,-0.08598827916,0,0,0,0,0,0
13.13,0,1,6.016080902e-05,3.78701507e-05,1.198422491e-05,0.0001414138539,3.139866925e-05,0.0102170311,0,0,0,0,0,0,0.009686129938,0,0,0.0005309011633,0.006346376634,0.03285465719,11.97624279,-0,0.1177713909,-0.03285465719,4.531177091e-06,0.07600574741,1.010217031,8.795047909e-06,-1.642732859,-0.07600574741,-8.795047909e-06,-1.718742871,-1.718742871,0.0005244983258,-0.08593714353,-0,4.793689962e-07,-0,9.587379924e-07,-2.396844981e-06,-0.08593714353,-0,4.793689962e-07,-0,9.587379924e-07,-2.396844981e-06,-0.08593714353,0,0,0,0,0,0
13.14,0,1,5.992112453e-05,3.76304662e-05,1.174454041e-05,0.0001414138539,3.187803825e-05,0.01021655173,0.001047197551,0,0,0,0,0,0.009686129938,0,0,0.0005304217943,0.006340635604,0.03282504867,11.97620181,-0,0.1177658843,-0.03282504867,0.0005745526104,0.07593673162,1.010216552,8.767440475e-06,-1.641252434,-0.07593673162,-8.767440475e-06,-1.71662338,-1.71662338,0.0005233244134,-0.08583116901,-0.0001042403861,9.587379924e-07,4.793689962e-07,9.587379924e-07,-3.355582973e-06,-0.08583116901,-0.0001042403861,9.587379924e-07,4.793689962e-07,9.587379924e-07,-3.355582973e-06,-0.08583116901,0,0,0,0,0,0
13.15,0,1,6.064017802e-05,3.81098352e-05,1.126517141e-05,0.0001414138539,3.139866925e-05,0.01021559299,0,0.001047197551,0,0,0,0,0.009686129938,0,0,0.0005294630563,0.006329153603,0.03276583133,11.97611986,-0,0.1177548713,-0.03276583133,0.001682297823,0.07579870218,1.010215593,8.73227614e-06,-1.638291566,-0.07579870218,-8.73227614e-06,-1.712416703,-1.712416703,0.0005221673144,-0.08562083515,-9.587379924e-07,-0.0001047197551,1.438106989e-06,9.587379924e-07,-2.396844981e-06,-0.08562083515,-9.587379924e-07,-0.0001047197551,1.438106989e-06,9.587379924e-07,-2.396844981e-06,-0.08562083515,0,0,0,0,0,0
13.16,0,1,5.992112453e-05,3.882888869e-05,1.174454041e-05,0.0001418932229,3.163835375e-05,0.01021679142,0,0,-0.001047197551,0,0,0,0.009686129938,0,0,0.0005306614788,0.006343506117,0.03283985294,11.9762223,-0,0.1177686376,-0.03283985294,4.08289189e-05,0.07597123942,1.010216791,8.732680802e-06,-1.641992647,-0.07597123942,-8.732680802e-06,-1.71793179,-1.71793179,0.0005210187821,-0.08589658952,4.793689962e-07,-1.438106989e-06,0.0001051991241,-0,-2.876213977e-06,-0.08589658952,4.793689962e-07,-1.438106989e-06,0.0001051991241,-0,-2.876213977e-06,-0.08589658952,0,0,0,0,0,0
13.17,0,1,6.087986252e-05,3.81098352e-05,1.22239094e-05,0.0001411741694,3.187803825e-05,0.01021631205,0,0,0,0,0,0,0.009686129938,0,0,0.0005301821098,0.006337765097,0.03281024438,11.97618132,-0,0.1177631311,-0.03281024438,0.0006586420286,0.07590222399,1.010216312,8.706176795e-06,-1.640512219,-0.07590222399,-8.706176795e-06,-1.715764507,-1.715764507,0.0005199069875,-0.08578822535,-1.438106989e-06,-0,-4.793689962e-07,1.438106989e-06,-3.355582973e-06,-0.08578822535,-1.438106989e-06,-0,-4.793689962e-07,1.438106989e-06,-3.355582973e-06,-0.08578822535,0,0,0,0,0,0
13.18,0,1,6.111954702e-05,3.85892042e-05,1.198422491e-05,0.0001406948004,3.091930026e-05,0.01021607236,0,0,0,0,0,0,0.009686129938,0,0,0.0005299424253,0.006334894594,0.03279544005,11.97616084,-0,0.1177603778,-0.03279544005,0.0008448028216,0.07586771654,1.010216072,8.682829769e-06,-1.639772003,-0.07586771654,-8.682829769e-06,-1.714803599,-1.714803599,0.0005187481771,-0.08574017996,-1.917475985e-06,-9.587379924e-07,-0,2.396844981e-06,-1.438106989e-06,-0.08574017996,-1.917475985e-06,-9.587379924e-07,-0,2.396844981e-06,-1.438106989e-06,-0.08574017996,0,0,0,0,0,0
13.19,0,1,6.135923152e-05,3.81098352e-05,1.150485591e-05,0.0001416535384,3.139866925e-05,0.01021655173,0,0,0,0,0,0,0.009686129938,0,0,0.0005304217943,0.006340635604,0.03282504867,11.97620181,-0,0.1177658843,-0.03282504867,0.0002122286775,0.07593673162,1.010216552,8.672540436e-06,-1.641252434,-0.07593673162,-8.672540436e-06,-1.716985609,-1.716985609,0.0005176688014,-0.08584928046,-2.396844981e-06,-0,9.587379924e-07,4.793689962e-07,-2.396844981e-06,-0.08584928046,-2.396844981e-06,-0,9.587379924e-07,4.793689962e-07,-2.396844981e-06,-0.08584928046,0,0,0,0,0,0
13.2,0,1,6.064017802e-05,3.906857319e-05,1.150485591e-05,0.0001411741694,3.091930026e-05,0.01021631205,0,0,0,0,0,0,0.009686129938,0,0,0.0005301821098,0.006337765097,0.03281024438,11.97618132,-0,0.1177631311,-0.03281024438,0.0005130205594,0.07590222399,1.010216312,8.650906599e-06,-1.640512219,-0.07590222399,-8.650906599e-06,-1.715910073,-1.715910073,0.0005166116466,-0.08579550366,-9.587379924e-07,-1.917475985e-06,9.587379924e-07,1.438106989e-06,-1.438106989e-06,-0.08579550366,-9.587379924e-07,-1.917475985e-06,9.587379924e-07,1.438106989e-06,-1.438106989e-06,-0.08579550366,0,0,0,0,0,0
13.21,0,1,5.968144003e-05,3.78701507e-05,1.22239094e-05,0.0001411741694,3.163835375e-05,0.01021631205,0,0,0,0,0,0,0.009686129938,0,0,0.0005301821098,0.006337765097,0.03281024438,11.97618132,-0,0.1177631311,-0.03281024438,0.0004424820438,0.07590222399,1.010216312,8.63333184e-06,-1.640512219,-0.07590222399,-8.63333184e-06,-1.715980594,-1.715980594,0.0005155637976,-0.08579902971,9.587379924e-07,4.793689962e-07,-4.793689962e-07,1.438106989e-06,-2.876213977e-06,-0.08579902971,9.587379924e-07,4.793689962e-07,-4.793689962e-07,1.438106989e-06,-2.876213977e-06,-0.08579902971,0,0,0,0,0,0
13.22,0,1,6.135923152e-05,3.78701507e-05,1.174454041e-05,0.0001409344849,3.115898475e-05,0.0102170311,0,0,0,0,0,0,0.009686129938,0,0,0.0005309011633,0.006346376634,0.03285465719,11.97624279,-0,0.1177713909,-0.03285465719,-0.0004896431287,0.07600574741,1.010217031,8.627771518e-06,-1.642732859,-0.07600574741,-8.627771518e-06,-1.719236878,-1.719236878,0.0005145384047,-0.08596184388,-2.396844981e-06,4.793689962e-07,4.793689962e-07,1.917475985e-06,-1.917475985e-06,-0.08596184388,-2.396844981e-06,4.793689962e-07,4.793689962e-07,1.917475985e-06,-1.917475985e-06,-0.08596184388,0,0,0,0,0,0
13.23,0,1,6.111954702e-05,3.85892042e-05,1.198422491e-05,0.0001404551159,3.211772275e-05,0.01021655173,0.001047197551,0,0,0,0,0,0.009686129938,0,0,0.0005304217943,0.006340635604,0.03282504867,11.97620181,-0,0.1177658843,-0.03282504867,8.900072763e-05,0.07593673162,1.010216552,8.60311333e-06,-1.641252434,-0.07593673162,-8.60311333e-06,-1.717108768,-1.717108768,0.0005135312606,-0.08585543838,-0.0001066372311,-9.587379924e-07,-0,2.876213977e-06,-3.83495197e-06,-0.08585543838,-0.0001066372311,-9.587379924e-07,-0,2.876213977e-06,-3.83495197e-06,-0.08585543838,0,0,0,0,0,0
13.24,0,1,5.992112453e-05,3.73907817e-05,1.174454041e-05,0.0001409344849,3.139866925e-05,0.01021655173,0,0,0,0,0,0,0.009686129938,0,0,0.0005304217943,0.006340635604,0.03282504867,11.97620181,-0,0.1177658843,-0.03282504867,-8.953672326e-06,0.07593673162,1.010216552,8.586342081e-06,-1.641252434,-0.07593673162,-8.586342081e-06,-1.717206705,-1.717206705,0.0005125317702,-0.08586033527,4.793689962e-07,1.438106989e-06,4.793689962e-07,1.917475985e-06,-2.396844981e-06,-0.08586033527,4.793689962e-07,1.438106989e-06,4.793689962e-07,1.917475985e-06,-2.396844981e-06,-0.08586033527,0,0,0,0,0,0
13.25,0,1,5.992112453e-05,3.76304662e-05,1.174454041e-05,0.0001414138539,3.139866925e-05,0.01021679142,0,0,0,0,0,0,0.009686129938,0,0,0.0005306614788,0.006343506117,0.03283985294,11.9762223,-0,0.1177686376,-0.03283985294,-0.0002689250784,0.07597123942,1.010216791,8.573999652e-06,-1.641992647,-0.07597123942,-8.573999652e-06,-1.718241386,-1.718241386,0.0005115663725,-0.08591206928,4.793689962e-07,9.587379924e-07,4.793689962e-07,9.587379924e-07,-2.396844981e-06,-0.08591206928,4.793689962e-07,9.587379924e-07,4.793689962e-07,9.587379924e-07,-2.396844981e-06,-0.08591206928,0,0,0,0,0,0
13.26,0,1,6.016080902e-05,3.81098352e-05,1.174454041e-05,0.0001418932229,3.163835375e-05,0.01021655173,0,0,0,0,0,0,0.009686129938,0,0,0.0005304217943,0.006340635604,0.03282504867,11.97620181,-0,0.1177658843,-0.03282504867,8.835027775e-05,0.07593673162,1.010216552,8.554282297e-06,-1.641252434,-0.07593673162,-8.554282297e-06,-1.717109369,-1.717109369,0.0005106211524,-0.08585546847,-0,-0,4.793689962e-07,-0,-2.876213977e-06,-0.08585546847,-0,-0,4.793689962e-07,-0,-2.876213977e-06,-0.08585546847,0,0,0,0,0,0
13.27,0,1,5.944175553e-05,3.73907817e-05,1.174454041e-05,0.0001409344849,3.163835375e-05,0.01021727079,0,0,0,0,0,0,0.009686129938,0,0,0.0005311408478,0.006349247156,0.0328694614,11.97626328,-0,0.1177741441,-0.0328694614,-0.0006908953414,0.07604025558,1.010217271,8.550418555e-06,-1.64347307,-0.07604025558,-8.550418555e-06,-1.720212771,-1.720212771,0.0005097038826,-0.08601063857,1.438106989e-06,1.438106989e-06,4.793689962e-07,1.917475985e-06,-2.876213977e-06,-0.08601063857,1.438106989e-06,1.438106989e-06,4.793689962e-07,1.917475985e-06,-2.876213977e-06,-0.08601063857,0,0,0,0,0,0
13.28,0,1,5.944175553e-05,3.76304662e-05,1.198422491e-05,0.0001416535384,3.163835375e-05,0.01021679142,0,0,0,0,0,0,0.009686129938,0,0,0.0005306614788,0.006343506117,0.03283985294,11.9762223,-0,0.1177686376,-0.03283985294,0.0002143233416,0.07597123942,1.010216791,8.528142399e-06,-1.641992647,-0.07597123942,-8.528142399e-06,-1.717758091,-1.717758091,0.0005088347214,-0.08588790457,1.438106989e-06,9.587379924e-07,-0,4.793689962e-07,-2.876213977e-06,-0.08588790457,1.438106989e-06,9.587379924e-07,-0,4.793689962e-07,-2.876213977e-06,-0.08588790457,0,0,0,0,0,0
13.29,0,1,6.087986252e-05,3.73907817e-05,1.174454041e-05,0.0001411741694,3.139866925e-05,0.01021679142,0,0,0,0,0,0,0.009686129938,0,0,0.0005306614788,0.006343506117,0.03283985294,11.9762223,-0,0.1177686376,-0.03283985294,0.0002613542649,0.07597123942,1.010216791,8.513278953e-06,-1.641992647,-0.07597123942,-8.513278953e-06,-1.717711046,-1.717711046,0.0005079493272,-0.08588555228,-1.438106989e-06,1.438106989e-06,4.793689962e-07,1.438106989e-06,-2.396844981e-06,-0.08588555228,-1.438106989e-06,1.438106989e-06,4.793689962e-07,1.438106989e-06,-2.396844981e-06,-0.08588555228,0,0,0,0,0,0
13.3,0,1,6.064017802e-05,3.76304662e-05,1.29429629e-05,0.0001409344849,3.187803825e-05,0.01021727079,0,0,0,0,0,0,0.009686129938,0,0,0.0005311408478,0.006349247156,0.0328694614,11.97626328,-0,0.1177741441,-0.0328694614,-0.0003044792758,0.07604025558,1.010217271,8.506315048e-06,-1.64347307,-0.07604025558,-8.506315048e-06,-1.719826311,-1.719826311,0.0005070790686,-0.08599131557,-9.587379924e-07,9.587379924e-07,-1.917475985e-06,1.917475985e-06,-3.355582973e-06,-0.08599131557,-9.587379924e-07,9.587379924e-07,-1.917475985e-06,1.917475985e-06,-3.355582973e-06,-0.08599131557,0,0,0,0,0,0
13.31,0,1,6.040049352e-05,3.81098352e-05,1.24635939e-05,0.0001416535384,3.163835375e-05,0.01021679142,0,0,0,0,0,0,0.009686129938,0,0,0.0005306614788,0.006343506117,0.03283985294,11.9762223,-0,0.1177686376,-0.03283985294,0.0003382863161,0.07597123942,1.010216791,8.484345127e-06,-1.641992647,-0.07597123942,-8.484345127e-06,-1.717634085,-1.717634085,0.0005062257804,-0.08588170423,-4.793689962e-07,-0,-9.587379924e-07,4.793689962e-07,-2.876213977e-06,-0.08588170423,-4.793689962e-07,-0,-9.587379924e-07,4.793689962e-07,-2.876213977e-06,-0.08588170423,0,0,0,0,0,0
13.32,0,1,5.920207103e-05,3.81098352e-05,1.126517141e-05,0.0001416535384,3.115898475e-05,0.01021727079,0,0,0,0,0,0,0.009686129938,0,0,0.0005311408478,0.006349247156,0.0328694614,11.97626328,-0,0.1177741441,-0.0328694614,-0.0001771569219,0.07604025558,1.010217271,8.478032261e-06,-1.64347307,-0.07604025558,-8.478032261e-06,-1.719698961,-1.719698961,0.0005053958226,-0.08598494803,1.917475985e-06,-0,1.438106989e-06,4.793689962e-07,-1.917475985e-06,-0.08598494803,1.917475985e-06,-0,1.438106989e-06,4.793689962e-07,-1.917475985e-06,-0.08598494803,0,0,0,0,0,0
13.33,0,1,6.040049352e-05,3.691141271e-05,1.24635939e-05,0.0001411741694,3.187803825e-05,0.01021679142,0,0,0,0,0,0,0.009686129938,0,0,0.0005306614788,0.006343506117,0.03283985294,11.9762223,-0,0.1177686376,-0.03283985294,0.0004359421449,0.07597123942,1.010216791,8.456579728e-06,-1.641992647,-0.07597123942,-8.456579728e-06,-1.717536401,-1.717536401,0.0005045718353,-0.08587682005,-4.793689962e-07,2.396844981e-06,-9.587379924e-07,1.438106989e-06,-3.355582973e-06,-0.08587682005,-4.793689962e-07,2.396844981e-06,-9.587379924e-07,1.438106989e-06,-3.355582973e-06,-0.08587682005,0,0,0,0,0,0
13.34,0,1,6.040049352e-05,3.76304662e-05,1.174454041e-05,0.0001421329074,3.163835375e-05,0.01021751047,0,0,0,0,0,0,0.009686129938,0,0,0.0005313805323,0.006352117684,0.03288426559,11.97628377,-0,0.1177768974,-0.03288426559,-0.0005154264741,0.07607476393,1.01021751,8.454252131e-06,-1.64421328,-0.07607476393,-8.454252131e-06,-1.720811924,-1.720811924,0.0005037545434,-0.08604059621,-4.793689962e-07,9.587379924e-07,4.793689962e-07,-4.793689962e-07,-2.876213977e-06,-0.08604059621,-4.793689962e-07,9.587379924e-07,4.793689962e-07,-4.793689962e-07,-2.876213977e-06,-0.08604059621,0,0,0,0,0,0
13.35,0,1,6.087986252e-05,3.83495197e-05,1.22239094e-05,0.0001414138539,3.139866925e-05,0.01021775015,0,0,0,0,0,0,0.009686129938,0,0,0.0005316202168,0.006354988216,0.03289906976,11.97630426,-0,0.1177796506,-0.03289906976,-0.0007028230205,0.07610927245,1.01021775,8.444897437e-06,-1.644953488,-0.07610927245,-8.444897437e-06,-1.721774028,-1.721774028,0.0005029724982,-0.08608870141,-1.438106989e-06,-4.793689962e-07,-4.793689962e-07,9.587379924e-07,-2.396844981e-06,-0.08608870141,-1.438106989e-06,-4.793689962e-07,-4.793689962e-07,9.587379924e-07,-2.396844981e-06,-0.08608870141,0,0,0,0,0,0
13.36,0,1,6.087986252e-05,3.667172821e-05,1.174454041e-05,0.0001411741694,3.211772275e-05,0.01021894858,0,0,0.001047197551,0,0,0,0.009686129938,0,0,0.0005328186393,0.00636934095,0.03297309017,11.97640672,-0,0.1177934169,-0.03297309017,-0.002082971401,0.07628181779,1.010218949,8.45098418e-06,-1.648654509,-0.07628181779,-8.45098418e-06,-1.727027749,-1.727027749,0.0005022089055,-0.08635138743,-1.438106989e-06,2.876213977e-06,-0.0001042403861,1.438106989e-06,-3.83495197e-06,-0.08635138743,-1.438106989e-06,2.876213977e-06,-0.0001042403861,1.438106989e-06,-3.83495197e-06,-0.08635138743,0,0,0,0,0,0
13.37,0,1,6.159891601e-05,3.667172821e-05,1.22239094e-05,0.0001404551159,3.139866925e-05,0.01021846921,0,0,0,0,0,0,0.009686129938,0,0,0.0005323392703,0.006363599841,0.03294348208,11.97636574,-0,0.1177879104,-0.03294348208,-0.001336306489,0.07621279911,1.010218469,8.430881162e-06,-1.647174104,-0.07621279911,-8.430881162e-06,-1.724731641,-1.724731641,0.0005014647644,-0.08623658203,-2.876213977e-06,2.876213977e-06,-4.793689962e-07,2.876213977e-06,-2.396844981e-06,-0.08623658203,-2.876213977e-06,2.876213977e-06,-4.793689962e-07,2.876213977e-06,-2.396844981e-06,-0.08623658203,0,0,0,0,0,0
13.38,0,1,6.183860051e-05,3.643204371e-05,1.27032784e-05,0.0001411741694,3.163835375e-05,0.01021775015,0,0,0,0,0,0,0.009686129938,0,0,0.0005316202168,0.006354988216,0.03289906976,11.97630426,-0,0.1177796506,-0.03289906976,-0.000385916248,0.07610927245,1.01021775,8.407087562e-06,-1.644953488,-0.07610927245,-8.407087562e-06,-1.721457084,-1.721457084,0.0005007242762,-0.08607285418,-3.355582973e-06,3.355582973e-06,-1.438106989e-06,1.438106989e-06,-2.876213977e-06,-0.08607285418,-3.355582973e-06,3.355582973e-06,-1.438106989e-06,1.438106989e-06,-2.876213977e-06,-0.08607285418,0,0,0,0,0,0
13.39,0,1,6.040049352e-05,3.595267472e-05,1.174454041e-05,0.0001411741694,3.139866925e-05,0.01021751047,0,0,0,0,0,0,0.009686129938,0,0,0.0005313805323,0.006352117684,0.03288426559,11.97628377,-0,0.1177768974,-0.03288426559,-0.0002118930344,0.07607476393,1.01021751,8.39071519e-06,-1.64421328,-0.07607476393,-8.39071519e-06,-1.720508327,-1.720508327,0.0004999748555,-0.08602541636,-4.793689962e-07,4.314320966e-06,4.793689962e-07,1.438106989e-06,-2.396844981e-06,-0.08602541636,-4.793689962e-07,4.314320966e-06,4.793689962e-07,1.438106989e-06,-2.396844981e-06,-0.08602541636,0,0,0,0,0,0
13.4,0,1,5.944175553e-05,3.595267472e-05,1.198422491e-05,0.0001409344849,3.163835375e-05,0.01021775015,0,0,0,0,0,0,0.009686129938,0,0,0.0005316202168,0.006354988216,0.03289906976,11.97630426,-0,0.1177796506,-0.03289906976,-0.0005161780181,0.07610927245,1.01021775,8.382329868e-06,-1.644953488,-0.07610927245,-8.382329868e-06,-1.721587321,-1.721587321,0.0004992521531,-0.08607936603,1.438106989e-06,4.314320966e-06,-0,1.917475985e-06,-2.876213977e-06,-0.08607936603,1.438106989e-06,4.314320966e-06,-0,1.917475985e-06,-2.876213977e-06,-0.08607936603,0,0,0,0,0,0
13.41,0,1,6.016080902e-05,3.715109721e-05,1.174454041e-05,0.0001406948004,3.187803825e-05,0.01021798984,0,0,0,0,0,0,0.009686129938,0,0,0.0005318599013,0.006357858753,0.03291387389,11.97632475,-0,0.1177824039,-0.03291387389,-0.000797523351,0.07614378116,1.01021799,8.37420054e-06,-1.645693695,-0.07614378116,-8.37420054e-06,-1.722643373,-1.722643373,0.0004985453175,-0.08613216866,-0,1.917475985e-06,4.793689962e-07,2.396844981e-06,-3.355582973e-06,-0.08613216866,-0,1.917475985e-06,4.793689962e-07,2.396844981e-06,-3.355582973e-06,-0.08613216866,0,0,0,0,0,0
13.42,0,1,6.016080902e-05,3.73907817e-05,1.126517141e-05,0.0001414138539,3.139866925e-05,0.01021775015,0,0,0,0,0,0,0.009686129938,0,0,0.0005316202168,0.006354988216,0.03289906976,11.97630426,-0,0.1177796506,-0.03289906976,-0.0004439249781,0.07610927245,1.01021775,8.358853625e-06,-1.644953488,-0.07610927245,-8.358853625e-06,-1.721515044,-1.721515044,0.0004978562266,-0.0860757522,-0,1.438106989e-06,1.438106989e-06,9.587379924e-07,-2.396844981e-06,-0.0860757522,-0,1.438106989e-06,1.438106989e-06,9.587379924e-07,-2.396844981e-06,-0.0860757522,0,0,0,0,0,0
13.43,0,1,6.064017802e-05,3.715109721e-05,1.198422491e-05,0.0001418932229,3.139866925e-05,0.01021751047,0,0,0,0,0,0,0.009686129938,0,0,0.0005313805323,0.006352117684,0.03288426559,11.97628377,-0,0.1177768974,-0.03288426559,-0.0001644359148,0.07607476393,1.01021751,8.343575117e-06,-1.64421328,-0.07607476393,-8.343575117e-06,-1.720460823,-1.720460823,0.0004971705852,-0.08602304115,-9.587379924e-07,1.917475985e-06,-0,-0,-2.396844981e-06,-0.08602304115,-9.587379924e-07,1.917475985e-06,-0,-0,-2.396844981e-06,-0.08602304115,0,0,0,0,0,0
13.44,0,1,6.016080902e-05,3.76304662e-05,1.22239094e-05,0.0001414138539,3.139866925e-05,0.01021798984,0,0,0,0,0,0,0.009686129938,0,0,0.0005318599013,0.006357858753,0.03291387389,11.97632475,-0,0.1177824039,-0.03291387389,-0.0007740876303,0.07614378116,1.01021799,8.339776937e-06,-1.645693695,-0.07614378116,-8.339776937e-06,-1.722619903,-1.722619903,0.000496499369,-0.08613099516,-0,9.587379924e-07,-4.793689962e-07,9.587379924e-07,-2.396844981e-06,-0.08613099516,-0,9.587379924e-07,-4.793689962e-07,9.587379924e-07,-2.396844981e-06,-0.08613099516,0,0,0,0,0,0
13.45,0,1,6.040049352e-05,3.73907817e-05,1.150485591e-05,0.0001414138539,3.115898475e-05,0.01021918826,0,0,0,0,0,0,0.009686129938,0,0,0.0005330583238,0.006372211511,0.03298789417,11.97642722,-0,0.1177961701,-0.03298789417,-0.002120800137,0.07631632739,1.010219188,8.348678765e-06,-1.649394709,-0.07631632739,-8.348678765e-06,-1.727840185,-1.727840185,0.0004959176028,-0.08639200924,-4.793689962e-07,1.438106989e-06,9.587379924e-07,9.587379924e-07,-1.917475985e-06,-0.08639200924,-4.793689962e-07,1.438106989e-06,9.587379924e-07,9.587379924e-07,-1.917475985e-06,-0.08639200924,0,0,0,0,0,0
13.46,0,1,6.111954702e-05,3.667172821e-05,1.198422491e-05,0.0001416535384,3.187803825e-05,0.01021846921,0,0,0,0,0,0,0.009686129938,0,0,0.0005323392703,0.006363599841,0.03294348208,11.97636574,-0,0.1177879104,-0.03294348208,-0.001027637863,0.07621279911,1.010218469,8.327036428e-06,-1.647174104,-0.07621279911,-8.327036428e-06,-1.724422868,-1.724422868,0.0004952983611,-0.08622114341,-1.917475985e-06,2.876213977e-06,-0,4.793689962e-07,-3.355582973e-06,-0.08622114341,-1.917475985e-06,2.876213977e-06,-0,4.793689962e-07,-3.355582973e-06,-0.08622114341,0,0,0,0,0,0
13.47,0,1,6.040049352e-05,3.76304662e-05,1.102548691e-05,0.0001409344849,3.091930026e-05,0.01021751047,0,0,0,0,0,0,0.009686129938,0,0,0.0005313805323,0.006352117684,0.03288426559,11.97628377,-0,0.1177768974,-0.03288426559,0.0002772686429,0.07607476393,1.01021751,8.301754446e-06,-1.64421328,-0.07607476393,-8.301754446e-06,-1.720019077,-1.720019077,0.0004946827556,-0.08600095383,-4.793689962e-07,9.587379924e-07,1.917475985e-06,1.917475985e-06,-1.438106989e-06,-0.08600095383,-4.793689962e-07,9.587379924e-07,1.917475985e-06,1.917475985e-06,-1.438106989e-06,-0.08600095383,0,0,0,0,0,0
13.48,0,1,6.087986252e-05,3.85892042e-05,1.198422491e-05,0.0001411741694,3.139866925e-05,0.01021751047,0,0,0,0,0,0,0.009686129938,0,0,0.0005313805323,0.006352117684,0.03288426559,11.97628377,-0,0.1177768974,-0.03288426559,0.0002906337187,0.07607476393,1.01021751,8.291430456e-06,-1.64421328,-0.07607476393,-8.291430456e-06,-1.720005701,-1.720005701,0.0004940686017,-0.08600028506,-1.438106989e-06,-9.587379924e-07,-0,1.438106989e-06,-2.396844981e-06,-0.08600028506,-1.438106989e-06,-9.587379924e-07,-0,1.438106989e-06,-2.396844981e-06,-0.08600028506,0,0,0,0,0,0
13.49,0,1,6.087986252e-05,3.73907817e-05,1.22239094e-05,0.0001428519609,3.163835375e-05,0.01021870889,0,0,0,0,0,0,0.009686129938,0,0,0.0005325789548,0.006366470393,0.03295828614,11.97638623,-0,0.1177906636,-0.03295828614,-0.001077983574,0.07624730836,1.010218709,8.300187253e-06,-1.647914307,-0.07624730836,-8.300187253e-06,-1.725247899,-1.725247899,0.0004934831571,-0.08626239496,-1.438106989e-06,1.438106989e-06,-4.793689962e-07,-1.917475985e-06,-2.876213977e-06,-0.08626239496,-1.438106989e-06,1.438106989e-06,-4.793689962e-07,-1.917475985e-06,-2.876213977e-06,-0.08626239496,0,0,0,0,0,0
13.5,0,1,6.064017802e-05,3.73907817e-05,1.22239094e-05,0.0001409344849,3.163835375e-05,0.01021751047,0,0,0,0,0,0,0.009686129938,0,0,0.0005313805323,0.006352117684,0.03288426559,11.97628377,-0,0.1177768974,-0.03288426559,0.0004527495773,0.07607476393,1.01021751,8.271711424e-06,-1.64421328,-0.07607476393,-8.271711424e-06,-1.719843566,-1.719843566,0.0004928955552,-0.08599217828,-9.587379924e-07,1.438106989e-06,-4.793689962e-07,1.917475985e-06,-2.876213977e-06,-0.08599217828,-9.587379924e-07,1.438106989e-06,-4.793689962e-07,1.917475985e-06,-2.876213977e-06,-0.08599217828,0,0,0,0,0,0
13.51,0,1,6.040049352e-05,3.715109721e-05,1.27032784e-05,0.0001409344849,3.139866925e-05,0.01021775015,0,0,0,0,0,0,0.009686129938,0,0,0.0005316202168,0.006354988216,0.03289906976,11.97630426,-0,0.1177796506,-0.03289906976,0.0001664182567,0.07610927245,1.01021775,8.265720886e-06,-1.644953488,-0.07610927245,-8.265720886e-06,-1.720904608,-1.720904608,0.0004923184385,-0.08604523038,-4.793689962e-07,1.917475985e-06,-1.438106989e-06,1.917475985e-06,-2.396844981e-06,-0.08604523038,-4.793689962e-07,1.917475985e-06,-1.438106989e-06,1.917475985e-06,-2.396844981e-06,-0.08604523038,0,0,0,0,0,0
13.52,0,1,6.040049352e-05,3.691141271e-05,1.22239094e-05,0.0001406948004,3.163835375e-05,0.01021751047,0,0,0,0,0,0,0.009686129938,0,0,0.0005313805323,0.006352117684,0.03288426559,11.97628377,-0,0.1177768974,-0.03288426559,0.0004407187806,0.07607476393,1.01021751,8.252394334e-06,-1.64421328,-0.07607476393,-8.252394334e-06,-1.719855577,-1.719855577,0.0004917464195,-0.08599277886,-4.793689962e-07,2.396844981e-06,-4.793689962e-07,2.396844981e-06,-2.876213977e-06,-0.08599277886,-4.793689962e-07,2.396844981e-06,-4.793689962e-07,2.396844981e-06,-2.876213977e-06,-0.08599277886,0,0,0,0,0,0
13.53,0,1,6.040049352e-05,3.691141271e-05,1.174454041e-05,0.0001409344849,3.163835375e-05,0.01021679142,0,0,0,0,0,0,0.009686129938,0,0,0.0005306614788,0.006343506117,0.03283985294,11.9762223,-0,0.1177686376,-0.03283985294,0.001161591908,0.07597123942,1.010216791,8.231471589e-06,-1.641992647,-0.07597123942,-8.231471589e-06,-1.716810526,-1.716810526,0.0004911624648,-0.08584052631,-4.793689962e-07,2.396844981e-06,4.793689962e-07,1.917475985e-06,-2.876213977e-06,-0.08584052631,-4.793689962e-07,2.396844981e-06,4.793689962e-07,1.917475985e-06,-2.876213977e-06,-0.08584052631,0,0,0,0,0,0
13.54,0,1,6.040049352e-05,3.691141271e-05,1.198422491e-05,0.0001414138539,3.139866925e-05,0.01021798984,0,0,0,0,0,0,0.009686129938,0,0,0.0005318599013,0.006357858753,0.03291387389,11.97632475,-0,0.1177824039,-0.03291387389,-0.0004196197554,0.07614378116,1.01021799,8.240507286e-06,-1.645693695,-0.07614378116,-8.240507286e-06,-1.722265336,-1.722265336,0.0004905993303,-0.0861132668,-4.793689962e-07,2.396844981e-06,-0,9.587379924e-07,-2.396844981e-06,-0.0861132668,-4.793689962e-07,2.396844981e-06,-0,9.587379924e-07,-2.396844981e-06,-0.0861132668,0,0,0,0,0,0
13.55,0,1,6.040049352e-05,3.83495197e-05,1.174454041e-05,0.0001411741694,3.139866925e-05,0.01021775015,0,0,0,0,0,0,0.009686129938,0,0,0.0005316202168,0.006354988216,0.03289906976,11.97630426,-0,0.1177796506,-0.03289906976,-7.95403654e-05,0.07610927245,1.01021775,8.227731093e-06,-1.644953488,-0.07610927245,-8.227731093e-06,-1.721150528,-1.721150528,0.0004900595184,-0.08605752642,-4.793689962e-07,-4.793689962e-07,4.793689962e-07,1.438106989e-06,-2.396844981e-06,-0.08605752642,-4.793689962e-07,-4.793689962e-07,4.793689962e-07,1.438106989e-06,-2.396844981e-06,-0.08605752642,0,0,0,0,0,0
13.56,0,1,6.064017802e-05,3.81098352e-05,1.126517141e-05,0.0001411741694,3.139866925e-05,0.01021775015,0,0,0,0,0,0,0.009686129938,0,0,0.0005316202168,0.006354988216,0.03289906976,11.97630426,-0,0.1177796506,-0.03289906976,-8.768253052e-05,0.07610927245,1.01021775,8.218716345e-06,-1.644953488,-0.07610927245,-8.218716345e-06,-1.721158661,-1.721158661,0.0004895234903,-0.08605793307,-9.587379924e-07,-0,1.438106989e-06,1.438106989e-06,-2.396844981e-06,-0.08605793307,-9.587379924e-07,-0,1.438106989e-06,1.438106989e-06,-2.396844981e-06,-0.08605793307,0,0,0,0,0,0
13.57,0,1,6.111954702e-05,3.83495197e-05,1.102548691e-05,0.0001406948004,3.139866925e-05,0.01021822952,0,0,0,0,0,0,0.009686129938,0,0,0.0005320995858,0.006360729295,0.032928678,11.97634525,-0,0.1177851571,-0.032928678,-0.000648364618,0.07617829005,1.01021823,8.217346079e-06,-1.6464339,-0.07617829005,-8.217346079e-06,-1.723268772,-1.723268772,0.0004890036987,-0.0861634386,-1.917475985e-06,-4.793689962e-07,1.917475985e-06,2.396844981e-06,-2.396844981e-06,-0.0861634386,-1.917475985e-06,-4.793689962e-07,1.917475985e-06,2.396844981e-06,-2.396844981e-06,-0.0861634386,0,0,0,0,0,0
13.58,0,1,6.231796951e-05,3.85892042e-05,1.150485591e-05,0.0001416535384,3.187803825e-05,0.01021775015,0,0,0,0,0,0,0.009686129938,0,0,0.0005316202168,0.006354988216,0.03289906976,11.97630426,-0,0.1177796506,-0.03289906976,4.030610852e-05,0.07610927245,1.01021775,8.201512154e-06,-1.644953488,-0.07610927245,-8.201512154e-06,-1.721030656,-1.721030656,0.0004885005078,-0.08605153278,-4.314320966e-06,-9.587379924e-07,9.587379924e-07,4.793689962e-07,-3.355582973e-06,-0.08605153278,-4.314320966e-06,-9.587379924e-07,9.587379924e-07,4.793689962e-07,-3.355582973e-06,-0.08605153278,0,0,0,0,0,0
13.59,0,1,6.087986252e-05,3.81098352e-05,1.102548691e-05,0.0001414138539,3.163835375e-05,0.01021798984,0,0,0,0,0,0,0.009686129938,0,0,0.0005318599013,0.006357858753,0.03291387389,11.97632475,-0,0.1177824039,-0.03291387389,-0.0002282677343,0.07614378116,1.01021799,8.1967924e-06,-1.645693695,-0.07614378116,-8.1967924e-06,-1.72207394,-1.72207394,0.0004880011594,-0.08610369701,-1.438106989e-06,-0,1.917475985e-06,9.587379924e-07,-2.876213977e-06,-0.08610369701,-1.438106989e-06,-0,1.917475985e-06,9.587379924e-07,-2.876213977e-06,-0.08610369701,0,0,0,0,0,0
13.6,0,1,6.087986252e-05,3.715109721e-05,1.198422491e-05,0.0001421329074,3.139866925e-05,0.01021775015,0,0,0,0,0,0,0.009686129938,0,0,0.0005316202168,0.006354988216,0.03289906976,11.97630426,-0,0.1177796506,-0.03289906976,3.138651045e-05,0.07610927245,1.01021775,8.184716263e-06,-1.644953488,-0.07610927245,-8.184716263e-06,-1.721039558,-1.721039558,0.0004875018033,-0.08605197792,-1.438106989e-06,1.917475985e-06,-0,-4.793689962e-07,-2.396844981e-06,-0.08605197792,-1.438106989e-06,1.917475985e-06,-0,-4.793689962e-07,-2.396844981e-06,-0.08605197792,0,0,0,0,0,0
13.61,0,1,6.064017802e-05,3.81098352e-05,1.198422491e-05,0.0001414138539,3.187803825e-05,0.01021751047,0,0,0,0,0,0,0.009686129938,0,0,0.0005313805323,0.006352117684,0.03288426559,11.97628377,-0,0.1177768974,-0.03288426559,0.0003142259568,0.07607476393,1.01021751,8.173748515e-06,-1.64421328,-0.07607476393,-8.173748515e-06,-1.719981991,-1.719981991,0.0004870679342,-0.08599909957,-9.587379924e-07,-0,-0,9.587379924e-07,-3.355582973e-06,-0.08599909957,-9.587379924e-07,-0,-0,9.587379924e-07,-3.355582973e-06,-0.08599909957,0,0,0,0,0,0
13.62,0,1,6.040049352e-05,3.83495197e-05,1.102548691e-05,0.0001411741694,3.139866925e-05,0.01021775015,0,0,0,0,0,0,0.009686129938,0,0,0.0005316202168,0.006354988216,0.03289906976,11.97630426,-0,0.1177796506,-0.03289906976,5.514183524e-05,0.07610927245,1.01021775,8.169464098e-06,-1.644953488,-0.07610927245,-8.169464098e-06,-1.721015788,-1.721015788,0.0004865948907,-0.08605078939,-4.793689962e-07,-4.793689962e-07,1.917475985e-06,1.438106989e-06,-2.396844981e-06,-0.08605078939,-4.793689962e-07,-4.793689962e-07,1.917475985e-06,1.438106989e-06,-2.396844981e-06,-0.08605078939,0,0,0,0,0,0
13.63,0,1,6.159891601e-05,3.76304662e-05,1.174454041e-05,0.0001411741694,3.139866925e-05,0.0102170311,0,0,0,0,0,0,0.009686129938,0,0,0.0005309011633,0.006346376634,0.03285465719,11.97624279,-0,0.1177713909,-0.03285465719,0.0009586666962,0.07600574741,1.010217031,8.150571909e-06,-1.642732859,-0.07600574741,-8.150571909e-06,-1.717788091,-1.717788091,0.0004861251275,-0.08588940453,-2.876213977e-06,9.587379924e-07,4.793689962e-07,1.438106989e-06,-2.396844981e-06,-0.08588940453,-2.876213977e-06,9.587379924e-07,4.793689962e-07,1.438106989e-06,-2.396844981e-06,-0.08588940453,0,0,0,0,0,0
13.64,0,1,6.040049352e-05,3.78701507e-05,1.174454041e-05,0.0001414138539,3.115898475e-05,0.0102170311,0,0,0,0,0,0,0.009686129938,0,0,0.0005309011633,0.006346376634,0.03285465719,11.97624279,-0,0.1177713909,-0.03285465719,0.0009396608063,0.07600574741,1.010217031,8.142785887e-06,-1.642732859,-0.07600574741,-8.142785887e-06,-1.717807089,-1.717807089,0.0004856615345,-0.08589035444,-4.793689962e-07,4.793689962e-07,4.793689962e-07,9.587379924e-07,-1.917475985e-06,-0.08589035444,-4.793689962e-07,4.793689962e-07,4.793689962e-07,9.587379924e-07,-1.917475985e-06,-0.08589035444,0,0,0,0,0,0
13.65,0,1,6.064017802e-05,3.76304662e-05,1.126517141e-05,0.0001426122764,3.187803825e-05,0.01021775015,0,0,0,0,0,0,0.009686129938,0,0,0.0005316202168,0.006354988216,0.03289906976,11.97630426,-0,0.1177796506,-0.03289906976,-2.486037221e-05,0.07610927245,1.01021775,8.146010473e-06,-1.644953488,-0.07610927245,-8.146010473e-06,-1.721095767,-1.721095767,0.0004852003091,-0.08605478833,-9.587379924e-07,9.587379924e-07,1.438106989e-06,-1.438106989e-06,-3.355582973e-06,-0.08605478833,-9.587379924e-07,9.587379924e-07,1.438106989e-06,-1.438106989e-06,-3.355582973e-06,-0.08605478833,0,0,0,0,0,0
13.66,0,1,6.159891601e-05,3.73907817e-05,1.150485591e-05,0.0001428519609,3.115898475e-05,0.01021727079,0,0,0,0.001047197551,0,0.001047197551,0.009686129938,0,0,0.0005311408478,0.006349247156,0.03391665895,11.97626328,-0,0.1177741441,-0.0328694614,0.0005029556166,0.07604025558,1.011264742,8.407491134e-06,-1.695832948,-0.07604025558,-8.407491134e-06,-1.771378655,-1.771378655,0.0004847996402,-0.08856893276,-2.876213977e-06,1.438106989e-06,9.587379924e-07,-0.0001066372311,-1.917475985e-06,-0.08856893276,-2.876213977e-06,1.438106989e-06,9.587379924e-07,-0.0001066372311,-1.917475985e-06,-0.08856893276,0,0,0,0,0,0
13.67,0,1,6.087986252e-05,3.691141271e-05,1.22239094e-05,0.0001418932229,3.163835375e-05,0.01021775015,0,-0.001047197551,0,0,0,0,0.009686129938,0,0,0.0005316202168,0.006354988216,0.03289906976,11.97630426,-0,0.1177796506,-0.03289906976,-9.40492776e-05,0.07610927245,1.01021775,8.13187303e-06,-1.644953488,-0.07610927245,-8.13187303e-06,-1.721164941,-1.721164941,0.0004843596792,-0.08605824707,-1.438106989e-06,0.0001071166001,-4.793689962e-07,-0,-2.876213977e-06,-0.08605824707,-1.438106989e-06,0.0001071166001,-4.793689962e-07,-0,-2.876213977e-06,-0.08605824707,0,0,0,0,0,0
13.68,0,1,6.040049352e-05,3.643204371e-05,1.150485591e-05,0.0001418932229,3.139866925e-05,0.01021775015,0,0,0,-0.001047197551,0,0,0.009686129938,0,0,0.0005316202168,0.006354988216,0.03289906976,11.97630426,-0,0.1177796506,-0.03289906976,-0.0001391995615,0.07610927245,1.01021775,8.124493798e-06,-1.644953488,-0.07610927245,-8.124493798e-06,-1.721210084,-1.721210084,0.000483920901,-0.08606050421,-4.793689962e-07,3.355582973e-06,9.587379924e-07,0.0001047197551,-2.396844981e-06,-0.08606050421,-4.793689962e-07,3.355582973e-06,9.587379924e-07,0.0001047197551,-2.396844981e-06,-0.08606050421,0,0,0,0,0,0
13.69,0,1,6.135923152e-05,3.667172821e-05,1.22239094e-05,0.0001409344849,3.163835375e-05,0.01021775015,0,0,0,0,0,0,0.009686129938,0,0,0.0005316202168,0.006354988216,0.03289906976,11.97630426,-0,0.1177796506,-0.03289906976,-0.0001530118168,0.07610927245,1.01021775,8.117296256e-06,-1.644953488,-0.07610927245,-8.117296256e-06,-1.721223889,-1.721223889,0.0004834929262,-0.08606119447,-2.396844981e-06,2.876213977e-06,-4.793689962e-07,1.917475985e-06,-2.876213977e-06,-0.08606119447,-2.396844981e-06,2.876213977e-06,-4.793689962e-07,1.917475985e-06,-2.876213977e-06,-0.08606119447,0,0,0,0,0,0
13.7,0,1,6.064017802e-05,3.73907817e-05,1.22239094e-05,0.0001414138539,3.163835375e-05,0.01021822952,0,0,0,0,0,0,0.009686129938,0,0,0.0005320995858,0.006360729295,0.032928678,11.97634525,-0,0.1177851571,-0.032928678,-0.0006836608899,0.07617829005,1.01021823,8.117696033e-06,-1.6464339,-0.07617829005,-8.117696033e-06,-1.723303969,-1.723303969,0.0004830837169,-0.08616519843,-9.587379924e-07,1.438106989e-06,-4.793689962e-07,9.587379924e-07,-2.876213977e-06,-0.08616519843,-9.587379924e-07,1.438106989e-06,-4.793689962e-07,9.587379924e-07,-2.876213977e-06,-0.08616519843,0,0,0,0,0,0
13.71,0,1,5.992112453e-05,3.81098352e-05,1.174454041e-05,0.0001411741694,3.163835375e-05,0.01021655173,0,0,0,0,0,0,0.009686129938,0,0,0.0005304217943,0.006340635604,0.03282504867,11.97620181,-0,0.1177658843,-0.03282504867,0.001408081647,0.07593673162,1.010216552,8.085290982e-06,-1.641252434,-0.07593673162,-8.085290982e-06,-1.715789169,-1.715789169,0.0004826713962,-0.08578945845,4.793689962e-07,-0,4.793689962e-07,1.438106989e-06,-2.876213977e-06,-0.08578945845,4.793689962e-07,-0,4.793689962e-07,1.438106989e-06,-2.876213977e-06,-0.08578945845,0,0,0,0,0,0
13.72,0,1,6.087986252e-05,3.76304662e-05,1.22239094e-05,0.0001416535384,3.187803825e-05,0.01021775015,0,0,0,0,0,0,0.009686129938,0,0,0.0005316202168,0.006354988216,0.03289906976,11.97630426,-0,0.1177796506,-0.03289906976,-0.0001474824052,0.07610927245,1.01021775,8.096596177e-06,-1.644953488,-0.07610927245,-8.096596177e-06,-1.721218339,-1.721218339,0.0004822620739,-0.08606091696,-1.438106989e-06,9.587379924e-07,-4.793689962e-07,4.793689962e-07,-3.355582973e-06,-0.08606091696,-1.438106989e-06,9.587379924e-07,-4.793689962e-07,4.793689962e-07,-3.355582973e-06,-0.08606091696,0,0,0,0,0,0
13.73,0,1,6.087986252e-05,3.691141271e-05,1.054611792e-05,0.0001409344849,3.091930026e-05,0.01021775015,0,0,0,0,0,0,0.009686129938,0,0,0.0005316202168,0.006354988216,0.03289906976,11.97630426,-0,0.1177796506,-0.03289906976,-0.0001657944426,0.07610927245,1.01021775,8.089884208e-06,-1.644953488,-0.07610927245,-8.089884208e-06,-1.721236645,-1.721236645,0.0004818629718,-0.08606183223,-1.438106989e-06,2.396844981e-06,2.876213977e-06,1.917475985e-06,-1.438106989e-06,-0.08606183223,-1.438106989e-06,2.396844981e-06,2.876213977e-06,1.917475985e-06,-1.438106989e-06,-0.08606183223,0,0,0,0,0,0
13.74,0,1,5.968144003e-05,3.691141271e-05,1.22239094e-05,0.0001406948004,3.187803825e-05,0.01021727079,0,0,0,0,0,0,0.009686129938,0,0,0.0005311408478,0.006349247156,0.0328694614,11.97626328,-0,0.1177741441,-0.0328694614,0.0003944082222,0.07604025558,1.010217271,8.075972328e-06,-1.64347307,-0.07604025558,-8.075972328e-06,-1.719126993,-1.719126993,0.0004814672832,-0.08595634967,9.587379924e-07,2.396844981e-06,-4.793689962e-07,2.396844981e-06,-3.355582973e-06,-0.08595634967,9.587379924e-07,2.396844981e-06,-4.793689962e-07,2.396844981e-06,-3.355582973e-06,-0.08595634967,0,0,0,0,0,0
13.75,0,1,5.896238653e-05,3.691141271e-05,1.198422491e-05,0.0001411741694,3.115898475e-05,0.01021751047,0,0,0,0,0,0,0.009686129938,0,0,0.0005313805323,0.006352117684,0.03288426559,11.97628377,-0,0.1177768974,-0.03288426559,3.880379877e-06,0.07607476393,1.01021751,8.073871656e-06,-1.64421328,-0.07607476393,-8.073871656e-06,-1.720292237,-1.720292237,0.000481126456,-0.08601461185,2.396844981e-06,2.396844981e-06,-0,1.438106989e-06,-1.917475985e-06,-0.08601461185,2.396844981e-06,2.396844981e-06,-0,1.438106989e-06,-1.917475985e-06,-0.08601461185,0,0,0,0,0,0
13.76,0,1,5.944175553e-05,3.715109721e-05,1.198422491e-05,0.0001409344849,3.115898475e-05,0.01021751047,0,0,0,0,0,0,0.009686129938,0,0,0.0005313805323,0.006352117684,0.03288426559,11.97628377,-0,0.1177768974,-0.03288426559,-5.031633758e-05,0.07607476393,1.01021751,8.067354981e-06,-1.64421328,-0.07607476393,-8.067354981e-06,-1.720346427,-1.720346427,0.0004807387918,-0.08601732136,1.438106989e-06,1.917475985e-06,-0,1.917475985e-06,-1.917475985e-06,-0.08601732136,1.438106989e-06,1.917475985e-06,-0,1.917475985e-06,-1.917475985e-06,-0.08601732136,0,0,0,0,0,0
13.77,0,1,5.968144003e-05,3.73907817e-05,1.22239094e-05,0.0001418932229,3.139866925e-05,0.01021727079,0,0,0,0,0,0,0.009686129938,0,0,0.0005311408478,0.006349247156,0.0328694614,11.97626328,-0,0.1177741441,-0.0328694614,0.0003465533006,0.07604025558,1.010217271,8.057656685e-06,-1.64347307,-0.07604025558,-8.057656685e-06,-1.71917483,-1.71917483,0.0004803772303,-0.0859587415,9.587379924e-07,1.438106989e-06,-4.793689962e-07,-0,-2.396844981e-06,-0.0859587415,9.587379924e-07,1.438106989e-06,-4.793689962e-07,-0,-2.396844981e-06,-0.0859587415,0,0,0,0,0,0
13.78,0,1,6.064017802e-05,3.83495197e-05,1.198422491e-05,0.0001414138539,3.139866925e-05,0.01021727079,0,0,0,0,0,0,0.009686129938,0,0,0.0005311408478,0.006349247156,0.0328694614,11.97626328,-0,0.1177741441,-0.0328694614,0.0004283304712,0.07604025558,1.010217271,8.05169102e-06,-1.64347307,-0.07604025558,-8.05169102e-06,-1.719093047,-1.719093047,0.0004800221846,-0.08595465235,-9.587379924e-07,-4.793689962e-07,-0,9.587379924e-07,-2.396844981e-06,-0.08595465235,-9.587379924e-07,-4.793689962e-07,-0,9.587379924e-07,-2.396844981e-06,-0.08595465235,0,0,0,0,0,0
13.79,0,1,6.064017802e-05,3.83495197e-05,1.174454041e-05,0.0001414138539,3.139866925e-05,0.01021751047,0,0,0,0,0,0,0.009686129938,0,0,0.0005313805323,0.006352117684,0.03288426559,11.97628377,-0,0.1177768974,-0.03288426559,8.808153801e-05,0.07607476393,1.01021751,8.049210461e-06,-1.64421328,-0.07607476393,-8.049210461e-06,-1.720208011,-1.720208011,0.0004796594099,-0.08601040056,-9.587379924e-07,-4.793689962e-07,4.793689962e-07,9.587379924e-07,-2.396844981e-06,-0.08601040056,-9.587379924e-07,-4.793689962e-07,4.793689962e-07,9.587379924e-07,-2.396844981e-06,-0.08601040056,0,0,0,0,0,0
13.8,0,1,6.087986252e-05,3.667172821e-05,1.198422491e-05,0.0001411741694,3.187803825e-05,0.01021775015,0,0,0,0,0,0.001047197551,0.009686129938,0,0,0.0005316202168,0.006354988216,0.03394626731,11.97630426,-0,0.1177796506,-0.03289906976,-0.0002261284961,0.07610927245,1.011265222,8.320247011e-06,-1.697313365,-0.07610927245,-8.320247011e-06,-1.773657087,-1.773657087,0.0004793614433,-0.08868285433,-1.438106989e-06,2.876213977e-06,-0,1.438106989e-06,-3.355582973e-06,-0.08868285433,-1.438106989e-06,2.876213977e-06,-0,1.438106989e-06,-3.355582973e-06,-0.08868285433,0,0,0,0,0,0
13.81,0,1,6.087986252e-05,3.715109721e-05,1.174454041e-05,0.0001414138539,3.187803825e-05,0.01021798984,0,0,0,0,0,0,0.009686129938,0,0,0.0005318599013,0.006357858753,0.03291387389,11.97632475,-0,0.1177824039,-0.03291387389,-0.0004639540924,0.07614378116,1.01021799,8.045733148e-06,-1.645693695,-0.07614378116,-8.045733148e-06,-1.722309476,-1.722309476,0.0004790230335,-0.08611547378,-1.438106989e-06,1.917475985e-06,4.793689962e-07,9.587379924e-07,-3.355582973e-06,-0.08611547378,-1.438106989e-06,1.917475985e-06,4.793689962e-07,9.587379924e-07,-3.355582973e-06,-0.08611547378,0,0,0,0,0,0
13.82,0,1,5.944175553e-05,3.76304662e-05,1.198422491e-05,0.0001416535384,3.139866925e-05,0.01021751047,0,0,0,0,0,0,0.009686129938,0,0,0.0005313805323,0.006352117684,0.03288426559,11.97628377,-0,0.1177768974,-0.03288426559,0.0002144501909,0.07607476393,1.01021751,8.032986853e-06,-1.64421328,-0.07607476393,-8.032986853e-06,-1.720081626,-1.720081626,0.0004786942994,-0.08600408132,1.438106989e-06,9.587379924e-07,-0,4.793689962e-07,-2.396844981e-06,-0.08600408132,1.438106989e-06,9.587379924e-07,-0,4.793689962e-07,-2.396844981e-06,-0.08600408132,0,0,0,0,0,0
13.83,0,1,6.016080902e-05,3.667172821e-05,1.22239094e-05,0.0001423725919,3.187803825e-05,0.01021798984,0,0,0,0,0,0,0.009686129938,0,0,0.0005318599013,0.006357858753,0.03291387389,11.97632475,-0,0.1177824039,-0.03291387389,-0.00042816002,0.07614378116,1.01021799,8.034534465e-06,-1.645693695,-0.07614378116,-8.034534465e-06,-1.72227367,-1.72227367,0.0004783574457,-0.08611368351,-0,2.876213977e-06,-4.793689962e-07,-9.587379924e-07,-3.355582973e-06,-0.08611368351,-0,2.876213977e-06,-4.793689962e-07,-9.587379924e-07,-3.355582973e-06,-0.08611368351,0,0,0,0,0,0
13.84,0,1,6.064017802e-05,3.667172821e-05,1.24635939e-05,0.0001411741694,3.139866925e-05,0.0102170311,0,0,0,0,0,0,0.009686129938,0,0,0.0005309011633,0.006346376634,0.03285465719,11.97624279,-0,0.1177713909,-0.03285465719,0.0008723053679,0.07600574741,1.010217031,8.014842951e-06,-1.642732859,-0.07600574741,-8.014842951e-06,-1.717874316,-1.717874316,0.0004780435942,-0.08589371581,-9.587379924e-07,2.876213977e-06,-9.587379924e-07,1.438106989e-06,-2.396844981e-06,-0.08589371581,-9.587379924e-07,2.876213977e-06,-9.587379924e-07,1.438106989e-06,-2.396844981e-06,-0.08589371581,0,0,0,0,0,0
13.85,0,1,6.016080902e-05,3.691141271e-05,1.22239094e-05,0.0001416535384,3.115898475e-05,0.01021751047,0,0,0,0,0,0,0.009686129938,0,0,0.0005313805323,0.006352117684,0.03288426559,11.97628377,-0,0.1177768974,-0.03288426559,0.0003047146954,0.07607476393,1.01021751,8.016779507e-06,-1.64421328,-0.07607476393,-8.016779507e-06,-1.719991346,-1.719991346,0.0004777301562,-0.08599956728,-0,2.396844981e-06,-4.793689962e-07,4.793689962e-07,-1.917475985e-06,-0.08599956728,-0,2.396844981e-06,-4.793689962e-07,4.793689962e-07,-1.917475985e-06,-0.08599956728,0,0,0,0,0,0
13.86,0,1,6.040049352e-05,3.667172821e-05,1.198422491e-05,0.0001414138539,3.139866925e-05,0.01021822952,0,0,0,0,0,0,0.009686129938,0,0,0.0005320995858,0.006360729295,0.032928678,11.97634525,-0,0.1177851571,-0.032928678,-0.0005293297874,0.07617829005,1.01021823,8.022475361e-06,-1.6464339,-0.07617829005,-8.022475361e-06,-1.723149542,-1.723149542,0.0004774268742,-0.08615747712,-4.793689962e-07,2.876213977e-06,-0,9.587379924e-07,-2.396844981e-06,-0.08615747712,-4.793689962e-07,2.876213977e-06,-0,9.587379924e-07,-2.396844981e-06,-0.08615747712,0,0,0,0,0,0
13.87,0,1,6.040049352e-05,3.691141271e-05,1.174454041e-05,0.0001416535384,3.139866925e-05,0.01021775015,0,0,0,0,0,0,0.009686129938,0,0,0.0005316202168,0.006354988216,0.03289906976,11.97630426,-0,0.1177796506,-0.03289906976,0.000134433055,0.07610927245,1.01021775,8.010281164e-06,-1.644953488,-0.07610927245,-8.010281164e-06,-1.720936337,-1.720936337,0.0004771296762,-0.08604681687,-4.793689962e-07,2.396844981e-06,4.793689962e-07,4.793689962e-07,-2.396844981e-06,-0.08604681687,-4.793689962e-07,2.396844981e-06,4.793689962e-07,4.793689962e-07,-2.396844981e-06,-0.08604681687,0,0,0,0,0,0
13.88,0,1,6.016080902e-05,3.643204371e-05,1.174454041e-05,0.0001418932229,3.163835375e-05,0.01021751047,0,0,0,0,0,0,0.009686129938,0,0,0.0005313805323,0.006352117684,0.03288426559,11.97628377,-0,0.1177768974,-0.03288426559,0.000324185069,0.07607476393,1.01021751,8.001417786e-06,-1.64421328,-0.07607476393,-8.001417786e-06,-1.71997186,-1.71997186,0.0004768163176,-0.08599859299,-0,3.355582973e-06,4.793689962e-07,-0,-2.876213977e-06,-0.08599859299,-0,3.355582973e-06,4.793689962e-07,-0,-2.876213977e-06,-0.08599859299,0,0,0,0,0,0
13.89,0,1,6.040049352e-05,3.643204371e-05,1.150485591e-05,0.0001411741694,3.115898475e-05,0.01021775015,0,0,0,0,0,0,0.009686129938,0,0,0.0005316202168,0.006354988216,0.03289906976,11.97630426,-0,0.1177796506,-0.03289906976,9.935804033e-05,0.07610927245,1.01021775,8.000220676e-06,-1.644953488,-0.07610927245,-8.000220676e-06,-1.720971402,-1.720971402,0.0004765314672,-0.08604857012,-4.793689962e-07,3.355582973e-06,9.587379924e-07,1.438106989e-06,-1.917475985e-06,-0.08604857012,-4.793689962e-07,3.355582973e-06,9.587379924e-07,1.438106989e-06,-1.917475985e-06,-0.08604857012,0,0,0,0,0,0
13.9,0,1,5.920207103e-05,3.76304662e-05,1.198422491e-05,0.0001414138539,3.187803825e-05,0.01021894858,0,0,0,0,0,0,0.009686129938,0,0,0.0005328186393,0.00636934095,0.03297309017,11.97640672,-0,0.1177934169,-0.03297309017,-0.001245554413,0.07628181779,1.010218949,8.013686422e-06,-1.648654509,-0.07628181779,-8.013686422e-06,-1.726189894,-1.726189894,0.0004762650725,-0.08630949472,1.917475985e-06,9.587379924e-07,-0,9.587379924e-07,-3.355582973e-06,-0.08630949472,1.917475985e-06,9.587379924e-07,-0,9.587379924e-07,-3.355582973e-06,-0.08630949472,0,0,0,0,0,0
13.91,0,1,5.992112453e-05,3.691141271e-05,1.126517141e-05,0.0001423725919,3.115898475e-05,0.01021846921,0,0,0,0,0,0,0.009686129938,0,0,0.0005323392703,0.006363599841,0.03294348208,11.97636574,-0,0.1177879104,-0.03294348208,-0.0006108038551,0.07621279911,1.010218469,8.001865163e-06,-1.647174104,-0.07621279911,-8.001865163e-06,-1.724005709,-1.724005709,0.0004759893686,-0.08620028545,4.793689962e-07,2.396844981e-06,1.438106989e-06,-9.587379924e-07,-1.917475985e-06,-0.08620028545,4.793689962e-07,2.396844981e-06,1.438106989e-06,-9.587379924e-07,-1.917475985e-06,-0.08620028545,0,0,0,0,0,0
13.92,0,1,6.064017802e-05,3.691141271e-05,1.198422491e-05,0.0001409344849,3.187803825e-05,0.01021775015,0.001047197551,0,0,0,0,0,0.009686129938,0,0,0.0005316202168,0.006354988216,0.03289906976,11.97630426,-0,0.1177796506,-0.03289906976,0.0002549037652,0.07610927245,1.01021775,7.986400598e-06,-1.644953488,-0.07610927245,-7.986400598e-06,-1.720815843,-1.720815843,0.0004757097082,-0.08604079214,-0.0001056784931,2.396844981e-06,-0,1.917475985e-06,-3.355582973e-06,-0.08604079214,-0.0001056784931,2.396844981e-06,-0,1.917475985e-06,-3.355582973e-06,-0.08604079214,0,0,0,0,0,0
13.93,0,1,5.944175553e-05,3.667172821e-05,1.102548691e-05,0.0001409344849,3.139866925e-05,0.01021751047,0,0,0,0,0,0,0.009686129938,0,0,0.0005313805323,0.006352117684,0.03288426559,11.97628377,-0,0.1177768974,-0.03288426559,0.0004721975131,0.07607476393,1.01021751,7.978086015e-06,-1.64421328,-0.07607476393,-7.978086015e-06,-1.719823824,-1.719823824,0.0004754283564,-0.08599119121,1.438106989e-06,2.876213977e-06,1.917475985e-06,1.917475985e-06,-2.396844981e-06,-0.08599119121,1.438106989e-06,2.876213977e-06,1.917475985e-06,1.917475985e-06,-2.396844981e-06,-0.08599119121,0,0,0,0,0,0
13.94,0,1,6.040049352e-05,3.78701507e-05,1.198422491e-05,0.0001409344849,3.163835375e-05,0.01021775015,0,0,0,0,0,0,0.009686129938,0,0,0.0005316202168,0.006354988216,0.03289906976,11.97630426,-0,0.1177796506,-0.03289906976,0.0002344256528,0.07610927245,1.01021775,7.977320731e-06,-1.644953488,-0.07610927245,-7.977320731e-06,-1.720836312,-1.720836312,0.0004751698081,-0.08604181559,-4.793689962e-07,4.793689962e-07,-0,1.917475985e-06,-2.876213977e-06,-0.08604181559,-4.793689962e-07,4.793689962e-07,-0,1.917475985e-06,-2.876213977e-06,-0.08604181559,0,0,0,0,0,0
13.95,0,1,6.135923152e-05,3.78701507e-05,1.174454041e-05,0.0001416535384,3.163835375e-05,0.01021822952,0,0,0,0,0,0,0.009686129938,0,0,0.0005320995858,0.006360729295,0.032928678,11.97634525,-0,0.1177851571,-0.032928678,-0.0003642389392,0.07617829005,1.01021823,7.980096518e-06,-1.6464339,-0.07617829005,-7.980096518e-06,-1.722984409,-1.722984409,0.0004749092439,-0.08614922046,-2.396844981e-06,4.793689962e-07,4.793689962e-07,4.793689962e-07,-2.876213977e-06,-0.08614922046,-2.396844981e-06,4.793689962e-07,4.793689962e-07,4.793689962e-07,-2.876213977e-06,-0.08614922046,0,0,0,0,0,0
13.96,0,1,6.135923152e-05,3.73907817e-05,1.27032784e-05,0.0001406948004,3.139866925e-05,0.01021751047,-0.001047197551,0,0,0,0,0,0.009686129938,0,0,0.0005313805323,0.006352117684,0.03288426559,11.97628377,-0,0.1177768974,-0.03288426559,0.0005529044783,0.07607476393,1.01021751,7.965081649e-06,-1.64421328,-0.07607476393,-7.965081649e-06,-1.719743104,-1.719743104,0.0004746547522,-0.08598715521,0.0001023229101,1.438106989e-06,-1.438106989e-06,2.396844981e-06,-2.396844981e-06,-0.08598715521,0.0001023229101,1.438106989e-06,-1.438106989e-06,2.396844981e-06,-2.396844981e-06,-0.08598715521,0,0,0,0,0,0
13.97,0,1,6.087986252e-05,3.73907817e-05,1.198422491e-05,0.0001414138539,3.187803825e-05,0.01021775015,0,0,0,0,0,0,0.009686129938,0,0,0.0005316202168,0.006354988216,0.03289906976,11.97630426,-0,0.1177796506,-0.03289906976,0.0002029763459,0.07610927245,1.01021775,7.964319109e-06,-1.644953488,-0.07610927245,-7.964319109e-06,-1.720867748,-1.720867748,0.0004743967155,-0.08604338741,-1.438106989e-06,1.438106989e-06,-0,9.587379924e-07,-3.355582973e-06,-0.08604338741,-1.438106989e-06,1.438106989e-06,-0,9.587379924e-07,-3.355582973e-06,-0.08604338741,0,0,0,0,0,0
13.98,0,1,6.135923152e-05,3.76304662e-05,1.174454041e-05,0.0001418932229,3.091930026e-05,0.01021751047,0,0,0,0,0,0,0.009686129938,0,0,0.0005313805323,0.006352117684,0.03288426559,11.97628377,-0,0.1177768974,-0.03288426559,0.0004756284562,0.07607476393,1.01021751,7.956508425e-06,-1.64421328,-0.07607476393,-7.956508425e-06,-1.719820372,-1.719820372,0.0004741447479,-0.08599101858,-2.396844981e-06,9.587379924e-07,4.793689962e-07,-0,-1.438106989e-06,-0.08599101858,-2.396844981e-06,9.587379924e-07,4.793689962e-07,-0,-1.438106989e-06,-0.08599101858,0,0,0,0,0,0
13.99,0,1,6.064017802e-05,3.78701507e-05,1.22239094e-05,0.0001414138539,3.163835375e-05,0.01021751047,0,0,0,0,0,0,0.009686129938,0,0,0.0005313805323,0.006352117684,0.03288426559,11.97628377,-0,0.1177768974,-0.03288426559,0.000383451282,0.07607476393,1.01021751,7.952198845e-06,-1.64421328,-0.07607476393,-7.952198845e-06,-1.719912544,-1.719912544,0.0004738883794,-0.08599562722,-9.587379924e-07,4.793689962e-07,-4.793689962e-07,9.587379924e-07,-2.876213977e-06,-0.08599562722,-9.587379924e-07,4.793689962e-07,-4.793689962e-07,9.587379924e-07,-2.876213977e-06,-0.08599562722,0,0,0,0,0,0
14,0,1,6.135923152e-05,3.78701507e-05,1.174454041e-05,0.0001418932229,3.163835375e-05,0.01021846921,0,0,0,0,0,0,0.009686129938,0,0,0.0005323392703,0.006363599841,0.03294348208,11.97636574,-0,0.1177879104,-0.03294348208,-0.0008520506293,0.07621279911,1.010218469,7.962332865e-06,-1.647174104,-0.07621279911,-7.962332865e-06,-1.724246916,-1.724246916,0.0004736419016,-0.08621234581,-2.396844981e-06,4.793689962e-07,4.793689962e-07,-0,-2.876213977e-06,-0.08621234581,-2.396844981e-06,4.793689962e-07,4.793689962e-07,-0,-2.876213977e-06,-0.08621234581,0,0,0,0,0,0
14.01,0,0.9997532802,6.040049352e-05,3.76304662e-05,1.22239094e-05,0.0001416535384,3.163835375e-05,0.01021751047,0,0,0,0,0,0,0.009686129938,0,0,0.0005313805323,0.006352117684,0.03288426559,11.97628377,-0,0.1177768974,-0.03288426559,0.0003187328782,0.07607476393,1.01021751,7.943971353e-06,-1.64421328,-0.07607476393,-7.943971353e-06,-1.719977255,-1.719977255,0.0004733989421,-0.08599886273,-4.793689962e-07,9.587379924e-07,-4.793689962e-07,4.793689962e-07,-2.876213977e-06,-0.08599886273,-4.792507264e-07,9.585014528e-07,-4.792507264e-07,4.792507264e-07,-2.875504358e-06,-0.08597764511,0,0,0,0,0,0
14.02,0,0.9990133642,5.968144003e-05,3.83495197e-05,1.174454041e-05,0.0001416535384,3.139866925e-05,0.01021727079,0,0,0,0,0,0,0.009686129938,0,0,0.0005311408478,0.006349247156,0.0328694614,11.97626328,-0,0.1177741441,-0.0328694614,0.0005914020481,0.07604025558,1.010217271,7.937315268e-06,-1.64347307,-0.07604025558,-7.937315268e-06,-1.718929861,-1.718929861,0.0004732151281,-0.08594649305,9.587379924e-07,-4.793689962e-07,4.793689962e-07,4.793689962e-07,-2.396844981e-06,-0.08594649305,9.577920672e-07,-4.788960336e-07,4.788960336e-07,4.788960336e-07,-2.394480168e-06,-0.08586169516,0,0,0,0,0,0
14.03,0,0.9977809823,6.135923152e-05,3.73907817e-05,1.150485591e-05,0.0001418932229,3.115898475e-05,0.01021846921,0,0,0,0,0,0,0.009686129938,0,0,0.0005323392703,0.006363599841,0.03294348208,11.97636574,-0,0.1177879104,-0.03294348208,-0.0008830994549,0.07621279911,1.010218469,7.951308624e-06,-1.647174104,-0.07621279911,-7.951308624e-06,-1.724277954,-1.724277954,0.0004729872712,-0.0862138977,-2.396844981e-06,1.438106989e-06,9.587379924e-07,-0,-1.917475985e-06,-0.0862138977,-2.39152634e-06,1.434915804e-06,9.566105358e-07,-0,-1.913221072e-06,-0.08602258754,0,0,0,0,0,0
14.04,0,0.9960573507,6.064017802e-05,3.691141271e-05,1.198422491e-05,0.0001411741694,3.187803825e-05,0.01021822952,0,-0.001047197551,0,0,0,0,0.009686129938,0,0,0.0005320995858,0.006360729295,0.032928678,11.97634525,-0,0.1177851571,-0.032928678,-0.0004756093697,0.07617829005,1.01021823,7.944162675e-06,-1.6464339,-0.07617829005,-7.944162675e-06,-1.723095744,-1.723095744,0.0004727744963,-0.08615478718,-9.587379924e-07,0.0001071166001,-0,1.438106989e-06,-3.355582973e-06,-0.08615478718,-9.549580247e-07,0.0001066942769,-0,1.432437037e-06,-3.342353086e-06,-0.08581510907,0,0,0,0,0,0
14.05,0,0.9938441703,5.920207103e-05,3.691141271e-05,1.27032784e-05,0.0001409344849,3.187803825e-05,0.01021822952,0,0,0,0,0,0,0.009686129938,0,0,0.0005320995858,0.006360729295,0.032928678,11.97634525,-0,0.1177851571,-0.032928678,-0.0002872750523,0.07617829005,1.01021823,7.940870121e-06,-1.6464339,-0.07617829005,-7.940870121e-06,-1.722907406,-1.722907406,0.0004725788932,-0.0861453703,1.917475985e-06,2.396844981e-06,-1.438106989e-06,1.917475985e-06,-3.355582973e-06,-0.0861453703,1.905672329e-06,2.382090412e-06,-1.429254247e-06,1.905672329e-06,-3.334926576e-06,-0.08561507407,0,0,0,0,0,0
14.06,0,0.9911436254,6.064017802e-05,3.73907817e-05,1.126517141e-05,0.0001414138539,3.115898475e-05,0.01021822952,0,0,0,0,0,0,0.009686129938,0,0,0.0005320995858,0.006360729295,0.032928678,11.97634525,-0,0.1177851571,-0.032928678,-0.0002242197087,0.07617829005,1.01021823,7.937425069e-06,-1.6464339,-0.07617829005,-7.937425069e-06,-1.722844347,-1.722844347,0.0004723742305,-0.08614221736,-9.587379924e-07,1.438106989e-06,1.438106989e-06,9.587379924e-07,-1.917475985e-06,-0.08614221736,-9.502470496e-07,1.425370574e-06,1.425370574e-06,9.502470496e-07,-1.900494099e-06,-0.08537930961,0,0,0,0,0,0
14.07,0,0.987958381,5.992112453e-05,3.691141271e-05,1.198422491e-05,0.0001409344849,3.187803825e-05,0.01021846921,0,0,0,0,0,0,0.009686129938,0,0,0.0005323392703,0.006363599841,0.03294348208,11.97636574,-0,0.1177879104,-0.03294348208,-0.0004500825039,0.07621279911,1.010218469,7.935971447e-06,-1.647174104,-0.07621279911,-7.935971447e-06,-1.723844922,-1.723844922,0.0004720765344,-0.08619224609,4.793689962e-07,2.396844981e-06,-0,1.917475985e-06,-3.355582973e-06,-0.08619224609,4.735966174e-07,2.367983087e-06,-0,1.89438647e-06,-3.315176322e-06,-0.0851543519,0,0,0,0,0,0
14.08,0,0.9842915806,6.016080902e-05,3.667172821e-05,1.150485591e-05,0.0001411741694,3.163835375e-05,0.01021798984,0,0,0,0,0,0,0.009686129938,0,0,0.0005318599013,0.006357858753,0.03291387389,11.97632475,-0,0.1177824039,-0.03291387389,0.0001815378851,0.07614378116,1.01021799,7.925561857e-06,-1.645693695,-0.07614378116,-7.925561857e-06,-1.721663863,-1.721663863,0.000471880717,-0.08608319317,-0,2.876213977e-06,9.587379924e-07,1.438106989e-06,-2.876213977e-06,-0.08608319317,-0,2.831033202e-06,9.436777339e-07,1.415516601e-06,-2.831033202e-06,-0.08473096226,0,0,0,0,0,0
14.09,0,0.9801468428,6.111954702e-05,3.691141271e-05,1.198422491e-05,0.0001416535384,3.139866925e-05,0.0102170311,0,0,0,0,0,0,0.009686129938,0,0,0.0005309011633,0.006346376634,0.03285465719,11.97624279,-0,0.1177713909,-0.03285465719,0.001357448767,0.07600574741,1.010217031,7.90799498e-06,-1.642732859,-0.07600574741,-7.90799498e-06,-1.717389066,-1.717389066,0.0004716816841,-0.0858694533,-1.917475985e-06,2.396844981e-06,-0,4.793689962e-07,-2.396844981e-06,-0.0858694533,-1.879408033e-06,2.349260041e-06,-0,4.698520082e-07,-2.349260041e-06,-0.08416467354,0,0,0,0,0,0
14.1,0,0.9755282581,6.040049352e-05,3.715109721e-05,1.22239094e-05,0.0001423725919,3.187803825e-05,0.01021727079,0,0,0,0,0,0,0.009686129938,0,0,0.0005311408478,0.006349247156,0.0328694614,11.97626328,-0,0.1177741441,-0.0328694614,0.0009504002901,0.07604025558,1.010217271,7.908067716e-06,-1.64347307,-0.07604025558,-7.908067716e-06,-1.718570833,-1.718570833,0.0004714744642,-0.08592854167,-4.793689962e-07,1.917475985e-06,-4.793689962e-07,-9.587379924e-07,-3.355582973e-06,-0.08592854167,-4.676380019e-07,1.870552008e-06,-4.676380019e-07,-9.352760038e-07,-3.273466013e-06,-0.08382572058,0,0,0,0,0,0
14.11,0,0.9704403845,6.064017802e-05,3.691141271e-05,1.198422491e-05,0.0001418932229,3.187803825e-05,0.01021775015,0,0,0,0,0,0,0.009686129938,0,0,0.0005316202168,0.006354988216,0.03289906976,11.97630426,-0,0.1177796506,-0.03289906976,0.000206467443,0.07610927245,1.01021775,7.911626742e-06,-1.644953488,-0.07610927245,-7.911626742e-06,-1.720864204,-1.720864204,0.0004712635621,-0.08604321022,-9.587379924e-07,2.396844981e-06,-0,-0,-3.355582973e-06,-0.08604321022,-9.30398066e-07,2.325995165e-06,-0,-0,-3.256393231e-06,-0.08349980601,0,0,0,0,0,0
14.12,0,0.9648882429,6.087986252e-05,3.73907817e-05,1.198422491e-05,0.0001414138539,3.163835375e-05,0.01021798984,0,0,0,0,0,0,0.009686129938,0,0,0.0005318599013,0.006357858753,0.03291387389,11.97632475,-0,0.1177824039,-0.03291387389,-0.0001041285752,0.07614378116,1.01021799,7.911929579e-06,-1.645693695,-0.07614378116,-7.911929579e-06,-1.721949516,-1.721949516,0.0004710704898,-0.08609747581,-1.438106989e-06,1.438106989e-06,-0,9.587379924e-07,-2.876213977e-06,-0.08609747581,-1.387612525e-06,1.387612525e-06,-0,9.250750169e-07,-2.775225051e-06,-0.08307444216,0,0,0,0,0,0
14.13,0,0.9588773128,6.016080902e-05,3.78701507e-05,1.198422491e-05,0.0001416535384,3.163835375e-05,0.01021822952,0,0,0.001047197551,0,0,0,0.009686129938,0,0,0.0005320995858,0.006360729295,0.032928678,11.97634525,-0,0.1177851571,-0.032928678,-0.0003191853602,0.07617829005,1.01021823,7.912499416e-06,-1.6464339,-0.07617829005,-7.912499416e-06,-1.722939288,-1.722939288,0.0004708934544,-0.0861469644,-0,4.793689962e-07,-0.0001047197551,4.793689962e-07,-2.876213977e-06,-0.0861469644,-0,4.596560549e-07,-0.0001004133974,4.596560549e-07,-2.75793633e-06,-0.08260436973,0,0,0,0,0,0
14.14,0,0.9524135262,5.992112453e-05,3.691141271e-05,1.198422491e-05,0.0001414138539,3.163835375e-05,0.01021870889,0,0,0,0,0,0,0.009686129938,0,0,0.0005325789548,0.006366470393,0.03295828614,11.97638623,-0,0.1177906636,-0.03295828614,-0.0007179603142,0.07624730836,1.010218709,7.916134522e-06,-1.647914307,-0.07624730836,-7.916134522e-06,-1.724887492,-1.724887492,0.0004706879793,-0.08624437459,4.793689962e-07,2.396844981e-06,-0,9.587379924e-07,-2.876213977e-06,-0.08624437459,4.56557516e-07,2.28278758e-06,-0,9.131150321e-07,-2.739345096e-06,-0.08214030892,0,0,0,0,0,0
14.15,0,0.9455032621,6.016080902e-05,3.76304662e-05,1.198422491e-05,0.0001418932229,3.115898475e-05,0.01021966763,0,0,0,0,0,0,0.009686129938,0,0,0.0005335376928,0.006377952649,0.0330175021,11.97646821,-0,0.1178016766,-0.0330175021,-0.001813926247,0.07638534714,1.010219668,7.927624627e-06,-1.650875105,-0.07638534714,-7.927624627e-06,-1.729082306,-1.729082306,0.0004705281691,-0.0864541153,-0,9.587379924e-07,-0,-0,-1.917475985e-06,-0.0864541153,-0,9.064898993e-07,-0,-0,-1.812979799e-06,-0.08174264804,0,0,0,0,0,0
14.16,0,0.93815334,6.016080902e-05,3.667172821e-05,1.22239094e-05,0.0001416535384,3.187803825e-05,0.01021870889,0,0,0,0,0,0,0.009686129938,0,0,0.0005325789548,0.006366470393,0.03295828614,11.97638623,-0,0.1177906636,-0.03295828614,-0.0005164488249,0.07624730836,1.010218709,7.911739423e-06,-1.647914307,-0.07624730836,-7.911739423e-06,-1.724685976,-1.724685976,0.0004704271113,-0.0862342988,-0,2.876213977e-06,-4.793689962e-07,4.793689962e-07,-3.355582973e-06,-0.0862342988,-0,2.698329749e-06,-4.497216249e-07,4.497216249e-07,-3.148051374e-06,-0.08090099544,0,0,0,0,0,0
14.17,0,0.9303710135,6.135923152e-05,3.76304662e-05,1.24635939e-05,0.0001416535384,3.187803825e-05,0.01021918826,0,0.001047197551,0,0,0,0.001047197551,0.009686129938,0,0,0.0005330583238,0.006372211511,0.03403509172,11.97642722,-0,0.1177961701,-0.03298789417,-0.001029120776,0.07631632739,1.01126666,8.184508815e-06,-1.701754586,-0.07631632739,-8.184508815e-06,-1.779108219,-1.779108219,0.0004703304078,-0.08895541095,-2.396844981e-06,-0.0001037610171,-9.587379924e-07,4.793689962e-07,-3.355582973e-06,-0.08895541095,-2.229955094e-06,-9.653624266e-05,-8.919820377e-07,4.459910188e-07,-3.121937132e-06,-0.08276153584,0,0,0,0,0,0
14.18,0,0.9221639627,6.159891601e-05,3.76304662e-05,1.22239094e-05,0.0001411741694,3.139866925e-05,0.01021870889,0,0,0,0,0,0,0.009686129938,0,0,0.0005325789548,0.006366470393,0.03295828614,11.97638623,-0,0.1177906636,-0.03295828614,-0.0003061270406,0.07624730836,1.010218709,7.907673732e-06,-1.647914307,-0.07624730836,-7.907673732e-06,-1.72447565,-1.72447565,0.0004701857951,-0.08622378251,-2.876213977e-06,9.587379924e-07,-4.793689962e-07,1.438106989e-06,-2.396844981e-06,-0.08622378251,-2.652340879e-06,8.841136263e-07,-4.420568132e-07,1.326170439e-06,-2.210284066e-06,-0.07951246496,0,0,0,0,0,0
14.19,0,0.9135402871,6.040049352e-05,3.715109721e-05,1.174454041e-05,0.0001414138539,3.187803825e-05,0.01021822952,0,0,0,0,0,0,0.009686129938,0,0,0.0005320995858,0.006360729295,0.032928678,11.97634525,-0,0.1177851571,-0.032928678,0.0003001500632,0.07617829005,1.01021823,7.89797306e-06,-1.6464339,-0.07617829005,-7.89797306e-06,-1.722319938,-1.722319938,0.0004700304767,-0.0861159969,-4.793689962e-07,1.917475985e-06,4.793689962e-07,9.587379924e-07,-3.355582973e-06,-0.0861159969,-4.379228904e-07,1.751691562e-06,4.379228904e-07,8.758457809e-07,-3.065460233e-06,-0.07867043253,0,0,0,0,0,0
14.2,0,0.9045084972,6.087986252e-05,3.667172821e-05,1.24635939e-05,0.0001416535384,3.115898475e-05,0.01021846921,0,0,0,0,0,0,0.009686129938,0,0,0.0005323392703,0.006363599841,0.03294348208,11.97636574,-0,0.1177879104,-0.03294348208,-3.680352585e-05,0.07621279911,1.010218469,7.89885919e-06,-1.647174104,-0.07621279911,-7.89885919e-06,-1.723431606,-1.723431606,0.0004698727718,-0.08617158029,-1.438106989e-06,2.876213977e-06,-9.587379924e-07,4.793689962e-07,-1.917475985e-06,-0.08617158029,-1.300779991e-06,2.601559982e-06,-8.671866607e-07,4.335933303e-07,-1.734373321e-06,-0.07794292658,0,0,0,0,0,0
14.21,0,0.8950775062,6.087986252e-05,3.73907817e-05,1.22239094e-05,0.0001414138539,3.163835375e-05,0.0102170311,0,0,0,0,0,0,0.009686129938,0,0,0.0005309011633,0.006346376634,0.03285465719,11.97624279,-0,0.1177713909,-0.03285465719,0.00168731959,0.07600574741,1.010217031,7.874056379e-06,-1.642732859,-0.07600574741,-7.874056379e-06,-1.717059161,-1.717059161,0.000469660922,-0.08585295806,-1.438106989e-06,1.438106989e-06,-4.793689962e-07,9.587379924e-07,-2.876213977e-06,-0.08585295806,-1.287217217e-06,1.287217217e-06,-4.290724057e-07,8.581448113e-07,-2.574434434e-06,-0.0768450516,0,0,0,0,0,0
14.22,0,0.8852566214,6.135923152e-05,3.73907817e-05,1.150485591e-05,0.0001423725919,3.163835375e-05,0.01021798984,0,0,0,0,0,0,0.009686129938,0,0,0.0005318599013,0.006357858753,0.03291387389,11.97632475,-0,0.1177824039,-0.03291387389,0.0003261152906,0.07614378116,1.01021799,7.885347837e-06,-1.645693695,-0.07614378116,-7.885347837e-06,-1.721519246,-1.721519246,0.0004694906182,-0.08607596229,-2.396844981e-06,1.438106989e-06,9.587379924e-07,-9.587379924e-07,-2.876213977e-06,-0.08607596229,-2.12182289e-06,1.273093734e-06,8.487291559e-07,-8.487291559e-07,-2.546187468e-06,-0.07619931556,0,0,0,0,0,0
14.23,0,0.8750555348,6.016080902e-05,3.76304662e-05,1.24635939e-05,0.0001418932229,3.187803825e-05,0.01021679142,0,0,0,0,0,0,0.009686129938,0,0,0.0005306614788,0.006343506117,0.03283985294,11.9762223,-0,0.1177686376,-0.03283985294,0.001808731754,0.07597123942,1.010216791,7.864255678e-06,-1.641992647,-0.07597123942,-7.864255678e-06,-1.716163019,-1.716163019,0.0004692879372,-0.08580815095,-0,9.587379924e-07,-9.587379924e-07,-0,-3.355582973e-06,-0.08580815095,-0,8.389489867e-07,-8.389489867e-07,-0,-2.936321453e-06,-0.07508689742,0,0,0,0,0,0
14.24,0,0.8644843137,6.040049352e-05,3.76304662e-05,1.24635939e-05,0.0001421329074,3.139866925e-05,0.01021846921,0,0,0,0,0,0,0.009686129938,0,0,0.0005323392703,0.006363599841,0.03294348208,11.97636574,-0,0.1177879104,-0.03294348208,-0.0003075472003,0.07621279911,1.010218469,7.886528003e-06,-1.647174104,-0.07621279911,-7.886528003e-06,-1.723702337,-1.723702337,0.0004691405337,-0.08618511685,-4.793689962e-07,9.587379924e-07,-9.587379924e-07,-4.793689962e-07,-2.396844981e-06,-0.08618511685,-4.144069777e-07,8.288139554e-07,-8.288139554e-07,-4.144069777e-07,-2.072034888e-06,-0.07450568159,0,0,0,0,0,0
14.25,0,0.8535533906,6.111954702e-05,3.715109721e-05,1.22239094e-05,0.0001418932229,3.139866925e-05,0.01021822952,0,0,0,0,0,0,0.009686129938,0,0,0.0005320995858,0.006360729295,0.032928678,11.97634525,-0,0.1177851571,-0.032928678,-8.058321275e-06,0.07617829005,1.01021823,7.880566817e-06,-1.6464339,-0.07617829005,-7.880566817e-06,-1.722628129,-1.722628129,0.0004689964116,-0.08613140645,-1.917475985e-06,1.917475985e-06,-4.793689962e-07,-0,-2.396844981e-06,-0.08613140645,-1.636668128e-06,1.636668128e-06,-4.09167032e-07,-0,-2.04583516e-06,-0.07351775401,0,0,0,0,0,0
14.26,0,0.8422735529,5.992112453e-05,3.691141271e-05,1.27032784e-05,0.0001416535384,3.187803825e-05,0.01021846921,0,0,0,0,0,0,0.009686129938,0,0,0.0005323392703,0.006363599841,0.03294348208,11.97636574,-0,0.1177879104,-0.03294348208,-0.0003231774179,0.07621279911,1.010218469,7.881680899e-06,-1.647174104,-0.07621279911,-7.881680899e-06,-1.723717962,-1.723717962,0.0004688527078,-0.08618589812,4.793689962e-07,2.396844981e-06,-1.438106989e-06,4.793689962e-07,-3.355582973e-06,-0.08618589812,4.037598276e-07,2.018799138e-06,-1.211279483e-06,4.037598276e-07,-2.826318793e-06,-0.07259210262,0,0,0,0,0,0
14.27,0,0.8306559326,5.944175553e-05,3.691141271e-05,1.174454041e-05,0.0001409344849,3.187803825e-05,0.01021870889,0,0,0,-0.001047197551,0,0,0.009686129938,0,0,0.0005325789548,0.006366470393,0.03295828614,11.97638623,-0,0.1177906636,-0.03295828614,-0.0005772043388,0.07624730836,1.010218709,7.882972851e-06,-1.647914307,-0.07624730836,-7.882972851e-06,-1.724746703,-1.724746703,0.0004687196918,-0.08623733514,1.438106989e-06,2.396844981e-06,4.793689962e-07,0.0001066372311,-3.355582973e-06,-0.08623733514,1.194572102e-06,1.990953503e-06,3.981907006e-07,8.857884866e-05,-2.787334904e-06,-0.07163355404,0,0,0,0,0,0
14.28,0,0.8187119948,6.087986252e-05,3.83495197e-05,1.198422491e-05,0.0001414138539,3.091930026e-05,0.01021751047,0,0,0,0,0,0,0.009686129938,0,0,0.0005313805323,0.006352117684,0.03288426559,11.97628377,-0,0.1177768974,-0.03288426559,0.0009385965612,0.07607476393,1.01021751,7.863053158e-06,-1.64421328,-0.07607476393,-7.863053158e-06,-1.71935731,-1.71935731,0.0004685852776,-0.0859678655,-1.438106989e-06,-4.793689962e-07,-0,9.587379924e-07,-1.438106989e-06,-0.0859678655,-1.177395441e-06,-3.924651472e-07,-0,7.849302943e-07,-1.177395441e-06,-0.07038292266,0,0,0,0,0,0
14.29,0,0.8064535268,6.183860051e-05,3.73907817e-05,1.29429629e-05,0.0001409344849,3.283677624e-05,0.01021870889,0,0,0,0,0,0,0.009686129938,0,0,0.0005325789548,0.006366470393,0.03295828614,11.97638623,-0,0.1177906636,-0.03295828614,-0.000610642806,0.07624730836,1.010218709,7.878361761e-06,-1.647914307,-0.07624730836,-7.878361761e-06,-1.724780137,-1.724780137,0.0004684460038,-0.08623900683,-3.355582973e-06,1.438106989e-06,-1.917475985e-06,1.917475985e-06,-5.273058958e-06,-0.08623900683,-2.706121723e-06,1.159766453e-06,-1.546355271e-06,1.546355271e-06,-4.252476994e-06,-0.0695477512,0,0,0,0,0,0
14.3,0,0.7938926261,6.064017802e-05,3.81098352e-05,1.174454041e-05,0.0001411741694,3.139866925e-05,0.01021822952,0,0,0,0,0,0,0.009686129938,0,0,0.0005320995858,0.006360729295,0.032928678,11.97634525,-0,0.1177851571,-0.032928678,-4.262137484e-05,0.07617829005,1.01021823,7.869009787e-06,-1.6464339,-0.07617829005,-7.869009787e-06,-1.72266268,-1.72266268,0.0004683098348,-0.08613313402,-9.587379924e-07,-0,4.793689962e-07,1.438106989e-06,-2.396844981e-06,-0.08613313402,-7.611350226e-07,-0,3.805675113e-07,1.141702534e-06,-1.902837556e-06,-0.06838045997,0,0,0,0,0,0
14.31,0,0.7810416889,6.064017802e-05,3.78701507e-05,1.198422491e-05,0.0001418932229,3.187803825e-05,0.01021822952,0.001047197551,0,0,0,0,0,0.009686129938,0,0,0.0005320995858,0.006360729295,0.032928678,11.97634525,-0,0.1177851571,-0.032928678,-0.0001173674331,0.07617829005,1.01021823,7.866647299e-06,-1.6464339,-0.07617829005,-7.866647299e-06,-1.722737424,-1.722737424,0.0004681694848,-0.08613687121,-0.0001056784931,4.793689962e-07,-0,-0,-3.355582973e-06,-0.08613687121,-8.253930874e-05,3.744071704e-07,-0,-0,-2.620850193e-06,-0.06727648736,0,0,0,0,0,0
14.32,0,0.7679133974,5.896238653e-05,3.691141271e-05,1.198422491e-05,0.0001416535384,3.091930026e-05,0.01021846921,0,0,0,0,0,0,0.009686129938,0,0,0.0005323392703,0.006363599841,0.03294348208,11.97636574,-0,0.1177879104,-0.03294348208,-0.0004011073526,0.07621279911,1.010218469,7.868028772e-06,-1.647174104,-0.07621279911,-7.868028772e-06,-1.723795879,-1.723795879,0.000468042031,-0.08618979394,2.396844981e-06,2.396844981e-06,-0,4.793689962e-07,-1.438106989e-06,-0.08618979394,1.840569373e-06,1.840569373e-06,-0,3.681138745e-07,-1.104341624e-06,-0.06618629749,0,0,0,0,0,0
14.33,0,0.7545207078,5.944175553e-05,3.73907817e-05,1.198422491e-05,0.0001409344849,3.163835375e-05,0.01021822952,0,0,0,0,0,0,0.009686129938,0,0,0.0005320995858,0.006360729295,0.032928678,11.97634525,-0,0.1177851571,-0.032928678,-3.252276057e-05,0.07617829005,1.01021823,7.862518701e-06,-1.6464339,-0.07617829005,-7.862518701e-06,-1.722652575,-1.722652575,0.0004679242142,-0.08613262877,1.438106989e-06,1.438106989e-06,-0,1.917475985e-06,-2.876213977e-06,-0.08613262877,1.085081503e-06,1.085081503e-06,-0,1.446775337e-06,-2.170163006e-06,-0.06498885203,0,0,0,0,0,0
14.34,0,0.740876837,5.968144003e-05,3.81098352e-05,1.174454041e-05,0.0001421329074,3.187803825e-05,0.01021846921,0,0,0,-0.001047197551,0,0,0.009686129938,0,0,0.0005323392703,0.006363599841,0.03294348208,11.97636574,-0,0.1177879104,-0.03294348208,-0.0002610838967,0.07621279911,1.010218469,7.864134014e-06,-1.647174104,-0.07621279911,-7.864134014e-06,-1.723655851,-1.723655851,0.0004678107563,-0.08618279257,9.587379924e-07,-0,4.793689962e-07,0.0001042403861,-3.355582973e-06,-0.08618279257,7.103067713e-07,-0,3.551533857e-07,7.722928756e-05,-2.4860737e-06,-0.06385083476,0,0,0,0,0,0
14.35,0,0.7269952498,5.992112453e-05,3.78701507e-05,1.174454041e-05,0.0001414138539,3.163835375e-05,0.01021918826,0,0,0,0,0,0,0.009686129938,0,0,0.0005330583238,0.006372211511,0.03298789417,11.97642722,-0,0.1177961701,-0.03298789417,-0.001061006421,0.07631632739,1.010219188,7.872930645e-06,-1.649394709,-0.07631632739,-7.872930645e-06,-1.726779915,-1.726779915,0.0004677052813,-0.08633899577,4.793689962e-07,4.793689962e-07,4.793689962e-07,9.587379924e-07,-2.876213977e-06,-0.08633899577,3.484989832e-07,3.484989832e-07,3.484989832e-07,6.969979663e-07,-2.090993899e-06,-0.0627680398,0,0,0,0,0,0
14.36,0,0.7128896457,6.064017802e-05,3.76304662e-05,1.126517141e-05,0.0001411741694,3.115898475e-05,0.01021894858,0,0,0,0,0,0,0.009686129938,0,0,0.0005328186393,0.00636934095,0.03297309017,11.97640672,-0,0.1177934169,-0.03297309017,-0.0007279796104,0.07628181779,1.010218949,7.867546658e-06,-1.648654509,-0.07628181779,-7.867546658e-06,-1.725672173,-1.725672173,0.0004675949489,-0.08628360867,-9.587379924e-07,9.587379924e-07,1.438106989e-06,1.438106989e-06,-1.917475985e-06,-0.08628360867,-6.834743878e-07,6.834743878e-07,1.025211582e-06,1.025211582e-06,-1.366948776e-06,-0.06151069122,0,0,0,0,0,0
14.37,0,0.6985739453,6.016080902e-05,3.715109721e-05,1.174454041e-05,0.0001414138539,3.115898475e-05,0.01021798984,0,0,0,0,0,0,0.009686129938,0,0,0.0005318599013,0.006357858753,0.03291387389,11.97632475,-0,0.1177824039,-0.03291387389,0.0004331798458,0.07614378116,1.01021799,7.851467209e-06,-1.645693695,-0.07614378116,-7.851467209e-06,-1.721412147,-1.721412147,0.0004674769411,-0.08607060737,-0,1.917475985e-06,4.793689962e-07,9.587379924e-07,-1.917475985e-06,-0.08607060737,-0,1.339498764e-06,3.348746909e-07,6.697493818e-07,-1.339498764e-06,-0.06012668376,0,0,0,0,0,0
14.38,0,0.6840622763,6.040049352e-05,3.715109721e-05,1.24635939e-05,0.0001418932229,3.163835375e-05,0.01021894858,0,0,0,0,0,0,0.009686129938,0,0,0.0005328186393,0.00636934095,0.03297309017,11.97640672,-0,0.1177934169,-0.03297309017,-0.000854316089,0.07628181779,1.010218949,7.863493689e-06,-1.648654509,-0.07628181779,-7.863493689e-06,-1.725798506,-1.725798506,0.0004673544959,-0.08628992529,-4.793689962e-07,1.917475985e-06,-9.587379924e-07,-0,-2.876213977e-06,-0.08628992529,-3.279182467e-07,1.311672987e-06,-6.558364935e-07,-0,-1.96750948e-06,-0.05902768272,0,0,0,0,0,0
14.39,0,0.6693689601,6.040049352e-05,3.73907817e-05,1.22239094e-05,0.0001418932229,3.187803825e-05,0.01021775015,0,0,0,0,0,0,0.009686129938,0,0,0.0005316202168,0.006354988216,0.03289906976,11.97630426,-0,0.1177796506,-0.03289906976,0.0004195276687,0.07610927245,1.01021775,7.842655029e-06,-1.644953488,-0.07610927245,-7.842655029e-06,-1.720651075,-1.720651075,0.0004671624186,-0.08603255376,-4.793689962e-07,1.438106989e-06,-4.793689962e-07,-0,-3.355582973e-06,-0.08603255376,-3.208747265e-07,9.626241795e-07,-3.208747265e-07,-0,-2.246123085e-06,-0.05758752104,0,0,0,0,0,0
14.4,0,0.6545084971,5.992112453e-05,3.691141271e-05,1.150485591e-05,0.0001411741694,3.139866925e-05,0.01021870889,0,0,0,0,0,0,0.009686129938,0,0,0.0005325789548,0.006366470393,0.03295828614,11.97638623,-0,0.1177906636,-0.03295828614,-0.0008760319806,0.07624730836,1.010218709,7.85554419e-06,-1.647914307,-0.07624730836,-7.85554419e-06,-1.725045503,-1.725045503,0.000467091683,-0.08625227515,4.793689962e-07,2.396844981e-06,9.587379924e-07,1.438106989e-06,-2.396844981e-06,-0.08625227515,3.137510813e-07,1.568755406e-06,6.275021626e-07,9.412532439e-07,-1.568755406e-06,-0.05645284698,0,0,0,0,0,0
14.41,0,0.639495553,6.111954702e-05,3.667172821e-05,1.24635939e-05,0.0001421329074,3.211772275e-05,0.01021966763,0,0,0,0,0,0,0.009686129938,0,0,0.0005335376928,0.006377952649,0.0330175021,11.97646821,-0,0.1178016766,-0.0330175021,-0.001769199983,0.07638534714,1.010219668,7.869325867e-06,-1.650875105,-0.07638534714,-7.869325867e-06,-1.729037521,-1.729037521,0.0004670740999,-0.08645187607,-1.917475985e-06,2.876213977e-06,-9.587379924e-07,-4.793689962e-07,-3.83495197e-06,-0.08645187607,-1.226217365e-06,1.839326048e-06,-6.131086826e-07,-3.065543413e-07,-2.45243473e-06,-0.05528559029,0,0,0,0,0,0
14.42,0,0.6243449435,6.040049352e-05,3.667172821e-05,1.174454041e-05,0.0001414138539,3.139866925e-05,0.01022062637,0,0,0,0,0,0,0.009686129938,0,0,0.0005344964308,0.006389434984,0.03307671763,11.97655019,-0,0.1178126896,-0.03307671763,-0.002437405547,0.0765233888,1.010220626,7.882833885e-06,-1.653835882,-0.0765233888,-7.882833885e-06,-1.732804559,-1.732804559,0.0004670404142,-0.08664022794,-4.793689962e-07,2.876213977e-06,4.793689962e-07,9.587379924e-07,-2.396844981e-06,-0.08664022794,-2.992916089e-07,1.795749653e-06,2.992916089e-07,5.985832177e-07,-1.496458044e-06,-0.05409338822,0,0,0,0,0,0
14.43,0,0.6090716206,6.087986252e-05,3.667172821e-05,1.174454041e-05,0.0001416535384,3.139866925e-05,0.01022158511,0,0,0,0,0,0,0.009686129938,0,0,0.0005354551688,0.006400917398,0.03313593274,11.97663219,-0,0.1178237026,-0.03313593274,-0.003178330621,0.07666143334,1.010221585,7.89640104e-06,-1.656796637,-0.07666143334,-7.89640104e-06,-1.736644297,-1.736644297,0.000467010359,-0.08683221486,-1.438106989e-06,2.876213977e-06,4.793689962e-07,4.793689962e-07,-2.396844981e-06,-0.08683221486,-8.759101542e-07,1.751820308e-06,2.919700514e-07,2.919700514e-07,-1.459850257e-06,-0.05288703783,0,0,0,0,0,0
14.44,0,0.5936906572,6.040049352e-05,3.691141271e-05,1.198422491e-05,0.0001411741694,3.115898475e-05,0.01022254384,0,0,0,0.001047197551,0,0,0.009686129938,0,0,0.0005364139068,0.00641239989,0.03319514742,11.97671419,-0,0.1178347156,-0.03319514742,-0.003725427128,0.07679948075,1.010222544,7.910607858e-06,-1.659757371,-0.07679948075,-7.910607858e-06,-1.740290189,-1.740290189,0.0004670181258,-0.08701450947,-4.793689962e-07,2.396844981e-06,-0,-0.0001032816481,-1.917475985e-06,-0.08701450947,-2.845968944e-07,1.422984472e-06,-0,-6.131734956e-05,-1.138387578e-06,-0.05165970132,0,0,0,0,0,0
14.45,0,0.5782172325,5.968144003e-05,3.691141271e-05,1.174454041e-05,0.0001414138539,3.139866925e-05,0.01022518037,0,0,0,0,0,0,0.009686129938,0,0,0.0005390504362,0.006443977148,0.03335798559,11.97693974,-0,0.1178650011,-0.03335798559,-0.006084728417,0.07717912597,1.01022518,7.951347729e-06,-1.667899279,-0.07717912597,-7.951347729e-06,-1.751171085,-1.751171085,0.0004671374376,-0.08755855425,9.587379924e-07,2.396844981e-06,4.793689962e-07,9.587379924e-07,-2.396844981e-06,-0.08755855425,5.543588286e-07,1.385897072e-06,2.771794143e-07,5.543588286e-07,-1.385897072e-06,-0.05062786492,0,0,0,0,0,0
14.46,0,0.5626666167,6.016080902e-05,3.76304662e-05,1.174454041e-05,0.0001414138539,3.187803825e-05,0.01022565974,0,0,0,0,0,0,0.009686129938,0,0,0.0005395298052,0.006449718532,0.03338759218,11.97698075,-0,0.1178705076,-0.03338759218,-0.005564341763,0.07724815472,1.01022566,7.960253219e-06,-1.669379609,-0.07724815472,-7.960253219e-06,-1.752200066,-1.752200066,0.0004672468032,-0.08761000328,-0,9.587379924e-07,4.793689962e-07,9.587379924e-07,-3.355582973e-06,-0.08761000328,-0,5.394498625e-07,2.697249313e-07,5.394498625e-07,-1.888074519e-06,-0.04929522414,0,0,0,0,0,0
14.47,0,0.5470541566,6.040049352e-05,3.85892042e-05,1.22239094e-05,0.0001416535384,3.067961576e-05,0.010224701,0,0,0,0,0,0,0.009686129938,0,0,0.0005385710672,0.006438235784,0.03332837889,11.97689872,-0,0.1178594947,-0.03332837889,-0.003562874728,0.07711009795,1.010224701,7.947720204e-06,-1.666418944,-0.07711009795,-7.947720204e-06,-1.747099865,-1.747099865,0.0004673376697,-0.08735499324,-4.793689962e-07,-9.587379924e-07,-4.793689962e-07,4.793689962e-07,-9.587379924e-07,-0.08735499324,-2.622408019e-07,-5.244816039e-07,-2.622408019e-07,2.622408019e-07,-5.244816039e-07,-0.04778791215,0,0,0,0,0,0
14.48,0,0.5313952597,5.968144003e-05,3.78701507e-05,1.22239094e-05,0.0001418932229,3.187803825e-05,0.01022422164,0,0,0,0,0,0,0.009686129938,0,0,0.0005380916983,0.00643249444,0.03329877208,11.97685771,-0,0.1178539882,-0.03329877208,-0.002393808095,0.07704107065,1.010224222,7.942005866e-06,-1.664938604,-0.07704107065,-7.942005866e-06,-1.744381425,-1.744381425,0.0004674156695,-0.08721907124,9.587379924e-07,4.793689962e-07,-4.793689962e-07,-0,-3.355582973e-06,-0.08721907124,5.094688245e-07,2.547344122e-07,-2.547344122e-07,-0,-1.783140886e-06,-0.04634780101,0,0,0,0,0,0
14.49,0,0.5157053795,6.040049352e-05,3.76304662e-05,1.22239094e-05,0.0001416535384,3.163835375e-05,0.01022446132,0,0,0,0,0,0,0.009686129938,0,0,0.0005383313827,0.006435365109,0.0333135755,11.97687822,-0,0.1178567414,-0.0333135755,-0.002252713085,0.07707558421,1.010224461,7.946781815e-06,-1.665678775,-0.07707558421,-7.946781815e-06,-1.745015019,-1.745015019,0.0004674893236,-0.08725075095,-4.793689962e-07,9.587379924e-07,-4.793689962e-07,4.793689962e-07,-2.876213977e-06,-0.08725075095,-2.472131701e-07,4.944263402e-07,-2.472131701e-07,2.472131701e-07,-1.483279021e-06,-0.04499568163,0,0,0,0,0,0
14.5,0,0.4999999999,6.040049352e-05,3.73907817e-05,1.22239094e-05,0.0001411741694,3.139866925e-05,0.01022446132,0,0,0,0,0,0,0.009686129938,0,0,0.0005383313827,0.006435365109,0.0333135755,11.97687822,-0,0.1178567414,-0.0333135755,-0.001867261823,0.07707558421,1.010224461,7.948076727e-06,-1.665678775,-0.07707558421,-7.948076727e-06,-1.744629569,-1.744629569,0.0004675653617,-0.08723147845,-4.793689962e-07,1.438106989e-06,-4.793689962e-07,1.438106989e-06,-2.396844981e-06,-0.08723147845,-2.396844981e-07,7.190534942e-07,-2.396844981e-07,7.190534942e-07,-1.19842249e-06,-0.04361573922,0,0,0,0,0,0
14.51,0,0.4842946204,6.087986252e-05,3.76304662e-05,1.24635939e-05,0.0001418932229,3.139866925e-05,0.01022398195,0,0,0,0,0,0,0.009686129938,0,0,0.0005378520138,0.006429623775,0.03328396864,11.97683721,-0,0.117851235,-0.03328396864,-0.0008842635677,0.07700655726,1.010223982,7.942442652e-06,-1.664198432,-0.07700655726,-7.942442652e-06,-1.742097195,-1.742097195,0.0004676483186,-0.08710485976,-1.438106989e-06,9.587379924e-07,-9.587379924e-07,-0,-2.396844981e-06,-0.08710485976,-6.964674782e-07,4.643116521e-07,-4.643116521e-07,-0,-1.16077913e-06,-0.04218441499,0,0,0,0,0,0
14.52,0,0.4686047402,6.087986252e-05,3.78701507e-05,1.198422491e-05,0.0001414138539,3.211772275e-05,0.01022518037,0,0,0,0,0,0.001047197551,0.009686129938,0,0,0.0005390504362,0.006443977148,0.03440518314,11.97693974,-0,0.1178650011,-0.03335798559,-0.002061163897,0.07717912597,1.011272652,8.228470733e-06,-1.720259157,-0.07717912597,-8.228470733e-06,-1.799507675,-1.799507675,0.0004677890127,-0.08997538376,-1.438106989e-06,4.793689962e-07,-0,9.587379924e-07,-3.83495197e-06,-0.08997538376,-6.739037518e-07,2.246345839e-07,-0,4.492691678e-07,-1.797076671e-06,-0.04216289133,0,0,0,0,0,0
14.53,0,0.4529458433,6.016080902e-05,3.691141271e-05,1.24635939e-05,0.0001416535384,3.187803825e-05,0.01022565974,0,0,0,0,0,0,0.009686129938,0,0,0.0005395298052,0.006449718532,0.03338759218,11.97698075,-0,0.1178705076,-0.03338759218,-0.002227057788,0.07724815472,1.01022566,7.97129085e-06,-1.669379609,-0.07724815472,-7.97129085e-06,-1.748862793,-1.748862793,0.0004678935012,-0.08744313964,-0,2.396844981e-06,-9.587379924e-07,4.793689962e-07,-3.355582973e-06,-0.08744313964,-0,1.085640971e-06,-4.342563885e-07,2.171281942e-07,-1.51989736e-06,-0.03960700662,0,0,0,0,0,0
14.54,0,0.4373333832,6.064017802e-05,3.715109721e-05,1.198422491e-05,0.0001414138539,3.139866925e-05,0.01022494069,-0.001047197551,0,0,0,0,0,0.009686129938,0,0,0.0005388107517,0.006441106464,0.03334318225,11.97691923,-0,0.1178622479,-0.03334318225,-0.001076534401,0.07714461187,1.010224941,7.962196417e-06,-1.667159112,-0.07714461187,-7.962196417e-06,-1.745388221,-1.745388221,0.0004679803944,-0.08726941105,0.0001037610171,1.917475985e-06,-0,9.587379924e-07,-2.396844981e-06,-0.08726941105,4.537815666e-05,8.385762596e-07,-0,4.192881298e-07,-1.048220324e-06,-0.03816582678,0,0,0,0,0,0
14.55,0,0.4217827674,6.111954702e-05,3.83495197e-05,1.22239094e-05,0.0001409344849,3.187803825e-05,0.01022446132,0,0,0,0,0,0,0.009686129938,0,0,0.0005383313827,0.006435365109,0.0333135755,11.97687822,-0,0.1178567414,-0.0333135755,-0.0003699524643,0.07707558421,1.010224461,7.956380256e-06,-1.665678775,-0.07707558421,-7.956380256e-06,-1.743132268,-1.743132268,0.0004680529499,-0.08715661339,-1.917475985e-06,-4.793689962e-07,-4.793689962e-07,1.917475985e-06,-3.355582973e-06,-0.08715661339,-8.087583274e-07,-2.021895818e-07,-2.021895818e-07,8.087583274e-07,-1.415327073e-06,-0.0367611576,0,0,0,0,0,0
14.56,0,0.4063093427,6.135923152e-05,3.715109721e-05,1.22239094e-05,0.0001406948004,3.139866925e-05,0.01022446132,0,0,0,0,0,0,0.009686129938,0,0,0.0005383313827,0.006435365109,0.0333135755,11.97687822,-0,0.1178567414,-0.0333135755,-0.0002440220136,0.07707558421,1.010224461,7.957695542e-06,-1.665678775,-0.07707558421,-7.957695542e-06,-1.743006339,-1.743006339,0.0004681301843,-0.08715031694,-2.396844981e-06,1.917475985e-06,-4.793689962e-07,2.396844981e-06,-2.396844981e-06,-0.08715031694,-9.738605087e-07,7.79088407e-07,-1.947721017e-07,9.738605087e-07,-9.738605087e-07,-0.03540998799,0,0,0,0,0,0
14.57,0,0.3909283792,6.135923152e-05,3.73907817e-05,1.24635939e-05,0.0001414138539,3.163835375e-05,0.01022542006,0,0,0,0,0,0,0.009686129938,0,0,0.0005392901207,0.006446847837,0.0333727889,11.97696025,-0,0.1178677544,-0.0333727889,-0.001344193295,0.07721364025,1.01022542,7.973098757e-06,-1.668639445,-0.07721364025,-7.973098757e-06,-1.747205251,-1.747205251,0.0004682061056,-0.08736026257,-2.396844981e-06,1.438106989e-06,-9.587379924e-07,9.587379924e-07,-2.876213977e-06,-0.08736026257,-9.369947238e-07,5.621968343e-07,-3.747978895e-07,3.747978895e-07,-1.124393669e-06,-0.03415160586,0,0,0,0,0,0
14.58,0,0.3756550564,6.111954702e-05,3.73907817e-05,1.198422491e-05,0.0001423725919,3.139866925e-05,0.01022446132,0,0,0,0,0,0,0.009686129938,0,0,0.0005383313827,0.006435365109,0.0333135755,11.97687822,-0,0.1178567414,-0.0333135755,6.493632184e-06,0.07707558421,1.010224461,7.960397342e-06,-1.665678775,-0.07707558421,-7.960397342e-06,-1.742755826,-1.742755826,0.0004682888356,-0.08713779129,-1.917475985e-06,1.438106989e-06,-0,-9.587379924e-07,-2.396844981e-06,-0.08713779129,-7.203095492e-07,5.402321619e-07,-0,-3.601547746e-07,-9.003869365e-07,-0.0327337519,0,0,0,0,0,0
14.59,0,0.3605044469,5.992112453e-05,3.78701507e-05,1.174454041e-05,0.0001423725919,3.163835375e-05,0.01022494069,0,0,0,0,0,0,0.009686129938,0,0,0.0005388107517,0.006441106464,0.03334318225,11.97691923,-0,0.1178622479,-0.03334318225,-0.0004191049521,0.07714461187,1.010224941,7.967267133e-06,-1.667159112,-0.07714461187,-7.967267133e-06,-1.744730797,-1.744730797,0.0004682778853,-0.08723653983,4.793689962e-07,4.793689962e-07,4.793689962e-07,-9.587379924e-07,-2.876213977e-06,-0.08723653983,1.728146549e-07,1.728146549e-07,1.728146549e-07,-3.456293097e-07,-1.036887929e-06,-0.03144916054,0,0,0,0,0,0
14.6,0,0.3454915028,6.016080902e-05,3.83495197e-05,1.22239094e-05,0.0001418932229,3.139866925e-05,0.01022446132,0,0,0,0,0,0,0.009686129938,0,0,0.0005383313827,0.006435365109,0.0333135755,11.97687822,-0,0.1178567414,-0.0333135755,0.0003828937933,0.07707558421,1.010224461,7.962821198e-06,-1.665678775,-0.07707558421,-7.962821198e-06,-1.742379428,-1.742379428,0.000468431166,-0.0871189714,-0,-4.793689962e-07,-4.793689962e-07,-0,-2.396844981e-06,-0.0871189714,-0,-1.656179149e-07,-1.656179149e-07,-0,-8.280895744e-07,-0.03009886435,0,0,0,0,0,0
14.61,0,0.3306310398,6.111954702e-05,3.78701507e-05,1.29429629e-05,0.0001414138539,3.163835375e-05,0.010224701,0,0,0,0,0,0,0.009686129938,0,0,0.0005385710672,0.006438235784,0.03332837889,11.97689872,-0,0.1178594947,-0.03332837889,0.0002277589061,0.07711009795,1.010224701,7.967921765e-06,-1.666418944,-0.07711009795,-7.967921765e-06,-1.743309251,-1.743309251,0.0004685233902,-0.08716546256,-1.917475985e-06,4.793689962e-07,-1.917475985e-06,9.587379924e-07,-2.876213977e-06,-0.08716546256,-6.339770787e-07,1.584942697e-07,-6.339770787e-07,3.169885394e-07,-9.509656181e-07,-0.02881960752,0,0,0,0,0,0
14.62,0,0.3159377236,6.159891601e-05,3.73907817e-05,1.24635939e-05,0.0001411741694,3.235740724e-05,0.01022494069,0,0,0,0,0,0,0.009686129938,0,0,0.0005388107517,0.006441106464,0.03334318225,11.97691923,-0,0.1178622479,-0.03334318225,-7.063249689e-05,0.07714461187,1.010224941,7.972726954e-06,-1.667159112,-0.07714461187,-7.972726954e-06,-1.74438233,-1.74438233,0.0004685982043,-0.08721911648,-2.876213977e-06,1.438106989e-06,-9.587379924e-07,1.438106989e-06,-4.314320966e-06,-0.08721911648,-9.087044966e-07,4.543522483e-07,-3.029014989e-07,4.543522483e-07,-1.363056745e-06,-0.02755580912,0,0,0,0,0,0
14.63,0,0.3014260546,6.159891601e-05,3.76304662e-05,1.22239094e-05,0.0001414138539,3.139866925e-05,0.01022446132,0,0,0,0,0,0,0.009686129938,0,0,0.0005383313827,0.006435365109,0.0333135755,11.97687822,-0,0.1178567414,-0.0333135755,0.0005796962577,0.07707558421,1.010224461,7.96701915e-06,-1.665678775,-0.07707558421,-7.96701915e-06,-1.74218263,-1.74218263,0.0004686776723,-0.08710913149,-2.876213977e-06,9.587379924e-07,-4.793689962e-07,9.587379924e-07,-2.396844981e-06,-0.08710913149,-8.669658314e-07,2.889886105e-07,-1.444943052e-07,2.889886105e-07,-7.224715262e-07,-0.02625696183,0,0,0,0,0,0
14.64,0,0.2871103542,6.064017802e-05,3.667172821e-05,1.24635939e-05,0.0001411741694,3.187803825e-05,0.01022613911,0,0,0,0,0,0,0.009686129938,0,0,0.0005400091742,0.006455459935,0.03341719866,11.97702177,-0,0.1178760141,-0.03341719866,-0.001357286931,0.07731718418,1.010226139,7.994323932e-06,-1.670859933,-0.07731718418,-7.994323932e-06,-1.749542399,-1.749542399,0.0004688291096,-0.08747711993,-9.587379924e-07,2.876213977e-06,-9.587379924e-07,1.438106989e-06,-3.355582973e-06,-0.08747711993,-2.752636046e-07,8.257908137e-07,-2.752636046e-07,4.128954068e-07,-9.63422616e-07,-0.02511558689,0,0,0,0,0,0
14.65,0,0.2730047501,6.159891601e-05,3.73907817e-05,1.27032784e-05,0.0001414138539,3.235740724e-05,0.01022709785,0,0,0,0,0,0,0.009686129938,0,0,0.0005409679122,0.0064669428,0.03347641132,11.97710381,-0,0.117887027,-0.03347641132,-0.002116623719,0.07745524526,1.010227098,8.010759255e-06,-1.673820566,-0.07745524526,-8.010759255e-06,-1.753400446,-1.753400446,0.000468963902,-0.08767002228,-2.876213977e-06,1.438106989e-06,-1.438106989e-06,9.587379924e-07,-4.314320966e-06,-0.08767002228,-7.85220078e-07,3.92610039e-07,-3.92610039e-07,2.61740026e-07,-1.177830117e-06,-0.02393433252,0,0,0,0,0,0
14.66,0,0.2591231629,6.111954702e-05,3.78701507e-05,1.24635939e-05,0.0001416535384,3.187803825e-05,0.01022733753,0,0,0,0,0,0,0.009686129938,0,0,0.0005412075967,0.006469813529,0.03349121441,11.97712432,-0,0.1178897802,-0.03349121441,-0.001909163166,0.07748976098,1.010227338,8.016894002e-06,-1.674560721,-0.07748976098,-8.016894002e-06,-1.753967662,-1.753967662,0.0004691158599,-0.08769838309,-1.917475985e-06,4.793689962e-07,-9.587379924e-07,4.793689962e-07,-3.355582973e-06,-0.08769838309,-4.96862442e-07,1.242156105e-07,-2.48431221e-07,1.242156105e-07,-8.695092735e-07,-0.02272468241,0,0,0,0,0,0
14.67,0,0.2454792921,6.064017802e-05,3.667172821e-05,1.27032784e-05,0.0001414138539,3.163835375e-05,0.01022805659,0,0,0,0,0,0,0.009686129938,0,0,0.0005419266502,0.006478425744,0.03353562354,11.97718586,-0,0.1178980399,-0.03353562354,-0.00234452077,0.07759330923,1.010228057,8.030172685e-06,-1.676781177,-0.07759330923,-8.030172685e-06,-1.756727037,-1.756727037,0.0004692719539,-0.08783635186,-9.587379924e-07,2.876213977e-06,-1.438106989e-06,9.587379924e-07,-2.876213977e-06,-0.08783635186,-2.353503237e-07,7.06050971e-07,-3.530254855e-07,2.353503237e-07,-7.06050971e-07,-0.02156200547,0,0,0,0,0,0
14.68,0,0.2320866025,6.064017802e-05,3.715109721e-05,1.22239094e-05,0.0001414138539,3.163835375e-05,0.01022853596,0,0,0,0,0,0,0.009686129938,0,0,0.0005424060192,0.006484167246,0.03356522949,11.97722689,-0,0.1179035463,-0.03356522949,-0.00238214839,0.07766234229,1.010228536,8.040312708e-06,-1.678261475,-0.07766234229,-8.040312708e-06,-1.758314006,-1.758314006,0.000469450832,-0.08791570029,-9.587379924e-07,1.917475985e-06,-4.793689962e-07,9.587379924e-07,-2.876213977e-06,-0.08791570029,-2.225102433e-07,4.450204866e-07,-1.112551217e-07,2.225102433e-07,-6.675307299e-07,-0.02040405618,0,0,0,0,0,0
14.69,0,0.218958311,6.040049352e-05,3.715109721e-05,1.22239094e-05,0.0001406948004,3.163835375e-05,0.01022973438,0,0,0,0,0,0,0.009686129938,0,0,0.0005436044417,0.006498521086,0.03363924391,11.97732947,-0,0.1179173124,-0.03363924391,-0.003336377239,0.0778349281,1.010229734,8.060355028e-06,-1.681962195,-0.0778349281,-8.060355028e-06,-1.763141561,-1.763141561,0.0004695880162,-0.08815707805,-4.793689962e-07,1.917475985e-06,-4.793689962e-07,2.396844981e-06,-2.876213977e-06,-0.08815707805,-1.049618258e-07,4.198473031e-07,-1.049618258e-07,5.248091288e-07,-6.297709546e-07,-0.01930272492,0,0,0,0,0,0
14.7,0,0.2061073738,6.111954702e-05,3.691141271e-05,1.22239094e-05,0.0001416535384,3.187803825e-05,0.01023045343,0,0,0,0,0,0,0.009686129938,0,0,0.0005443234952,0.006507133449,0.03368365224,11.97739102,-0,0.1179255721,-0.03368365224,-0.003495883553,0.07793848174,1.010230453,8.074850214e-06,-1.684182612,-0.07793848174,-8.074850214e-06,-1.765625052,-1.765625052,0.0004698134839,-0.0882812526,-1.917475985e-06,2.396844981e-06,-4.793689962e-07,4.793689962e-07,-3.355582973e-06,-0.0882812526,-3.952059396e-07,4.940074245e-07,-9.880148489e-08,9.880148489e-08,-6.916103943e-07,-0.01819541713,0,0,0,0,0,0
14.71,0,0.1935464731,6.111954702e-05,3.76304662e-05,1.24635939e-05,0.0001421329074,3.139866925e-05,0.01023117249,0,0,0,0,0,0,0.009686129938,0,0,0.0005450425487,0.006515745856,0.03372806032,11.97745258,-0,0.1179338318,-0.03372806032,-0.003552000605,0.07804203701,1.010231172,8.089860497e-06,-1.686403016,-0.07804203701,-8.089860497e-06,-1.768005144,-1.768005144,0.0004700682425,-0.08840025718,-1.917475985e-06,9.587379924e-07,-9.587379924e-07,-4.793689962e-07,-2.396844981e-06,-0.08840025718,-3.711207142e-07,1.855603571e-07,-1.855603571e-07,-9.278017854e-08,-4.639008927e-07,-0.017109558,0,0,0,0,0,0
14.72,0,0.1812880051,5.968144003e-05,3.81098352e-05,1.198422491e-05,0.0001409344849,3.163835375e-05,0.01023165186,-0.001047197551,0,0,0,0,0,0.009686129938,0,0,0.0005455219177,0.006521487486,0.03375766558,11.97749362,-0,0.1179393382,-0.03375766558,-0.003385898075,0.07811107475,1.010231652,8.101431778e-06,-1.687883279,-0.07811107475,-8.101431778e-06,-1.769388353,-1.769388353,0.000470328369,-0.08846941767,0.0001056784931,-0,-0,1.917475985e-06,-2.876213977e-06,-0.08846941767,1.91582432e-05,-0,-0,3.476153961e-07,-5.214230941e-07,-0.01603844424,0,0,0,0,0,0
14.73,0,0.1693440673,5.920207103e-05,3.882888869e-05,1.22239094e-05,0.0001416535384,3.211772275e-05,0.0102340487,0,0,-0.001047197551,0,0,0,0.009686129938,0,0,0.0005479187627,0.006550195928,0.03390569027,11.97769886,-0,0.1179668703,-0.03390569027,-0.005319366021,0.07845627427,1.010234049,8.144313516e-06,-1.695284513,-0.07845627427,-8.144313516e-06,-1.779068298,-1.779068298,0.0004707583017,-0.0889534149,1.917475985e-06,-1.438106989e-06,0.0001042403861,4.793689962e-07,-3.83495197e-06,-0.0889534149,3.247131822e-07,-2.435348867e-07,1.765249096e-05,8.117829555e-08,-6.494263644e-07,-0.01506373308,0,0,0,0,0,0
14.74,0,0.157726447,6.040049352e-05,3.78701507e-05,1.174454041e-05,0.0001414138539,3.115898475e-05,0.01023596618,0,0,0,0,0,0,0.009686129938,0,0,0.0005498362387,0.006573163036,0.03402410809,11.97786308,-0,0.1179888959,-0.03402410809,-0.006435255085,0.07873244686,1.010235966,8.180059441e-06,-1.701205405,-0.07873244686,-8.180059441e-06,-1.786381287,-1.786381287,0.000471182457,-0.08931906434,-4.793689962e-07,4.793689962e-07,4.793689962e-07,9.587379924e-07,-1.917475985e-06,-0.08931906434,-7.560916857e-08,7.560916857e-08,7.560916857e-08,1.512183371e-07,-3.024366743e-07,-0.01408797867,0,0,0,0,0,0
14.75,0,0.1464466094,6.087986252e-05,3.715109721e-05,1.24635939e-05,0.0001418932229,3.211772275e-05,0.01023620586,0,0,0,0,0,0,0.009686129938,0,0,0.0005500759232,0.006576033947,0.0340389102,11.97788361,-0,0.1179916491,-0.0340389102,-0.005451200963,0.07876696925,1.010236206,8.190428059e-06,-1.70194551,-0.07876696925,-8.190428059e-06,-1.786171871,-1.786171871,0.0004715743569,-0.08930859354,-1.438106989e-06,1.917475985e-06,-9.587379924e-07,-0,-3.83495197e-06,-0.08930859354,-2.106058924e-07,2.808078565e-07,-1.404039283e-07,-0,-5.61615713e-07,-0.01307894071,0,0,0,0,0,0
14.76,0,0.1355156863,5.992112453e-05,3.76304662e-05,1.27032784e-05,0.0001416535384,3.163835375e-05,0.0102371646,0,0,0,0,0,0,0.009686129938,0,0,0.0005510346611,0.006587517639,0.03409811837,11.97796574,-0,0.1180026619,-0.03409811837,-0.005480915783,0.07890506059,1.010237165,8.211641024e-06,-1.704905918,-0.07890506059,-8.211641024e-06,-1.789300106,-1.789300106,0.0004719761978,-0.08946500532,4.793689962e-07,9.587379924e-07,-1.438106989e-06,4.793689962e-07,-2.876213977e-06,-0.08946500532,6.496201849e-08,1.29924037e-07,-1.948860555e-07,6.496201849e-08,-3.897721109e-07,-0.01212391159,0,0,0,0,0,0
14.77,0,0.1249444651,6.040049352e-05,3.73907817e-05,1.150485591e-05,0.0001421329074,3.139866925e-05,0.01023644555,0,0,0,0,0,0,0.009686129938,0,0,0.0005503156077,0.006578904863,0.03405371228,11.97790414,-0,0.1179944023,-0.03405371228,-0.003627225875,0.07880149181,1.010236446,8.20783073e-06,-1.702685614,-0.07880149181,-8.20783073e-06,-1.78512254,-1.78512254,0.0004723699739,-0.08925612698,-4.793689962e-07,1.438106989e-06,9.587379924e-07,-4.793689962e-07,-2.396844981e-06,-0.08925612698,-5.989450284e-08,1.796835085e-07,1.197890057e-07,-5.989450284e-08,-2.994725142e-07,-0.01115205905,0,0,0,0,0,0
14.78,0,0.1147433786,6.040049352e-05,3.643204371e-05,1.198422491e-05,0.0001414138539,3.139866925e-05,0.01023692491,0,0,0,0,0,0,0.009686129938,0,0,0.0005507949767,0.006584646709,0.03408331637,11.97794521,-0,0.1179999087,-0.03408331637,-0.003531459263,0.07887053748,1.010236925,8.222486457e-06,-1.704165818,-0.07887053748,-8.222486457e-06,-1.786576038,-1.786576038,0.0004728026884,-0.08932880188,-4.793689962e-07,3.355582973e-06,-0,9.587379924e-07,-2.396844981e-06,-0.08932880188,-5.500441821e-08,3.850309275e-07,-0,1.100088364e-07,-2.750220911e-07,-0.01024988853,0,0,0,0,0,0
14.79,0,0.1049224938,6.040049352e-05,3.691141271e-05,1.22239094e-05,0.0001414138539,3.211772275e-05,0.01023644555,0,0,0,0,0,0,0.009686129938,0,0,0.0005503156077,0.006578904863,0.03405371228,11.97790414,-0,0.1179944023,-0.03405371228,-0.002377581465,0.07880149181,1.010236446,8.221722307e-06,-1.702685614,-0.07880149181,-8.221722307e-06,-1.783872909,-1.783872909,0.0004731679477,-0.08919364546,-4.793689962e-07,2.396844981e-06,-4.793689962e-07,9.587379924e-07,-3.83495197e-06,-0.08919364546,-5.029659052e-08,2.514829526e-07,-5.029659052e-08,1.00593181e-07,-4.023727242e-07,-0.009358419711,0,0,0,0,0,0
14.8,0,0.09549150278,6.087986252e-05,3.691141271e-05,1.22239094e-05,0.0001421329074,3.139866925e-05,0.01023548681,0,0,0,0,0,0,0.009686129938,0,0,0.0005493568697,0.00656742123,0.0339945038,11.97782202,-0,0.1179833895,-0.0339945038,-0.0008230287694,0.07866340263,1.010235487,8.21345956e-06,-1.69972519,-0.07866340263,-8.21345956e-06,-1.779219835,-1.779219835,0.0004735128697,-0.08896099174,-1.438106989e-06,2.396844981e-06,-4.793689962e-07,-4.793689962e-07,-2.396844981e-06,-0.08896099174,-1.373269975e-07,2.288783292e-07,-4.577566583e-08,-4.577566583e-08,-2.288783292e-07,-0.00849501879,0,0,0,0,0,0
14.81,0,0.08645971283,6.087986252e-05,3.76304662e-05,1.24635939e-05,0.0001416535384,3.211772275e-05,0.01023596618,0,0,0,0,0,0,0.009686129938,0,0,0.0005498362387,0.006573163036,0.03402410809,11.97786308,-0,0.1179888959,-0.03402410809,-0.001160348812,0.07873244686,1.010235966,8.226433419e-06,-1.701205405,-0.07873244686,-8.226433419e-06,-1.781106427,-1.781106427,0.0004738486373,-0.08905532134,-1.438106989e-06,9.587379924e-07,-9.587379924e-07,4.793689962e-07,-3.83495197e-06,-0.08905532134,-1.243383173e-07,8.289221151e-08,-8.289221151e-08,4.144610575e-08,-3.31568846e-07,-0.007699697509,0,0,0,0,0,0
14.82,0,0.07783603722,6.111954702e-05,3.76304662e-05,1.22239094e-05,0.0001416535384,3.139866925e-05,0.01023572649,0,0,0,0,0,0,0.009686129938,0,0,0.0005495965542,0.006570292131,0.03400930596,11.97784255,-0,0.1179861427,-0.03400930596,-0.0006913570459,0.07869792466,1.010235726,8.228477397e-06,-1.700465298,-0.07869792466,-8.228477397e-06,-1.779862808,-1.779862808,0.0004741715074,-0.08899314041,-1.917475985e-06,9.587379924e-07,-4.793689962e-07,4.793689962e-07,-2.396844981e-06,-0.08899314041,-1.492487321e-07,7.462436606e-08,-3.731218303e-08,3.731218303e-08,-1.865609152e-07,-0.006926873389,0,0,0,0,0,0
14.83,0,0.06962898647,6.183860051e-05,3.715109721e-05,1.198422491e-05,0.0001418932229,3.187803825e-05,0.01023596618,0,0,0,0,0,-0.001047197551,0.009686129938,0,0,0.0005498362387,0.006573163036,0.03297691054,11.97786308,-0,0.1179888959,-0.03402410809,-0.0008796386981,0.07873244686,1.011283438,8.000529871e-06,-1.648845527,-0.07873244686,-8.000529871e-06,-1.728465613,-1.728465613,0.0004744328771,-0.08642328066,-3.355582973e-06,1.917475985e-06,-0,-0,-3.355582973e-06,-0.08642328066,-2.336458415e-07,1.335119094e-07,-0,-0,-2.336458415e-07,-0.00601756544,0,0,0,0,0,0
14.84,0,0.06184665995,6.159891601e-05,3.691141271e-05,1.22239094e-05,0.0001416535384,3.139866925e-05,0.01023524712,0,0,0,0,0,0,0.009686129938,0,0,0.0005491171852,0.006564550334,0.03397970161,11.97780149,-0,0.1179806363,-0.03397970161,0.00019233783,0.07862888079,1.010235247,8.231420877e-06,-1.69898508,-0.07862888079,-8.231420877e-06,-1.777429855,-1.777429855,0.0004747522106,-0.08887149274,-2.876213977e-06,2.396844981e-06,-4.793689962e-07,4.793689962e-07,-2.396844981e-06,-0.08887149274,-1.778842278e-07,1.482368565e-07,-2.96473713e-08,2.96473713e-08,-1.482368565e-07,-0.005496404991,0,0,0,0,0,0
14.85,0,0.05449673788,6.064017802e-05,3.73907817e-05,1.22239094e-05,0.0001416535384,3.187803825e-05,0.01023668523,0,0,0,0,0,0,0.009686129938,0,0,0.0005505552922,0.006581775783,0.03406851434,11.97792467,-0,0.1179971555,-0.03406851434,-0.001307262462,0.07883601456,1.010236685,8.259742453e-06,-1.703425717,-0.07883601456,-8.259742453e-06,-1.783577254,-1.783577254,0.0004751463409,-0.08917886268,-9.587379924e-07,1.438106989e-06,-4.793689962e-07,4.793689962e-07,-3.355582973e-06,-0.08917886268,-5.224809307e-08,7.83721396e-08,-2.612404653e-08,2.612404653e-08,-1.828683257e-07,-0.004859957104,0,0,0,0,0,0
14.86,0,0.04758647374,6.135923152e-05,3.78701507e-05,1.22239094e-05,0.0001414138539,3.163835375e-05,0.01023788365,0,0,0,0,0,0,0.009686129938,0,0,0.0005517537146,0.006596130459,0.03414252421,11.97802734,-0,0.1180109215,-0.03414252421,-0.002431651792,0.07900863098,1.010237884,8.283725529e-06,-1.70712621,-0.07900863098,-8.283725529e-06,-1.788574777,-1.788574777,0.0004754951198,-0.08942873885,-2.396844981e-06,4.793689962e-07,-4.793689962e-07,9.587379924e-07,-2.876213977e-06,-0.08942873885,-1.140574008e-07,2.281148015e-08,-2.281148015e-08,4.56229603e-08,-1.368688809e-07,-0.004255598333,0,0,0,0,0,0
14.87,0,0.04112268714,6.087986252e-05,3.76304662e-05,1.22239094e-05,0.0001416535384,3.163835375e-05,0.01023812334,0,0,0,0,0,0,0.009686129938,0,0,0.0005519933991,0.006599001409,0.0341573261,11.97804788,-0,0.1180136747,-0.0341573261,-0.002337435318,0.07904315481,1.010238123,8.293501579e-06,-1.707866305,-0.07904315481,-8.293501579e-06,-1.789255189,-1.789255189,0.0004758498626,-0.08946275944,-1.438106989e-06,9.587379924e-07,-4.793689962e-07,4.793689962e-07,-2.876213977e-06,-0.08946275944,-5.913882376e-08,3.942588251e-08,-1.971294125e-08,1.971294125e-08,-1.182776475e-07,-0.003678949067,0,0,0,0,0,0
14.88,0,0.03511175703,5.992112453e-05,3.76304662e-05,1.174454041e-05,0.0001414138539,3.139866925e-05,0.01023788365,-0.001047197551,0,0,0,0,0,0.009686129938,0,0,0.0005517537146,0.006596130459,0.03414252421,11.97802734,-0,0.1180109215,-0.03414252421,-0.001600328016,0.07900863098,1.010237884,8.296254219e-06,-1.70712621,-0.07900863098,-8.296254219e-06,-1.787743466,-1.787743466,0.0004762129311,-0.08938717329,0.0001051991241,9.587379924e-07,4.793689962e-07,9.587379924e-07,-2.396844981e-06,-0.08938717329,3.693726086e-06,3.366297545e-08,1.683148773e-08,3.366297545e-08,-8.415743863e-08,-0.00313854071,0,0,0,0,0,0
14.89,0,0.0295596155,6.111954702e-05,3.715109721e-05,1.29429629e-05,0.0001418932229,3.187803825e-05,0.01023812334,0,0,0,0,0,0,0.009686129938,0,0,0.0005519933991,0.006599001409,0.0341573261,11.97804788,-0,0.1180136747,-0.0341573261,-0.001659625099,0.07904315481,1.010238123,8.305799224e-06,-1.707866305,-0.07904315481,-8.305799224e-06,-1.788577391,-1.788577391,0.0004765541309,-0.08942886954,-1.917475985e-06,1.917475985e-06,-1.917475985e-06,-0,-3.355582973e-06,-0.08942886954,-5.667985285e-08,5.667985285e-08,-5.667985285e-08,-0,-9.918974249e-08,-0.002643482999,0,0,0,0,0,0
14.9,0,0.02447174183,6.111954702e-05,3.73907817e-05,1.174454041e-05,0.0001414138539,3.139866925e-05,0.01023884239,0,0,0,0,0,0,0.009686129938,0,0,0.0005527124526,0.006607614289,0.03420173162,11.97810948,-0,0.1180219343,-0.03420173162,-0.002285092974,0.07914672737,1.010238842,8.323617642e-06,-1.710086581,-0.07914672737,-8.323617642e-06,-1.791526725,-1.791526725,0.0004769573175,-0.08957633626,-1.917475985e-06,1.438106989e-06,4.793689962e-07,9.587379924e-07,-2.396844981e-06,-0.08957633626,-4.692397728e-08,3.519298296e-08,1.173099432e-08,2.346198864e-08,-5.865497159e-08,-0.002192088975,0,0,0,0,0,0
14.91,0,0.01985315715,6.111954702e-05,3.715109721e-05,1.27032784e-05,0.0001411741694,3.235740724e-05,0.01023740428,0,0,0,0,0,0,0.009686129938,0,0,0.0005512743456,0.006590388574,0.03411292034,11.97798627,-0,0.1180054151,-0.03411292034,-0.0003815950078,0.07893958387,1.010237404,8.307645603e-06,-1.705646017,-0.07893958387,-8.307645603e-06,-1.784975504,-1.784975504,0.0004772775459,-0.08924877518,-1.917475985e-06,1.917475985e-06,-1.438106989e-06,1.438106989e-06,-4.314320966e-06,-0.08924877518,-3.806795205e-08,3.806795205e-08,-2.855096404e-08,2.855096404e-08,-8.565289211e-08,-0.001771869959,0,0,0,0,0,0
14.92,0,0.01570841942,6.135923152e-05,3.76304662e-05,1.198422491e-05,0.0001414138539,3.139866925e-05,0.01023860271,0,0,0,0,0,0,0.009686129938,0,0,0.0005524727681,0.006604743324,0.03418692981,11.97808895,-0,0.1180191811,-0.03418692981,-0.001766684663,0.079112203,1.010238603,8.332213405e-06,-1.709346491,-0.079112203,-8.332213405e-06,-1.79023371,-1.79023371,0.0004776547276,-0.08951168552,-2.396844981e-06,9.587379924e-07,-0,9.587379924e-07,-2.396844981e-06,-0.08951168552,-3.765064625e-08,1.50602585e-08,-0,1.50602585e-08,-3.765064625e-08,-0.001406087099,0,0,0,0,0,0
14.93,0,0.01204161902,6.040049352e-05,3.78701507e-05,1.174454041e-05,0.0001418932229,3.139866925e-05,0.01023884239,0,0,0,0,0,0,0.009686129938,0,0,0.0005527124526,0.006607614289,0.03420173162,11.97810948,-0,0.1180219343,-0.03420173162,-0.00194348687,0.07914672737,1.010238842,8.341355419e-06,-1.710086581,-0.07914672737,-8.341355419e-06,-1.791185137,-1.791185137,0.000477971814,-0.08955925684,-4.793689962e-07,4.793689962e-07,4.793689962e-07,-0,-2.396844981e-06,-0.08955925684,-5.772378822e-09,5.772378822e-09,5.772378822e-09,-0,-2.886189411e-08,-0.00107843845,0,0,0,0,0,0
14.94,0,0.008856374625,6.064017802e-05,3.643204371e-05,1.24635939e-05,0.0001416535384,3.187803825e-05,0.01023860271,0,0,0,0,0,0,0.009686129938,0,0,0.0005524727681,0.006604743324,0.03418692981,11.97808895,-0,0.1180191811,-0.03418692981,-0.001388641376,0.079112203,1.010238603,8.343572502e-06,-1.709346491,-0.079112203,-8.343572502e-06,-1.789855679,-1.789855679,0.0004783046826,-0.08949278393,-9.587379924e-07,3.355582973e-06,-9.587379924e-07,4.793689962e-07,-3.355582973e-06,-0.08949278393,-8.490942828e-09,2.97182999e-08,-8.490942828e-09,4.245471414e-09,-2.97182999e-08,-0.0007925816207,0,0,0,0,0,0
14.95,0,0.006155829694,5.968144003e-05,3.73907817e-05,1.198422491e-05,0.0001416535384,3.139866925e-05,0.01023764397,0,0,0,0,0,0,0.009686129938,0,0,0.0005515140301,0.006593259514,0.03412772229,11.97800681,-0,0.1180081683,-0.03412772229,-0.0001150627739,0.07897410734,1.010237644,8.334528645e-06,-1.706386114,-0.07897410734,-8.334528645e-06,-1.785483619,-1.785483619,0.0004786123638,-0.08927418095,9.587379924e-07,1.438106989e-06,-0,4.793689962e-07,-2.396844981e-06,-0.08927418095,5.901827802e-09,8.852741703e-09,-0,2.950913901e-09,-1.475456951e-08,-0.000549556654,0,0,0,0,0,0
14.96,0,0.003942649336,6.016080902e-05,3.619235921e-05,1.342233189e-05,0.0001414138539,3.163835375e-05,0.0102371646,0,0,0,0,0,0,0.009686129938,0,0,0.0005510346611,0.006587517639,0.03409811837,11.97796574,-0,0.1180026619,-0.03409811837,0.000542999253,0.07890506059,1.010237165,8.332585652e-06,-1.704905918,-0.07890506059,-8.332585652e-06,-1.783276312,-1.783276312,0.0004789145613,-0.08916381561,-0,3.83495197e-06,-2.876213977e-06,9.587379924e-07,-2.876213977e-06,-0.08916381561,-0,1.511987084e-08,-1.133990313e-08,3.779967709e-09,-1.133990313e-08,-0.0003515416584,0,0,0,0,0,0
14.97,0,0.002219017693,6.087986252e-05,3.73907817e-05,1.22239094e-05,0.0001411741694,3.139866925e-05,0.01023836302,0,0,0,0,0,0,0.009686129938,0,0,0.0005522330836,0.006601872364,0.03417212797,11.97806841,-0,0.1180164279,-0.03417212797,-0.0008200451255,0.07907767882,1.010238363,8.35605098e-06,-1.708606399,-0.07907767882,-8.35605098e-06,-1.788512479,-1.788512479,0.0004792252416,-0.08942562393,-1.438106989e-06,1.438106989e-06,-4.793689962e-07,1.438106989e-06,-2.396844981e-06,-0.08942562393,-3.191184852e-09,3.191184852e-09,-1.063728284e-09,3.191184852e-09,-5.318641421e-09,-0.0001984370417,0,0,0,0,0,0
14.98,0,0.0009866357823,5.992112453e-05,3.73907817e-05,1.29429629e-05,0.0001421329074,3.187803825e-05,0.01023764397,0,0,0,0,0,0,0.009686129938,0,0,0.0005515140301,0.006593259514,0.03412772229,11.97800681,-0,0.1180081683,-0.03412772229,7.538491547e-05,0.07897410734,1.010237644,8.350235476e-06,-1.706386114,-0.07897410734,-8.350235476e-06,-1.785293187,-1.785293187,0.0004795126524,-0.08926465935,4.793689962e-07,1.438106989e-06,-1.917475985e-06,-4.793689962e-07,-3.355582973e-06,-0.08926465935,4.729626046e-10,1.418887814e-09,-1.891850418e-09,-4.729626046e-10,-3.310738232e-09,-8.807170701e-05,0,0,0,0,0,0
14.99,0,0.0002467198154,6.087986252e-05,3.78701507e-05,1.150485591e-05,0.0001423725919,3.139866925e-05,0.0102371646,0,0,0,0,0,0,0.009686129938,0,0,0.0005510346611,0.006587517639,0.03409811837,11.97796574,-0,0.1180026619,-0.03409811837,0.0007025688732,0.07890506059,1.010237165,8.348011761e-06,-1.704905918,-0.07890506059,-8.348011761e-06,-1.783116758,-1.783116758,0.0004797995279,-0.0891558379,-1.438106989e-06,4.793689962e-07,9.587379924e-07,-9.587379924e-07,-2.396844981e-06,-0.0891558379,-3.548094907e-10,1.182698302e-10,2.365396605e-10,-2.365396605e-10,-5.913491512e-10,-2.199651186e-05,0,0,0,0,0,0
15,0,0,6.087986252e-05,3.619235921e-05,1.24635939e-05,0.0001418932229,3.211772275e-05,0.01023764397,0,0,0,0,0,0,0.009686129938,0,0,0.0005515140301,0.006593259514,0.03412772229,11.97800681,-0,0.1180081683,-0.03412772229,0.0001113975423,0.07897410734,1.010237644,8.360142497e-06,-1.706386114,-0.07897410734,-8.360142497e-06,-1.785257184,-1.785257184,0.0004800805058,-0.08926285922,-1.438106989e-06,3.83495197e-06,-9.587379924e-07,-0,-3.83495197e-06,-0.08926285922,-0,0,-0,-0,-0,-0,0,0,0,0,0,0
