time,sine_active,ramp_factor,q1,q2,q3,q4,q5,q6,dq1,dq2,dq3,dq4,dq5,dq6,qd5,dqd5,ddqd5,error5,z1,z2,hx,hbeta_x5,barrier_ratio5,alpha5,alpha_dot5,mu_s5,phi5,nu_r5,term_z2_5,term_mu_5,term_nu_5,virtual_accel_unsat5,virtual_accel5,theta_hat,tau5_raw,tau_raw1,tau_raw2,tau_raw3,tau_raw4,tau_raw5,tau_raw6,tau_cmd1,tau_cmd2,tau_cmd3,tau_cmd4,tau_cmd5,tau_cmd6,alpha_saturated,alpha_dot_saturated,virtual_accel_saturated,amplitude_saturated5,rate_saturated5,abort
0.01,1,0.0002467198171,5.344964308e-05,3.81098352e-05,-1.438106989e-06,6.711165947e-05,-0.02784582594,-7.502124791e-05,0,0,0,0,0,0.001047197551,-0.02773415581,0.01047183196,-2.870938426e-05,-0.0001116701271,-0.001289457082,-0.02119221722,11.54700498,0,-8.026150603e-05,0.02119221722,0.1683370178,-0.01488936734,1.027845826,-0.0005597219759,3.390754755,0.01488936734,0.0005597219759,3.574540862,3.574540862,0.05,0.07149081724,-2.396844981e-06,-4.793689962e-07,-0,-1.917475985e-06,0.07149081724,-0.0001497804408,-5.913491554e-10,-1.182698311e-10,-0,-4.730793243e-10,1.763820136e-05,-3.695380296e-08,0,0,0,0,0,0
0.02,1,0.0009866357859,5.320995858e-05,3.83495197e-05,-1.917475985e-06,6.615292148e-05,-0.02784678467,-7.358314092e-05,0,0,0,0,0,0,-0.0276294394,0.01047140133,-5.741798145e-05,-0.0002173452708,-0.002509699341,-0.03133681098,11.54700504,0,-9.133205856e-05,0.03133681098,0.3231159947,-0.02897951093,1.027846785,-0.000827659244,5.013889757,0.02897951093,0.000827659244,5.366812922,5.366812922,0.05,0.1073362584,-1.917475985e-06,-9.587379924e-07,9.587379924e-07,-0,0.1073362584,-4.793689962e-05,-1.891850425e-09,-9.459252126e-10,9.459252126e-10,-0,0.0001059017937,-4.729626063e-08,0,0,0,0,0,0
0.03,1,0.002219017698,5.249090509e-05,3.78701507e-05,-1.198422491e-06,6.687197497e-05,-0.02784726404,-7.334345642e-05,0,0,0,0,0,0,-0.02752472874,0.01047068361,-8.612500448e-05,-0.0003225353037,-0.003724358585,-0.04143478168,11.54700507,0,-9.686733483e-05,0.04143478168,0.4487671875,-0.04300518745,1.027847264,-0.001094365093,6.629565069,0.04300518745,0.001094365093,7.122431809,7.122431809,0.05,0.1424486362,-4.793689962e-07,-0,-4.793689962e-07,-1.438106989e-06,0.1424486362,-4.841626862e-05,-1.063728287e-09,-0,-1.063728287e-09,-3.19118486e-09,0.0003160960448,-1.07436557e-07,0,0,0,0,0,0
0.04,1,0.003942649343,5.177185159e-05,3.73907817e-05,-9.587379924e-07,6.663229047e-05,-0.02784726404,-7.166566493e-05,0,0,0,0,0,0,-0.02742002669,0.01046967883,-0.0001148296664,-0.0004272373551,-0.004933410939,-0.0514859309,11.54700507,0,-9.686733483e-05,0.0514859309,0.5504861603,-0.05696612111,1.027847264,-0.001359833533,8.237748943,0.05696612111,0.001359833533,8.846561058,8.846561058,0.05,0.1769312212,9.587379924e-07,9.587379924e-07,-9.587379924e-07,-9.587379924e-07,0.1769312212,-5.177185159e-05,3.779967716e-09,3.779967716e-09,-3.779967716e-09,-3.779967716e-09,0.0006975777628,-2.041182566e-07,0,0,0,0,0,0
0.05,1,0.006155829702,5.201153609e-05,3.83495197e-05,-7.190534943e-07,6.687197497e-05,-0.02784774341,-7.094661144e-05,0,0,0,0,0,0,-0.02731533612,0.01046838703,-0.0001435311801,-0.0005324072926,-0.006147903079,-0.06158209866,11.5470051,0,-0.0001024026111,0.06158209866,0.6343730648,-0.07098986822,1.027847743,-0.001626492509,9.853135785,0.07098986822,0.001626492509,10.56012521,10.56012521,0.05,0.2112025042,4.793689962e-07,-9.587379924e-07,-1.438106989e-06,-1.438106989e-06,0.2112025042,-5.320995858e-05,2.950913905e-09,-5.901827811e-09,-8.852741716e-09,-8.852741716e-09,0.001300126649,-3.275514435e-07,0,0,0,0,0,0
0.06,1,0.008856374636,5.297027408e-05,3.81098352e-05,-7.190534943e-07,6.711165947e-05,-0.0278479831,-7.046724244e-05,0,0,0,0,0,0,-0.0272106599,0.01046680822,-0.0001722287589,-0.0006373231925,-0.007359508208,-0.07165405743,11.54700512,0,-0.0001051702492,0.07165405743,0.7024925745,-0.08498027894,1.027847983,-0.001892511696,11.46464919,0.08498027894,0.001892511696,12.25401455,12.25401455,0.05,0.2450802911,-1.438106989e-06,-4.793689962e-07,-1.438106989e-06,-1.917475985e-06,0.2450802911,-5.416869657e-05,-1.273641426e-08,-4.245471419e-09,-1.273641426e-08,-1.698188568e-08,0.002170522874,-4.797382704e-07,0,0,0,0,0,0
0.07,1,0.01204161903,5.368932758e-05,3.81098352e-05,-1.198422491e-06,6.663229047e-05,-0.02784894184,-6.926881995e-05,0,0,0,0,0,0,-0.02710600091,0.01046494247,-0.000200921616,-0.0007429409231,-0.008579272987,-0.0817936469,11.54700519,0,-0.0001162408017,0.0817936469,0.7595186882,-0.09906490973,1.027848942,-0.002160320402,13.0869835,0.09906490973,0.002160320402,13.94772742,13.94772742,0.05,0.2789545484,-2.876213977e-06,-4.793689962e-07,-4.793689962e-07,-9.587379924e-07,0.2789545484,-5.656554155e-05,-3.463427297e-08,-5.772378828e-09,-5.772378828e-09,-1.154475766e-08,0.003359064399,-6.811407016e-07,0,0,0,0,0,0
0.08,1,0.01570841944,5.249090509e-05,3.81098352e-05,-1.438106989e-06,6.567355248e-05,-0.0278494212,-6.878945096e-05,0,0,0,-0.001047197551,0,0,-0.02700136201,0.01046278981,-0.0002296089646,-0.0008480591925,-0.009793335326,-0.0918856203,11.54700523,0,-0.000121776078,0.0918856203,0.805268827,-0.1130836943,1.027849421,-0.002426870214,14.70169925,0.1130836943,0.002426870214,15.62247864,15.62247864,0.05,0.3124495728,-4.793689962e-07,-4.793689962e-07,-0,0.0001056784931,0.3124495728,-5.752427955e-05,-7.530129257e-09,-7.530129257e-09,-0,1.660042095e-06,0.004908088942,-9.036155108e-07,0,0,0,0,0,0
0.09,1,0.01985315716,5.201153609e-05,3.81098352e-05,-1.438106989e-06,6.639260598e-05,-0.02785037994,-6.926881995e-05,0,0,0,0,0,0,-0.02689674607,0.01046035031,-0.0002582900185,-0.0009536338701,-0.01101274187,-0.102021817,11.54700532,0,-0.0001328466305,0.102021817,0.843486125,-0.1271641889,1.02785038,-0.002694591058,16.32349072,0.1271641889,0.002694591058,17.29683563,17.29683563,0.05,0.3459367125,4.793689962e-07,-4.793689962e-07,-0,-4.793689962e-07,0.3459367125,-5.656554155e-05,9.51698802e-09,-9.51698802e-09,-0,-9.51698802e-09,0.006867935921,-1.123004586e-06,0,0,0,0,0,0
0.1,1,0.02447174185,5.10527981e-05,3.81098352e-05,-1.198422491e-06,6.639260598e-05,-0.02785014026,-6.854976646e-05,0,0,0,0,0,0,-0.02679215596,0.01045762403,-0.0002869639912,-0.001057984296,-0.01221809523,-0.1120409714,11.5470053,0,-0.0001300789924,0.1120409714,0.8724300748,-0.1410824103,1.02785014,-0.002959214683,17.92655542,0.1410824103,0.002959214683,18.94302712,18.94302712,0.05,0.3788605425,2.396844981e-06,-4.793689962e-07,-4.793689962e-07,-4.793689962e-07,0.3788605425,-5.800364854e-05,5.865497164e-08,-1.173099433e-08,-1.173099433e-08,-1.173099433e-08,0.009271377394,-1.419450314e-06,0,0,0,0,0,0
0.11,1,0.02955961552,5.273058958e-05,3.76304662e-05,-1.198422491e-06,6.663229047e-05,-0.02785157836,-6.831008196e-05,0,0,0,0,0,0,-0.02668759455,0.01045461106,-0.0003156300966,-0.001163983818,-0.01344258313,-0.1222189984,11.54700544,0,-0.0001466848211,0.1222189984,0.8989814314,-0.1552215805,1.027851578,-0.003228044724,19.55503974,0.1552215805,0.003228044724,20.6124708,20.6124708,0.05,0.412249416,-9.587379924e-07,4.793689962e-07,-4.793689962e-07,-9.587379924e-07,0.412249416,-5.848301754e-05,-2.833992644e-08,1.416996322e-08,-1.416996322e-08,-2.833992644e-08,0.01218593424,-1.728735513e-06,0,0,0,0,0,0
0.12,1,0.03511175706,5.249090509e-05,3.715109721e-05,-1.438106989e-06,6.519418349e-05,-0.02785229742,-6.854976646e-05,0,0,0,0,0,0,-0.0265830647,0.01045131146,-0.0003442875488,-0.001269232722,-0.01465850524,-0.1323256038,11.54700551,0,-0.0001549877354,0.1323256038,0.9194416929,-0.1692618408,1.027852297,-0.00349498499,21.17209661,0.1692618408,0.00349498499,22.26429513,22.26429513,0.05,0.4452859025,-4.793689962e-07,1.438106989e-06,-0,1.917475985e-06,0.4452859025,-5.800364854e-05,-1.683148774e-08,5.049446321e-08,-0,6.732595094e-08,0.01563477043,-2.036610016e-06,0,0,0,0,0,0
0.13,1,0.04112268716,5.344964308e-05,3.715109721e-05,-1.198422491e-06,6.591323698e-05,-0.02785205773,-6.878945096e-05,0,0,0,0,0,0,-0.02647856927,0.01044772534,-0.0003729355623,-0.001373488461,-0.01586306996,-0.1423375791,11.54700549,0,-0.0001522200973,0.1423375791,0.9343962091,-0.1831709559,1.027852058,-0.003759419615,22.77401266,0.1831709559,0.003759419615,23.89533925,23.89533925,0.05,0.4779067849,-2.396844981e-06,1.438106989e-06,-4.793689962e-07,4.793689962e-07,0.4779067849,-5.752427955e-05,-9.856470632e-08,5.913882379e-08,-1.971294126e-08,1.971294126e-08,0.01965281121,-2.365552952e-06,0,0,0,0,0,0
0.14,1,0.04758647377,5.297027408e-05,3.78701507e-05,-9.587379924e-07,6.519418349e-05,-0.02785229742,-6.711165947e-05,0,0,0,0,0,0,-0.02637411114,0.01044385278,-0.0004015733515,-0.001478186274,-0.01707285914,-0.1523927814,11.54700551,0,-0.0001549877354,0.1523927814,0.9473079343,-0.1971403986,1.027852297,-0.004024999458,24.38284503,0.1971403986,0.004024999458,25.53131836,25.53131836,0.05,0.5106263672,-1.438106989e-06,-0,-9.587379924e-07,1.917475985e-06,0.5106263672,-6.087986252e-05,-6.843444049e-08,-0,-4.562296033e-08,9.124592065e-08,0.02429890823,-2.897057981e-06,0,0,0,0,0,0
0.15,1,0.05449673791,5.297027408e-05,3.83495197e-05,-7.190534943e-07,6.615292148e-05,-0.02785277679,-6.735134397e-05,0,0,0,0,0,0,-0.02626969317,0.01043969391,-0.0004302001314,-0.001583083615,-0.01828508114,-0.1624680014,11.54700556,0,-0.0001605230117,0.1624680014,0.9582943148,-0.2111379337,1.027852777,-0.004291110259,25.99488023,0.2111379337,0.004291110259,27.16860359,27.16860359,0.05,0.5433720718,-1.438106989e-06,-9.587379924e-07,-1.438106989e-06,-0,0.5433720718,-6.040049352e-05,-7.837213964e-08,-5.224809309e-08,-7.837213964e-08,-0,0.02961200538,-3.291629865e-06,0,0,0,0,0,0
0.16,1,0.06184665998,5.201153609e-05,3.83495197e-05,-9.587379924e-07,6.639260598e-05,-0.02785349584,-6.687197497e-05,0,0,0,0,0,0,-0.02616531822,0.01043524882,-0.0004588151171,-0.001688177621,-0.01949971195,-0.1725630392,11.54700565,0,-0.000168825926,0.1725630392,0.967644358,-0.225163284,1.027853496,-0.00455774711,27.61008628,0.225163284,0.00455774711,28.80745167,28.80745167,0.05,0.5761490334,4.793689962e-07,-9.587379924e-07,-9.587379924e-07,-4.793689962e-07,0.5761490334,-6.135923152e-05,2.964737131e-08,-5.929474263e-08,-5.929474263e-08,-2.964737131e-08,0.03563289336,-3.794863528e-06,0,0,0,0,0,0
0.17,1,0.0696289865,5.177185159e-05,3.76304662e-05,-9.587379924e-07,6.543386798e-05,-0.02785301647,-6.735134397e-05,0,0,0,0,0,0,-0.02606098915,0.01043051765,-0.0004874175242,-0.001792027323,-0.02070012168,-0.1825396391,11.54700559,0,-0.0001632906498,0.1825396391,0.973173103,-0.2390244208,1.027853016,-0.004821245268,29.20634225,0.2390244208,0.004821245268,30.42336102,30.42336102,0.05,0.6084672204,9.587379924e-07,4.793689962e-07,-9.587379924e-07,1.438106989e-06,0.6084672204,-6.040049352e-05,6.675595473e-08,3.337797736e-08,-6.675595473e-08,1.001339321e-07,0.04236695587,-4.205625148e-06,0,0,0,0,0,0
0.18,1,0.07783603725,5.225122059e-05,3.81098352e-05,-9.587379924e-07,6.687197497e-05,-0.02785229742,-6.783071296e-05,0,0,0,0,0,0,-0.02595670882,0.01042550051,-0.0005160065685,-0.001895588598,-0.02189735684,-0.192489638,11.54700551,0,-0.0001549877354,0.192489638,0.9771988662,-0.2528489001,1.027852297,-0.005084037979,30.79834207,0.2528489001,0.005084037979,32.03347388,32.03347388,0.05,0.6406694776,-0,-4.793689962e-07,-9.587379924e-07,-1.438106989e-06,0.6406694776,-5.944175553e-05,-0,-3.731218305e-08,-7.462436609e-08,-1.119365491e-07,0.04986717332,-4.626710698e-06,0,0,0,0,0,0
0.19,1,0.08645971286,5.273058958e-05,3.85892042e-05,-1.198422491e-06,6.687197497e-05,-0.0278525371,-6.687197497e-05,0,0,0,0,0,0,-0.02585248009,0.01042019756,-0.0005445814662,-0.002000057011,-0.02310523153,-0.2025278818,11.54700554,0,-0.0001577553736,0.2025278818,0.9819948355,-0.2667962364,1.027852537,-0.005349170657,32.40446109,0.2667962364,0.005349170657,33.65860133,33.65860133,0.05,0.6731720266,-9.587379924e-07,-1.438106989e-06,-4.793689962e-07,-1.438106989e-06,0.6731720266,-6.135923152e-05,-8.289221154e-08,-1.243383173e-07,-4.144610577e-08,-1.243383173e-07,0.05820226013,-5.305101538e-06,0,0,0,0,0,0
0.2,1,0.09549150281,5.225122059e-05,3.81098352e-05,-1.198422491e-06,6.687197497e-05,-0.02785277679,-6.711165947e-05,0,0,0,0,0,0,-0.02574830582,0.01041460893,-0.000573141434,-0.002104470966,-0.02431265108,-0.2125621327,11.54700556,0,-0.0001605230117,0.2125621327,0.985879058,-0.2807383173,1.027852777,-0.00561419812,34.00994123,0.2807383173,0.00561419812,35.2821728,35.2821728,0.05,0.7056434561,-0,-4.793689962e-07,-4.793689962e-07,-1.438106989e-06,0.7056434561,-6.087986252e-05,-0,-4.577566585e-08,-4.577566585e-08,-1.373269976e-07,0.06738295407,-5.813509563e-06,0,0,0,0,0,0
0.21,1,0.1049224938,5.08131136e-05,3.81098352e-05,-1.198422491e-06,6.639260598e-05,-0.02785229742,-6.735134397e-05,0,0,0,0,0,0,-0.02564418886,0.01040873479,-0.0006016856887,-0.002208108554,-0.02551128844,-0.2225231621,11.54700551,0,-0.0001549877354,0.2225231621,0.9878314919,-0.2945789882,1.027852297,-0.00587728368,35.60370594,0.2945789882,0.00587728368,36.89199371,36.89199371,0.05,0.7378398741,2.876213977e-06,-4.793689962e-07,-4.793689962e-07,-4.793689962e-07,0.7378398741,-6.040049352e-05,3.017795432e-07,-5.029659054e-08,-5.029659054e-08,-5.029659054e-08,0.07741599963,-6.337370408e-06,0,0,0,0,0,0
0.22,1,0.1147433786,5.10527981e-05,3.81098352e-05,-1.198422491e-06,6.735134397e-05,-0.02785181805,-6.639260598e-05,0,0,0,0,0,0,-0.02554013208,0.01040257528,-0.000630213448,-0.002311685973,-0.02670942235,-0.2324797967,11.54700546,0,-0.0001494524592,0.2324797967,0.9893547085,-0.3084138457,1.027851818,-0.006140252669,37.19676747,0.3084138457,0.006140252669,38.50067628,38.50067628,0.05,0.7700135255,2.396844981e-06,-4.793689962e-07,-4.793689962e-07,-2.396844981e-06,0.7700135255,-6.231796951e-05,2.750220911e-07,-5.500441823e-08,-5.500441823e-08,-2.750220911e-07,0.08835395349,-7.15057437e-06,0,0,0,0,0,0
0.23,1,0.1249444652,5.201153609e-05,3.78701507e-05,-1.198422491e-06,6.663229047e-05,-0.02785085931,-6.735134397e-05,0,0,0,0,0,0,-0.02543613831,0.01039613057,-0.0006587239296,-0.002414721002,-0.02790149334,-0.2423858164,11.54700536,0,-0.0001383819067,0.2423858164,0.9895028573,-0.3221786933,1.027850859,-0.006401878362,38.78173063,0.3221786933,0.006401878362,40.09981406,40.09981406,0.05,0.8019962811,4.793689962e-07,-0,-4.793689962e-07,-9.587379924e-07,0.8019962811,-6.040049352e-05,5.989450286e-08,-0,-5.989450286e-08,-1.197890057e-07,0.1002049964,-7.54670736e-06,0,0,0,0,0,0
0.24,1,0.1355156863,5.297027408e-05,3.81098352e-05,-1.677791487e-06,6.711165947e-05,-0.027851099,-6.639260598e-05,0,0,0,0,0,0,-0.02533221041,0.01038940086,-0.000687216352,-0.002518888581,-0.02910685066,-0.2524020842,11.54700539,0,-0.0001411495448,0.2524020842,0.9917214498,-0.3360969614,1.027851099,-0.006666430481,40.38433347,0.3360969614,0.006666430481,41.71881831,41.71881831,0.05,0.8343763662,-1.438106989e-06,-4.793689962e-07,4.793689962e-07,-1.917475985e-06,0.8343763662,-6.231796951e-05,-1.948860555e-07,-6.496201851e-08,6.496201851e-08,-2.59848074e-07,0.1130710859,-8.445062406e-06,0,0,0,0,0,0
0.25,1,0.1464466094,5.273058958e-05,3.85892042e-05,-4.793689962e-07,6.567355248e-05,-0.02785014026,-6.639260598e-05,0,0,0,0,0,0,-0.02522835124,0.01038238631,-0.000715689934,-0.002621789016,-0.03029779366,-0.2622983059,11.5470053,0,-0.0001300789924,0.2622983059,0.9914868765,-0.3498487839,1.02785014,-0.00692779604,41.96772894,0.3498487839,0.00692779604,43.31599239,43.31599239,0.05,0.8663198479,-9.587379924e-07,-1.438106989e-06,-1.917475985e-06,9.587379924e-07,0.8663198479,-6.231796951e-05,-1.404039283e-07,-2.106058925e-07,-2.808078566e-07,1.404039283e-07,0.1268696044,-9.12625534e-06,0,0,0,0,0,0
0.26,1,0.157726447,5.297027408e-05,3.715109721e-05,-9.587379924e-07,6.759102847e-05,-0.0278494212,-6.687197497e-05,0,0,0,0,0,0,-0.02512456364,0.01037508712,-0.000744143895,-0.002724857567,-0.03149090388,-0.2722123344,11.54700523,0,-0.000121776078,0.2722123344,0.9914652613,-0.3636256319,1.027849421,-0.007189634289,43.55397351,0.3636256319,0.007189634289,44.91625403,44.91625403,0.05,0.8983250807,-1.438106989e-06,1.438106989e-06,-9.587379924e-07,-2.876213977e-06,0.8983250807,-6.135923152e-05,-2.268275058e-07,2.268275058e-07,-1.512183372e-07,-4.536550116e-07,0.1416896233,-9.67797358e-06,0,0,0,0,0,0
0.27,1,0.1693440673,5.273058958e-05,3.81098352e-05,-4.793689962e-07,6.759102847e-05,-0.02784822278,-6.567355248e-05,0,0,0,0,0,0,-0.02502085045,0.0103675035,-0.0007725774549,-0.002827372334,-0.03267785407,-0.2820749396,11.54700514,0,-0.0001079378873,0.2820749396,0.9905506936,-0.3773313489,1.027848223,-0.007450106671,45.13199033,0.3773313489,0.007450106671,46.50732248,46.50732248,0.05,0.9301464496,-9.587379924e-07,-4.793689962e-07,-1.917475985e-06,-2.876213977e-06,0.9301464496,-6.37560765e-05,-1.623565911e-07,-8.117829557e-08,-3.247131823e-07,-4.870697734e-07,0.157514783,-1.079671331e-05,0,0,0,0,0,0
0.28,1,0.1812880051,5.320995858e-05,3.81098352e-05,-4.793689962e-07,6.663229047e-05,-0.02784726404,-6.567355248e-05,0,0,0,0,0,0,-0.02491721451,0.01035963565,-0.0008009898342,-0.002930049529,-0.03386692279,-0.2919549461,11.54700507,0,-9.686733483e-05,0.2919549461,0.990012412,-0.3910615291,1.027847264,-0.007711041035,46.71279138,0.3910615291,0.007711041035,48.10157636,48.10157636,0.05,0.9620315272,-1.917475985e-06,-4.793689962e-07,-1.917475985e-06,-9.587379924e-07,0.9620315272,-6.37560765e-05,-3.476153962e-07,-8.690384904e-08,-3.476153962e-07,-1.738076981e-07,0.1744047764,-1.155821192e-05,0,0,0,0,0,0
0.29,1,0.1935464732,5.249090509e-05,3.81098352e-05,-1.438106989e-06,6.615292148e-05,-0.02784654499,-6.615292148e-05,0,0,0,0,0,0,-0.02481365868,0.01035148378,-0.000829380254,-0.003032886309,-0.03505808564,-0.301852151,11.54700502,0,-8.856442043e-05,0.301852151,0.9899923726,-0.4048158909,1.027846545,-0.00797243238,48.29634415,0.4048158909,0.00797243238,49.69912485,49.69912485,0.05,0.993982497,-4.793689962e-07,-4.793689962e-07,-0,-0,0.993982497,-6.27973385e-05,-9.278017857e-08,-9.278017857e-08,-0,-0,0.1923818067,-1.215420339e-05,0,0,0,0,0,0
0.3,1,0.2061073739,5.344964308e-05,3.76304662e-05,-9.587379924e-07,6.663229047e-05,-0.02784510688,-6.519418349e-05,0,0,0,0,0,0,-0.02471018579,0.01034304812,-0.0008577479359,-0.003134921098,-0.03624024761,-0.3116743132,11.54700494,0,-7.195859162e-05,0.3116743132,0.9885458438,-0.4184663182,1.027845107,-0.008231829474,49.8678901,0.4184663182,0.008231829474,51.2831341,51.2831341,0.05,1.025662682,-2.396844981e-06,4.793689962e-07,-9.587379924e-07,-9.587379924e-07,1.025662682,-6.471481449e-05,-4.940074246e-07,9.880148492e-08,-1.976029698e-07,-1.976029698e-07,0.2113966418,-1.333820046e-05,0,0,0,0,0,0
0.31,1,0.2189583111,5.225122059e-05,3.81098352e-05,-9.587379924e-07,6.639260598e-05,-0.02784199098,-6.543386798e-05,0,0,0,0,0,0,-0.02460679866,0.0103343289,-0.0008860921022,-0.003235192321,-0.03740231369,-0.3213291902,11.54700482,0,-3.597929583e-05,0.3213291902,0.9843170627,-0.4318846965,1.027841991,-0.008486779145,51.41267043,0.4318846965,0.008486779145,52.83735896,52.83735896,0.05,1.056747179,-0,-4.793689962e-07,-9.587379924e-07,-4.793689962e-07,1.056747179,-6.423544549e-05,-0,-1.049618258e-07,-2.099236516e-07,-1.049618258e-07,0.2313835776,-1.406488466e-05,0,0,0,0,0,0
0.32,1,0.2320866025,5.201153609e-05,3.906857319e-05,-9.587379924e-07,6.735134397e-05,-0.02784079256,-6.471481449e-05,0,0,0,0,0,0,-0.02450350015,0.01032532636,-0.0009144119759,-0.00333729241,-0.03858577392,-0.3311617198,11.5470048,0,-2.214110513e-05,0.3311617198,0.98413214,-0.4455501166,1.027840793,-0.008746450399,52.98587517,0.4455501166,0.008746450399,54.42430387,54.42430387,0.05,1.088486077,4.793689962e-07,-2.396844981e-06,-9.587379924e-07,-2.396844981e-06,1.088486077,-6.567355248e-05,1.112551217e-07,-5.562756084e-07,-2.225102434e-07,-5.562756084e-07,0.2526230356,-1.524195167e-05,0,0,0,0,0,0
0.33,1,0.2454792921,5.297027408e-05,3.85892042e-05,-9.587379924e-07,6.639260598e-05,-0.02783959414,-6.495449899e-05,0,0,0,0,0,0,-0.02440029308,0.01031604074,-0.0009427067804,-0.003439301059,-0.03976846263,-0.3409876219,11.54700479,0,-8.302914423e-06,0.3409876219,0.9837435567,-0.4592066283,1.027839594,-0.0090059454,54.55801951,0.4592066283,0.0090059454,56.00997564,56.00997564,0.05,1.120199513,-1.438106989e-06,-1.438106989e-06,-9.587379924e-07,-4.793689962e-07,1.120199513,-6.519418349e-05,-3.530254856e-07,-3.530254856e-07,-2.353503237e-07,-1.176751619e-07,0.2749857834,-1.600382201e-05,0,0,0,0,0,0
0.34,1,0.2591231629,5.249090509e-05,3.76304662e-05,-7.190534943e-07,6.687197497e-05,-0.02783719729,-6.591323698e-05,0,0,0,0,0,0,-0.02429718028,0.01030647231,-0.0009709757402,-0.003540017015,-0.04093651702,-0.3506916427,11.54700479,-0,1.937346699e-05,0.3506916427,0.9813523873,-0.4726941583,1.027837197,-0.009262198548,56.11066284,0.4726941583,0.009262198548,57.57397158,57.57397158,0.05,1.151479432,-4.793689962e-07,4.793689962e-07,-1.438106989e-06,-1.438106989e-06,1.151479432,-6.32767075e-05,-1.242156105e-07,1.242156105e-07,-3.726468316e-07,-3.726468316e-07,0.2983749924,-1.639646059e-05,0,0,0,0,0,0
0.35,1,0.2730047501,5.225122059e-05,3.76304662e-05,-7.190534943e-07,6.639260598e-05,-0.0278340814,-6.495449899e-05,0,0,0,0,0,0,-0.02419416458,0.01029662131,-0.0009992180802,-0.00363991682,-0.04209544773,-0.3603195946,11.54700488,-0,5.53527628e-05,0.3603195946,0.9780717314,-0.4860763402,1.027834081,-0.009516426927,57.65113514,0.4860763402,0.009516426927,59.12479964,59.12479964,0.05,1.182495993,-0,4.793689962e-07,-1.438106989e-06,-4.793689962e-07,1.182495993,-6.519418349e-05,-0,1.30870013e-07,-3.926100391e-07,-1.30870013e-07,0.322827023,-1.779832177e-05,0,0,0,0,0,0
0.36,1,0.2871103542,5.297027408e-05,3.78701507e-05,-4.793689962e-07,6.639260598e-05,-0.02782928771,-6.37560765e-05,0,0,0,0,0,0,-0.02409124879,0.01028648804,-0.001027433026,-0.003738038912,-0.04323415949,-0.3697792289,11.54700515,-0,0.0001107055255,0.3697792289,0.9723962905,-0.4992250625,1.027829288,-0.009766174915,59.16467662,0.4992250625,0.009766174915,60.64606415,60,0.05,1.2,-1.438106989e-06,-0,-1.917475985e-06,-4.793689962e-07,1.2,-6.759102847e-05,-4.128954069e-07,-0,-5.505272092e-07,-1.376318023e-07,0.3445324251,-1.940608412e-05,0,0,1,0,0,0
0.37,1,0.3014260547,5.273058958e-05,3.715109721e-05,-7.190534943e-07,6.711165947e-05,-0.02782521307,-6.27973385e-05,0,0,0,0,0,0,-0.02398843576,0.01027607275,-0.001055619805,-0.003836777314,-0.04438030396,-0.379300439,11.54700554,-0,0.0001577553736,0.379300439,0.9686340355,-0.5124596155,1.027825213,-0.01001755851,60.68807024,0.5124596155,0.01001755851,62.17918145,60,0.05,1.2,-9.587379924e-07,1.438106989e-06,-1.438106989e-06,-1.917475985e-06,1.2,-6.950850445e-05,-2.889886105e-07,4.334829158e-07,-4.334829158e-07,-5.779772211e-07,0.3617112656,-2.095167426e-05,0,0,1,0,0,0
0.38,1,0.3159377237,5.320995858e-05,3.76304662e-05,-9.587379924e-07,6.687197497e-05,-0.02781802253,-6.32767075e-05,0,0,0,0,0,0,-0.02388572828,0.01026537574,-0.001083777643,-0.003932294256,-0.0454895741,-0.3885148454,11.54700654,-0,0.0002407845165,0.3885148454,0.9601862081,-0.5252684097,1.027818023,-0.0102607731,62.16237527,0.5252684097,0.0102607731,63.65809066,60,0.05,1.2,-1.917475985e-06,4.793689962e-07,-9.587379924e-07,-1.438106989e-06,1.2,-6.854976646e-05,-6.058029978e-07,1.514507495e-07,-3.029014989e-07,-4.543522484e-07,0.3791252684,-2.165745717e-05,0,0,1,0,0,0
0.39,1,0.3306310399,5.297027408e-05,3.882888869e-05,-7.190534943e-07,6.711165947e-05,-0.02781250979,-6.32767075e-05,0,0,0,0.001047197551,0.001047197551,0,-0.02378312918,0.01025439729,-0.001111905768,-0.004029380612,-0.04661729786,-0.3968352561,11.54700759,-0,0.000304440192,0.3978824536,0.9559323543,-0.5382902923,1.028859981,-0.0105017774,63.49364097,0.5382902923,0.0105017774,64.9983654,60,0.05,1.2,-1.438106989e-06,-1.917475985e-06,-1.438106989e-06,-0.0001066372311,1.2,-6.854976646e-05,-4.754828091e-07,-6.339770788e-07,-4.754828091e-07,-3.525757861e-05,0.3967572479,-2.266468057e-05,0,0,1,0,0,0
0.4,1,0.3454915028,5.249090509e-05,3.882888869e-05,-9.587379924e-07,6.711165947e-05,-0.02780747642,-6.3037023e-05,0,0,0,-0.001047197551,0,0,-0.02368064127,0.01024313772,-0.00114000341,-0.004126835147,-0.04774961214,-0.4072880049,11.54700877,-0,0.0003625605905,0.4072880049,0.9532659706,-0.5513651901,1.027807476,-0.01075635615,65.16608078,0.5513651901,0.01075635615,66.68146829,60,0.05,1.2,-4.793689962e-07,-1.917475985e-06,-9.587379924e-07,0.0001028022791,1.2,-6.902913545e-05,-1.656179149e-07,-6.624716596e-07,-3.312358298e-07,3.551731391e-05,0.4145898034,-2.384897975e-05,0,0,1,0,0,0
0.41,1,0.360504447,5.225122059e-05,3.85892042e-05,-7.190534943e-07,6.687197497e-05,-0.02780124462,-6.231796951e-05,0,0,0,0,0,0,-0.02357826736,0.01023159733,-0.001168069799,-0.004222977259,-0.04886711853,-0.4165702071,11.54701051,-0,0.0004345191779,0.4165702071,0.9487416668,-0.5642691311,1.027801245,-0.01100136296,66.65123314,0.5642691311,0.01100136296,68.1752453,60,0.05,1.2,-0,-1.438106989e-06,-1.438106989e-06,-1.438106989e-06,1.2,-7.046724244e-05,-0,-5.184439646e-07,-5.184439646e-07,-5.184439646e-07,0.4326053364,-2.540375427e-05,0,0,1,0,0,0
0.42,1,0.3756550564,5.273058958e-05,3.882888869e-05,-1.438106989e-06,6.759102847e-05,-0.02779597156,-6.27973385e-05,0,0,0,0,0,0,-0.02347601026,0.01021977643,-0.001196104164,-0.004319961303,-0.04999470078,-0.4259359597,11.54701222,-0,0.0004954072121,0.4259359597,0.946521155,-0.5772894209,1.027795972,-0.01124859131,68.14975356,0.5772894209,0.01124859131,69.68481272,60,0.05,1.2,-9.587379924e-07,-1.917475985e-06,-0,-2.876213977e-06,1.2,-6.950850445e-05,-3.601547746e-07,-7.203095493e-07,-0,-1.080464324e-06,0.4507860677,-2.611122116e-05,0,0,1,0,0,0
0.43,1,0.3909283793,5.201153609e-05,3.76304662e-05,-1.198422491e-06,6.663229047e-05,-0.02778494607,-6.3037023e-05,0,0,0,0,0,0,-0.02337387277,0.01020767536,-0.001224105738,-0.004411073308,-0.0510548399,-0.4347406833,11.54701654,-0,0.0006227185516,0.4347406833,0.9342388799,-0.5895310806,1.027784946,-0.01148086994,69.55850933,0.5895310806,0.01148086994,71.09376016,60,0.05,1.2,4.793689962e-07,4.793689962e-07,-4.793689962e-07,-9.587379924e-07,1.2,-6.902913545e-05,1.873989448e-07,1.873989448e-07,-1.873989448e-07,-3.747978896e-07,0.4691140552,-2.698544805e-05,0,0,1,0,0,0
0.44,1,0.4063093427,5.153216709e-05,3.76304662e-05,0,6.783071296e-05,-0.02777248248,-6.255765401e-05,0,0,0,0,0.001047197551,0,-0.02327185768,0.01019529443,-0.001252073751,-0.004500624796,-0.05209732826,-0.4423511727,11.5470226,-0,0.0007666357088,0.4433983702,0.9214588978,-0.6015690267,1.028819954,-0.01170539165,70.77618762,0.6015690267,0.01170539165,72.31092094,60,0.05,1.2,1.438106989e-06,4.793689962e-07,-2.876213977e-06,-3.355582973e-06,1.2,-6.998787345e-05,5.843163053e-07,1.947721018e-07,-1.168632611e-06,-1.363404712e-06,0.4875712112,-2.843672686e-05,0,0,1,0,0,0
0.45,1,0.4217827675,5.249090509e-05,3.81098352e-05,-4.793689962e-07,6.735134397e-05,-0.02775594425,-6.32767075e-05,0,0,0,0,0.002094395102,0,-0.02316996781,0.010182634,-0.001280007439,-0.004585976441,-0.05309169657,-0.4495612196,11.54703258,-0,0.0009576026871,0.4516556147,0.9038922593,-0.61305155,1.029851436,-0.01192004808,71.92979514,0.61305155,0.01192004808,73.458659,60,0.05,1.2,-4.793689962e-07,-4.793689962e-07,-1.917475985e-06,-2.396844981e-06,1.2,-6.854976646e-05,-2.021895819e-07,-2.021895819e-07,-8.087583275e-07,-1.010947909e-06,0.506139321,-2.891311021e-05,0,0,1,0,0,0
0.46,1,0.4373333832,5.201153609e-05,3.85892042e-05,-1.198422491e-06,6.615292148e-05,-0.02773389328,-6.255765401e-05,0,0,0,0,0.001047197551,0,-0.02306820593,0.0101696944,-0.001307906035,-0.004665687341,-0.05402131356,-0.4583268289,11.54704932,-0,0.001212225283,0.4593740265,0.879437525,-0.6237867723,1.028781365,-0.01212722588,73.33229263,0.6237867723,0.01212722588,74.84764415,60,0.05,1.2,4.793689962e-07,-1.438106989e-06,-4.793689962e-07,-0,1.2,-6.998787345e-05,2.096440649e-07,-6.289321948e-07,-2.096440649e-07,-0,0.5248000599,-3.060803348e-05,0,0,1,0,0,0
0.47,1,0.4529458433,5.249090509e-05,3.83495197e-05,-4.793689962e-07,6.639260598e-05,-0.02770201524,-6.32767075e-05,0,0,0,0,0.004188790205,0,-0.02296657485,0.01015647599,-0.001335768774,-0.004735440387,-0.05483633577,-0.4619501066,11.54708048,-0,0.001580320885,0.4661388968,0.8419620157,-0.6331995825,1.031895192,-0.01229720062,73.91201706,0.6331995825,0.01229720062,75.39947586,60,0.05,1.2,-4.793689962e-07,-9.587379924e-07,-1.917475985e-06,-4.793689962e-07,1.2,-6.854976646e-05,-2.171281943e-07,-4.342563885e-07,-8.68512777e-07,-2.171281943e-07,0.543535012,-3.104933178e-05,0,0,1,0,0,0
0.48,1,0.4686047402,5.416869657e-05,3.73907817e-05,-1.438106989e-06,6.711165947e-05,-0.02765431802,-6.3037023e-05,0,0,0,0,0.005235987756,0,-0.02286507734,0.01014297914,-0.001363594892,-0.00478924068,-0.0554675449,-0.4661380867,11.54714244,-0,0.002131080159,0.4713740744,0.7830964747,-0.6404916418,1.03289716,-0.01243279475,74.58209386,0.6404916418,0.01243279475,76.01811478,60,0.05,1.2,-3.83495197e-06,9.587379924e-07,-0,-1.917475985e-06,1.2,-6.902913545e-05,-1.797076672e-06,4.492691679e-07,-0,-8.985383358e-07,0.5623256883,-3.234738009e-05,0,0,1,0,0,0
0.49,1,0.4842946205,5.368932758e-05,3.73907817e-05,-9.587379924e-07,6.663229047e-05,-0.02759583501,-6.3516392e-05,0,0,0,0,0.005235987756,0,-0.02276371619,0.01012920422,-0.001391383626,-0.004832118811,-0.05597303321,-0.470326172,11.54724351,-0,0.002806382312,0.4755621597,0.7166710029,-0.6463342443,1.032838677,-0.0125430785,75.25218752,0.6463342443,0.0125430785,76.62773584,60,0.05,1.2,-2.876213977e-06,9.587379924e-07,-9.587379924e-07,-9.587379924e-07,1.2,-6.807039746e-05,-1.392934956e-06,4.643116522e-07,-4.643116522e-07,-4.643116522e-07,0.5811535446,-3.29661273e-05,0,0,1,0,0,0
0.5,1,0.5,5.201153609e-05,3.76304662e-05,-7.190534943e-07,6.711165947e-05,-0.02752776461,-6.3516392e-05,0,0,0,0,0.006283185307,0,-0.02266249418,0.0101151516,-0.001419134215,-0.004865270424,-0.05636660893,-0.4725342385,11.54739596,-0,0.003592388512,0.4788174239,0.6451809248,-0.6508875523,1.03382082,-0.01262594341,75.60547817,0.6508875523,0.01262594341,76.91417259,60,0.05,1.2,4.793689962e-07,4.793689962e-07,-1.438106989e-06,-1.917475985e-06,1.2,-6.807039746e-05,2.396844981e-07,2.396844981e-07,-7.190534943e-07,-9.587379924e-07,0.6,-3.403519873e-05,0,0,1,0,0,0
0.51,1,0.5157053795,5.00940601e-05,3.73907817e-05,-1.438106989e-06,6.687197497e-05,-0.0274474703,-6.3037023e-05,0,0,0,0,0.00837758041,0,-0.02256141409,0.01010082167,-0.001446845897,-0.004886056214,-0.0566177939,-0.4725078963,11.54762394,-0,0.004519541545,0.4808854767,0.564129411,-0.6538009923,1.035842597,-0.01267466858,75.6012634,0.6538009923,0.01267466858,76.83186847,60,0.05,1.2,4.314320966e-06,9.587379924e-07,-0,-1.438106989e-06,1.2,-6.902913545e-05,2.224918531e-06,4.944263403e-07,-0,-7.416395104e-07,0.6188464554,-3.55986965e-05,0,0,1,0,0,0
0.52,1,0.5313952598,5.129248259e-05,3.73907817e-05,-1.677791487e-06,6.615292148e-05,-0.02735878704,-6.3037023e-05,0,0,0,0,0.00837758041,0,-0.02246047867,0.01008621481,-0.001474517914,-0.004898308363,-0.05677083565,-0.4737562346,11.54793631,-0,0.005543557902,0.482133815,0.4835386027,-0.6555859944,1.035753913,-0.0127059784,75.80099754,0.6555859944,0.0127059784,76.95282811,60,0.05,1.2,1.917475985e-06,9.587379924e-07,4.793689962e-07,-0,1.2,-6.902913545e-05,1.018937649e-06,5.094688245e-07,2.547344123e-07,-0,0.6376743117,-3.668175537e-05,0,0,1,0,0,0
0.53,1,0.5470541567,5.249090509e-05,3.85892042e-05,-1.198422491e-06,6.735134397e-05,-0.02726123545,-6.27973385e-05,0,0,0,0,0.009424777961,0,-0.02235969071,0.01007133144,-0.001502149506,-0.004901544733,-0.05682015904,-0.4730905064,11.54835336,-0,0.006669970828,0.4825152843,0.4018764582,-0.6561792745,1.03670822,-0.01271151534,75.69448102,0.6561792745,0.01271151534,76.76524827,60,0.05,1.2,-4.793689962e-07,-1.438106989e-06,-4.793689962e-07,-2.396844981e-06,1.2,-6.950850445e-05,-2.62240802e-07,-7.867224059e-07,-2.62240802e-07,-1.31120401e-06,0.656464988,-3.802491628e-05,0,0,1,0,0,0
0.54,1,0.5626666168,5.225122059e-05,3.81098352e-05,-1.198422491e-06,6.711165947e-05,-0.02716368385,-6.27973385e-05,0,0,0,0,0.01047197551,0,-0.02225905297,0.01005617196,-0.001529739916,-0.00490463089,-0.05686813883,-0.4724101416,11.54884735,-0,0.007796377407,0.4828821171,0.334780319,-0.6567614545,1.037663075,-0.0127166274,75.58562266,0.6567614545,0.0127166274,76.58988106,60,0.05,1.2,-0,-4.793689962e-07,-4.793689962e-07,-1.917475985e-06,1.2,-6.950850445e-05,-0,-2.697249313e-07,-2.697249313e-07,-1.078899725e-06,0.6751999401,-3.911011504e-05,0,0,1,0,0,0
0.55,1,0.5782172325,5.249090509e-05,3.882888869e-05,-1.677791487e-06,6.711165947e-05,-0.02705726394,-6.231796951e-05,0,0,0,0,0.01151917306,0,-0.02215856819,0.01004073678,-0.001557288387,-0.004898695746,-0.05681231746,-0.4708611686,11.54947402,-0,0.009025176085,0.4823803416,0.2640902208,-0.6561523845,1.03860961,-0.01269806536,75.33778697,0.6561523845,0.01269806536,76.27072764,60,0.05,1.2,-4.793689962e-07,-1.917475985e-06,4.793689962e-07,-1.917475985e-06,1.2,-7.046724244e-05,-2.771794143e-07,-1.108717657e-06,2.771794143e-07,-1.108717657e-06,0.693860679,-4.074537391e-05,0,0,1,0,0,0
0.56,1,0.5936906573,5.177185159e-05,3.930825769e-05,-1.438106989e-06,6.639260598e-05,-0.02693478516,-6.231796951e-05,0,0,0,0,0.01256637061,0,-0.02205823915,0.01002502634,-0.001584794164,-0.004876546012,-0.05656958987,-0.467749886,11.55030862,-0,0.01043938885,0.4803162566,0.1774292971,-0.6533962218,1.039540634,-0.01263678623,74.83998176,0.6533962218,0.01263678623,75.68344406,60,0.05,1.2,9.587379924e-07,-2.876213977e-06,-0,-4.793689962e-07,1.2,-7.046724244e-05,5.691937889e-07,-1.707581367e-06,-0,-2.845968944e-07,0.7124287888,-4.183574348e-05,0,0,1,0,0,0
0.57,1,0.6090716207,5.249090509e-05,3.882888869e-05,-1.677791487e-06,6.735134397e-05,-0.02677563465,-6.255765401e-05,0,0,0,0,0.01780235837,0,-0.02195806858,0.01000904105,-0.001612256493,-0.004817566071,-0.05590176544,-0.4568992442,11.55157442,-0,0.01227701148,0.4747016026,0.04096601099,-0.6457534034,1.044657224,-0.01246545318,73.10387907,0.6457534034,0.01246545318,73.80306394,60,0.05,1.2,-4.793689962e-07,-1.917475985e-06,4.793689962e-07,-2.396844981e-06,1.2,-6.998787345e-05,-2.919700514e-07,-1.167880206e-06,2.919700514e-07,-1.459850257e-06,0.7308859448,-4.262762751e-05,0,0,1,0,0,0
0.58,1,0.6243449436,5.297027408e-05,3.81098352e-05,-1.677791487e-06,6.735134397e-05,-0.02656207576,-6.231796951e-05,0,0,0,0,0.02408554368,0,-0.02185805924,0.009992781353,-0.001639674622,-0.004704016524,-0.0546037232,-0.4397352209,11.55359499,-0,0.01474280782,0.4638207646,-0.1670091108,-0.630869303,1.050792648,-0.01213850808,70.35763535,0.630869303,0.01213850808,70.83363405,60,0.05,1.2,-1.438106989e-06,-4.793689962e-07,4.793689962e-07,-2.396844981e-06,1.2,-7.046724244e-05,-8.978748267e-07,-2.992916089e-07,2.992916089e-07,-1.496458044e-06,0.7492139323,-4.399586651e-05,0,0,1,0,0,0
0.59,1,0.639495553,5.249090509e-05,3.76304662e-05,-1.917475985e-06,6.735134397e-05,-0.02632622622,-6.183860051e-05,0,0,0,0,0.02408554368,0,-0.02175821387,0.009976247703,-0.001667047798,-0.004568012351,-0.05304618778,-0.4266772201,11.55625554,-0,0.01746589826,0.4507627637,-0.3752119514,-0.6130153015,1.050556798,-0.01177276677,68.26835521,0.6130153015,0.01177276677,68.51793133,60,0.05,1.2,-4.793689962e-07,4.793689962e-07,9.587379924e-07,-2.396844981e-06,1.2,-7.142598044e-05,-3.065543413e-07,3.065543413e-07,6.131086827e-07,-1.532771707e-06,0.7673946636,-4.567659686e-05,0,0,1,0,0,0
0.6,1,0.6545084972,5.225122059e-05,3.78701507e-05,-2.157160483e-06,6.711165947e-05,-0.02607216065,-6.207828501e-05,0,0,0,0,0.02722713633,0,-0.0216585352,0.009959440549,-0.001694375271,-0.004413625452,-0.05127594885,-0.4086900859,11.55962577,-0,0.02039919957,0.4359172222,-0.5795959371,-0.5927307798,1.053484626,-0.0113394115,65.39041374,0.5927307798,0.0113394115,65.41488799,60,0.05,1.2,-0,-0,1.438106989e-06,-1.917475985e-06,1.2,-7.094661144e-05,-0,-0,9.412532439e-07,-1.255004325e-06,0.7854101966,-4.643516003e-05,0,0,1,0,0,0
0.61,1,0.6693689601,5.153216709e-05,3.78701507e-05,-2.157160483e-06,6.687197497e-05,-0.02575505806,-6.255765401e-05,0,0,0,0,0.03455751919,0,-0.02155902597,0.009942360352,-0.001721656292,-0.004196032093,-0.04877434346,-0.3803941714,11.56456651,-0,0.0240601048,0.4149516906,-0.858919825,-0.5640541389,1.060611133,-0.01069759681,60.86306742,0.5640541389,0.01069759681,60.57889934,60,0.05,1.2,1.438106989e-06,-0,1.438106989e-06,-1.438106989e-06,1.2,-6.998787345e-05,9.626241795e-07,-0,9.626241795e-07,-9.626241795e-07,0.8032427521,-4.684771007e-05,0,0,1,0,0,0
0.62,1,0.6840622763,5.201153609e-05,3.715109721e-05,-2.157160483e-06,6.615292148e-05,-0.02538210898,-6.27973385e-05,0,0,0,0,0.04188790205,0,-0.0214596889,0.009925007581,-0.001748890113,-0.00392242008,-0.04562334216,-0.3466631541,11.57142204,-0,0.02836543767,0.3885510561,-1.186863563,-0.5279269469,1.06770866,-0.009879915343,55.46610466,0.5279269469,0.009879915343,54.81704795,54.81704795,0.05,1.096340959,4.793689962e-07,1.438106989e-06,1.438106989e-06,-0,1.096340959,-6.950850445e-05,3.279182468e-07,9.837547403e-07,9.837547403e-07,-0,0.7499931124,-4.754814578e-05,0,0,0,0,1,0
0.63,1,0.6985739453,5.249090509e-05,3.78701507e-05,-1.917475985e-06,6.663229047e-05,-0.02490849241,-6.27973385e-05,0,0,0,0,0.04817108736,0,-0.02136052672,0.00990738271,-0.001776075987,-0.00354796569,-0.04130225201,-0.3042027719,11.58175844,-0,0.03383230221,0.3523738593,-1.634244973,-0.4783527059,1.073659693,-0.008766706648,48.67244351,0.4783527059,0.008766706648,47.52531795,47.52531795,0.05,0.950506359,-4.793689962e-07,-0,9.587379924e-07,-9.587379924e-07,0.950506359,-6.950850445e-05,-3.348746909e-07,-0,6.697493819e-07,-6.697493819e-07,0.6639989772,-4.855683019e-05,0,0,0,0,0,0
0.64,1,0.7128896458,5.273058958e-05,3.83495197e-05,-1.917475985e-06,6.663229047e-05,-0.02440587402,-6.255765401e-05,0,0,0,0,0.05235987756,0,-0.02126154215,0.009889486223,-0.001803213169,-0.003144331868,-0.03663801693,-0.2609881423,11.59472789,-0,0.03963309693,0.3133480199,-2.049660313,-0.4248078369,1.077451141,-0.007574534629,41.75810277,0.4248078369,0.007574534629,40.14082483,40.14082483,0.05,0.8028164966,-9.587379924e-07,-9.587379924e-07,9.587379924e-07,-9.587379924e-07,0.8028164966,-6.998787345e-05,-6.834743878e-07,-6.834743878e-07,6.834743878e-07,-6.834743878e-07,0.5758296911,-4.989363031e-05,0,0,0,0,1,0
0.65,1,0.7269952499,5.320995858e-05,3.76304662e-05,-2.157160483e-06,6.687197497e-05,-0.02389175077,-6.231796951e-05,0,0,0,0,0.05131268001,0,-0.0211627379,0.009871318611,-0.001830300915,-0.00272901287,-0.031831587,-0.2218631867,11.61013166,-0,0.04556563473,0.2731758667,-2.409335245,-0.3695689159,1.075862679,-0.006420057823,35.49810987,0.3695689159,0.006420057823,33.4647636,33.4647636,0.05,0.6692952719,-1.917475985e-06,4.793689962e-07,1.438106989e-06,-1.438106989e-06,0.6692952719,-7.046724244e-05,-1.393995933e-06,3.484989832e-07,1.04549695e-06,-1.04549695e-06,0.4894229296,-5.122935053e-05,0,0,0,0,1,0
0.66,1,0.7408768371,5.225122059e-05,3.715109721e-05,-2.157160483e-06,6.639260598e-05,-0.02337091636,-6.207828501e-05,0,0,0,0,0.0471238898,0,-0.02106411668,0.009852880372,-0.001857338483,-0.002306799676,-0.02693703095,-0.1852101008,11.62794886,-0,0.05157438608,0.2323339906,-2.714696134,-0.3132224183,1.071049971,-0.005311585108,29.63361612,0.3132224183,0.005311585108,27.23745399,27.23745399,0.05,0.5447490799,-0,1.438106989e-06,1.438106989e-06,-4.793689962e-07,0.5447490799,-7.094661144e-05,-0,1.065460157e-06,1.065460157e-06,-3.551533857e-07,0.4035919753,-5.256270108e-05,0,0,0,0,0,0
0.67,1,0.7545207079,5.153216709e-05,3.81098352e-05,-1.677791487e-06,6.567355248e-05,-0.02292078887,-6.159891601e-05,0,0,0,0,0.04188790205,0,-0.02096568119,0.009834172011,-0.00188432513,-0.001955107675,-0.02285446682,-0.1564329976,11.64514838,-0,0.05676628765,0.1983208996,-2.83856251,-0.2661436574,1.06524734,-0.004437816012,25.02927961,0.2661436574,0.004437816012,22.46129857,22.46129857,0.05,0.4492259715,1.438106989e-06,-4.793689962e-07,4.793689962e-07,9.587379924e-07,0.4492259715,-7.190534943e-05,1.085081503e-06,-3.616938344e-07,3.616938344e-07,7.233876687e-07,0.338950298,-5.425407515e-05,0,0,0,0,0,0
0.68,1,0.7679133975,5.153216709e-05,3.882888869e-05,-1.198422491e-06,6.567355248e-05,-0.02255670812,-6.087986252e-05,0,0,0,0,0.02827433388,0,-0.02086743414,0.009815194042,-0.001911260118,-0.001689273977,-0.01976560716,-0.1443438755,11.66028664,-0,0.06096486597,0.1726182094,-2.785818746,-0.2304726452,1.051030901,-0.00398629413,23.09502008,0.2304726452,0.00398629413,20.54366027,20.54366027,0.05,0.4108732055,1.438106989e-06,-1.917475985e-06,-4.793689962e-07,9.587379924e-07,0.4108732055,-7.334345642e-05,1.104341624e-06,-1.472455498e-06,-3.681138745e-07,7.362277491e-07,0.3155150392,-5.63214228e-05,0,0,0,0,0,0
0.69,1,0.7810416889,5.225122059e-05,3.882888869e-05,-4.793689962e-07,6.591323698e-05,-0.02233715712,-6.040049352e-05,0,0,0,0,0.01466076572,0,-0.02076937821,0.009795946984,-0.001938142708,-0.001567778906,-0.01835647043,-0.146207998,11.66994746,-0,0.06349634123,0.1608687637,-2.487565785,-0.2142190456,1.037051657,-0.003931080332,23.39327968,0.2142190456,0.003931080332,21.12386402,21.12386402,0.05,0.4224772803,-0,-1.917475985e-06,-1.917475985e-06,4.793689962e-07,0.4224772803,-7.430219441e-05,-0,-1.497628682e-06,-1.497628682e-06,3.744071704e-07,0.3299723686,-5.803311142e-05,0,0,0,0,0,0
0.7,1,0.7938926261,5.177185159e-05,3.85892042e-05,-2.396844981e-07,6.543386798e-05,-0.02223457215,-6.040049352e-05,0,0,0,0,0.005235987756,0,-0.0206715161,0.009776431365,-0.001964972162,-0.001563056056,-0.01830929556,-0.1551659145,11.67459901,-0,0.06467906631,0.1604019022,-2.038253597,-0.2137536837,1.027477414,-0.004095254552,24.82654631,0.2137536837,0.004095254552,23.00614165,23.00614165,0.05,0.4601228331,9.587379924e-07,-1.438106989e-06,-2.396844981e-06,1.438106989e-06,0.4601228331,-7.430219441e-05,7.611350226e-07,-1.141702534e-06,-1.902837556e-06,1.141702534e-06,0.3652881243,-5.898796425e-05,0,0,0,0,0,0
0.71,1,0.8064535268,5.201153609e-05,3.85892042e-05,2.396844981e-07,6.519418349e-05,-0.02221611645,-6.087986252e-05,0,0,0,0,0,0,-0.02057385048,0.00975664772,-0.001991747746,-0.001642265968,-0.01924230201,-0.1680467375,11.67544516,-0,0.06489183912,0.1680467375,-1.523998595,-0.2246624419,1.022216116,-0.004389909243,26.887478,0.2246624419,0.004389909243,25.59253175,25.59253175,0.05,0.5118506351,4.793689962e-07,-1.438106989e-06,-3.355582973e-06,1.917475985e-06,0.5118506351,-7.334345642e-05,3.865888176e-07,-1.159766453e-06,-2.706121724e-06,1.546355271e-06,0.4127837499,-5.91480891e-05,0,0,0,0,0,0
0.72,1,0.8187119949,5.297027408e-05,3.882888869e-05,-2.396844981e-07,6.591323698e-05,-0.02221779424,-6.064017802e-05,0,0,0,0,0,0,-0.02047638403,0.009736596592,-0.002018468725,-0.001741410204,-0.02040859423,-0.1776223032,11.67536812,-0,0.06487249623,0.1776223032,-1.070096282,-0.2382778504,1.022217794,-0.004640068364,28.41956851,0.2382778504,0.004640068364,27.59239015,27.59239015,0.05,0.551847803,-1.438106989e-06,-1.917475985e-06,-2.396844981e-06,4.793689962e-07,0.551847803,-7.382282542e-05,-1.177395442e-06,-1.569860589e-06,-1.962325736e-06,3.924651472e-07,0.4518044157,-6.043963266e-05,0,0,0,0,0,0
0.73,1,0.8306559327,5.273058958e-05,3.78701507e-05,-9.587379924e-07,6.711165947e-05,-0.02221803392,-6.111954702e-05,0,0,0,0,0,0,-0.02037911943,0.00971627853,-0.002045134367,-0.001838914486,-0.02155629496,-0.1870438367,11.67535711,-0,0.06486973296,0.1870438367,-0.7020847948,-0.2516774417,1.022218034,-0.004886191546,29.92701387,0.2516774417,0.004886191546,29.48149271,29.48149271,0.05,0.5896298543,-9.587379924e-07,-0,-9.587379924e-07,-1.917475985e-06,0.5896298543,-7.286408742e-05,-7.963814013e-07,-0,-7.963814013e-07,-1.592762803e-06,0.4897795365,-6.05249865e-05,0,0,0,0,0,0
0.74,1,0.842273553,5.153216709e-05,3.715109721e-05,-1.677791487e-06,6.663229047e-05,-0.02221659581,-6.016080902e-05,0,0,0,0,0,0,-0.02028205935,0.009695694091,-0.00207174394,-0.001934536464,-0.02268257867,-0.1962877595,11.67542314,-0,0.06488631258,0.1962877595,-0.4046211209,-0.2648287039,1.022216596,-0.005127658357,31.40604152,0.2648287039,0.005127658357,31.27137676,31.27137676,0.05,0.6254275353,1.438106989e-06,1.438106989e-06,4.793689962e-07,-9.587379924e-07,0.6254275353,-7.478156341e-05,1.211279483e-06,1.211279483e-06,4.037598276e-07,-8.075196552e-07,0.5267810723,-6.298653311e-05,0,0,0,0,0,0
0.75,1,0.8535533906,5.10527981e-05,3.85892042e-05,-2.396844981e-06,6.711165947e-05,-0.02221491802,-6.064017802e-05,0,0,0,0,0,0,-0.02018520644,0.00967484384,-0.002098296716,-0.002029711584,-0.02380420846,-0.205492884,11.6755002,-0,0.06490565546,0.205492884,-0.162223806,-0.2779260407,1.022214918,-0.005368107759,32.87886143,0.2779260407,0.005368107759,32.99993178,32.99993178,0.05,0.6599986355,2.396844981e-06,-1.438106989e-06,1.917475985e-06,-1.917475985e-06,0.6599986355,-7.382282542e-05,2.04583516e-06,-1.227501096e-06,1.636668128e-06,-1.636668128e-06,0.5633440731,-6.301172294e-05,0,0,0,0,0,0
0.76,1,0.8644843137,5.129248259e-05,3.930825769e-05,-3.115898475e-06,6.639260598e-05,-0.02221084339,-5.968144003e-05,0,0,0,0,0,0,-0.02008856336,0.009653728349,-0.002124791965,-0.002122280029,-0.02489597075,-0.2144500496,11.67568744,-0,0.06495263094,0.2144500496,0.03115000143,-0.2906775729,1.022210843,-0.005602051884,34.31200793,0.2906775729,0.005602051884,34.63943756,34.63943756,0.05,0.6927887512,1.917475985e-06,-2.876213977e-06,3.355582973e-06,-4.793689962e-07,0.6927887512,-7.57403014e-05,1.657627911e-06,-2.486441866e-06,2.900848844e-06,-4.144069777e-07,0.5989050081,-6.547630248e-05,0,0,0,0,0,0
0.77,1,0.8750555348,5.177185159e-05,3.882888869e-05,-2.396844981e-06,6.615292148e-05,-0.02219334642,-5.992112453e-05,0,0,0,0,0.002094395102,0,-0.01999213275,0.009632348195,-0.002151228963,-0.002201213664,-0.02582910057,-0.2199962469,11.67649303,-0,0.06515434798,0.222090642,0.1645443595,-0.3015933127,1.024288838,-0.00577032349,35.1993995,0.3015933127,0.00577032349,35.67130749,35.67130749,0.05,0.7134261499,9.587379924e-07,-1.917475985e-06,1.917475985e-06,-0,0.7134261499,-7.526093241e-05,8.389489867e-07,-1.677897973e-06,1.677897973e-06,-0,0.6242875011,-6.585749546e-05,0,0,0,0,0,0
0.78,1,0.8852566214,5.177185159e-05,3.85892042e-05,-2.636529479e-06,6.711165947e-05,-0.02215260005,-6.111954702e-05,0,0,0,0,0.005235987756,0,-0.01989591727,0.009610703966,-0.002177606983,-0.00225668278,-0.02648877599,-0.2222248227,11.67837895,-0,0.06562409226,0.2274608104,0.2320212542,-0.3093459639,1.027395442,-0.005864187476,35.55597163,0.3093459639,0.005864187476,36.10320303,36.10320303,0.05,0.7220640607,9.587379924e-07,-1.438106989e-06,2.396844981e-06,-1.917475985e-06,0.7220640607,-7.286408742e-05,8.48729156e-07,-1.273093734e-06,2.12182289e-06,-1.697458312e-06,0.6392119908,-6.450341585e-05,0,0,0,0,0,0
0.79,1,0.8950775062,5.129248259e-05,3.83495197e-05,-1.917475985e-06,6.615292148e-05,-0.02208812492,-6.064017802e-05,0,0,0,0,0.006283185307,0,-0.01979991955,0.009588796255,-0.002203925303,-0.00228820537,-0.02686923738,-0.2242287323,11.68139145,-0,0.06636737127,0.2305119176,0.2446462231,-0.3138700798,1.02838118,-0.005928427464,35.87659717,0.3138700798,0.005928427464,36.4410419,36.4410419,0.05,0.728820838,1.917475985e-06,-9.587379924e-07,9.587379924e-07,-0,0.728820838,-7.382282542e-05,1.716289623e-06,-8.581448114e-07,8.581448114e-07,-0,0.6523511381,-6.607715047e-05,0,0,0,0,0,0
0.8,1,0.9045084972,5.225122059e-05,3.85892042e-05,-1.438106989e-06,6.663229047e-05,-0.02200111945,-6.040049352e-05,0,0,0,0,0.01047197551,0,-0.01970414222,0.009566625662,-0.002230183201,-0.002296977226,-0.0269842442,-0.2208863095,11.68551168,-0,0.06737033976,0.231358285,0.2145105693,-0.3153247008,1.032500511,-0.00588693659,35.34180951,0.3153247008,0.00588693659,35.87753172,35.87753172,0.05,0.7175506344,-0,-1.438106989e-06,-0,-9.587379924e-07,0.7175506344,-7.430219441e-05,-0,-1.300779991e-06,-0,-8.671866607e-07,0.649030646,-6.720696621e-05,0,0,0,0,0,0
0.81,1,0.9135402871,5.249090509e-05,3.83495197e-05,-1.438106989e-06,6.663229047e-05,-0.02188055815,-5.992112453e-05,0,0,0,0,0.01256637061,0,-0.01960858791,0.009544192794,-0.002256379958,-0.002271970234,-0.02670458458,-0.2163631182,11.69132558,-0,0.06876004379,0.2289294888,0.130160737,-0.3122119928,1.034486407,-0.005788590368,34.61809891,0.3122119928,0.005788590368,35.06626023,35.06626023,0.05,0.7013252047,-4.793689962e-07,-9.587379924e-07,-0,-9.587379924e-07,0.7013252047,-7.526093241e-05,-4.379228904e-07,-8.758457809e-07,-0,-8.758457809e-07,0.6406888288,-6.87538938e-05,0,0,0,0,0,0
0.82,1,0.9221639628,5.320995858e-05,3.81098352e-05,-1.677791487e-06,6.615292148e-05,-0.02174010303,-6.016080902e-05,0,0,0,0,0.01675516082,0,-0.01951325924,0.009521498269,-0.002282514855,-0.002226843791,-0.0261894555,-0.2077938166,11.69825226,-0,0.07037893692,0.2245489774,0.02502954272,-0.306370857,1.038565448,-0.005603254753,33.24701065,0.306370857,0.005603254753,33.5840143,33.5840143,0.05,0.6716802861,-1.917475985e-06,-4.793689962e-07,4.793689962e-07,-0,0.6716802861,-7.478156341e-05,-1.768227253e-06,-4.420568132e-07,4.420568132e-07,-0,0.6193993543,-6.896086285e-05,0,0,0,0,0,0
0.83,1,0.9303710135,5.273058958e-05,3.882888869e-05,-2.396844981e-06,6.783071296e-05,-0.02156297619,-6.064017802e-05,0,0,0,0,0.01884955592,0,-0.01941815882,0.009498542706,-0.002308587176,-0.002144817369,-0.0252419762,-0.1977401086,11.70722329,-0,0.07242031248,0.2165896646,-0.1256393166,-0.2955134516,1.040501359,-0.005352048992,31.63841738,0.2955134516,0.005352048992,31.81364357,31.81364357,0.05,0.6362728713,-9.587379924e-07,-1.917475985e-06,1.917475985e-06,-3.355582973e-06,0.6362728713,-7.382282542e-05,-8.919820377e-07,-1.783964075e-06,1.783964075e-06,-3.121937132e-06,0.5919698362,-6.86826169e-05,0,0,0,0,0,0
0.84,1,0.93815334,5.249090509e-05,3.85892042e-05,-3.115898475e-06,6.759102847e-05,-0.02134965698,-6.087986252e-05,0,0,0,0,0.01989675347,0,-0.01932328925,0.009475326736,-0.002334596206,-0.00202636773,-0.02386669956,-0.1852020533,11.71837732,-0,0.0748785013,0.2050988068,-0.313028428,-0.2796789907,1.041345381,-0.005020828599,29.63232853,0.2796789907,0.005020828599,29.60399992,29.60399992,0.05,0.5920799983,-4.793689962e-07,-1.438106989e-06,3.355582973e-06,-2.876213977e-06,0.5920799983,-7.334345642e-05,-4.497216249e-07,-1.349164875e-06,3.148051374e-06,-2.698329749e-06,0.555461828,-6.880740861e-05,0,0,0,0,0,0
0.85,1,0.9455032621,5.225122059e-05,3.882888869e-05,-3.355582973e-06,6.759102847e-05,-0.02114880137,-6.064017802e-05,0,0,0,0.001047197551,0.01780235837,0,-0.01922865315,0.009451850995,-0.002360541231,-0.001920148225,-0.02263306326,-0.1769914605,11.72923004,-0,0.07719275521,0.1947938189,-0.443133605,-0.2654684054,1.039030391,-0.004776929399,28.31863368,0.2654684054,0.004776929399,28.14574541,28.14574541,0.05,0.5629149082,-0,-1.917475985e-06,3.83495197e-06,-0.0001075959691,0.5629149082,-7.382282542e-05,-0,-1.812979799e-06,3.625959597e-06,-0.0001017323398,0.532237882,-6.979972225e-05,0,0,0,0,0,0
0.86,1,0.9524135262,5.177185159e-05,3.882888869e-05,-3.115898475e-06,6.711165947e-05,-0.02100067636,-6.016080902e-05,0,0,0,0,0.01256637061,0,-0.0191342531,0.009428116127,-0.002386421541,-0.001866423256,-0.02201405379,-0.1770096301,11.73745185,-0,0.07889925003,0.1895760007,-0.4561799236,-0.2583888963,1.033606525,-0.004727672545,28.32154082,0.2583888963,0.004727672545,28.12847747,28.12847747,0.05,0.5625695493,9.587379924e-07,-1.917475985e-06,3.355582973e-06,-1.917475985e-06,0.5625695493,-7.478156341e-05,9.131150321e-07,-1.826230064e-06,3.195902612e-06,-1.826230064e-06,0.5357988482,-7.12229725e-05,0,0,0,0,0,0
0.87,1,0.9588773128,5.225122059e-05,3.81098352e-05,-2.157160483e-06,6.687197497e-05,-0.02089689297,-6.040049352e-05,0,0,0,0,0.00837758041,0,-0.01904009169,0.009404122782,-0.002412236426,-0.001856801278,-0.02191239868,-0.180253869,11.74332303,-0,0.08009479834,0.1886314494,-0.3888821937,-0.2573243762,1.029292019,-0.004774213262,28.84061904,0.2573243762,0.004774213262,28.71383543,28.71383543,0.05,0.5742767087,-0,-4.793689962e-07,1.438106989e-06,-1.438106989e-06,0.5742767087,-7.430219441e-05,-0,-4.596560549e-07,1.378968165e-06,-1.378968165e-06,0.5506609072,-7.124668852e-05,0,0,0,0,0,0
0.88,1,0.9648882429,5.177185159e-05,3.906857319e-05,-1.198422491e-06,6.687197497e-05,-0.02082019393,-5.968144003e-05,0,0,0,0,0.006283185307,0,-0.0189461715,0.009379871619,-0.002437985179,-0.001874022426,-0.02212611346,-0.1840050971,11.74772067,-0,0.08097828924,0.1902882824,-0.2868332775,-0.2599314003,1.027113249,-0.00485295791,29.44081554,0.2599314003,0.00485295791,29.41876662,29.41876662,0.05,0.5883753323,9.587379924e-07,-2.396844981e-06,-4.793689962e-07,-1.438106989e-06,0.5883753323,-7.57403014e-05,9.25075017e-07,-2.312687542e-06,-4.625375085e-07,-1.387612525e-06,0.5677164406,-7.308092634e-05,0,0,0,0,0,0
0.89,1,0.9704403845,5.225122059e-05,3.85892042e-05,-7.190534943e-07,6.615292148e-05,-0.02075907438,-5.992112453e-05,0,0,0,0,0.006283185307,0,-0.01885249511,0.009355363302,-0.002463667092,-0.001906579267,-0.02252032984,-0.1871490339,11.75126075,-0,0.08168228709,0.1934322192,-0.1770139687,-0.2646422682,1.027052129,-0.004935288815,29.94384543,0.2646422682,0.004935288815,30.03640901,30.03640901,0.05,0.6007281803,-0,-1.438106989e-06,-1.438106989e-06,-0,0.6007281803,-7.526093241e-05,-0,-1.395597099e-06,-1.395597099e-06,-0,0.5829708862,-7.303624818e-05,0,0,0,0,0,0
0.9,1,0.9755282581,5.177185159e-05,3.930825769e-05,-9.587379924e-07,6.711165947e-05,-0.0206953183,-5.968144003e-05,0,0,0,0,0.006283185307,0,-0.01875906509,0.009330598502,-0.002489281464,-0.001936253213,-0.02288106335,-0.19001427,11.75498735,-0,0.08241662105,0.1962974553,-0.09210292036,-0.2689666103,1.026988373,-0.005010225579,30.40228319,0.2689666103,0.005010225579,30.58415711,30.58415711,0.05,0.6116831422,9.587379924e-07,-2.876213977e-06,-9.587379924e-07,-1.917475985e-06,0.6116831422,-7.57403014e-05,9.352760038e-07,-2.805828011e-06,-9.352760038e-07,-1.870552008e-06,0.5967141903,-7.38868043e-05,0,0,0,0,0,0
0.91,1,0.9801468428,5.177185159e-05,3.882888869e-05,-1.198422491e-06,6.663229047e-05,-0.02063635592,-5.968144003e-05,0,0,0,0,0.005235987756,0,-0.018665884,0.0093055779,-0.00251482759,-0.001970471922,-0.02329562343,-0.1943683277,11.7584645,-0,0.08309571223,0.1996043155,-0.01483425068,-0.273920761,1.025879198,-0.005113967383,31.09893244,0.273920761,0.005113967383,31.36313292,31.36313292,0.05,0.6272626583,9.587379924e-07,-1.917475985e-06,-4.793689962e-07,-9.587379924e-07,0.6272626583,-7.57403014e-05,9.397040164e-07,-1.879408033e-06,-4.698520082e-07,-9.397040164e-07,0.6148095142,-7.423661729e-05,0,0,0,0,0,0
0.92,1,0.9842915806,5.201153609e-05,3.85892042e-05,-2.157160483e-06,6.639260598e-05,-0.02057307921,-6.016080902e-05,0,0,0,0,0.006283185307,0,-0.01857295438,0.00928030218,-0.002540304771,-0.002000124827,-0.02365690169,-0.1961859643,11.76222896,-0,0.08382446098,0.2024691496,0.04044346806,-0.2782578942,1.026866134,-0.005171727151,31.38975428,0.2782578942,0.005171727151,31.71362737,31.71362737,0.05,0.6342725475,4.793689962e-07,-1.438106989e-06,1.438106989e-06,-4.793689962e-07,0.6342725475,-7.478156341e-05,4.71838867e-07,-1.415516601e-06,1.415516601e-06,-4.71838867e-07,0.6243091283,-7.360686325e-05,0,0,0,0,0,0
0.93,1,0.987958381,5.297027408e-05,3.81098352e-05,-1.677791487e-06,6.639260598e-05,-0.0205083644,-6.016080902e-05,0,0,0,0,0.007330382858,0,-0.0184802788,0.009254772037,-0.002565712308,-0.002028085595,-0.02399866071,-0.1978401574,11.76611424,-0,0.0845697376,0.2051705403,0.08202242665,-0.2823709834,1.027852181,-0.005225354761,31.65442519,0.2823709834,0.005225354761,32.02404396,32.02404396,0.05,0.6404808791,-1.438106989e-06,-4.793689962e-07,4.793689962e-07,-4.793689962e-07,0.6404808791,-7.478156341e-05,-1.420789852e-06,-4.735966174e-07,4.735966174e-07,-4.735966174e-07,0.6327684524,-7.388107231e-05,0,0,0,0,0,0
0.94,1,0.9911436254,5.177185159e-05,3.78701507e-05,-2.636529479e-06,6.615292148e-05,-0.02043382252,-6.016080902e-05,0,0,0,0,0.007330382858,0,-0.01838785979,0.009228988169,-0.002591049505,-0.002045962728,-0.02422211146,-0.1995634108,11.77063372,-0,0.08542814209,0.2068937936,0.09868573997,-0.2851096019,1.027777639,-0.005270104853,31.93014572,0.2851096019,0.005270104853,32.31921117,32.31921117,0.05,0.6463842234,9.587379924e-07,-0,2.396844981e-06,-0,0.6463842234,-7.478156341e-05,9.502470496e-07,-0,2.375617624e-06,-0,0.6406596026,-7.411926987e-05,0,0,0,0,0,0
0.95,1,0.9938441703,5.249090509e-05,3.78701507e-05,-2.396844981e-06,6.687197497e-05,-0.02035376789,-6.040049352e-05,0,0,0,0,0.00837758041,0,-0.01829569988,0.009202951283,-0.002616315667,-0.002058068014,-0.0243778923,-0.1996793638,11.77554022,-0,0.0863499772,0.2080569442,0.1019572218,-0.2870628514,1.028748894,-0.005283138011,31.94869821,0.2870628514,0.005283138011,32.34300142,32.34300142,0.05,0.6468600285,-4.793689962e-07,-0,1.917475985e-06,-1.438106989e-06,0.6468600285,-7.430219441e-05,-4.764180823e-07,-0,1.905672329e-06,-1.429254247e-06,0.6428780683,-7.384480276e-05,0,0,0,0,0,0
0.96,1,0.9960573507,5.297027408e-05,3.83495197e-05,-2.396844981e-06,6.735134397e-05,-0.02026939895,-6.135923152e-05,0,0,0,0,0.007330382858,0,-0.0182038016,0.009176662094,-0.002641510101,-0.002065597347,-0.02448000717,-0.2014454324,11.78077038,-0,0.08732143236,0.2087758153,0.09622290961,-0.2883933434,1.027613215,-0.005318103619,32.23126919,0.2883933434,0.005318103619,32.62120355,32.62120355,0.05,0.6524240709,-1.438106989e-06,-9.587379924e-07,1.917475985e-06,-2.396844981e-06,0.6524240709,-7.238471843e-05,-1.432437037e-06,-9.549580247e-07,1.909916049e-06,-2.387395062e-06,0.6498517916,-7.209933087e-05,0,0,0,0,0,0
0.97,1,0.9977809823,5.249090509e-05,3.78701507e-05,-2.157160483e-06,6.663229047e-05,-0.02016178061,-6.064017802e-05,0,0,0,0,0.01047197551,0,-0.01811216748,0.009150121323,-0.002666632117,-0.002049613134,-0.02430516781,-0.1967390713,11.78753014,-0,0.0885604997,0.2072110468,0.04914829625,-0.2864978981,1.030661172,-0.0052247132,31.4782514,0.2864978981,0.0052247132,31.81912231,31.81912231,0.05,0.6363824462,-4.793689962e-07,-0,1.438106989e-06,-9.587379924e-07,0.6363824462,-7.382282542e-05,-4.783052679e-07,-0,1.434915804e-06,-9.566105359e-07,0.6349703023,-7.365901126e-05,0,0,0,0,0,0
0.98,1,0.9990133642,5.201153609e-05,3.83495197e-05,-2.157160483e-06,6.759102847e-05,-0.02000694443,-6.064017802e-05,0,0,0,0,0.01675516082,0,-0.01802080001,0.009123329696,-0.002691681026,-0.001986144412,-0.02357011468,-0.1842792668,11.7974298,-0,0.09034303167,0.2010344276,-0.07395877409,-0.2780667735,1.036832289,-0.004952602943,29.48468269,0.2780667735,0.004952602943,29.69374329,29.69374329,0.05,0.5938748658,4.793689962e-07,-9.587379924e-07,1.438106989e-06,-2.876213977e-06,0.5938748658,-7.382282542e-05,4.788960336e-07,-9.577920672e-07,1.436688101e-06,-2.873376202e-06,0.5932889276,-7.374998918e-05,0,0,0,0,0,0
0.99,1,0.9997532802,5.201153609e-05,3.85892042e-05,-1.677791487e-06,6.711165947e-05,-0.01982286673,-6.016080902e-05,0,0,0,0,0.01780235837,0,-0.01792970172,0.009096287948,-0.002716656141,-0.001893165014,-0.02248568174,-0.1741901579,11.80946685,-0,0.09246192181,0.1919925163,-0.2257870252,-0.2655439131,1.037704456,-0.004689332038,27.87042527,0.2655439131,0.004689332038,27.91487149,27.91487149,0.05,0.5582974298,4.793689962e-07,-1.438106989e-06,4.793689962e-07,-1.917475985e-06,0.5582974298,-7.478156341e-05,4.792507264e-07,-1.437752179e-06,4.792507264e-07,-1.917002906e-06,0.5581596867,-7.476311332e-05,0,0,0,0,0,0
1,1,1,5.225122059e-05,3.954794219e-05,-1.917475985e-06,6.663229047e-05,-0.01965868285,-6.040049352e-05,0,0,0,0,0.01466076572,0,-0.01783887509,0.009068996821,-0.002741556778,-0.001819807764,-0.02163161151,-0.170195228,11.82044909,-0,0.09435155431,0.1848559938,-0.3138883141,-0.2556953626,1.034373183,-0.004552415496,27.23123649,0.2556953626,0.004552415496,27.17759595,27.17759595,0.0499957748,0.543551919,-0,-3.355582973e-06,9.587379924e-07,-9.587379924e-07,0.543551919,-7.430219441e-05,-0,-3.355582973e-06,9.587379924e-07,-9.587379924e-07,0.543551919,-7.430219441e-05,0,0,0,0,0,0
1.01,1,1,5.177185159e-05,3.906857319e-05,-1.917475985e-06,6.735134397e-05,-0.01954746924,-5.944175553e-05,0,0,0,0,0.007330382858,0.001047197551,-0.01774832261,0.009041457063,-0.002766382254,-0.001799146633,-0.02139975781,-0.1755034535,11.82802028,-0,0.09563139541,0.1828338363,-0.2916868,-0.2531167692,1.026891286,-0.004622841545,28.08055256,0.2531167692,0.004622841545,28.04660537,28.04660537,0.04995374213,0.5609321073,9.587379924e-07,-2.396844981e-06,9.587379924e-07,-2.396844981e-06,0.5609321073,-0.0001809394255,9.587379924e-07,-2.396844981e-06,9.587379924e-07,-2.396844981e-06,0.5609321073,-0.0001809394255,0,0,0,0,0,0
1.02,1,1,5.249090509e-05,3.83495197e-05,-1.917475985e-06,6.663229047e-05,-0.01948275443,-5.992112453e-05,0,0,0,0,0.004188790205,0,-0.01765804677,0.009013669429,-0.002791131887,-0.001824707658,-0.0217147063,-0.1811091996,11.83247513,-0,0.09637607644,0.1852979898,-0.192183311,-0.2569387222,1.023675931,-0.004736719939,28.97747194,0.2569387222,0.004736719939,29.04696407,29.04696407,0.04991214715,0.5809392814,-4.793689962e-07,-9.587379924e-07,9.587379924e-07,-9.587379924e-07,0.5809392814,-7.526093241e-05,-4.793689962e-07,-9.587379924e-07,9.587379924e-07,-9.587379924e-07,0.5809392814,-7.526093241e-05,0,0,0,0,0,0
1.03,1,1,5.297027408e-05,3.81098352e-05,-2.157160483e-06,6.663229047e-05,-0.01943889217,-5.848301754e-05,0,0,0,0,0.003141592654,0,-0.01756805004,0.00898563468,-0.002815805001,-0.001870842121,-0.02227353119,-0.1866190177,11.83551513,-0,0.09688078188,0.1897606103,-0.07487052582,-0.2636187154,1.022582952,-0.004866394516,29.85904283,0.2636187154,0.004866394516,30.05265741,30.05265741,0.04987108434,0.6010531482,-1.438106989e-06,-4.793689962e-07,1.438106989e-06,-9.587379924e-07,0.6010531482,-7.813714638e-05,-1.438106989e-06,-4.793689962e-07,1.438106989e-06,-9.587379924e-07,0.6010531482,-7.813714638e-05,0,0,0,0,0,0
1.04,1,1,5.273058958e-05,3.691141271e-05,-1.677791487e-06,6.687197497e-05,-0.01941732056,-5.824333304e-05,0,0,0,0,0.001047197551,0,-0.0174783349,0.008957353586,-0.002840400918,-0.001938985662,-0.02309341513,-0.195315969,11.83701633,-0,0.09712899086,0.1963631666,0.06020937228,-0.2733571319,1.020464792,-0.005067996943,31.25055504,0.2733571319,0.005067996943,31.58918954,31.58918954,0.04983078864,0.6317837909,-9.587379924e-07,1.917475985e-06,4.793689962e-07,-1.438106989e-06,0.6317837909,-7.861651538e-05,-9.587379924e-07,1.917475985e-06,4.793689962e-07,-1.438106989e-06,0.6317837909,-7.861651538e-05,0,0,0,0,0,0
1.05,1,1,5.225122059e-05,3.73907817e-05,-1.198422491e-06,6.687197497e-05,-0.01940246012,-5.776396404e-05,0,0,0,0,0.001047197551,0,-0.01738890379,0.008928826922,-0.002864918963,-0.00201355633,-0.02399000631,-0.2025466207,11.83805283,-0,0.09729997666,0.2035938183,0.1814890982,-0.283994962,1.020449932,-0.005251292442,32.40745932,0.283994962,0.005251292442,32.87819467,32.87819467,0.04979132464,0.6575638934,-0,9.587379924e-07,-4.793689962e-07,-1.438106989e-06,0.6575638934,-7.957525337e-05,-0,9.587379924e-07,-4.793689962e-07,-1.438106989e-06,0.6575638934,-7.957525337e-05,0,0,0,0,0,0
1.06,1,1,5.153216709e-05,3.78701507e-05,-2.636529479e-06,6.759102847e-05,-0.01938208694,-5.872270204e-05,0,0,0,0,0.001047197551,0,-0.01729975918,0.008900055469,-0.002889358466,-0.002082327763,-0.02481857644,-0.209217307,11.83947695,-0,0.09753438919,0.2102645046,0.2699647889,-0.2938389637,1.020429559,-0.00541979656,33.47476912,0.2938389637,0.00541979656,34.04399267,34.04399267,0.04975260528,0.6808798534,1.438106989e-06,-0,2.396844981e-06,-2.876213977e-06,0.6808798534,-7.765777739e-05,1.438106989e-06,-0,2.396844981e-06,-2.876213977e-06,0.6808798534,-7.765777739e-05,0,0,0,0,0,0
1.07,1,1,5.273058958e-05,3.78701507e-05,-1.198422491e-06,6.711165947e-05,-0.01934349774,-5.800364854e-05,0,0,0,0,0.004188790205,0,-0.0172109035,0.008871040016,-0.002913718755,-0.002132594239,-0.02542864327,-0.2109497166,11.84218427,-0,0.09797838306,0.2151385068,0.3091253895,-0.3011306793,1.023536674,-0.005493775729,33.75195466,0.3011306793,0.005493775729,34.36770451,34.36770451,0.04971436637,0.6873540901,-9.587379924e-07,-0,-4.793689962e-07,-1.917475985e-06,0.6873540901,-7.909588438e-05,-9.587379924e-07,-0,-4.793689962e-07,-1.917475985e-06,0.6873540901,-7.909588438e-05,0,0,0,0,0,0
1.08,1,1,5.273058958e-05,3.83495197e-05,-1.917475985e-06,6.759102847e-05,-0.01928117977,-5.800364854e-05,0,0,0,0,0.00837758041,0,-0.01712233919,0.00884178136,-0.002937999163,-0.002158840579,-0.02575472229,-0.209299701,11.84658361,-0,0.09869536111,0.2176772814,0.2979745877,-0.3051054709,1.027676306,-0.005490782484,33.48795216,0.3051054709,0.005490782484,34.096523,34.096523,0.04967634336,0.68193046,-9.587379924e-07,-9.587379924e-07,9.587379924e-07,-2.876213977e-06,0.68193046,-7.909588438e-05,-9.587379924e-07,-9.587379924e-07,9.587379924e-07,-2.876213977e-06,0.68193046,-7.909588438e-05,0,0,0,0,0,0
1.09,1,1,5.153216709e-05,3.930825769e-05,-2.157160483e-06,6.783071296e-05,-0.01918099165,-5.872270204e-05,0,0,0,0,0.01256637061,0,-0.01703406868,0.008812280302,-0.002962199025,-0.002146922969,-0.02562884694,-0.2039363172,11.85372709,-0,0.09984796113,0.2165026878,0.2212385008,-0.3037973573,1.031786841,-0.005388814958,32.62981075,0.3037973573,0.005388814958,33.16023542,33.16023542,0.04963808041,0.6632047084,1.438106989e-06,-2.876213977e-06,1.438106989e-06,-3.355582973e-06,0.6632047084,-7.765777739e-05,1.438106989e-06,-2.876213977e-06,1.438106989e-06,-3.355582973e-06,0.6632047084,-7.765777739e-05,0,0,0,0,0,0
1.1,1,1,5.153216709e-05,3.930825769e-05,-3.115898475e-06,6.783071296e-05,-0.01905084296,-5.752427955e-05,0,0,0,0,0.01256637061,0,-0.01694609439,0.00878253765,-0.002986317676,-0.002104748577,-0.0251439999,-0.1998168398,11.86313718,-0,0.1013450891,0.2123832104,0.1046691513,-0.2982867201,1.031656692,-0.005274512102,31.97069437,0.2982867201,0.005274512102,32.37892475,32.37892475,0.04959931448,0.647578495,1.438106989e-06,-2.876213977e-06,3.355582973e-06,-3.355582973e-06,0.647578495,-8.005462237e-05,1.438106989e-06,-2.876213977e-06,3.355582973e-06,-3.355582973e-06,0.647578495,-8.005462237e-05,0,0,0,0,0,0
1.11,1,1,5.201153609e-05,3.906857319e-05,-3.115898475e-06,6.711165947e-05,-0.01891685933,-5.800364854e-05,0,0,0,0,0.01256637061,0,-0.01685841873,0.008752554221,-0.003010354456,-0.002058440602,-0.02460949877,-0.1952945875,11.87297879,-0,0.1028861529,0.2078609581,0.002826920339,-0.2921880568,1.031522708,-0.005149727954,31.247134,0.2921880568,0.005149727954,31.5472987,31.5472987,0.04956007425,0.630945974,4.793689962e-07,-2.396844981e-06,3.355582973e-06,-1.917475985e-06,0.630945974,-7.909588438e-05,4.793689962e-07,-2.396844981e-06,3.355582973e-06,-1.917475985e-06,0.630945974,-7.909588438e-05,0,0,0,0,0,0
1.12,1,1,5.153216709e-05,3.906857319e-05,-2.636529479e-06,6.783071296e-05,-0.01878862812,-5.776396404e-05,0,0,0,0,0.01151917306,0,-0.0167710441,0.008722330836,-0.003034308706,-0.002017584021,-0.02413910515,-0.1923494171,11.88254473,-0,0.104360881,0.2038685902,-0.07048707699,-0.2868339968,1.030340974,-0.005056411288,30.77590674,0.2868339968,0.005056411288,30.99731007,30.99731007,0.04952046925,0.6199462015,1.438106989e-06,-2.396844981e-06,2.396844981e-06,-3.355582973e-06,0.6199462015,-7.957525337e-05,1.438106989e-06,-2.396844981e-06,2.396844981e-06,-3.355582973e-06,0.6199462015,-7.957525337e-05,0,0,0,0,0,0
1.13,1,1,5.273058958e-05,3.906857319e-05,-2.396844981e-06,6.783071296e-05,-0.01865823976,-5.800364854e-05,0,0,0,0,0.01256637061,0,-0.01668397291,0.008691868324,-0.003058179768,-0.001974266849,-0.02363887373,-0.187069973,11.89241924,-0,0.1058602425,0.1996363436,-0.1355218326,-0.2811233968,1.031264089,-0.004922468488,29.93119568,0.2811233968,0.004922468488,30.08171971,30.08171971,0.0494804684,0.6016343942,-9.587379924e-07,-2.396844981e-06,1.917475985e-06,-3.355582973e-06,0.6016343942,-7.909588438e-05,-9.587379924e-07,-2.396844981e-06,1.917475985e-06,-3.355582973e-06,0.6016343942,-7.909588438e-05,0,0,0,0,0,0
1.14,1,1,5.320995858e-05,3.85892042e-05,-2.157160483e-06,6.615292148e-05,-0.0185230577,-5.824333304e-05,0,0,0,0,0.01256637061,0,-0.01659720753,0.00866116752,-0.003081966989,-0.001925850169,-0.02307730911,-0.1823412764,11.90281433,-0,0.1074145386,0.194907647,-0.1974672319,-0.2746849254,1.031128907,-0.00479286668,29.17460423,0.2746849254,0.00479286668,29.25661479,29.25661479,0.04944003406,0.5851322957,-1.917475985e-06,-1.438106989e-06,1.438106989e-06,-0,0.5851322957,-7.861651538e-05,-1.917475985e-06,-1.438106989e-06,1.438106989e-06,-0,0.5851322957,-7.861651538e-05,0,0,0,0,0,0
1.15,1,1,5.249090509e-05,3.83495197e-05,-1.677791487e-06,6.615292148e-05,-0.0183869169,-5.752427955e-05,0,0,0,0,0.01256637061,0,-0.01651075035,0.008630229266,-0.003105669716,-0.001876166556,-0.02249989784,-0.1774891126,11.91344562,-0,0.1089796609,0.1900554832,-0.2496013226,-0.2680513093,1.030992766,-0.004660240507,28.39825802,0.2680513093,0.004660240507,28.42136824,28.42136824,0.04939912998,0.5684273649,-4.793689962e-07,-9.587379924e-07,4.793689962e-07,-0,0.5684273649,-8.005462237e-05,-4.793689962e-07,-9.587379924e-07,4.793689962e-07,-0,0.5684273649,-8.005462237e-05,0,0,0,0,0,0
1.16,1,1,5.201153609e-05,3.81098352e-05,-1.677791487e-06,6.639260598e-05,-0.01827090961,-5.752427955e-05,0,0,0,0,0.00837758041,0,-0.01642460373,0.00859905441,-0.0031292873,-0.001846305874,-0.02215804953,-0.1787532891,11.92263365,-0,0.1103131631,0.1871308695,-0.2561699994,-0.2641823068,1.026666036,-0.004650253162,28.60052625,0.2641823068,0.004650253162,28.61318881,28.61318881,0.04935806638,0.5722637763,4.793689962e-07,-4.793689962e-07,4.793689962e-07,-4.793689962e-07,0.5722637763,-8.005462237e-05,4.793689962e-07,-4.793689962e-07,4.793689962e-07,-4.793689962e-07,0.5722637763,-8.005462237e-05,0,0,0,0,0,0
1.17,1,1,5.177185159e-05,3.83495197e-05,-1.917475985e-06,6.687197497e-05,-0.01819852489,-5.752427955e-05,0,0,0,0,0.005235987756,0,-0.01633877005,0.008567643806,-0.003152819092,-0.001859754843,-0.02233248432,-0.1831819895,11.92842692,-0,0.1111451497,0.1884179773,-0.1848871997,-0.2663914071,1.023441367,-0.004731664607,29.30911833,0.2663914071,0.004731664607,29.3953542,29.3953542,0.04931732928,0.587907084,9.587379924e-07,-9.587379924e-07,9.587379924e-07,-1.438106989e-06,0.587907084,-8.005462237e-05,9.587379924e-07,-9.587379924e-07,9.587379924e-07,-1.438106989e-06,0.587907084,-8.005462237e-05,0,0,0,0,0,0
1.18,1,1,5.201153609e-05,3.78701507e-05,-2.157160483e-06,6.711165947e-05,-0.01815801821,-5.752427955e-05,0,0,0,0,0.001047197551,0,-0.01625325164,0.008535998316,-0.003176264449,-0.001904766568,-0.02288379807,-0.1917289181,11.93168908,-0,0.1116107064,0.1927761157,-0.06997669881,-0.2730423635,1.01920549,-0.004907517427,30.6766269,0.2730423635,0.004907517427,30.88460009,30.88460009,0.04927716314,0.6176920017,4.793689962e-07,-0,1.438106989e-06,-1.917475985e-06,0.6176920017,-8.005462237e-05,4.793689962e-07,-0,1.438106989e-06,-1.917475985e-06,0.6176920017,-8.005462237e-05,0,0,0,0,0,0
1.19,1,1,5.225122059e-05,3.691141271e-05,-1.917475985e-06,6.687197497e-05,-0.01814771177,-5.752427955e-05,0,0,0,0,0,0,-0.01616805086,0.008504118807,-0.003199622727,-0.001979660915,-0.02379225093,-0.2000450275,11.93252141,-0,0.1117291588,0.2000450275,0.0760959984,-0.2839015437,1.018147712,-0.005105673582,32.0072044,0.2839015437,0.005105673582,32.37230762,32.37230762,0.04923788819,0.6474461524,-0,1.917475985e-06,9.587379924e-07,-1.438106989e-06,0.6474461524,-8.005462237e-05,-0,1.917475985e-06,9.587379924e-07,-1.438106989e-06,0.6474461524,-8.005462237e-05,0,0,0,0,0,0
1.2,1,1,5.177185159e-05,3.81098352e-05,-2.157160483e-06,6.759102847e-05,-0.01814363714,-5.776396404e-05,0,0,0,0,0,0,-0.01608317004,0.008472006154,-0.003222893285,-0.002060467097,-0.02477189883,-0.2078941732,11.93285074,-0,0.1117759885,0.2078941732,0.2056253857,-0.2955993712,1.018143637,-0.005301815662,33.26306772,0.2955993712,0.005301815662,33.76959429,33.76959429,0.04919949609,0.6753918858,9.587379924e-07,-4.793689962e-07,1.438106989e-06,-2.876213977e-06,0.6753918858,-7.957525337e-05,9.587379924e-07,-4.793689962e-07,1.438106989e-06,-2.876213977e-06,0.6753918858,-7.957525337e-05,0,0,0,0,0,0
1.21,1,1,5.201153609e-05,3.76304662e-05,-2.157160483e-06,6.711165947e-05,-0.01813620692,-5.776396404e-05,0,0,0,0,0,0,-0.01599861151,0.008439661236,-0.003246075486,-0.002137595408,-0.02570831048,-0.2153898997,11.93345164,-0,0.1118613833,0.2153898997,0.304749757,-0.3067888799,1.018136207,-0.0054886947,34.46238395,0.3067888799,0.0054886947,35.07941128,35.07941128,0.04916195685,0.7015882257,4.793689962e-07,4.793689962e-07,1.438106989e-06,-1.917475985e-06,0.7015882257,-7.957525337e-05,4.793689962e-07,4.793689962e-07,1.438106989e-06,-1.917475985e-06,0.7015882257,-7.957525337e-05,0,0,0,0,0,0
1.22,1,1,5.225122059e-05,3.78701507e-05,-2.396844981e-06,6.759102847e-05,-0.01811607342,-5.800364854e-05,0.001047197551,0,0,0,0.002094395102,0,-0.01591437759,0.008407084941,-0.003269168694,-0.002201695834,-0.02648988712,-0.2195255697,11.93508237,-0,0.1120927726,0.2216199648,0.3622934448,-0.3161589847,1.020211565,-0.005612694499,35.12409115,0.3161589847,0.005612694499,35.80815627,35.80815627,0.04912510103,0.7161631254,-0.0001047197551,-0,1.917475985e-06,-2.876213977e-06,0.7161631254,-7.909588438e-05,-0.0001047197551,-0,1.917475985e-06,-2.876213977e-06,0.7161631254,-7.909588438e-05,0,0,0,0,0,0
1.23,1,1,5.129248259e-05,3.78701507e-05,-2.157160483e-06,6.687197497e-05,-0.01807676516,-5.776396404e-05,0,0,0,0,0.004188790205,0,-0.01583047058,0.008374278161,-0.003292172277,-0.002246294583,-0.02703927911,-0.2217623599,11.93827652,-0,0.1125445196,0.2259511501,0.3744301208,-0.322802391,1.022269942,-0.005688565621,35.48197758,0.322802391,0.005688565621,36.18489865,36.18489865,0.04908871759,0.7236979731,1.917475985e-06,-0,1.438106989e-06,-1.438106989e-06,0.7236979731,-7.957525337e-05,1.917475985e-06,-0,1.438106989e-06,-1.438106989e-06,0.7236979731,-7.957525337e-05,0,0,0,0,0,0
1.24,1,1,5.129248259e-05,3.76304662e-05,-1.677791487e-06,6.711165947e-05,-0.0180019836,-5.752427955e-05,-0.001047197551,0,0,0,0.00837758041,0,-0.01574689279,0.008341241796,-0.003315085603,-0.00225509081,-0.02716160585,-0.2184134486,11.94439105,-0,0.1134038931,0.226791029,0.3201429018,-0.3244288418,1.02639711,-0.005643806792,34.94615177,0.3244288418,0.005643806792,35.59636732,35.59636732,0.04905232633,0.7119273464,0.0001066372311,4.793689962e-07,4.793689962e-07,-1.917475985e-06,0.7119273464,-8.005462237e-05,0.0001066372311,4.793689962e-07,4.793689962e-07,-1.917475985e-06,0.7119273464,-8.005462237e-05,0,0,0,0,0,0
1.25,1,1,5.249090509e-05,3.78701507e-05,-1.677791487e-06,6.711165947e-05,-0.01789724147,-5.704491055e-05,0,0,0,0,0.01361356817,0,-0.01566364651,0.008307976752,-0.003337908044,-0.002233594968,-0.02692207608,-0.2110617538,11.95303884,-0,0.1146074609,0.224675322,0.221580553,-0.3218006211,1.031557142,-0.005504695442,33.76988061,0.3218006211,0.005504695442,34.31876648,34.31876648,0.04901559028,0.6863753296,-4.793689962e-07,-0,4.793689962e-07,-1.917475985e-06,0.6863753296,-8.101336036e-05,-4.793689962e-07,-0,4.793689962e-07,-1.917475985e-06,0.6863753296,-8.101336036e-05,0,0,0,0,0,0
1.26,1,1,5.297027408e-05,3.83495197e-05,-2.396844981e-06,6.615292148e-05,-0.01774480213,-5.848301754e-05,0,0,0,0,0.01675516082,0,-0.01558073401,0.00827448394,-0.003360638975,-0.00216406812,-0.02610765017,-0.2011184474,11.96579916,-0,0.1163588828,0.2178736083,0.05525774806,-0.3123988985,1.034570147,-0.005272010824,32.17895159,0.3123988985,0.005272010824,32.55188025,32.55188025,0.04897795661,0.6510376049,-1.438106989e-06,-9.587379924e-07,1.917475985e-06,-0,0.6510376049,-7.813714638e-05,-1.438106989e-06,-9.587379924e-07,1.917475985e-06,-0,0.6510376049,-7.813714638e-05,0,0,0,0,0,0
1.27,1,1,5.368932758e-05,3.83495197e-05,-2.636529479e-06,6.639260598e-05,-0.0175659975,-5.824333304e-05,0,0,0,0,0.01675516082,0,-0.01549815758,0.00824076428,-0.003383277772,-0.002067839914,-0.02497203298,-0.1917138263,11.98103085,-0,0.1184128811,0.2084689871,-0.1270257875,-0.2991906975,1.034391342,-0.005019783971,30.6742122,0.2991906975,0.005019783971,30.8513969,30.8513969,0.04893922949,0.617027938,-2.876213977e-06,-9.587379924e-07,2.396844981e-06,-4.793689962e-07,0.617027938,-7.861651538e-05,-2.876213977e-06,-9.587379924e-07,2.396844981e-06,-4.793689962e-07,0.617027938,-7.861651538e-05,0,0,0,0,0,0
1.28,1,1,5.177185159e-05,3.85892042e-05,-1.917475985e-06,6.711165947e-05,-0.01739678024,-5.752427955e-05,0,0,0,0,0.01570796327,0,-0.01541591948,0.008206818694,-0.003405823814,-0.001980860761,-0.02394527041,-0.1842603516,11.99570958,-0,0.1203563993,0.1999683149,-0.2587095892,-0.2872405095,1.033166429,-0.004809323384,29.48165626,0.2872405095,0.004809323384,29.5149965,29.5149965,0.04889969204,0.5902999301,9.587379924e-07,-1.438106989e-06,9.587379924e-07,-1.917475985e-06,0.5902999301,-8.005462237e-05,9.587379924e-07,-1.438106989e-06,9.587379924e-07,-1.917475985e-06,0.5902999301,-8.005462237e-05,0,0,0,0,0,0
1.29,1,1,5.08131136e-05,4.050668018e-05,-2.157160483e-06,6.711165947e-05,-0.01725488702,-5.800364854e-05,0,0,0,0,0.01151917306,0,-0.01533402196,0.008172648114,-0.003428276485,-0.001920865059,-0.02324070943,-0.1825794719,12.00821643,-0,0.1219858281,0.194098645,-0.3176297306,-0.2790794689,1.028807233,-0.004721462131,29.21271551,0.2790794689,0.004721462131,29.17888671,29.17888671,0.04885971743,0.5835777341,2.876213977e-06,-5.273058958e-06,1.438106989e-06,-1.917475985e-06,0.5835777341,-7.909588438e-05,2.876213977e-06,-5.273058958e-06,1.438106989e-06,-1.917475985e-06,0.5835777341,-7.909588438e-05,0,0,0,0,0,0
1.3,1,1,5.225122059e-05,3.930825769e-05,-1.917475985e-06,6.711165947e-05,-0.01713168919,-5.824333304e-05,0,0,0,0,0.01047197551,0,-0.01525246727,0.008138253478,-0.003450635167,-0.001879221922,-0.02275561079,-0.1795453487,12.0192226,-0,0.123400371,0.1900173242,-0.3339803132,-0.2735047514,1.02763108,-0.004628577252,28.7272558,0.2735047514,0.004628577252,28.67140881,28.67140881,0.04881946674,0.5734281762,-0,-2.876213977e-06,9.587379924e-07,-1.917475985e-06,0.5734281762,-7.861651538e-05,-0,-2.876213977e-06,9.587379924e-07,-1.917475985e-06,0.5734281762,-7.861651538e-05,0,0,0,0,0,0
1.31,1,1,5.201153609e-05,3.85892042e-05,-1.917475985e-06,6.639260598e-05,-0.01703030264,-5.776396404e-05,0,0,0,0,0.00837758041,0,-0.01517125763,0.008103635726,-0.003472899249,-0.00185904501,-0.02252802283,-0.1796493881,12.02838306,-0,0.12456434,0.1880269685,-0.309136102,-0.2709756882,1.025425429,-0.004607591963,28.74390209,0.2709756882,0.004607591963,28.71034927,28.71034927,0.04877914922,0.5742069854,4.793689962e-07,-1.438106989e-06,9.587379924e-07,-4.793689962e-07,0.5742069854,-7.957525337e-05,4.793689962e-07,-1.438106989e-06,9.587379924e-07,-4.793689962e-07,0.5742069854,-7.957525337e-05,0,0,0,0,0,0
1.32,1,1,5.153216709e-05,3.78701507e-05,-1.198422491e-06,6.639260598e-05,-0.01693874317,-5.680522605e-05,0,0,0,0,0.007330382858,0.001047197551,-0.01509039529,0.00806879581,-0.003495068119,-0.001848347875,-0.0224142593,-0.1796293032,12.03673561,-0,0.1256153801,0.186959686,-0.2714515823,-0.2697945131,1.02428256,-0.004593008463,28.74068851,0.2697945131,0.004593008463,28.74362445,28.74362445,0.04873877503,0.5748724889,1.438106989e-06,-0,-4.793689962e-07,-4.793689962e-07,0.5748724889,-0.0001862124845,1.438106989e-06,-0,-4.793689962e-07,-4.793689962e-07,0.5748724889,-0.0001862124845,0,0,0,0,0,0
1.33,1,1,5.153216709e-05,3.76304662e-05,-1.677791487e-06,6.711165947e-05,-0.01686492034,-5.800364854e-05,0,0,0,0,0.006283185307,0,-0.01500988245,0.008033734683,-0.00351714117,-0.001855037886,-0.02250979034,-0.1813028641,12.0435255,-0,0.1264627396,0.1875860494,-0.209885616,-0.271097234,1.023157975,-0.004621809366,29.00845825,0.271097234,0.004621809366,29.07429168,29.07429168,0.04869857037,0.5814858336,1.438106989e-06,4.793689962e-07,4.793689962e-07,-1.917475985e-06,0.5814858336,-7.909588438e-05,1.438106989e-06,4.793689962e-07,4.793689962e-07,-1.917475985e-06,0.5814858336,-7.909588438e-05,0,0,0,0,0,0
1.34,1,1,5.177185159e-05,3.78701507e-05,-1.438106989e-06,6.663229047e-05,-0.01681314849,-5.800364854e-05,0,0,0,0,0.004188790205,0,-0.01492972133,0.007998453308,-0.003539117798,-0.001883427157,-0.02286692315,-0.1861382995,12.04831678,-0,0.1270569509,0.1903270897,-0.1207581621,-0.2755079339,1.021006325,-0.004721270452,29.78212791,0.2755079339,0.004721270452,29.94159896,29.94159896,0.04865874409,0.5988319791,9.587379924e-07,-0,-0,-9.587379924e-07,0.5988319791,-7.909588438e-05,9.587379924e-07,-0,-0,-9.587379924e-07,0.5988319791,-7.909588438e-05,0,0,0,0,0,0
1.35,1,1,5.153216709e-05,3.906857319e-05,-1.917475985e-06,6.687197497e-05,-0.01677815455,-5.704491055e-05,0,0,0,0,0.003141592654,0,-0.01484991412,0.007962952651,-0.003560997398,-0.001928240432,-0.02342239441,-0.1915286696,12.05156914,-0,0.1274585747,0.1946702622,-0.01899177023,-0.2822766058,1.019922215,-0.004843762829,30.64458713,0.2822766058,0.004843762829,30.91271573,30.91271573,0.04861945223,0.6182543146,1.438106989e-06,-2.396844981e-06,9.587379924e-07,-1.438106989e-06,0.6182543146,-8.101336036e-05,1.438106989e-06,-2.396844981e-06,9.587379924e-07,-1.438106989e-06,0.6182543146,-8.101336036e-05,0,0,0,0,0,0
1.36,1,1,5.225122059e-05,3.882888869e-05,-2.636529479e-06,6.735134397e-05,-0.01674459872,-5.704491055e-05,0,0,0,0,0.003141592654,0,-0.01477046301,0.007927233685,-0.003582779372,-0.001974135716,-0.02399143018,-0.1959792956,12.05469831,-0,0.1278436788,0.1991208882,0.06588791408,-0.2892094529,1.019888659,-0.004952032609,31.35668729,0.2892094529,0.004952032609,31.71673669,31.71673669,0.04858064443,0.6343347338,-0,-1.917475985e-06,2.396844981e-06,-2.396844981e-06,0.6343347338,-8.101336036e-05,-0,-1.917475985e-06,2.396844981e-06,-2.396844981e-06,0.6343347338,-8.101336036e-05,0,0,0,0,0,0
1.37,1,1,5.225122059e-05,3.83495197e-05,-2.157160483e-06,6.735134397e-05,-0.01670433173,-5.776396404e-05,0,0,0,0,0.004188790205,0,-0.01469137017,0.007891297391,-0.003604463122,-0.002012961556,-0.02447574756,-0.1986948988,12.05846686,-0,0.1283057848,0.202883689,0.1223139574,-0.2951399908,1.020897508,-0.005026609119,31.7911838,0.2951399908,0.005026609119,32.21366436,32.21366436,0.04854224715,0.6442732872,-0,-9.587379924e-07,1.438106989e-06,-2.396844981e-06,0.6442732872,-7.957525337e-05,-0,-9.587379924e-07,1.438106989e-06,-2.396844981e-06,0.6442732872,-7.957525337e-05,0,0,0,0,0,0
1.38,1,1,5.225122059e-05,3.83495197e-05,-2.157160483e-06,6.711165947e-05,-0.01666430442,-5.752427955e-05,0,0,0,0,0.003141592654,0,-0.01461263778,0.007855144752,-0.003626048054,-0.002051666636,-0.02495908367,-0.2034946087,12.06222762,-0,0.1287651198,0.2066362014,0.1687234211,-0.3010621484,1.019808364,-0.005133032263,32.5591374,0.3010621484,0.005133032263,33.034056,33.034056,0.04850428992,0.66068112,-0,-9.587379924e-07,1.438106989e-06,-1.917475985e-06,0.66068112,-8.005462237e-05,-0,-9.587379924e-07,1.438106989e-06,-1.917475985e-06,0.66068112,-8.005462237e-05,0,0,0,0,0,0
1.39,1,1,5.273058958e-05,3.85892042e-05,-1.677791487e-06,6.783071296e-05,-0.0166242771,-5.680522605e-05,0,0,0,0,0.003141592654,0,-0.01453426799,0.007818776761,-0.003647533576,-0.002090009111,-0.02543851711,-0.2072132157,12.06600301,-0,0.1292244344,0.2103548083,0.2055518138,-0.3069412239,1.019768337,-0.005222374366,33.1541145,0.3069412239,0.005222374366,33.67182992,33.67182992,0.04846676921,0.6734365983,-9.587379924e-07,-1.438106989e-06,4.793689962e-07,-3.355582973e-06,0.6734365983,-8.149272936e-05,-9.587379924e-07,-1.438106989e-06,4.793689962e-07,-3.355582973e-06,0.6734365983,-8.149272936e-05,0,0,0,0,0,0
1.4,1,1,5.201153609e-05,3.81098352e-05,-1.198422491e-06,6.687197497e-05,-0.01656387661,-5.608617256e-05,0,-0.001047197551,0,0,0.007330382858,0,-0.01445626296,0.007782194414,-0.003668919099,-0.002107613652,-0.02566809602,-0.2047189179,12.0717277,-0,0.1299174928,0.2120493007,0.1980468971,-0.3098582656,1.023907693,-0.005197471477,32.75502686,0.3098582656,0.005197471477,33.26812949,33.26812949,0.04842938342,0.6653625898,4.793689962e-07,0.0001042403861,-4.793689962e-07,-1.438106989e-06,0.6653625898,-8.293083635e-05,4.793689962e-07,0.0001042403861,-4.793689962e-07,-1.438106989e-06,0.6653625898,-8.293083635e-05,0,0,0,0,0,0
1.41,1,1,5.273058958e-05,3.78701507e-05,-1.677791487e-06,6.663229047e-05,-0.01647303619,-5.656554155e-05,0,0,0,0,0.009424777961,0,-0.01437862482,0.007745398715,-0.003690204036,-0.00209441137,-0.02552583111,-0.2013100375,12.08040028,-0,0.1309597422,0.2107348155,0.1371690629,-0.3083622574,1.025920021,-0.005127053931,32.209606,0.3083622574,0.005127053931,32.66026438,32.66026438,0.04839177808,0.6532052875,-9.587379924e-07,-0,4.793689962e-07,-9.587379924e-07,0.6532052875,-8.197209835e-05,-9.587379924e-07,-0,4.793689962e-07,-9.587379924e-07,0.6532052875,-8.197209835e-05,0,0,0,0,0,0
1.42,1,1,5.201153609e-05,3.85892042e-05,-2.157160483e-06,6.639260598e-05,-0.01634336687,-5.704491055e-05,0,0,0,0,0.01361356817,0,-0.01430135569,0.007708390671,-0.003711387805,-0.00204201118,-0.02490944735,-0.1919781113,12.09291092,-0,0.1324473055,0.2055916795,0.01682066841,-0.301227728,1.030003267,-0.004924494825,30.71649781,0.301227728,0.004924494825,31.0394707,31.0394707,0.04835352163,0.6207894141,4.793689962e-07,-1.438106989e-06,1.438106989e-06,-4.793689962e-07,0.6207894141,-8.101336036e-05,4.793689962e-07,-1.438106989e-06,1.438106989e-06,-4.793689962e-07,0.6207894141,-8.101336036e-05,0,0,0,0,0,0
1.43,1,1,5.249090509e-05,3.78701507e-05,-2.396844981e-06,6.711165947e-05,-0.01616480192,-5.704491055e-05,0,0,0.001047197551,0,0.01884955592,0,-0.01422445771,0.007671171298,-0.003732469825,-0.001940344214,-0.02369552585,-0.1767903557,12.11039204,-0,0.1344954366,0.1956399116,-0.1694244647,-0.2869621075,1.035103184,-0.004576209949,28.28645691,0.2869621075,0.004576209949,28.40857077,28.40857077,0.04831413091,0.5681714153,-4.793689962e-07,-0,-0.0001028022791,-1.917475985e-06,0.5681714153,-8.101336036e-05,-4.793689962e-07,-0,-0.0001028022791,-1.917475985e-06,0.5681714153,-8.101336036e-05,0,0,0,0,0,0
1.44,1,1,5.273058958e-05,3.76304662e-05,-2.396844981e-06,6.663229047e-05,-0.0159718559,-5.680522605e-05,0,0,0,0,0.01675516082,0,-0.01414793297,0.007633741615,-0.003753449516,-0.001823922933,-0.02230012063,-0.1674984367,12.1296117,-0,0.1367080399,0.1842535976,-0.3458814607,-0.2704918039,1.032797201,-0.004312779837,26.79974988,0.2704918039,0.004312779837,26.728673,26.728673,0.04827360372,0.53457346,-9.587379924e-07,4.793689962e-07,1.917475985e-06,-9.587379924e-07,0.53457346,-8.149272936e-05,-9.587379924e-07,4.793689962e-07,1.917475985e-06,-9.587379924e-07,0.53457346,-8.149272936e-05,0,0,0,0,0,0
1.45,1,1,5.249090509e-05,3.85892042e-05,-2.396844981e-06,6.615292148e-05,-0.01582516899,-5.656554155e-05,0,0,0,0,0.01256637061,0,-0.01407178357,0.00759610265,-0.003774326305,-0.001753385415,-0.02145893342,-0.1647800051,12.14445413,-0,0.1383898312,0.1773463757,-0.4076045999,-0.2606070325,1.028431018,-0.004203423167,26.36480081,0.2606070325,0.004203423167,26.22200667,26.22200667,0.04823266925,0.5244401334,-4.793689962e-07,-1.438106989e-06,1.917475985e-06,-0,0.5244401334,-8.197209835e-05,-4.793689962e-07,-1.438106989e-06,1.917475985e-06,-0,0.5244401334,-8.197209835e-05,0,0,0,0,0,0
1.46,1,1,5.177185159e-05,3.882888869e-05,-2.157160483e-06,6.615292148e-05,-0.01572162528,-5.704491055e-05,0,0,0,0,0.00837758041,0,-0.01399601161,0.007558255434,-0.003795099619,-0.001725613676,-0.02113608537,-0.1662315232,12.15505153,-0,0.1395768007,0.1746091036,-0.3821282746,-0.2569102067,1.024116752,-0.004201373408,26.59704371,0.2569102067,0.004201373408,26.47602702,26.47602702,0.04819167835,0.5295205403,9.587379924e-07,-1.917475985e-06,1.438106989e-06,-0,0.5295205403,-8.101336036e-05,9.587379924e-07,-1.917475985e-06,1.438106989e-06,-0,0.5295205403,-8.101336036e-05,0,0,0,0,0,0
1.47,1,1,5.249090509e-05,3.85892042e-05,-1.438106989e-06,6.591323698e-05,-0.01564900088,-5.752427955e-05,-0.001047197551,0,0,0,0.006283185307,0,-0.01392061915,0.007520201005,-0.003815768889,-0.001728381727,-0.02118423731,-0.1685653669,12.16254402,-0,0.1404092395,0.1748485523,-0.3072414289,-0.2576542188,1.021942056,-0.004238691819,26.97045871,0.2576542188,0.004238691819,26.92511019,26.92511019,0.04815087714,0.5385022039,0.0001042403861,-1.438106989e-06,-0,4.793689962e-07,0.5385022039,-8.005462237e-05,0.0001042403861,-1.438106989e-06,-0,4.793689962e-07,0.5385022039,-8.005462237e-05,0,0,0,0,0,0
1.48,1,1,5.225122059e-05,3.78701507e-05,-7.190534943e-07,6.567355248e-05,-0.01559746871,-5.704491055e-05,0,0,0,0,0.003141592654,0,-0.01384560828,0.007481940405,-0.003836333547,-0.001751860438,-0.02148447843,-0.1739656225,12.16789033,-0,0.1409998695,0.1771072151,-0.2091598891,-0.2614207772,1.018741529,-0.004343470058,27.83449959,0.2614207772,0.004343470058,27.89110395,27.89110395,0.04811040669,0.557822079,-0,-0,-1.438106989e-06,9.587379924e-07,0.557822079,-8.101336036e-05,-0,-0,-1.438106989e-06,9.587379924e-07,0.557822079,-8.101336036e-05,0,0,0,0,0,0
1.49,1,1,5.297027408e-05,3.78701507e-05,-9.587379924e-07,6.615292148e-05,-0.01555983825,-5.704491055e-05,0,0,0,0,0.002094395102,0,-0.01377098103,0.007443474684,-0.00385679303,-0.001788857218,-0.02194959461,-0.1785906432,12.17181005,-0,0.1414311433,0.1806850383,-0.1050012772,-0.2671662963,1.01765533,-0.004445731634,28.57450292,0.2671662963,0.004445731634,28.74111367,28.74111367,0.04807033437,0.5748222734,-1.438106989e-06,-0,-9.587379924e-07,-0,0.5748222734,-8.101336036e-05,-1.438106989e-06,-0,-9.587379924e-07,-0,0.5748222734,-8.101336036e-05,0,0,0,0,0,0
1.5,1,1,5.225122059e-05,3.73907817e-05,-1.438106989e-06,6.639260598e-05,-0.01553371264,-5.728459505e-05,0,0,0,0,0.002094395102,0,-0.01369673946,0.007404804897,-0.003877146778,-0.001836973175,-0.02255053688,-0.1832549529,12.17453918,-0,0.1417305511,0.185349348,-0.0002431443812,-0.2745423948,1.017629204,-0.004557849674,29.32079246,0.2745423948,0.004557849674,29.59964956,29.59964956,0.04803077312,0.5919929913,-0,9.587379924e-07,-0,-4.793689962e-07,0.5919929913,-8.053399136e-05,-0,9.587379924e-07,-0,-4.793689962e-07,0.5919929913,-8.053399136e-05,0,0,0,0,0,0
1.51,1,1,5.10527981e-05,3.78701507e-05,-1.677791487e-06,6.711165947e-05,-0.0155049505,-5.728459505e-05,0,0,0,0,0.002094395102,0,-0.01362288561,0.007365932103,-0.003897394231,-0.001882064889,-0.02311517057,-0.1876262654,12.17755111,-0,0.1420601632,0.1897206605,0.07985758326,-0.281486171,1.017600442,-0.004662503187,30.02020246,0.281486171,0.004662503187,30.38620872,30.38620872,0.04799165695,0.6077241744,2.396844981e-06,-0,4.793689962e-07,-1.917475985e-06,0.6077241744,-8.053399136e-05,2.396844981e-06,-0,4.793689962e-07,-1.917475985e-06,0.6077241744,-8.053399136e-05,0,0,0,0,0,0
1.52,1,1,5.10527981e-05,3.76304662e-05,-2.396844981e-06,6.759102847e-05,-0.0154754693,-5.728459505e-05,0,0,0,0,0.003141592654,0,-0.01354942149,0.007326857368,-0.003917534835,-0.001926047811,-0.02366679623,-0.1908441096,12.18064638,-0,0.1423980036,0.1939857023,0.1426831338,-0.2882768758,1.018619529,-0.004748140508,30.53505754,0.2882768758,0.004748140508,30.97076569,30.97076569,0.04795301585,0.6194153138,2.396844981e-06,4.793689962e-07,1.917475985e-06,-2.876213977e-06,0.6194153138,-8.053399136e-05,2.396844981e-06,4.793689962e-07,1.917475985e-06,-2.876213977e-06,0.6194153138,-8.053399136e-05,0,0,0,0,0,0
1.53,1,1,5.225122059e-05,3.76304662e-05,-2.636529479e-06,6.663229047e-05,-0.01543112767,-5.680522605e-05,0,0,0,0.001047197551,0.005235987756,0,-0.01347634913,0.007287581764,-0.003937568038,-0.001954778542,-0.02403306854,-0.1915264201,12.18531721,-0,0.1429061144,0.1967624079,0.166815475,-0.2928505636,1.020673969,-0.004780525651,30.64422722,0.2928505636,0.004780525651,31.10867378,31.10867378,0.04791462652,0.6221734756,-0,4.793689962e-07,2.396844981e-06,-0.0001056784931,0.6221734756,-8.149272936e-05,-0,4.793689962e-07,2.396844981e-06,-0.0001056784931,0.6221734756,-8.149272936e-05,0,0,0,0,0,0
1.54,1,1,5.201153609e-05,3.78701507e-05,-2.396844981e-06,6.735134397e-05,-0.01537216529,-5.800364854e-05,0,0,0,0,0.007330382858,0,-0.01340367052,0.007248106368,-0.003957493291,-0.001968494762,-0.02421666877,-0.1907422532,12.19155672,-0,0.1435817213,0.1980726361,0.1595992102,-0.2952388908,1.022715982,-0.004776202459,30.51876052,0.2952388908,0.004776202459,30.97837482,30.97837482,0.0478763384,0.6195674964,4.793689962e-07,-0,1.917475985e-06,-2.396844981e-06,0.6195674964,-7.909588438e-05,4.793689962e-07,-0,1.917475985e-06,-2.396844981e-06,0.6195674964,-7.909588438e-05,0,0,0,0,0,0
1.55,1,1,5.153216709e-05,3.85892042e-05,-2.396844981e-06,6.711165947e-05,-0.01527964707,-5.728459505e-05,0,0,0,0,0.009424777961,0,-0.01333138767,0.00720843226,-0.003977310047,-0.001948259404,-0.02398627392,-0.186640096,12.20141302,-0,0.1446417204,0.196064874,0.09290218544,-0.2926664349,1.024726632,-0.004688103519,29.86241536,0.2926664349,0.004688103519,30.25267209,30.25267209,0.04783778507,0.6050534418,1.438106989e-06,-1.438106989e-06,1.917475985e-06,-1.917475985e-06,0.6050534418,-8.053399136e-05,1.438106989e-06,-1.438106989e-06,1.917475985e-06,-1.917475985e-06,0.6050534418,-8.053399136e-05,0,0,0,0,0,0
1.56,1,1,5.201153609e-05,3.78701507e-05,-2.157160483e-06,6.663229047e-05,-0.01518113674,-5.680522605e-05,0,0,0,0,0.009424777961,0,-0.01325950254,0.00716856053,-0.003997017763,-0.001921634203,-0.02367750024,-0.1840076181,12.21199627,-0,0.1457702375,0.193432396,0.02761444044,-0.2891495447,1.024628121,-0.004617345874,29.44121889,0.2891495447,0.004617345874,29.76260022,29.76260022,0.04779898785,0.5952520045,4.793689962e-07,-0,1.438106989e-06,-9.587379924e-07,0.5952520045,-8.149272936e-05,4.793689962e-07,-0,1.438106989e-06,-9.587379924e-07,0.5952520045,-8.149272936e-05,0,0,0,0,0,0
1.57,1,1,5.10527981e-05,3.715109721e-05,-1.438106989e-06,6.687197497e-05,-0.01507927083,-5.608617256e-05,0,0,0,0,0.01047197551,0,-0.01318801711,0.00712849227,-0.004016615899,-0.001891253719,-0.02332234353,-0.1799608179,12.22303634,-0,0.1469370484,0.1904327934,-0.03255080386,-0.2850698526,1.025578662,-0.004520484698,28.79373087,0.2850698526,0.004520484698,29.0507704,29.0507704,0.04775989906,0.5810154081,2.396844981e-06,1.438106989e-06,-0,-1.438106989e-06,0.5810154081,-8.293083635e-05,2.396844981e-06,1.438106989e-06,-0,-1.438106989e-06,0.5810154081,-8.293083635e-05,0,0,0,0,0,0
1.58,1,1,5.08131136e-05,3.667172821e-05,-1.677791487e-06,6.687197497e-05,-0.0149591889,-5.704491055e-05,0,0,0,0,0.01361356817,0,-0.01311693334,0.007088228579,-0.004036103917,-0.001842255552,-0.02273882816,-0.1720009964,12.23617673,-0,0.1483123187,0.1856145646,-0.1154101898,-0.27823632,1.028619089,-0.004342600285,27.52015943,0.27823632,0.004342600285,27.68732816,27.68732816,0.047720328,0.5537465631,2.876213977e-06,2.396844981e-06,4.793689962e-07,-1.438106989e-06,0.5537465631,-8.101336036e-05,2.876213977e-06,2.396844981e-06,4.793689962e-07,-1.438106989e-06,0.5537465631,-8.101336036e-05,0,0,0,0,0,0
1.59,1,1,5.10527981e-05,3.715109721e-05,-2.157160483e-06,6.639260598e-05,-0.01481753536,-5.752427955e-05,0,0,0,0,0.01466076572,0,-0.01304625319,0.007047770561,-0.004055481283,-0.001771282171,-0.02188507593,-0.1639907631,12.25185358,-0,0.1499343715,0.1786515289,-0.2226110843,-0.2681327459,1.029532036,-0.00414422592,26.2385221,0.2681327459,0.00414422592,26.28818799,26.28818799,0.04768012232,0.5257637598,2.396844981e-06,1.438106989e-06,1.438106989e-06,-4.793689962e-07,0.5257637598,-8.005462237e-05,2.396844981e-06,1.438106989e-06,1.438106989e-06,-4.793689962e-07,0.5257637598,-8.005462237e-05,0,0,0,0,0,0
1.6,1,1,5.177185159e-05,3.81098352e-05,-1.917475985e-06,6.663229047e-05,-0.01465502927,-5.704491055e-05,0,0,0,0.001047197551,0.01570796327,0,-0.01297597858,0.007007119324,-0.004074747467,-0.001679050691,-0.02076883559,-0.1539087961,12.27007354,-0,0.1517948371,0.1696167594,-0.3477417202,-0.2548351399,1.030424678,-0.003892846466,24.62540738,0.2548351399,0.003892846466,24.53639365,24.53639365,0.04763910881,0.490727873,9.587379924e-07,-4.793689962e-07,9.587379924e-07,-0.0001056784931,0.490727873,-8.101336036e-05,9.587379924e-07,-4.793689962e-07,9.587379924e-07,-0.0001056784931,0.490727873,-8.101336036e-05,0,0,0,0,0,0
1.61,1,1,5.153216709e-05,3.715109721e-05,-2.157160483e-06,6.663229047e-05,-0.01450402803,-5.608617256e-05,0,0,0,0,0.01361356817,0,-0.01290611144,0.006966275984,-0.004093901939,-0.001597916594,-0.01978653658,-0.148055342,12.28722983,-0,0.1535232333,0.1616689102,-0.4288608696,-0.2431217225,1.028163929,-0.00372512678,23.68885472,0.2431217225,0.00372512678,23.5068407,23.5068407,0.04759749529,0.470136814,1.438106989e-06,1.438106989e-06,1.438106989e-06,-9.587379924e-07,0.470136814,-8.293083635e-05,1.438106989e-06,1.438106989e-06,1.438106989e-06,-9.587379924e-07,0.470136814,-8.293083635e-05,0,0,0,0,0,0
1.62,1,1,5.177185159e-05,3.81098352e-05,-2.396844981e-06,6.759102847e-05,-0.01440383991,-5.632585706e-05,0,0,0,0,0.00837758041,0,-0.01283665369,0.006925241659,-0.004112944175,-0.00156718622,-0.01942223718,-0.1502599567,12.29873359,-0,0.1546698197,0.1586375371,-0.4046200055,-0.2388689208,1.022798966,-0.003737970269,24.04159307,0.2388689208,0.003737970269,23.87957996,23.87957996,0.04755585335,0.4775915991,9.587379924e-07,-4.793689962e-07,1.917475985e-06,-2.876213977e-06,0.4775915991,-8.245146735e-05,9.587379924e-07,-4.793689962e-07,1.917475985e-06,-2.876213977e-06,0.4775915991,-8.245146735e-05,0,0,0,0,0,0
1.63,1,1,5.297027408e-05,3.85892042e-05,-9.587379924e-07,6.687197497e-05,-0.01434751406,-5.656554155e-05,0,0,0,0,0.003141592654,0,-0.01276760724,0.006884017476,-0.004131873652,-0.001579906817,-0.01959211697,-0.1567005607,12.3052434,-0,0.1553143644,0.1598421534,-0.3073834146,-0.241085768,1.017491574,-0.00385447897,25.07208971,0.241085768,0.00385447897,25.00964655,25.00964655,0.0475144668,0.5001929309,-1.438106989e-06,-1.438106989e-06,-9.587379924e-07,-1.438106989e-06,0.5001929309,-8.197209835e-05,-1.438106989e-06,-1.438106989e-06,-9.587379924e-07,-1.438106989e-06,0.5001929309,-8.197209835e-05,0,0,0,0,0,0
1.64,1,1,5.129248259e-05,3.81098352e-05,-1.917475985e-06,6.663229047e-05,-0.01432738056,-5.584648806e-05,0,0,0,0,0,0,-0.01269897397,0.006842604564,-0.004150689852,-0.001628406586,-0.02020260319,-0.1645366384,12.30757772,-0,0.1555447431,0.1645366384,-0.1644276559,-0.248645109,1.014327381,-0.00401863484,26.32586214,0.248645109,0.00401863484,26.41409823,26.41409823,0.04747364321,0.5282819646,1.917475985e-06,-4.793689962e-07,9.587379924e-07,-9.587379924e-07,0.5282819646,-8.341020534e-05,1.917475985e-06,-4.793689962e-07,9.587379924e-07,-9.587379924e-07,0.5282819646,-8.341020534e-05,0,0,0,0,0,0
1.65,1,1,5.10527981e-05,3.85892042e-05,-1.198422491e-06,6.711165947e-05,-0.01432042971,-5.704491055e-05,0,0,0,0,0,0,-0.01263075577,0.006801004058,-0.004169392258,-0.001689673934,-0.02097073567,-0.1704796607,12.30838453,-0,0.1556242771,0.1704796607,-0.0256366984,-0.2581158785,1.01432043,-0.004160196495,27.27674572,0.2581158785,0.004160196495,27.51338509,27.51338509,0.04743340857,0.5502677018,2.396844981e-06,-1.438106989e-06,-4.793689962e-07,-1.917475985e-06,0.5502677018,-8.101336036e-05,2.396844981e-06,-1.438106989e-06,-4.793689962e-07,-1.917475985e-06,0.5502677018,-8.101336036e-05,0,0,0,0,0,0
1.66,1,1,5.153216709e-05,3.78701507e-05,-1.677791487e-06,6.591323698e-05,-0.01431755349,-5.632585706e-05,0,0,0,0,0,0,-0.01256295451,0.0067592171,-0.004187980359,-0.001754598981,-0.02178441168,-0.1767836352,12.30871851,-0,0.1556571875,0.1767836352,0.09436848253,-0.2681381914,1.014317553,-0.004310397566,28.28538164,0.2681381914,0.004310397566,28.65219871,28.65219871,0.0473937765,0.5730439742,1.438106989e-06,-0,4.793689962e-07,4.793689962e-07,0.5730439742,-8.245146735e-05,1.438106989e-06,-0,4.793689962e-07,4.793689962e-07,0.5730439742,-8.245146735e-05,0,0,0,0,0,0
1.67,1,1,5.153216709e-05,3.83495197e-05,-1.198422491e-06,6.639260598e-05,-0.01431299949,-5.632585706e-05,0,0,0,0,0,0,-0.01249557205,0.006717244834,-0.004206453644,-0.001817427439,-0.02257279771,-0.1828868752,12.30924749,-0,0.1557092954,0.1828868752,0.188628957,-0.2778541536,1.014312999,-0.004455490786,29.26190004,0.2778541536,0.004455490786,29.73283864,29.73283864,0.0473547427,0.5946567728,1.438106989e-06,-9.587379924e-07,-4.793689962e-07,-4.793689962e-07,0.5946567728,-8.245146735e-05,1.438106989e-06,-9.587379924e-07,-4.793689962e-07,-4.793689962e-07,0.5946567728,-8.245146735e-05,0,0,0,0,0,0
1.68,1,1,5.129248259e-05,3.81098352e-05,-1.198422491e-06,6.543386798e-05,-0.01429981684,-5.656554155e-05,0,0,0,0,0.001047197551,0,-0.01242861023,0.006675088411,-0.004224811607,-0.001871206611,-0.02325029212,-0.1870619968,12.31077986,-0,0.1558601323,0.1881091943,0.2492426704,-0.286229228,1.015347289,-0.004562784691,29.92991948,0.286229228,0.004562784691,30.46995417,30.46995417,0.04731621811,0.6093990833,1.917475985e-06,-4.793689962e-07,-4.793689962e-07,1.438106989e-06,0.6093990833,-8.197209835e-05,1.917475985e-06,-4.793689962e-07,-4.793689962e-07,1.438106989e-06,0.6093990833,-8.197209835e-05,0,0,0,0,0,0
1.69,1,1,5.129248259e-05,3.83495197e-05,-1.438106989e-06,6.543386798e-05,-0.01427656745,-5.704491055e-05,0,0,0,0,0.003141592654,0,-0.01236207089,0.006632748988,-0.004243053744,-0.001914496554,-0.02379911584,-0.1891667705,12.31348649,-0,0.1561261472,0.1923083631,0.2800566158,-0.2930500914,1.017420627,-0.004629253907,30.26668328,0.2930500914,0.004629253907,30.84441924,30.84441924,0.04727811429,0.6168883847,1.917475985e-06,-9.587379924e-07,-0,1.438106989e-06,0.6168883847,-8.101336036e-05,1.917475985e-06,-9.587379924e-07,-0,1.438106989e-06,0.6168883847,-8.101336036e-05,0,0,0,0,0,0
1.7,1,1,5.177185159e-05,3.78701507e-05,-2.157160483e-06,6.735134397e-05,-0.01423582108,-5.656554155e-05,0,0,0,0,0.004188790205,0,-0.01229595586,0.006590227724,-0.004261179556,-0.001939865224,-0.02412763163,-0.1905670169,12.31824265,-0,0.1565923387,0.1947558071,0.2730493241,-0.297210021,1.018428998,-0.004669022034,30.49072271,0.297210021,0.004669022034,31.06565107,31.06565107,0.0472402183,0.6213130215,9.587379924e-07,-0,1.438106989e-06,-2.396844981e-06,0.6213130215,-8.197209835e-05,9.587379924e-07,-0,1.438106989e-06,-2.396844981e-06,0.6213130215,-8.197209835e-05,0,0,0,0,0,0
1.71,1,1,5.273058958e-05,3.906857319e-05,-1.917475985e-06,6.639260598e-05,-0.01418261112,-5.656554155e-05,0,0,0,0,0.005235987756,0,-0.01223026694,0.006547525786,-0.004279188546,-0.001952344183,-0.02429759292,-0.190706415,12.3244778,-0,0.1572010913,0.1959424028,0.2445930471,-0.2994551444,1.019425453,-0.004677839921,30.5130264,0.2994551444,0.004677839921,31.06175243,31.06175243,0.04720243099,0.6212350487,-9.587379924e-07,-2.396844981e-06,9.587379924e-07,-4.793689962e-07,0.6212350487,-8.197209835e-05,-9.587379924e-07,-2.396844981e-06,9.587379924e-07,-4.793689962e-07,0.6212350487,-8.197209835e-05,0,0,0,0,0,0
1.72,1,1,5.225122059e-05,3.882888869e-05,-2.157160483e-06,6.711165947e-05,-0.01411118514,-5.632585706e-05,0,0,0,0,0.007330382858,0,-0.01216500594,0.006504644344,-0.00429708022,-0.001946179202,-0.02423779166,-0.1879738694,12.33289056,-0,0.1580181765,0.1953042522,0.1876854652,-0.298922032,1.021455002,-0.004625476628,30.0758191,0.298922032,0.004625476628,30.56705208,30.56705208,0.04716453769,0.6113410415,-0,-1.917475985e-06,1.438106989e-06,-1.917475985e-06,0.6113410415,-8.245146735e-05,-0,-1.917475985e-06,1.438106989e-06,-1.917475985e-06,0.6113410415,-8.245146735e-05,0,0,0,0,0,0
1.73,1,1,5.249090509e-05,3.85892042e-05,-2.157160483e-06,6.615292148e-05,-0.0140237003,-5.728459505e-05,0,0,0,0,0.007330382858,0,-0.01210017465,0.006461584574,-0.004314854087,-0.001923525653,-0.02397435973,-0.1857217013,12.34326216,-0,0.1590188603,0.1930520841,0.1120093918,-0.2959218074,1.021367517,-0.004565584987,29.7154722,0.2959218074,0.004565584987,30.12796899,30.12796899,0.0471264308,0.6025593797,-4.793689962e-07,-1.438106989e-06,1.438106989e-06,-0,0.6025593797,-8.053399136e-05,-4.793689962e-07,-1.438106989e-06,1.438106989e-06,-0,0.6025593797,-8.053399136e-05,0,0,0,0,0,0
1.74,1,1,5.153216709e-05,3.78701507e-05,-1.917475985e-06,6.591323698e-05,-0.01392590902,-5.728459505e-05,0,0,0,0,0.01047197551,0,-0.01203577484,0.006418347657,-0.00433250966,-0.001890134186,-0.02357783242,-0.1792770679,12.35494364,-0,0.1601372906,0.1897490434,0.03046681008,-0.2913027907,1.0244253,-0.004429976338,28.68433086,0.2913027907,0.004429976338,29.01053044,29.01053044,0.04708801857,0.5802106087,1.438106989e-06,-0,9.587379924e-07,4.793689962e-07,0.5802106087,-8.053399136e-05,1.438106989e-06,-0,9.587379924e-07,4.793689962e-07,0.5802106087,-8.053399136e-05,0,0,0,0,0,0
1.75,1,1,5.201153609e-05,3.81098352e-05,-2.157160483e-06,6.639260598e-05,-0.01381421605,-5.608617256e-05,0,0,0,0,0.01047197551,0,-0.01197180828,0.006374934777,-0.004350046455,-0.001842407768,-0.02300334131,-0.1745719607,12.36839966,-0,0.1614145285,0.1850439362,-0.06125333033,-0.2845145189,1.024313607,-0.004309214586,27.93151371,0.2845145189,0.004309214586,28.15908411,28.15908411,0.04704914011,0.5631816822,4.793689962e-07,-4.793689962e-07,1.438106989e-06,-4.793689962e-07,0.5631816822,-8.293083635e-05,4.793689962e-07,-4.793689962e-07,1.438106989e-06,-4.793689962e-07,0.5631816822,-8.293083635e-05,0,0,0,0,0,0
1.76,1,1,5.153216709e-05,3.81098352e-05,-1.438106989e-06,6.687197497e-05,-0.01370396118,-5.632585706e-05,0,0,0,0,0.00837758041,0,-0.01190827673,0.006331347125,-0.004367463991,-0.001795684454,-0.02244022912,-0.1720602323,12.38180194,-0,0.1626751263,0.1804378127,-0.1338755072,-0.2778504726,1.022099088,-0.004225341722,27.52963717,0.2778504726,0.004225341722,27.67783747,27.67783747,0.0470098688,0.5535567495,1.438106989e-06,-4.793689962e-07,-0,-1.438106989e-06,0.5535567495,-8.245146735e-05,1.438106989e-06,-4.793689962e-07,-0,-1.438106989e-06,0.5535567495,-8.245146735e-05,0,0,0,0,0,0
1.77,1,1,5.225122059e-05,3.83495197e-05,-2.157160483e-06,6.663229047e-05,-0.01361288107,-5.656554155e-05,0,0,0,0.001047197551,0.007330382858,0,-0.01184518192,0.006287585896,-0.004384761792,-0.001767699154,-0.02210833869,-0.1703339355,12.39296319,-0,0.1637163425,0.1776643184,-0.1593880536,-0.2739878277,1.020956698,-0.004170106038,27.25342968,0.2739878277,0.004170106038,27.37219956,27.37219956,0.04697046151,0.5474439912,-0,-9.587379924e-07,1.438106989e-06,-0.0001056784931,0.5474439912,-8.197209835e-05,-0,-9.587379924e-07,1.438106989e-06,-0.0001056784931,0.5474439912,-8.197209835e-05,0,0,0,0,0,0
1.78,1,1,5.201153609e-05,3.81098352e-05,-2.157160483e-06,6.519418349e-05,-0.01354409162,-5.680522605e-05,0,0,0,0,0.006283185307,0,-0.01178252558,0.00624365229,-0.004401939381,-0.001761566037,-0.02204691552,-0.1707438386,12.40144686,-0,0.1645026461,0.1770270239,-0.1417901509,-0.2734136513,1.019837147,-0.004167482861,27.31901418,0.2734136513,0.004167482861,27.45480516,27.45480516,0.04693109714,0.5490961033,4.793689962e-07,-4.793689962e-07,1.438106989e-06,1.917475985e-06,0.5490961033,-8.149272936e-05,4.793689962e-07,-4.793689962e-07,1.438106989e-06,1.917475985e-06,0.5490961033,-8.149272936e-05,0,0,0,0,0,0
1.79,1,1,5.129248259e-05,3.83495197e-05,-1.198422491e-06,6.687197497e-05,-0.01348201333,-5.608617256e-05,0,0,0,0,0.005235987756,0,-0.01172030944,0.006199547511,-0.00441899629,-0.001761703893,-0.02206317935,-0.1717665668,12.40914281,-0,0.1652121711,0.1770025545,-0.1161479479,-0.2737851435,1.018724855,-0.004179801581,27.48265068,0.2737851435,0.004179801581,27.64446768,27.64446768,0.0468917974,0.5528893536,1.917475985e-06,-9.587379924e-07,-4.793689962e-07,-1.438106989e-06,0.5528893536,-8.293083635e-05,1.917475985e-06,-9.587379924e-07,-4.793689962e-07,-1.438106989e-06,0.5528893536,-8.293083635e-05,0,0,0,0,0,0
1.8,1,1,5.273058958e-05,3.83495197e-05,-2.636529479e-06,6.615292148e-05,-0.01342353032,-5.656554155e-05,0,0,0,0,0.005235987756,0,-0.0116585352,0.006155272768,-0.004435932049,-0.001764995118,-0.02211856427,-0.1720502105,12.41642779,-0,0.1658805466,0.1772861983,-0.0897787882,-0.2746335562,1.018666372,-0.004182720158,27.52803368,0.2746335562,0.004182720158,27.71707117,27.71707117,0.04685256202,0.5543414233,-9.587379924e-07,-9.587379924e-07,2.396844981e-06,-0,0.5543414233,-8.197209835e-05,-9.587379924e-07,-9.587379924e-07,2.396844981e-06,-0,0.5543414233,-8.197209835e-05,0,0,0,0,0,0
1.81,1,1,5.320995858e-05,3.691141271e-05,-2.157160483e-06,6.639260598e-05,-0.01336145203,-5.656554155e-05,0,0,0,0,0.006283185307,0,-0.01159720455,0.006110829276,-0.004452746195,-0.001764247483,-0.02212378283,-0.1708915206,12.42419755,-0,0.1665899494,0.177174706,-0.07543346448,-0.2748702485,1.019654507,-0.004159132518,27.3426433,0.2748702485,0.004159132518,27.54623922,27.54623922,0.04681335462,0.5509247844,-1.917475985e-06,1.917475985e-06,1.438106989e-06,-4.793689962e-07,0.5509247844,-8.197209835e-05,-1.917475985e-06,1.917475985e-06,1.438106989e-06,-4.793689962e-07,0.5509247844,-8.197209835e-05,0,0,0,0,0,0
1.82,1,1,5.344964308e-05,3.715109721e-05,-1.917475985e-06,6.759102847e-05,-0.01329098479,-5.656554155e-05,0,0.001047197551,0,0,0.006283185307,0,-0.01153631917,0.006066218251,-0.004469438267,-0.001754665617,-0.02201911947,-0.1699158751,12.43306345,-0,0.1673951408,0.1761990604,-0.07960672812,-0.2737651096,1.01958404,-0.004131348409,27.18654001,0.2737651096,0.004131348409,27.38482974,27.38482974,0.04677408918,0.5476965948,-2.396844981e-06,-0.0001032816481,9.587379924e-07,-2.876213977e-06,0.5476965948,-8.197209835e-05,-2.396844981e-06,-0.0001032816481,9.587379924e-07,-2.876213977e-06,0.5476965948,-8.197209835e-05,0,0,0,0,0,0
1.83,1,1,5.297027408e-05,3.76304662e-05,-1.438106989e-06,6.591323698e-05,-0.01320949206,-5.632585706e-05,0,0,0,0,0.00837758041,0,-0.01147588074,0.006021440919,-0.004486007807,-0.001733611322,-0.02177151012,-0.1657237617,12.44337788,-0,0.1683262123,0.1741013421,-0.1037077176,-0.2709111274,1.021604618,-0.004041998056,26.51580187,0.2709111274,0.004041998056,26.68704728,26.68704728,0.046734634,0.5337409455,-1.438106989e-06,4.793689962e-07,-0,4.793689962e-07,0.5337409455,-8.245146735e-05,-1.438106989e-06,4.793689962e-07,-0,4.793689962e-07,0.5337409455,-8.245146735e-05,0,0,0,0,0,0
1.84,1,1,5.153216709e-05,3.76304662e-05,-1.917475985e-06,6.687197497e-05,-0.01312775965,-5.560680356e-05,0,0,0,0,0.007330382858,0,-0.0114158909,0.005976498505,-0.00450245436,-0.001711868742,-0.02151490925,-0.164605827,12.45378886,-0,0.1692599115,0.1719362099,-0.1239838598,-0.267942137,1.020471576,-0.004002437726,26.33693233,0.267942137,0.004002437726,26.48489304,26.48489304,0.04669503206,0.5296978608,1.438106989e-06,4.793689962e-07,9.587379924e-07,-1.438106989e-06,0.5296978608,-8.388957434e-05,1.438106989e-06,4.793689962e-07,9.587379924e-07,-1.438106989e-06,0.5296978608,-8.388957434e-05,0,0,0,0,0,0
1.85,1,1,5.10527981e-05,3.76304662e-05,-1.198422491e-06,6.663229047e-05,-0.01304842408,-5.584648806e-05,0,0,0,0,0.006283185307,0,-0.01135635131,0.005931392243,-0.004518777477,-0.001692072763,-0.02128213564,-0.1636780818,12.4639581,-0,0.1701661229,0.1699612671,-0.1373178043,-0.2652596468,1.019341479,-0.003967692941,26.18849309,0.2652596468,0.003967692941,26.32040262,26.32040262,0.04665532043,0.5264080525,2.396844981e-06,4.793689962e-07,-4.793689962e-07,-9.587379924e-07,0.5264080525,-8.341020534e-05,2.396844981e-06,4.793689962e-07,-4.793689962e-07,-9.587379924e-07,0.5264080525,-8.341020534e-05,0,0,0,0,0,0
1.86,1,1,5.177185159e-05,3.715109721e-05,-2.157160483e-06,6.711165947e-05,-0.0129908998,-5.632585706e-05,0,0,-0.001047197551,0,0.004188790205,0,-0.0112972636,0.005886123369,-0.004534976709,-0.001693636197,-0.02131537631,-0.1658853221,12.47137081,-0,0.1708231287,0.1700741123,-0.1095971188,-0.2658319619,1.017184076,-0.004000795083,26.54165153,0.2658319619,0.004000795083,26.70188717,26.70188717,0.04661572437,0.5340377435,9.587379924e-07,1.438106989e-06,0.0001061578621,-1.917475985e-06,0.5340377435,-8.245146735e-05,9.587379924e-07,1.438106989e-06,0.0001061578621,-1.917475985e-06,0.5340377435,-8.245146735e-05,0,0,0,0,0,0
1.87,1,1,5.153216709e-05,3.78701507e-05,-2.876213977e-06,6.663229047e-05,-0.01296117892,-5.656554155e-05,0,0,0,0,0.001047197551,0,-0.01123862938,0.005840693123,-0.004551051612,-0.001722549535,-0.02168983906,-0.171813877,12.47521365,-0,0.1711625598,0.1728610746,-0.0378482043,-0.2705853764,1.014008651,-0.0041144779,27.49022032,0.2705853764,0.0041144779,27.72707197,27.72707197,0.04657649628,0.5545414394,1.438106989e-06,-0,2.876213977e-06,-9.587379924e-07,0.5545414394,-8.197209835e-05,1.438106989e-06,-0,2.876213977e-06,-9.587379924e-07,0.5545414394,-8.197209835e-05,0,0,0,0,0,0
1.88,1,1,5.153216709e-05,3.81098352e-05,-1.917475985e-06,6.663229047e-05,-0.01294871533,-5.680522605e-05,0,0,0,0,0,0,-0.01118045027,0.005795102752,-0.004567001746,-0.001768265054,-0.02227423887,-0.1772927663,12.4768278,-0,0.1713048975,0.1772927663,0.05029374403,-0.2779118427,1.012948715,-0.004233284085,28.36684261,0.2779118427,0.004233284085,28.69928148,28.69928148,0.04653777013,0.5739856295,1.438106989e-06,-4.793689962e-07,9.587379924e-07,-9.587379924e-07,0.5739856295,-8.149272936e-05,1.438106989e-06,-4.793689962e-07,9.587379924e-07,-9.587379924e-07,0.5739856295,-8.149272936e-05,0,0,0,0,0,0
1.89,1,1,5.153216709e-05,3.81098352e-05,-1.677791487e-06,6.783071296e-05,-0.01294008668,-5.632585706e-05,0,0,0,0,0.001047197551,0,-0.01112272786,0.005749353506,-0.004582826673,-0.001817358825,-0.02290115783,-0.1810102185,12.47794619,-0,0.1714034374,0.182057416,0.1281759045,-0.2857594151,1.013987558,-0.004327354644,28.96163496,0.2857594151,0.004327354644,29.37989763,29.37989763,0.04649953112,0.5875979527,1.438106989e-06,-4.793689962e-07,4.793689962e-07,-3.355582973e-06,0.5875979527,-8.245146735e-05,1.438106989e-06,-4.793689962e-07,4.793689962e-07,-3.355582973e-06,0.5875979527,-8.245146735e-05,0,0,0,0,0,0
1.9,1,1,5.177185159e-05,3.76304662e-05,-1.677791487e-06,6.639260598e-05,-0.01292762309,-5.680522605e-05,0,-0.001047197551,0,0,0.001047197551,0,-0.01106546373,0.005703446638,-0.00459852596,-0.001862159363,-0.02347486573,-0.1853569845,12.47956296,-0,0.1715457706,0.1864041821,0.1838983809,-0.2929560649,1.013975095,-0.004427556051,29.65711752,0.2929560649,0.004427556051,30.13839952,30.13839952,0.04646172769,0.6027679905,9.587379924e-07,0.0001051991241,4.793689962e-07,-4.793689962e-07,0.6027679905,-8.149272936e-05,9.587379924e-07,0.0001051991241,4.793689962e-07,-4.793689962e-07,0.6027679905,-8.149272936e-05,0,0,0,0,0,0
1.91,1,1,5.249090509e-05,3.73907817e-05,-2.157160483e-06,6.711165947e-05,-0.01290629117,-5.608617256e-05,0,0,0,0,0.002094395102,0,-0.01100865945,0.005657383407,-0.004614099176,-0.001897631722,-0.02393248759,-0.1877447516,12.48233374,-0,0.1717893733,0.1898391467,0.2128462554,-0.2987332972,1.015001783,-0.004490050982,30.03916025,0.2987332972,0.004490050982,30.55522986,30.55522986,0.04642425187,0.6111045971,-4.793689962e-07,9.587379924e-07,1.438106989e-06,-1.917475985e-06,0.6111045971,-8.293083635e-05,-4.793689962e-07,9.587379924e-07,1.438106989e-06,-1.917475985e-06,0.6111045971,-8.293083635e-05,0,0,0,0,0,0
1.92,1,1,5.320995858e-05,3.78701507e-05,-1.677791487e-06,6.735134397e-05,-0.01286914007,-5.632585706e-05,0,0,0,0,0.004188790205,0,-0.01095231658,0.005611165076,-0.004629545894,-0.001916823496,-0.02418712665,-0.1874910793,12.48717012,-0,0.1722136068,0.1916798695,0.2068118062,-0.3020287652,1.017062317,-0.004498591469,29.99857269,0.3020287652,0.004498591469,30.51191185,30.51191185,0.04638695815,0.610238237,-1.917475985e-06,-0,4.793689962e-07,-2.396844981e-06,0.610238237,-8.245146735e-05,-1.917475985e-06,-0,4.793689962e-07,-2.396844981e-06,0.610238237,-8.245146735e-05,0,0,0,0,0,0
1.93,1,1,5.153216709e-05,3.73907817e-05,-1.917475985e-06,6.687197497e-05,-0.0128224016,-5.704491055e-05,0,0,0,0,0.004188790205,0,-0.01089643666,0.005564792912,-0.004644865691,-0.001925964937,-0.02431638132,-0.1883470333,12.49327425,-0,0.1727472866,0.1925358235,0.1847113264,-0.3037912206,1.017015578,-0.004515085412,30.13552533,0.3037912206,0.004515085412,30.62854297,30.62854297,0.04634972213,0.6125708593,1.438106989e-06,9.587379924e-07,9.587379924e-07,-1.438106989e-06,0.6125708593,-8.101336036e-05,1.438106989e-06,9.587379924e-07,9.587379924e-07,-1.438106989e-06,0.6125708593,-8.101336036e-05,0,0,0,0,0,0
1.94,1,1,5.129248259e-05,3.78701507e-05,-1.677791487e-06,6.687197497e-05,-0.012765117,-5.632585706e-05,0,0,0,0,0.007330382858,0,-0.01084102123,0.005518268186,-0.004660058146,-0.001924095774,-0.02430806064,-0.1849820413,12.50078562,-0,0.1734013358,0.1923124242,0.1456547396,-0.3038698549,1.020108933,-0.004457854441,29.59712661,0.3038698549,0.004457854441,30.05110906,30.05110906,0.04631248944,0.6010221812,1.917475985e-06,-0,4.793689962e-07,-1.438106989e-06,0.6010221812,-8.245146735e-05,1.917475985e-06,-0,4.793689962e-07,-1.438106989e-06,0.6010221812,-8.245146735e-05,0,0,0,0,0,0
1.95,1,1,5.10527981e-05,3.81098352e-05,-1.917475985e-06,6.759102847e-05,-0.01268506238,-5.608617256e-05,0,0,0,0,0.00837758041,0,-0.0107860718,0.005471592175,-0.004675122844,-0.001898990579,-0.02400896812,-0.1814336868,12.51133795,-0,0.1743152688,0.1898112672,0.07289340692,-0.3003843138,1.021080189,-0.004377125041,29.02938988,0.3003843138,0.004377125041,29.40704473,29.40704473,0.04627494853,0.5881408946,2.396844981e-06,-4.793689962e-07,9.587379924e-07,-2.876213977e-06,0.5881408946,-8.293083635e-05,2.396844981e-06,-4.793689962e-07,9.587379924e-07,-2.876213977e-06,0.5881408946,-8.293083635e-05,0,0,0,0,0,0
1.96,1,1,5.153216709e-05,3.85892042e-05,-1.677791487e-06,6.687197497e-05,-0.01258799016,-5.632585706e-05,0,0,0,0,0.01047197551,0,-0.01073158988,0.005424766157,-0.00469005937,-0.001856400273,-0.02349039486,-0.1751249212,12.52422004,-0,0.1754233332,0.1855968967,-0.01837502566,-0.2941988741,1.023087381,-0.00423807823,28.01998739,0.2941988741,0.00423807823,28.30004932,28.30004932,0.0462370015,0.5660009863,1.438106989e-06,-1.438106989e-06,4.793689962e-07,-1.438106989e-06,0.5660009863,-8.245146735e-05,1.438106989e-06,-1.438106989e-06,4.793689962e-07,-1.438106989e-06,0.5660009863,-8.245146735e-05,0,0,0,0,0,0
1.97,1,1,5.10527981e-05,3.81098352e-05,-2.157160483e-06,6.711165947e-05,-0.01246503201,-5.680522605e-05,0,0,0,0,0.01256637061,0,-0.01067757697,0.005377791416,-0.004704867317,-0.001787455037,-0.02264043502,-0.1662361263,12.54067404,-0,0.1768266477,0.1788024969,-0.1399721079,-0.2839263156,1.025070881,-0.004035214249,26.5977802,0.2839263156,0.004035214249,26.74576962,26.74576962,0.04619838386,0.5349153925,2.396844981e-06,-4.793689962e-07,1.438106989e-06,-1.917475985e-06,0.5349153925,-8.149272936e-05,2.396844981e-06,-4.793689962e-07,1.438106989e-06,-1.917475985e-06,0.5349153925,-8.149272936e-05,0,0,0,0,0,0
1.98,1,1,5.201153609e-05,3.83495197e-05,-1.917475985e-06,6.711165947e-05,-0.01234231355,-5.656554155e-05,0,0,0,0,0.01151917306,0,-0.01062403455,0.00533066924,-0.004719546277,-0.001718278999,-0.02178587398,-0.1604696704,12.55724876,-0,0.1782269644,0.1719888434,-0.2390199059,-0.2735706391,1.023894659,-0.003883013861,25.67514726,0.2735706391,0.003883013861,25.71358101,25.71358101,0.04615920696,0.5142716201,4.793689962e-07,-9.587379924e-07,9.587379924e-07,-1.917475985e-06,0.5142716201,-8.197209835e-05,4.793689962e-07,-9.587379924e-07,9.587379924e-07,-1.917475985e-06,0.5142716201,-8.197209835e-05,0,0,0,0,0,0
1.99,1,1,5.177185159e-05,3.691141271e-05,-1.917475985e-06,6.663229047e-05,-0.0122471588,-5.584648806e-05,0,0,0,0,0.006283185307,0,-0.01057096407,0.005283400922,-0.004734095848,-0.001676194726,-0.02127019594,-0.1615453642,12.57020606,-0,0.179312575,0.1678285495,-0.2700347998,-0.2673707459,1.018540214,-0.003864962793,25.84725827,0.2673707459,0.003864962793,25.84845918,25.84845918,0.04611979781,0.5169691835,9.587379924e-07,1.917475985e-06,9.587379924e-07,-9.587379924e-07,0.5169691835,-8.341020534e-05,9.587379924e-07,1.917475985e-06,9.587379924e-07,-9.587379924e-07,0.5169691835,-8.341020534e-05,0,0,0,0,0,0
2,1,1,5.201153609e-05,3.643204371e-05,-1.917475985e-06,6.687197497e-05,-0.01218124556,-5.560680356e-05,0,0,0,0,0.004188790205,0,-0.01051836701,0.005235987756,-0.004748515632,-0.001662878552,-0.02111553938,-0.1622940927,12.57923565,-0,0.1800644787,0.1664828829,-0.2446469003,-0.2656173457,1.016374422,-0.003863079685,25.96705484,0.2656173457,0.003863079685,25.99188836,25.99188836,0.04608042487,0.5198377673,4.793689962e-07,2.876213977e-06,9.587379924e-07,-1.438106989e-06,0.5198377673,-8.388957434e-05,4.793689962e-07,2.876213977e-06,9.587379924e-07,-1.438106989e-06,0.5198377673,-8.388957434e-05,0,0,0,0,0,0
2.01,1,1,5.177185159e-05,3.73907817e-05,-1.198422491e-06,6.663229047e-05,-0.01214768973,-5.656554155e-05,0,0,0,0,0.002094395102,0,-0.0104662448,0.005188431043,-0.004762805232,-0.001681444936,-0.02136187482,-0.1661615715,12.58384958,-0,0.1804472365,0.1682559666,-0.1665249144,-0.2688146195,1.014243181,-0.003935224482,26.58585144,0.2688146195,0.003935224482,26.69207637,26.69207637,0.04604134359,0.5338415273,9.587379924e-07,9.587379924e-07,-4.793689962e-07,-9.587379924e-07,0.5338415273,-8.197209835e-05,9.587379924e-07,9.587379924e-07,-4.793689962e-07,-9.587379924e-07,0.5338415273,-8.197209835e-05,0,0,0,0,0,0
2.02,1,1,5.201153609e-05,3.83495197e-05,-1.677791487e-06,6.687197497e-05,-0.01213474677,-5.632585706e-05,0,0.001047197551,0,0,0,0,-0.01041459886,0.005140732087,-0.004776964258,-0.001720147906,-0.02186181792,-0.1720002291,12.58563232,-0,0.1805948663,0.1720002291,-0.06723692016,-0.2751448022,1.012134747,-0.004053172773,27.52003666,0.2751448022,0.004053172773,27.73199771,27.73199771,0.04600268061,0.5546399543,4.793689962e-07,-0.0001056784931,4.793689962e-07,-1.438106989e-06,0.5546399543,-8.245146735e-05,4.793689962e-07,-0.0001056784931,4.793689962e-07,-1.438106989e-06,0.5546399543,-8.245146735e-05,0,0,0,0,0,0
2.03,1,1,5.249090509e-05,3.78701507e-05,-1.917475985e-06,6.663229047e-05,-0.01212396097,-5.680522605e-05,0,0,0,0,0,0,-0.01036343063,0.005092892194,-0.004790992321,-0.001760530342,-0.02238316993,-0.1759106203,12.58711924,-0,0.1807178889,0.1759106203,0.01654984717,-0.281739629,1.012123961,-0.004141780786,28.14569925,0.281739629,0.004141780786,28.44813051,28.44813051,0.04596440981,0.5689626101,-4.793689962e-07,-0,9.587379924e-07,-9.587379924e-07,0.5689626101,-8.149272936e-05,-4.793689962e-07,-0,9.587379924e-07,-9.587379924e-07,0.5689626101,-8.149272936e-05,0,0,0,0,0,0
2.04,1,1,5.201153609e-05,3.85892042e-05,-2.157160483e-06,6.615292148e-05,-0.01211485296,-5.632585706e-05,0,0,0,0,0.001047197551,0,-0.01031274149,0.005044912678,-0.004804889037,-0.001802111472,-0.02291987795,-0.1788930651,12.5883758,-0,0.180821773,0.1799402627,0.08716123627,-0.2885240369,1.013162325,-0.004217170355,28.62289042,0.2885240369,0.004217170355,29.00279286,29.00279286,0.04592655888,0.5800558572,4.793689962e-07,-1.438106989e-06,1.438106989e-06,-0,0.5800558572,-8.245146735e-05,4.793689962e-07,-1.438106989e-06,1.438106989e-06,-0,0.5800558572,-8.245146735e-05,0,0,0,0,0,0
2.05,1,1,5.249090509e-05,3.85892042e-05,-1.917475985e-06,6.711165947e-05,-0.01210095126,-5.584648806e-05,0,0,0,0,0.002094395102,0,-0.01026253283,0.004996794853,-0.004818654024,-0.001838418423,-0.02339044545,-0.181360481,12.59029533,-0,0.1809803301,0.1834548761,0.1351912147,-0.2944926161,1.014196443,-0.004280567828,29.01767696,0.2944926161,0.004280567828,29.45164136,29.45164136,0.04588905633,0.5890328272,-4.793689962e-07,-1.438106989e-06,9.587379924e-07,-1.917475985e-06,0.5890328272,-8.341020534e-05,-4.793689962e-07,-1.438106989e-06,9.587379924e-07,-1.917475985e-06,0.5890328272,-8.341020534e-05,0,0,0,0,0,0
2.06,1,1,5.201153609e-05,3.83495197e-05,-1.917475985e-06,6.711165947e-05,-0.01208105744,-5.560680356e-05,0,0,0,0,0.002094395102,0,-0.01021280604,0.004948540038,-0.004832286905,-0.001868251398,-0.02377972538,-0.1842417922,12.59304569,-0,0.1812072248,0.1863361873,0.1628208047,-0.2994591682,1.014176549,-0.004344874252,29.47868675,0.2994591682,0.004344874252,29.9453116,29.9453116,0.04585183971,0.598906232,4.793689962e-07,-9.587379924e-07,9.587379924e-07,-1.917475985e-06,0.598906232,-8.388957434e-05,4.793689962e-07,-9.587379924e-07,9.587379924e-07,-1.917475985e-06,0.598906232,-8.388957434e-05,0,0,0,0,0,0
2.07,1,1,5.177185159e-05,3.73907817e-05,-2.157160483e-06,6.687197497e-05,-0.01205517152,-5.680522605e-05,0,0,0,0,0.003141592654,0,-0.01016356248,0.004900149556,-0.004845787307,-0.001891609032,-0.02408764063,-0.1854418072,12.59663055,-0,0.1815024508,0.1885833998,0.1738749728,-0.3034231098,1.015199232,-0.004378462797,29.67068914,0.3034231098,0.004378462797,30.15236569,30.15236569,0.04581486547,0.6030473138,9.587379924e-07,9.587379924e-07,1.438106989e-06,-1.438106989e-06,0.6030473138,-8.149272936e-05,9.587379924e-07,9.587379924e-07,1.438106989e-06,-1.438106989e-06,0.6030473138,-8.149272936e-05,0,0,0,0,0,0
2.08,1,1,5.201153609e-05,3.78701507e-05,-2.636529479e-06,6.735134397e-05,-0.01201466484,-5.608617256e-05,0,0,0,0,0.004188790205,0,-0.0101148035,0.004851624735,-0.004859154859,-0.001899861335,-0.02420536401,-0.1851606358,12.60225398,-0,0.1819644007,0.189349426,0.1554900416,-0.3050421449,1.016207842,-0.004376986491,29.62570173,0.3050421449,0.004376986491,30.0906109,30.0906109,0.04577795844,0.601812218,4.793689962e-07,-0,2.396844981e-06,-2.396844981e-06,0.601812218,-8.293083635e-05,4.793689962e-07,-0,2.396844981e-06,-2.396844981e-06,0.601812218,-8.293083635e-05,0,0,0,0,0,0
2.09,1,1,5.225122059e-05,3.78701507e-05,-2.157160483e-06,6.663229047e-05,-0.01195761993,-5.632585706e-05,0,0,0,0,0.004188790205,0,-0.01006653043,0.004802966903,-0.004872389195,-0.001891089493,-0.02410844131,-0.1842566424,12.61020195,-0,0.1826149075,0.1884454326,0.1104068834,-0.3040123136,1.016150797,-0.004351604585,29.48106278,0.3040123136,0.004351604585,29.89983358,29.89983358,0.04574091353,0.5979966717,-0,-0,1.438106989e-06,-9.587379924e-07,0.5979966717,-8.245146735e-05,-0,-0,1.438106989e-06,-9.587379924e-07,0.5979966717,-8.245146735e-05,0,0,0,0,0,0
2.1,1,1,5.273058958e-05,3.78701507e-05,-1.917475985e-06,6.807039746e-05,-0.011886913,-5.632585706e-05,0,0,0,0,0.00837758041,0,-0.0100187446,0.004754177396,-0.004885489951,-0.001868168397,-0.02383274767,-0.1777759111,12.62009989,-0,0.1834211269,0.1861534915,0.04746943006,-0.3007716562,1.020282039,-0.004229314665,28.44414578,0.3007716562,0.004229314665,28.79661618,28.79661618,0.04570366015,0.5759323235,-9.587379924e-07,-0,9.587379924e-07,-3.83495197e-06,0.5759323235,-8.245146735e-05,-9.587379924e-07,-0,9.587379924e-07,-3.83495197e-06,0.5759323235,-8.245146735e-05,0,0,0,0,0,0
2.11,1,1,5.225122059e-05,3.81098352e-05,-1.917475985e-06,6.831008196e-05,-0.01179487415,-5.656554155e-05,0,0,0,0,0.009424777961,0,-0.00997144732,0.004705257551,-0.00489845677,-0.001823426832,-0.02328095646,-0.1722974721,12.6330612,-0,0.1844704435,0.18172225,-0.04270969574,-0.2941097479,1.021241859,-0.004103314456,27.56759553,0.2941097479,0.004103314456,27.8230989,27.8230989,0.04566596139,0.5564619779,-0,-4.793689962e-07,9.587379924e-07,-4.314320966e-06,0.5564619779,-8.197209835e-05,-0,-4.793689962e-07,9.587379924e-07,-4.314320966e-06,0.5564619779,-8.197209835e-05,0,0,0,0,0,0
2.12,1,1,5.177185159e-05,3.81098352e-05,-1.917475985e-06,6.711165947e-05,-0.01169252887,-5.512743456e-05,0,0,0,0,0.009424777961,0,-0.009924639881,0.004656208708,-0.004911289295,-0.00176788899,-0.02259165716,-0.166809576,12.64757674,-0,0.1856370812,0.1762343539,-0.1353353496,-0.2857297177,1.021139513,-0.003968504179,26.68953216,0.2857297177,0.003968504179,26.84389503,26.84389503,0.04562776209,0.5368779005,9.587379924e-07,-4.793689962e-07,9.587379924e-07,-1.917475985e-06,0.5368779005,-8.484831233e-05,9.587379924e-07,-4.793689962e-07,9.587379924e-07,-1.917475985e-06,0.5368779005,-8.484831233e-05,0,0,0,0,0,0
2.13,1,1,5.153216709e-05,3.83495197e-05,-2.396844981e-06,6.735134397e-05,-0.01159353917,-5.536711906e-05,0,0,0,0,0.00837758041,0,-0.009878323571,0.004607032213,-0.004923987174,-0.001715215603,-0.02193736116,-0.1626516679,12.66171968,-0,0.1867652867,0.1710292483,-0.2056921954,-0.2777647176,1.019988666,-0.003857605289,26.02426687,0.2777647176,0.003857605289,26.10019699,26.10019699,0.04558917098,0.5220039399,1.438106989e-06,-9.587379924e-07,1.917475985e-06,-2.396844981e-06,0.5220039399,-8.436894333e-05,1.438106989e-06,-9.587379924e-07,1.917475985e-06,-2.396844981e-06,0.5220039399,-8.436894333e-05,0,0,0,0,0,0
2.14,1,1,5.129248259e-05,3.78701507e-05,-2.396844981e-06,6.663229047e-05,-0.0115142036,-5.536711906e-05,0,0,0,0,0.005235987756,0,-0.009832499658,0.004557729415,-0.00493655006,-0.001681703946,-0.02152474713,-0.1624661065,12.67312812,-0,0.1876693604,0.1677020943,-0.2282769757,-0.2727858782,1.016757045,-0.003825570466,25.99457704,0.2727858782,0.003825570466,26.04291151,26.04291151,0.04555039221,0.5208582303,1.917475985e-06,-0,1.917475985e-06,-9.587379924e-07,0.5208582303,-8.436894333e-05,1.917475985e-06,-0,1.917475985e-06,-9.587379924e-07,0.5208582303,-8.436894333e-05,0,0,0,0,0,0
2.15,1,1,5.201153609e-05,3.715109721e-05,-1.677791487e-06,6.639260598e-05,-0.01146051428,-5.632585706e-05,0,0,0,0,0.003141592654,0,-0.009787169399,0.004508301663,-0.004948977608,-0.001673344878,-0.02143044381,-0.1636962056,12.68088585,-0,0.1882811148,0.1668377982,-0.2014780055,-0.2717570117,1.014604574,-0.003834968144,26.19139289,0.2717570117,0.003834968144,26.26550687,26.26550687,0.04551165837,0.5253101374,4.793689962e-07,1.438106989e-06,4.793689962e-07,-4.793689962e-07,0.5253101374,-8.245146735e-05,4.793689962e-07,1.438106989e-06,4.793689962e-07,-4.793689962e-07,0.5253101374,-8.245146735e-05,0,0,0,0,0,0
2.16,1,1,5.129248259e-05,3.73907817e-05,-1.198422491e-06,6.687197497e-05,-0.01143103308,-5.608617256e-05,0,0,0,0,0.002094395102,0,-0.009742334037,0.004458750315,-0.004961269477,-0.001688699047,-0.02163677746,-0.16620075,12.68515847,-0,0.1886170109,0.1682951451,-0.1373891326,-0.2744659509,1.013526525,-0.003882086597,26.59212,0.2744659509,0.003882086597,26.7330789,26.7330789,0.04547318153,0.534661578,1.917475985e-06,9.587379924e-07,-4.793689962e-07,-1.438106989e-06,0.534661578,-8.293083635e-05,1.917475985e-06,9.587379924e-07,-4.793689962e-07,-1.438106989e-06,0.534661578,-8.293083635e-05,0,0,0,0,0,0
2.17,1,1,5.225122059e-05,3.81098352e-05,-1.677791487e-06,6.687197497e-05,-0.01141521391,-5.584648806e-05,0,0,0,0,0,0,-0.0096979948,0.004409076727,-0.004973425331,-0.001717219107,-0.02201023674,-0.1710423103,12.68745484,-0,0.1887972411,0.1710423103,-0.06167663477,-0.2792538847,1.011415214,-0.003975205335,27.36676966,0.2792538847,0.003975205335,27.58832211,27.58832211,0.04543502422,0.5517664422,-0,-4.793689962e-07,4.793689962e-07,-1.438106989e-06,0.5517664422,-8.341020534e-05,-0,-4.793689962e-07,4.793689962e-07,-1.438106989e-06,0.5517664422,-8.341020534e-05,0,0,0,0,0,0
2.18,1,1,5.201153609e-05,3.78701507e-05,-1.677791487e-06,6.663229047e-05,-0.01140394874,-5.584648806e-05,0,0,0,0,0,0,-0.009654152905,0.004359282263,-0.004985444835,-0.00174979583,-0.02243532374,-0.174187905,12.68909173,-0,0.1889255841,0.174187905,0.007198438959,-0.284683881,1.011403949,-0.00404485024,27.87006481,0.284683881,0.00404485024,28.16599198,28.16599198,0.04539720844,0.5633198395,4.793689962e-07,-0,4.793689962e-07,-9.587379924e-07,0.5633198395,-8.341020534e-05,4.793689962e-07,-0,4.793689962e-07,-9.587379924e-07,0.5633198395,-8.341020534e-05,0,0,0,0,0,0
2.19,1,1,5.177185159e-05,3.882888869e-05,-2.157160483e-06,6.735134397e-05,-0.01139603915,-5.656554155e-05,0.001047197551,0,0,0,0,0,-0.009610809553,0.004309368286,-0.004997327661,-0.001785229594,-0.02289682726,-0.1776147776,12.69024183,-0,0.1890156959,0.1776147776,0.06864737102,-0.2905662751,1.011396039,-0.004120954816,28.41836442,0.2905662751,0.004120954816,28.78169902,28.78169902,0.04535973907,0.5756339805,-0.0001037610171,-1.917475985e-06,1.438106989e-06,-2.396844981e-06,0.5756339805,-8.197209835e-05,-0.0001037610171,-1.917475985e-06,1.438106989e-06,-2.396844981e-06,0.5756339805,-8.197209835e-05,0,0,0,0,0,0
2.2,1,1,5.153216709e-05,3.882888869e-05,-1.917475985e-06,6.711165947e-05,-0.01138573271,-5.632585706e-05,0,0,0,0,0.001047197551,0,-0.009567965933,0.004259336166,-0.005009073483,-0.00181776678,-0.02332172778,-0.1797117845,12.69174142,-0,0.1891331125,0.1807589821,0.1134301119,-0.2959933386,1.012433204,-0.004174740721,28.75388552,0.2959933386,0.004174740721,29.16748372,29.16748372,0.04532258641,0.5833496743,1.438106989e-06,-1.917475985e-06,9.587379924e-07,-1.917475985e-06,0.5833496743,-8.245146735e-05,1.438106989e-06,-1.917475985e-06,9.587379924e-07,-1.917475985e-06,0.5833496743,-8.245146735e-05,0,0,0,0,0,0
2.21,1,1,5.225122059e-05,3.81098352e-05,-1.677791487e-06,6.711165947e-05,-0.01137039291,-5.560680356e-05,0,0,0,0,0.002094395102,0,-0.009525623219,0.004209187274,-0.005020681978,-0.001844769686,-0.023676522,-0.1812670239,12.69397544,-0,0.1893078684,0.183361419,0.1399165959,-0.3005491888,1.013465885,-0.00421602724,29.00272383,0.3005491888,0.00421602724,29.44740564,29.44740564,0.04528569019,0.5889481128,-0,-4.793689962e-07,4.793689962e-07,-1.917475985e-06,0.5889481128,-8.388957434e-05,-0,-4.793689962e-07,4.793689962e-07,-1.917475985e-06,0.5889481128,-8.388957434e-05,0,0,0,0,0,0
2.22,1,1,5.320995858e-05,3.73907817e-05,-2.157160483e-06,6.783071296e-05,-0.01135289594,-5.608617256e-05,0,0,0,0,0.002094395102,0,-0.009483782572,0.004158922985,-0.005032152829,-0.001869113365,-0.02399766992,-0.1836093016,12.69652662,-0,0.189507194,0.1857036967,0.1570922943,-0.3046870549,1.013448388,-0.004266901802,29.37748826,0.3046870549,0.004266901802,29.84353451,29.84353451,0.04524906083,0.5968706902,-1.917475985e-06,9.587379924e-07,1.438106989e-06,-3.355582973e-06,0.5968706902,-8.293083635e-05,-1.917475985e-06,9.587379924e-07,1.438106989e-06,-3.355582973e-06,0.5968706902,-8.293083635e-05,0,0,0,0,0,0
2.23,1,1,5.225122059e-05,3.81098352e-05,-2.157160483e-06,6.735134397e-05,-0.0113318037,-5.512743456e-05,0,0,0,0,0.002094395102,0,-0.00944244514,0.004108544677,-0.005043485721,-0.001889358562,-0.02426686719,-0.1855499105,12.69960627,-0,0.1897474694,0.1876443056,0.1636489823,-0.3081796587,1.013427295,-0.004308345411,29.68798568,0.3081796587,0.004308345411,30.16412267,30.16412267,0.04521261496,0.6032824534,-0,-4.793689962e-07,1.438106989e-06,-2.396844981e-06,0.6032824534,-8.484831233e-05,-0,-4.793689962e-07,1.438106989e-06,-2.396844981e-06,0.6032824534,-8.484831233e-05,0,0,0,0,0,0
2.24,1,1,5.129248259e-05,3.81098352e-05,-2.157160483e-06,6.735134397e-05,-0.01129393355,-5.464806557e-05,0,0,0,0,0.004188790205,0,-0.009401612054,0.004058053732,-0.005054680343,-0.001892321496,-0.02431658139,-0.1836998514,12.70514736,-0,0.1901788521,0.1878886416,0.1373917801,-0.3089457499,1.01548711,-0.004279295395,29.39197622,0.3089457499,0.004279295395,29.84259304,29.84259304,0.04517618556,0.5968518608,1.917475985e-06,-4.793689962e-07,1.438106989e-06,-2.396844981e-06,0.5968518608,-8.580705032e-05,1.917475985e-06,-4.793689962e-07,1.438106989e-06,-2.396844981e-06,0.5968518608,-8.580705032e-05,0,0,0,0,0,0
2.25,1,1,5.201153609e-05,3.882888869e-05,-2.157160483e-06,6.759102847e-05,-0.01122274725,-5.512743456e-05,0,0,0,0,0.00837758041,0,-0.009361284436,0.004007451533,-0.005065736389,-0.001861462819,-0.02393623534,-0.1764354085,12.71560394,-0,0.1909896699,0.1848129889,0.05488725009,-0.3043636885,1.019617874,-0.004140206418,28.22966535,0.3043636885,0.004140206418,28.5930565,28.5930565,0.04513939308,0.57186113,4.793689962e-07,-1.917475985e-06,1.438106989e-06,-2.876213977e-06,0.57186113,-8.484831233e-05,4.793689962e-07,-1.917475985e-06,1.438106989e-06,-2.876213977e-06,0.57186113,-8.484831233e-05,0,0,0,0,0,0
2.26,1,1,5.273058958e-05,3.85892042e-05,-2.396844981e-06,6.735134397e-05,-0.01114077516,-5.512743456e-05,0,0,0,0,0.00837758041,0,-0.00932146339,0.003956739467,-0.005076653555,-0.001819311767,-0.02341155229,-0.1722523817,12.72771089,-0,0.1919232211,0.1806299621,-0.03183103498,-0.2979754689,1.019535902,-0.004038072552,27.56038107,0.2979754689,0.004038072552,27.83056357,27.83056357,0.04510221011,0.5566112715,-9.587379924e-07,-1.438106989e-06,1.917475985e-06,-2.396844981e-06,0.5566112715,-8.484831233e-05,-9.587379924e-07,-1.438106989e-06,1.917475985e-06,-2.396844981e-06,0.5566112715,-8.484831233e-05,0,0,0,0,0,0
2.27,1,1,5.08131136e-05,3.85892042e-05,-2.157160483e-06,6.663229047e-05,-0.0110427442,-5.560680356e-05,0,0,0,0,0.009424777961,0,-0.009282150008,0.003905918925,-0.005087431542,-0.001760594189,-0.02267492215,-0.1653989863,12.74228269,-0,0.1930394946,0.1748237642,-0.1325713867,-0.288930268,1.020489729,-0.003881424738,26.4638378,0.288930268,0.003881424738,26.62407811,26.62407811,0.04506449185,0.5324815621,2.876213977e-06,-1.438106989e-06,1.438106989e-06,-9.587379924e-07,0.5324815621,-8.388957434e-05,2.876213977e-06,-1.438106989e-06,1.438106989e-06,-9.587379924e-07,0.5324815621,-8.388957434e-05,0,0,0,0,0,0
2.28,1,1,5.177185159e-05,3.83495197e-05,-2.396844981e-06,6.663229047e-05,-0.0109298528,-5.560680356e-05,0,0,0,0,0.01047197551,0,-0.009243345368,0.003854991301,-0.005098070054,-0.00168650743,-0.02174090014,-0.1570425668,12.75918934,-0,0.1943247577,0.1675145423,-0.2422276175,-0.2773962614,1.021429244,-0.003688976176,25.12681069,0.2773962614,0.003688976176,25.16566831,25.16566831,0.04502613391,0.5033133662,9.587379924e-07,-9.587379924e-07,1.917475985e-06,-9.587379924e-07,0.5033133662,-8.388957434e-05,9.587379924e-07,-9.587379924e-07,1.917475985e-06,-9.587379924e-07,0.5033133662,-8.388957434e-05,0,0,0,0,0,0
2.29,1,1,5.225122059e-05,3.715109721e-05,-2.396844981e-06,6.735134397e-05,-0.01083302026,-5.512743456e-05,0,0,0,-0.001047197551,0.006283185307,0,-0.009205050534,0.00380395799,-0.0051085688,-0.001627969727,-0.02100372304,-0.155449479,12.77379875,-0,0.1954269978,0.1617326643,-0.3027359576,-0.2682973312,1.017126075,-0.003617736006,24.87191665,0.2682973312,0.003617736006,24.84109575,24.84109575,0.04498737187,0.4968219151,-0,1.438106989e-06,1.917475985e-06,0.0001023229101,0.4968219151,-8.484831233e-05,-0,1.438106989e-06,1.917475985e-06,0.0001023229101,0.4968219151,-8.484831233e-05,0,0,0,0,0,0
2.3,1,1,5.201153609e-05,3.76304662e-05,-2.157160483e-06,6.735134397e-05,-0.01076542923,-5.560680356e-05,0,0,0,0,0.004188790205,0,-0.009167266556,0.003752820392,-0.005118927492,-0.001598162676,-0.02063260261,-0.1545769785,12.78405554,-0,0.1961962768,0.1587657687,-0.3002392566,-0.2637683377,1.014958606,-0.003579021321,24.73231656,0.2637683377,0.003579021321,24.69942466,24.69942466,0.04494851214,0.4939884933,4.793689962e-07,4.793689962e-07,1.438106989e-06,-2.396844981e-06,0.4939884933,-8.388957434e-05,4.793689962e-07,4.793689962e-07,1.438106989e-06,-2.396844981e-06,0.4939884933,-8.388957434e-05,0,0,0,0,0,0
2.31,1,1,5.225122059e-05,3.83495197e-05,-2.157160483e-06,6.759102847e-05,-0.01073594804,-5.440838107e-05,0,0,0,0,0,0,-0.00912999447,0.003701579908,-0.005129145847,-0.00160595357,-0.02074183068,-0.1594795639,12.7885445,-0,0.1965317858,0.1594795639,-0.2312121951,-0.2652578246,1.010735948,-0.003658722694,25.51673022,0.2652578246,0.003658722694,25.55443458,25.55443458,0.04490987808,0.5110886915,-0,-9.587379924e-07,1.438106989e-06,-2.876213977e-06,0.5110886915,-8.628641932e-05,-0,-9.587379924e-07,1.438106989e-06,-2.876213977e-06,0.5110886915,-8.628641932e-05,0,0,0,0,0,0
2.32,1,1,5.249090509e-05,3.81098352e-05,-1.438106989e-06,6.639260598e-05,-0.01073163372,-5.416869657e-05,0,0,0,0,0,0,-0.009093235296,0.003650237944,-0.005139223583,-0.001638398422,-0.02116637962,-0.1626075756,12.7892022,-0,0.1965808833,0.1626075756,-0.131523926,-0.2707011087,1.010731634,-0.003727271725,26.01721209,0.2707011087,0.003727271725,26.16011655,26.16011655,0.04487161113,0.523202331,-4.793689962e-07,-4.793689962e-07,-0,-4.793689962e-07,0.523202331,-8.676578831e-05,-4.793689962e-07,-4.793689962e-07,-0,-4.793689962e-07,0.523202331,-8.676578831e-05,0,0,0,0,0,0
2.33,1,1,5.320995858e-05,3.83495197e-05,-2.157160483e-06,6.759102847e-05,-0.01073019561,-5.488775007e-05,0,0,0,0,0,0,-0.009056990044,0.003598795906,-0.005149160424,-0.001673205567,-0.02162123004,-0.1659682232,12.78942148,-0,0.1965972491,0.1659682232,-0.04587642143,-0.2765230238,1.010730196,-0.003801073401,26.55491572,0.2765230238,0.003801073401,26.7893634,26.7893634,0.04483366157,0.5357872679,-1.917475985e-06,-9.587379924e-07,1.438106989e-06,-2.876213977e-06,0.5357872679,-8.532768133e-05,-1.917475985e-06,-9.587379924e-07,1.438106989e-06,-2.876213977e-06,0.5357872679,-8.532768133e-05,0,0,0,0,0,0
2.34,1,1,5.129248259e-05,3.78701507e-05,-1.677791487e-06,6.663229047e-05,-0.01072755908,-5.560680356e-05,0,0,0,0,0,0,-0.009021259707,0.003547255206,-0.005158956099,-0.001706299375,-0.02205424925,-0.1691623003,12.78982354,-0,0.1966272528,0.1691623003,0.02121229268,-0.2820699562,1.010727559,-0.003870949807,27.06596805,0.2820699562,0.003870949807,27.37312125,27.37312125,0.0447960161,0.5474624251,1.917475985e-06,-0,4.793689962e-07,-9.587379924e-07,0.5474624251,-8.388957434e-05,1.917475985e-06,-0,4.793689962e-07,-9.587379924e-07,0.5474624251,-8.388957434e-05,0,0,0,0,0,0
2.35,1,1,5.05734291e-05,3.78701507e-05,-1.917475985e-06,6.759102847e-05,-0.01072228602,-5.536711906e-05,0,0,0,0,0,0,-0.008986045264,0.003495617256,-0.005168610338,-0.001736240759,-0.02244701992,-0.1720485016,12.7906279,-0,0.19668726,0.1720485016,0.07024852357,-0.2871114791,1.010722286,-0.0039336696,27.52776026,0.2871114791,0.0039336696,27.88905393,27.88905393,0.04475867283,0.5577810786,3.355582973e-06,-0,9.587379924e-07,-2.876213977e-06,0.5577810786,-8.436894333e-05,3.355582973e-06,-0,9.587379924e-07,-2.876213977e-06,0.5577810786,-8.436894333e-05,0,0,0,0,0,0
2.36,1,1,5.08131136e-05,3.76304662e-05,-1.677791487e-06,6.735134397e-05,-0.01071725265,-5.440838107e-05,0,0,0,0,0,0,-0.008951347681,0.003443883471,-0.005178122878,-0.001765904967,-0.02283630564,-0.1749085146,12.79139597,-0,0.196744539,0.1749085146,0.1096526186,-0.2921082279,1.010717253,-0.003995707772,27.98536233,0.2921082279,0.003995707772,28.39111889,28.39111889,0.04472162341,0.5678223777,2.876213977e-06,4.793689962e-07,4.793689962e-07,-2.396844981e-06,0.5678223777,-8.628641932e-05,2.876213977e-06,4.793689962e-07,4.793689962e-07,-2.396844981e-06,0.5678223777,-8.628641932e-05,0,0,0,0,0,0
2.37,1,1,5.201153609e-05,3.73907817e-05,-2.636529479e-06,6.687197497e-05,-0.0107103018,-5.368932758e-05,0,0,0,0,0,0,-0.00891716791,0.003392055271,-0.005187493456,-0.001793133888,-0.02319449072,-0.1775305546,12.79245708,-0,0.1968236378,0.1775305546,0.137367676,-0.296714527,1.010710302,-0.004052214368,28.40488874,0.296714527,0.004052214368,28.84302316,28.84302316,0.04468485001,0.5768604632,4.793689962e-07,9.587379924e-07,2.396844981e-06,-1.438106989e-06,0.5768604632,-8.772452631e-05,4.793689962e-07,9.587379924e-07,2.396844981e-06,-1.438106989e-06,0.5768604632,-8.772452631e-05,0,0,0,0,0,0
2.38,1,1,5.273058958e-05,3.78701507e-05,-1.677791487e-06,6.615292148e-05,-0.0106978382,-5.392901207e-05,0,0,0.001047197551,0,0.001047197551,0,-0.008883506886,0.003340134076,-0.005196721817,-0.001814331318,-0.02347554993,-0.1785142324,12.79436106,-0,0.1969654678,0.1795614299,0.1490026366,-0.3003546617,1.01174531,-0.004079674103,28.56227718,0.3003546617,0.004079674103,29.01571415,29.01571415,0.04464827885,0.5803142831,-9.587379924e-07,-0,-0.0001042403861,-0,0.5803142831,-8.724515731e-05,-9.587379924e-07,-0,-0.0001042403861,-0,0.5803142831,-8.724515731e-05,0,0,0,0,0,0
2.39,1,1,5.177185159e-05,3.85892042e-05,-2.157160483e-06,6.711165947e-05,-0.01068177934,-5.416869657e-05,0,0,0,0,0.001047197551,0,-0.008850365533,0.00328812131,-0.005205807707,-0.001831413809,-0.02370396892,-0.1801416144,12.79681671,-0,0.1971482059,0.1811888119,0.1513776268,-0.3033353455,1.011729251,-0.004113377925,28.8226583,0.3033353455,0.004113377925,29.28148465,29.28148465,0.04461188745,0.5856296931,9.587379924e-07,-1.438106989e-06,1.438106989e-06,-1.917475985e-06,0.5856296931,-8.676578831e-05,9.587379924e-07,-1.438106989e-06,1.438106989e-06,-1.917475985e-06,0.5856296931,-8.676578831e-05,0,0,0,0,0,0
2.4,1,1,5.225122059e-05,3.76304662e-05,-1.917475985e-06,6.639260598e-05,-0.0106623649,-5.464806557e-05,0,0,0,-0.001047197551,0,0,-0.00881774476,0.003236018398,-0.005214750877,-0.001844620138,-0.02388276865,-0.182435879,12.79978916,-0,0.1973691215,0.182435879,0.146663864,-0.3056944033,1.010662365,-0.004153605587,29.18974064,0.3056944033,0.004153605587,29.64625252,29.64625252,0.04457564732,0.5929250504,-0,4.793689962e-07,9.587379924e-07,0.0001042403861,0.5929250504,-8.580705032e-05,-0,4.793689962e-07,9.587379924e-07,0.0001042403861,0.5929250504,-8.580705032e-05,0,0,0,0,0,0
2.41,1,1,5.201153609e-05,3.78701507e-05,-1.917475985e-06,6.735134397e-05,-0.01064750446,-5.440838107e-05,0,0,0,0,0.001047197551,0,-0.008785645461,0.003183826769,-0.005223551082,-0.001861858998,-0.02411316285,-0.1830318739,12.8020671,-0,0.1975382124,0.1840790714,0.1499130706,-0.3086983287,1.011694976,-0.004172317677,29.28509982,0.3086983287,0.004172317677,29.74788354,29.74788354,0.04453960669,0.5949576708,4.793689962e-07,-0,9.587379924e-07,-2.396844981e-06,0.5949576708,-8.628641932e-05,4.793689962e-07,-0,9.587379924e-07,-2.396844981e-06,0.5949576708,-8.628641932e-05,0,0,0,0,0,0
2.42,1,1,5.177185159e-05,3.930825769e-05,-1.438106989e-06,6.759102847e-05,-0.01063408213,-5.416869657e-05,0,0,0,0,0.001047197551,0,-0.008754068516,0.003131547854,-0.005232208081,-0.001880013612,-0.02435526708,-0.1847652925,12.80412662,-0,0.197690936,0.18581249,0.1541453679,-0.3118479235,1.011681554,-0.004208328347,29.56244679,0.3118479235,0.004208328347,30.03264841,30.03264841,0.04450375428,0.6006529683,9.587379924e-07,-2.876213977e-06,-0,-2.876213977e-06,0.6006529683,-8.676578831e-05,9.587379924e-07,-2.876213977e-06,-0,-2.876213977e-06,0.6006529683,-8.676578831e-05,0,0,0,0,0,0
2.43,1,1,5.177185159e-05,3.78701507e-05,-1.677791487e-06,6.639260598e-05,-0.01061778358,-5.392901207e-05,0,0,0,0,0.002094395102,0,-0.00872301479,0.003079183085,-0.005240721636,-0.001894768791,-0.02455382012,-0.185117838,12.80663006,-0,0.1978763814,0.1872122331,0.1512144312,-0.3144516909,1.012713275,-0.004221575297,29.61885409,0.3144516909,0.004221575297,30.08874178,30.08874178,0.0444680832,0.6017748356,9.587379924e-07,-0,4.793689962e-07,-4.793689962e-07,0.6017748356,-8.724515731e-05,9.587379924e-07,-0,4.793689962e-07,-4.793689962e-07,0.6017748356,-8.724515731e-05,0,0,0,0,0,0
2.44,1,1,5.273058958e-05,3.83495197e-05,-3.115898475e-06,6.807039746e-05,-0.01059693103,-5.416869657e-05,0,0,0,0,0.001047197551,0,-0.008692485135,0.0030267339,-0.005249091515,-0.001904445895,-0.02468728895,-0.1870659647,12.80983715,-0,0.1981136348,0.1881131622,0.1400848378,-0.3162401512,1.011644403,-0.004253593037,29.93055435,0.3162401512,0.004253593037,30.39113293,30.39113293,0.04443249574,0.6078226586,-9.587379924e-07,-9.587379924e-07,3.355582973e-06,-3.83495197e-06,0.6078226586,-8.676578831e-05,-9.587379924e-07,-9.587379924e-07,3.355582973e-06,-3.83495197e-06,0.6078226586,-8.676578831e-05,0,0,0,0,0,0
2.45,1,1,5.249090509e-05,3.85892042e-05,-1.917475985e-06,6.687197497e-05,-0.01057943406,-5.416869657e-05,0,0.001047197551,0,0,0.001047197551,0,-0.008662480389,0.002974201735,-0.005257317486,-0.001916953673,-0.02485695729,-0.1882450862,12.81253175,-0,0.1983127031,0.1892922838,0.13600306,-0.3184805546,1.011626906,-0.004276845051,30.11921379,0.3184805546,0.004276845051,30.57797425,30.57797425,0.04439709532,0.6115594851,-4.793689962e-07,-0.0001061578621,9.587379924e-07,-1.438106989e-06,0.6115594851,-8.676578831e-05,-4.793689962e-07,-0.0001061578621,9.587379924e-07,-1.438106989e-06,0.6115594851,-8.676578831e-05,0,0,0,0,0,0
2.46,1,1,5.201153609e-05,3.85892042e-05,-2.157160483e-06,6.735134397e-05,-0.01055977993,-5.440838107e-05,0,0,0,0,0.003141592654,0,-0.008633001373,0.00292158803,-0.005265399326,-0.001926778561,-0.02499218687,-0.1870661986,12.81556248,-0,0.1985363069,0.1902077913,0.1276261777,-0.3202889323,1.01370384,-0.004264138679,29.93059178,0.3202889323,0.004264138679,30.38277103,30.38277103,0.04436180221,0.6076554206,4.793689962e-07,-1.438106989e-06,1.438106989e-06,-2.396844981e-06,0.6076554206,-8.628641932e-05,4.793689962e-07,-1.438106989e-06,1.438106989e-06,-2.396844981e-06,0.6076554206,-8.628641932e-05,0,0,0,0,0,0
2.47,1,1,5.10527981e-05,3.85892042e-05,-2.157160483e-06,6.687197497e-05,-0.01053197653,-5.440838107e-05,0,0,0,0,0.003141592654,0,-0.008604048895,0.002868894229,-0.005273336812,-0.001927927636,-0.02501612424,-0.1871288914,12.81985694,-0,0.1988526117,0.1902704841,0.1051926492,-0.3207031339,1.013676037,-0.004261940608,29.94062263,0.3207031339,0.004261940608,30.37078036,30.37078036,0.04432651279,0.6074156071,2.396844981e-06,-1.438106989e-06,1.438106989e-06,-1.438106989e-06,0.6074156071,-8.628641932e-05,2.396844981e-06,-1.438106989e-06,1.438106989e-06,-1.438106989e-06,0.6074156071,-8.628641932e-05,0,0,0,0,0,0
2.48,1,1,5.201153609e-05,3.882888869e-05,-2.396844981e-06,6.711165947e-05,-0.01049746196,-5.488775007e-05,0,0,0,0,0.003141592654,0,-0.00857562375,0.002816121776,-0.005281129727,-0.001921838213,-0.02494709014,-0.1864799304,12.82519955,-0,0.1992452449,0.189621523,0.07370305696,-0.3199514091,1.013641522,-0.004243485665,29.83678886,0.3199514091,0.004243485665,30.23468682,30.23468682,0.04429117268,0.6046937363,4.793689962e-07,-1.917475985e-06,1.917475985e-06,-1.917475985e-06,0.6046937363,-8.532768133e-05,4.793689962e-07,-1.917475985e-06,1.917475985e-06,-1.917475985e-06,0.6046937363,-8.532768133e-05,0,0,0,0,0,0
2.49,1,1,5.153216709e-05,3.81098352e-05,-1.917475985e-06,6.639260598e-05,-0.01045288065,-5.416869657e-05,0,0,0,0,0.004188790205,0,-0.008547726717,0.002763272117,-0.005288777857,-0.00190515393,-0.02474190025,-0.1837423344,12.83211939,-0,0.1997523616,0.1879311246,0.02900989439,-0.3174910179,1.014646057,-0.00418612712,29.3987735,0.3174910179,0.00418612712,29.74946054,29.74946054,0.04425569137,0.5949892107,1.438106989e-06,-4.793689962e-07,9.587379924e-07,-4.793689962e-07,0.5949892107,-8.676578831e-05,1.438106989e-06,-4.793689962e-07,9.587379924e-07,-4.793689962e-07,0.5949892107,-8.676578831e-05,0,0,0,0,0,0
2.5,1,1,5.129248259e-05,3.78701507e-05,-1.438106989e-06,6.615292148e-05,-0.01040326596,-5.440838107e-05,0,0,0,0,0.004188790205,0,-0.00852035856,0.002710346702,-0.005296280992,-0.001882907395,-0.0244649567,-0.181505442,12.83984567,-0,0.2003166878,0.1856942322,-0.01734156171,-0.3141262683,1.014596443,-0.004131429671,29.04087072,0.3141262683,0.004131429671,29.34178686,29.34178686,0.04422001989,0.5868357371,1.917475985e-06,-0,-0,-0,0.5868357371,-8.628641932e-05,1.917475985e-06,-0,-0,-0,0.5868357371,-8.628641932e-05,0,0,0,0,0,0
2.51,1,1,5.225122059e-05,3.78701507e-05,-2.157160483e-06,6.639260598e-05,-0.010350056,-5.440838107e-05,0,0,0,0,0.004188790205,0,-0.008493520031,0.002657346982,-0.005303638928,-0.001856535967,-0.02413460135,-0.1788636036,12.84816135,-0,0.2009218534,0.1830523938,-0.06235506356,-0.3100852522,1.014543233,-0.004067565927,28.61817658,0.3100852522,0.004067565927,28.86997433,28.86997433,0.0441841153,0.5773994867,-0,-0,1.438106989e-06,-4.793689962e-07,0.5773994867,-8.628641932e-05,-0,-0,1.438106989e-06,-4.793689962e-07,0.5773994867,-8.628641932e-05,0,0,0,0,0,0
2.52,1,1,5.177185159e-05,3.78701507e-05,-1.438106989e-06,6.639260598e-05,-0.01030116036,-5.416869657e-05,0,0,0,0,0.004188790205,0,-0.008467211864,0.002604274408,-0.005310851461,-0.001833948496,-0.02385241511,-0.1765938344,12.85582976,-0,0.2014779024,0.1807826246,-0.09261641078,-0.3066425879,1.014494337,-0.004012287479,28.25501351,0.3066425879,0.004012287479,28.47305197,28.47305197,0.04414806864,0.5694610394,9.587379924e-07,-0,-0,-4.793689962e-07,0.5694610394,-8.676578831e-05,9.587379924e-07,-0,-0,-4.793689962e-07,0.5694610394,-8.676578831e-05,0,0,0,0,0,0
2.53,1,1,5.153216709e-05,3.76304662e-05,-1.917475985e-06,6.735134397e-05,-0.0102541822,-5.416869657e-05,0,0,0,0,0.004188790205,0,-0.00844143478,0.002551130438,-0.005317918395,-0.001812747418,-0.02358764852,-0.1744604831,12.86322183,-0,0.2020121011,0.1786492733,-0.1146050047,-0.3034131553,1.014447359,-0.003960199298,27.9136773,0.3034131553,0.003960199298,28.10644565,28.10644565,0.04411184407,0.562128913,1.438106989e-06,4.793689962e-07,9.587379924e-07,-2.396844981e-06,0.562128913,-8.676578831e-05,1.438106989e-06,4.793689962e-07,9.587379924e-07,-2.396844981e-06,0.562128913,-8.676578831e-05,0,0,0,0,0,0
2.54,1,1,5.201153609e-05,3.81098352e-05,-2.157160483e-06,6.639260598e-05,-0.01020840246,-5.464806557e-05,0,0,0,0,0.004188790205,0,-0.008416189488,0.002497916527,-0.005324839535,-0.001792212971,-0.02333107209,-0.1723928165,12.87044834,-0,0.2025326303,0.1765816067,-0.1315120739,-0.300281358,1.014401579,-0.003909687868,27.58285064,0.300281358,0.003909687868,27.75552962,27.75552962,0.04407549371,0.5551105923,4.793689962e-07,-4.793689962e-07,1.438106989e-06,-4.793689962e-07,0.5551105923,-8.580705032e-05,4.793689962e-07,-4.793689962e-07,1.438106989e-06,-4.793689962e-07,0.5551105923,-8.580705032e-05,0,0,0,0,0,0
2.55,1,1,5.129248259e-05,3.81098352e-05,-2.157160483e-06,6.735134397e-05,-0.01016645767,-5.416869657e-05,0,0,0,-0.001047197551,0.004188790205,0,-0.008391476678,0.002444634134,-0.005331614692,-0.001774980994,-0.02311664602,-0.1706495153,12.87708946,-0,0.2030095184,0.1748383055,-0.1394094156,-0.297675119,1.014359634,-0.003866632466,27.30392245,0.297675119,0.003866632466,27.46605479,27.46605479,0.04403904254,0.5493210958,1.917475985e-06,-4.793689962e-07,1.438106989e-06,0.0001023229101,0.5493210958,-8.676578831e-05,1.917475985e-06,-4.793689962e-07,1.438106989e-06,0.0001023229101,0.5493210958,-8.676578831e-05,0,0,0,0,0,0
2.56,1,1,5.177185159e-05,3.85892042e-05,-1.677791487e-06,6.615292148e-05,-0.01013122405,-5.488775007e-05,0,0,0,0,0.002094395102,0,-0.008367297029,0.00239128472,-0.00533824368,-0.001763927022,-0.02298148413,-0.1716070296,12.88268279,-0,0.2034100774,0.1737014247,-0.1344116575,-0.2960631701,1.012226716,-0.003868783314,27.45712473,0.2960631701,0.003868783314,27.62264503,27.62264503,0.0440025404,0.5524529005,9.587379924e-07,-1.438106989e-06,4.793689962e-07,-0,0.5524529005,-8.532768133e-05,9.587379924e-07,-1.438106989e-06,4.793689962e-07,-0,0.5524529005,-8.532768133e-05,0,0,0,0,0,0
2.57,1,1,5.225122059e-05,3.85892042e-05,-1.917475985e-06,6.543386798e-05,-0.01010677623,-5.440838107e-05,0,0,0,0,0.002094395102,0,-0.008343651202,0.002337869748,-0.005344726318,-0.001763125029,-0.02297819246,-0.1714762215,12.88657181,-0,0.2036880018,0.1735706166,-0.1119494297,-0.2961101273,1.012202268,-0.003862445649,27.43619543,0.2961101273,0.003862445649,27.62421858,27.62421858,0.04396609233,0.5524843715,-0,-1.438106989e-06,9.587379924e-07,1.438106989e-06,0.5524843715,-8.628641932e-05,-0,-1.438106989e-06,9.587379924e-07,1.438106989e-06,0.5524843715,-8.628641932e-05,0,0,0,0,0,0
2.58,1,1,5.225122059e-05,3.78701507e-05,-1.917475985e-06,6.687197497e-05,-0.01009119674,-5.512743456e-05,0,0,0,-0.001047197551,0.001047197551,0,-0.008320539847,0.002284390682,-0.005351062427,-0.001770656892,-0.02308216732,-0.1732104514,12.88905351,-0,0.2038651042,0.1742576489,-0.07883288345,-0.2975072897,1.011138668,-0.00389009638,27.71367222,0.2975072897,0.00389009638,27.93623672,27.93623672,0.04392977458,0.5587247345,-0,-0,9.587379924e-07,0.0001032816481,0.5587247345,-8.484831233e-05,-0,-0,9.587379924e-07,0.0001032816481,0.5587247345,-8.484831233e-05,0,0,0,0,0,0
2.59,1,1,5.225122059e-05,3.78701507e-05,-1.917475985e-06,6.735134397e-05,-0.01007897283,-5.368932758e-05,0,0,0,0,0.001047197551,0,-0.008297963597,0.002230848988,-0.005357251834,-0.001781009232,-0.02322239745,-0.1741743291,12.89100254,-0,0.2040040581,0.1752215266,-0.04671796409,-0.2993599844,1.011126445,-0.003908428604,27.86789265,0.2993599844,0.003908428604,28.1244431,28.1244431,0.04389361348,0.5624888619,-0,-0,9.587379924e-07,-2.396844981e-06,0.5624888619,-8.772452631e-05,-0,-0,9.587379924e-07,-2.396844981e-06,0.5624888619,-8.772452631e-05,0,0,0,0,0,0
2.6,1,1,5.249090509e-05,3.882888869e-05,-2.157160483e-06,6.663229047e-05,-0.01006794734,-5.416869657e-05,0,0,0,0,0.001047197551,0,-0.008275923071,0.002177246135,-0.00536329437,-0.001792024272,-0.02337107652,-0.1752033071,12.89276188,-0,0.2041293865,0.1762505046,-0.01930028024,-0.3013177245,1.011115419,-0.003928203688,28.03252913,0.3013177245,0.003928203688,28.31847478,28.31847478,0.0438575701,0.5663694956,-4.793689962e-07,-1.917475985e-06,1.438106989e-06,-9.587379924e-07,0.5663694956,-8.676578831e-05,-4.793689962e-07,-1.917475985e-06,1.438106989e-06,-9.587379924e-07,0.5663694956,-8.676578831e-05,0,0,0,0,0,0
2.61,1,1,5.153216709e-05,3.81098352e-05,-1.917475985e-06,6.687197497e-05,-0.01006027744,-5.488775007e-05,0,0,0,0,0,0,-0.008254418874,0.002123583591,-0.005369189867,-0.001805858565,-0.0235560114,-0.1775563806,12.89398656,-0,0.2042165701,0.1775563806,0.008147480671,-0.3037308944,1.010060277,-0.003969407044,28.40902089,0.3037308944,0.003969407044,28.72486867,28.72486867,0.0438217081,0.5744973735,1.438106989e-06,-4.793689962e-07,9.587379924e-07,-1.438106989e-06,0.5744973735,-8.532768133e-05,1.438106989e-06,-4.793689962e-07,9.587379924e-07,-1.438106989e-06,0.5744973735,-8.532768133e-05,0,0,0,0,0,0
2.62,1,1,5.201153609e-05,3.81098352e-05,-1.917475985e-06,6.639260598e-05,-0.01004685511,-5.512743456e-05,0,0.001047197551,0,0.001047197551,0.001047197551,0,-0.008233451594,0.002069862828,-0.005374938166,-0.001813403513,-0.02365974905,-0.1771975041,12.89613128,-0,0.2043691385,0.1782447016,0.01903632561,-0.3051192298,1.011094327,-0.003966257507,28.35160065,0.3051192298,0.003966257507,28.67972246,28.67972246,0.04378592041,0.5735944492,4.793689962e-07,-0.0001051991241,9.587379924e-07,-0.0001051991241,0.5735944492,-8.484831233e-05,4.793689962e-07,-0.0001051991241,9.587379924e-07,-0.0001051991241,0.5735944492,-8.484831233e-05,0,0,0,0,0,0
2.63,1,1,5.249090509e-05,3.78701507e-05,-2.157160483e-06,6.615292148e-05,-0.01002935814,-5.464806557e-05,0,0,0,0,0.002094395102,0,-0.008213021806,0.002016085319,-0.005380539109,-0.001816336333,-0.02370388078,-0.1763856064,12.89893003,-0,0.2045680168,0.1784800015,0.01973849939,-0.3057546997,1.01212485,-0.003952907318,28.22169702,0.3057546997,0.003952907318,28.55114313,28.55114313,0.04375017425,0.5710228626,-4.793689962e-07,-0,1.438106989e-06,-0,0.5710228626,-8.580705032e-05,-4.793689962e-07,-0,1.438106989e-06,-0,0.5710228626,-8.580705032e-05,0,0,0,0,0,0
2.64,1,1,5.225122059e-05,3.83495197e-05,-2.157160483e-06,6.639260598e-05,-0.01000802622,-5.464806557e-05,0,0,0,0,0.001047197551,0,-0.008193130072,0.001962252538,-0.005385992541,-0.001814896147,-0.02369145157,-0.1772384989,12.90234674,-0,0.2048104767,0.1782856964,0.01256761036,-0.3056753229,1.011055498,-0.003960394122,28.35815982,0.3056753229,0.003960394122,28.68036315,28.68036315,0.04371443742,0.573607263,-0,-9.587379924e-07,1.438106989e-06,-4.793689962e-07,0.573607263,-8.580705032e-05,-0,-9.587379924e-07,1.438106989e-06,-4.793689962e-07,0.573607263,-8.580705032e-05,0,0,0,0,0,0
2.65,1,1,5.177185159e-05,3.81098352e-05,-2.157160483e-06,6.687197497e-05,-0.009989330828,-5.392901207e-05,0,0,0,0,0.002094395102,0,-0.008173776935,0.00190836596,-0.005391298313,-0.001815553893,-0.02370592917,-0.1762029252,12.90534524,-0,0.2050229621,0.1782973203,0.01034427956,-0.3059332001,1.012084823,-0.00394205468,28.19246803,0.3059332001,0.00394205468,28.51268756,28.51268756,0.04367874739,0.5702537512,9.587379924e-07,-4.793689962e-07,1.438106989e-06,-1.438106989e-06,0.5702537512,-8.724515731e-05,9.587379924e-07,-4.793689962e-07,1.438106989e-06,-1.438106989e-06,0.5702537512,-8.724515731e-05,0,0,0,0,0,0
2.66,1,1,5.177185159e-05,3.78701507e-05,-1.438106989e-06,6.783071296e-05,-0.009967279854,-5.344964308e-05,0,0,0,0,0.002094395102,0,-0.008154962927,0.001854427064,-0.00539645628,-0.001812316927,-0.023669976,-0.1758319052,12.90888684,-0,0.2052735769,0.1779263003,0.001721560252,-0.3055530417,1.012062772,-0.003930367135,28.13310484,0.3055530417,0.003930367135,28.4443098,28.4443098,0.04364303862,0.5688861961,9.587379924e-07,-0,-0,-3.355582973e-06,0.5688861961,-8.82038953e-05,9.587379924e-07,-0,-0,-3.355582973e-06,0.5688861961,-8.82038953e-05,0,0,0,0,0,0
2.67,1,1,5.177185159e-05,3.83495197e-05,-1.917475985e-06,6.687197497e-05,-0.00994738604,-5.440838107e-05,0,0,0,0,0.001047197551,0,-0.008136688563,0.001800437328,-0.005401466301,-0.001810697477,-0.02365472751,-0.1766668313,12.91208656,-0,0.2054996667,0.1777140289,-0.00242142987,-0.305431889,1.010994858,-0.003937478854,28.26669301,0.305431889,0.003937478854,28.57364095,28.57364095,0.04360736334,0.5714728189,9.587379924e-07,-9.587379924e-07,9.587379924e-07,-1.438106989e-06,0.5714728189,-8.628641932e-05,9.587379924e-07,-9.587379924e-07,9.587379924e-07,-1.438106989e-06,0.5714728189,-8.628641932e-05,0,0,0,0,0,0
2.68,1,1,5.273058958e-05,3.73907817e-05,-1.438106989e-06,6.687197497e-05,-0.009929649388,-5.440838107e-05,0,0,0,0,0.001047197551,0,-0.008118954345,0.001746398232,-0.005406328237,-0.001810695043,-0.0236601924,-0.1766132601,12.91494296,-0,0.2057012339,0.1776604577,-0.002786534225,-0.3055700353,1.010977121,-0.003932929187,28.25812162,0.3055700353,0.003932929187,28.56483805,28.56483805,0.04357171689,0.5712967609,-9.587379924e-07,9.587379924e-07,-0,-1.438106989e-06,0.5712967609,-8.628641932e-05,-9.587379924e-07,9.587379924e-07,-0,-1.438106989e-06,0.5712967609,-8.628641932e-05,0,0,0,0,0,0
2.69,1,1,5.297027408e-05,3.78701507e-05,-1.917475985e-06,6.711165947e-05,-0.009916706425,-5.416869657e-05,0,0,0,0,0.001047197551,0,-0.008101760758,0.001692311257,-0.005411041957,-0.001814945667,-0.0237204342,-0.1769773139,12.91702955,-0,0.2058483196,0.1780245115,0.004313482374,-0.3063975494,1.010964178,-0.003937720181,28.31637023,0.3063975494,0.003937720181,28.63101898,28.63101898,0.04353617446,0.5726203796,-1.438106989e-06,-0,9.587379924e-07,-1.917475985e-06,0.5726203796,-8.676578831e-05,-1.438106989e-06,-0,9.587379924e-07,-1.917475985e-06,0.5726203796,-8.676578831e-05,0,0,0,0,0,0
2.7,1,1,5.249090509e-05,3.667172821e-05,-1.677791487e-06,6.711165947e-05,-0.0099047222,-5.464806557e-05,0,0,0,0,0,0,-0.008085108274,0.001638177887,-0.00541560733,-0.001819613926,-0.02378592924,-0.17842951,12.9189632,-0,0.205984507,0.17842951,0.01102771719,-0.3072895445,1.009904722,-0.003958485413,28.5487216,0.3072895445,0.003958485413,28.87099735,28.87099735,0.04350069831,0.577419947,-4.793689962e-07,2.396844981e-06,4.793689962e-07,-1.917475985e-06,0.577419947,-8.580705032e-05,-4.793689962e-07,2.396844981e-06,4.793689962e-07,-1.917475985e-06,0.577419947,-8.580705032e-05,0,0,0,0,0,0
2.71,1,1,5.05734291e-05,3.643204371e-05,-1.438106989e-06,6.687197497e-05,-0.009891060183,-5.416869657e-05,0,0,0,0,0.001047197551,0,-0.00806899735,0.001583999606,-0.005420024231,-0.001822062833,-0.02382260565,-0.1775692206,12.92116949,-0,0.2061397571,0.1786164182,0.01260309388,-0.3078159254,1.010938532,-0.003944255071,28.4110753,0.3078159254,0.003944255071,28.73543857,28.73543857,0.0434652736,0.5747087714,3.355582973e-06,2.876213977e-06,-0,-1.438106989e-06,0.5747087714,-8.676578831e-05,3.355582973e-06,2.876213977e-06,-0,-1.438106989e-06,0.5747087714,-8.676578831e-05,0,0,0,0,0,0
2.72,1,1,5.273058958e-05,3.73907817e-05,-1.438106989e-06,6.663229047e-05,-0.009880034696,-5.488775007e-05,0,0,0,0,0.001047197551,0,-0.008053428427,0.001529777898,-0.00542429254,-0.00182660627,-0.02388619702,-0.1779617965,12.9229515,-0,0.2062650439,0.179008994,0.01731272112,-0.3086801656,1.010927506,-0.003949674761,28.47388744,0.3086801656,0.003949674761,28.80383,28.80383,0.04342993529,0.5760766,-9.587379924e-07,9.587379924e-07,-0,-9.587379924e-07,0.5760766,-8.532768133e-05,-9.587379924e-07,9.587379924e-07,-0,-9.587379924e-07,0.5760766,-8.532768133e-05,0,0,0,0,0,0
2.73,1,1,5.273058958e-05,3.76304662e-05,-2.157160483e-06,6.711165947e-05,-0.009869248894,-5.440838107e-05,0,0,0,0,0.001047197551,0,-0.008038401932,0.00147551425,-0.005428412139,-0.001830846962,-0.02394572917,-0.1783245558,12.92469606,-0,0.2063876047,0.1793717533,0.02073807156,-0.3094912715,1.010916721,-0.003954426795,28.53192892,0.3094912715,0.003954426795,28.86611269,28.86611269,0.04339466348,0.5773222539,-9.587379924e-07,4.793689962e-07,1.438106989e-06,-1.917475985e-06,0.5773222539,-8.628641932e-05,-9.587379924e-07,4.793689962e-07,1.438106989e-06,-1.917475985e-06,0.5773222539,-8.628641932e-05,0,0,0,0,0,0
2.74,1,1,5.273058958e-05,3.73907817e-05,-9.587379924e-07,6.687197497e-05,-0.009857983723,-5.440838107e-05,0,0,0,0.001047197551,0,0,-0.008023918277,0.001421210151,-0.005432382915,-0.001834065446,-0.02399189865,-0.1796340034,12.92651952,-0,0.2065156101,0.1796340034,0.02185346583,-0.3101317462,1.009857984,-0.003971899789,28.74144055,0.3101317462,0.003971899789,29.07739766,29.07739766,0.04335946666,0.5815479532,-9.587379924e-07,9.587379924e-07,-9.587379924e-07,-0.0001061578621,0.5815479532,-8.628641932e-05,-9.587379924e-07,9.587379924e-07,-9.587379924e-07,-0.0001061578621,0.5815479532,-8.628641932e-05,0,0,0,0,0,0
2.75,1,1,5.129248259e-05,3.83495197e-05,-1.438106989e-06,6.687197497e-05,-0.009849594765,-5.416869657e-05,0,0,0,0,0,0,-0.008009977859,0.001366867089,-0.00543620476,-0.001839616907,-0.02406807477,-0.1801253968,12.92787832,-0,0.2066109317,0.1801253968,0.02684278494,-0.311149142,1.009849595,-0.003979473627,28.82006348,0.311149142,0.003979473627,29.16203488,29.16203488,0.04332435895,0.5832406976,1.917475985e-06,-9.587379924e-07,-0,-1.438106989e-06,0.5832406976,-8.676578831e-05,1.917475985e-06,-9.587379924e-07,-0,-1.438106989e-06,0.5832406976,-8.676578831e-05,0,0,0,0,0,0
2.76,1,1,5.177185159e-05,3.882888869e-05,-1.917475985e-06,6.687197497e-05,-0.009839288332,-5.416869657e-05,0,0,0,0,0.001047197551,0,-0.00799658106,0.001312486553,-0.005439877568,-0.001842707272,-0.02411228167,-0.1793276994,12.92954876,-0,0.206728039,0.180374897,0.02647836983,-0.3117609216,1.01088676,-0.003966778494,28.69243191,0.3117609216,0.003966778494,29.03463798,29.03463798,0.04328927999,0.5806927596,9.587379924e-07,-1.917475985e-06,9.587379924e-07,-1.438106989e-06,0.5806927596,-8.676578831e-05,9.587379924e-07,-1.917475985e-06,9.587379924e-07,-1.438106989e-06,0.5806927596,-8.676578831e-05,0,0,0,0,0,0
2.77,1,1,5.10527981e-05,3.882888869e-05,-1.198422491e-06,6.687197497e-05,-0.00983065969,-5.440838107e-05,-0.001047197551,0,0,0,0.001047197551,0,-0.007983728248,0.001258070034,-0.00544340124,-0.001846931442,-0.02417099218,-0.1796885296,12.93094817,-0,0.2068260807,0.1807357271,0.02810450302,-0.3125538469,1.010878131,-0.003971480068,28.75016473,0.3125538469,0.003971480068,29.09479456,29.09479456,0.04325429877,0.5818958912,0.0001071166001,-1.917475985e-06,-4.793689962e-07,-1.438106989e-06,0.5818958912,-8.628641932e-05,0.0001071166001,-1.917475985e-06,-4.793689962e-07,-1.438106989e-06,0.5818958912,-8.628641932e-05,0,0,0,0,0,0
2.78,1,1,5.225122059e-05,3.715109721e-05,-1.438106989e-06,6.615292148e-05,-0.00981843578,-5.416869657e-05,0,0,0,0,0.001047197551,0,-0.007971419774,0.001203619025,-0.005446775677,-0.001847016006,-0.02417601097,-0.1796424842,12.93293206,-0,0.2069649706,0.1806896817,0.02209338113,-0.3126667073,1.010865907,-0.003967157279,28.74279746,0.3126667073,0.003967157279,29.08152471,29.08152471,0.04321933849,0.5816304942,-0,1.438106989e-06,-0,-0,0.5816304942,-8.676578831e-05,-0,1.438106989e-06,-0,-0,0.5816304942,-8.676578831e-05,0,0,0,0,0,0
2.79,1,1,5.201153609e-05,3.73907817e-05,-2.157160483e-06,6.687197497e-05,-0.009807889663,-5.464806557e-05,0,0,0,0,0.001047197551,0,-0.007959655977,0.001149135019,-0.005450000789,-0.001848233686,-0.0241955159,-0.1797076909,12.93464497,-0,0.2070847947,0.1807548884,0.01931236765,-0.3129604081,1.010855361,-0.0039653066,28.75323054,0.3129604081,0.0039653066,29.08946862,29.08946862,0.0431844042,0.5817893725,4.793689962e-07,9.587379924e-07,1.438106989e-06,-1.438106989e-06,0.5817893725,-8.580705032e-05,4.793689962e-07,9.587379924e-07,1.438106989e-06,-1.438106989e-06,0.5817893725,-8.580705032e-05,0,0,0,0,0,0
2.8,1,1,5.177185159e-05,3.667172821e-05,-1.438106989e-06,6.687197497e-05,-0.009795665753,-5.440838107e-05,0,0,0,0,0.001047197551,0,-0.007948437179,0.001094619508,-0.005453076486,-0.001847228574,-0.02418609877,-0.1795543667,12.93663193,-0,0.2072236789,0.1806015643,0.01284253537,-0.3128866576,1.010843137,-0.003958625948,28.72869868,0.3128866576,0.003958625948,29.0583865,29.0583865,0.04314950467,0.58116773,9.587379924e-07,2.396844981e-06,-0,-1.438106989e-06,0.58116773,-8.628641932e-05,9.587379924e-07,2.396844981e-06,-0,-1.438106989e-06,0.58116773,-8.628641932e-05,0,0,0,0,0,0
2.81,1,1,5.177185159e-05,3.715109721e-05,-1.438106989e-06,6.711165947e-05,-0.00978056563,-5.344964308e-05,0,0,0,0,0.001047197551,0,-0.007937763687,0.001040073987,-0.005456002685,-0.001842801943,-0.02413223575,-0.1790647211,12.93908867,-0,0.2073952376,0.1801119187,0.001576352066,-0.3122491383,1.010828037,-0.003944518001,28.65035538,0.3122491383,0.003944518001,28.96812539,28.96812539,0.04311458075,0.5793625078,9.587379924e-07,1.438106989e-06,-0,-1.917475985e-06,0.5793625078,-8.82038953e-05,9.587379924e-07,1.438106989e-06,-0,-1.917475985e-06,0.5793625078,-8.82038953e-05,0,0,0,0,0,0
2.82,1,1,5.225122059e-05,3.78701507e-05,-1.438106989e-06,6.687197497e-05,-0.009760192447,-5.392901207e-05,0,0,0,0,0.002094395102,0,-0.007927635794,0.0009854999525,-0.005458779304,-0.001832556653,-0.02400287806,-0.1769560688,12.94240731,-0,0.2076266984,0.1790504639,-0.0182394798,-0.3106550244,1.011855684,-0.003902827662,28.31297101,0.3106550244,0.003902827662,28.60928938,28.60928938,0.04307957457,0.5721857876,-0,-0,-0,-1.438106989e-06,0.5721857876,-8.724515731e-05,-0,-0,-0,-1.438106989e-06,0.5721857876,-8.724515731e-05,0,0,0,0,0,0
2.83,1,1,5.153216709e-05,3.81098352e-05,-1.677791487e-06,6.615292148e-05,-0.009739339896,-5.344964308e-05,0,0,0,0,0.001047197551,0,-0.007918053778,0.0009308988999,-0.005461406268,-0.001821286118,-0.02386002645,-0.176841102,12.94580876,-0,0.2078635965,0.1778882996,-0.03598122029,-0.3088873395,1.010786812,-0.003888888528,28.29457632,0.3088873395,0.003888888528,28.57137133,28.57137133,0.04304451034,0.5714274266,1.438106989e-06,-4.793689962e-07,4.793689962e-07,-0,0.5714274266,-8.82038953e-05,1.438106989e-06,-4.793689962e-07,4.793689962e-07,-0,0.5714274266,-8.82038953e-05,0,0,0,0,0,0
2.84,1,1,5.177185159e-05,3.73907817e-05,-1.438106989e-06,6.687197497e-05,-0.009715371446,-5.392901207e-05,0,0,0,0,0.002094395102,0,-0.007909017901,0.0008762723262,-0.005463883505,-0.001806353545,-0.0236695278,-0.1742720648,12.9497244,-0,0.2081358823,0.1763664599,-0.05735108247,-0.3065138618,1.011810863,-0.003837026169,27.88353036,0.3065138618,0.003837026169,28.13653017,28.13653017,0.04300933443,0.5627306033,9.587379924e-07,9.587379924e-07,-0,-1.438106989e-06,0.5627306033,-8.724515731e-05,9.587379924e-07,9.587379924e-07,-0,-1.438106989e-06,0.5627306033,-8.724515731e-05,0,0,0,0,0,0
2.85,1,1,5.177185159e-05,3.76304662e-05,-1.917475985e-06,6.639260598e-05,-0.009692601419,-5.416869657e-05,0,0,0,0,0.002094395102,0,-0.007900528411,0.0008216217291,-0.005466210947,-0.001792073007,-0.02348722623,-0.1728144133,12.95345013,-0,0.2083945429,0.1749088084,-0.07350444364,-0.3042406137,1.011788093,-0.003801640831,27.65030613,0.3042406137,0.003801640831,27.88484394,27.88484394,0.04297404972,0.5576968788,9.587379924e-07,4.793689962e-07,9.587379924e-07,-4.793689962e-07,0.5576968788,-8.676578831e-05,9.587379924e-07,4.793689962e-07,9.587379924e-07,-4.793689962e-07,0.5576968788,-8.676578831e-05,0,0,0,0,0,0
2.86,1,1,5.249090509e-05,3.81098352e-05,-1.917475985e-06,6.591323698e-05,-0.0096681536,-5.416869657e-05,0,0,0,0,0.002094395102,0,-0.007892585542,0.0007669486068,-0.00546838853,-0.001775568058,-0.02327586161,-0.1711384737,12.95745676,-0,0.208672251,0.1732328688,-0.09070102932,-0.3015959704,1.011763645,-0.003761492008,27.38215579,0.3015959704,0.003761492008,27.59681223,27.59681223,0.04293866064,0.5519362445,-4.793689962e-07,-4.793689962e-07,9.587379924e-07,4.793689962e-07,0.5519362445,-8.676578831e-05,-4.793689962e-07,-4.793689962e-07,9.587379924e-07,4.793689962e-07,0.5519362445,-8.676578831e-05,0,0,0,0,0,0
2.87,1,1,5.249090509e-05,3.83495197e-05,-1.438106989e-06,6.663229047e-05,-0.009644904204,-5.368932758e-05,0,0,0,0,0.002094395102,0,-0.007885189509,0.0007122544582,-0.005470416194,-0.001759714694,-0.02307268841,-0.1695267206,12.96127312,-0,0.2089363346,0.1716211157,-0.1035870896,-0.299051416,1.011740396,-0.003722819275,27.12427529,0.299051416,0.003722819275,27.32346244,27.32346244,0.04290319357,0.5464692488,-4.793689962e-07,-9.587379924e-07,-0,-9.587379924e-07,0.5464692488,-8.772452631e-05,-4.793689962e-07,-9.587379924e-07,-0,-9.587379924e-07,0.5464692488,-8.772452631e-05,0,0,0,0,0,0
2.88,1,1,5.201153609e-05,3.76304662e-05,-1.917475985e-06,6.639260598e-05,-0.00961805954,-5.416869657e-05,0,0,0,0,0.002094395102,0,-0.007878340518,0.0006575407828,-0.005472293884,-0.001739719022,-0.02281556369,-0.1675085783,12.96568706,-0,0.2092412422,0.1696029734,-0.1215300017,-0.295819459,1.011713551,-0.003675251631,26.80137253,0.295819459,0.003675251631,26.97933724,26.97933724,0.04286755664,0.5395867448,4.793689962e-07,4.793689962e-07,9.587379924e-07,-4.793689962e-07,0.5395867448,-8.676578831e-05,4.793689962e-07,4.793689962e-07,9.587379924e-07,-4.793689962e-07,0.5395867448,-8.676578831e-05,0,0,0,0,0,0
2.89,1,1,5.225122059e-05,3.85892042e-05,-1.677791487e-06,6.639260598e-05,-0.009589776769,-5.440838107e-05,0,0,0,0,0.002094395102,0,-0.007872038754,0.0006028090806,-0.005474021548,-0.001717738015,-0.02253241456,-0.1652959896,12.9703461,-0,0.2095624681,0.1673903847,-0.1398112443,-0.2922532154,1.011685268,-0.003623477014,26.44735833,0.2922532154,0.003623477014,26.60342378,26.60342378,0.04283176731,0.5320684755,-0,-1.438106989e-06,4.793689962e-07,-4.793689962e-07,0.5320684755,-8.628641932e-05,-0,-1.438106989e-06,4.793689962e-07,-4.793689962e-07,0.5320684755,-8.628641932e-05,0,0,0,0,0,0
2.9,1,1,5.129248259e-05,3.78701507e-05,-1.917475985e-06,6.663229047e-05,-0.009562932105,-5.392901207e-05,0,0,0,0,0.002094395102,0,-0.007866284391,0.0005480608521,-0.00547559914,-0.001696647714,-0.0222605354,-0.1631712565,12.97477644,-0,0.2098673453,0.1652656516,-0.1529965572,-0.2888254703,1.011658424,-0.003573712078,26.10740104,0.2888254703,0.003573712078,26.24680367,26.24680367,0.04279584196,0.5249360734,1.917475985e-06,-0,9.587379924e-07,-9.587379924e-07,0.5249360734,-8.724515731e-05,1.917475985e-06,-0,9.587379924e-07,-9.587379924e-07,0.5249360734,-8.724515731e-05,0,0,0,0,0,0
2.91,1,1,5.225122059e-05,3.76304662e-05,-1.917475985e-06,6.639260598e-05,-0.009538723971,-5.512743456e-05,0,0,0,0,0.001047197551,0,-0.007861077587,0.0004932975982,-0.005477026615,-0.001677646384,-0.02201549545,-0.162299048,12.97877851,-0,0.2101422666,0.1633462456,-0.1599412261,-0.2857342392,1.010586196,-0.003544092202,25.96784768,0.2857342392,0.003544092202,26.09718479,26.09718479,0.04275980451,0.5219436958,-0,4.793689962e-07,9.587379924e-07,-4.793689962e-07,0.5219436958,-8.484831233e-05,-0,4.793689962e-07,9.587379924e-07,-4.793689962e-07,0.5219436958,-8.484831233e-05,0,0,0,0,0,0
2.92,1,1,5.153216709e-05,3.691141271e-05,-1.917475985e-06,6.639260598e-05,-0.009522185741,-5.440838107e-05,0,0,0,0,0,0,-0.007856418484,0.0004385208204,-0.005478303934,-0.001665767257,-0.02186266565,-0.1621256248,12.98151634,-0,0.2103300771,0.1621256248,-0.1527762529,-0.2838105513,1.009522186,-0.003529873511,25.94009997,0.2838105513,0.003529873511,26.07466414,26.07466414,0.04272372557,0.5214932828,1.438106989e-06,1.917475985e-06,9.587379924e-07,-4.793689962e-07,0.5214932828,-8.628641932e-05,1.438106989e-06,1.917475985e-06,9.587379924e-07,-4.793689962e-07,0.5214932828,-8.628641932e-05,0,0,0,0,0,0
2.93,1,1,5.201153609e-05,3.643204371e-05,-1.198422491e-06,6.639260598e-05,-0.009505407826,-5.488775007e-05,0,0,0,0,0.002094395102,0,-0.007852307211,0.0003837320202,-0.005479431063,-0.001653100615,-0.02169941058,-0.1587334912,12.98429694,-0,0.2105206039,0.1608278863,-0.1485170698,-0.2817515905,1.0116009,-0.003467331372,25.39735859,0.2817515905,0.003467331372,25.53406044,25.53406044,0.04268757552,0.5106812089,4.793689962e-07,2.876213977e-06,-4.793689962e-07,-4.793689962e-07,0.5106812089,-8.532768133e-05,4.793689962e-07,2.876213977e-06,-4.793689962e-07,-4.793689962e-07,0.5106812089,-8.532768133e-05,0,0,0,0,0,0
2.94,1,1,5.225122059e-05,3.643204371e-05,-1.917475985e-06,6.639260598e-05,-0.009492944232,-5.440838107e-05,0,0,0,0,0,0,-0.007848743879,0.0003289326998,-0.005480407971,-0.001644200353,-0.02158486714,-0.1598995368,12.98636456,-0,0.2106621342,0.1598995368,-0.1383171113,-0.2803089538,1.009492944,-0.003475312735,25.58392589,0.2803089538,0.003475312735,25.72939304,25.72939304,0.04265140159,0.5145878609,-0,2.876213977e-06,9.587379924e-07,-4.793689962e-07,0.5145878609,-8.628641932e-05,-0,2.876213977e-06,9.587379924e-07,-4.793689962e-07,0.5145878609,-8.628641932e-05,0,0,0,0,0,0
2.95,1,1,5.201153609e-05,3.643204371e-05,-1.917475985e-06,6.591323698e-05,-0.009482637799,-5.416869657e-05,0,0,0,0,0,0,-0.007845728587,0.0002741243616,-0.00548123463,-0.001636909212,-0.0214910427,-0.1591289725,12.98807563,-0,0.2107791666,0.1591289725,-0.1270579394,-0.279127288,1.009482638,-0.003455560676,25.46063559,0.279127288,0.003455560676,25.6161605,25.6161605,0.04261521613,0.5123232101,4.793689962e-07,2.876213977e-06,9.587379924e-07,4.793689962e-07,0.5123232101,-8.676578831e-05,4.793689962e-07,2.876213977e-06,9.587379924e-07,4.793689962e-07,0.5123232101,-8.676578831e-05,0,0,0,0,0,0
2.96,1,1,5.153216709e-05,3.76304662e-05,-1.677791487e-06,6.591323698e-05,-0.009473290103,-5.440838107e-05,0,0,0,0,0,0,-0.007843261417,0.0002193085081,-0.005481911019,-0.001630028687,-0.02140237937,-0.1583986683,12.98962855,-0,0.2108853102,0.1583986683,-0.1172395457,-0.2780089581,1.00947329,-0.003436716063,25.34378692,0.2780089581,0.003436716063,25.50799305,25.50799305,0.04257900867,0.510159861,1.438106989e-06,4.793689962e-07,4.793689962e-07,4.793689962e-07,0.510159861,-8.628641932e-05,1.438106989e-06,4.793689962e-07,4.793689962e-07,4.793689962e-07,0.510159861,-8.628641932e-05,0,0,0,0,0,0
2.97,1,1,5.129248259e-05,3.76304662e-05,-2.157160483e-06,6.711165947e-05,-0.009463463039,-5.392901207e-05,0,0,0,0,0,0,-0.007841342437,0.0001644866422,-0.005482437118,-0.001622120602,-0.02130019731,-0.1575676503,12.99126215,-0,0.2109968953,0.1575676503,-0.1109238061,-0.2767164471,1.009463463,-0.003415711943,25.21082406,0.2767164471,0.003415711943,25.38003241,25.38003241,0.04254279227,0.5076006482,1.917475985e-06,4.793689962e-07,1.438106989e-06,-1.917475985e-06,0.5076006482,-8.724515731e-05,1.917475985e-06,4.793689962e-07,1.438106989e-06,-1.917475985e-06,0.5076006482,-8.724515731e-05,0,0,0,0,0,0
2.98,1,1,5.05734291e-05,3.81098352e-05,-1.677791487e-06,6.615292148e-05,-0.009451958183,-5.392901207e-05,0,0,0,0,0.001047197551,0,-0.007839971699,0.0001096602668,-0.005482812914,-0.001611986484,-0.02116892167,-0.1554712968,12.99317603,-0,0.2111275289,0.1565184943,-0.1098656672,-0.2750515256,1.01049943,-0.003374308632,24.87540748,0.2750515256,0.003374308632,25.04396765,25.04396765,0.04250649591,0.500879353,3.355582973e-06,-4.793689962e-07,4.793689962e-07,-0,0.500879353,-8.724515731e-05,3.355582973e-06,-4.793689962e-07,4.793689962e-07,-0,0.500879353,-8.724515731e-05,0,0,0,0,0,0
2.99,1,1,5.10527981e-05,3.83495197e-05,-2.157160483e-06,6.639260598e-05,-0.009442610487,-5.344964308e-05,0,0,0,0,0,0,-0.007839149241,5.483088497e-05,-0.005483038395,-0.001603461246,-0.02105837729,-0.1556270765,12.99473214,-0,0.2112336666,0.1556270765,-0.1061279702,-0.2736479722,1.00944261,-0.003367748008,24.90033224,0.2736479722,0.003367748008,25.07121999,25.07121999,0.04247017356,0.5014243997,2.396844981e-06,-9.587379924e-07,1.438106989e-06,-4.793689962e-07,0.5014243997,-8.82038953e-05,2.396844981e-06,-9.587379924e-07,1.438106989e-06,-4.793689962e-07,0.5014243997,-8.82038953e-05,0,0,0,0,0,0
3,1,1,5.177185159e-05,3.83495197e-05,-1.677791487e-06,6.615292148e-05,-0.009438535851,-5.320995858e-05,0,0,0,0,0,0,-0.007838875086,-5.224065314e-14,-0.005483113556,-0.001599660765,-0.02100906687,-0.1551986666,12.99541075,-0,0.2112799313,0.1551986666,-0.09454431668,-0.2730214534,1.009438536,-0.003355579645,24.83178666,0.2730214534,0.003355579645,25.01361937,25.01361937,0.04243387075,0.5002723874,9.587379924e-07,-9.587379924e-07,4.793689962e-07,-0,0.5002723874,-8.86832643e-05,9.587379924e-07,-9.587379924e-07,4.793689962e-07,-0,0.5002723874,-8.86832643e-05,0,0,0,0,0,0
3.01,1,1,5.201153609e-05,3.73907817e-05,-2.157160483e-06,6.591323698e-05,-0.00943422153,-5.368932758e-05,0,0,0,0,0,0,-0.007839149241,-5.483088508e-05,-0.005483038395,-0.001595072289,-0.02094935917,-0.1546930208,12.99612948,-0,0.211328917,0.1546930208,-0.08671427982,-0.2722605842,1.009434222,-0.003341757042,24.75088333,0.2722605842,0.003341757042,24.9397714,24.9397714,0.04239756473,0.4987954279,4.793689962e-07,9.587379924e-07,1.438106989e-06,4.793689962e-07,0.4987954279,-8.772452631e-05,4.793689962e-07,9.587379924e-07,1.438106989e-06,4.793689962e-07,0.4987954279,-8.772452631e-05,0,0,0,0,0,0
3.02,1,1,5.297027408e-05,3.78701507e-05,-1.677791487e-06,6.663229047e-05,-0.009431105632,-5.344964308e-05,0,0,0,0,0,0,-0.007839971699,-0.0001096602669,-0.005482812914,-0.001591133933,-0.02089794459,-0.1542510582,12.99664869,-0,0.2113642953,0.1542510582,-0.07906903295,-0.2716032441,1.009431106,-0.0033293361,24.6801693,0.2716032441,0.0033293361,24.87603285,24.87603285,0.0423612629,0.497520657,-1.438106989e-06,-0,4.793689962e-07,-9.587379924e-07,0.497520657,-8.82038953e-05,-1.438106989e-06,-0,4.793689962e-07,-9.587379924e-07,0.497520657,-8.82038953e-05,0,0,0,0,0,0
3.03,1,1,5.273058958e-05,3.76304662e-05,-1.917475985e-06,6.687197497e-05,-0.009428948471,-5.344964308e-05,0,0,0,0,0,0,-0.007841342437,-0.0001644866423,-0.005482437118,-0.001587606035,-0.02085171037,-0.15384929,12.9970082,-0,0.2113887878,0.15384929,-0.07200292007,-0.2710098507,1.009428948,-0.003317804867,24.61588641,0.2710098507,0.003317804867,24.81821114,24.81821114,0.04232496268,0.4963642228,-9.587379924e-07,4.793689962e-07,9.587379924e-07,-1.438106989e-06,0.4963642228,-8.82038953e-05,-9.587379924e-07,4.793689962e-07,9.587379924e-07,-1.438106989e-06,0.4963642228,-8.82038953e-05,0,0,0,0,0,0
3.04,1,1,5.273058958e-05,3.78701507e-05,-1.917475985e-06,6.615292148e-05,-0.009426311942,-5.344964308e-05,0,0,0,0,0,0,-0.007843261417,-0.0002193085082,-0.005481911019,-0.001583050525,-0.02079196692,-0.1533468284,12.99744768,-0,0.2114187231,0.1533468284,-0.06804761025,-0.2702425022,1.009426312,-0.003304115896,24.53549255,0.2702425022,0.003304115896,24.74099156,24.74099156,0.04228866235,0.4948198312,-9.587379924e-07,-0,9.587379924e-07,-0,0.4948198312,-8.82038953e-05,-9.587379924e-07,-0,9.587379924e-07,-0,0.4948198312,-8.82038953e-05,0,0,0,0,0,0
3.05,1,1,5.249090509e-05,3.715109721e-05,-1.677791487e-06,6.687197497e-05,-0.009423915097,-5.344964308e-05,0,0,0,0,0,0,-0.007845728587,-0.0002741243617,-0.00548123463,-0.00157818651,-0.02072806106,-0.1528141383,12.99784728,-0,0.2114459368,0.1528141383,-0.06531789718,-0.269420172,1.009423915,-0.003289796059,24.45026213,0.269420172,0.003289796059,24.6576542,24.6576542,0.04225235674,0.4931530841,-4.793689962e-07,1.438106989e-06,4.793689962e-07,-1.438106989e-06,0.4931530841,-8.82038953e-05,-4.793689962e-07,1.438106989e-06,4.793689962e-07,-1.438106989e-06,0.4931530841,-8.82038953e-05,0,0,0,0,0,0
3.06,1,1,5.177185159e-05,3.76304662e-05,-2.396844981e-06,6.663229047e-05,-0.00942247699,-5.273058958e-05,0,0,0,0,0,0,-0.007848743879,-0.0003289326999,-0.005480407971,-0.001573733111,-0.02066934111,-0.1523216688,12.99808706,-0,0.211462265,0.1523216688,-0.06235422971,-0.2686618953,1.009422477,-0.003276367117,24.37146701,0.2686618953,0.003276367117,24.58105104,24.58105104,0.04221604767,0.4916210209,9.587379924e-07,4.793689962e-07,1.917475985e-06,-9.587379924e-07,0.4916210209,-8.964200229e-05,9.587379924e-07,4.793689962e-07,1.917475985e-06,-9.587379924e-07,0.4916210209,-8.964200229e-05,0,0,0,0,0,0
3.07,1,1,5.10527981e-05,3.81098352e-05,-2.636529479e-06,6.711165947e-05,-0.009421518252,-5.464806557e-05,0,0,0,0,0,0,-0.007852307211,-0.0003837320203,-0.005479431063,-0.001569211041,-0.02060957882,-0.1518224696,12.99824694,-0,0.2114731504,0.1518224696,-0.06007606071,-0.2678883948,1.009421518,-0.003262814818,24.29159513,0.2678883948,0.003262814818,24.50267028,24.50267028,0.04217973695,0.4900534057,2.396844981e-06,-4.793689962e-07,2.396844981e-06,-1.917475985e-06,0.4900534057,-8.580705032e-05,2.396844981e-06,-4.793689962e-07,2.396844981e-06,-1.917475985e-06,0.4900534057,-8.580705032e-05,0,0,0,0,0,0
3.08,1,1,5.177185159e-05,3.78701507e-05,-1.917475985e-06,6.735134397e-05,-0.00941984046,-5.368932758e-05,0,0,0,0,0,0,-0.007856418484,-0.0004385208205,-0.005478303934,-0.001563421976,-0.0205331992,-0.1511991797,12.99852673,-0,0.2114921998,0.1511991797,-0.06047598016,-0.2669013388,1.00941984,-0.003246611351,24.19186875,0.2669013388,0.003246611351,24.40154072,24.40154072,0.04214341839,0.4880308143,9.587379924e-07,-0,9.587379924e-07,-2.396844981e-06,0.4880308143,-8.772452631e-05,9.587379924e-07,-0,9.587379924e-07,-2.396844981e-06,0.4880308143,-8.772452631e-05,0,0,0,0,0,0
3.09,1,1,5.129248259e-05,3.76304662e-05,-1.677791487e-06,6.615292148e-05,-0.009419361091,-5.392901207e-05,-0.001047197551,0,0,0,0,0,-0.007861077587,-0.0004932975983,-0.005477026615,-0.001558283504,-0.02046512921,-0.1506396241,12.99860668,-0,0.2114976425,0.1506396241,-0.05967284965,-0.2660181653,1.009419361,-0.00323180541,24.10233986,0.2660181653,0.00323180541,24.31191698,24.31191698,0.04210709164,0.4862383397,0.0001066372311,4.793689962e-07,4.793689962e-07,-0,0.4862383397,-8.724515731e-05,0.0001066372311,4.793689962e-07,4.793689962e-07,-0,0.4862383397,-8.724515731e-05,0,0,0,0,0,0
3.1,1,1,5.153216709e-05,3.76304662e-05,-2.157160483e-06,6.663229047e-05,-0.009417203931,-5.297027408e-05,0,0,0,0,0,0,-0.007866284391,-0.0005480608522,-0.00547559914,-0.00155091954,-0.02036798513,-0.1498621517,12.99896648,-0,0.2115221346,0.1498621517,-0.06309404957,-0.264762756,1.009417204,-0.003212337468,23.97794427,0.264762756,0.003212337468,24.18282532,24.18282532,0.04207075099,0.4836565063,1.438106989e-06,4.793689962e-07,1.438106989e-06,-9.587379924e-07,0.4836565063,-8.91626333e-05,1.438106989e-06,4.793689962e-07,1.438106989e-06,-9.587379924e-07,0.4836565063,-8.91626333e-05,0,0,0,0,0,0
3.11,1,1,5.153216709e-05,3.83495197e-05,-1.917475985e-06,6.687197497e-05,-0.009416005508,-5.344964308e-05,0,0,0,0,0,0,-0.007872038754,-0.0006028090807,-0.005474021548,-0.001543966754,-0.02027604188,-0.1491249927,12.99916639,-0,0.2115357412,0.1491249927,-0.06517051963,-0.2635716421,1.009416006,-0.003193766306,23.85999884,0.2635716421,0.003193766306,24.06159373,24.06159373,0.04203438935,0.4812318746,1.438106989e-06,-9.587379924e-07,9.587379924e-07,-1.438106989e-06,0.4812318746,-8.82038953e-05,1.438106989e-06,-9.587379924e-07,9.587379924e-07,-1.438106989e-06,0.4812318746,-8.82038953e-05,0,0,0,0,0,0
3.12,1,1,5.201153609e-05,3.81098352e-05,-1.917475985e-06,6.663229047e-05,-0.00941504677,-5.392901207e-05,0,0,0,0,0,0,-0.007878340518,-0.000657540783,-0.005472293884,-0.001536706253,-0.0201799567,-0.1483577555,12.99932633,-0,0.2115466265,0.1483577555,-0.06732964062,-0.2623258425,1.009415047,-0.003174578739,23.73724088,0.2623258425,0.003174578739,23.93541166,23.93541166,0.04199800513,0.4787082333,4.793689962e-07,-4.793689962e-07,9.587379924e-07,-9.587379924e-07,0.4787082333,-8.724515731e-05,4.793689962e-07,-4.793689962e-07,9.587379924e-07,-9.587379924e-07,0.4787082333,-8.724515731e-05,0,0,0,0,0,0
3.13,1,1,5.273058958e-05,3.83495197e-05,-2.396844981e-06,6.663229047e-05,-0.009413368979,-5.392901207e-05,0,0,0,0,0,0,-0.007885189509,-0.0007122544583,-0.005470416194,-0.001528179469,-0.02006727077,-0.1474666148,12.99960625,-0,0.2115656757,0.1474666148,-0.07141782902,-0.2608666185,1.009413369,-0.003152764338,23.59465836,0.2608666185,0.003152764338,23.78725992,23.78725992,0.04196159533,0.4757451984,-9.587379924e-07,-9.587379924e-07,1.917475985e-06,-9.587379924e-07,0.4757451984,-8.724515731e-05,-9.587379924e-07,-9.587379924e-07,1.917475985e-06,-9.587379924e-07,0.4757451984,-8.724515731e-05,0,0,0,0,0,0
3.14,1,1,5.273058958e-05,3.78701507e-05,-1.438106989e-06,6.615292148e-05,-0.009412649925,-5.320995858e-05,0,0,0,0,0,0,-0.007892585542,-0.0007669486069,-0.00546838853,-0.001520064383,-0.0199597991,-0.1466158585,12.99972623,-0,0.2115738397,0.1466158585,-0.07386044511,-0.2594719239,1.00941265,-0.003131849304,23.45853736,0.2594719239,0.003131849304,23.64728069,23.64728069,0.04192515332,0.4729456137,-9.587379924e-07,-0,-0,-0,0.4729456137,-8.86832643e-05,-9.587379924e-07,-0,-0,-0,0.4729456137,-8.86832643e-05,0,0,0,0,0,0
3.15,1,1,5.249090509e-05,3.76304662e-05,-1.677791487e-06,6.615292148e-05,-0.009411691187,-5.368932758e-05,0,0,0,0,0,0,-0.007900528411,-0.0008216217292,-0.005466210947,-0.001511162776,-0.01984196774,-0.1456882055,12.9998862,-0,0.2115847249,0.1456882055,-0.07717104167,-0.2579433227,1.009411691,-0.003109320948,23.31011289,0.2579433227,0.003109320948,23.49399449,23.49399449,0.04188867925,0.4698798898,-4.793689962e-07,4.793689962e-07,4.793689962e-07,-0,0.4698798898,-8.772452631e-05,-4.793689962e-07,4.793689962e-07,4.793689962e-07,-0,0.4698798898,-8.772452631e-05,0,0,0,0,0,0
3.16,1,1,5.129248259e-05,3.715109721e-05,-2.396844981e-06,6.663229047e-05,-0.009411930872,-5.320995858e-05,0,0,0,0,0,0,-0.007909017901,-0.0008762723263,-0.005463883505,-0.001502912971,-0.01973247718,-0.1448244386,12.99984621,-0,0.2115820036,0.1448244386,-0.07881935912,-0.2565191687,1.009411931,-0.003088194695,23.17191018,0.2565191687,0.003088194695,23.35269819,23.35269819,0.04185217761,0.4670539637,1.917475985e-06,1.438106989e-06,1.917475985e-06,-9.587379924e-07,0.4670539637,-8.86832643e-05,1.917475985e-06,1.438106989e-06,1.917475985e-06,-9.587379924e-07,0.4670539637,-8.86832643e-05,0,0,0,0,0,0
3.17,1,1,5.08131136e-05,3.691141271e-05,-2.157160483e-06,6.663229047e-05,-0.009412410241,-5.392901207e-05,0,0,0,0,0,0,-0.007918053778,-0.0009308989,-0.005461406268,-0.001494356463,-0.01961886964,-0.1439307512,12.99976622,-0,0.211576561,0.1439307512,-0.08070543345,-0.2550407189,1.00941241,-0.003066462466,23.02892019,0.2550407189,0.003066462466,23.20632194,23.20632194,0.0418156475,0.4641264388,2.876213977e-06,1.917475985e-06,1.438106989e-06,-9.587379924e-07,0.4641264388,-8.724515731e-05,2.876213977e-06,1.917475985e-06,1.438106989e-06,-9.587379924e-07,0.4641264388,-8.724515731e-05,0,0,0,0,0,0
3.18,1,1,5.129248259e-05,3.715109721e-05,-1.917475985e-06,6.639260598e-05,-0.009412170556,-5.368932758e-05,0,0,0,0,0,0,-0.007927635794,-0.0009854999526,-0.005458779304,-0.001484534762,-0.01948868773,-0.1429133829,12.99980621,-0,0.2115792823,0.1429133829,-0.08457259512,-0.2533491639,1.009412171,-0.003042124072,22.86614127,0.2533491639,0.003042124072,23.03795996,23.03795996,0.04177908475,0.4607591993,1.917475985e-06,1.438106989e-06,9.587379924e-07,-4.793689962e-07,0.4607591993,-8.772452631e-05,1.917475985e-06,1.438106989e-06,9.587379924e-07,-4.793689962e-07,0.4607591993,-8.772452631e-05,0,0,0,0,0,0
3.19,1,1,5.129248259e-05,3.882888869e-05,-1.917475985e-06,6.615292148e-05,-0.009412410241,-5.392901207e-05,0,0,0,0,0,0,-0.007937763687,-0.001040073987,-0.005456002685,-0.001474646554,-0.01935751705,-0.1418896425,12.99976622,-0,0.211576561,0.1418896425,-0.0878198474,-0.2516431962,1.00941241,-0.003017688178,22.7023428,0.2516431962,0.003017688178,22.86918384,22.86918384,0.04174248376,0.4573836768,1.917475985e-06,-1.917475985e-06,9.587379924e-07,-0,0.4573836768,-8.724515731e-05,1.917475985e-06,-1.917475985e-06,9.587379924e-07,-0,0.4573836768,-8.724515731e-05,0,0,0,0,0,0
3.2,1,1,5.273058958e-05,3.78701507e-05,-7.190534943e-07,6.639260598e-05,-0.009411691187,-5.344964308e-05,0,0,0,0,0,0,-0.007948437179,-0.001094619508,-0.005453076486,-0.001463254008,-0.0192066692,-0.1407189058,12.9998862,-0,0.2115847249,0.1407189058,-0.09321923322,-0.249684514,1.009411691,-0.002990158248,22.51502493,0.249684514,0.002990158248,22.67448037,22.67448037,0.04170584062,0.4534896073,-9.587379924e-07,-0,-1.438106989e-06,-4.793689962e-07,0.4534896073,-8.82038953e-05,-9.587379924e-07,-0,-1.438106989e-06,-4.793689962e-07,0.4534896073,-8.82038953e-05,0,0,0,0,0,0
3.21,1,1,5.320995858e-05,3.76304662e-05,-1.917475985e-06,6.567355248e-05,-0.009412170556,-5.464806557e-05,0,0,0,0,0,0,-0.007959655977,-0.001149135019,-0.005450000789,-0.001452514579,-0.01906419398,-0.1396122226,12.99980621,-0,0.2115792823,0.1396122226,-0.09638210673,-0.2478308274,1.009412171,-0.002964035705,22.33795561,0.2478308274,0.002964035705,22.49236837,22.49236837,0.04166915132,0.4498473674,-1.917475985e-06,4.793689962e-07,9.587379924e-07,9.587379924e-07,0.4498473674,-8.580705032e-05,-1.917475985e-06,4.793689962e-07,9.587379924e-07,9.587379924e-07,0.4498473674,-8.580705032e-05,0,0,0,0,0,0
3.22,1,1,5.201153609e-05,3.81098352e-05,-1.198422491e-06,6.687197497e-05,-0.009412170556,-5.368932758e-05,0,0,0,0,0,0,-0.007971419774,-0.001203619025,-0.005446775677,-0.001440750782,-0.01890828779,-0.138405548,12.99980621,-0,0.2115792823,0.138405548,-0.1008355892,-0.2458040771,1.009412171,-0.002935827549,22.14488768,0.2458040771,0.002935827549,22.29279199,22.29279199,0.04163241683,0.4458558398,4.793689962e-07,-4.793689962e-07,-4.793689962e-07,-1.438106989e-06,0.4458558398,-8.772452631e-05,4.793689962e-07,-4.793689962e-07,-4.793689962e-07,-1.438106989e-06,0.4458558398,-8.772452631e-05,0,0,0,0,0,0
3.23,1,1,5.177185159e-05,3.73907817e-05,-1.438106989e-06,6.711165947e-05,-0.009411691187,-5.416869657e-05,0,0,0,0,0,0,-0.007983728248,-0.001258070034,-0.00544340124,-0.00142796294,-0.0187389584,-0.1370989645,12.9998862,-0,0.2115847249,0.1370989645,-0.1063365787,-0.2436043268,1.009411691,-0.002905540864,21.93583431,0.2436043268,0.002905540864,22.0760076,22.0760076,0.04159563085,0.441520152,9.587379924e-07,9.587379924e-07,-0,-1.917475985e-06,0.441520152,-8.676578831e-05,9.587379924e-07,9.587379924e-07,-0,-1.917475985e-06,0.441520152,-8.676578831e-05,0,0,0,0,0,0
3.24,1,1,5.177185159e-05,3.882888869e-05,-1.917475985e-06,6.711165947e-05,-0.009412170556,-5.416869657e-05,0,0,0,0,0,0,-0.00799658106,-0.001312486553,-0.005439877568,-0.001415589496,-0.01857490914,-0.1358331242,12.99980621,-0,0.2115792823,0.1358331242,-0.110009695,-0.2414702193,1.009412171,-0.0028761676,21.73329988,0.2414702193,0.0028761676,21.86763657,21.86763657,0.04155879072,0.4373527314,9.587379924e-07,-1.917475985e-06,9.587379924e-07,-1.917475985e-06,0.4373527314,-8.676578831e-05,9.587379924e-07,-1.917475985e-06,9.587379924e-07,-1.917475985e-06,0.4373527314,-8.676578831e-05,0,0,0,0,0,0
3.25,1,1,5.201153609e-05,3.81098352e-05,-1.677791487e-06,6.615292148e-05,-0.009412410241,-5.392901207e-05,0,0,0,0,0,0,-0.008009977859,-0.001366867089,-0.00543620476,-0.001402432382,-0.01840056915,-0.1344909267,12.99976622,-0,0.211576561,0.1344909267,-0.1144155431,-0.2392030973,1.00941241,-0.002845221424,21.51854826,0.2392030973,0.002845221424,21.64618104,21.64618104,0.04152189709,0.4329236208,4.793689962e-07,-4.793689962e-07,4.793689962e-07,-0,0.4329236208,-8.724515731e-05,4.793689962e-07,-4.793689962e-07,4.793689962e-07,-0,0.4329236208,-8.724515731e-05,0,0,0,0,0,0
3.26,1,1,5.225122059e-05,3.76304662e-05,-1.917475985e-06,6.663229047e-05,-0.00941288961,-5.344964308e-05,0,0,0,0,0,0,-0.008023918277,-0.001421210151,-0.005432382915,-0.001388971333,-0.01822217898,-0.1331192899,12.99968623,-0,0.2115711183,0.1331192899,-0.1186688827,-0.2368826092,1.00941289,-0.002813701104,21.29908639,0.2368826092,0.002813701104,21.42011381,21.42011381,0.04148494953,0.4284022763,-0,4.793689962e-07,9.587379924e-07,-9.587379924e-07,0.4284022763,-8.82038953e-05,-0,4.793689962e-07,9.587379924e-07,-9.587379924e-07,0.4284022763,-8.82038953e-05,0,0,0,0,0,0
3.27,1,1,5.129248259e-05,3.73907817e-05,-1.677791487e-06,6.639260598e-05,-0.009412649925,-5.392901207e-05,0,0,0,0,0,0,-0.008038401932,-0.001475514251,-0.005428412139,-0.001374247993,-0.01802728448,-0.1316246117,12.99972623,-0,0.2115738397,0.1316246117,-0.1244040558,-0.2343497628,1.00941265,-0.002779626009,21.05993787,0.2343497628,0.002779626009,21.17266321,21.17266321,0.04144794147,0.4234532641,1.917475985e-06,9.587379924e-07,4.793689962e-07,-4.793689962e-07,0.4234532641,-8.724515731e-05,1.917475985e-06,9.587379924e-07,4.793689962e-07,-4.793689962e-07,0.4234532641,-8.724515731e-05,0,0,0,0,0,0
3.28,1,1,5.273058958e-05,3.691141271e-05,-1.677791487e-06,6.735134397e-05,-0.009412410241,-5.440838107e-05,0,0,0,0,0,0,-0.008053428427,-0.001529777898,-0.00542429254,-0.001358981814,-0.01782524268,-0.1300772363,12.99976622,-0,0.211576561,0.1300772363,-0.1302513296,-0.2317239876,1.00941241,-0.002744491383,20.81235781,0.2317239876,0.002744491383,20.91657496,20.91657496,0.04141087192,0.4183314992,-9.587379924e-07,1.917475985e-06,4.793689962e-07,-2.396844981e-06,0.4183314992,-8.628641932e-05,-9.587379924e-07,1.917475985e-06,4.793689962e-07,-2.396844981e-06,0.4183314992,-8.628641932e-05,0,0,0,0,0,0
3.29,1,1,5.177185159e-05,3.76304662e-05,-2.396844981e-06,6.639260598e-05,-0.009413368979,-5.320995858e-05,0,0,0,0,0,0,-0.00806899735,-0.001583999606,-0.005420024231,-0.001344371629,-0.01763164259,-0.1285942655,12.99960625,-0,0.2115656757,0.1285942655,-0.1336833029,-0.2292044112,1.009413369,-0.002710774954,20.57508248,0.2292044112,0.002710774954,20.67331436,20.67331436,0.0413737364,0.4134662873,9.587379924e-07,4.793689962e-07,1.917475985e-06,-4.793689962e-07,0.4134662873,-8.86832643e-05,9.587379924e-07,4.793689962e-07,1.917475985e-06,-4.793689962e-07,0.4134662873,-8.86832643e-05,0,0,0,0,0,0
3.3,1,1,5.201153609e-05,3.76304662e-05,-1.677791487e-06,6.735134397e-05,-0.00941288961,-5.344964308e-05,0,0,0,0,0,0,-0.008085108274,-0.001638177887,-0.00541560733,-0.001327781335,-0.01741222038,-0.1269183009,12.99968623,-0,0.2115711183,0.1269183009,-0.1398779089,-0.2263534016,1.00941289,-0.002673037789,20.30692814,0.2263534016,0.002673037789,20.39607667,20.39607667,0.04133653143,0.4079215334,4.793689962e-07,4.793689962e-07,4.793689962e-07,-2.396844981e-06,0.4079215334,-8.82038953e-05,4.793689962e-07,4.793689962e-07,4.793689962e-07,-2.396844981e-06,0.4079215334,-8.82038953e-05,0,0,0,0,0,0
3.31,1,1,5.153216709e-05,3.691141271e-05,-1.917475985e-06,6.687197497e-05,-0.009413848348,-5.392901207e-05,0,0,0,0,0,0,-0.008101760758,-0.001692311257,-0.005411041957,-0.00131208759,-0.01720437639,-0.1253302549,12.99952627,-0,0.2115602331,0.1253302549,-0.1433616878,-0.2236487428,1.009413848,-0.002637217381,20.05284079,0.2236487428,0.002637217381,20.13576506,20.13576506,0.04129925911,0.4027153013,1.438106989e-06,1.917475985e-06,9.587379924e-07,-1.438106989e-06,0.4027153013,-8.724515731e-05,1.438106989e-06,1.917475985e-06,9.587379924e-07,-1.438106989e-06,0.4027153013,-8.724515731e-05,0,0,0,0,0,0
3.32,1,1,5.10527981e-05,3.73907817e-05,-1.917475985e-06,6.735134397e-05,-0.009414567401,-5.440838107e-05,0,0,0,0,0,0,-0.008118954345,-0.001746398232,-0.005406328237,-0.001295613056,-0.01698631076,-0.1236663881,12.99940631,-0,0.2115520691,0.1236663881,-0.1475278614,-0.2208119552,1.009414567,-0.00259985813,19.7866221,0.2208119552,0.00259985813,19.86250605,19.86250605,0.04126192655,0.397250121,2.396844981e-06,9.587379924e-07,9.587379924e-07,-2.396844981e-06,0.397250121,-8.628641932e-05,2.396844981e-06,9.587379924e-07,9.587379924e-07,-2.396844981e-06,0.397250121,-8.628641932e-05,0,0,0,0,0,0
3.33,1,1,5.10527981e-05,3.76304662e-05,-1.198422491e-06,6.663229047e-05,-0.009414327717,-5.392901207e-05,0,0,0,0,0,0,-0.008136688563,-0.001800437328,-0.005401466301,-0.001277639154,-0.01674868758,-0.121856646,12.99944629,-0,0.2115547905,0.121856646,-0.1536077826,-0.2177236647,1.009414328,-0.002559488285,19.49706336,0.2177236647,0.002559488285,19.56373873,19.56373873,0.04122451405,0.3912747745,2.396844981e-06,4.793689962e-07,-4.793689962e-07,-9.587379924e-07,0.3912747745,-8.724515731e-05,2.396844981e-06,4.793689962e-07,-4.793689962e-07,-9.587379924e-07,0.3912747745,-8.724515731e-05,0,0,0,0,0,0
3.34,1,1,5.225122059e-05,3.81098352e-05,-1.677791487e-06,6.735134397e-05,-0.009414327717,-5.440838107e-05,0,0,0,0,0,0,-0.008154962927,-0.001854427064,-0.00539645628,-0.00125936479,-0.01650709725,-0.1200180776,12.99944629,-0,0.2115547905,0.1200180776,-0.1592513507,-0.2145831242,1.009414328,-0.002518579249,19.20289241,0.2145831242,0.002518579249,19.26074277,19.26074277,0.04118702829,0.3852148554,-0,-4.793689962e-07,4.793689962e-07,-2.396844981e-06,0.3852148554,-8.628641932e-05,-0,-4.793689962e-07,4.793689962e-07,-2.396844981e-06,0.3852148554,-8.628641932e-05,0,0,0,0,0,0
3.35,1,1,5.249090509e-05,3.73907817e-05,-1.438106989e-06,6.639260598e-05,-0.009415286455,-5.320995858e-05,0,0,0,0,0,0,-0.008173776935,-0.00190836596,-0.005391298313,-0.00124150952,-0.01627089893,-0.1182208764,12.99928635,-0,0.2115439052,0.1182208764,-0.1628778115,-0.2115100743,1.009415286,-0.002478607759,18.91534022,0.2115100743,0.002478607759,18.96645109,18.96645109,0.04114946538,0.3793290218,-4.793689962e-07,9.587379924e-07,-0,-4.793689962e-07,0.3793290218,-8.86832643e-05,-4.793689962e-07,9.587379924e-07,-0,-4.793689962e-07,0.3793290218,-8.86832643e-05,0,0,0,0,0,0
3.36,1,1,5.297027408e-05,3.78701507e-05,-1.917475985e-06,6.663229047e-05,-0.009415526139,-5.392901207e-05,0,0,0,0,0,0,-0.008193130072,-0.001962252538,-0.005385992541,-0.001222396068,-0.01601829462,-0.116301493,12.99924636,-0,0.2115411839,0.116301493,-0.1680868186,-0.208225758,1.009415526,-0.002436137713,18.60823889,0.208225758,0.002436137713,18.65081396,18.65081396,0.04111182801,0.3730162793,-1.438106989e-06,-0,9.587379924e-07,-9.587379924e-07,0.3730162793,-8.724515731e-05,-1.438106989e-06,-0,9.587379924e-07,-9.587379924e-07,0.3730162793,-8.724515731e-05,0,0,0,0,0,0
3.37,1,1,5.177185159e-05,3.691141271e-05,-1.677791487e-06,6.639260598e-05,-0.009415765824,-5.297027408e-05,0,0,0,0,0,0,-0.008213021806,-0.002016085319,-0.005380539109,-0.001202744017,-0.01575864414,-0.1143301596,12.99920638,-0,0.2115384625,0.1143301596,-0.1733838007,-0.2048498674,1.009415766,-0.002392649596,18.29282554,0.2048498674,0.002392649596,18.32668426,18.32668426,0.0410741144,0.3665336852,9.587379924e-07,1.917475985e-06,4.793689962e-07,-4.793689962e-07,0.3665336852,-8.91626333e-05,9.587379924e-07,1.917475985e-06,4.793689962e-07,-4.793689962e-07,0.3665336852,-8.91626333e-05,0,0,0,0,0,0
3.38,1,1,5.225122059e-05,3.76304662e-05,-1.917475985e-06,6.687197497e-05,-0.009416005508,-5.320995858e-05,0,0,0,0,0,0,-0.008233451594,-0.002069862828,-0.005374938166,-0.001182553914,-0.01549196043,-0.1123069736,12.99916639,-0,0.2115357412,0.1123069736,-0.1786851382,-0.2013825713,1.009416006,-0.002348148553,17.96911578,0.2013825713,0.002348148553,17.99416136,17.99416136,0.04103632258,0.3598832272,-0,4.793689962e-07,9.587379924e-07,-1.438106989e-06,0.3598832272,-8.86832643e-05,-0,4.793689962e-07,9.587379924e-07,-1.438106989e-06,0.3598832272,-8.86832643e-05,0,0,0,0,0,0
3.39,1,1,5.153216709e-05,3.715109721e-05,-1.917475985e-06,6.663229047e-05,-0.009416245193,-5.344964308e-05,0,0,0,0,0,0,-0.008254418874,-0.002123583591,-0.005369189867,-0.001161826319,-0.01521825671,-0.1102320348,12.99912641,-0,0.2115330199,0.1102320348,-0.1840029196,-0.1978240427,1.009416245,-0.00230263987,17.63712557,0.1978240427,0.00230263987,17.65324933,17.65324933,0.040998452,0.3530649866,1.438106989e-06,1.438106989e-06,9.587379924e-07,-9.587379924e-07,0.3530649866,-8.82038953e-05,1.438106989e-06,1.438106989e-06,9.587379924e-07,-9.587379924e-07,0.3530649866,-8.82038953e-05,0,0,0,0,0,0
3.4,1,1,5.225122059e-05,3.78701507e-05,-2.396844981e-06,6.687197497e-05,-0.009417203931,-5.392901207e-05,0,0,0,0,0,0,-0.008275923071,-0.002177246135,-0.00536329437,-0.001141280859,-0.01494689356,-0.1081754724,12.99896648,-0,0.2115221346,0.1081754724,-0.1878658139,-0.1942941685,1.009417204,-0.002257593489,17.30807558,0.1942941685,0.002257593489,17.31676153,17.31676153,0.04096050132,0.3463352306,-0,-0,1.917475985e-06,-1.438106989e-06,0.3463352306,-8.724515731e-05,-0,-0,1.917475985e-06,-1.438106989e-06,0.3463352306,-8.724515731e-05,0,0,0,0,0,0
3.41,1,1,5.201153609e-05,3.78701507e-05,-1.438106989e-06,6.711165947e-05,-0.0094176833,-5.416869657e-05,0,0,0,0,0,0,-0.008297963597,-0.002230848988,-0.005357251834,-0.001119719702,-0.01466230649,-0.1060206527,12.99888652,-0,0.2115166919,0.1060206527,-0.1928772177,-0.1905936582,1.009417683,-0.002210571817,16.96330443,0.1905936582,0.002210571817,16.96323145,16.96323145,0.04092247959,0.3392646289,4.793689962e-07,-0,-0,-1.917475985e-06,0.3392646289,-8.676578831e-05,4.793689962e-07,-0,-0,-1.917475985e-06,0.3392646289,-8.676578831e-05,0,0,0,0,0,0
3.42,1,1,5.249090509e-05,3.83495197e-05,-1.198422491e-06,6.639260598e-05,-0.0094176833,-5.344964308e-05,0,0,0,0,0,0.001047197551,-0.008320539847,-0.002284390682,-0.005351062427,-0.001097143452,-0.01436450983,-0.1037677221,12.99888652,-0,0.2115166919,0.1037677221,-0.198935753,-0.1867226332,1.009417683,-0.002161583237,16.60283553,0.1867226332,0.002161583237,16.592784,16.592784,0.04088437294,0.33185568,-4.793689962e-07,-9.587379924e-07,-4.793689962e-07,-4.793689962e-07,0.33185568,-0.0001929236504,-4.793689962e-07,-9.587379924e-07,-4.793689962e-07,-4.793689962e-07,0.33185568,-0.0001929236504,0,0,0,0,0,0
3.43,1,1,5.273058958e-05,3.81098352e-05,-2.396844981e-06,6.663229047e-05,-0.009418642038,-5.344964308e-05,0,0,0,0,0,0,-0.008343651202,-0.002337869748,-0.005344726318,-0.001074990835,-0.01407221184,-0.101556763,12.99872661,-0,0.2115058065,0.101556763,-0.2030976823,-0.1829208345,1.009418642,-0.002113555464,16.24908207,0.1829208345,0.002113555464,16.23101878,16.23101878,0.04084618638,0.3246203756,-9.587379924e-07,-4.793689962e-07,1.917475985e-06,-9.587379924e-07,0.3246203756,-8.82038953e-05,-9.587379924e-07,-4.793689962e-07,1.917475985e-06,-9.587379924e-07,0.3246203756,-8.82038953e-05,0,0,0,0,0,0
3.44,1,1,5.225122059e-05,3.76304662e-05,-1.917475985e-06,6.687197497e-05,-0.009418881722,-5.297027408e-05,0,0,0,0,0,0,-0.008367297029,-0.00239128472,-0.00533824368,-0.001051584693,-0.01376361806,-0.09922459802,12.99868663,-0,0.2115030852,0.09922459802,-0.2086432824,-0.1789089581,1.009418882,-0.002063086397,15.87593568,0.1789089581,0.002063086397,15.84826445,15.84826445,0.04080791934,0.3169652889,-0,4.793689962e-07,9.587379924e-07,-1.438106989e-06,0.3169652889,-8.91626333e-05,-0,4.793689962e-07,9.587379924e-07,-1.438106989e-06,0.3169652889,-8.91626333e-05,0,0,0,0,0,0
3.45,1,1,5.153216709e-05,3.78701507e-05,-1.917475985e-06,6.639260598e-05,-0.009419600776,-5.320995858e-05,0,0,0,0,0,0,-0.008391476678,-0.002444634134,-0.005331614692,-0.001028124097,-0.01345432166,-0.09688794337,12.99856671,-0,0.2114949212,0.09688794337,-0.2131747234,-0.1748868976,1.009419601,-0.002012612846,15.50207094,0.1748868976,0.002012612846,15.46579573,15.46579573,0.04076957154,0.3093159145,1.438106989e-06,-0,9.587379924e-07,-4.793689962e-07,0.3093159145,-8.86832643e-05,1.438106989e-06,-0,9.587379924e-07,-4.793689962e-07,0.3093159145,-8.86832643e-05,0,0,0,0,0,0
3.46,1,1,5.225122059e-05,3.83495197e-05,-2.636529479e-06,6.615292148e-05,-0.009420559514,-5.344964308e-05,0,0,0,0,0,0,-0.008416189488,-0.002497916527,-0.005324839535,-0.001004370026,-0.01314122242,-0.09452357073,12.99840682,-0,0.2114840358,0.09452357073,-0.2174789458,-0.1708149551,1.00942056,-0.001961652455,15.12377132,0.1708149551,0.001961652455,15.07906898,15.07906898,0.04073114751,0.3015813796,-0,-9.587379924e-07,2.396844981e-06,-0,0.3015813796,-8.82038953e-05,-0,-9.587379924e-07,2.396844981e-06,-0,0.3015813796,-8.82038953e-05,0,0,0,0,0,0
3.47,1,1,5.129248259e-05,3.882888869e-05,-2.157160483e-06,6.639260598e-05,-0.009421757936,-5.368932758e-05,0,0,0,0,0,0,-0.00844143478,-0.002551130438,-0.005317918395,-0.0009803231556,-0.01282433603,-0.09213157541,12.99820697,-0,0.211470429,0.09213157541,-0.2215133856,-0.166693374,1.009421758,-0.001910209045,14.74105207,0.166693374,0.001910209045,14.68814226,14.68814226,0.04069264767,0.2937628453,1.917475985e-06,-1.917475985e-06,1.438106989e-06,-4.793689962e-07,0.2937628453,-8.772452631e-05,1.917475985e-06,-1.917475985e-06,1.438106989e-06,-4.793689962e-07,0.2937628453,-8.772452631e-05,0,0,0,0,0,0
3.48,1,1,5.249090509e-05,3.78701507e-05,-1.438106989e-06,6.711165947e-05,-0.009421518252,-5.320995858e-05,0,0,0,0,0,0,-0.008467211864,-0.002604274409,-0.005310851461,-0.000954306388,-0.01248187033,-0.08954905707,12.99824694,-0,0.2114731504,0.08954905707,-0.2283055275,-0.1622424328,1.009421518,-0.001854903895,14.32784913,0.1622424328,0.001854903895,14.26364094,14.26364094,0.04065406948,0.2852728188,-4.793689962e-07,-0,-0,-1.917475985e-06,0.2852728188,-8.86832643e-05,-4.793689962e-07,-0,-0,-1.917475985e-06,0.2852728188,-8.86832643e-05,0,0,0,0,0,0
3.49,1,1,5.273058958e-05,3.81098352e-05,-1.198422491e-06,6.591323698e-05,-0.009421997621,-5.273058958e-05,0,0,0,0,0,0,-0.008493520031,-0.002657346982,-0.005303638928,-0.0009284775899,-0.01214188109,-0.08698577449,12.998167,-0,0.2114677077,0.08698577449,-0.2334623111,-0.157822198,1.009421998,-0.001800097401,13.91772392,0.157822198,0.001800097401,13.8438839,13.8438839,0.04061541224,0.2768776781,-9.587379924e-07,-4.793689962e-07,-4.793689962e-07,4.793689962e-07,0.2768776781,-8.964200229e-05,-9.587379924e-07,-4.793689962e-07,-4.793689962e-07,4.793689962e-07,0.2768776781,-8.964200229e-05,0,0,0,0,0,0
3.5,1,1,5.249090509e-05,3.73907817e-05,-1.438106989e-06,6.759102847e-05,-0.009423196043,-5.344964308e-05,0,0,0,0,0,0,-0.00852035856,-0.002710346702,-0.005296280992,-0.0009028374827,-0.01180438483,-0.0844417815,12.99796717,-0,0.2114541009,0.0844417815,-0.2374247938,-0.1534330064,1.009423196,-0.001745789873,13.51068504,0.1534330064,0.001745789873,13.42843904,13.42843904,0.04057668188,0.2685687809,-4.793689962e-07,9.587379924e-07,-0,-2.876213977e-06,0.2685687809,-8.82038953e-05,-4.793689962e-07,9.587379924e-07,-0,-2.876213977e-06,0.2685687809,-8.82038953e-05,0,0,0,0,0,0
3.51,1,1,5.129248259e-05,3.76304662e-05,-1.677791487e-06,6.759102847e-05,-0.00942463415,-5.344964308e-05,0,0,0,0,0,0,-0.008547726717,-0.002763272118,-0.005288777857,-0.000876907433,-0.01146316746,-0.08187061024,12.99772739,-0,0.2114377727,0.08187061024,-0.2410228039,-0.1489951257,1.009424634,-0.001691018865,13.09929764,0.1489951257,0.001691018865,13.00896098,13.00896098,0.04053787881,0.2601792196,1.917475985e-06,4.793689962e-07,4.793689962e-07,-2.876213977e-06,0.2601792196,-8.82038953e-05,1.917475985e-06,4.793689962e-07,4.793689962e-07,-2.876213977e-06,0.2601792196,-8.82038953e-05,0,0,0,0,0,0
3.52,1,1,5.08131136e-05,3.73907817e-05,-1.438106989e-06,6.663229047e-05,-0.009424873835,-5.344964308e-05,0,0,0,0,0,0,-0.00857562375,-0.002816121776,-0.005281129727,-0.0008492500843,-0.01109955422,-0.07913284511,12.99768743,-0,0.2114350513,0.07913284511,-0.2470713768,-0.1442685364,1.009424874,-0.001632904767,12.66125522,0.1442685364,0.001632904767,12.56008528,12.56008528,0.04049900437,0.2512017056,2.876213977e-06,9.587379924e-07,-0,-9.587379924e-07,0.2512017056,-8.82038953e-05,2.876213977e-06,9.587379924e-07,-0,-9.587379924e-07,0.2512017056,-8.82038953e-05,0,0,0,0,0,0
3.53,1,1,5.05734291e-05,3.691141271e-05,-2.157160483e-06,6.687197497e-05,-0.009426311942,-5.464806557e-05,0,0,0,0,0,0,-0.008604048895,-0.002868894229,-0.005273336812,-0.0008222630464,-0.01074471622,-0.07646118853,12.99744768,-0,0.2114187231,0.07646118853,-0.2508640971,-0.1396538869,1.009426312,-0.001576262903,12.23379017,0.1396538869,0.001576262903,12.12415622,12.12415622,0.04046006077,0.2424831244,3.355582973e-06,1.917475985e-06,1.438106989e-06,-1.438106989e-06,0.2424831244,-8.580705032e-05,3.355582973e-06,1.917475985e-06,1.438106989e-06,-1.438106989e-06,0.2424831244,-8.580705032e-05,0,0,0,0,0,0
3.54,1,1,5.153216709e-05,3.715109721e-05,-2.157160483e-06,6.759102847e-05,-0.009427989733,-5.440838107e-05,0,0,0,0,0,0,-0.008633001373,-0.002921588031,-0.005265399326,-0.0007949883604,-0.01038620969,-0.07376270241,12.997168,-0,0.2113996734,0.07376270241,-0.2543948026,-0.1349913123,1.00942799,-0.001519172374,11.80203239,0.1349913123,0.001519172374,11.68414807,11.68414807,0.04042105108,0.2336829614,1.438106989e-06,1.438106989e-06,1.438106989e-06,-2.876213977e-06,0.2336829614,-8.628641932e-05,1.438106989e-06,1.438106989e-06,1.438106989e-06,-2.876213977e-06,0.2336829614,-8.628641932e-05,0,0,0,0,0,0
3.55,1,1,5.201153609e-05,3.78701507e-05,-1.677791487e-06,6.711165947e-05,-0.009428948471,-5.392901207e-05,0,0,0,0,0,0,-0.008662480389,-0.002974201735,-0.005257317486,-0.0007664680822,-0.01001159199,-0.07094458357,12.9970082,-0,0.2113887878,0.07094458357,-0.2595178249,-0.1301207432,1.009428948,-0.001459722799,11.35113337,0.1301207432,0.001459722799,11.22319601,11.22319601,0.04038197724,0.2244639203,4.793689962e-07,-0,4.793689962e-07,-1.917475985e-06,0.2244639203,-8.724515731e-05,4.793689962e-07,-0,4.793689962e-07,-1.917475985e-06,0.2244639203,-8.724515731e-05,0,0,0,0,0,0
3.56,1,1,5.225122059e-05,3.73907817e-05,-2.157160483e-06,6.735134397e-05,-0.009429667525,-5.297027408e-05,0,0,0,0,0,0,-0.008692485136,-0.0030267339,-0.005249091515,-0.000737182389,-0.009627112258,-0.06805348461,12.99688836,-0,0.2113806237,0.06805348461,-0.2648968955,-0.1251225032,1.009429668,-0.00139888209,10.88855754,0.1251225032,0.00139888209,10.75018203,10.75018203,0.04034283804,0.2150036406,-0,9.587379924e-07,1.438106989e-06,-2.396844981e-06,0.2150036406,-8.91626333e-05,-0,9.587379924e-07,1.438106989e-06,-2.396844981e-06,0.2150036406,-8.91626333e-05,0,0,0,0,0,0
3.57,1,1,5.225122059e-05,3.715109721e-05,-1.917475985e-06,6.615292148e-05,-0.009430626263,-5.368932758e-05,0,0,0,0,0,0,-0.00872301479,-0.003079183085,-0.005240721636,-0.0007076114723,-0.009239019606,-0.06513599135,12.99672857,-0,0.2113697381,0.06513599135,-0.2698101361,-0.1200770301,1.009430626,-0.001337613059,10.42175862,0.1200770301,0.001337613059,10.27336312,10.27336312,0.04030363777,0.2054672625,-0,1.438106989e-06,9.587379924e-07,-0,0.2054672625,-8.772452631e-05,-0,1.438106989e-06,9.587379924e-07,-0,0.2054672625,-8.772452631e-05,0,0,0,0,0,0
3.58,1,1,5.273058958e-05,3.715109721e-05,-1.677791487e-06,6.687197497e-05,-0.009431105632,-5.320995858e-05,0,0,0,0,0,0,-0.008754068516,-0.003131547854,-0.005232208081,-0.0006770371157,-0.008837987729,-0.06212261571,12.99664869,-0,0.2113642953,0.06212261571,-0.2756441454,-0.1148642216,1.009431106,-0.001274490146,9.939618513,0.1148642216,0.001274490146,9.78011308,9.78011308,0.04026437905,0.1956022616,-9.587379924e-07,1.438106989e-06,4.793689962e-07,-1.438106989e-06,0.1956022616,-8.86832643e-05,-9.587379924e-07,1.438106989e-06,4.793689962e-07,-1.438106989e-06,0.1956022616,-8.86832643e-05,0,0,0,0,0,0
3.59,1,1,5.225122059e-05,3.81098352e-05,-2.636529479e-06,6.711165947e-05,-0.009432783423,-5.344964308e-05,0,0,0,0,0,0,-0.008785645461,-0.003183826769,-0.005223551082,-0.0006471379619,-0.008445841509,-0.05917589661,12.9963691,-0,0.2113452454,0.05917589661,-0.2790840135,-0.1097652736,1.009432783,-0.001212854995,9.468143458,0.1097652736,0.001212854995,9.300037573,9.300037573,0.04022506466,0.1860007515,-0,-4.793689962e-07,2.396844981e-06,-1.917475985e-06,0.1860007515,-8.82038953e-05,-0,-4.793689962e-07,2.396844981e-06,-1.917475985e-06,0.1860007515,-8.82038953e-05,0,0,0,0,0,0
3.6,1,1,5.10527981e-05,3.76304662e-05,-1.677791487e-06,6.639260598e-05,-0.009437337428,-5.416869657e-05,0,0,0,0,0,0,-0.00881774476,-0.003236018398,-0.005214750877,-0.0006195926682,-0.008084403712,-0.05645812231,12.99561037,-0,0.2112935384,0.05645812231,-0.2774690761,-0.1050617607,1.009437337,-0.001156030669,9.033299569,0.1050617607,0.001156030669,8.862048284,8.862048284,0.04018570927,0.1772409657,2.396844981e-06,4.793689962e-07,4.793689962e-07,-4.793689962e-07,0.1772409657,-8.676578831e-05,2.396844981e-06,4.793689962e-07,4.793689962e-07,-4.793689962e-07,0.1772409657,-8.676578831e-05,0,0,0,0,0,0
3.61,1,1,5.249090509e-05,3.76304662e-05,-1.677791487e-06,6.639260598e-05,-0.00943901522,-5.416869657e-05,0,0,0,0,0,0,-0.008850365533,-0.00328812131,-0.005205807707,-0.0005886496866,-0.007678935728,-0.05341294003,12.9953309,-0,0.2112744884,0.05341294003,-0.2824181199,-0.09979031075,1.009439015,-0.001092609309,8.546070405,0.09979031075,0.001092609309,8.364535205,8.364535205,0.04014630596,0.1672907041,-4.793689962e-07,4.793689962e-07,4.793689962e-07,-4.793689962e-07,0.1672907041,-8.676578831e-05,-4.793689962e-07,4.793689962e-07,4.793689962e-07,-4.793689962e-07,0.1672907041,-8.676578831e-05,0,0,0,0,0,0
3.62,1,1,5.225122059e-05,3.691141271e-05,-2.157160483e-06,6.663229047e-05,-0.00944117238,-5.273058958e-05,0,0,0,-0.001047197551,0,0,-0.008883506886,-0.003340134076,-0.005196721817,-0.0005576654944,-0.007273066772,-0.05036513008,12.99497163,-0,0.2112499954,0.05036513008,-0.2865680763,-0.09451329633,1.009441172,-0.00102925595,8.058420813,0.09451329633,0.00102925595,7.867395289,7.867395289,0.04010685991,0.1573479058,-0,1.917475985e-06,1.438106989e-06,0.0001037610171,0.1573479058,-8.964200229e-05,-0,1.917475985e-06,1.438106989e-06,0.0001037610171,0.1573479058,-8.964200229e-05,0,0,0,0,0,0
3.63,1,1,5.273058958e-05,3.619235921e-05,-1.677791487e-06,6.687197497e-05,-0.009442370803,-5.368932758e-05,0,0,0,0,0,0,-0.00891716791,-0.003392055271,-0.005187493456,-0.0005252028933,-0.006848129055,-0.04717585621,12.99477205,-0,0.2112363881,0.04717585621,-0.2924772202,-0.08898987604,1.009442371,-0.0009631336142,7.548136994,0.08898987604,0.0009631336142,7.345612784,7.345612784,0.04006737288,0.1469122557,-9.587379924e-07,3.355582973e-06,4.793689962e-07,-1.438106989e-06,0.1469122557,-8.772452631e-05,-9.587379924e-07,3.355582973e-06,4.793689962e-07,-1.438106989e-06,0.1469122557,-8.772452631e-05,0,0,0,0,0,0
3.64,1,1,5.249090509e-05,3.715109721e-05,-1.677791487e-06,6.711165947e-05,-0.009444767648,-5.320995858e-05,0,0,0,0,0,0,-0.008951347681,-0.003443883471,-0.005178122878,-0.0004934199665,-0.006432175181,-0.04405369102,12.99437295,-0,0.2112091735,0.04405369102,-0.2961394595,-0.08358208318,1.009444768,-0.0008985093268,7.048590563,0.08358208318,0.0008985093268,6.836931696,6.836931696,0.04002785022,0.1367386339,-4.793689962e-07,1.438106989e-06,4.793689962e-07,-1.917475985e-06,0.1367386339,-8.86832643e-05,-4.793689962e-07,1.438106989e-06,4.793689962e-07,-1.917475985e-06,0.1367386339,-8.86832643e-05,0,0,0,0,0,0
3.65,1,1,5.297027408e-05,3.619235921e-05,-1.677791487e-06,6.663229047e-05,-0.009446924808,-5.344964308e-05,0,0,0,0,0,0,-0.008986045264,-0.003495617256,-0.005168610338,-0.0004608795441,-0.006006538064,-0.04085983047,12.99401381,-0,0.2111846802,0.04085983047,-0.300297083,-0.07804903857,1.009446925,-0.0008325482384,6.537572875,0.07804903857,0.0008325482384,6.316157379,6.316157379,0.03998829554,0.1263231476,-1.438106989e-06,3.355582973e-06,4.793689962e-07,-9.587379924e-07,0.1263231476,-8.82038953e-05,-1.438106989e-06,3.355582973e-06,4.793689962e-07,-9.587379924e-07,0.1263231476,-8.82038953e-05,0,0,0,0,0,0
3.66,1,1,5.297027408e-05,3.715109721e-05,-2.157160483e-06,6.711165947e-05,-0.009449561338,-5.297027408e-05,0,0,0,0,0,0,-0.009021259707,-0.003547255206,-0.005158956099,-0.0004283016308,-0.005580582299,-0.03766383455,12.99357494,-0,0.2111547438,0.03766383455,-0.3037893984,-0.0725117143,1.009449561,-0.0007666720539,6.026213527,0.0725117143,0.0007666720539,5.795702515,5.795702515,0.03994871454,0.1159140503,-1.438106989e-06,1.438106989e-06,1.438106989e-06,-1.917475985e-06,0.1159140503,-8.91626333e-05,-1.438106989e-06,1.438106989e-06,1.438106989e-06,-1.917475985e-06,0.1159140503,-8.91626333e-05,0,0,0,0,0,0
3.67,1,1,5.201153609e-05,3.691141271e-05,-2.396844981e-06,6.759102847e-05,-0.009451718498,-5.320995858e-05,0,0,0,0,0,0,-0.009056990044,-0.003598795906,-0.005149160424,-0.0003947284541,-0.005141871717,-0.03437333857,12.99321592,-0,0.2111302504,0.03437333857,-0.3083345394,-0.06680944944,1.009451718,-0.000699001331,5.499734171,0.06680944944,0.000699001331,5.258908082,5.258908082,0.03990911296,0.1051781616,4.793689962e-07,1.917475985e-06,1.917475985e-06,-2.876213977e-06,0.1051781616,-8.86832643e-05,4.793689962e-07,1.917475985e-06,1.917475985e-06,-2.876213977e-06,0.1051781616,-8.86832643e-05,0,0,0,0,0,0
3.68,1,1,5.153216709e-05,3.691141271e-05,-2.396844981e-06,6.639260598e-05,-0.009454115343,-5.344964308e-05,0,0,0,0,0,0,-0.009093235296,-0.003650237944,-0.005139223583,-0.000360880047,-0.00469977114,-0.03105787659,12.99281706,-0,0.2111030353,0.03105787659,-0.3124391691,-0.06106326666,1.009454115,-0.0006309555827,4.969260255,0.06106326666,0.0006309555827,4.718515308,4.718515308,0.03986949119,0.09437030616,1.438106989e-06,1.917475985e-06,1.917475985e-06,-4.793689962e-07,0.09437030616,-8.82038953e-05,1.438106989e-06,1.917475985e-06,1.917475985e-06,-4.793689962e-07,0.09437030616,-8.82038953e-05,0,0,0,0,0,0
3.69,1,1,5.177185159e-05,3.76304662e-05,-2.157160483e-06,6.639260598e-05,-0.009456991557,-5.416869657e-05,0,0,0,0,0,0,-0.00912999447,-0.003701579908,-0.005129145846,-0.0003269970877,-0.004257416329,-0.02774067284,12.99233853,-0,0.211070377,0.02774067284,-0.3159260595,-0.05531379419,1.009456992,-0.0005630080495,4.438507654,0.05531379419,0.0005630080495,4.178458396,4.178458396,0.03982985734,0.08356916793,9.587379924e-07,4.793689962e-07,1.438106989e-06,-4.793689962e-07,0.08356916793,-8.676578831e-05,9.587379924e-07,4.793689962e-07,1.438106989e-06,-4.793689962e-07,0.08356916793,-8.676578831e-05,0,0,0,0,0,0
3.7,1,1,5.177185159e-05,3.78701507e-05,-2.157160483e-06,6.759102847e-05,-0.009460586825,-5.297027408e-05,0,0,0,0,0,0,-0.009167266556,-0.003752820392,-0.005118927492,-0.0002933202685,-0.00381794275,-0.02444491175,12.99174048,-0,0.2110295539,0.02444491175,-0.3183310129,-0.04960172139,1.009460587,-0.0004956290798,3.91118588,0.04960172139,0.0004956290798,3.642952218,3.642952218,0.03979021647,0.07285904435,9.587379924e-07,-0,1.438106989e-06,-2.876213977e-06,0.07285904435,-8.91626333e-05,9.587379924e-07,-0,1.438106989e-06,-2.876213977e-06,0.07285904435,-8.91626333e-05,0,0,0,0,0,0
3.71,1,1,5.177185159e-05,3.73907817e-05,-2.396844981e-06,6.687197497e-05,-0.009464421777,-5.344964308e-05,0,0,0,0.001047197551,0,0,-0.009205050534,-0.00380395799,-0.0051085688,-0.0002593712423,-0.003375144078,-0.02112451446,12.99110273,-0,0.210986009,0.02112451446,-0.3208102496,-0.04384684344,1.009464422,-0.000427883453,3.379922314,0.04384684344,0.000427883453,3.103386791,3.103386791,0.03975057457,0.06206773582,9.587379924e-07,9.587379924e-07,1.917475985e-06,-0.0001061578621,0.06206773582,-8.82038953e-05,9.587379924e-07,9.587379924e-07,1.917475985e-06,-0.0001061578621,0.06206773582,-8.82038953e-05,0,0,0,0,0,0
3.72,1,1,5.201153609e-05,3.76304662e-05,-2.636529479e-06,6.591323698e-05,-0.009470653574,-5.416869657e-05,0,0,0,0,0,0,-0.009243345368,-0.003854991301,-0.005098070054,-0.0002273082053,-0.002957064618,-0.01798719425,12.99006673,-0,0.2109152479,0.01798719425,-0.3192860533,-0.0384124667,1.009470654,-0.0003639773335,2.87795108,0.0384124667,0.0003639773335,2.597441471,2.597441471,0.03971094045,0.05194882941,4.793689962e-07,4.793689962e-07,2.396844981e-06,4.793689962e-07,0.05194882941,-8.676578831e-05,4.793689962e-07,4.793689962e-07,2.396844981e-06,4.793689962e-07,0.05194882941,-8.676578831e-05,0,0,0,0,0,0
3.73,1,1,5.297027408e-05,3.73907817e-05,-1.917475985e-06,6.711165947e-05,-0.009477125055,-5.368932758e-05,0,0,0,0,0,0,-0.009282150008,-0.003905918925,-0.005087431542,-0.0001949750469,-0.002535700928,-0.01482532294,12.98899134,-0,0.2108417643,0.01482532294,-0.3188222226,-0.03293619739,1.009477125,-0.0002997002525,2.37205167,0.03293619739,0.0002997002525,2.086465345,2.086465345,0.03967131602,0.04172930689,-1.438106989e-06,9.587379924e-07,9.587379924e-07,-1.917475985e-06,0.04172930689,-8.772452631e-05,-1.438106989e-06,9.587379924e-07,9.587379924e-07,-1.917475985e-06,0.04172930689,-8.772452631e-05,0,0,0,0,0,0
3.74,1,1,5.153216709e-05,3.691141271e-05,-1.677791487e-06,6.687197497e-05,-0.009481679061,-5.464806557e-05,0,0,0,0,0,0,-0.00932146339,-0.003956739467,-0.005076653555,-0.0001602156706,-0.002083058111,-0.01143162756,12.98823486,-0,0.2107900532,0.01143162756,-0.3226080565,-0.02705524797,1.009481679,-0.0002308666026,1.829060409,0.02705524797,0.0002308666026,1.533738467,1.533738467,0.0396317056,0.03067476934,1.438106989e-06,1.917475985e-06,4.793689962e-07,-1.438106989e-06,0.03067476934,-8.580705032e-05,1.438106989e-06,1.917475985e-06,4.793689962e-07,-1.438106989e-06,0.03067476934,-8.580705032e-05,0,0,0,0,0,0
3.75,1,1,5.249090509e-05,3.81098352e-05,-2.876213977e-06,6.735134397e-05,-0.009488869596,-5.368932758e-05,0,0,0,0,0,0,-0.009361284436,-0.004007451533,-0.005065736389,-0.0001275851596,-0.001658308723,-0.008244176651,12.98704089,-0,0.2107084031,0.008244176651,-0.3219666697,-0.02153652319,1.00948887,-0.0001663307301,1.319068264,0.02153652319,0.0001663307301,1.018804448,1.018804448,0.03959211646,0.02037608897,-4.793689962e-07,-4.793689962e-07,2.876213977e-06,-2.396844981e-06,0.02037608897,-8.772452631e-05,-4.793689962e-07,-4.793689962e-07,2.876213977e-06,-2.396844981e-06,0.02037608897,-8.772452631e-05,0,0,0,0,0,0
3.76,1,1,5.153216709e-05,3.78701507e-05,-1.917475985e-06,6.615292148e-05,-0.009498217291,-5.297027408e-05,0,0,0,0,0,0,-0.009401612054,-0.004058053732,-0.005054680343,-9.660523656e-05,-0.001255242159,-0.005216760037,12.98548959,-0,0.2106022564,0.005216760037,-0.3184616546,-0.01629993399,1.009498217,-0.000105147739,0.8346816059,0.01629993399,0.000105147739,0.5326250331,0.5326250331,0.03955255447,0.01065250066,1.438106989e-06,-0,9.587379924e-07,-0,0.01065250066,-8.91626333e-05,1.438106989e-06,-0,9.587379924e-07,-0,0.01065250066,-8.91626333e-05,0,0,0,0,0,0
3.77,1,1,5.225122059e-05,3.76304662e-05,-1.677791487e-06,6.663229047e-05,-0.009504209403,-5.344964308e-05,0,0,0,0,0,0,-0.00944244514,-0.004108544678,-0.005043485721,-6.176426368e-05,-0.0008022945972,-0.001819919019,12.98449568,-0,0.2105342127,0.001819919019,-0.3224578018,-0.01041739073,1.009504209,-3.664561568e-05,0.2911870431,0.01041739073,3.664561568e-05,-0.02081672242,-0.02081672242,0.03951302285,-0.0004163344485,-0,4.793689962e-07,4.793689962e-07,-9.587379924e-07,-0.0004163344485,-8.82038953e-05,-0,4.793689962e-07,4.793689962e-07,-9.587379924e-07,-0.0004163344485,-8.82038953e-05,0,0,0,0,0,0
3.78,1,1,5.297027408e-05,3.81098352e-05,-2.157160483e-06,6.687197497e-05,-0.009513317414,-5.320995858e-05,0,0,0,0,0,0,-0.009483782573,-0.004158922985,-0.005032152829,-2.953484185e-05,-0.0003835227759,0.001324612806,12.9829857,-0,0.2104307848,-0.001324612806,-0.3209772336,-0.004979270715,1.009513317,2.664602517e-05,-0.211938049,0.004979270715,-2.664602517e-05,-0.5279626579,-0.5279626579,0.03947352801,-0.01055925316,-1.438106989e-06,-4.793689962e-07,1.438106989e-06,-1.438106989e-06,-0.01055925316,-8.86832643e-05,-1.438106989e-06,-4.793689962e-07,1.438106989e-06,-1.438106989e-06,-0.01055925316,-8.86832643e-05,0,0,0,0,0,0
3.79,1,1,5.177185159e-05,3.83495197e-05,-2.157160483e-06,6.687197497e-05,-0.009522904794,-5.249090509e-05,0,0,0,0,0,0,-0.009525623219,-0.004209187274,-0.005020681978,2.718425112e-06,3.528834547e-05,0.004470005589,12.98139724,-0,0.2103219116,-0.004470005589,-0.3199081061,0.0004580920303,1.009522905,8.983084816e-05,-0.7152008942,-0.0004580920303,-8.983084816e-05,-1.035656923,-1.035656923,0.03943407425,-0.02071313846,9.587379924e-07,-9.587379924e-07,1.438106989e-06,-1.438106989e-06,-0.02071313846,-9.012137129e-05,9.587379924e-07,-9.587379924e-07,1.438106989e-06,-1.438106989e-06,-0.02071313846,-9.012137129e-05,0,0,0,0,0,0
3.8,1,1,5.153216709e-05,3.76304662e-05,-2.157160483e-06,6.615292148e-05,-0.009537285864,-5.297027408e-05,0,0,0,0,-0.001047197551,0,-0.009567965933,-0.004259336166,-0.005009073483,3.068006917e-05,0.000398119314,0.006155185454,12.97901646,-0,0.2101585982,-0.007202383005,-0.3113849519,0.005167197131,1.010584758,0.0001238333047,-0.9848296727,-0.005167197131,-0.0001238333047,-1.301505655,-1.301505655,0.03939466465,-0.0260301131,1.438106989e-06,4.793689962e-07,1.438106989e-06,-0,-0.0260301131,-8.91626333e-05,1.438106989e-06,4.793689962e-07,1.438106989e-06,-0,-0.0260301131,-8.91626333e-05,0,0,0,0,0,0
3.81,1,1,5.201153609e-05,3.73907817e-05,-2.157160483e-06,6.711165947e-05,-0.009549989143,-5.225122059e-05,0,0,0,0,-0.001047197551,0,-0.009610809553,-0.004309368286,-0.004997327661,6.082041091e-05,0.0007889559811,0.009095338965,12.97691535,-0,0.2100143344,-0.01014253652,-0.308309737,0.01023821499,1.010597461,0.0001828066414,-1.455254234,-0.01023821499,-0.0001828066414,-1.773984993,-1.773984993,0.0393553032,-0.03547969986,4.793689962e-07,9.587379924e-07,1.438106989e-06,-1.917475985e-06,-0.03547969986,-9.060074028e-05,4.793689962e-07,9.587379924e-07,1.438106989e-06,-1.917475985e-06,-0.03547969986,-9.060074028e-05,0,0,0,0,0,0
3.82,1,1,5.225122059e-05,3.73907817e-05,-1.917475985e-06,6.687197497e-05,-0.009561493998,-5.297027408e-05,0,0,0,0,-0.001047197551,0,-0.009654152905,-0.004359282263,-0.004985444835,9.265890677e-05,0.001201542942,0.01219697692,12.97501401,-0,0.2098836776,-0.01324417447,-0.3086034235,0.01559003651,1.010608966,0.0002449070041,-1.951516307,-0.01559003651,-0.0002449070041,-2.275954674,-2.275954674,0.03931599908,-0.04551909347,-0,9.587379924e-07,9.587379924e-07,-1.438106989e-06,-0.04551909347,-8.91626333e-05,-0,9.587379924e-07,9.587379924e-07,-1.438106989e-06,-0.04551909347,-8.91626333e-05,0,0,0,0,0,0
3.83,1,1,5.201153609e-05,3.76304662e-05,-2.157160483e-06,6.687197497e-05,-0.009575635384,-5.297027408e-05,0,0,0,0,0,0,-0.0096979948,-0.004409076727,-0.004973425331,0.0001223594165,0.001586097355,0.01613962769,12.97267895,-0,0.2097230749,-0.01613962769,-0.3053233858,0.02057593177,1.009575635,0.0003230874946,-2.58234043,-0.02057593177,-0.0003230874946,-2.908562835,-2.908562835,0.03927675068,-0.0581712567,4.793689962e-07,4.793689962e-07,1.438106989e-06,-1.438106989e-06,-0.0581712567,-8.91626333e-05,4.793689962e-07,4.793689962e-07,1.438106989e-06,-1.438106989e-06,-0.0581712567,-8.91626333e-05,0,0,0,0,0,0
3.84,1,1,5.225122059e-05,3.76304662e-05,-2.396844981e-06,6.663229047e-05,-0.009587619609,-5.297027408e-05,0,0,0,0,-0.002094395102,0,-0.009742334037,-0.004458750315,-0.004961269477,0.0001547144281,0.002004787908,0.01719365828,12.97070182,-0,0.2095869677,-0.01928805338,-0.3068140072,0.02600350616,1.011683111,0.0003452810362,-2.750985324,-0.02600350616,-0.0003452810362,-3.084148119,-3.084148119,0.03923756815,-0.06168296238,-0,4.793689962e-07,1.917475985e-06,-9.587379924e-07,-0.06168296238,-8.91626333e-05,-0,4.793689962e-07,1.917475985e-06,-9.587379924e-07,-0.06168296238,-8.91626333e-05,0,0,0,0,0,0
3.85,1,1,5.273058958e-05,3.81098352e-05,-2.157160483e-06,6.615292148e-05,-0.009606794369,-5.249090509e-05,0,0,0,0,-0.001047197551,0,-0.009787169399,-0.004508301663,-0.004948977608,0.0001803750306,0.002336352377,0.02074708729,12.96754172,-0,0.20936919,-0.02179428484,-0.2964228061,0.03029674692,1.010654266,0.0004153789771,-3.319533966,-0.03029674692,-0.0004153789771,-3.646668898,-3.646668898,0.03919844483,-0.07293337796,-9.587379924e-07,-4.793689962e-07,1.438106989e-06,-0,-0.07293337796,-9.012137129e-05,-9.587379924e-07,-4.793689962e-07,1.438106989e-06,-0,-0.07293337796,-9.012137129e-05,0,0,0,0,0,0
3.86,1,1,5.225122059e-05,3.715109721e-05,-2.157160483e-06,6.639260598e-05,-0.009625969128,-5.177185159e-05,0,0,0,0,-0.001047197551,0,-0.009832499658,-0.004557729415,-0.00493655006,0.0002065305297,0.00267404968,0.02329974638,12.9643857,-0,0.2091514049,-0.02434694393,-0.2887891571,0.03466741142,1.010673441,0.0004660387689,-3.72795942,-0.03466741142,-0.0004660387689,-4.051882028,-4.051882028,0.03915938514,-0.08103764055,-0,1.438106989e-06,1.438106989e-06,-4.793689962e-07,-0.08103764055,-9.155947828e-05,-0,1.438106989e-06,1.438106989e-06,-4.793689962e-07,-0.08103764055,-9.155947828e-05,0,0,0,0,0,0
3.87,1,1,5.225122059e-05,3.76304662e-05,-2.636529479e-06,6.591323698e-05,-0.009645143888,-5.201153609e-05,0,0,0,0,-0.002094395102,0,-0.009878323571,-0.004607032214,-0.004923987174,0.0002331796827,0.003017853769,0.02485147265,12.96123374,-0,0.2089336122,-0.02694586775,-0.2832367647,0.0391151081,1.011740636,0.0004976305239,-3.976235624,-0.0391151081,-0.0004976305239,-4.299085128,-4.299085128,0.03912039533,-0.08598170255,-0,4.793689962e-07,2.396844981e-06,4.793689962e-07,-0.08598170255,-9.108010928e-05,-0,4.793689962e-07,2.396844981e-06,4.793689962e-07,-0.08598170255,-9.108010928e-05,0,0,0,0,0,0
3.88,1,1,5.129248259e-05,3.83495197e-05,-1.677791487e-06,6.591323698e-05,-0.009676782242,-5.201153609e-05,0,0,0,0,-0.003141592654,0,-0.009924639881,-0.004656208708,-0.004911289295,0.0002478576393,0.003206246821,0.02525736799,12.9560419,-0,0.2085742378,-0.02839896064,-0.2577559112,0.04154026817,1.012820842,0.0005063342461,-4.041178878,-0.04154026817,-0.0005063342461,-4.340981392,-4.340981392,0.0390814525,-0.08681962783,1.917475985e-06,-9.587379924e-07,4.793689962e-07,4.793689962e-07,-0.08681962783,-9.108010928e-05,1.917475985e-06,-9.587379924e-07,4.793689962e-07,4.793689962e-07,-0.08681962783,-9.108010928e-05,0,0,0,0,0,0
3.89,1,1,5.177185159e-05,3.715109721e-05,-1.677791487e-06,6.615292148e-05,-0.009725198511,-5.249090509e-05,0,-0.001047197551,0,0,-0.005235987756,0,-0.00997144732,-0.004705257551,-0.00489845677,0.000246248809,0.003183532325,0.02305813057,12.94811822,-0,0.2080242465,-0.02829411833,-0.207980765,0.0412207529,1.01496804,0.0004637459961,-3.689300892,-0.0412207529,-0.0004637459961,-3.938966155,-3.938966155,0.03904253973,-0.07877932311,9.587379924e-07,0.0001061578621,4.793689962e-07,-0,-0.07877932311,-9.012137129e-05,9.587379924e-07,0.0001061578621,4.793689962e-07,-0,-0.07877932311,-9.012137129e-05,0,0,0,0,0,0
3.9,1,1,5.273058958e-05,3.715109721e-05,-2.396844981e-06,6.639260598e-05,-0.009787037111,-5.249090509e-05,0,0,0,0,-0.006283185307,0,-0.0100187446,-0.004754177396,-0.004885489951,0.0002317074912,0.002993494835,0.02066892696,12.93803548,-0,0.207321713,-0.02695211227,-0.1451926474,0.03872994237,1.016080092,0.0004161905908,-3.307028314,-0.03872994237,-0.0004161905908,-3.491367095,-3.491367095,0.03900363907,-0.06982734189,-9.587379924e-07,1.438106989e-06,1.917475985e-06,-4.793689962e-07,-0.06982734189,-9.012137129e-05,-9.587379924e-07,1.438106989e-06,1.917475985e-06,-4.793689962e-07,-0.06982734189,-9.012137129e-05,0,0,0,0,0,0
3.91,1,1,5.225122059e-05,3.83495197e-05,-2.396844981e-06,6.615292148e-05,-0.009858463092,-5.249090509e-05,0,0,0,0.001047197551,-0.007330382858,0,-0.01006653043,-0.004802966903,-0.004872389195,0.0002080673415,0.00268608195,0.01740871123,12.92644189,-0,0.2065101631,-0.02473909408,-0.07757656822,0.03472148225,1.01720228,0.0003509671819,-2.785393796,-0.03472148225,-0.0003509671819,-2.898042814,-2.898042814,0.03896474955,-0.05796085628,-0,-9.587379924e-07,1.917475985e-06,-0.0001047197551,-0.05796085628,-9.012137129e-05,-0,-9.587379924e-07,1.917475985e-06,-0.0001047197551,-0.05796085628,-9.012137129e-05,0,0,0,0,0,0
3.92,1,1,5.153216709e-05,3.78701507e-05,-1.438106989e-06,6.687197497e-05,-0.009921500115,-5.201153609e-05,0,0,0,0,-0.005235987756,0,-0.0101148035,-0.004851624735,-0.004859154859,0.0001933033869,0.002493757075,0.01813884152,12.91625652,-0,0.2057938438,-0.02337482927,-0.03902664657,0.03221000609,1.015164342,0.0003638598277,-2.902214643,-0.03221000609,-0.0003638598277,-2.973815155,-2.973815155,0.03892588658,-0.0594763031,1.438106989e-06,-0,-0,-1.438106989e-06,-0.0594763031,-9.108010928e-05,1.438106989e-06,-0,-0,-1.438106989e-06,-0.0594763031,-9.108010928e-05,0,0,0,0,0,0
3.93,1,1,5.249090509e-05,3.715109721e-05,-2.396844981e-06,6.663229047e-05,-0.009962725848,-5.201153609e-05,0,0,0,0,-0.002094395102,0,-0.01016356248,-0.004900149556,-0.004845787307,0.0002008366361,0.002589496709,0.02204989604,12.90961893,-0,0.2053253331,-0.02414429114,-0.04663874484,0.03342941572,1.012058218,0.0004391736083,-3.527983367,-0.03342941572,-0.0004391736083,-3.608490701,-3.608490701,0.03888708591,-0.07216981402,-4.793689962e-07,1.438106989e-06,1.917475985e-06,-9.587379924e-07,-0.07216981402,-9.108010928e-05,-4.793689962e-07,1.438106989e-06,1.917475985e-06,-9.587379924e-07,-0.07216981402,-9.108010928e-05,0,0,0,0,0,0
3.94,1,1,5.249090509e-05,3.715109721e-05,-2.396844981e-06,6.591323698e-05,-0.009984537138,-5.225122059e-05,0,0,0,0,-0.001047197551,0,-0.01021280604,-0.004948540038,-0.004832286905,0.0002282689073,0.002941903786,0.025770265,12.9061147,-0,0.2050774444,-0.02681746255,-0.08760334071,0.0379685477,1.011032009,0.0005117226729,-4.1232424,-0.0379685477,-0.0005117226729,-4.249326011,-4.249326011,0.03884836256,-0.08498652021,-4.793689962e-07,1.438106989e-06,1.917475985e-06,4.793689962e-07,-0.08498652021,-9.060074028e-05,-4.793689962e-07,1.438106989e-06,1.917475985e-06,4.793689962e-07,-0.08498652021,-9.060074028e-05,0,0,0,0,0,0
3.95,1,1,5.249090509e-05,3.78701507e-05,-1.917475985e-06,6.663229047e-05,-0.009993405464,-5.225122059e-05,0,0,0,0,0,0,-0.01026253283,-0.004996794853,-0.004818654024,0.0002691273689,0.003467230726,0.03077349499,12.90469139,-0,0.2049766518,-0.03077349499,-0.144224174,0.04474354251,1.009993405,0.0006092111231,-4.923759198,-0.04474354251,-0.0006092111231,-5.113336125,-5.113336125,0.03880974237,-0.1022667225,-4.793689962e-07,-0,9.587379924e-07,-9.587379924e-07,-0.1022667225,-9.060074028e-05,-4.793689962e-07,-0,9.587379924e-07,-9.587379924e-07,-0.1022667225,-9.060074028e-05,0,0,0,0,0,0
3.96,1,1,5.297027408e-05,3.78701507e-05,-2.157160483e-06,6.735134397e-05,-0.01000011663,-5.225122059e-05,0,0,0,0,-0.001047197551,0,-0.01031274149,-0.005044912678,-0.004804889037,0.0003126248553,0.004026209492,0.03393241704,12.90361487,-0,0.2049003752,-0.03497961459,-0.1946095992,0.05195265666,1.011047588,0.0006724819339,-5.429186726,-0.05195265666,-0.0006724819339,-5.676421464,-5.676421464,0.03877122509,-0.1135284293,-1.438106989e-06,-0,1.438106989e-06,-2.396844981e-06,-0.1135284293,-9.060074028e-05,-1.438106989e-06,-0,1.438106989e-06,-2.396844981e-06,-0.1135284293,-9.060074028e-05,0,0,0,0,0,0
3.97,1,1,5.201153609e-05,3.85892042e-05,-1.917475985e-06,6.639260598e-05,-0.01000898496,-5.153216709e-05,0,0,0,0,0,0,-0.01036343063,-0.005092892194,-0.004790992321,0.000354445669,0.004563139692,0.03902321478,12.90219307,-0,0.2047995798,-0.03902321478,-0.2328886148,0.05887450932,1.010008985,0.0007710199726,-6.243714364,-0.05887450932,-0.0007710199726,-6.536248508,-6.536248508,0.03873281923,-0.1307249702,4.793689962e-07,-1.438106989e-06,9.587379924e-07,-4.793689962e-07,-0.1307249702,-9.203884727e-05,4.793689962e-07,-1.438106989e-06,9.587379924e-07,-4.793689962e-07,-0.1307249702,-9.203884727e-05,0,0,0,0,0,0
3.98,1,1,5.129248259e-05,3.85892042e-05,-2.157160483e-06,6.831008196e-05,-0.0100238454,-5.177185159e-05,0,0,0,0,-0.002094395102,0,-0.01041459886,-0.005140732087,-0.004776964258,0.0003907534685,0.005028531298,0.04044390734,12.89981253,-0,0.2046306759,-0.04253830244,-0.2542889646,0.06486711103,1.012119337,0.0008016391512,-6.471025174,-0.06486711103,-0.0008016391512,-6.790982889,-6.790982889,0.03869451453,-0.1358196578,1.917475985e-06,-1.438106989e-06,1.438106989e-06,-4.314320966e-06,-0.1358196578,-9.155947828e-05,1.917475985e-06,-1.438106989e-06,1.438106989e-06,-4.314320966e-06,-0.1358196578,-9.155947828e-05,0,0,0,0,0,0
3.99,1,1,5.153216709e-05,3.78701507e-05,-2.157160483e-06,6.854976646e-05,-0.01003870583,-5.153216709e-05,0,0,0,0,-0.001047197551,0,-0.0104662448,-0.005188431043,-0.004762805232,0.0004275389632,0.005499679032,0.0450501084,12.89743439,-0,0.2044617675,-0.04609730595,-0.2730006384,0.0709317495,1.011086178,0.0008902367914,-7.208017344,-0.0709317495,-0.0008902367914,-7.552839968,-7.552839968,0.0386563192,-0.1510567994,1.438106989e-06,-0,1.438106989e-06,-4.793689962e-06,-0.1510567994,-9.203884727e-05,1.438106989e-06,-0,1.438106989e-06,-4.793689962e-06,-0.1510567994,-9.203884727e-05,0,0,0,0,0,0
4,1,1,5.153216709e-05,3.81098352e-05,-1.677791487e-06,6.735134397e-05,-0.01006075681,-5.201153609e-05,0,0,0,0,-0.002094395102,0,-0.01051836701,-0.005235987756,-0.004748515631,0.0004576102025,0.005883836429,0.04691974674,12.89391,-0,0.2042111212,-0.04901414184,-0.2763089071,0.07586565735,1.012156249,0.0009282304592,-7.507159478,-0.07586565735,-0.0009282304592,-7.860262273,-7.860262273,0.03861821829,-0.1572052455,1.438106989e-06,-4.793689962e-07,4.793689962e-07,-2.396844981e-06,-0.1572052455,-9.108010928e-05,1.438106989e-06,-4.793689962e-07,4.793689962e-07,-2.396844981e-06,-0.1572052455,-9.108010928e-05,0,0,0,0,0,0
4.01,1,1,5.177185159e-05,3.76304662e-05,-1.677791487e-06,6.711165947e-05,-0.01009047769,-5.225122059e-05,0,0,0,0,-0.002094395102,0,-0.01057096407,-0.005283400922,-0.004734095848,0.0004804863883,0.006174872361,0.04914928337,12.88916811,-0,0.2038732781,-0.05124367847,-0.2664708314,0.07958896794,1.012185969,0.0009714379762,-7.863885339,-0.07958896794,-0.0009714379762,-8.210916577,-8.210916577,0.03858020419,-0.1642183315,9.587379924e-07,4.793689962e-07,4.793689962e-07,-1.917475985e-06,-0.1642183315,-9.060074028e-05,9.587379924e-07,4.793689962e-07,4.793689962e-07,-1.917475985e-06,-0.1642183315,-9.060074028e-05,0,0,0,0,0,0
4.02,1,1,5.249090509e-05,3.83495197e-05,-1.677791487e-06,6.759102847e-05,-0.01012499225,-5.249090509e-05,0,0,0,0,-0.002094395102,0,-0.01062403455,-0.00533066924,-0.004719546277,0.0004990422926,0.006409922692,0.05096619881,12.88367349,-0,0.203480922,-0.05306059392,-0.2508872861,0.08258335108,1.012220484,0.001006427245,-8.15459181,-0.08258335108,-0.001006427245,-8.489068874,-8.489068874,0.03854226307,-0.1697813775,-4.793689962e-07,-9.587379924e-07,4.793689962e-07,-2.876213977e-06,-0.1697813775,-9.012137129e-05,-4.793689962e-07,-9.587379924e-07,4.793689962e-07,-2.876213977e-06,-0.1697813775,-9.012137129e-05,0,0,0,0,0,0
4.03,1,1,5.225122059e-05,3.882888869e-05,-2.157160483e-06,6.807039746e-05,-0.01015806871,-5.201153609e-05,0,0,0,0,-0.003141592654,0,-0.01067757697,-0.005377791416,-0.004704867317,0.0005195082575,0.006669289984,0.05191748358,12.87841998,-0,0.2031048918,-0.05505907624,-0.2419226731,0.08588991741,1.013302129,0.001026395381,-8.306797373,-0.08588991741,-0.001026395381,-8.635636359,-8.635636359,0.03850441143,-0.1727127272,-0,-1.917475985e-06,1.438106989e-06,-3.83495197e-06,-0.1727127272,-9.108010928e-05,-0,-1.917475985e-06,1.438106989e-06,-3.83495197e-06,-0.1727127272,-9.108010928e-05,0,0,0,0,0,0
4.04,1,1,5.177185159e-05,3.78701507e-05,-1.917475985e-06,6.807039746e-05,-0.01018754991,-5.153216709e-05,0,0,0,0,-0.002094395102,0,-0.01073158988,-0.005424766157,-0.00469005937,0.0005440399755,0.006980692795,0.05535002609,12.87374754,-0,0.2027697162,-0.05744442119,-0.2412142105,0.08986767668,1.012283042,0.001090985477,-8.856004174,-0.08986767668,-0.001090985477,-9.188177046,-9.188177046,0.03846667666,-0.1837635409,9.587379924e-07,-0,9.587379924e-07,-3.83495197e-06,-0.1837635409,-9.203884727e-05,9.587379924e-07,-0,9.587379924e-07,-3.83495197e-06,-0.1837635409,-9.203884727e-05,0,0,0,0,0,0
4.05,1,1,5.225122059e-05,3.73907817e-05,-1.917475985e-06,6.783071296e-05,-0.0102278169,-5.225122059e-05,0,0,0,0,-0.004188790205,0,-0.0107860718,-0.005471592175,-0.004675122844,0.0005582548959,0.007158988514,0.05465728521,12.86738092,-0,0.2023118874,-0.05884607542,-0.2222900037,0.09211743218,1.014420994,0.00108082681,-8.745165634,-0.09211743218,-0.00108082681,-9.060653896,-9.060653896,0.03842899507,-0.1812130779,-0,9.587379924e-07,9.587379924e-07,-3.355582973e-06,-0.1812130779,-9.060074028e-05,-0,9.587379924e-07,9.587379924e-07,-3.355582973e-06,-0.1812130779,-9.060074028e-05,0,0,0,0,0,0
4.06,1,1,5.225122059e-05,3.73907817e-05,-2.396844981e-06,6.711165947e-05,-0.01028294434,-5.249090509e-05,0,0,0,0,-0.005235987756,0,-0.01084102123,-0.005518268186,-0.004660058146,0.0005580768887,0.007151957537,0.05364017291,12.85869323,-0,0.2016850459,-0.05887616067,-0.1820216104,0.09196482798,1.015525786,0.001061983691,-8.582427665,-0.09196482798,-0.001061983691,-8.857476088,-8.857476088,0.03839133114,-0.1771495218,-0,9.587379924e-07,1.917475985e-06,-1.917475985e-06,-0.1771495218,-9.012137129e-05,-0,9.587379924e-07,1.917475985e-06,-1.917475985e-06,-0.1771495218,-9.012137129e-05,0,0,0,0,0,0
4.07,1,1,5.225122059e-05,3.73907817e-05,-1.677791487e-06,6.759102847e-05,-0.01034142736,-5.177185159e-05,0,0,0,0,-0.005235987756,0,-0.01089643666,-0.005564792912,-0.004644865691,0.0005550093032,0.007107777447,0.05339478609,12.84951272,-0,0.2010199831,-0.05863077384,-0.1438811339,0.09133147669,1.015584269,0.001056210701,-8.543165774,-0.09133147669,-0.001056210701,-8.779434595,-8.779434595,0.03835369218,-0.1755886919,-0,9.587379924e-07,4.793689962e-07,-2.876213977e-06,-0.1755886919,-9.155947828e-05,-0,9.587379924e-07,4.793689962e-07,-2.876213977e-06,-0.1755886919,-9.155947828e-05,0,0,0,0,0,0
4.08,1,1,5.225122059e-05,3.85892042e-05,-1.677791487e-06,6.759102847e-05,-0.01040278659,-5.153216709e-05,0,0,0,0,-0.005235987756,0,-0.01095231658,-0.005611165076,-0.004629545894,0.0005495299893,0.00703266426,0.05291941532,12.83992045,-0,0.20032214,-0.05815540308,-0.1088813881,0.09029884964,1.015645628,0.001045907023,-8.467106452,-0.09029884964,-0.001045907023,-8.667332597,-8.667332597,0.03831607526,-0.1733466519,-0,-1.438106989e-06,4.793689962e-07,-2.876213977e-06,-0.1733466519,-9.203884727e-05,-0,-1.438106989e-06,4.793689962e-07,-2.876213977e-06,-0.1733466519,-9.203884727e-05,0,0,0,0,0,0
4.09,1,1,5.201153609e-05,3.78701507e-05,-1.917475985e-06,6.831008196e-05,-0.01046510456,-5.153216709e-05,0,0,0,0,-0.005235987756,0,-0.01100865945,-0.005657383407,-0.004614099176,0.000543554891,0.006951270207,0.05239659556,12.83021988,-0,0.1996133174,-0.05763258332,-0.07948580856,0.08918632521,1.015707946,0.001034684821,-8.38345529,-0.08918632521,-0.001034684821,-8.553162109,-8.553162109,0.03827847923,-0.1710632422,4.793689962e-07,-0,9.587379924e-07,-4.314320966e-06,-0.1710632422,-9.203884727e-05,4.793689962e-07,-0,9.587379924e-07,-4.314320966e-06,-0.1710632422,-9.203884727e-05,0,0,0,0,0,0
4.1,1,1,5.273058958e-05,3.691141271e-05,-1.677791487e-06,6.735134397e-05,-0.01052526537,-5.129248259e-05,0,0,0,0,-0.006283185307,0,-0.01106546373,-0.005703446638,-0.00459852596,0.0005401983619,0.006903538929,0.05107594339,12.82089478,-0,0.1989289588,-0.0573591287,-0.05959605485,0.08850954619,1.01681832,0.001009820196,-8.172150942,-0.08850954619,-0.001009820196,-8.321266364,-8.321266364,0.03824091368,-0.1664253273,-9.587379924e-07,1.917475985e-06,4.793689962e-07,-2.396844981e-06,-0.1664253273,-9.251821627e-05,-9.587379924e-07,1.917475985e-06,4.793689962e-07,-2.396844981e-06,-0.1664253273,-9.251821627e-05,0,0,0,0,0,0
4.11,1,1,5.129248259e-05,3.78701507e-05,-1.917475985e-06,6.639260598e-05,-0.01059237702,-5.201153609e-05,0,0,0,0,-0.006283185307,0,-0.01112272786,-0.005749353506,-0.004582826673,0.000530350834,0.006772693199,0.05018360994,12.81053817,-0,0.1981654477,-0.05646679525,-0.03260333896,0.08676184473,1.016885432,0.0009913341299,-8.029377591,-0.08676184473,-0.0009913341299,-8.149734109,-8.149734109,0.03820334693,-0.1629946822,1.917475985e-06,-0,9.587379924e-07,-4.793689962e-07,-0.1629946822,-9.108010928e-05,1.917475985e-06,-0,9.587379924e-07,-4.793689962e-07,-0.1629946822,-9.108010928e-05,0,0,0,0,0,0
4.12,1,1,5.153216709e-05,3.73907817e-05,-2.157160483e-06,6.759102847e-05,-0.01064486793,-5.129248259e-05,0,0,0,0,-0.003141592654,0,-0.01118045027,-0.005795102752,-0.004567001746,0.0005355823421,0.006835050145,0.05386999272,12.80247149,-0,0.1975682119,-0.05701158538,-0.03743326643,0.08750553464,1.013788928,0.001056646424,-8.619198836,-0.08750553464,-0.001056646424,-8.745194283,-8.745194283,0.03816586377,-0.1749038857,1.438106989e-06,9.587379924e-07,1.438106989e-06,-2.876213977e-06,-0.1749038857,-9.251821627e-05,1.438106989e-06,9.587379924e-07,1.438106989e-06,-2.876213977e-06,-0.1749038857,-9.251821627e-05,0,0,0,0,0,0
4.13,1,1,5.273058958e-05,3.78701507e-05,-1.917475985e-06,6.759102847e-05,-0.01067363007,-5.129248259e-05,0,0,0,0,-0.001047197551,0,-0.01123862938,-0.005840693123,-0.004551051612,0.0005649993146,0.007206782937,0.05881384508,12.79806391,-0,0.1972409368,-0.05986104264,-0.08337954016,0.09223286862,1.011721102,0.001147793229,-9.410215213,-0.09223286862,-0.001147793229,-9.586975416,-9.586975416,0.03812852816,-0.1917395083,-9.587379924e-07,-0,9.587379924e-07,-2.876213977e-06,-0.1917395083,-9.251821627e-05,-9.587379924e-07,-0,9.587379924e-07,-2.876213977e-06,-0.1917395083,-9.251821627e-05,0,0,0,0,0,0
4.14,1,1,5.320995858e-05,3.78701507e-05,-2.396844981e-06,6.711165947e-05,-0.01069280483,-5.08131136e-05,0,0,0,0,-0.001047197551,0,-0.0112972636,-0.005886123369,-0.004534976709,0.0006044587712,0.00770659119,0.06261873779,12.79513044,-0,0.1970227445,-0.06366593534,-0.1378630708,0.09860683953,1.011740277,0.001220902759,-10.01899805,-0.09860683953,-0.001220902759,-10.25668886,-10.25668886,0.0380913527,-0.2051337772,-1.917475985e-06,-0,1.917475985e-06,-1.917475985e-06,-0.2051337772,-9.347695426e-05,-1.917475985e-06,-0,1.917475985e-06,-1.917475985e-06,-0.2051337772,-9.347695426e-05,0,0,0,0,0,0
4.15,1,1,5.201153609e-05,3.73907817e-05,-2.396844981e-06,6.759102847e-05,-0.01070287158,-5.08131136e-05,0,0,0,0,0,0,-0.01135635131,-0.005931392243,-0.004518777477,0.0006534797353,0.008328227516,0.06837914911,12.79359194,-0,0.1969081907,-0.06837914911,-0.199168566,0.1065479444,1.010702872,0.001329191209,-10.94066386,-0.1065479444,-0.001329191209,-11.24770956,-11.24770956,0.03805438394,-0.2249541912,4.793689962e-07,9.587379924e-07,1.917475985e-06,-2.876213977e-06,-0.2249541912,-9.347695426e-05,4.793689962e-07,9.587379924e-07,1.917475985e-06,-2.876213977e-06,-0.2249541912,-9.347695426e-05,0,0,0,0,0,0
4.16,1,1,5.177185159e-05,3.73907817e-05,-1.917475985e-06,6.807039746e-05,-0.0107134177,-5.10527981e-05,0,0,0,0,-0.001047197551,0,-0.0114158909,-0.005976498505,-0.00450245436,0.0007024732072,0.008948971105,0.0720397753,12.79198134,-0,0.1967881798,-0.07308697285,-0.2486397843,0.1144750714,1.011760889,0.001401925503,-11.52636405,-0.1144750714,-0.001401925503,-11.89088083,-11.89088083,0.03801761719,-0.2378176166,9.587379924e-07,9.587379924e-07,9.587379924e-07,-3.83495197e-06,-0.2378176166,-9.299758527e-05,9.587379924e-07,9.587379924e-07,9.587379924e-07,-3.83495197e-06,-0.2378176166,-9.299758527e-05,0,0,0,0,0,0
4.17,1,1,5.225122059e-05,3.691141271e-05,-2.157160483e-06,6.759102847e-05,-0.01072324476,-5.153216709e-05,0,0,0,0,0,0,-0.01147588074,-0.006021440919,-0.004486007807,0.0007526359769,0.009584122318,0.07790320867,12.79048163,-0,0.1966763496,-0.07790320867,-0.2913493212,0.1225855404,1.010723245,0.001511467123,-12.46451339,-0.1225855404,-0.001511467123,-12.87995972,-12.87995972,0.03798106935,-0.2575991943,-0,1.917475985e-06,1.438106989e-06,-2.876213977e-06,-0.2575991943,-9.203884727e-05,-0,1.917475985e-06,1.438106989e-06,-2.876213977e-06,-0.2575991943,-9.203884727e-05,0,0,0,0,0,0
4.18,1,1,5.249090509e-05,3.81098352e-05,-1.917475985e-06,6.615292148e-05,-0.01074170047,-5.10527981e-05,0,0,0,0,-0.001047197551,0,-0.01153631917,-0.006066218251,-0.004469438267,0.0007946187045,0.0101141057,0.08089211979,12.78766788,-0,0.196466322,-0.08193931734,-0.3118028408,0.1293358245,1.011789172,0.001571263044,-12.94273917,-0.1293358245,-0.001571263044,-13.38544909,-13.38544909,0.03794469845,-0.2677089819,-4.793689962e-07,-4.793689962e-07,9.587379924e-07,-0,-0.2677089819,-9.299758527e-05,-4.793689962e-07,-4.793689962e-07,9.587379924e-07,-0,-0.2677089819,-9.299758527e-05,0,0,0,0,0,0
4.19,1,1,5.249090509e-05,3.73907817e-05,-1.917475985e-06,6.783071296e-05,-0.01076063554,-5.225122059e-05,0,0,0,0,-0.001047197551,0,-0.01159720455,-0.006110829276,-0.004452746195,0.0008365690059,0.01064314523,0.08492314561,12.78478482,-0,0.1962508322,-0.08597034316,-0.3284149823,0.1360703216,1.011808107,0.001648050869,-13.5877033,-0.1360703216,-0.001648050869,-14.05383665,-14.05383665,0.03790852697,-0.281076733,-4.793689962e-07,9.587379924e-07,9.587379924e-07,-3.355582973e-06,-0.281076733,-9.060074028e-05,-4.793689962e-07,9.587379924e-07,9.587379924e-07,-3.355582973e-06,-0.281076733,-9.060074028e-05,0,0,0,0,0,0
4.2,1,1,5.320995858e-05,3.73907817e-05,-1.677791487e-06,6.759102847e-05,-0.01078388494,-5.201153609e-05,0,0,0,0,-0.002094395102,0,-0.0116585352,-0.006155272768,-0.004435932049,0.0008746502599,0.01112219789,0.0875376908,12.78125009,-0,0.1959862342,-0.08963208591,-0.3350221042,0.1421555929,1.012879377,0.001700772188,-14.00603053,-0.1421555929,-0.001700772188,-14.484909,-14.484909,0.03787253888,-0.28969818,-1.917475985e-06,9.587379924e-07,4.793689962e-07,-2.876213977e-06,-0.28969818,-9.108010928e-05,-1.917475985e-06,9.587379924e-07,4.793689962e-07,-2.876213977e-06,-0.28969818,-9.108010928e-05,0,0,0,0,0,0
4.21,1,1,5.225122059e-05,3.81098352e-05,-1.917475985e-06,6.615292148e-05,-0.01081312645,-5.10527981e-05,0,0,0,0,-0.002094395102,0,-0.01172030944,-0.006199547511,-0.00441899629,0.0009071829937,0.01152984167,0.09067127366,12.77681254,-0,0.1956534259,-0.09276566876,-0.3310390959,0.1473146256,1.012908618,0.00176008937,-14.50740379,-0.1473146256,-0.00176008937,-14.9875176,-14.9875176,0.03783671778,-0.2997503519,-0,-4.793689962e-07,9.587379924e-07,-0,-0.2997503519,-9.299758527e-05,-0,-4.793689962e-07,9.587379924e-07,-0,-0.2997503519,-9.299758527e-05,0,0,0,0,0,0
4.22,1,1,5.201153609e-05,3.83495197e-05,-2.157160483e-06,6.711165947e-05,-0.01083805364,-4.985437561e-05,0,0,0,0,-0.002094395102,0,-0.01178252558,-0.00624365229,-0.004401939381,0.000944471947,0.01199776181,0.09425485095,12.7730369,-0,0.1953697076,-0.09634924605,-0.3359987756,0.1532478543,1.012933545,0.001828020117,-15.08077615,-0.1532478543,-0.001828020117,-15.5718508,-15.5718508,0.03780110837,-0.311437016,4.793689962e-07,-9.587379924e-07,1.438106989e-06,-1.917475985e-06,-0.311437016,-9.539443025e-05,4.793689962e-07,-9.587379924e-07,1.438106989e-06,-1.917475985e-06,-0.311437016,-9.539443025e-05,0,0,0,0,0,0
4.23,1,1,5.273058958e-05,3.78701507e-05,-1.917475985e-06,6.639260598e-05,-0.01087065073,-5.129248259e-05,0,0,0,0,-0.003141592654,0,-0.01184518192,-0.006287585897,-0.004384761792,0.0009745311893,0.0123728518,0.09610415852,12.76810949,-0,0.1949986733,-0.09924575117,-0.3272730682,0.1579779266,1.014014711,0.00186611508,-15.37666536,-0.1579779266,-0.00186611508,-15.86378247,-15.86378247,0.03776565534,-0.3172756495,-9.587379924e-07,-0,9.587379924e-07,-4.793689962e-07,-0.3172756495,-9.251821627e-05,-9.587379924e-07,-0,9.587379924e-07,-4.793689962e-07,-0.3172756495,-9.251821627e-05,0,0,0,0,0,0
4.24,1,1,5.273058958e-05,3.73907817e-05,-2.157160483e-06,6.615292148e-05,-0.01090540498,-5.05734291e-05,0,0,0,0,-0.003141592654,0,-0.01190827673,-0.006331347125,-0.004367463991,0.001002871746,0.01272554995,0.0988367411,12.76286845,-0,0.1946030629,-0.1019783338,-0.3173753335,0.16241452,1.014049465,0.001917512679,-15.81387858,-0.16241452,-0.001917512679,-16.29558594,-16.29558594,0.03773036453,-0.3259117188,-9.587379924e-07,9.587379924e-07,1.438106989e-06,-0,-0.3259117188,-9.395632326e-05,-9.587379924e-07,9.587379924e-07,1.438106989e-06,-0,-0.3259117188,-9.395632326e-05,0,0,0,0,0,0
4.25,1,1,5.273058958e-05,3.76304662e-05,-2.396844981e-06,6.639260598e-05,-0.01093512586,-5.153216709e-05,0,0,0,0,-0.003141592654,0,-0.01197180828,-0.006374934777,-0.004350046455,0.001036682423,0.01314759465,0.1020868084,12.75839664,-0,0.1942647296,-0.1052284011,-0.318635834,0.1677422274,1.014079186,0.001978840517,-16.33388935,-0.1677422274,-0.001978840517,-16.82224625,-16.82224625,0.0376952893,-0.336444925,-9.587379924e-07,4.793689962e-07,1.917475985e-06,-4.793689962e-07,-0.336444925,-9.203884727e-05,-9.587379924e-07,4.793689962e-07,1.917475985e-06,-4.793689962e-07,-0.336444925,-9.203884727e-05,0,0,0,0,0,0
4.26,1,1,5.177185159e-05,3.73907817e-05,-2.157160483e-06,6.639260598e-05,-0.01097323569,-5.10527981e-05,0,0,0,0,-0.004188790205,0,-0.01203577484,-0.006418347657,-0.00433250966,0.001062539146,0.01346770298,0.1035349749,12.75267633,-0,0.1938308742,-0.1077237651,-0.3056688038,0.171749257,1.015166412,0.002009353539,-16.56559599,-0.171749257,-0.002009353539,-17.0450234,-17.0450234,0.03766036647,-0.3409004681,9.587379924e-07,9.587379924e-07,1.438106989e-06,-4.793689962e-07,-0.3409004681,-9.299758527e-05,9.587379924e-07,9.587379924e-07,1.438106989e-06,-4.793689962e-07,-0.3409004681,-9.299758527e-05,0,0,0,0,0,0
4.27,1,1,5.153216709e-05,3.76304662e-05,-2.636529479e-06,6.639260598e-05,-0.01101518048,-5.08131136e-05,0,0,0,0,-0.004188790205,0,-0.01210017465,-0.006461584575,-0.004314854087,0.001084994167,0.01374403289,0.10570744,12.74639819,-0,0.1933533286,-0.1098962302,-0.2893991106,0.1751869159,1.015208357,0.002049788815,-16.9131904,-0.1751869159,-0.002049788815,-17.37982621,-17.37982621,0.03762556955,-0.3475965242,1.438106989e-06,4.793689962e-07,2.396844981e-06,-4.793689962e-07,-0.3475965242,-9.347695426e-05,1.438106989e-06,4.793689962e-07,2.396844981e-06,-4.793689962e-07,-0.3475965242,-9.347695426e-05,0,0,0,0,0,0
4.28,1,1,5.177185159e-05,3.691141271e-05,-1.677791487e-06,6.663229047e-05,-0.01106479517,-5.03337446e-05,0,0,0,0,-0.005235987756,0,-0.01216500594,-0.006504644344,-0.00429708022,0.001100210769,0.01392777022,0.1061467226,12.73899608,-0,0.1927884172,-0.1113827104,-0.263230417,0.1774258102,1.016307637,0.002060864652,-16.98347562,-0.1774258102,-0.002060864652,-17.42619271,-17.42619271,0.03759087442,-0.3485238542,9.587379924e-07,1.917475985e-06,4.793689962e-07,-9.587379924e-07,-0.3485238542,-9.443569225e-05,9.587379924e-07,1.917475985e-06,4.793689962e-07,-9.587379924e-07,-0.3485238542,-9.443569225e-05,0,0,0,0,0,0
4.29,1,1,5.225122059e-05,3.715109721e-05,-1.677791487e-06,6.615292148e-05,-0.01112399724,-5.08131136e-05,0,0,0,0,-0.005235987756,0,-0.01223026694,-0.006547525786,-0.004279188546,0.001106269698,0.0139946427,0.1067657746,12.73019764,-0,0.1921142832,-0.1120017624,-0.2263378386,0.1781545675,1.016366839,0.002071214285,-17.08252394,-0.1781545675,-0.002071214285,-17.48908756,-17.48908756,0.03755622843,-0.3497817512,-0,1.438106989e-06,4.793689962e-07,-0,-0.3497817512,-9.347695426e-05,-0,1.438106989e-06,4.793689962e-07,-0,-0.3497817512,-9.347695426e-05,0,0,0,0,0,0
4.3,1,1,5.201153609e-05,3.715109721e-05,-2.157160483e-06,6.687197497e-05,-0.01119398512,-5.03337446e-05,0,0,0,0,-0.007330382858,0,-0.01229595586,-0.006590227724,-0.004261179556,0.001101970742,0.01392962609,0.1043094113,12.71984394,-0,0.1913172461,-0.1116397942,-0.1779179238,0.17718267,1.018537802,0.002030340112,-16.68950581,-0.17718267,-0.002030340112,-17.04663674,-17.04663674,0.03752155488,-0.3409327348,4.793689962e-07,1.438106989e-06,1.438106989e-06,-1.438106989e-06,-0.3409327348,-9.443569225e-05,4.793689962e-07,1.438106989e-06,1.438106989e-06,-1.438106989e-06,-0.3409327348,-9.443569225e-05,0,0,0,0,0,0
4.31,1,1,5.177185159e-05,3.78701507e-05,-1.677791487e-06,6.615292148e-05,-0.01127260163,-5.05734291e-05,0,0,0,0,-0.006283185307,0,-0.01236207089,-0.006632748988,-0.004243053744,0.001089469261,0.01376043388,0.1042174876,12.70827523,-0,0.1904218344,-0.1105006729,-0.1251372484,0.174871381,1.017565657,0.002022806866,-16.67479801,-0.174871381,-0.002022806866,-16.97682945,-16.97682945,0.03748683369,-0.3395365889,9.587379924e-07,-0,4.793689962e-07,-0,-0.3395365889,-9.395632326e-05,9.587379924e-07,-0,4.793689962e-07,-0,-0.3395365889,-9.395632326e-05,0,0,0,0,0,0
4.32,1,1,5.225122059e-05,3.715109721e-05,-2.396844981e-06,6.687197497e-05,-0.01136344206,-5.05734291e-05,0,0,0,0,-0.01047197551,0,-0.01242861023,-0.006675088411,-0.004224811607,0.001065168175,0.01344168625,0.09777110904,12.69498853,-0,0.1893870532,-0.1082430846,-0.06007595161,0.1706420528,1.021862833,0.001911971841,-15.64337745,-0.1706420528,-0.001911971841,-15.87600742,-15.87600742,0.03745201609,-0.3175201484,-0,1.438106989e-06,1.917475985e-06,-1.438106989e-06,-0.3175201484,-9.395632326e-05,-0,1.438106989e-06,1.917475985e-06,-1.438106989e-06,-0.3175201484,-9.395632326e-05,0,0,0,0,0,0
4.33,1,1,5.153216709e-05,3.83495197e-05,-1.677791487e-06,6.615292148e-05,-0.0114617127,-5.129248259e-05,0,0,0,-0.001047197551,-0.009424777961,0,-0.01249557205,-0.006717244834,-0.004206453644,0.00103385935,0.01303461677,0.09589536512,12.68071236,-0,0.1882674601,-0.1053201431,0.004340757511,0.165288226,1.020908697,0.001870042944,-15.34325842,-0.165288226,-0.001870042944,-15.50607593,-15.50607593,0.03741704625,-0.3101215186,1.438106989e-06,-9.587379924e-07,4.793689962e-07,0.0001047197551,-0.3101215186,-9.251821627e-05,1.438106989e-06,-9.587379924e-07,4.793689962e-07,0.0001047197551,-0.3101215186,-9.251821627e-05,0,0,0,0,0,0
4.34,1,1,5.249090509e-05,3.76304662e-05,-1.438106989e-06,6.687197497e-05,-0.01155375155,-5.08131136e-05,0,0,0,0,-0.005235987756,0,-0.01256295451,-0.0067592171,-0.004187980359,0.001009202967,0.01271255159,0.09779052451,12.66743294,-0,0.1872187037,-0.1030265123,0.04479791737,0.1610353948,1.016796593,0.001889896938,-15.64648392,-0.1610353948,-0.001889896938,-15.7646113,-15.7646113,0.03738200719,-0.3152922259,-4.793689962e-07,4.793689962e-07,-0,-1.438106989e-06,-0.3152922259,-9.347695426e-05,-4.793689962e-07,4.793689962e-07,-0,-1.438106989e-06,-0.3152922259,-9.347695426e-05,0,0,0,0,0,0
4.35,1,1,5.273058958e-05,3.76304662e-05,-1.917475985e-06,6.687197497e-05,-0.01161822668,-5.08131136e-05,0,0,0,0,-0.005235987756,0,-0.01263075577,-0.006801004058,-0.004169392258,0.001012529097,0.01274519364,0.09814987617,12.65818298,-0,0.186483935,-0.1033858639,0.02963102233,0.1613309932,1.016861068,0.001895310406,-15.70398019,-0.1613309932,-0.001895310406,-15.83757547,-15.83757547,0.03734709363,-0.3167515094,-9.587379924e-07,4.793689962e-07,9.587379924e-07,-1.438106989e-06,-0.3167515094,-9.347695426e-05,-9.587379924e-07,4.793689962e-07,9.587379924e-07,-1.438106989e-06,-0.3167515094,-9.347695426e-05,0,0,0,0,0,0
4.36,1,1,5.249090509e-05,3.78701507e-05,-1.677791487e-06,6.567355248e-05,-0.01165465872,-5.10527981e-05,0,0,0,0,-0.002094395102,0,-0.01269897397,-0.006842604564,-0.004150689852,0.001044315253,0.01313780847,0.10434912,12.65297534,-0,0.1860687161,-0.1064435151,-0.03224122406,0.1662323666,1.01375015,0.002000849759,-16.69585919,-0.1662323666,-0.002000849759,-16.89633364,-16.89633364,0.0373124396,-0.3379266727,-4.793689962e-07,-0,4.793689962e-07,9.587379924e-07,-0.3379266727,-9.299758527e-05,-4.793689962e-07,-0,4.793689962e-07,9.587379924e-07,-0.3379266727,-9.299758527e-05,0,0,0,0,0,0
4.37,1,1,5.297027408e-05,3.76304662e-05,-1.917475985e-06,6.639260598e-05,-0.01167790812,-5.129248259e-05,0,0,0,0,-0.002094395102,0,-0.01276760724,-0.006884017476,-0.004131873652,0.001089699123,0.0137019303,0.1086942558,12.64965925,-0,0.1858037281,-0.1107886509,-0.1058932012,0.1733247494,1.0137734,0.002082341085,-17.39108093,-0.1733247494,-0.002082341085,-17.67238122,-17.67238122,0.03727808477,-0.3534476244,-1.438106989e-06,4.793689962e-07,9.587379924e-07,-4.793689962e-07,-0.3534476244,-9.251821627e-05,-1.438106989e-06,4.793689962e-07,9.587379924e-07,-4.793689962e-07,-0.3534476244,-9.251821627e-05,0,0,0,0,0,0
4.38,1,1,5.225122059e-05,3.73907817e-05,-2.157160483e-06,6.687197497e-05,-0.01169780193,-5.10527981e-05,0,0,0,0,-0.001047197551,0,-0.01283665369,-0.00692524166,-0.004112944175,0.001138851764,0.01431310823,0.1144414161,12.64682622,-0,0.185576978,-0.1154886136,-0.1725298055,0.1810153925,1.012745274,0.00218599885,-18.31062657,-0.1810153925,-0.00218599885,-18.66635777,-18.66635777,0.03724403585,-0.3733271553,-0,9.587379924e-07,1.438106989e-06,-1.438106989e-06,-0.3733271553,-9.299758527e-05,-0,9.587379924e-07,1.438106989e-06,-1.438106989e-06,-0.3733271553,-9.299758527e-05,0,0,0,0,0,0
4.39,1,1,5.225122059e-05,3.73907817e-05,-2.157160483e-06,6.783071296e-05,-0.01171745606,-5.153216709e-05,0,0,0,0,-0.002094395102,0,-0.01290611144,-0.006966275984,-0.004093901939,0.001188655382,0.01493188391,0.1181533611,12.64403135,-0,0.1853529528,-0.1202477562,-0.2278784138,0.1887992083,1.013812948,0.00225961328,-18.90453778,-0.1887992083,-0.00225961328,-19.32347501,-19.32347501,0.03721029574,-0.3864695003,-0,9.587379924e-07,1.438106989e-06,-3.355582973e-06,-0.3864695003,-9.203884727e-05,-0,9.587379924e-07,1.438106989e-06,-3.355582973e-06,-0.3864695003,-9.203884727e-05,0,0,0,0,0,0
4.4,1,1,5.273058958e-05,3.76304662e-05,-2.636529479e-06,6.663229047e-05,-0.01174645788,-5.05734291e-05,0,0,0,0,-0.003141592654,0,-0.01297597858,-0.007007119324,-0.004074747467,0.001229520693,0.01543703349,0.1210172461,12.63991453,-0,0.1850223661,-0.1241588388,-0.2577460481,0.1951227839,1.014890518,0.002317217084,-19.36275938,-0.1951227839,-0.002317217084,-19.81794543,-19.81794543,0.0371768026,-0.3963589086,-9.587379924e-07,4.793689962e-07,2.396844981e-06,-9.587379924e-07,-0.3963589086,-9.395632326e-05,-9.587379924e-07,4.793689962e-07,2.396844981e-06,-9.587379924e-07,-0.3963589086,-9.395632326e-05,0,0,0,0,0,0
4.41,1,1,5.249090509e-05,3.73907817e-05,-1.438106989e-06,6.615292148e-05,-0.01178384866,-5.10527981e-05,0,0,0,0,-0.004188790205,0,-0.01304625319,-0.007047770561,-0.004055481283,0.001262404522,0.01584075378,0.1231246931,12.63461973,-0,0.1845961326,-0.1273134833,-0.2678111336,0.2001419003,1.015977025,0.00236050412,-19.69995089,-0.2001419003,-0.00236050412,-20.17026443,-20.17026443,0.03714351206,-0.4034052886,-4.793689962e-07,9.587379924e-07,-0,-0,-0.4034052886,-9.299758527e-05,-4.793689962e-07,9.587379924e-07,-0,-0,-0.4034052886,-9.299758527e-05,0,0,0,0,0,0
4.42,1,1,5.320995858e-05,3.73907817e-05,-1.917475985e-06,6.663229047e-05,-0.01183969515,-5.05734291e-05,0.001047197551,0,0,0,-0.005235987756,0,-0.01311693334,-0.007088228579,-0.004036103917,0.001277238191,0.01601602849,0.1235244092,12.62673839,-0,0.1839594673,-0.128760397,-0.2448824069,0.2022302018,1.017082537,0.002371201192,-19.76390548,-0.2022302018,-0.002371201192,-20.21338929,-20.21338929,0.03711029494,-0.4042677857,-0.0001066372311,9.587379924e-07,9.587379924e-07,-9.587379924e-07,-0.4042677857,-9.395632326e-05,-0.0001066372311,9.587379924e-07,9.587379924e-07,-9.587379924e-07,-0.4042677857,-9.395632326e-05,0,0,0,0,0,0
4.43,1,1,5.273058958e-05,3.715109721e-05,-2.396844981e-06,6.663229047e-05,-0.0119084846,-5.03337446e-05,0,0,0,-0.001047197551,-0.00837758041,0,-0.01318801711,-0.00712849227,-0.004016615899,0.001279532507,0.01603281283,0.1206437692,12.61707472,-0,0.1831751712,-0.1290213497,-0.2043785928,0.2022871974,1.020303611,0.00232851278,-19.30300308,-0.2022871974,-0.00232851278,-19.71199738,-19.71199738,0.03707711058,-0.3942399476,-9.587379924e-07,1.438106989e-06,1.917475985e-06,0.0001037610171,-0.3942399476,-9.443569225e-05,-9.587379924e-07,1.438106989e-06,1.917475985e-06,0.0001037610171,-0.3942399476,-9.443569225e-05,0,0,0,0,0,0
4.44,1,1,5.153216709e-05,3.691141271e-05,-1.438106989e-06,6.591323698e-05,-0.01199716787,-5.08131136e-05,0,0,0,0,-0.009424777961,0,-0.01325950254,-0.00716856053,-0.003997017763,0.00126233467,0.01580383019,0.1180137864,12.60468824,-0,0.1821639321,-0.1274385644,-0.1374348113,0.1992023526,1.021444152,0.002280796579,-18.88220583,-0.1992023526,-0.002280796579,-19.22112379,-19.22112379,0.03704378698,-0.3844224758,1.438106989e-06,1.917475985e-06,-0,4.793689962e-07,-0.3844224758,-9.347695426e-05,1.438106989e-06,1.917475985e-06,-0,4.793689962e-07,-0.3844224758,-9.347695426e-05,0,0,0,0,0,0
4.45,1,1,5.177185159e-05,3.691141271e-05,-1.677791487e-06,6.687197497e-05,-0.01210790211,-4.985437561e-05,0,0,0,0,-0.01047197551,0.001047197551,-0.01333138767,-0.00720843226,-0.003977310047,0.00122348556,0.0153026229,0.1133342437,12.58933531,-0,0.180901052,-0.1238062192,-0.04518101585,0.1926498509,1.022607293,0.002193360482,-18.133479,-0.1926498509,-0.002193360482,-18.37350322,-18.37350322,0.03701021401,-0.3674700645,9.587379924e-07,1.917475985e-06,4.793689962e-07,-1.438106989e-06,-0.3674700645,-0.0002001141854,9.587379924e-07,1.917475985e-06,4.793689962e-07,-1.438106989e-06,-0.3674700645,-0.0002001141854,0,0,0,0,0,0
4.46,1,1,5.225122059e-05,3.73907817e-05,-1.677791487e-06,6.831008196e-05,-0.01222295067,-5.00940601e-05,0,0,0,0,-0.01047197551,0,-0.01340367052,-0.007248106368,-0.003957493291,0.001180719859,0.01475315078,0.1093287154,12.57351723,-0,0.1795887377,-0.1198006909,0.03575590092,0.1854989956,1.022722342,0.002114385951,-17.49259446,-0.1854989956,-0.002114385951,-17.64445194,-17.64445194,0.03697641205,-0.3528890388,-0,9.587379924e-07,4.793689962e-07,-4.314320966e-06,-0.3528890388,-9.491506125e-05,-0,9.587379924e-07,4.793689962e-07,-4.314320966e-06,-0.3528890388,-9.491506125e-05,0,0,0,0,0,0
4.47,1,1,5.225122059e-05,3.882888869e-05,-1.917475985e-06,6.687197497e-05,-0.01232170068,-5.08131136e-05,0,0,0,0,-0.00837758041,0,-0.01347634913,-0.007287581764,-0.003937568038,0.001154648452,0.01441444104,0.1089965041,12.56004781,-0,0.1784621479,-0.1173740846,0.07306615319,0.1810460686,1.020716827,0.002097779006,-17.43944066,-0.1810460686,-0.002097779006,-17.54951836,-17.54951836,0.03694254566,-0.3509903672,-0,-1.917475985e-06,9.587379924e-07,-1.438106989e-06,-0.3509903672,-9.347695426e-05,-0,-1.917475985e-06,9.587379924e-07,-1.438106989e-06,-0.3509903672,-9.347695426e-05,0,0,0,0,0,0
4.48,1,1,5.249090509e-05,3.81098352e-05,-2.157160483e-06,6.807039746e-05,-0.01238977108,-5.08131136e-05,0,0,0,0,-0.004188790205,0,-0.01354942149,-0.007326857369,-0.003917534835,0.001159650417,0.01446627343,0.1137015907,12.55082087,-0,0.1776854669,-0.1178903809,0.04906883324,0.1815636065,1.016582948,0.002168662725,-18.19225452,-0.1815636065,-0.002168662725,-18.32691795,-18.32691795,0.03690883415,-0.3665383591,-4.793689962e-07,-4.793689962e-07,1.438106989e-06,-3.83495197e-06,-0.3665383591,-9.347695426e-05,-4.793689962e-07,-4.793689962e-07,1.438106989e-06,-3.83495197e-06,-0.3665383591,-9.347695426e-05,0,0,0,0,0,0
4.49,1,1,5.201153609e-05,3.83495197e-05,-2.396844981e-06,6.711165947e-05,-0.01243147618,-5.03337446e-05,0,0,0,0,-0.003141592654,0,-0.01362288561,-0.007365932103,-0.003897394231,0.00119140943,0.01485363762,0.1177992425,12.545191,-0,0.1772095729,-0.1209408351,-0.01589057081,0.186341721,1.015575536,0.002240335758,-18.8478788,-0.186341721,-0.002240335758,-19.05235143,-19.05235143,0.03687541609,-0.3810470285,4.793689962e-07,-9.587379924e-07,1.917475985e-06,-1.917475985e-06,-0.3810470285,-9.443569225e-05,4.793689962e-07,-9.587379924e-07,1.917475985e-06,-1.917475985e-06,-0.3810470285,-9.443569225e-05,0,0,0,0,0,0
4.5,1,1,5.201153609e-05,3.78701507e-05,-2.157160483e-06,6.591323698e-05,-0.01245880021,-4.985437561e-05,0,0,0,0,-0.001047197551,0,-0.01369673946,-0.007404804897,-0.003877146778,0.001237939251,0.01542574547,0.1243414253,12.54151204,-0,0.1768977639,-0.1253886229,-0.09496647632,0.1934621725,1.013506272,0.002353014767,-19.89462805,-0.1934621725,-0.002353014767,-20.18540972,-20.18540972,0.0368423373,-0.4037081943,4.793689962e-07,-0,1.438106989e-06,4.793689962e-07,-0.4037081943,-9.539443025e-05,4.793689962e-07,-0,1.438106989e-06,4.793689962e-07,-0.4037081943,-9.539443025e-05,0,0,0,0,0,0
4.51,1,1,5.201153609e-05,3.715109721e-05,-2.157160483e-06,6.759102847e-05,-0.01247270191,-5.00940601e-05,0,0,0,0,0,0,-0.01377098103,-0.007443474684,-0.00385679303,0.001298279118,0.01617038399,0.1311408723,12.53964319,-0,0.1767391192,-0.1311408723,-0.1831567168,0.2027708455,1.012472702,0.00247443056,-20.98253957,-0.2027708455,-0.00247443056,-21.37094156,-21.37094156,0.03680970368,-0.4274188312,4.793689962e-07,1.438106989e-06,1.438106989e-06,-2.876213977e-06,-0.4274188312,-9.491506125e-05,4.793689962e-07,1.438106989e-06,1.438106989e-06,-2.876213977e-06,-0.4274188312,-9.491506125e-05,0,0,0,0,0,0
4.52,1,1,5.05734291e-05,3.691141271e-05,-1.917475985e-06,6.687197497e-05,-0.01248516551,-5.03337446e-05,0,0,0,0,-0.001047197551,0,-0.01384560828,-0.007481940405,-0.003836333547,0.00136044277,0.01693717869,0.1360149015,12.53796934,-0,0.1765968832,-0.137062099,-0.2580095141,0.2123578271,1.013532637,0.002569518666,-21.76238424,-0.2123578271,-0.002569518666,-22.2353211,-22.2353211,0.03677748133,-0.4447064219,3.355582973e-06,1.917475985e-06,9.587379924e-07,-1.438106989e-06,-0.4447064219,-9.443569225e-05,3.355582973e-06,1.917475985e-06,9.587379924e-07,-1.438106989e-06,-0.4447064219,-9.443569225e-05,0,0,0,0,0,0
4.53,1,1,5.249090509e-05,3.691141271e-05,-1.917475985e-06,6.759102847e-05,-0.01250505932,-5.03337446e-05,0,0,0,0,-0.002094395102,0,-0.01392061915,-0.007520201005,-0.003815768889,0.001415559835,0.01761491824,0.1402195869,12.53530087,-0,0.1763698471,-0.142313982,-0.3065335804,0.2208083,1.014600551,0.002652236919,-22.4351339,-0.2208083,-0.002652236919,-22.96512802,-22.96512802,0.0367456547,-0.4593025604,-4.793689962e-07,1.917475985e-06,9.587379924e-07,-2.876213977e-06,-0.4593025604,-9.443569225e-05,-4.793689962e-07,1.917475985e-06,9.587379924e-07,-2.876213977e-06,-0.4593025604,-9.443569225e-05,0,0,0,0,0,0
4.54,1,1,5.249090509e-05,3.73907817e-05,-1.917475985e-06,6.687197497e-05,-0.0125362183,-4.937500661e-05,-0.001047197551,0,0,0,-0.003141592654,0,-0.01399601161,-0.007558255434,-0.003795099619,0.001459793304,0.0181555731,0.1433937606,12.5311294,-0,0.1760142344,-0.1465353533,-0.3273236124,0.2275098358,1.015680278,0.002715717444,-22.9430017,-0.2275098358,-0.002715717444,-23.50055087,-23.50055087,0.03671412013,-0.4700110174,0.0001042403861,9.587379924e-07,9.587379924e-07,-1.438106989e-06,-0.4700110174,-9.635316824e-05,0.0001042403861,9.587379924e-07,9.587379924e-07,-1.438106989e-06,-0.4700110174,-9.635316824e-05,0,0,0,0,0,0
4.55,1,1,5.225122059e-05,3.595267472e-05,-1.198422491e-06,6.639260598e-05,-0.01258799016,-5.05734291e-05,0,0,0,0,-0.006283185307,0,-0.01407178357,-0.00759610265,-0.003774326305,0.001483793416,0.01844217381,0.1425616924,12.52422004,-0,0.1754233332,-0.1488448777,-0.3088760847,0.2309738428,1.018881045,0.002714678841,-22.80987079,-0.2309738428,-0.002714678841,-23.35243539,-23.35243539,0.03668271391,-0.4670487078,-0,3.83495197e-06,-4.793689962e-07,-4.793689962e-07,-0.4670487078,-9.395632326e-05,-0,3.83495197e-06,-4.793689962e-07,-4.793689962e-07,-0.4670487078,-9.395632326e-05,0,0,0,0,0,0
4.56,1,1,5.249090509e-05,3.73907817e-05,-2.157160483e-06,6.687197497e-05,-0.01266708604,-5.10527981e-05,0,0,0,0,-0.009424777961,0,-0.01414793297,-0.007633741615,-0.003753449516,0.001480846927,0.01839112963,0.1391850678,12.51371635,-0,0.1745204781,-0.1486098457,-0.246962311,0.2301413796,1.022114071,0.002664942291,-22.26961085,-0.2301413796,-0.002664942291,-22.74937948,-22.74937948,0.03665126674,-0.4549875896,-4.793689962e-07,9.587379924e-07,1.438106989e-06,-1.438106989e-06,-0.4549875896,-9.299758527e-05,-4.793689962e-07,9.587379924e-07,1.438106989e-06,-1.438106989e-06,-0.4549875896,-9.299758527e-05,0,0,0,0,0,0
4.57,1,1,5.249090509e-05,3.78701507e-05,-1.677791487e-06,6.711165947e-05,-0.01278069649,-5.10527981e-05,0,0,0,0,-0.01256637061,0,-0.01422445771,-0.007671171298,-0.003732469825,0.001443761215,0.01791338806,0.1325835302,12.49873952,-0,0.1732234619,-0.1451499008,-0.1379203192,0.2238947712,1.025386546,0.002552612324,-21.21336482,-0.2238947712,-0.002552612324,-21.57773253,-21.57773253,0.03661947368,-0.4315546505,-4.793689962e-07,-0,4.793689962e-07,-1.917475985e-06,-0.4315546505,-9.299758527e-05,-4.793689962e-07,-0,4.793689962e-07,-1.917475985e-06,-0.4315546505,-9.299758527e-05,0,0,0,0,0,0
4.58,1,1,5.201153609e-05,3.667172821e-05,-1.198422491e-06,6.663229047e-05,-0.01292618498,-5.08131136e-05,0,0,0,0,-0.01570796327,0,-0.01430135569,-0.007708390671,-0.003711387805,0.00137517071,0.01704335424,0.1230013043,12.47974961,-0,0.1715621935,-0.1387092676,0.006004395304,0.2126967935,1.028695833,0.002381338055,-19.68020869,-0.2126967935,-0.002381338055,-19.88928242,-19.88928242,0.03658715913,-0.3977856484,4.793689962e-07,2.396844981e-06,-4.793689962e-07,-9.587379924e-07,-0.3977856484,-9.347695426e-05,4.793689962e-07,2.396844981e-06,-4.793689962e-07,-9.587379924e-07,-0.3977856484,-9.347695426e-05,0,0,0,0,0,0
4.59,1,1,5.177185159e-05,3.691141271e-05,-1.198422491e-06,6.687197497e-05,-0.01307550843,-5.10527981e-05,0,0,0,0,-0.01151917306,0,-0.01437862482,-0.007745398715,-0.003690204036,0.001303116391,0.01613215948,0.1204154339,12.46047937,-0,0.1698567635,-0.1319346069,0.1282293121,0.2010144405,1.024627854,0.002310805139,-19.26646942,-0.2010144405,-0.002310805139,-19.34156535,-19.34156535,0.03655442355,-0.386831307,9.587379924e-07,1.917475985e-06,-4.793689962e-07,-1.438106989e-06,-0.386831307,-9.299758527e-05,9.587379924e-07,1.917475985e-06,-4.793689962e-07,-1.438106989e-06,-0.386831307,-9.299758527e-05,0,0,0,0,0,0
4.6,1,1,5.201153609e-05,3.78701507e-05,-2.396844981e-06,6.711165947e-05,-0.01319678878,-5.05734291e-05,0,0,0,0,-0.01151917306,0,-0.01445626296,-0.007782194414,-0.003668919099,0.001259474178,0.01557661806,0.1163249893,12.44499165,-0,0.16847134,-0.1278441623,0.1791983029,0.1938508817,1.024749135,0.002230830308,-18.61199828,-0.1938508817,-0.002230830308,-18.62888169,-18.62888169,0.03652154847,-0.3725776338,4.793689962e-07,-0,1.917475985e-06,-1.917475985e-06,-0.3725776338,-9.395632326e-05,4.793689962e-07,-0,1.917475985e-06,-1.917475985e-06,-0.3725776338,-9.395632326e-05,0,0,0,0,0,0
4.61,1,1,5.177185159e-05,3.691141271e-05,-2.157160483e-06,6.639260598e-05,-0.01328091804,-5.08131136e-05,0,0,0,0,-0.005235987756,0,-0.01453426799,-0.007818776761,-0.003647533576,0.001253349953,0.01548862309,0.1220689342,12.43433402,-0,0.1675101615,-0.127304922,0.1549671948,0.1925907131,1.01852376,0.002310550635,-19.53102948,-0.1925907131,-0.002310550635,-19.57096355,-19.57096355,0.03648876565,-0.3914192709,9.587379924e-07,1.917475985e-06,1.438106989e-06,-4.793689962e-07,-0.3914192709,-9.347695426e-05,9.587379924e-07,1.917475985e-06,1.438106989e-06,-4.793689962e-07,-0.3914192709,-9.347695426e-05,0,0,0,0,0,0
4.62,1,1,5.225122059e-05,3.691141271e-05,-2.157160483e-06,6.639260598e-05,-0.01334227727,-5.153216709e-05,0,0,0,0,-0.005235987756,0,-0.01461263778,-0.007855144753,-0.003626048054,0.001270360508,0.0156882267,0.1237204412,12.42660518,-0,0.1668090572,-0.1289564289,0.09582284809,0.1949513992,1.018585119,0.002340001456,-19.79527059,-0.1949513992,-0.002340001456,-19.89673914,-19.89673914,0.03645619238,-0.3979347828,-0,1.917475985e-06,1.438106989e-06,-4.793689962e-07,-0.3979347828,-9.203884727e-05,-0,1.917475985e-06,1.438106989e-06,-4.793689962e-07,-0.3979347828,-9.203884727e-05,0,0,0,0,0,0
4.63,1,1,5.225122059e-05,3.619235921e-05,-2.157160483e-06,6.687197497e-05,-0.01339213165,-5.05734291e-05,0,0,0,0,-0.004188790205,0,-0.01469137017,-0.007891297391,-0.003604463122,0.001299238523,0.01603494133,0.1275424781,12.42035291,-0,0.1662393644,-0.1317312683,0.02737292853,0.1991596303,1.017585308,0.002405420175,-20.40679649,-0.1991596303,-0.002405420175,-20.58098861,-20.58098861,0.03642386496,-0.4116197723,-0,3.355582973e-06,1.438106989e-06,-1.438106989e-06,-0.4116197723,-9.395632326e-05,-0,3.355582973e-06,1.438106989e-06,-1.438106989e-06,-0.4116197723,-9.395632326e-05,0,0,0,0,0,0
4.64,1,1,5.297027408e-05,3.595267472e-05,-2.157160483e-06,6.663229047e-05,-0.01343479549,-4.937500661e-05,0,0,0,0,-0.004188790205,0,-0.01477046301,-0.007927233686,-0.003582779372,0.001335667519,0.01647495486,0.1310313178,12.41502191,-0,0.1657518065,-0.135220108,-0.04141118815,0.2045369256,1.017627972,0.002469250145,-20.96501085,-0.2045369256,-0.002469250145,-21.21342822,-21.21342822,0.03639181996,-0.4242685643,-1.438106989e-06,3.83495197e-06,1.438106989e-06,-9.587379924e-07,-0.4242685643,-9.635316824e-05,-1.438106989e-06,3.83495197e-06,1.438106989e-06,-9.587379924e-07,-0.4242685643,-9.635316824e-05,0,0,0,0,0,0
4.65,1,1,5.225122059e-05,3.715109721e-05,-2.157160483e-06,6.735134397e-05,-0.01348393081,-4.889563761e-05,0,0,0,0,-0.005235987756,0.001047197551,-0.01484991412,-0.007962952651,-0.003560997398,0.00136598331,0.01683857777,0.1328935082,12.40890453,-0,0.1651902562,-0.1381294959,-0.08650028384,0.208948304,1.018726772,0.002507557963,-21.26296131,-0.208948304,-0.002507557963,-21.56091745,-21.56091745,0.03635999478,-0.431218349,-0,1.438106989e-06,1.438106989e-06,-2.396844981e-06,-0.431218349,-0.0002020316614,-0,1.438106989e-06,1.438106989e-06,-2.396844981e-06,-0.431218349,-0.0002020316614,0,0,0,0,0,0
4.66,1,1,5.177185159e-05,3.81098352e-05,-1.917475985e-06,6.687197497e-05,-0.01355415837,-5.03337446e-05,0,0,0,0,-0.007330382858,0,-0.01492972133,-0.007998453308,-0.003539117797,0.001375562964,0.01694458272,0.1317460875,12.40020244,-0,0.164387582,-0.1390764704,-0.08756532126,0.210116256,1.020897975,0.002494331088,-21.07937401,-0.210116256,-0.002494331088,-21.37954991,-21.37954991,0.03632818151,-0.4275909983,9.587379924e-07,-4.793689962e-07,9.587379924e-07,-1.438106989e-06,-0.4275909983,-9.443569225e-05,9.587379924e-07,-4.793689962e-07,9.587379924e-07,-1.438106989e-06,-0.4275909983,-9.443569225e-05,0,0,0,0,0,0
4.67,1,1,5.273058958e-05,3.81098352e-05,-1.917475985e-06,6.711165947e-05,-0.01364667658,-5.00940601e-05,0,0,0,0.001047197551,-0.01047197551,0,-0.01500988245,-0.008033734684,-0.00351714117,0.001363205871,0.01677863798,0.1274756101,12.38881229,-0,0.1633300121,-0.1379475856,-0.04983655658,0.2078673964,1.024146068,0.002426729083,-20.39609762,-0.2078673964,-0.002426729083,-20.6562283,-20.6562283,0.03629627482,-0.4131245661,-9.587379924e-07,-4.793689962e-07,9.587379924e-07,-0.0001066372311,-0.4131245661,-9.491506125e-05,-9.587379924e-07,-4.793689962e-07,9.587379924e-07,-0.0001066372311,-0.4131245661,-9.491506125e-05,0,0,0,0,0,0
4.68,1,1,5.320995858e-05,3.83495197e-05,-1.677791487e-06,6.639260598e-05,-0.01375812988,-5.05734291e-05,0,0,0,0,-0.01151917306,0,-0.01509039529,-0.00806879581,-0.003495068119,0.001332265415,0.01638299081,0.123539832,12.37520249,-0,0.1620558134,-0.1350590051,0.01203034815,0.2027428286,1.025310476,0.002355069263,-19.76637312,-0.2027428286,-0.002355069263,-19.95944067,-19.95944067,0.03626412945,-0.3991888134,-1.917475985e-06,-9.587379924e-07,4.793689962e-07,-4.793689962e-07,-0.3991888134,-9.395632326e-05,-1.917475985e-06,-9.587379924e-07,4.793689962e-07,-4.793689962e-07,-0.3991888134,-9.395632326e-05,0,0,0,0,0,0
4.69,1,1,5.201153609e-05,3.715109721e-05,-1.677791487e-06,6.759102847e-05,-0.01386502916,-4.985437561e-05,0,0,0,0,-0.01047197551,0,-0.01517125763,-0.008103635727,-0.003472899249,0.001306228472,0.01604871384,0.1221612443,12.36226295,-0,0.160833492,-0.1326332198,0.05415756613,0.1983984205,1.02436442,0.002322427275,-19.54579909,-0.1983984205,-0.002322427275,-19.69236237,-19.69236237,0.03623188767,-0.3938472474,4.793689962e-07,1.438106989e-06,4.793689962e-07,-2.876213977e-06,-0.3938472474,-9.539443025e-05,4.793689962e-07,1.438106989e-06,4.793689962e-07,-2.876213977e-06,-0.3938472474,-9.539443025e-05,0,0,0,0,0,0
4.7,1,1,5.03337446e-05,3.76304662e-05,-1.438106989e-06,6.735134397e-05,-0.01396689507,-4.985437561e-05,0,0,0,0,-0.00837758041,0,-0.01525246727,-0.008138253478,-0.003450635167,0.001285572192,0.0157815073,0.1223383567,12.3500364,-0,0.1596685551,-0.1307159371,0.07897407396,0.1949021896,1.022362021,0.002314643752,-19.57413707,-0.1949021896,-0.002314643752,-19.69237983,-19.69237983,0.0361995653,-0.3938475967,3.83495197e-06,4.793689962e-07,-0,-2.396844981e-06,-0.3938475967,-9.539443025e-05,3.83495197e-06,4.793689962e-07,-0,-2.396844981e-06,-0.3938475967,-9.539443025e-05,0,0,0,0,0,0
4.71,1,1,5.177185159e-05,3.81098352e-05,-2.157160483e-06,6.711165947e-05,-0.01406300856,-5.00940601e-05,0,0,0,0.001047197551,-0.009424777961,0,-0.01533402196,-0.008172648115,-0.003428276485,0.001271013402,0.0155900171,0.1199507589,12.33859286,-0,0.1585692528,-0.1293755368,0.08892259127,0.1923588736,1.023509993,0.002272536421,-19.19212142,-0.1923588736,-0.002272536421,-19.29783024,-19.29783024,0.03616718992,-0.3859566047,9.587379924e-07,-4.793689962e-07,1.438106989e-06,-0.0001066372311,-0.3859566047,-9.491506125e-05,9.587379924e-07,-4.793689962e-07,1.438106989e-06,-0.0001066372311,-0.3859566047,-9.491506125e-05,0,0,0,0,0,0
4.72,1,1,5.273058958e-05,3.78701507e-05,-2.157160483e-06,6.687197497e-05,-0.01415768393,-4.985437561e-05,0,0,0,0,-0.00837758041,0,-0.01541591948,-0.008206818694,-0.003405823814,0.001258235547,0.01542082042,0.1198257376,12.32740818,-0,0.1574862576,-0.128203318,0.09380386512,0.1900987478,1.02255281,0.002263893472,-19.17211802,-0.1900987478,-0.002263893472,-19.27067679,-19.27067679,0.03613478357,-0.3854135359,-9.587379924e-07,-0,1.438106989e-06,-1.438106989e-06,-0.3854135359,-9.539443025e-05,-9.587379924e-07,-0,1.438106989e-06,-1.438106989e-06,-0.3854135359,-9.539443025e-05,0,0,0,0,0,0
4.73,1,1,5.273058958e-05,3.78701507e-05,-2.396844981e-06,6.711165947e-05,-0.01425619426,-4.937500661e-05,0,0,0,0,-0.00837758041,0,-0.01549815758,-0.00824076428,-0.003383277772,0.001241963321,0.01520888578,0.1183217251,12.31586257,-0,0.1563592461,-0.1266993055,0.1040562257,0.187310547,1.022651321,0.002233900262,-18.93147601,-0.187310547,-0.002233900262,-19.01696423,-19.01696423,0.03610231792,-0.3803392847,-9.587379924e-07,-0,1.917475985e-06,-1.917475985e-06,-0.3803392847,-9.635316824e-05,-9.587379924e-07,-0,1.917475985e-06,-1.917475985e-06,-0.3803392847,-9.635316824e-05,0,0,0,0,0,0
4.74,1,1,5.225122059e-05,3.83495197e-05,-2.396844981e-06,6.687197497e-05,-0.01435422522,-5.00940601e-05,0,0,0,0,-0.00837758041,0,-0.01558073401,-0.00827448394,-0.003360638975,0.001226508791,0.01500739,0.1168945641,12.30446616,-0,0.1552375702,-0.1252721445,0.1109106438,0.1846579224,1.022749352,0.002205390668,-18.70313026,-0.1846579224,-0.002205390668,-18.77908293,-18.77908293,0.03606979362,-0.3755816585,-0,-9.587379924e-07,1.917475985e-06,-1.438106989e-06,-0.3755816585,-9.491506125e-05,-0,-9.587379924e-07,1.917475985e-06,-1.438106989e-06,-0.3755816585,-9.491506125e-05,0,0,0,0,0,0
4.75,1,1,5.297027408e-05,3.81098352e-05,-2.396844981e-06,6.639260598e-05,-0.01443020521,-4.985437561e-05,0,0,0,0,-0.006283185307,0,-0.01566364651,-0.008307976752,-0.003337908044,0.001233441298,0.01508148776,0.1196841658,12.29569693,-0,0.1543681013,-0.1259673511,0.07738384314,0.1854374028,1.02072326,0.002247061989,-19.14946652,-0.1854374028,-0.002247061989,-19.25976714,-19.25976714,0.03603739531,-0.3851953429,-1.438106989e-06,-4.793689962e-07,1.917475985e-06,-4.793689962e-07,-0.3851953429,-9.539443025e-05,-1.438106989e-06,-4.793689962e-07,1.917475985e-06,-4.793689962e-07,-0.3851953429,-9.539443025e-05,0,0,0,0,0,0
4.76,1,1,5.201153609e-05,3.73907817e-05,-2.396844981e-06,6.591323698e-05,-0.01449348192,-4.913532211e-05,0,0,0,0,-0.004188790205,0,-0.01574689279,-0.008341241796,-0.003315085603,0.001253410873,0.01531568966,0.1237097281,12.28843621,-0,0.1536439338,-0.1278985183,0.02722121847,0.1882058755,1.018686659,0.002311313679,-19.79355649,-0.1882058755,-0.002311313679,-19.95685246,-19.95685246,0.03600519387,-0.3991370493,4.793689962e-07,9.587379924e-07,1.917475985e-06,4.793689962e-07,-0.3991370493,-9.683253724e-05,4.793689962e-07,9.587379924e-07,1.917475985e-06,4.793689962e-07,-0.3991370493,-9.683253724e-05,0,0,0,0,0,0
4.77,1,1,5.153216709e-05,3.78701507e-05,-2.396844981e-06,6.663229047e-05,-0.01453159175,-4.913532211e-05,0,0,0,0,-0.003141592654,0,-0.01583047058,-0.008374278161,-0.003292172277,0.001298878829,0.01586278045,0.1291046315,12.28408183,-0,0.1532077581,-0.1322462241,-0.05784151761,0.1948596931,1.017675652,0.002405194085,-20.65674104,-0.1948596931,-0.002405194085,-20.91184744,-20.91184744,0.03597338543,-0.4182369489,1.438106989e-06,-0,1.917475985e-06,-9.587379924e-07,-0.4182369489,-9.683253724e-05,1.438106989e-06,-0,1.917475985e-06,-9.587379924e-07,-0.4182369489,-9.683253724e-05,0,0,0,0,0,0
4.78,1,1,5.249090509e-05,3.81098352e-05,-2.396844981e-06,6.639260598e-05,-0.01456203168,-5.03337446e-05,0,0,0,0,-0.003141592654,-0.001047197551,-0.01591437759,-0.008407084941,-0.003269168694,0.001352345904,0.01650750867,0.1342085619,12.2806138,-0,0.1528593504,-0.1373501545,-0.1408106498,0.2027223388,1.017706092,0.002498242569,-21.4733699,-0.2027223388,-0.002498242569,-21.81940113,-21.81940113,0.03594196632,-0.4363880226,-4.793689962e-07,-4.793689962e-07,1.917475985e-06,-4.793689962e-07,-0.4363880226,1.028406287e-05,-4.793689962e-07,-4.793689962e-07,1.917475985e-06,-4.793689962e-07,-0.4363880226,1.028406287e-05,0,0,0,0,0,0
4.79,1,1,5.344964308e-05,3.81098352e-05,-2.157160483e-06,6.615292148e-05,-0.01459151288,-5.03337446e-05,0,0,0,0,-0.003141592654,0,-0.01599861151,-0.008439661236,-0.003246075486,0.001407098635,0.0171673661,0.1394320596,12.27726347,-0,0.1525219028,-0.1425736523,-0.2103802376,0.2107682767,1.017735573,0.002593384093,-22.30912954,-0.2107682767,-0.002593384093,-22.73287144,-22.73287144,0.03591095404,-0.4546574288,-2.396844981e-06,-4.793689962e-07,1.438106989e-06,-0,-0.4546574288,-9.443569225e-05,-2.396844981e-06,-4.793689962e-07,1.438106989e-06,-0,-0.4546574288,-9.443569225e-05,0,0,0,0,0,0
4.8,1,1,5.320995858e-05,3.78701507e-05,-2.157160483e-06,6.663229047e-05,-0.01462722587,-5.05734291e-05,0,0,0,0,-0.002094395102,0,-0.01608317004,-0.008472006154,-0.003222893285,0.001455944174,0.01775405818,0.1451414577,12.27321608,-0,0.1521131073,-0.1472358528,-0.2572468336,0.2178993923,1.016722718,0.002691902561,-23.22263323,-0.2178993923,-0.002691902561,-23.70047136,-23.70047136,0.03588029077,-0.4740094272,-1.917475985e-06,-0,1.438106989e-06,-9.587379924e-07,-0.4740094272,-9.395632326e-05,-1.917475985e-06,-0,1.438106989e-06,-9.587379924e-07,-0.4740094272,-9.395632326e-05,0,0,0,0,0,0
4.81,1,1,5.249090509e-05,3.76304662e-05,-2.396844981e-06,6.663229047e-05,-0.01466653412,-5.00940601e-05,0,0,0,0,-0.004188790205,0,-0.01616805086,-0.008504118807,-0.003199622727,0.001501516735,0.01829997602,0.1473979112,12.26877534,-0,0.1516631357,-0.1515867014,-0.2896096446,0.2245182944,1.018859711,0.00274293455,-23.58366579,-0.2245182944,-0.00274293455,-24.10053666,-24.10053666,0.03584996468,-0.4820107333,-4.793689962e-07,4.793689962e-07,1.917475985e-06,-9.587379924e-07,-0.4820107333,-9.491506125e-05,-4.793689962e-07,4.793689962e-07,1.917475985e-06,-9.587379924e-07,-0.4820107333,-9.491506125e-05,0,0,0,0,0,0
4.82,1,1,5.297027408e-05,3.76304662e-05,-2.396844981e-06,6.711165947e-05,-0.01471111544,-4.961469111e-05,0,0,0,0,-0.004188790205,0,-0.01625325164,-0.008535998316,-0.003176264449,0.001542136199,0.01878456009,0.1512788912,12.26375676,-0,0.1511527741,-0.1554676814,-0.3073461254,0.2303692757,1.018904292,0.00281304444,-24.20462259,-0.2303692757,-0.00281304444,-24.74515103,-24.74515103,0.03581997205,-0.4949030206,-1.438106989e-06,4.793689962e-07,1.917475985e-06,-1.917475985e-06,-0.4949030206,-9.587379924e-05,-1.438106989e-06,4.793689962e-07,1.917475985e-06,-1.917475985e-06,-0.4949030206,-9.587379924e-05,0,0,0,0,0,0
4.83,1,1,5.225122059e-05,3.73907817e-05,-2.157160483e-06,6.615292148e-05,-0.01476911909,-5.03337446e-05,0,0,0,0,-0.007330382858,0,-0.01633877005,-0.008567643806,-0.003152819092,0.001569650957,0.01910796689,0.1507781254,12.2572556,-0,0.1504887107,-0.1581085083,-0.2988417522,0.2342112343,1.022112936,0.00281906985,-24.12450006,-0.2342112343,-0.00281906985,-24.66037212,-24.66037212,0.03579014824,-0.4932074424,-0,9.587379924e-07,1.438106989e-06,-0,-0.4932074424,-9.443569225e-05,-0,9.587379924e-07,1.438106989e-06,-0,-0.4932074424,-9.443569225e-05,0,0,0,0,0,0
4.84,1,1,5.153216709e-05,3.691141271e-05,-2.157160483e-06,6.663229047e-05,-0.01485276898,-4.961469111e-05,0,0,0,0,-0.009424777961,0,-0.01642460373,-0.00859905441,-0.0031292873,0.001571834754,0.0191206997,0.1489290172,12.24793644,-0,0.1495309444,-0.1583537951,-0.2476173231,0.2341891147,1.024299754,0.002794093855,-23.82864274,-0.2341891147,-0.002794093855,-24.31324328,-24.31324328,0.03576030052,-0.4862648655,1.438106989e-06,1.917475985e-06,1.438106989e-06,-9.587379924e-07,-0.4862648655,-9.587379924e-05,1.438106989e-06,1.917475985e-06,1.438106989e-06,-9.587379924e-07,-0.4862648655,-9.587379924e-05,0,0,0,0,0,0
4.85,1,1,5.201153609e-05,3.76304662e-05,-2.396844981e-06,6.663229047e-05,-0.01496661912,-4.985437561e-05,0,0,0,0,-0.01361356817,-0.001047197551,-0.01651075035,-0.008630229266,-0.003105669716,0.001544131232,0.01876771768,0.1421584252,12.23535968,-0,0.1482272283,-0.1557719934,-0.1536987712,0.2296297762,1.02862652,0.00268738688,-22.74534803,-0.2296297762,-0.00268738688,-23.13136397,-23.13136397,0.03573018102,-0.4626272793,4.793689962e-07,4.793689962e-07,1.917475985e-06,-9.587379924e-07,-0.4626272793,9.325324873e-06,4.793689962e-07,4.793689962e-07,1.917475985e-06,-9.587379924e-07,-0.4626272793,9.325324873e-06,0,0,0,0,0,0
4.86,1,1,5.153216709e-05,3.81098352e-05,-1.917475985e-06,6.591323698e-05,-0.01513775385,-4.937500661e-05,0,0,0,0,-0.01989675347,0,-0.01659720753,-0.00866116752,-0.003081966989,0.001459453682,0.01771919363,0.1278986829,12.21668606,-0,0.14626718,-0.1477954364,0.02176224917,0.2164698258,1.035133478,0.00244639509,-20.46378927,-0.2164698258,-0.00244639509,-20.66094324,-20.66094324,0.0356993008,-0.4132188647,1.438106989e-06,-4.793689962e-07,9.587379924e-07,4.793689962e-07,-0.4132188647,-9.635316824e-05,1.438106989e-06,-4.793689962e-07,9.587379924e-07,4.793689962e-07,-0.4132188647,-9.635316824e-05,0,0,0,0,0,0
4.87,1,1,5.297027408e-05,3.83495197e-05,-1.438106989e-06,6.591323698e-05,-0.01534076662,-4.937500661e-05,0,0,0,0,-0.01884955592,0,-0.01668397291,-0.008691868324,-0.003058179768,0.00134320629,0.01628804694,0.1179683532,12.19489271,-0,0.1439414756,-0.1368179091,0.2184878153,0.1986309849,1.034279149,0.002250732789,-18.87493651,-0.1986309849,-0.002250732789,-18.85733041,-18.85733041,0.03566760743,-0.3771466082,-1.438106989e-06,-9.587379924e-07,-0,4.793689962e-07,-0.3771466082,-9.635316824e-05,-1.438106989e-06,-9.587379924e-07,-0,4.793689962e-07,-0.3771466082,-9.635316824e-05,0,0,0,0,0,0
4.88,1,1,5.249090509e-05,3.78701507e-05,-1.917475985e-06,6.591323698e-05,-0.01555216834,-4.913532211e-05,0,0,0,0,-0.02199114858,0,-0.0167710441,-0.008722330836,-0.003034308706,0.001218875757,0.01476214447,0.1030674332,12.1726106,-0,0.1415190439,-0.1250585818,0.3940855157,0.1796938363,1.03766422,0.001977534442,-16.49078931,-0.1796938363,-0.001977534442,-16.27837516,-16.27837516,0.03563518037,-0.3255675033,-4.793689962e-07,-0,9.587379924e-07,4.793689962e-07,-0.3255675033,-9.683253724e-05,-4.793689962e-07,-0,9.587379924e-07,4.793689962e-07,-0.3255675033,-9.683253724e-05,0,0,0,0,0,0
4.89,1,1,5.297027408e-05,3.691141271e-05,-1.677791487e-06,6.687197497e-05,-0.0157769924,-4.985437561e-05,0,0,0,0,-0.02303834613,0,-0.01685841873,-0.008752554221,-0.003010354456,0.001081426323,0.01308077435,0.08899799223,12.14937245,-0,0.1389421201,-0.1120363384,0.5608417546,0.1589231995,1.03894803,0.001710226791,-14.23967876,-0.1589231995,-0.001710226791,-13.83947043,-13.83947043,0.03560205115,-0.2767894086,-1.438106989e-06,1.917475985e-06,4.793689962e-07,-1.438106989e-06,-0.2767894086,-9.539443025e-05,-1.438106989e-06,1.917475985e-06,4.793689962e-07,-1.438106989e-06,-0.2767894086,-9.539443025e-05,0,0,0,0,0,0
4.9,1,1,5.129248259e-05,3.83495197e-05,-1.917475985e-06,6.687197497e-05,-0.01600157678,-5.08131136e-05,0,0,0,0,-0.01884955592,0,-0.01694609439,-0.00878253765,-0.002986317676,0.0009445176079,0.01141040046,0.0801973962,12.12662872,-0,0.1363672492,-0.09904695212,0.6951760307,0.1383696899,1.034939959,0.00152779613,-12.83158339,-0.1383696899,-0.00152779613,-12.27630485,-12.27630485,0.03556833154,-0.245526097,1.917475985e-06,-9.587379924e-07,9.587379924e-07,-1.438106989e-06,-0.245526097,-9.347695426e-05,1.917475985e-06,-9.587379924e-07,9.587379924e-07,-1.438106989e-06,-0.245526097,-9.347695426e-05,0,0,0,0,0,0
4.91,1,1,5.201153609e-05,3.85892042e-05,-2.396844981e-06,6.711165947e-05,-0.01615833044,-4.937500661e-05,0,0,0,0.001047197551,-0.01047197551,0,-0.01703406868,-0.008812280302,-0.002962199025,0.0008757382368,0.01056924314,0.0820586936,12.1110311,-0,0.1345696562,-0.09253066911,0.6848718989,0.1280044323,1.026657722,0.001536870095,-13.12939098,-0.1280044323,-0.001536870095,-12.57406038,-12.57406038,0.03553447787,-0.2514812076,4.793689962e-07,-1.438106989e-06,1.917475985e-06,-0.0001066372311,-0.2514812076,-9.635316824e-05,4.793689962e-07,-1.438106989e-06,1.917475985e-06,-0.0001066372311,-0.2514812076,-9.635316824e-05,0,0,0,0,0,0
4.92,1,1,5.201153609e-05,3.76304662e-05,-3.355582973e-06,6.639260598e-05,-0.01624677402,-4.913532211e-05,0,0,0,0,-0.005235987756,0,-0.01712233919,-0.00884178136,-0.002937999163,0.000875565167,0.01055985418,0.08731021698,12.1023307,-0,0.1335552731,-0.09254620474,0.5571930457,0.1277988474,1.021489616,0.001617268749,-13.96963472,-0.1277988474,-0.001617268749,-13.54185779,-13.54185779,0.03550080589,-0.2708371558,4.793689962e-07,4.793689962e-07,3.83495197e-06,-4.793689962e-07,-0.2708371558,-9.683253724e-05,4.793689962e-07,4.793689962e-07,3.83495197e-06,-4.793689962e-07,-0.2708371558,-9.683253724e-05,0,0,0,0,0,0
4.93,1,1,5.153216709e-05,3.76304662e-05,-3.355582973e-06,6.639260598e-05,-0.0162796108,-4.985437561e-05,0,0,0,0,0,0,-0.0172109035,-0.008871040016,-0.002913718755,0.0009312927,0.01122670223,0.09788510376,12.09911881,-0,0.1331786329,-0.09788510376,0.3560609192,0.1358332041,1.016279611,0.001793017188,-15.6616166,-0.1358332041,-0.001793017188,-15.4431819,-15.4431819,0.03546753578,-0.3088636381,1.438106989e-06,4.793689962e-07,3.83495197e-06,-4.793689962e-07,-0.3088636381,-9.539443025e-05,1.438106989e-06,4.793689962e-07,3.83495197e-06,-4.793689962e-07,-0.3088636381,-9.539443025e-05,0,0,0,0,0,0
4.94,1,1,5.249090509e-05,3.619235921e-05,-2.876213977e-06,6.687197497e-05,-0.01628296638,-4.913532211e-05,0,0,0,0,0,0,-0.01729975918,-0.008900055469,-0.002889358466,0.001016792797,0.01225309821,0.1060548802,12.09879115,-0,0.1331401433,-0.1060548802,0.1412561775,0.1482476762,1.016282966,0.0019408841,-16.96878082,-0.1482476762,-0.0019408841,-16.97771321,-16.97771321,0.0354347828,-0.3395542642,-4.793689962e-07,3.355582973e-06,2.876213977e-06,-1.438106989e-06,-0.3395542642,-9.683253724e-05,-4.793689962e-07,3.355582973e-06,2.876213977e-06,-1.438106989e-06,-0.3395542642,-9.683253724e-05,0,0,0,0,0,0
4.95,1,1,5.273058958e-05,3.691141271e-05,-2.876213977e-06,6.663229047e-05,-0.01628512354,-4.937500661e-05,0,0,0,0,0,0,-0.01738890379,-0.008928826922,-0.002864918963,0.001103780253,0.01329676286,0.1143607713,12.09858056,-0,0.1331153999,-0.1143607713,-0.03646401255,0.1608719567,1.016285124,0.002090988965,-18.29772342,-0.1608719567,-0.002090988965,-18.49715037,-18.49715037,0.03540252474,-0.3699430075,-9.587379924e-07,1.917475985e-06,2.876213977e-06,-9.587379924e-07,-0.3699430075,-9.635316824e-05,-9.587379924e-07,1.917475985e-06,2.876213977e-06,-9.587379924e-07,-0.3699430075,-9.635316824e-05,0,0,0,0,0,0
4.96,1,1,5.249090509e-05,3.73907817e-05,-2.636529479e-06,6.711165947e-05,-0.01628776007,-4.865595312e-05,0,0,0,0,0,0,-0.0174783349,-0.008957353586,-0.002840400918,0.00119057483,0.01433736708,0.1226428958,12.09832324,-0,0.1330851579,-0.1226428958,-0.1812395603,0.1734581013,1.01628776,0.002240418844,-19.62286332,-0.1734581013,-0.002240418844,-19.9798014,-19.9798014,0.03537079028,-0.399596028,-4.793689962e-07,9.587379924e-07,2.396844981e-06,-1.917475985e-06,-0.399596028,-9.779127523e-05,-4.793689962e-07,9.587379924e-07,2.396844981e-06,-1.917475985e-06,-0.399596028,-9.779127523e-05,0,0,0,0,0,0
4.97,1,1,5.177185159e-05,3.81098352e-05,-1.917475985e-06,6.711165947e-05,-0.01629734745,-4.913532211e-05,0,0,0,0,-0.001047197551,0,-0.01756805005,-0.00898563468,-0.002815805001,0.001270702596,0.01529659152,0.1292394693,12.09738805,-0,0.1329751863,-0.1302866668,-0.2876548757,0.1850488035,1.017344819,0.002363746529,-20.67831508,-0.1850488035,-0.002363746529,-21.15338251,-21.15338251,0.03533956976,-0.4230676502,9.587379924e-07,-4.793689962e-07,9.587379924e-07,-1.917475985e-06,-0.4230676502,-9.683253724e-05,9.587379924e-07,-4.793689962e-07,9.587379924e-07,-1.917475985e-06,-0.4230676502,-9.683253724e-05,0,0,0,0,0,0
4.98,1,1,5.153216709e-05,3.81098352e-05,-3.115898475e-06,6.711165947e-05,-0.01632491117,-4.985437561e-05,0,0,0,0,-0.003141592654,0,-0.01765804677,-0.009013669429,-0.002791131887,0.001333135605,0.01604107018,0.1331052121,12.0947041,-0,0.132659011,-0.1362468047,-0.3432842402,0.1940119973,1.019468971,0.002442490347,-21.29683393,-0.1940119973,-0.002442490347,-21.83657266,-21.83657266,0.03530872183,-0.4367314532,1.438106989e-06,-4.793689962e-07,3.355582973e-06,-1.917475985e-06,-0.4367314532,-9.539443025e-05,1.438106989e-06,-4.793689962e-07,3.355582973e-06,-1.917475985e-06,-0.4367314532,-9.539443025e-05,0,0,0,0,0,0
4.99,1,1,5.201153609e-05,3.83495197e-05,-2.636529479e-06,6.663229047e-05,-0.0163877085,-4.961469111e-05,0,0,-0.001047197551,0,-0.007330382858,0,-0.01774832261,-0.009041457063,-0.002766382254,0.001360614105,0.01636228691,0.1315577409,12.08861543,-0,0.1319386441,-0.1388881238,-0.3279478647,0.197797394,1.023731525,0.002432204513,-21.04923855,-0.197797394,-0.002432204513,-21.57741601,-21.57741601,0.03527797716,-0.4315483202,4.793689962e-07,-9.587379924e-07,0.0001071166001,-9.587379924e-07,-0.4315483202,-9.587379924e-05,4.793689962e-07,-9.587379924e-07,0.0001071166001,-9.587379924e-07,-0.4315483202,-9.587379924e-05,0,0,0,0,0,0
5,1,1,5.201153609e-05,3.73907817e-05,-1.677791487e-06,6.639260598e-05,-0.01649221095,-4.985437561e-05,0,0,0,0,-0.01256637061,0,-0.01783887509,-0.009068996821,-0.002741556778,0.001346664141,0.01618268429,0.1250314379,12.07856337,-0,0.1307397512,-0.1375978085,-0.2428518288,0.1954635776,1.02909806,0.002333801401,-20.00503006,-0.1954635776,-0.002333801401,-20.44567927,-20.44567927,0.03524705331,-0.4089135853,4.793689962e-07,9.587379924e-07,4.793689962e-07,-4.793689962e-07,-0.4089135853,-9.539443025e-05,4.793689962e-07,9.587379924e-07,4.793689962e-07,-4.793689962e-07,-0.4089135853,-9.539443025e-05,0,0,0,0,0,0
5.01,1,1,5.249090509e-05,3.73907817e-05,-1.677791487e-06,6.639260598e-05,-0.01665567577,-4.961469111e-05,0,0,0,0,-0.01884955592,0,-0.01792970172,-0.009096287948,-0.002716656141,0.001274025944,0.01529528833,0.1118846088,12.06304024,-0,0.1288641355,-0.1307341647,-0.07115217765,0.1845076786,1.035594058,0.002112969618,-17.9015374,-0.1845076786,-0.002112969618,-18.15931023,-18.15931023,0.03521555264,-0.3631862046,-4.793689962e-07,9.587379924e-07,4.793689962e-07,-4.793689962e-07,-0.3631862046,-9.587379924e-05,-4.793689962e-07,9.587379924e-07,4.793689962e-07,-4.793689962e-07,-0.3631862046,-9.587379924e-05,0,0,0,0,0,0
5.02,1,1,5.273058958e-05,3.715109721e-05,-2.396844981e-06,6.711165947e-05,-0.01685197738,-4.985437561e-05,0,0,0,0,-0.01989675347,0,-0.01802080001,-0.009123329696,-0.002691681026,0.001168822637,0.0140174121,0.1008723449,12.04472104,-0,0.1266112956,-0.1207690984,0.1247635288,0.1688358184,1.036847701,0.001907874449,-16.13957518,-0.1688358184,-0.001907874449,-16.18555534,-16.18555534,0.03518338955,-0.3237111069,-9.587379924e-07,1.438106989e-06,1.917475985e-06,-1.917475985e-06,-0.3237111069,-9.539443025e-05,-9.587379924e-07,1.438106989e-06,1.917475985e-06,-1.917475985e-06,-0.3237111069,-9.539443025e-05,0,0,0,0,0,0
5.03,1,1,5.273058958e-05,3.643204371e-05,-2.636529479e-06,6.639260598e-05,-0.01705019646,-4.889563761e-05,0,0,0,0,-0.02094395102,0,-0.01811216748,-0.009150121323,-0.002666632117,0.00106197102,0.01272256941,0.08969242305,12.02657828,-0,0.1243359589,-0.1106363741,0.2871083108,0.153008977,1.03810381,0.001698954833,-14.35078769,-0.153008977,-0.001698954833,-14.21838731,-14.21838731,0.03515068144,-0.2843677462,-9.587379924e-07,2.876213977e-06,2.396844981e-06,-4.793689962e-07,-0.2843677462,-9.731190623e-05,-9.587379924e-07,2.876213977e-06,2.396844981e-06,-4.793689962e-07,-0.2848297891,-9.731190623e-05,0,0,0,0,1,0
5.04,1,1,5.201153609e-05,3.73907817e-05,-2.396844981e-06,6.615292148e-05,-0.01726016008,-4.913532211e-05,0,0,0,0,-0.02094395102,0,-0.0182038016,-0.009176662094,-0.002641510101,0.0009436415266,0.01129275965,0.07845554826,12.00774841,-0,0.1219252793,-0.09939949929,0.4405119235,0.1356006167,1.038313773,0.001485303674,-12.55288772,-0.1356006167,-0.001485303674,-12.24946172,-12.24946172,0.03511745052,-0.2449892344,4.793689962e-07,9.587379924e-07,1.917475985e-06,-0,-0.2449892344,-9.683253724e-05,4.793689962e-07,9.587379924e-07,1.917475985e-06,-0,-0.2449892344,-9.683253724e-05,0,0,0,0,0,0
5.05,1,1,5.225122059e-05,3.715109721e-05,-1.917475985e-06,6.615292148e-05,-0.01746556969,-4.961469111e-05,0,0,0,0,-0.01989675347,0,-0.01829569988,-0.009202951283,-0.002616315667,0.0008301301885,0.00992393656,0.06871281562,11.98971145,-0,0.1195663698,-0.08860956909,0.5569347176,0.1189851358,1.037461293,0.00129747793,-10.9940505,-0.1189851358,-0.00129747793,-10.55739839,-10.55739839,0.0350837951,-0.2111479679,-0,1.438106989e-06,9.587379924e-07,-0,-0.2111479679,-9.587379924e-05,-0,1.438106989e-06,9.587379924e-07,-0,-0.2111479679,-9.587379924e-05,0,0,0,0,0,0
5.06,1,1,5.249090509e-05,3.667172821e-05,-1.917475985e-06,6.615292148e-05,-0.01763406789,-4.889563761e-05,0,0,0,0,-0.01256637061,0,-0.01838785979,-0.009228988169,-0.002591049505,0.0007537918942,0.009003188486,0.06878964697,11.97519848,-0,0.117630974,-0.08135601758,0.5857343217,0.1078149691,1.030239917,0.00127967393,-11.00634352,-0.1078149691,-0.00127967393,-10.52970384,-10.52970384,0.03504996722,-0.2105940767,-4.793689962e-07,2.396844981e-06,9.587379924e-07,-0,-0.2105940767,-9.731190623e-05,-4.793689962e-07,2.396844981e-06,9.587379924e-07,-0,-0.2105940767,-9.731190623e-05,0,0,0,0,0,0
5.07,1,1,5.201153609e-05,3.76304662e-05,-2.157160483e-06,6.639260598e-05,-0.01774360371,-4.961469111e-05,0,0,0,0,-0.007330382858,0,-0.0184802788,-0.009254772037,-0.002565712308,0.0007366750907,0.008792672723,0.0724200032,11.9659003,-0,0.1163726508,-0.07975038606,0.5065822277,0.1052122452,1.02508742,0.001332482141,-11.58720051,-0.1052122452,-0.001332482141,-11.18716301,-11.18716301,0.03501622485,-0.2237432602,4.793689962e-07,4.793689962e-07,1.438106989e-06,-4.793689962e-07,-0.2237432602,-9.587379924e-05,4.793689962e-07,4.793689962e-07,1.438106989e-06,-4.793689962e-07,-0.2237432602,-9.587379924e-05,0,0,0,0,0,0
5.08,1,1,5.297027408e-05,3.882888869e-05,-2.396844981e-06,6.783071296e-05,-0.01780016925,-4.961469111e-05,0,0,0,0,-0.003141592654,0,-0.01857295438,-0.00928030218,-0.002540304771,0.000772785132,0.009219024853,0.08008226993,11.96114056,-0,0.115722784,-0.08322386258,0.3488999817,0.1102700521,1.020944229,0.001460177843,-12.81316319,-0.1102700521,-0.001460177843,-12.57599344,-12.57599344,0.03498275275,-0.2515198687,-1.438106989e-06,-1.917475985e-06,1.917475985e-06,-3.355582973e-06,-0.2515198687,-9.587379924e-05,-1.438106989e-06,-1.917475985e-06,1.917475985e-06,-3.355582973e-06,-0.2515198687,-9.587379924e-05,0,0,0,0,0,0
5.09,1,1,5.225122059e-05,3.85892042e-05,-2.876213977e-06,6.711165947e-05,-0.0178195837,-4.961469111e-05,0,0,0,0,-0.001047197551,0,-0.018665884,-0.0093055779,-0.00251482759,0.0008463003003,0.01009225588,0.08921709057,11.9595135,-0,0.115499728,-0.09026428812,0.1554986514,0.1206984704,1.018867055,0.001618591451,-14.27473449,-0.1206984704,-0.001618591451,-14.2415529,-14.2415529,0.03494968591,-0.284831058,-0,-1.438106989e-06,2.876213977e-06,-1.917475985e-06,-0.284831058,-9.587379924e-05,-0,-1.438106989e-06,2.876213977e-06,-1.917475985e-06,-0.284831058,-9.587379924e-05,0,0,0,0,0,0
5.1,1,1,5.225122059e-05,3.83495197e-05,-2.396844981e-06,6.711165947e-05,-0.01782821234,-4.913532211e-05,0,0,0,0,0,0,-0.01875906509,-0.009330598502,-0.002489281463,0.0009308527533,0.0110968292,0.09835338554,11.95879144,-0,0.1154005906,-0.09835338554,-0.02089889715,0.1327046661,1.017828212,0.001779042396,-15.73654169,-0.1327046661,-0.001779042396,-15.89192429,-15.89192429,0.03491706207,-0.3178384858,-0,-9.587379924e-07,1.917475985e-06,-1.917475985e-06,-0.3178384858,-9.683253724e-05,-0,-9.587379924e-07,1.917475985e-06,-1.917475985e-06,-0.3178384858,-9.683253724e-05,0,0,0,0,0,0
5.11,1,1,5.201153609e-05,3.73907817e-05,-2.396844981e-06,6.735134397e-05,-0.01784019656,-4.985437561e-05,0,0,0,0,-0.001047197551,0,-0.01885249511,-0.009355363302,-0.002463667092,0.001012298551,0.01206358478,0.1050949035,11.95778968,-0,0.1152628984,-0.1061421011,-0.1594253913,0.1442538097,1.018887668,0.001903185269,-16.81518456,-0.1442538097,-0.001903185269,-17.12076695,-17.12076695,0.03488485583,-0.342415339,4.793689962e-07,9.587379924e-07,1.917475985e-06,-2.396844981e-06,-0.342415339,-9.539443025e-05,4.793689962e-07,9.587379924e-07,1.917475985e-06,-2.396844981e-06,-0.342415339,-9.539443025e-05,0,0,0,0,0,0
5.12,1,1,5.297027408e-05,3.73907817e-05,-1.917475985e-06,6.711165947e-05,-0.0178644047,-5.00940601e-05,0,0,0,0,-0.003141592654,0,-0.0189461715,-0.009379871619,-0.002437985179,0.001081766805,0.01288647324,0.1096447961,11.95577003,-0,0.1149847551,-0.1127863888,-0.2513958382,0.1540677106,1.021008465,0.001992033259,-17.54316738,-0.1540677106,-0.001992033259,-17.95062296,-17.95062296,0.03485301422,-0.3590124593,-1.438106989e-06,9.587379924e-07,9.587379924e-07,-1.917475985e-06,-0.3590124593,-9.491506125e-05,-1.438106989e-06,9.587379924e-07,9.587379924e-07,-1.917475985e-06,-0.3590124593,-9.491506125e-05,0,0,0,0,0,0
5.13,1,1,5.344964308e-05,3.78701507e-05,-1.917475985e-06,6.615292148e-05,-0.01791665592,-4.937500661e-05,0,0,0,0,-0.007330382858,0,-0.01904009169,-0.009404122783,-0.002412236426,0.001123435771,0.01337646791,0.10945153,11.95142857,-0,0.1143843833,-0.1167819129,-0.2773288684,0.1598679007,1.025260472,0.00200329724,-17.5122448,-0.1598679007,-0.00200329724,-17.95144487,-17.95144487,0.0348213511,-0.3590288974,-2.396844981e-06,-0,9.587379924e-07,-0,-0.3590288974,-9.635316824e-05,-2.396844981e-06,-0,9.587379924e-07,-0,-0.3590288974,-9.635316824e-05,0,0,0,0,0,0
5.14,1,1,5.297027408e-05,3.882888869e-05,-1.677791487e-06,6.639260598e-05,-0.01799766928,-4.889563761e-05,0,0,0,0,-0.00837758041,0,-0.0191342531,-0.009428116127,-0.002386421541,0.00113658382,0.01352531492,0.1096843966,11.94474533,-0,0.1134534705,-0.118061977,-0.2492870179,0.1615564422,1.026392796,0.002010169247,-17.54950346,-0.1615564422,-0.002010169247,-17.96235709,-17.96235709,0.03478973362,-0.3592471418,-1.438106989e-06,-1.917475985e-06,4.793689962e-07,-4.793689962e-07,-0.3592471418,-9.731190623e-05,-1.438106989e-06,-1.917475985e-06,4.793689962e-07,-4.793689962e-07,-0.3592471418,-9.731190623e-05,0,0,0,0,0,0
5.15,1,1,5.225122059e-05,3.83495197e-05,-1.438106989e-06,6.639260598e-05,-0.01810912257,-4.817658412e-05,0,0,0,0,-0.01361356817,0,-0.01922865315,-0.009451850995,-0.002360541231,0.00111953058,0.01331353144,0.1028532268,11.93564619,-0,0.1121726559,-0.116466795,-0.1730597658,0.1589056009,1.031769023,0.00190303614,-16.45651629,-0.1589056009,-0.00190303614,-16.79038469,-16.79038469,0.03475795582,-0.3358076938,-0,-9.587379924e-07,-0,-4.793689962e-07,-0.3358076938,-9.875001322e-05,-0,-9.587379924e-07,-0,-4.793689962e-07,-0.3358076938,-9.875001322e-05,0,0,0,0,0,0
5.16,1,1,5.201153609e-05,3.81098352e-05,-1.198422491e-06,6.567355248e-05,-0.01824046967,-4.841626862e-05,0,0,0,0,-0.01151917306,0,-0.01932328926,-0.009475326736,-0.002334596205,0.00108281958,0.01286766526,0.1014796239,11.92506424,-0,0.1106630453,-0.1129987969,-0.07836062344,0.1534477349,1.029792816,0.001868714842,-16.23673982,-0.1534477349,-0.001868714842,-16.47041689,-16.47041689,0.03472597509,-0.3294083378,4.793689962e-07,-4.793689962e-07,-4.793689962e-07,9.587379924e-07,-0.3294083378,-9.827064422e-05,4.793689962e-07,-4.793689962e-07,-4.793689962e-07,9.587379924e-07,-0.3294083378,-9.827064422e-05,0,0,0,0,0,0
5.17,1,1,5.10527981e-05,3.882888869e-05,-1.917475985e-06,6.639260598e-05,-0.01836175003,-4.793689962e-05,0,0,0,0.001047197551,-0.01047197551,0,-0.01941815882,-0.009498542706,-0.002308587176,0.001056408788,0.01254525665,0.1000383981,11.9154288,-0,0.1092689662,-0.1105103736,-0.01897803475,0.1494821123,1.028861141,0.001837146037,-16.0061437,-0.1494821123,-0.001837146037,-16.17644099,-16.17644099,0.03469391429,-0.3235288198,2.396844981e-06,-1.917475985e-06,9.587379924e-07,-0.0001051991241,-0.3235288198,-9.922938222e-05,2.396844981e-06,-1.917475985e-06,9.587379924e-07,-0.0001051991241,-0.3235288198,-9.922938222e-05,0,0,0,0,0,0
5.18,1,1,5.201153609e-05,3.83495197e-05,-2.636529479e-06,6.615292148e-05,-0.018468889,-4.865595312e-05,0,0,0,0,-0.009424777961,0,-0.01951325924,-0.009521498269,-0.002282514855,0.001044370239,0.01239448682,0.09996556996,11.90702483,-0,0.1080373048,-0.1093903479,0.004250174893,0.1475814622,1.027915874,0.001830743886,-15.99449119,-0.1475814622,-0.001830743886,-16.13965322,-16.13965322,0.03466186066,-0.3227930645,4.793689962e-07,-9.587379924e-07,2.396844981e-06,-0,-0.3227930645,-9.779127523e-05,4.793689962e-07,-9.587379924e-07,2.396844981e-06,-0,-0.3227930645,-9.779127523e-05,0,0,0,0,0,0
5.19,1,1,5.177185159e-05,3.83495197e-05,-3.115898475e-06,6.759102847e-05,-0.01855038173,-4.961469111e-05,0,0,0,0,-0.007330382858,0,-0.01960858791,-0.009544192795,-0.002256379958,0.001058206183,0.0125518709,0.1034050065,11.90070024,-0,0.107100388,-0.1107353893,-0.02114908418,0.1493760531,1.025894198,0.001884555915,-16.54480104,-0.1493760531,-0.001884555915,-16.71721073,-16.71721073,0.03462999319,-0.3343442146,9.587379924e-07,-9.587379924e-07,3.355582973e-06,-2.876213977e-06,-0.3343442146,-9.587379924e-05,9.587379924e-07,-9.587379924e-07,3.355582973e-06,-2.876213977e-06,-0.3343442146,-9.587379924e-05,0,0,0,0,0,0
5.2,1,1,5.225122059e-05,3.882888869e-05,-2.636529479e-06,6.783071296e-05,-0.01861461718,-4.913532211e-05,0,0,0,0,-0.005235987756,0,-0.01970414222,-0.009566625662,-0.002230183201,0.001089525048,0.01291709327,0.1085099093,11.89575614,-0,0.1063618273,-0.113745897,-0.07272535319,0.1536585916,1.023857459,0.001967946745,-17.36158549,-0.1536585916,-0.001967946745,-17.58993738,-17.58993738,0.03459834953,-0.3517987476,-0,-1.917475985e-06,2.396844981e-06,-3.355582973e-06,-0.3517987476,-9.683253724e-05,-0,-1.917475985e-06,2.396844981e-06,-3.355582973e-06,-0.3517987476,-9.683253724e-05,0,0,0,0,0,0
5.21,1,1,5.249090509e-05,3.83495197e-05,-2.636529479e-06,6.759102847e-05,-0.01868987811,-4.865595312e-05,0,0,0,0,-0.00837758041,0.001047197551,-0.01979991955,-0.009588796255,-0.002203925303,0.001110041444,0.01315355472,0.1073493588,11.89000953,-0,0.1054964432,-0.1157269392,-0.09494297746,0.156395891,1.027085004,0.001957407817,-17.1758974,-0.156395891,-0.001957407817,-17.42919368,-17.42919368,0.03456682327,-0.3485838736,-4.793689962e-07,-9.587379924e-07,2.396844981e-06,-2.876213977e-06,-0.3485838736,-0.0002025110303,-4.793689962e-07,-9.587379924e-07,2.396844981e-06,-2.876213977e-06,-0.3485838736,-0.0002025110303,0,0,0,0,0,0
5.22,1,1,5.129248259e-05,3.73907817e-05,-1.677791487e-06,6.687197497e-05,-0.01877113115,-4.865595312e-05,0,0,0,0,-0.009424777961,0,-0.01989591727,-0.009610703966,-0.002177606983,0.00112478612,0.01332122874,0.1077331884,11.88386115,-0,0.1045620924,-0.1171579664,-0.1033224886,0.1583076327,1.028218116,0.001966953391,-17.23731014,-0.1583076327,-0.001966953391,-17.50090722,-17.50090722,0.03453539878,-0.3500181444,1.917475985e-06,9.587379924e-07,4.793689962e-07,-1.438106989e-06,-0.3500181444,-9.779127523e-05,1.917475985e-06,9.587379924e-07,4.793689962e-07,-1.438106989e-06,-0.3500181444,-9.779127523e-05,0,0,0,0,0,0
5.23,1,1,5.08131136e-05,3.76304662e-05,-1.677791487e-06,6.807039746e-05,-0.0188662859,-4.913532211e-05,0,0,0,0,-0.009424777961,0,-0.01999213275,-0.009632348195,-0.002151228963,0.001125846855,0.01332625107,0.107860516,11.87673435,-0,0.1034677949,-0.117285294,-0.08678726981,0.1582723439,1.02831327,0.001967849798,-17.25768256,-0.1582723439,-0.001967849798,-17.50471003,-17.50471003,0.03450396519,-0.3500942005,2.876213977e-06,4.793689962e-07,4.793689962e-07,-3.83495197e-06,-0.3500942005,-9.683253724e-05,2.876213977e-06,4.793689962e-07,4.793689962e-07,-3.83495197e-06,-0.3500942005,-9.683253724e-05,0,0,0,0,0,0
5.24,1,1,5.177185159e-05,3.715109721e-05,-1.677791487e-06,6.711165947e-05,-0.01896863118,-4.937500661e-05,0,0,0,0,-0.00837758041,0,-0.02008856336,-0.009653728349,-0.002124791965,0.001119932177,0.01324853784,0.1083702347,11.86915737,-0,0.1022907009,-0.1167478151,-0.06133388427,0.1572489806,1.027363758,0.001971701919,-17.33923755,-0.1572489806,-0.001971701919,-17.55979211,-17.55979211,0.03447253582,-0.3511958423,9.587379924e-07,1.438106989e-06,4.793689962e-07,-1.917475985e-06,-0.3511958423,-9.635316824e-05,9.587379924e-07,1.438106989e-06,4.793689962e-07,-1.917475985e-06,-0.3511958423,-9.635316824e-05,0,0,0,0,0,0
5.25,1,1,5.153216709e-05,3.78701507e-05,-1.677791487e-06,6.663229047e-05,-0.01907001772,-4.865595312e-05,0,0,0,0,-0.009424777961,0,-0.02018520644,-0.009674843841,-0.002098296716,0.001115188716,0.01318487775,0.1068967973,11.86174153,-0,0.1011245284,-0.1163215752,-0.04231738655,0.1563956119,1.028517002,0.001947485692,-17.10348756,-0.1563956119,-0.001947485692,-17.30414805,-17.30414805,0.03444109939,-0.3460829609,1.438106989e-06,-0,4.793689962e-07,-9.587379924e-07,-0.3460829609,-9.779127523e-05,1.438106989e-06,-0,4.793689962e-07,-9.587379924e-07,-0.3460829609,-9.779127523e-05,0,0,0,0,0,0
5.26,1,1,5.297027408e-05,3.76304662e-05,-1.438106989e-06,6.615292148e-05,-0.01916876774,-4.913532211e-05,0,0,0,0,-0.00837758041,-0.001047197551,-0.02028205935,-0.009695694091,-0.00207174394,0.001113291614,0.01315510244,0.1077886668,11.85460464,-0,0.09998858256,-0.1161662472,-0.03212533307,0.1559485385,1.027563894,0.001958308411,-17.24618669,-0.1559485385,-0.001958308411,-17.43621887,-17.43621887,0.03440968937,-0.3487243774,-1.438106989e-06,4.793689962e-07,-0,-0,-0.3487243774,7.887217884e-06,-1.438106989e-06,4.793689962e-07,-0,-0,-0.3487243774,7.887217884e-06,0,0,0,0,0,0
5.27,1,1,5.177185159e-05,3.76304662e-05,-2.157160483e-06,6.687197497e-05,-0.01926751775,-4.985437561e-05,0,0,0,0,-0.01047197551,0,-0.02037911943,-0.00971627853,-0.002045134367,0.001111601685,0.0131278831,0.1055584065,11.84755258,-0,0.09885253967,-0.116030382,-0.02339986144,0.1555332854,1.029766909,0.001924264522,-16.88934504,-0.1555332854,-0.001924264522,-17.07020245,-17.07020245,0.03437829859,-0.341404049,9.587379924e-07,4.793689962e-07,1.438106989e-06,-1.438106989e-06,-0.341404049,-9.539443025e-05,9.587379924e-07,4.793689962e-07,1.438106989e-06,-1.438106989e-06,-0.341404049,-9.539443025e-05,0,0,0,0,0,0
5.28,1,1,5.249090509e-05,3.73907817e-05,-2.396844981e-06,6.711165947e-05,-0.01937082177,-4.937500661e-05,0,0,0,0,-0.01151917306,0,-0.02047638403,-0.009736596592,-0.002018468725,0.001105562265,0.01304926276,0.1039604928,11.84026595,-0,0.09766400381,-0.1154796658,-0.008698149772,0.1545067415,1.030923168,0.001897660219,-16.63367884,-0.1545067415,-0.001897660219,-16.79878139,-16.79878139,0.03434691381,-0.3359756279,-4.793689962e-07,9.587379924e-07,1.917475985e-06,-1.917475985e-06,-0.3359756279,-9.635316824e-05,-4.793689962e-07,9.587379924e-07,1.917475985e-06,-1.917475985e-06,-0.3359756279,-9.635316824e-05,0,0,0,0,0,0
5.29,1,1,5.177185159e-05,3.78701507e-05,-2.396844981e-06,6.663229047e-05,-0.01949018465,-4.913532211e-05,-0.001047197551,0,0,0,-0.01151917306,0,-0.02057385048,-0.00975664772,-0.001991747746,0.001083665829,0.01278317462,0.1018977108,11.8319618,-0,0.09629057806,-0.1134168839,0.03049311787,0.1512500338,1.031042531,0.001858730633,-16.30363374,-0.1512500338,-0.001858730633,-16.42624938,-16.42624938,0.03431538886,-0.3285249876,0.0001056784931,-0,1.917475985e-06,-9.587379924e-07,-0.3285249876,-9.683253724e-05,0.0001056784931,-0,1.917475985e-06,-9.587379924e-07,-0.3285249876,-9.683253724e-05,0,0,0,0,0,0
5.3,1,1,5.320995858e-05,3.882888869e-05,-2.157160483e-06,6.639260598e-05,-0.01961242374,-4.889563761e-05,0,0,0,0,-0.01151917306,0,-0.0206715161,-0.009776431365,-0.001964972162,0.001059092353,0.0124858368,0.09957875626,11.82358533,-0,0.09488391621,-0.1110979293,0.06754015329,0.1476273569,1.03116477,0.001815187916,-15.932601,-0.1476273569,-0.001815187916,-16.01450339,-16.01450339,0.03428377719,-0.3202900679,-1.917475985e-06,-1.917475985e-06,1.438106989e-06,-4.793689962e-07,-0.3202900679,-9.731190623e-05,-1.917475985e-06,-1.917475985e-06,1.438106989e-06,-4.793689962e-07,-0.3202900679,-9.731190623e-05,0,0,0,0,0,0
5.31,1,1,5.320995858e-05,3.882888869e-05,-2.876213977e-06,6.639260598e-05,-0.01971189281,-4.793689962e-05,0,0,0,0,-0.007330382858,0,-0.02076937821,-0.009795946984,-0.001938142708,0.001057485402,0.01246031489,0.1036380636,11.81686443,-0,0.09373917535,-0.1109684465,0.05625475522,0.1472418518,1.027055709,0.001872432123,-16.58209018,-0.1472418518,-0.001872432123,-16.67494971,-16.67494971,0.03425223748,-0.3334989942,-1.917475985e-06,-1.917475985e-06,2.876213977e-06,-4.793689962e-07,-0.3334989942,-9.922938222e-05,-1.917475985e-06,-1.917475985e-06,2.876213977e-06,-4.793689962e-07,-0.3334989942,-9.922938222e-05,0,0,0,0,0,0
5.32,1,1,5.249090509e-05,3.691141271e-05,-1.677791487e-06,6.615292148e-05,-0.01977492983,-4.865595312e-05,0,0,0,0,-0.004188790205,0,-0.02086743414,-0.009815194042,-0.001911260118,0.001092504308,0.01286749209,0.1101427807,11.81264933,-0,0.0930136652,-0.1143315709,-0.01643356735,0.1519991718,1.023968107,0.001976200155,-17.62284491,-0.1519991718,-0.001976200155,-17.79325385,-17.79325385,0.03422099497,-0.355865077,-4.793689962e-07,1.917475985e-06,4.793689962e-07,-0,-0.355865077,-9.779127523e-05,-4.793689962e-07,1.917475985e-06,4.793689962e-07,-0,-0.355865077,-9.779127523e-05,0,0,0,0,0,0
5.33,1,1,5.177185159e-05,3.73907817e-05,-1.917475985e-06,6.639260598e-05,-0.01980992377,-4.841626862e-05,0,0,0,0.001047197551,-0.002094395102,0,-0.02096568119,-0.009834172011,-0.00188432513,0.001155757426,0.01360779897,0.1182914783,11.81032417,-0,0.09261089461,-0.1203858734,-0.12483625,0.1607125171,1.021905415,0.00211196005,-18.92663653,-0.1607125171,-0.00211196005,-19.21429725,-19.21429725,0.0341902316,-0.3842859451,9.587379924e-07,9.587379924e-07,9.587379924e-07,-0.0001051991241,-0.3842859451,-9.827064422e-05,9.587379924e-07,9.587379924e-07,9.587379924e-07,-0.0001051991241,-0.3842859451,-9.827064422e-05,0,0,0,0,0,0
5.34,1,1,5.177185159e-05,3.691141271e-05,-2.157160483e-06,6.663229047e-05,-0.01982861916,-4.913532211e-05,0,0,0,0,-0.001047197551,0,-0.02106411668,-0.009852880372,-0.001857338482,0.001235497522,0.01454231557,0.1269622901,11.80908628,-0,0.09239571118,-0.1280094877,-0.2418439946,0.1717314594,1.020876091,0.002260200413,-20.31396642,-0.1717314594,-0.002260200413,-20.72980208,-20.72980208,0.03416001405,-0.4145960415,9.587379924e-07,1.917475985e-06,1.438106989e-06,-9.587379924e-07,-0.4145960415,-9.683253724e-05,9.587379924e-07,1.917475985e-06,1.438106989e-06,-9.587379924e-07,-0.4145960415,-9.683253724e-05,0,0,0,0,0,0
5.35,1,1,5.201153609e-05,3.715109721e-05,-2.636529479e-06,6.639260598e-05,-0.01984467802,-4.961469111e-05,0,0,0,0,-0.001047197551,0,-0.0211627379,-0.009871318611,-0.001830300915,0.001318059881,0.01550962694,0.1348518678,11.80802537,-0,0.09221087155,-0.1358990653,-0.3417712354,0.1831380684,1.02089215,0.002398639686,-21.57629885,-0.1831380684,-0.002398639686,-22.10360679,-22.10360679,0.03413036348,-0.4420721358,4.793689962e-07,1.438106989e-06,2.396844981e-06,-4.793689962e-07,-0.4420721358,-9.587379924e-05,4.793689962e-07,1.438106989e-06,2.396844981e-06,-4.793689962e-07,-0.4420721358,-9.587379924e-05,0,0,0,0,0,0
5.36,1,1,5.225122059e-05,3.76304662e-05,-2.636529479e-06,6.711165947e-05,-0.01986720836,-4.913532211e-05,0,0,0,0,-0.002094395102,0,-0.02126154215,-0.009889486223,-0.001803213169,0.001394333788,0.01640216119,0.1410925826,11.80654067,-0,0.09195154033,-0.1431869777,-0.4123942814,0.1936527831,1.0219627,0.002512761137,-22.57481322,-0.1936527831,-0.002512761137,-23.18337304,-23.18337304,0.03410123574,-0.4636674609,-0,4.793689962e-07,2.396844981e-06,-1.917475985e-06,-0.4636674609,-9.683253724e-05,-0,4.793689962e-07,2.396844981e-06,-1.917475985e-06,-0.4636674609,-9.683253724e-05,0,0,0,0,0,0
5.37,1,1,5.297027408e-05,3.81098352e-05,-3.355582973e-06,6.735134397e-05,-0.01990867378,-4.865595312e-05,0,0,0,0,-0.004188790205,0,-0.02136052672,-0.00990738271,-0.001776075987,0.001451852941,0.01707279737,0.1444987817,11.80381959,-0,0.09147424838,-0.1486875719,-0.4370506841,0.2015242201,1.02410185,0.002582025501,-23.11980507,-0.2015242201,-0.002582025501,-23.760962,-23.760962,0.03407246721,-0.47521924,-1.438106989e-06,-4.793689962e-07,3.83495197e-06,-2.396844981e-06,-0.47521924,-9.779127523e-05,-1.438106989e-06,-4.793689962e-07,3.83495197e-06,-2.396844981e-06,-0.47521924,-9.779127523e-05,0,0,0,0,0,0
5.38,1,1,5.225122059e-05,3.882888869e-05,-2.636529479e-06,6.735134397e-05,-0.01996475995,-5.00940601e-05,0,0,0,0,-0.006283185307,0,-0.0214596889,-0.009925007581,-0.001748890113,0.001494928946,0.01757257188,0.1465294811,11.80016257,-0,0.09082863785,-0.1528126664,-0.4321082902,0.207359205,1.026257815,0.00262714913,-23.44471698,-0.207359205,-0.00262714913,-24.08681162,-24.08681162,0.03404399641,-0.4817362324,-0,-1.917475985e-06,2.396844981e-06,-2.396844981e-06,-0.4817362324,-9.491506125e-05,-0,-1.917475985e-06,2.396844981e-06,-2.396844981e-06,-0.4817362324,-9.491506125e-05,0,0,0,0,0,0
5.39,1,1,5.177185159e-05,3.954794219e-05,-2.157160483e-06,6.711165947e-05,-0.02004409552,-4.889563761e-05,0,0,0,0,-0.007330382858,0,-0.02155902597,-0.009942360352,-0.001721656292,0.001514930444,0.01779983949,0.1474113306,11.79503575,-0,0.08991535388,-0.1547417134,-0.3878135902,0.2099497431,1.027387912,0.002646576132,-23.58581289,-0.2099497431,-0.002646576132,-24.1862228,-24.1862228,0.03401562908,-0.4837244561,9.587379924e-07,-3.355582973e-06,1.438106989e-06,-1.917475985e-06,-0.4837244561,-9.731190623e-05,9.587379924e-07,-3.355582973e-06,1.438106989e-06,-1.917475985e-06,-0.4837244561,-9.731190623e-05,0,0,0,0,0,0
5.4,1,1,5.10527981e-05,3.73907817e-05,-1.438106989e-06,6.735134397e-05,-0.0201557885,-4.841626862e-05,-0.001047197551,0,0,0,-0.01256637061,0,-0.0216585352,-0.009959440549,-0.001694375271,0.0015027467,0.01764755959,0.1410414084,11.78790943,-0,0.08862948709,-0.153607779,-0.2949489278,0.2080278342,1.032761638,0.002556628009,-22.56662534,-0.2080278342,-0.002556628009,-23.07215873,-23.07215873,0.03398709565,-0.4614431747,0.0001071166001,9.587379924e-07,-0,-2.396844981e-06,-0.4614431747,-9.827064422e-05,0.0001071166001,9.587379924e-07,-0,-2.396844981e-06,-0.4614431747,-9.827064422e-05,0,0,0,0,0,0
5.41,1,1,5.201153609e-05,3.83495197e-05,-1.917475985e-06,6.711165947e-05,-0.02030655005,-4.889563761e-05,0,0,0,0,-0.01780235837,0,-0.02175821387,-0.009976247703,-0.001667047798,0.001451663819,0.01703733566,0.1309675068,11.77845984,-0,0.0868936685,-0.1487698652,-0.1511804791,0.2006735737,1.038188139,0.002396993708,-20.95480109,-0.2006735737,-0.002396993708,-21.30905214,-21.30905214,0.03395812345,-0.4261810428,4.793689962e-07,-9.587379924e-07,9.587379924e-07,-1.917475985e-06,-0.4261810428,-9.731190623e-05,4.793689962e-07,-9.587379924e-07,9.587379924e-07,-1.917475985e-06,-0.4261810428,-9.731190623e-05,0,0,0,0,0,0
5.42,1,1,5.320995858e-05,3.76304662e-05,-1.917475985e-06,6.591323698e-05,-0.02050357071,-4.913532211e-05,-0.001047197551,0,0,0,-0.01989675347,0,-0.02185805924,-0.009992781353,-0.001639674622,0.001354488535,0.01588560849,0.1196410635,11.76640345,-0,0.08462494187,-0.139537817,0.04600852165,0.1869164786,1.040499294,0.002197533026,-19.14257016,-0.1869164786,-0.002197533026,-19.28567565,-19.28567565,0.03392837729,-0.3857135131,0.0001028022791,4.793689962e-07,9.587379924e-07,4.793689962e-07,-0.3857135131,-9.683253724e-05,0.0001028022791,4.793689962e-07,9.587379924e-07,4.793689962e-07,-0.3857135131,-9.683253724e-05,0,0,0,0,0,0
5.43,1,1,5.297027408e-05,3.78701507e-05,-1.917475985e-06,6.591323698e-05,-0.02070826127,-4.913532211e-05,0,0,0,0,-0.01884955592,0,-0.02195806858,-0.01000904105,-0.001612256493,0.001249807314,0.01464749728,0.1107328497,11.75422803,-0,0.08226754843,-0.1295824056,0.2197884,0.1721700231,1.039646644,0.002028762069,-17.71725596,-0.1721700231,-0.002028762069,-17.67166634,-17.67166634,0.03389798921,-0.3534333268,-1.438106989e-06,-0,9.587379924e-07,4.793689962e-07,-0.3534333268,-9.683253724e-05,-1.438106989e-06,-0,9.587379924e-07,4.793689962e-07,-0.3534333268,-9.683253724e-05,0,0,0,0,0,0
5.44,1,1,5.201153609e-05,3.691141271e-05,-1.677791487e-06,6.519418349e-05,-0.0209103153,-4.889563761e-05,0,0,0,0,-0.01884955592,0,-0.02205823915,-0.01002502634,-0.001584794164,0.001147923848,0.0134442039,0.1010360669,11.74255857,-0,0.07994018259,-0.1198856228,0.3571237687,0.1578693518,1.039848698,0.001850139115,-16.1657707,-0.1578693518,-0.001850139115,-15.96836642,-15.96836642,0.03386707984,-0.3193673284,4.793689962e-07,1.917475985e-06,4.793689962e-07,1.917475985e-06,-0.3193673284,-9.731190623e-05,4.793689962e-07,1.917475985e-06,4.793689962e-07,1.917475985e-06,-0.3193673284,-9.731190623e-05,0,0,0,0,0,0
5.45,1,1,5.153216709e-05,3.81098352e-05,-2.396844981e-06,6.639260598e-05,-0.02111356775,-4.889563761e-05,0,0,0,0,-0.01884955592,0,-0.02215856819,-0.01004073678,-0.001557288387,0.001045000438,0.01223055118,0.09123236951,11.7311689,-0,0.07759868447,-0.1100819254,0.471181572,0.1434786616,1.04005195,0.001669722401,-14.59717912,-0.1434786616,-0.001669722401,-14.27114593,-14.27114593,0.03383566426,-0.2854229187,1.438106989e-06,-4.793689962e-07,1.917475985e-06,-4.793689962e-07,-0.2854229187,-9.731190623e-05,1.438106989e-06,-4.793689962e-07,1.917475985e-06,-4.793689962e-07,-0.2854229187,-9.731190623e-05,0,0,0,0,0,0
5.46,1,1,5.153216709e-05,3.83495197e-05,-2.157160483e-06,6.663229047e-05,-0.02128014848,-4.961469111e-05,0,0,0,0,-0.01256637061,0,-0.02225905297,-0.01005617196,-0.001529739916,0.0009789044856,0.01145036213,0.09122269994,11.72209453,-0,0.07567941131,-0.1037890706,0.4981309434,0.1342222273,1.033885998,0.001648265925,-14.59563199,-0.1342222273,-0.001648265925,-14.23337154,-14.23337154,0.03380402953,-0.2846674308,1.438106989e-06,-9.587379924e-07,1.438106989e-06,-9.587379924e-07,-0.2846674308,-9.587379924e-05,1.438106989e-06,-9.587379924e-07,1.438106989e-06,-9.587379924e-07,-0.2846674308,-9.587379924e-05,0,0,0,0,0,0
5.47,1,1,5.129248259e-05,3.83495197e-05,-2.636529479e-06,6.615292148e-05,-0.0213741048,-4.913532211e-05,0,0,0,0,-0.005235987756,0,-0.02235969071,-0.01007133144,-0.001502149506,0.0009855859093,0.0115237969,0.09921036617,11.71707956,-0,0.07459679332,-0.1044463539,0.3925663696,0.1350252451,1.026616946,0.001765830249,-15.87365859,-0.1350252451,-0.001765830249,-15.61788329,-15.61788329,0.03377263456,-0.3123576658,1.917475985e-06,-9.587379924e-07,2.396844981e-06,-0,-0.3123576658,-9.683253724e-05,1.917475985e-06,-9.587379924e-07,2.396844981e-06,-0,-0.3123576658,-9.683253724e-05,0,0,0,0,0,0
5.48,1,1,5.225122059e-05,3.906857319e-05,-3.115898475e-06,6.711165947e-05,-0.0214112559,-4.913532211e-05,0,0,0,0,-0.001047197551,0,-0.02246047867,-0.01008621481,-0.001474517914,0.001049222774,0.01226439371,0.1094964829,11.71511712,-0,0.07416869915,-0.1105436804,0.2078813318,0.1436788086,1.022458728,0.001931383834,-17.51943726,-0.1436788086,-0.001931383834,-17.45716612,-17.45716612,0.03374173785,-0.3491433224,-0,-2.396844981e-06,3.355582973e-06,-1.917475985e-06,-0.3491433224,-9.683253724e-05,-0,-2.396844981e-06,3.355582973e-06,-1.917475985e-06,-0.3491433224,-9.683253724e-05,0,0,0,0,0,0
5.49,1,1,5.201153609e-05,3.882888869e-05,-3.115898475e-06,6.687197497e-05,-0.02141964486,-4.913532211e-05,0,0,0,0,0,0,-0.02256141409,-0.01010082167,-0.001446845897,0.001141769229,0.01334325409,0.119399706,11.71467559,-0,0.07407203131,-0.119399706,0.007682615159,0.156311893,1.021419645,0.002099897194,-19.10395296,-0.156311893,-0.002099897194,-19.25468214,-19.25468214,0.03371147209,-0.3850936427,4.793689962e-07,-1.917475985e-06,3.355582973e-06,-1.438106989e-06,-0.3850936427,-9.683253724e-05,4.793689962e-07,-1.917475985e-06,3.355582973e-06,-1.438106989e-06,-0.3850936427,-9.683253724e-05,0,0,0,0,0,0
5.5,1,1,5.297027408e-05,3.83495197e-05,-2.396844981e-06,6.663229047e-05,-0.02142228139,-4.913532211e-05,0,0,0.001047197551,0,0,0,-0.02266249418,-0.0101151516,-0.001419134215,0.001240212797,0.01449075215,0.1288153464,11.71453695,-0,0.07404164989,-0.1288153464,-0.1660377385,0.1697524514,1.021422281,0.002263506256,-20.61045543,-0.1697524514,-0.002263506256,-20.94850912,-20.94850912,0.03368182253,-0.4189701825,-1.438106989e-06,-9.587379924e-07,-0.0001028022791,-9.587379924e-07,-0.4189701825,-9.683253724e-05,-1.438106989e-06,-9.587379924e-07,-0.0001028022791,-9.587379924e-07,-0.4189701825,-9.683253724e-05,0,0,0,0,0,0
5.51,1,1,5.201153609e-05,3.85892042e-05,-1.917475985e-06,6.663229047e-05,-0.02143067034,-5.03337446e-05,0,0,0,0,0,0,-0.02276371619,-0.01012920422,-0.001391383626,0.00133304585,0.01557208742,0.1376923357,11.7140962,-0,0.07394498136,-0.1376923357,-0.297869292,0.1824129301,1.02143067,0.00241744032,-22.03077372,-0.1824129301,-0.00241744032,-22.51347338,-22.51347338,0.0336527959,-0.4502694676,4.793689962e-07,-1.438106989e-06,9.587379924e-07,-9.587379924e-07,-0.4502694676,-9.443569225e-05,4.793689962e-07,-1.438106989e-06,9.587379924e-07,-9.587379924e-07,-0.4502694676,-9.443569225e-05,0,0,0,0,0,0
5.52,1,1,5.177185159e-05,3.76304662e-05,-1.677791487e-06,6.639260598e-05,-0.02144457205,-4.937500661e-05,0,0,0,0,-0.001047197551,0,-0.02286507734,-0.01014297914,-0.001363594892,0.001420505297,0.01659004951,0.1450067941,11.71336713,-0,0.07378478667,-0.1460539916,-0.3958217603,0.1943253406,1.022492044,0.002548994842,-23.20108705,-0.1943253406,-0.002548994842,-23.79378315,-23.79378315,0.0336243884,-0.4758756629,9.587379924e-07,4.793689962e-07,4.793689962e-07,-4.793689962e-07,-0.4758756629,-9.635316824e-05,9.587379924e-07,4.793689962e-07,4.793689962e-07,-4.793689962e-07,-0.4758756629,-9.635316824e-05,0,0,0,0,0,0
5.53,1,1,5.177185159e-05,3.78701507e-05,-2.636529479e-06,6.639260598e-05,-0.02147285482,-5.03337446e-05,0,0,0,0,-0.003141592654,0,-0.02296657485,-0.01015647599,-0.001335768774,0.001493720034,0.01744075808,0.149913813,11.71188885,-0,0.07345886895,-0.1530554057,-0.451087272,0.2042642201,1.024616915,0.002644018359,-23.98621008,-0.2042642201,-0.002644018359,-24.64420559,-24.64420559,0.03359649433,-0.4928841119,9.587379924e-07,-0,2.396844981e-06,-4.793689962e-07,-0.4928841119,-9.443569225e-05,9.587379924e-07,-0,2.396844981e-06,-4.793689962e-07,-0.4928841119,-9.443569225e-05,0,0,0,0,0,0
5.54,1,1,5.177185159e-05,3.73907817e-05,-2.157160483e-06,6.615292148e-05,-0.02152270919,-4.961469111e-05,0,0,0,0,-0.007330382858,0,-0.02306820593,-0.0101696944,-0.001307906035,0.001545496743,0.01804005376,0.1506819395,11.70929946,-0,0.07288435565,-0.1580123224,-0.4581129599,0.2112363919,1.028866526,0.002677458204,-24.10911033,-0.2112363919,-0.002677458204,-24.78113714,-24.78113714,0.03356895029,-0.4956227427,9.587379924e-07,9.587379924e-07,1.438106989e-06,-0,-0.4956227427,-9.587379924e-05,9.587379924e-07,9.587379924e-07,1.438106989e-06,-0,-0.4956227427,-9.587379924e-05,0,0,0,0,0,0
5.55,1,1,5.249090509e-05,3.76304662e-05,-1.917475985e-06,6.711165947e-05,-0.0216245751,-4.889563761e-05,0,0,0,0,-0.01256637061,0,-0.02316996781,-0.010182634,-0.001280007439,0.001545392705,0.01803178265,0.145458128,11.70407359,-0,0.07171041429,-0.1580244987,-0.3733863246,0.2110453112,1.034230424,0.002609504096,-23.27330049,-0.2110453112,-0.002609504096,-23.86034163,-23.86034163,0.03354125126,-0.4772068325,-4.793689962e-07,4.793689962e-07,9.587379924e-07,-1.917475985e-06,-0.4772068325,-9.731190623e-05,-4.793689962e-07,4.793689962e-07,9.587379924e-07,-1.917475985e-06,-0.4772068325,-9.731190623e-05,0,0,0,0,0,0
5.56,1,1,5.225122059e-05,3.83495197e-05,-2.636529479e-06,6.639260598e-05,-0.02177246044,-4.817658412e-05,0,0,0,0,-0.01675516082,0,-0.02327185768,-0.01019529443,-0.001252073751,0.001499397245,0.01748680925,0.1369061375,11.69664187,-0,0.07000599589,-0.1536612983,-0.2239020556,0.2045369452,1.038597805,0.002474794497,-21.904982,-0.2045369452,-0.002474794497,-22.3358958,-22.3358958,0.03351309494,-0.446717916,-0,-9.587379924e-07,2.396844981e-06,-4.793689962e-07,-0.446717916,-9.875001322e-05,-0,-9.587379924e-07,2.396844981e-06,-4.793689962e-07,-0.446717916,-9.875001322e-05,0,0,0,0,0,0
5.57,1,1,5.273058958e-05,3.78701507e-05,-1.677791487e-06,6.639260598e-05,-0.02197259699,-4.913532211e-05,0,0,0,0,-0.02094395102,0,-0.02337387277,-0.01020767536,-0.001224105737,0.001401275771,0.01633327211,0.1233792479,11.68687616,-0,0.06769912555,-0.1443231989,-0.01067488011,0.1908849284,1.04302621,0.002247396174,-19.74067967,-0.1908849284,-0.002247396174,-19.94448687,-19.94448687,0.03348412916,-0.3988897374,-9.587379924e-07,-0,4.793689962e-07,-4.793689962e-07,-0.3988897374,-9.683253724e-05,-9.587379924e-07,-0,4.793689962e-07,-4.793689962e-07,-0.3988897374,-9.683253724e-05,0,0,0,0,0,0
5.58,1,1,5.153216709e-05,3.715109721e-05,-1.917475985e-06,6.615292148e-05,-0.02219526389,-4.817658412e-05,0,0,0,0,-0.01989675347,0,-0.02347601026,-0.01021977643,-0.001196104164,0.001280746365,0.01491961565,0.1129420451,11.67640462,-0,0.0651322421,-0.1328387986,0.2014162002,0.174207469,1.042190988,0.00205216274,-18.07072721,-0.174207469,-0.00205216274,-18.04557064,-18.04557064,0.03345434911,-0.3609114129,1.438106989e-06,1.438106989e-06,9.587379924e-07,-0,-0.3609114129,-9.875001322e-05,1.438106989e-06,1.438106989e-06,9.587379924e-07,-0,-0.3609114129,-9.875001322e-05,0,0,0,0,0,0
5.59,1,1,5.177185159e-05,3.715109721e-05,-1.917475985e-06,6.567355248e-05,-0.02241026089,-4.841626862e-05,0,0.001047197551,0,0,-0.02094395102,0,-0.02357826736,-0.01023159733,-0.001168069799,0.001168006472,0.0135987456,0.1011452811,11.66668618,-0,0.06265347067,-0.1220892321,0.3612636862,0.1586522973,1.043463874,0.001840637959,-16.18324497,-0.1586522973,-0.001840637959,-15.98247422,-15.98247422,0.03342397479,-0.3196494844,9.587379924e-07,-0.0001032816481,9.587379924e-07,9.587379924e-07,-0.3196494844,-9.827064422e-05,9.587379924e-07,-0.0001032816481,9.587379924e-07,9.587379924e-07,-0.3196494844,-9.827064422e-05,0,0,0,0,0,0
5.6,1,1,5.177185159e-05,3.81098352e-05,-2.636529479e-06,6.567355248e-05,-0.02262573725,-4.913532211e-05,0,0,0,0,-0.01884955592,0,-0.02368064127,-0.01024313772,-0.00114000341,0.001054904018,0.01227533014,0.09244753109,11.65733197,-0,0.06016888244,-0.111297087,0.4916527156,0.1430975985,1.04156412,0.001674686808,-14.79160497,-0.1430975985,-0.001674686808,-14.44472454,-14.44472454,0.03339303089,-0.2888944909,9.587379924e-07,-4.793689962e-07,2.396844981e-06,9.587379924e-07,-0.2888944909,-9.683253724e-05,9.587379924e-07,-4.793689962e-07,2.396844981e-06,9.587379924e-07,-0.2888944909,-9.683253724e-05,0,0,0,0,0,0
5.61,1,1,5.177185159e-05,3.85892042e-05,-2.157160483e-06,6.639260598e-05,-0.02279064019,-4.937500661e-05,0,0,0,0,-0.01256637061,0,-0.02378312918,-0.01025439729,-0.001111905768,0.0009924889922,0.0115440084,0.09277871432,11.65043367,-0,0.05826725108,-0.1053450849,0.5086285047,0.1344927042,1.035396489,0.001659293128,-14.84459429,-0.1344927042,-0.001659293128,-14.47211778,-14.47211778,0.03336191377,-0.2894423557,9.587379924e-07,-1.438106989e-06,1.438106989e-06,-4.793689962e-07,-0.2894423557,-9.635316824e-05,9.587379924e-07,-1.438106989e-06,1.438106989e-06,-4.793689962e-07,-0.2894423557,-9.635316824e-05,0,0,0,0,0,0
5.62,1,1,5.273058958e-05,3.78701507e-05,-1.917475985e-06,6.663229047e-05,-0.02289418389,-4.937500661e-05,0,0,0,0,-0.007330382858,0,-0.02388572828,-0.01026537574,-0.001083777642,0.0009915443886,0.01152927781,0.09793942071,11.6462174,-0,0.05707312232,-0.1052698036,0.415283298,0.1342724758,1.030238,0.001732570426,-15.67030731,-0.1342724758,-0.001732570426,-15.39102906,-15.39102906,0.03333098261,-0.3078205812,-9.587379924e-07,-0,9.587379924e-07,-9.587379924e-07,-0.3078205812,-9.635316824e-05,-9.587379924e-07,-0,9.587379924e-07,-9.587379924e-07,-0.3078205812,-9.635316824e-05,0,0,0,0,0,0
5.63,1,1,5.249090509e-05,3.76304662e-05,-2.636529479e-06,6.591323698e-05,-0.02293972394,-4.985437561e-05,0,0,0,0,-0.001047197551,0,-0.02398843576,-0.01027607275,-0.001055619804,0.001048711811,0.01219124937,0.1097044094,11.64439113,-0,0.05654790738,-0.110751607,0.2373824694,0.1419596759,1.023987196,0.001915461209,-17.5527055,-0.1419596759,-0.001915461209,-17.45919817,-17.45919817,0.03330051146,-0.3491839634,-4.793689962e-07,4.793689962e-07,2.396844981e-06,4.793689962e-07,-0.3491839634,-9.539443025e-05,-4.793689962e-07,4.793689962e-07,2.396844981e-06,4.793689962e-07,-0.3491839634,-9.539443025e-05,0,0,0,0,0,0
5.64,1,1,5.273058958e-05,3.78701507e-05,-2.636529479e-06,6.687197497e-05,-0.02294739385,-4.937500661e-05,0,0,0,0,0,0,-0.02409124879,-0.01028648804,-0.001027433026,0.001143854946,0.01329513349,0.1198631011,11.64408523,-0,0.05645944897,-0.1198631011,0.02687878772,0.1548096675,1.022947394,0.002086713557,-19.17809617,-0.1548096675,-0.002086713557,-19.30811377,-19.30811377,0.03327071989,-0.3861622753,-9.587379924e-07,-0,2.396844981e-06,-1.438106989e-06,-0.3861622753,-9.635316824e-05,-9.587379924e-07,-0,2.396844981e-06,-1.438106989e-06,-0.3861622753,-9.635316824e-05,0,0,0,0,0,0
5.65,1,1,5.225122059e-05,3.78701507e-05,-2.396844981e-06,6.663229047e-05,-0.02295050975,-4.913532211e-05,0,0,0,0,0,0,-0.02419416458,-0.01029662131,-0.0009992180802,0.001243654829,0.01445291642,0.129417223,11.6439611,-0,0.05642351265,-0.129417223,-0.1527330834,0.1682891966,1.02295051,0.002251077483,-20.70675568,-0.1682891966,-0.002251077483,-21.03002904,-21.03002904,0.03324156098,-0.4206005808,-0,-0,1.917475985e-06,-9.587379924e-07,-0.4206005808,-9.683253724e-05,-0,-0,1.917475985e-06,-9.587379924e-07,-0.4206005808,-9.683253724e-05,0,0,0,0,0,0
5.66,1,1,5.249090509e-05,3.715109721e-05,-2.396844981e-06,6.735134397e-05,-0.0229574606,-4.841626862e-05,0,0,0,0,-0.001047197551,0,-0.02429718028,-0.01030647231,-0.0009709757402,0.001339719682,0.01556689195,0.1375647749,11.64368449,-0,0.05634334681,-0.1386119724,-0.2928966245,0.1812559783,1.024004932,0.002395670574,-22.01036398,-0.1812559783,-0.002395670574,-22.48691225,-22.48691225,0.03321305393,-0.4497382451,-4.793689962e-07,1.438106989e-06,1.917475985e-06,-2.396844981e-06,-0.4497382451,-9.827064422e-05,-4.793689962e-07,1.438106989e-06,1.917475985e-06,-2.396844981e-06,-0.4497382451,-9.827064422e-05,0,0,0,0,0,0
5.67,1,1,5.225122059e-05,3.73907817e-05,-2.636529479e-06,6.663229047e-05,-0.0229775941,-4.793689962e-05,0,0,0,0,-0.003141592654,0,-0.02440029308,-0.01031604074,-0.0009427067804,0.001422698985,0.01652820267,0.1434132064,11.64288551,-0,0.05611114077,-0.1465547991,-0.3840108783,0.1924359714,1.026121654,0.002505742429,-22.94611303,-0.1924359714,-0.002505742429,-23.52506562,-23.52506562,0.03318510723,-0.4705013123,-0,9.587379924e-07,2.396844981e-06,-9.587379924e-07,-0.4705013123,-9.922938222e-05,-0,9.587379924e-07,2.396844981e-06,-9.587379924e-07,-0.4705013123,-9.922938222e-05,0,0,0,0,0,0
5.68,1,1,5.201153609e-05,3.691141271e-05,-9.587379924e-07,6.639260598e-05,-0.02302505163,-4.889563761e-05,0,0,0,0,-0.005235987756,0,-0.02450350015,-0.01032532636,-0.0009144119758,0.001478448526,0.0171722314,0.1466602012,11.64101548,-0,0.055563789,-0.1518961889,-0.4105351396,0.1999022116,1.028267893,0.002571063032,-23.46563219,-0.1999022116,-0.002571063032,-24.0786406,-24.0786406,0.03315750986,-0.481572812,4.793689962e-07,1.917475985e-06,-9.587379924e-07,-4.793689962e-07,-0.481572812,-9.731190623e-05,4.793689962e-07,1.917475985e-06,-9.587379924e-07,-4.793689962e-07,-0.481572812,-9.731190623e-05,0,0,0,0,0,0
5.69,1,1,5.225122059e-05,3.691141271e-05,-1.198422491e-06,6.663229047e-05,-0.02310630467,-4.769721512e-05,0,0,0,0.001047197551,-0.007330382858,0,-0.02460679866,-0.0103343289,-0.0008860921022,0.001500493993,0.01742379053,0.1466886506,11.63785699,-0,0.05462662749,-0.1540190334,-0.3736040712,0.2027755824,1.030450121,0.00258034451,-23.47018409,-0.2027755824,-0.00258034451,-24.04914409,-24.04914409,0.03312998834,-0.4809828817,-0,1.917475985e-06,-4.793689962e-07,-0.0001056784931,-0.4809828817,-9.970875121e-05,-0,1.917475985e-06,-4.793689962e-07,-0.0001056784931,-0.4809828817,-9.970875121e-05,0,0,0,0,0,0
5.7,1,1,5.249090509e-05,3.78701507e-05,-9.587379924e-07,6.591323698e-05,-0.02322854377,-4.865595312e-05,0,0,0,0,-0.01256637061,0,-0.02471018579,-0.01034304812,-0.0008577479359,0.00148164202,0.01719952015,0.1396697959,11.63320805,-0,0.05321667084,-0.1522361666,-0.2712460724,0.2000855963,1.035834393,0.002480545024,-22.34716735,-0.2000855963,-0.002480545024,-22.82097956,-22.82097956,0.03310224063,-0.4564195913,-4.793689962e-07,-0,-9.587379924e-07,4.793689962e-07,-0.4564195913,-9.779127523e-05,-4.793689962e-07,-0,-9.587379924e-07,4.793689962e-07,-0.4564195913,-9.779127523e-05,0,0,0,0,0,0
5.71,1,1,5.225122059e-05,3.76304662e-05,-2.157160483e-06,6.639260598e-05,-0.02339584354,-4.793689962e-05,0,0,0,0,-0.01780235837,0,-0.02481365868,-0.01035148378,-0.000829380254,0.001417815137,0.01645257349,0.1283533587,11.62704526,-0,0.05128683718,-0.146155717,-0.10940939,0.1912948165,1.041277433,0.002301619293,-20.53653739,-0.1912948165,-0.002301619293,-20.83954321,-20.83954321,0.0330739273,-0.4167908643,-0,4.793689962e-07,1.438106989e-06,-4.793689962e-07,-0.4167908643,-9.922938222e-05,-0,4.793689962e-07,1.438106989e-06,-4.793689962e-07,-0.4167908643,-9.922938222e-05,0,0,0,0,0,0
5.72,1,1,5.177185159e-05,3.73907817e-05,-2.157160483e-06,6.615292148e-05,-0.02357321007,-4.841626862e-05,0,0,0,0,-0.01675516082,0,-0.02491721452,-0.01035963565,-0.0008009898342,0.001344004442,0.01559035143,0.1223625818,11.62076355,-0,0.04924072528,-0.1391177426,0.0393083121,0.1811717876,1.040398555,0.002188584304,-19.57801309,-0.1811717876,-0.002188584304,-19.72206515,-19.72206515,0.03304509898,-0.3944413029,9.587379924e-07,9.587379924e-07,1.438106989e-06,-0,-0.3944413029,-9.827064422e-05,9.587379924e-07,9.587379924e-07,1.438106989e-06,-0,-0.3944413029,-9.827064422e-05,0,0,0,0,0,0
5.73,1,1,5.129248259e-05,3.76304662e-05,-2.396844981e-06,6.663229047e-05,-0.02373188121,-4.913532211e-05,0,0,0,0,-0.01570796327,0,-0.02502085045,-0.0103675035,-0.0007725774549,0.001288969237,0.01494704203,0.118163253,11.61536336,-0,0.04741015332,-0.1338712162,0.1274026378,0.1736153244,1.03950153,0.002107975652,-18.90612047,-0.1736153244,-0.002107975652,-18.95444113,-18.95444113,0.03301599669,-0.3790888227,1.917475985e-06,4.793689962e-07,1.917475985e-06,-9.587379924e-07,-0.3790888227,-9.683253724e-05,1.917475985e-06,4.793689962e-07,1.917475985e-06,-9.587379924e-07,-0.3790888227,-9.683253724e-05,0,0,0,0,0,0
5.74,1,1,5.177185159e-05,3.76304662e-05,-2.396844981e-06,6.663229047e-05,-0.02387856812,-4.865595312e-05,0,0,0,0,-0.01151917306,0,-0.02512456364,-0.01037508712,-0.0007441438949,0.001245995514,0.01444436338,0.1182566514,11.61055512,-0,0.04571773593,-0.1297758244,0.1784106604,0.1677070772,1.035430914,0.002091295009,-18.92106422,-0.1677070772,-0.002091295009,-18.91245193,-18.91245193,0.03298670742,-0.3782490386,9.587379924e-07,4.793689962e-07,1.917475985e-06,-9.587379924e-07,-0.3782490386,-9.779127523e-05,9.587379924e-07,4.793689962e-07,1.917475985e-06,-9.587379924e-07,-0.3782490386,-9.779127523e-05,0,0,0,0,0,0
5.75,1,1,5.249090509e-05,3.78701507e-05,-2.876213977e-06,6.687197497e-05,-0.02402237882,-4.961469111e-05,0,0,0,0,-0.01570796327,0,-0.02522835124,-0.01038238631,-0.0007156899339,0.001205972419,0.01397638308,0.1102529984,11.60601262,-0,0.04405840777,-0.1259609617,0.2164196125,0.1622100784,1.039792027,0.001964459533,-17.64047975,-0.1622100784,-0.001964459533,-17.58823467,-17.58823467,0.0329572226,-0.3517646934,-4.793689962e-07,-0,2.876213977e-06,-1.438106989e-06,-0.3517646934,-9.587379924e-05,-4.793689962e-07,-0,2.876213977e-06,-1.438106989e-06,-0.3517646934,-9.587379924e-05,0,0,0,0,0,0
5.76,1,1,5.153216709e-05,3.76304662e-05,-2.876213977e-06,6.663229047e-05,-0.02417290069,-4.961469111e-05,0,0,0,0,-0.01466076572,0,-0.02533221042,-0.01038940086,-0.0006872163519,0.001159309727,0.0134317844,0.1068484514,11.60143978,-0,0.04232154685,-0.1215092171,0.2579889952,0.1558280377,1.038887401,0.001898772859,-17.09575222,-0.1558280377,-0.001898772859,-16.99549003,-16.99549003,0.03292747674,-0.3399098006,1.438106989e-06,4.793689962e-07,2.876213977e-06,-9.587379924e-07,-0.3399098006,-9.587379924e-05,1.438106989e-06,4.793689962e-07,2.876213977e-06,-9.587379924e-07,-0.3399098006,-9.587379924e-05,0,0,0,0,0,0
5.77,1,1,5.129248259e-05,3.76304662e-05,-2.396844981e-06,6.663229047e-05,-0.02430520653,-4.889563761e-05,0,0,0,0,-0.01151917306,0,-0.02543613831,-0.01039613057,-0.0006587239296,0.001130931779,0.0130996931,0.1072864967,11.59757359,-0,0.04079480005,-0.1188056698,0.2597806093,0.1519246547,1.035857552,0.001893736555,-17.16583948,-0.1519246547,-0.001893736555,-17.05987726,-17.05987726,0.0328976643,-0.3411975452,1.917475985e-06,4.793689962e-07,1.917475985e-06,-9.587379924e-07,-0.3411975452,-9.731190623e-05,1.917475985e-06,4.793689962e-07,1.917475985e-06,-9.587379924e-07,-0.3411975452,-9.731190623e-05,0,0,0,0,0,0
5.78,1,1,5.201153609e-05,3.81098352e-05,-2.157160483e-06,6.735134397e-05,-0.02442217257,-4.841626862e-05,0,0,0,0,-0.01151917306,0,-0.02554013208,-0.01040257528,-0.0006302134479,0.001117959511,0.0129465064,0.106056575,11.59427496,-0,0.03944500786,-0.1175757481,0.234370999,0.150105355,1.035974518,0.001870752868,-16.969052,-0.150105355,-0.001870752868,-16.88665711,-16.88665711,0.03286784475,-0.3377331421,4.793689962e-07,-4.793689962e-07,1.438106989e-06,-2.396844981e-06,-0.3377331421,-9.827064422e-05,4.793689962e-07,-4.793689962e-07,1.438106989e-06,-2.396844981e-06,-0.3377331421,-9.827064422e-05,0,0,0,0,0,0
5.79,1,1,5.10527981e-05,3.81098352e-05,-2.396844981e-06,6.567355248e-05,-0.0245252369,-4.793689962e-05,0,0,0,0,-0.009424777961,0,-0.02564418886,-0.01040873479,-0.0006016856887,0.001118951965,0.01295536508,0.1082573267,11.59146109,-0,0.03825559704,-0.1176821047,0.1893651638,0.1501716102,1.033972221,0.001900476187,-17.32117228,-0.1501716102,-0.001900476187,-17.2838792,-17.2838792,0.03283810582,-0.345677584,2.396844981e-06,-4.793689962e-07,1.917475985e-06,9.587379924e-07,-0.345677584,-9.922938222e-05,2.396844981e-06,-4.793689962e-07,1.917475985e-06,9.587379924e-07,-0.345677584,-9.922938222e-05,0,0,0,0,0,0
5.8,1,1,5.249090509e-05,3.691141271e-05,-2.396844981e-06,6.711165947e-05,-0.02462638376,-4.865595312e-05,0,0,0,0,-0.009424777961,0,-0.02574830582,-0.01041460893,-0.0005731414339,0.001121922063,0.0129872339,0.1085527497,11.58878396,-0,0.03708827531,-0.1179775276,0.1490169326,0.1505062478,1.034073368,0.001904311348,-17.36843995,-0.1505062478,-0.001904311348,-17.37183358,-17.37183358,0.03280840775,-0.3474366715,-4.793689962e-07,1.917475985e-06,1.917475985e-06,-1.917475985e-06,-0.3474366715,-9.779127523e-05,-4.793689962e-07,1.917475985e-06,1.917475985e-06,-1.917475985e-06,-0.3474366715,-9.779127523e-05,0,0,0,0,0,0
5.81,1,1,5.153216709e-05,3.691141271e-05,-2.636529479e-06,6.663229047e-05,-0.02473280368,-4.793689962e-05,0,0,0,0,-0.009424777961,0,-0.02585248009,-0.01042019756,-0.0005445814662,0.001119676416,0.01295875423,0.1083485681,11.58605745,-0,0.03586005703,-0.117773346,0.1254941382,0.150140871,1.034179788,0.001899400686,-17.33577089,-0.150140871,-0.001899400686,-17.36231702,-17.36231702,0.03277872418,-0.3472463404,1.438106989e-06,1.917475985e-06,2.396844981e-06,-9.587379924e-07,-0.3472463404,-9.922938222e-05,1.438106989e-06,1.917475985e-06,2.396844981e-06,-9.587379924e-07,-0.3472463404,-9.922938222e-05,0,0,0,0,0,0
5.82,1,1,5.153216709e-05,3.715109721e-05,-1.917475985e-06,6.663229047e-05,-0.02484353791,-4.889563761e-05,0,0,0,0,-0.01047197551,0,-0.02595670882,-0.01042550051,-0.0005160065685,0.001113170907,0.01288104057,0.1066889699,11.58331851,-0,0.03458200305,-0.1171609454,0.1135985288,0.1492051956,1.035342929,0.001872818227,-17.07023519,-0.1492051956,-0.001872818227,-17.10771467,-17.10771467,0.03274901718,-0.3421542935,1.438106989e-06,1.438106989e-06,9.587379924e-07,-9.587379924e-07,-0.3421542935,-9.731190623e-05,1.438106989e-06,1.438106989e-06,9.587379924e-07,-9.587379924e-07,-0.3421542935,-9.731190623e-05,0,0,0,0,0,0
5.83,1,1,5.273058958e-05,3.691141271e-05,-1.917475985e-06,6.663229047e-05,-0.0249442054,-4.889563761e-05,0,0,0,0,-0.00837758041,0,-0.02606098915,-0.01043051765,-0.0004874175242,0.001116783747,0.01292063666,0.1091395269,11.58091534,-0,0.03342009898,-0.1175171073,0.08547441963,0.1496327994,1.033339332,0.001906699843,-17.4623243,-0.1496327994,-0.001906699843,-17.52838938,-17.52838938,0.03271938472,-0.3505677877,-9.587379924e-07,1.917475985e-06,9.587379924e-07,-9.587379924e-07,-0.3505677877,-9.731190623e-05,-9.587379924e-07,1.917475985e-06,9.587379924e-07,-9.587379924e-07,-0.3505677877,-9.731190623e-05,0,0,0,0,0,0
5.84,1,1,5.320995858e-05,3.715109721e-05,-2.396844981e-06,6.639260598e-05,-0.02501371391,-4.913532211e-05,0,0,0,0,-0.004188790205,0,-0.02616531822,-0.01043524882,-0.0004588151171,0.001151604313,0.01332166577,0.116672872,11.57930422,-0,0.03261781205,-0.1208616622,0.007754889149,0.1542556206,1.029206891,0.00202022541,-18.66765952,-0.1542556206,-0.00202022541,-18.81618048,-18.81618048,0.0326900755,-0.3763236096,-1.917475985e-06,1.438106989e-06,1.917475985e-06,-4.793689962e-07,-0.3763236096,-9.683253724e-05,-1.917475985e-06,1.438106989e-06,1.917475985e-06,-4.793689962e-07,-0.3763236096,-9.683253724e-05,0,0,0,0,0,0
5.85,1,1,5.225122059e-05,3.76304662e-05,-2.876213977e-06,6.591323698e-05,-0.0250570968,-4.889563761e-05,0,0,0,0,-0.003141592654,0,-0.02626969317,-0.01043969391,-0.0004302001313,0.001212596371,0.01402567134,0.1235707242,11.57831861,-0,0.03211706635,-0.1267123169,-0.1009494602,0.1623936915,1.028201157,0.002133596978,-19.77131587,-0.1623936915,-0.002133596978,-20.03679262,-20.03679262,0.03266123104,-0.4007358524,-0,4.793689962e-07,2.876213977e-06,4.793689962e-07,-0.4007358524,-9.731190623e-05,-0,4.793689962e-07,2.876213977e-06,4.793689962e-07,-0.4007358524,-9.731190623e-05,0,0,0,0,0,0
5.86,1,1,5.153216709e-05,3.691141271e-05,-2.876213977e-06,6.615292148e-05,-0.0250849002,-4.961469111e-05,0,0,0,0,-0.002094395102,0,-0.02637411114,-0.01044385278,-0.0004015733514,0.001289210941,0.0149104501,0.1319641561,11.577695,-0,0.03179614326,-0.1340585512,-0.2170642614,0.1726286436,1.027180392,0.002272024652,-21.11426498,-0.1726286436,-0.002272024652,-21.50622991,-21.50622991,0.03263294664,-0.4301245981,1.438106989e-06,1.917475985e-06,2.876213977e-06,-0,-0.4301245981,-9.587379924e-05,1.438106989e-06,1.917475985e-06,2.876213977e-06,-0,-0.4301245981,-9.587379924e-05,0,0,0,0,0,0
5.87,1,1,5.201153609e-05,3.73907817e-05,-2.636529479e-06,6.711165947e-05,-0.02510886865,-4.889563761e-05,0,0,0,0,-0.002094395102,0,-0.02647856927,-0.01044772534,-0.0003729355622,0.00136970062,0.01583997862,0.1396809357,11.57716247,-0,0.03151948346,-0.1417753308,-0.3184202288,0.1833820059,1.02720436,0.002402951206,-22.34894971,-0.1833820059,-0.002402951206,-22.85315489,-22.85315489,0.03260524947,-0.4570630978,4.793689962e-07,9.587379924e-07,2.396844981e-06,-1.917475985e-06,-0.4570630978,-9.731190623e-05,4.793689962e-07,9.587379924e-07,2.396844981e-06,-1.917475985e-06,-0.4570630978,-9.731190623e-05,0,0,0,0,0,0
5.88,1,1,5.129248259e-05,3.715109721e-05,-3.355582973e-06,6.615292148e-05,-0.02513930858,-4.793689962e-05,0,0,0,0,-0.003141592654,0,-0.0265830647,-0.01045131146,-0.0003442875488,0.001443756112,0.01669491315,0.1457342069,11.57649289,-0,0.0311681229,-0.1488757996,-0.3897983172,0.1932685433,1.028283369,0.002510259247,-23.31747311,-0.1932685433,-0.002510259247,-23.90305023,-23.90305023,0.03257808099,-0.4780610046,1.917475985e-06,1.438106989e-06,3.83495197e-06,-0,-0.4780610046,-9.922938222e-05,1.917475985e-06,1.438106989e-06,3.83495197e-06,-0,-0.4780610046,-9.922938222e-05,0,0,0,0,0,0
5.89,1,1,5.177185159e-05,3.78701507e-05,-2.636529479e-06,6.639260598e-05,-0.02518149306,-4.817658412e-05,0,0.001047197551,0,0,-0.004188790205,0,-0.02668759455,-0.01045461106,-0.0003156300965,0.001506101492,0.01741420345,0.1506664642,11.57557744,-0,0.03068119327,-0.1548552544,-0.4276786385,0.2015794606,1.02937467,0.002598590538,-24.10663428,-0.2015794606,-0.002598590538,-24.73849097,-24.73849097,0.03255134132,-0.4947698193,9.587379924e-07,-0.0001047197551,2.396844981e-06,-4.793689962e-07,-0.4947698193,-9.875001322e-05,9.587379924e-07,-0.0001047197551,2.396844981e-06,-4.793689962e-07,-0.4947698193,-9.875001322e-05,0,0,0,0,0,0
5.9,1,1,5.10527981e-05,3.85892042e-05,-2.396844981e-06,6.687197497e-05,-0.02524716661,-4.793689962e-05,0,0.001047197551,0,0,-0.007330382858,0,-0.02679215596,-0.01045762403,-0.0002869639911,0.001544989353,0.01786192225,0.1512592462,11.57418108,-0,0.02992312154,-0.1585896291,-0.4169533492,0.2067371225,1.032590983,0.002623006344,-24.20147939,-0.2067371225,-0.002623006344,-24.82779287,-24.82779287,0.03252486181,-0.4965558574,2.396844981e-06,-0.0001061578621,1.917475985e-06,-1.438106989e-06,-0.4965558574,-9.922938222e-05,2.396844981e-06,-0.0001061578621,1.917475985e-06,-1.438106989e-06,-0.4965558574,-9.922938222e-05,0,0,0,0,0,0
5.91,1,1,5.225122059e-05,3.85892042e-05,-2.636529479e-06,6.615292148e-05,-0.02535142936,-4.841626862e-05,0,0,0,0,-0.01466076572,0,-0.02689674607,-0.01046035031,-0.0002582900184,0.001545316707,0.01786339976,0.143972475,11.57203631,-0,0.02871958713,-0.1586332407,-0.3398875041,0.2067159106,1.04006593,0.002530856893,-23.035596,-0.2067159106,-0.002530856893,-23.58473027,-23.58473027,0.03249828428,-0.4716946053,-0,-1.438106989e-06,2.396844981e-06,-0,-0.4716946053,-9.827064422e-05,-0,-1.438106989e-06,2.396844981e-06,-0,-0.4716946053,-9.827064422e-05,0,0,0,0,0,0
5.92,1,1,5.153216709e-05,3.81098352e-05,-2.396844981e-06,6.567355248e-05,-0.02551896883,-4.817658412e-05,0,0,0,0,-0.01780235837,0,-0.02700136201,-0.01046278981,-0.0002296089646,0.001482393183,0.0171332393,0.1348183397,11.56877503,-0,0.02678556703,-0.152620698,-0.1658129104,0.198210591,1.043400558,0.002383167149,-21.57093435,-0.198210591,-0.002383167149,-21.93734102,-21.93734102,0.03247106854,-0.4387468203,1.438106989e-06,-4.793689962e-07,1.917475985e-06,9.587379924e-07,-0.4387468203,-9.875001322e-05,1.438106989e-06,-4.793689962e-07,1.917475985e-06,9.587379924e-07,-0.4387468203,-9.875001322e-05,0,0,0,0,0,0
5.93,1,1,5.177185159e-05,3.73907817e-05,-2.636529479e-06,6.711165947e-05,-0.02574307383,-4.913532211e-05,0,0,0,0.001047197551,-0.02303834613,0,-0.02710600091,-0.01046494247,-0.0002009216159,0.001362927078,0.01574960236,0.1181510933,11.56476923,-0,0.02419845649,-0.1411894394,0.07473748871,0.1821405169,1.048914111,0.002108847178,-18.90417493,-0.1821405169,-0.002108847178,-19.01368681,-19.01368681,0.03244286593,-0.3802737361,9.587379924e-07,9.587379924e-07,2.396844981e-06,-0.0001066372311,-0.3802737361,-9.683253724e-05,9.587379924e-07,9.587379924e-07,2.396844981e-06,-0.0001066372311,-0.3802737361,-9.683253724e-05,0,0,0,0,0,0
5.94,1,1,5.249090509e-05,3.73907817e-05,-2.157160483e-06,6.615292148e-05,-0.02599426319,-4.937500661e-05,0,0,0,0,-0.02513274123,0,-0.0272106599,-0.01046680822,-0.0001722287589,0.001216396716,0.01405386334,0.1020256259,11.56076391,-0,0.02129853533,-0.1271583671,0.3175833216,0.1624733961,1.051284918,0.001827630371,-16.32410014,-0.1624733961,-0.001827630371,-16.17081784,-16.17081784,0.03241370299,-0.3234163569,-4.793689962e-07,9.587379924e-07,1.438106989e-06,-0,-0.3234163569,-9.635316824e-05,-4.793689962e-07,9.587379924e-07,1.438106989e-06,-0,-0.3234163569,-9.635316824e-05,0,0,0,0,0,0
5.95,1,1,5.249090509e-05,3.83495197e-05,-1.677791487e-06,6.495449899e-05,-0.02626630509,-4.721784613e-05,0,0,0,0,-0.02722713633,0,-0.02731533612,-0.01046838703,-0.0001435311801,0.001049031026,0.01211821361,0.08389497627,11.55700327,-0,0.01815772547,-0.1111221126,0.5534909281,0.1400502344,1.053678771,0.001508303916,-13.4231962,-0.1400502344,-0.001508303916,-13.01126381,-13.01126381,0.03238363732,-0.2602252763,-4.793689962e-07,-9.587379924e-07,4.793689962e-07,2.396844981e-06,-0.2602252763,-0.0001006674892,-4.793689962e-07,-9.587379924e-07,4.793689962e-07,2.396844981e-06,-0.2602252763,-0.0001006674892,0,0,0,0,0,0
5.96,1,1,5.129248259e-05,3.85892042e-05,-1.917475985e-06,6.687197497e-05,-0.02653882637,-4.769721512e-05,0,0,0,0,-0.02408554368,0,-0.02742002669,-0.01046967883,-0.0001148296663,0.0008812003203,0.01017808618,0.07094756993,11.55383725,-0,0.01501124644,-0.0950331136,0.7454036499,0.1175959512,1.050769398,0.00126729134,-11.35161119,-0.1175959512,-0.00126729134,-10.72507078,-10.72507078,0.0323528496,-0.2145014156,1.917475985e-06,-1.438106989e-06,9.587379924e-07,-1.438106989e-06,-0.2145014156,-9.970875121e-05,1.917475985e-06,-1.438106989e-06,9.587379924e-07,-1.438106989e-06,-0.2145014156,-9.970875121e-05,0,0,0,0,0,0
5.97,1,1,5.177185159e-05,3.76304662e-05,-2.636529479e-06,6.567355248e-05,-0.02673392955,-4.865595312e-05,0,0,0,0,-0.01570796327,0,-0.02752472874,-0.01047068361,-8.612500443e-05,0.0007907991902,0.009133138141,0.07065765768,11.55194,-0,0.01275855222,-0.08636562095,0.7653023543,0.1055054638,1.042503578,0.001241145596,-11.30522523,-0.1055054638,-0.001241145596,-10.64666948,-10.64666948,0.03232189184,-0.2129333897,9.587379924e-07,4.793689962e-07,2.396844981e-06,9.587379924e-07,-0.2129333897,-9.779127523e-05,9.587379924e-07,4.793689962e-07,2.396844981e-06,9.587379924e-07,-0.2129333897,-9.779127523e-05,0,0,0,0,0,0
5.98,1,1,5.249090509e-05,3.81098352e-05,-2.636529479e-06,6.639260598e-05,-0.02686287981,-4.889563761e-05,0,0,0,0,-0.009424777961,0,-0.0276294394,-0.01047140133,-5.741798139e-05,0.0007665595942,0.008852707785,0.07461879397,11.55085514,-0,0.01126964359,-0.08404357193,0.6662647117,0.1022563452,1.036309864,0.001293958832,-11.93900703,-0.1022563452,-0.001293958832,-11.37629263,-11.37629263,0.03229100368,-0.2275258525,-4.793689962e-07,-4.793689962e-07,2.396844981e-06,-4.793689962e-07,-0.2275258525,-9.731190623e-05,-4.793689962e-07,-4.793689962e-07,2.396844981e-06,-4.793689962e-07,-0.2275258525,-9.731190623e-05,0,0,0,0,0,0
5.99,1,1,5.273058958e-05,3.882888869e-05,-1.917475985e-06,6.639260598e-05,-0.0269402979,-4.793689962e-05,0.001047197551,0,0,0,-0.005235987756,0,-0.02773415581,-0.01047183196,-2.870938421e-05,0.000793857907,0.009167657308,0.08142986453,11.55026845,-0,0.01037573576,-0.08666585228,0.4951661445,0.105888903,1.03218314,0.001399514948,-13.02877832,-0.105888903,-0.001399514948,-12.6409006,-12.6409006,0.03226036296,-0.252818012,-0.0001056784931,-1.917475985e-06,9.587379924e-07,-4.793689962e-07,-0.252818012,-9.922938222e-05,-0.0001056784931,-1.917475985e-06,9.587379924e-07,-4.793689962e-07,-0.252818012,-9.922938222e-05,0,0,0,0,0,0
6,1,1,5.177185159e-05,3.81098352e-05,-2.396844981e-06,6.615292148e-05,-0.02697337436,-4.721784613e-05,0,0,0,-0.001047197551,-0.001047197551,0,-0.02783887509,-0.01047197551,5.693673632e-14,0.0008655007229,0.009994814795,0.09249558379,11.55003257,-0,0.009993816557,-0.09354278135,0.2777256041,0.1154404365,1.028020846,0.001575424548,-14.79929341,-0.1154404365,-0.001575424548,-14.63858366,-14.63858366,0.03223015378,-0.2927716733,9.587379924e-07,-4.793689962e-07,1.917475985e-06,0.0001047197551,-0.2927716733,-0.0001006674892,9.587379924e-07,-4.793689962e-07,1.917475985e-06,0.0001047197551,-0.2927716733,-0.0001006674892,0,0,0,0,0,0
6.01,1,1,5.201153609e-05,3.78701507e-05,-2.396844981e-06,6.639260598e-05,-0.02698487922,-4.793689962e-05,0,0,0,0,0,0,-0.02794359436,-0.01047183196,2.870938432e-05,0.0009587151436,0.01107112937,0.1024893536,11.5499526,-0,0.009860974836,-0.1024893536,0.06321798684,0.1278710195,1.026984879,0.001740519245,-16.39829658,-0.1278710195,-0.001740519245,-16.46469013,-16.46469013,0.03220047486,-0.3292938027,4.793689962e-07,-0,1.917475985e-06,-4.793689962e-07,-0.3292938027,-9.922938222e-05,4.793689962e-07,-0,1.917475985e-06,-4.793689962e-07,-0.3292938027,-9.922938222e-05,0,0,0,0,0,0
6.02,1,1,5.153216709e-05,3.715109721e-05,-2.396844981e-06,6.687197497e-05,-0.02699542534,-4.841626862e-05,0,0,0,0,-0.001047197551,0,-0.02804831077,-0.01047140133,5.74179815e-05,0.001052885431,0.01215849429,0.1104804203,11.54988024,-0,0.009739203144,-0.1115276178,-0.1136700842,0.1404291529,1.028042897,0.001878388615,-17.67686724,-0.1404291529,-0.001878388615,-17.93284487,-17.93284487,0.03217129728,-0.3586568974,1.438106989e-06,1.438106989e-06,1.917475985e-06,-1.438106989e-06,-0.3586568974,-9.827064422e-05,1.438106989e-06,1.438106989e-06,1.917475985e-06,-1.438106989e-06,-0.3586568974,-9.827064422e-05,0,0,0,0,0,0
6.03,1,1,5.129248259e-05,3.667172821e-05,-1.198422491e-06,6.663229047e-05,-0.02701507947,-4.865595312e-05,0,-0.001047197551,0,0,-0.001047197551,0,-0.02815302143,-0.01047068361,8.612500454e-05,0.001137941966,0.01314061672,0.1186444565,11.54974778,-0,0.009512264702,-0.119691654,-0.2420239001,0.1517708088,1.028062551,0.002015469368,-18.98311304,-0.1517708088,-0.002015469368,-19.37892321,-19.37892321,0.03214261905,-0.3875784643,1.917475985e-06,0.0001071166001,-4.793689962e-07,-9.587379924e-07,-0.3875784643,-9.779127523e-05,1.917475985e-06,0.0001071166001,-4.793689962e-07,-9.587379924e-07,-0.3875784643,-9.779127523e-05,0,0,0,0,0,0
6.04,1,1,5.225122059e-05,3.73907817e-05,-1.677791487e-06,6.615292148e-05,-0.02704887498,-4.841626862e-05,0,0,0,0,-0.003141592654,0,-0.02825772348,-0.01046967883,0.0001148296664,0.001208848504,0.01395934315,0.1233569001,11.54952731,-0,0.009122040429,-0.1264984927,-0.3221757663,0.161223815,1.030192935,0.002102362097,-19.73710401,-0.161223815,-0.002102362097,-20.22260596,-20.22260596,0.03211433701,-0.4044521192,-0,9.587379924e-07,4.793689962e-07,-0,-0.4044521192,-9.827064422e-05,-0,9.587379924e-07,4.793689962e-07,-0,-0.4044521192,-9.827064422e-05,0,0,0,0,0,0
6.05,1,1,5.249090509e-05,3.73907817e-05,-4.793689962e-07,6.567355248e-05,-0.02711526759,-4.841626862e-05,0,-0.001047197551,0,0,-0.007330382858,0,-0.02836241405,-0.01046838703,0.0001435311802,0.001247146466,0.01440151045,0.1228470654,11.5491211,-0,0.008355426632,-0.1301774483,-0.3290102793,0.1663247883,1.034459084,0.002109202985,-19.65553047,-0.1663247883,-0.002109202985,-20.15297474,-20.15297474,0.03208625155,-0.4030594948,-4.793689962e-07,0.0001056784931,-1.917475985e-06,9.587379924e-07,-0.4030594948,-9.827064422e-05,-4.793689962e-07,0.0001056784931,-1.917475985e-06,9.587379924e-07,-0.4030594948,-9.827064422e-05,0,0,0,0,0,0
6.06,1,1,5.225122059e-05,3.73907817e-05,-9.587379924e-07,6.567355248e-05,-0.02721114139,-4.769721512e-05,0,0,0,0,-0.01047197551,0,-0.02846709027,-0.01046680822,0.000172228759,0.001255948882,0.01450311549,0.1205548507,11.54859742,-0,0.007248396688,-0.1310268262,-0.2840328894,0.1674906421,1.037710532,0.002081055006,-19.28877611,-0.1674906421,-0.002081055006,-19.74238069,-19.74238069,0.03205813734,-0.3948476138,-0,9.587379924e-07,-9.587379924e-07,9.587379924e-07,-0.3948476138,-9.970875121e-05,-0,9.587379924e-07,-9.587379924e-07,9.587379924e-07,-0.3948476138,-9.970875121e-05,0,0,0,0,0,0
6.07,1,1,5.273058958e-05,3.619235921e-05,-9.587379924e-07,6.663229047e-05,-0.02731660256,-4.817658412e-05,0,0,0,0,-0.009424777961,0,-0.02857174926,-0.01046494247,0.000200921616,0.001255146696,0.01449390761,0.1215297206,11.54810721,-0,0.006030656093,-0.1309544985,-0.2305527855,0.167377199,1.036763587,0.002092219709,-19.44475529,-0.167377199,-0.002092219709,-19.8447775,-19.8447775,0.03203002397,-0.3968955499,-9.587379924e-07,3.355582973e-06,-9.587379924e-07,-9.587379924e-07,-0.3968955499,-9.875001322e-05,-9.587379924e-07,3.355582973e-06,-9.587379924e-07,-9.587379924e-07,-0.3968955499,-9.875001322e-05,0,0,0,0,0,0
6.08,1,1,5.225122059e-05,3.691141271e-05,-1.198422491e-06,6.591323698e-05,-0.02743428765,-4.865595312e-05,0,0,0,0,-0.01151917306,0,-0.02867638816,-0.01046278981,0.0002296089647,0.001242100508,0.01434342165,0.1181877287,11.54766635,-0,0.004671760437,-0.1297069018,-0.1650232185,0.1656330475,1.038986634,0.002041623447,-18.91003659,-0.1656330475,-0.002041623447,-19.24273448,-19.24273448,0.03200184497,-0.3848546897,-0,1.917475985e-06,-4.793689962e-07,4.793689962e-07,-0.3848546897,-9.779127523e-05,-0,1.917475985e-06,-4.793689962e-07,4.793689962e-07,-0.3848546897,-9.779127523e-05,0,0,0,0,0,0
6.09,1,1,5.225122059e-05,3.76304662e-05,-1.917475985e-06,6.663229047e-05,-0.02756203949,-4.817658412e-05,0,0,0,0,-0.01466076572,0,-0.0287810041,-0.01046035031,0.0002582900185,0.00121896461,0.01407654587,0.1128296257,11.54731452,-0,0.00319661797,-0.1274903914,-0.0932555229,0.1625463025,1.04227654,0.00195969365,-18.05274011,-0.1625463025,-0.00195969365,-18.31050163,-18.31050163,0.03197351429,-0.3662100327,-0,4.793689962e-07,9.587379924e-07,-9.587379924e-07,-0.3662100327,-9.875001322e-05,-0,4.793689962e-07,9.587379924e-07,-9.587379924e-07,-0.3662100327,-9.875001322e-05,0,0,0,0,0,0
6.1,1,1,5.225122059e-05,3.78701507e-05,-1.917475985e-06,6.687197497e-05,-0.02771783441,-4.769721512e-05,0,0,0,0,-0.01570796327,0,-0.02888559421,-0.01045762403,0.0002869639912,0.001167759797,0.01348567589,0.1068708528,11.54706399,-0,0.00139765692,-0.122578816,0.01436485654,0.1557199625,1.043487483,0.001858847089,-17.09933645,-0.1557199625,-0.001858847089,-17.2425504,-17.2425504,0.03194483829,-0.344851008,-0,-0,9.587379924e-07,-1.438106989e-06,-0.344851008,-9.970875121e-05,-0,-0,9.587379924e-07,-1.438106989e-06,-0.344851008,-9.970875121e-05,0,0,0,0,0,0
6.11,1,1,5.249090509e-05,3.76304662e-05,-7.190534943e-07,6.615292148e-05,-0.02788465483,-4.889563761e-05,0,0,0,0,-0.01466076572,0,-0.02899015563,-0.01045461106,0.0003156300966,0.0011055008,0.01276727929,0.1019437831,11.54701325,0,-0.0005286188665,-0.1166045488,0.1209746719,0.1474239432,1.042599155,0.001768524098,-16.3110053,-0.1474239432,-0.001768524098,-16.33922309,-16.33922309,0.03191581254,-0.3267844619,-4.793689962e-07,4.793689962e-07,-1.438106989e-06,-0,-0.3267844619,-9.731190623e-05,-4.793689962e-07,4.793689962e-07,-1.438106989e-06,-0,-0.3267844619,-9.731190623e-05,0,0,0,0,0,0
6.12,1,1,5.177185159e-05,3.76304662e-05,-1.198422491e-06,6.687197497e-05,-0.02803613543,-4.817658412e-05,0,0,0,0,-0.01256637061,0,-0.02909468548,-0.01045131146,0.0003442875489,0.001058550049,0.01222574098,0.0995320915,11.54716204,0,-0.002277764713,-0.1120984621,0.1806657445,0.1411726122,1.040641984,0.001718635112,-15.92513464,-0.1411726122,-0.001718635112,-15.88736014,-15.88736014,0.03188659019,-0.3177472029,9.587379924e-07,4.793689962e-07,-4.793689962e-07,-1.438106989e-06,-0.3177472029,-9.875001322e-05,9.587379924e-07,4.793689962e-07,-4.793689962e-07,-1.438106989e-06,-0.3177472029,-9.875001322e-05,0,0,0,0,0,0
6.13,1,1,5.201153609e-05,3.78701507e-05,-1.198422491e-06,6.711165947e-05,-0.02815166336,-4.817658412e-05,0,0,0,0,-0.009424777961,0,-0.0291991809,-0.01044772534,0.0003729355623,0.001047517543,0.01209904087,0.1016154556,11.54740019,0,-0.003611761885,-0.1110402335,0.1662716237,0.1397124668,1.037598648,0.001742765986,-16.25847289,-0.1397124668,-0.001742765986,-16.2336565,-16.2336565,0.03185743935,-0.32467313,4.793689962e-07,-0,-4.793689962e-07,-1.917475985e-06,-0.32467313,-9.875001322e-05,4.793689962e-07,-0,-4.793689962e-07,-1.917475985e-06,-0.32467313,-9.875001322e-05,0,0,0,0,0,0
6.14,1,1,5.249090509e-05,3.85892042e-05,-1.917475985e-06,6.687197497e-05,-0.02823531325,-4.841626862e-05,0,0,0,0,-0.006283185307,0,-0.02930363903,-0.01044385278,0.0004015733516,0.001068325783,0.01234011399,0.1067560812,11.54763997,0,-0.004577661495,-0.1130392665,0.09831195522,0.1424991935,1.034528368,0.001818456897,-17.080973,-0.1424991935,-0.001818456897,-17.12697869,-17.12697869,0.03182850973,-0.3425395738,-4.793689962e-07,-1.438106989e-06,9.587379924e-07,-1.438106989e-06,-0.3425395738,-9.827064422e-05,-4.793689962e-07,-1.438106989e-06,9.587379924e-07,-1.438106989e-06,-0.3425395738,-9.827064422e-05,0,0,0,0,0,0
6.15,1,1,5.177185159e-05,3.691141271e-05,-2.157160483e-06,6.711165947e-05,-0.02830530112,-4.841626862e-05,0,0,0,0,-0.005235987756,0,-0.029408057,-0.01043969391,0.0004302001315,0.001102755881,0.01273859761,0.1111105648,11.54788405,0,-0.005385804294,-0.1163465525,0.01942185876,0.1471038481,1.033548143,0.001887342016,-17.77769036,-0.1471038481,-0.001887342016,-17.90725969,-17.90725969,0.03179983731,-0.3581451939,9.587379924e-07,1.917475985e-06,1.438106989e-06,-1.917475985e-06,-0.3581451939,-9.827064422e-05,9.587379924e-07,1.917475985e-06,1.438106989e-06,-1.917475985e-06,-0.3581451939,-9.827064422e-05,0,0,0,0,0,0
6.16,1,1,5.153216709e-05,3.78701507e-05,-1.917475985e-06,6.615292148e-05,-0.02836929688,-4.769721512e-05,0,0,0,0,-0.006283185307,0,-0.02951243195,-0.01043524882,0.0004588151172,0.001143135073,0.01320590177,0.1139422696,11.54814189,0,-0.006124754487,-0.1202254549,-0.05503343915,0.1525036274,1.034662352,0.00193788368,-18.23076314,-0.1525036274,-0.00193788368,-18.44023809,-18.44023809,0.03177143711,-0.3688047618,1.438106989e-06,-0,9.587379924e-07,-0,-0.3688047618,-9.970875121e-05,1.438106989e-06,-0,9.587379924e-07,-0,-0.3688047618,-9.970875121e-05,0,0,0,0,0,0
6.17,1,1,5.249090509e-05,3.715109721e-05,-1.677791487e-06,6.591323698e-05,-0.02843976412,-4.793689962e-05,0,0,0,0,-0.006283185307,0,-0.02961676102,-0.01043051765,0.0004874175243,0.001176996901,0.01359806993,0.1171955086,11.54846411,0,-0.006938427066,-0.1234786939,-0.1042585462,0.1570368225,1.034732819,0.00199171471,-18.75128137,-0.1570368225,-0.00199171471,-19.01456846,-19.01456846,0.0317432441,-0.3802913692,-4.793689962e-07,1.438106989e-06,4.793689962e-07,4.793689962e-07,-0.3802913692,-9.922938222e-05,-4.793689962e-07,1.438106989e-06,4.793689962e-07,4.793689962e-07,-0.3802913692,-9.922938222e-05,0,0,0,0,0,0
6.18,1,1,5.201153609e-05,3.715109721e-05,-1.677791487e-06,6.615292148e-05,-0.02852772833,-4.817658412e-05,0,0,0,0,-0.009424777961,0,-0.02972104135,-0.01042550051,0.0005160065686,0.001193313019,0.01378773673,0.1156219835,11.54892268,0,-0.007954129112,-0.1250467615,-0.1129072861,0.1592335054,1.037974713,0.001975555878,-18.49951736,-0.1592335054,-0.001975555878,-18.77363371,-18.77363371,0.03171515591,-0.3754726742,4.793689962e-07,1.438106989e-06,4.793689962e-07,-0,-0.3754726742,-9.875001322e-05,4.793689962e-07,1.438106989e-06,4.793689962e-07,-0,-0.3754726742,-9.875001322e-05,0,0,0,0,0,0
6.19,1,1,5.368932758e-05,3.83495197e-05,-1.917475985e-06,6.687197497e-05,-0.02863151172,-4.697816163e-05,0,0,0,0,-0.01047197551,0,-0.02982527008,-0.01042019756,0.0005445814663,0.00119375836,0.01379422592,0.1146181589,11.54954418,0,-0.009152483496,-0.1250901344,-0.09267030245,0.1593170217,1.039130903,0.001961029069,-18.33890543,-0.1593170217,-0.001961029069,-18.59285378,-18.59285378,0.03168702795,-0.3718570756,-2.876213977e-06,-9.587379924e-07,9.587379924e-07,-1.438106989e-06,-0.3718570756,-0.0001011468582,-2.876213977e-06,-9.587379924e-07,9.587379924e-07,-1.438106989e-06,-0.3718570756,-0.0001011468582,0,0,0,0,0,0
6.2,1,1,5.225122059e-05,3.83495197e-05,-1.917475985e-06,6.615292148e-05,-0.028733857,-4.913532211e-05,0,0,0,0,-0.009424777961,0,-0.02992944435,-0.01041460893,0.000573141434,0.00119558735,0.01381680144,0.1158413867,11.55024238,0,-0.01033422286,-0.1252661646,-0.07893473194,0.1595874056,1.038180842,0.001976581052,-18.53462187,-0.1595874056,-0.001976581052,-18.77512059,-18.77512059,0.03165894104,-0.3755024118,-0,-9.587379924e-07,9.587379924e-07,-0,-0.3755024118,-9.683253724e-05,-0,-9.587379924e-07,9.587379924e-07,-0,-0.3755024118,-9.683253724e-05,0,0,0,0,0,0
6.21,1,1,5.03337446e-05,3.83495197e-05,-1.438106989e-06,6.663229047e-05,-0.02882829269,-4.889563761e-05,0,0,0,0,-0.007330382858,0,-0.03003356131,-0.01040873479,0.0006016856888,0.001205268614,0.0139301855,0.1188660608,11.55096179,0,-0.01142462385,-0.1261964436,-0.08189375233,0.1609070405,1.036172109,0.002018563558,-19.01856973,-0.1609070405,-0.002018563558,-19.26338908,-19.26338908,0.03163097165,-0.3852677816,3.83495197e-06,-9.587379924e-07,-0,-9.587379924e-07,-0.3852677816,-9.731190623e-05,3.83495197e-06,-9.587379924e-07,-0,-9.587379924e-07,-0.3852677816,-9.731190623e-05,0,0,0,0,0,0
6.22,1,1,5.177185159e-05,3.73907817e-05,-1.438106989e-06,6.639260598e-05,-0.02890714889,-4.817658412e-05,0,0,0,0,-0.006283185307,0,-0.0301376181,-0.01040257528,0.000630213448,0.001230469202,0.01422296418,0.1223347732,11.55161779,0,-0.01233512858,-0.1286179585,-0.1117311994,0.164298246,1.035200204,0.002071753107,-19.57356371,-0.164298246,-0.002071753107,-19.85166491,-19.85166491,0.03160322871,-0.3970332981,9.587379924e-07,9.587379924e-07,-0,-4.793689962e-07,-0.3970332981,-9.875001322e-05,9.587379924e-07,9.587379924e-07,-0,-4.793689962e-07,-0.3970332981,-9.875001322e-05,0,0,0,0,0,0
6.23,1,1,5.249090509e-05,3.78701507e-05,-1.677791487e-06,6.687197497e-05,-0.02897617803,-4.769721512e-05,0,0,0,-0.001047197551,-0.006283185307,0,-0.03024161186,-0.01039613057,0.0006587239297,0.001265433833,0.01462868649,0.125694833,11.55223334,0,-0.01313215988,-0.1319780183,-0.1531786912,0.1689939998,1.035269233,0.002127086987,-20.11117328,-0.1689939998,-0.002127086987,-20.43547306,-20.43547306,0.03157574434,-0.4087094612,-4.793689962e-07,-0,4.793689962e-07,0.0001032816481,-0.4087094612,-9.970875121e-05,-4.793689962e-07,-0,4.793689962e-07,0.0001032816481,-0.4087094612,-9.970875121e-05,0,0,0,0,0,0
6.24,1,1,5.225122059e-05,3.715109721e-05,-1.438106989e-06,6.687197497e-05,-0.02903705789,-4.865595312e-05,0,0,0,0,-0.006283185307,0,-0.03034553976,-0.01038940086,0.0006872163521,0.001308481865,0.01512796042,0.1298321843,11.55280823,0,-0.01383509203,-0.1361153696,-0.2006543943,0.1747704257,1.035330113,0.002195470893,-20.77314948,-0.1747704257,-0.002195470893,-21.15076978,-21.15076978,0.03154862317,-0.4230153955,-0,1.438106989e-06,-0,-1.438106989e-06,-0.4230153955,-9.779127523e-05,-0,1.438106989e-06,-0,-1.438106989e-06,-0.4230153955,-9.779127523e-05,0,0,0,0,0,0
6.25,1,1,5.201153609e-05,3.73907817e-05,-1.917475985e-06,6.687197497e-05,-0.02911040135,-4.817658412e-05,0,0,0,0,-0.00837758041,0,-0.03044939893,-0.01038238631,0.0007156899341,0.001338997582,0.01548262446,0.1306710222,11.55354066,0,-0.01468192472,-0.1390486026,-0.2167634655,0.1788791312,1.037505528,0.002217056192,-20.90736356,-0.1788791312,-0.002217056192,-21.30522321,-21.30522321,0.03152168817,-0.4261044642,4.793689962e-07,9.587379924e-07,9.587379924e-07,-1.438106989e-06,-0.4261044642,-9.875001322e-05,4.793689962e-07,9.587379924e-07,9.587379924e-07,-1.438106989e-06,-0.4261044642,-9.875001322e-05,0,0,0,0,0,0
6.26,1,1,5.225122059e-05,3.76304662e-05,-1.677791487e-06,6.735134397e-05,-0.02921034978,-4.793689962e-05,-0.001047197551,0,0,0,-0.01151917306,0,-0.03055318654,-0.01037508712,0.0007441438951,0.001342836751,0.01552922653,0.1278984603,11.55460888,0,-0.01583592901,-0.1394176334,-0.1830091025,0.1794341388,1.040762696,0.002181794953,-20.46375365,-0.1794341388,-0.002181794953,-20.82837869,-20.82837869,0.03149472744,-0.4165675738,0.0001047197551,4.793689962e-07,4.793689962e-07,-2.396844981e-06,-0.4165675738,-9.922938222e-05,0.0001047197551,4.793689962e-07,4.793689962e-07,-2.396844981e-06,-0.4165675738,-9.922938222e-05,0,0,0,0,0,0
6.27,1,1,5.153216709e-05,3.73907817e-05,-1.198422491e-06,6.663229047e-05,-0.02934193657,-4.769721512e-05,0,0,0,0,-0.01361356817,0,-0.03065689973,-0.0103675035,0.000772577455,0.001314963151,0.01520948187,0.1231238922,11.5561386,0,-0.01735520532,-0.1367374604,-0.09970258454,0.1757628806,1.043001837,0.002107573162,-19.69982276,-0.1757628806,-0.002107573162,-19.9773958,-19.9773958,0.03146751378,-0.3995479159,1.438106989e-06,9.587379924e-07,-4.793689962e-07,-9.587379924e-07,-0.3995479159,-9.970875121e-05,1.438106989e-06,9.587379924e-07,-4.793689962e-07,-9.587379924e-07,-0.3995479159,-9.970875121e-05,0,0,0,0,0,0
6.28,1,1,5.273058958e-05,3.643204371e-05,-1.198422491e-06,6.615292148e-05,-0.02949269812,-4.721784613e-05,0,0,0,0,-0.01466076572,0,-0.03076053566,-0.01035963565,0.0008009898343,0.001267837535,0.01466725693,0.1175445382,11.55806366,0,-0.0190958327,-0.1322053039,0.00150500477,0.1695250893,1.044207198,0.002014958074,-18.80712612,-0.1695250893,-0.002014958074,-18.97716116,-18.97716116,0.03143995828,-0.3795432232,-9.587379924e-07,2.876213977e-06,-4.793689962e-07,-0,-0.3795432232,-0.0001006674892,-9.587379924e-07,2.876213977e-06,-4.793689962e-07,-0,-0.3795432232,-0.0001006674892,0,0,0,0,0,0
6.29,1,1,5.201153609e-05,3.691141271e-05,-1.438106989e-06,6.543386798e-05,-0.02963483103,-4.721784613e-05,0,0,0,0,-0.01151917306,0,-0.03086409149,-0.01035148378,0.0008293802541,0.001229260461,0.01422380241,0.1169748618,11.56004724,0,-0.02073679786,-0.1284940349,0.06873493973,0.1644278279,1.041187177,0.001991852929,-18.71597789,-0.1644278279,-0.001991852929,-18.81366263,-18.81366263,0.03141223208,-0.3762732526,4.793689962e-07,1.917475985e-06,-0,1.438106989e-06,-0.3762732526,-0.0001006674892,4.793689962e-07,1.917475985e-06,-0,1.438106989e-06,-0.3762732526,-0.0001006674892,0,0,0,0,0,0
6.3,1,1,5.225122059e-05,3.643204371e-05,-1.438106989e-06,6.687197497e-05,-0.02976090508,-4.721784613e-05,0,0,0,0,-0.01151917306,0,-0.03096756439,-0.01034304812,0.000857747936,0.001206659311,0.01396503004,0.1147990285,11.5619438,0,-0.02219232391,-0.1263182016,0.09586169699,0.1614628925,1.041313251,0.001953546742,-18.36784456,-0.1614628925,-0.001953546742,-18.4353993,-18.4353993,0.03138443481,-0.368707986,-0,2.876213977e-06,-0,-1.438106989e-06,-0.368707986,-0.0001006674892,-0,2.876213977e-06,-0,-1.438106989e-06,-0.368707986,-0.0001006674892,0,0,0,0,0,0
6.31,1,1,5.153216709e-05,3.667172821e-05,-1.438106989e-06,6.639260598e-05,-0.0298826648,-4.721784613e-05,0,0,0,0,-0.01047197551,0,-0.03107095151,-0.0103343289,0.0008860921023,0.001188286707,0.01375517853,0.1140764035,11.56389785,0,-0.02359800764,-0.124548379,0.1101403673,0.1590634795,1.040382056,0.001936059695,-18.25222456,-0.1590634795,-0.001936059695,-18.30308374,-18.30308374,0.03135657779,-0.3660616747,1.438106989e-06,2.396844981e-06,-0,-4.793689962e-07,-0.3660616747,-0.0001006674892,1.438106989e-06,2.396844981e-06,-0,-4.793689962e-07,-0.3660616747,-0.0001006674892,0,0,0,0,0,0
6.32,1,1,5.201153609e-05,3.667172821e-05,-1.917475985e-06,6.615292148e-05,-0.0299986721,-4.841626862e-05,0,0,0,0,-0.01047197551,0,-0.03117425002,-0.01032532636,0.0009144119759,0.001175577922,0.01361086694,0.1128507585,11.56587153,0,-0.02493724861,-0.123322734,0.1121624974,0.1574215384,1.040498063,0.00191398217,-18.05612136,-0.1574215384,-0.00191398217,-18.10329439,-18.10329439,0.03132868711,-0.3620658877,4.793689962e-07,2.396844981e-06,9.587379924e-07,-0,-0.3620658877,-9.827064422e-05,4.793689962e-07,2.396844981e-06,9.587379924e-07,-0,-0.3620658877,-9.827064422e-05,0,0,0,0,0,0
6.33,1,1,5.201153609e-05,3.76304662e-05,-1.917475985e-06,6.687197497e-05,-0.03010557138,-4.865595312e-05,0,0,0,0,-0.00837758041,0,-0.03127745709,-0.01031604074,0.0009427067805,0.001171885707,0.01357090884,0.1145863487,11.56778699,0,-0.0261713129,-0.1229639291,0.09757336152,0.1569853827,1.038500698,0.001934241804,-18.33381579,-0.1569853827,-0.001934241804,-18.39516205,-18.39516205,0.03130082433,-0.367903241,4.793689962e-07,4.793689962e-07,9.587379924e-07,-1.438106989e-06,-0.367903241,-9.779127523e-05,4.793689962e-07,4.793689962e-07,9.587379924e-07,-1.438106989e-06,-0.367903241,-9.779127523e-05,0,0,0,0,0,0
6.34,1,1,5.320995858e-05,3.619235921e-05,-1.917475985e-06,6.711165947e-05,-0.03018754348,-4.721784613e-05,0,0,0,0,-0.006283185307,0,-0.03138056989,-0.01030647231,0.0009709757403,0.00119302641,0.01381834141,0.1187106247,11.56931868,0,-0.02711759314,-0.12499381,0.04171271559,0.1598687954,1.036480598,0.001994307579,-18.99369995,-0.1598687954,-0.001994307579,-19.11385034,-19.11385034,0.03127317789,-0.3822770068,-1.917475985e-06,3.355582973e-06,9.587379924e-07,-1.917475985e-06,-0.3822770068,-0.0001006674892,-1.917475985e-06,3.355582973e-06,9.587379924e-07,-1.917475985e-06,-0.3822770068,-0.0001006674892,0,0,0,0,0,0
6.35,1,1,5.344964308e-05,3.715109721e-05,-3.355582973e-06,6.759102847e-05,-0.03023572007,-4.697816163e-05,0,0,0,0,-0.003141592654,0,-0.0314835856,-0.01029662131,0.0009992180803,0.001247865529,0.01445585891,0.1271245921,11.57024436,0,-0.02767373184,-0.1302661848,-0.0631686863,0.1672578201,1.03337978,0.002121052857,-20.33993474,-0.1672578201,-0.002121052857,-20.5724823,-20.5724823,0.0312460095,-0.411449646,-2.396844981e-06,1.438106989e-06,3.83495197e-06,-2.876213977e-06,-0.411449646,-0.0001011468582,-2.396844981e-06,1.438106989e-06,3.83495197e-06,-2.876213977e-06,-0.411449646,-0.0001011468582,0,0,0,0,0,0
6.36,1,1,5.249090509e-05,3.76304662e-05,-2.876213977e-06,6.663229047e-05,-0.03026184568,-4.745753063e-05,0,0,0,0,-0.002094395102,0,-0.03158650138,-0.01028648804,0.001027433026,0.001324655701,0.01534763709,0.1355575227,11.57075424,0,-0.02797531682,-0.1376519178,-0.1869818232,0.1775837369,1.032357337,0.002255356684,-21.68920363,-0.1775837369,-0.002255356684,-22.05602454,-22.05602454,0.03121942421,-0.4411204909,-4.793689962e-07,4.793689962e-07,2.876213977e-06,-9.587379924e-07,-0.4411204909,-0.0001001881202,-4.793689962e-07,4.793689962e-07,2.876213977e-06,-9.587379924e-07,-0.4411204909,-0.0001001881202,0,0,0,0,0,0
6.37,1,1,5.08131136e-05,3.715109721e-05,-2.396844981e-06,6.735134397e-05,-0.03028221886,-4.721784613e-05,0,0,0,0,-0.002094395102,0,-0.03168931442,-0.01027607275,0.001055619805,0.001407095557,0.01630509422,0.1434886546,11.5711557,0,-0.02821049644,-0.1455830497,-0.2979524966,0.188668784,1.032377711,0.002385417092,-22.95818474,-0.188668784,-0.002385417092,-23.44719143,-23.44719143,0.03119347269,-0.4689438287,2.876213977e-06,1.438106989e-06,1.917475985e-06,-2.396844981e-06,-0.4689438287,-0.0001006674892,2.876213977e-06,1.438106989e-06,1.917475985e-06,-2.396844981e-06,-0.4689438287,-0.0001006674892,0,0,0,0,0,0
6.38,1,1,5.03337446e-05,3.691141271e-05,-2.876213977e-06,6.711165947e-05,-0.03030283173,-4.745753063e-05,0,0,0,0,-0.002094395102,0,-0.03179202189,-0.01026537574,0.001083777643,0.001489190167,0.01725887461,0.1513884105,11.57156532,0,-0.02844844169,-0.1534828056,-0.3878512362,0.1997121949,1.032398323,0.002514797409,-24.22214567,-0.1997121949,-0.002514797409,-24.8122239,-24.8122239,0.03116813866,-0.4962444781,3.83495197e-06,1.917475985e-06,2.876213977e-06,-1.917475985e-06,-0.4962444781,-0.0001001881202,3.83495197e-06,1.917475985e-06,2.876213977e-06,-1.917475985e-06,-0.4962444781,-0.0001001881202,0,0,0,0,0,0
6.39,1,1,5.10527981e-05,3.715109721e-05,-1.917475985e-06,6.615292148e-05,-0.03033590819,-4.793689962e-05,0,0,0,0,-0.003141592654,0,-0.03189462099,-0.01025439729,0.001111905768,0.001558712806,0.01806749665,0.1570324467,11.57222984,0,-0.02883025828,-0.1601740394,-0.439261637,0.2090812238,1.033479968,0.002611937977,-25.12519147,-0.2090812238,-0.002611937977,-25.77614627,-25.77614627,0.03114333249,-0.5155229254,2.396844981e-06,1.438106989e-06,9.587379924e-07,-0,-0.5155229254,-9.922938222e-05,2.396844981e-06,1.438106989e-06,9.587379924e-07,-0,-0.5155229254,-9.922938222e-05,0,0,0,0,0,0
6.4,1,1,5.177185159e-05,3.73907817e-05,-2.157160483e-06,6.567355248e-05,-0.03037377834,-4.769721512e-05,-0.001047197551,0,0,0,-0.004188790205,0,-0.0319971089,-0.01024313772,0.00114000341,0.001623330565,0.01881967467,0.1622057404,11.57300158,0,-0.02926740674,-0.1663945306,-0.4724101767,0.2178001248,1.034566955,0.00270155369,-25.95291846,-0.2178001248,-0.00270155369,-26.64583032,-26.64583032,0.03111906701,-0.5329166064,0.0001056784931,9.587379924e-07,1.438106989e-06,9.587379924e-07,-0.5329166064,-9.970875121e-05,0.0001056784931,9.587379924e-07,1.438106989e-06,9.587379924e-07,-0.5329166064,-9.970875121e-05,0,0,0,0,0,0
6.41,1,1,5.10527981e-05,3.76304662e-05,-1.917475985e-06,6.591323698e-05,-0.03043513757,-4.793689962e-05,0,0,0,0,-0.006283185307,0,-0.03209948281,-0.01023159733,0.001168069799,0.001664345242,0.01929899021,0.1640600921,11.57427677,0,-0.02997568898,-0.1703432774,-0.4574025857,0.2233718542,1.036728192,0.002741751389,-26.24961474,-0.2233718542,-0.002741751389,-26.93313093,-26.93313093,0.03109510078,-0.5386626186,2.396844981e-06,4.793689962e-07,9.587379924e-07,4.793689962e-07,-0.5386626186,-9.922938222e-05,2.396844981e-06,4.793689962e-07,9.587379924e-07,4.793689962e-07,-0.5386626186,-9.922938222e-05,0,0,0,0,0,0
6.42,1,1,5.273058958e-05,3.73907817e-05,-1.438106989e-06,6.591323698e-05,-0.03053005263,-4.793689962e-05,0,0,0,0,-0.01151917306,0,-0.03220173991,-0.01021977643,0.001196104164,0.001671687283,0.01938879141,0.1595301931,11.57630969,0,-0.03107129074,-0.1710493661,-0.3855538962,0.2244506537,1.042082399,0.002691578133,-25.52483089,-0.2244506537,-0.002691578133,-26.13752702,-26.13752702,0.03107106941,-0.5227505403,-9.587379924e-07,9.587379924e-07,-0,4.793689962e-07,-0.5227505403,-9.922938222e-05,-9.587379924e-07,9.587379924e-07,-0,4.793689962e-07,-0.5227505403,-9.922938222e-05,0,0,0,0,0,0
6.43,1,1,5.225122059e-05,3.73907817e-05,-9.587379924e-07,6.687197497e-05,-0.0306743427,-4.745753063e-05,0,0,0,0,-0.01675516082,0,-0.03230387741,-0.01020767536,0.001224105738,0.001629534708,0.01890566436,0.1502322069,11.57954062,0,-0.03273677284,-0.1669873678,-0.2388612827,0.2189189085,1.047499687,0.002559112192,-24.03715311,-0.2189189085,-0.002559112192,-24.49749241,-24.49749241,0.03104657519,-0.4899498483,-0,9.587379924e-07,-9.587379924e-07,-1.438106989e-06,-0.4899498483,-0.0001001881202,-0,9.587379924e-07,-9.587379924e-07,-1.438106989e-06,-0.4899498483,-0.0001001881202,0,0,0,0,0,0
6.44,1,1,5.225122059e-05,3.691141271e-05,-1.677791487e-06,6.663229047e-05,-0.0308737602,-4.673847713e-05,0,0,0,0,-0.02199114858,0,-0.03240589249,-0.01019529443,0.001252073752,0.001532132287,0.01778243925,0.1356104317,11.58428522,0,-0.03503845585,-0.1576015802,-0.02195285466,0.2059968482,1.052985811,0.002332396832,-21.69766907,-0.2059968482,-0.002332396832,-21.92795117,-21.92795117,0.03102115808,-0.4385590233,-0,1.917475985e-06,4.793689962e-07,-9.587379924e-07,-0.4385590233,-0.0001016262272,-0,1.917475985e-06,4.793689962e-07,-9.587379924e-07,-0.4385590233,-0.0001016262272,0,0,0,0,0,0
6.45,1,1,5.153216709e-05,3.76304662e-05,-1.438106989e-06,6.663229047e-05,-0.03110289858,-4.769721512e-05,0,0,0,0,-0.02303834613,0,-0.03250778236,-0.01018263399,0.001280007439,0.001404883782,0.01631270823,0.1223006737,11.59013746,0,-0.03768300565,-0.1453390198,0.2061639928,0.1890665307,1.054273936,0.002106838757,-19.56810779,-0.1890665307,-0.002106838757,-19.55311716,-19.55311716,0.03099473287,-0.3910623432,1.438106989e-06,4.793689962e-07,-0,-9.587379924e-07,-0.3910623432,-9.970875121e-05,1.438106989e-06,4.793689962e-07,-0,-9.587379924e-07,-0.3910623432,-9.970875121e-05,0,0,0,0,0,0
6.46,1,1,5.249090509e-05,3.715109721e-05,-1.438106989e-06,6.615292148e-05,-0.03133035917,-4.673847713e-05,0,-0.001047197551,0,0,-0.02303834613,0,-0.03260954424,-0.0101696944,0.001307906035,0.001279185068,0.01485994821,0.11018639,11.59637102,0,-0.04030799608,-0.1332247362,0.3901154485,0.1723214728,1.054501397,0.001897306054,-17.62982241,-0.1723214728,-0.001897306054,-17.41392574,-17.41392574,0.03096751926,-0.3482785148,-4.793689962e-07,0.0001061578621,-0,-0,-0.3482785148,-0.0001016262272,-4.793689962e-07,0.0001061578621,-0,-0,-0.3482785148,-0.0001016262272,0,0,0,0,0,0
6.47,1,1,5.297027408e-05,3.691141271e-05,-1.917475985e-06,6.663229047e-05,-0.03156045629,-4.769721512e-05,0,0,0,0,-0.02094395102,0,-0.03271117532,-0.01015647599,0.001335768774,0.001150719034,0.01337400984,0.09989954466,11.60310748,0,-0.0429632011,-0.1208434957,0.5447425801,0.1551800736,1.05261407,0.001712480905,-15.98392715,-0.1551800736,-0.001712480905,-15.59607712,-15.59607712,0.03093957416,-0.3119215424,-1.438106989e-06,1.917475985e-06,9.587379924e-07,-9.587379924e-07,-0.3119215424,-9.970875121e-05,-1.438106989e-06,1.917475985e-06,9.587379924e-07,-9.587379924e-07,-0.3119215424,-9.970875121e-05,0,0,0,0,0,0
6.48,1,1,5.392901207e-05,3.667172821e-05,-1.438106989e-06,6.663229047e-05,-0.03174357524,-4.793689962e-05,0,0,0,0,-0.01361356817,0,-0.03281267283,-0.01014297914,0.001363594892,0.001069097585,0.01243071992,0.09936027967,11.60877856,0,-0.04507614005,-0.1129738478,0.5870453731,0.1443054749,1.045403476,0.001678448084,-15.89764475,-0.1443054749,-0.001678448084,-15.4565833,-15.4565833,0.03091132219,-0.3091316659,-3.355582973e-06,2.396844981e-06,-0,-9.587379924e-07,-0.3091316659,-9.922938222e-05,-3.355582973e-06,2.396844981e-06,-0,-9.587379924e-07,-0.3091316659,-9.922938222e-05,0,0,0,0,0,0
6.49,1,1,5.320995858e-05,3.667172821e-05,-2.157160483e-06,6.687197497e-05,-0.03184424273,-4.769721512e-05,0,0,0,0,-0.005235987756,0,-0.03291403398,-0.01012920422,0.001391383626,0.001069791244,0.01244273405,0.1077955171,11.61201335,0,-0.04623763948,-0.1130315048,0.4764160299,0.144485194,1.037087084,0.001790458181,-17.24728273,-0.144485194,-0.001790458181,-16.91714235,-16.91714235,0.03088332047,-0.3383428471,-1.917475985e-06,2.396844981e-06,1.438106989e-06,-1.438106989e-06,-0.3383428471,-9.970875121e-05,-1.917475985e-06,2.396844981e-06,1.438106989e-06,-1.438106989e-06,-0.3383428471,-9.970875121e-05,0,0,0,0,0,0
6.5,1,1,5.273058958e-05,3.78701507e-05,-2.876213977e-06,6.663229047e-05,-0.03187132708,-4.769721512e-05,0,0,0,0,0,0,-0.03301525599,-0.0101151516,0.001419134215,0.001143928906,0.01330782445,0.1201638981,11.61289787,0,-0.04655013019,-0.1201638981,0.2572226971,0.1545424062,1.031871327,0.001974113689,-19.22622369,-0.1545424062,-0.001974113689,-19.12551751,-19.12551751,0.0308559581,-0.3825103503,-9.587379924e-07,-0,2.876213977e-06,-9.587379924e-07,-0.3825103503,-9.970875121e-05,-9.587379924e-07,-0,2.876213977e-06,-9.587379924e-07,-0.3825103503,-9.970875121e-05,0,0,0,0,0,0
6.51,1,1,5.201153609e-05,3.73907817e-05,-3.595267472e-06,6.663229047e-05,-0.0318725255,-4.649879263e-05,0,0,0,0,0,0,-0.03311633609,-0.01010082167,0.001446845897,0.001243810581,0.01447229123,0.1297790875,11.61293715,0,-0.04656395714,-0.1297790875,0.03412708889,0.1680658084,1.031872526,0.0021302356,-20.764654,-0.1680658084,-0.0021302356,-20.90072296,-20.90072296,0.03082930281,-0.4180144591,4.793689962e-07,9.587379924e-07,4.314320966e-06,-9.587379924e-07,-0.4180144591,-0.0001021055962,4.793689962e-07,9.587379924e-07,4.314320966e-06,-9.587379924e-07,-0.4180144591,-0.0001021055962,0,0,0,0,0,0
6.52,1,1,5.225122059e-05,3.691141271e-05,-3.595267472e-06,6.711165947e-05,-0.03187324456,-4.697816163e-05,0,0,0,0,0,0,-0.0332172715,-0.01008621481,0.001474517914,0.00134402694,0.01564107705,0.1394298838,11.61296072,0,-0.0465722533,-0.1394298838,-0.1486245373,0.1816392134,1.031873245,0.002286717923,-22.3087814,-0.1816392134,-0.002286717923,-22.64133187,-22.64133187,0.0308033455,-0.4528266374,-0,1.917475985e-06,4.314320966e-06,-1.917475985e-06,-0.4528266374,-0.0001011468582,-0,1.917475985e-06,4.314320966e-06,-1.917475985e-06,-0.4528266374,-0.0001011468582,0,0,0,0,0,0
6.53,1,1,5.320995858e-05,3.691141271e-05,-2.396844981e-06,6.735134397e-05,-0.03187540172,-4.769721512e-05,0,0,0,0,0,0,-0.03331805946,-0.01007133144,0.001502149506,0.001442657741,0.01679188865,0.1489312289,11.61303146,0,-0.04659714177,-0.1489312289,-0.2952157842,0.1950047312,1.031875402,0.002440549233,-23.82899663,-0.1950047312,-0.002440549233,-24.32165769,-24.32165769,0.03077812619,-0.4864331538,-1.917475985e-06,1.917475985e-06,1.917475985e-06,-2.396844981e-06,-0.4864331538,-9.970875121e-05,-1.917475985e-06,1.917475985e-06,1.917475985e-06,-2.396844981e-06,-0.4864331538,-9.970875121e-05,0,0,0,0,0,0
6.54,1,1,5.273058958e-05,3.667172821e-05,-1.917475985e-06,6.711165947e-05,-0.03188139383,-4.769721512e-05,0,0,0,0,0,0,-0.03341869721,-0.01005617196,0.001529739916,0.001537303376,0.017896865,0.1580516241,11.61322817,0,-0.04666627631,-0.1580516241,-0.4078851199,0.2078403767,1.031881394,0.002587971343,-25.28825985,-0.2078403767,-0.002587971343,-25.90657332,-25.90657332,0.03075366587,-0.5181314664,-9.587379924e-07,2.396844981e-06,9.587379924e-07,-1.917475985e-06,-0.5181314664,-9.970875121e-05,-9.587379924e-07,2.396844981e-06,9.587379924e-07,-1.917475985e-06,-0.5181314664,-9.970875121e-05,0,0,0,0,0,0
6.55,1,1,5.249090509e-05,3.715109721e-05,-7.190534943e-07,6.495449899e-05,-0.03189793206,-4.769721512e-05,0,0,0,0,-0.002094395102,0,-0.03351918198,-0.01004073678,0.001557288387,0.001621249919,0.01887803684,0.1640487136,11.6137726,0,-0.04685708678,-0.1661431087,-0.4807597025,0.219245227,1.033993424,0.002695085467,-26.24779418,-0.219245227,-0.002695085467,-26.95049419,-26.95049419,0.03072988179,-0.5390098839,-4.793689962e-07,1.438106989e-06,-1.438106989e-06,2.396844981e-06,-0.5390098839,-9.970875121e-05,-4.793689962e-07,1.438106989e-06,-1.438106989e-06,2.396844981e-06,-0.5390098839,-9.970875121e-05,0,0,0,0,0,0
6.56,1,1,5.153216709e-05,3.691141271e-05,-1.438106989e-06,6.591323698e-05,-0.03193652127,-4.793689962e-05,0,0,0,0,-0.004188790205,0,-0.03361951103,-0.01002502634,0.001584794164,0.001682989759,0.01960173374,0.1679057357,11.61505168,0,-0.0473023062,-0.1720945259,-0.5011395735,0.2276751505,1.036129698,0.002767754977,-26.86491772,-0.2276751505,-0.002767754977,-27.59650019,-27.59650019,0.0307065575,-0.5519300039,1.438106989e-06,1.917475985e-06,-0,4.793689962e-07,-0.5519300039,-9.922938222e-05,1.438106989e-06,1.917475985e-06,-0,4.793689962e-07,-0.5519300039,-9.922938222e-05,0,0,0,0,0,0
6.57,1,1,5.129248259e-05,3.691141271e-05,-9.587379924e-07,6.615292148e-05,-0.03200003766,-4.697816163e-05,0,0,0,0,-0.007330382858,0,-0.03371968159,-0.01000904105,0.001612256493,0.001719643933,0.02003443111,0.1682962452,11.61718366,0,-0.04803510542,-0.175626628,-0.4731875198,0.2327436657,1.039343854,0.002789332668,-26.92739923,-0.2327436657,-0.002789332668,-27.63611974,-27.63611974,0.0306834912,-0.5527223949,1.917475985e-06,1.917475985e-06,-9.587379924e-07,-0,-0.5527223949,-0.0001011468582,1.917475985e-06,1.917475985e-06,-9.587379924e-07,-0,-0.5527223949,-0.0001011468582,0,0,0,0,0,0
6.58,1,1,5.201153609e-05,3.76304662e-05,-1.677791487e-06,6.663229047e-05,-0.03210046546,-4.745753063e-05,0,0,0,0,-0.01256637061,0,-0.03381969093,-0.009992781353,0.001639674622,0.001719225469,0.02003667927,0.1630146781,11.62062228,0,-0.04919371816,-0.1755810487,-0.3847020189,0.2328386816,1.044706314,0.002727686879,-26.0823485,-0.2328386816,-0.002727686879,-26.70261688,-26.70261688,0.03066028582,-0.5340523377,4.793689962e-07,4.793689962e-07,4.793689962e-07,-9.587379924e-07,-0.5340523377,-0.0001001881202,4.793689962e-07,4.793689962e-07,4.793689962e-07,-9.587379924e-07,-0.5340523377,-0.0001001881202,0,0,0,0,0,0
6.59,1,1,5.225122059e-05,3.667172821e-05,-1.198422491e-06,6.567355248e-05,-0.03225386354,-4.721784613e-05,0,0,0,0,-0.01570796327,0,-0.0339195363,-0.009976247703,0.001667047798,0.001665672764,0.01942136512,0.1546980901,11.62603482,0,-0.05096334085,-0.1704060534,-0.2178724455,0.2257934671,1.048023512,0.002602977621,-24.75169442,-0.2257934671,-0.002602977621,-25.19796331,-25.19796331,0.03063651136,-0.5039592662,-0,2.396844981e-06,-4.793689962e-07,9.587379924e-07,-0.5039592662,-0.0001006674892,-0,2.396844981e-06,-4.793689962e-07,9.587379924e-07,-0.5039592662,-0.0001006674892,0,0,0,0,0,0
6.6,1,1,5.201153609e-05,3.619235921e-05,-2.157160483e-06,6.759102847e-05,-0.0324585541,-4.769721512e-05,0,0,0,0,-0.02199114858,0,-0.03401921497,-0.009959440549,0.001694375271,0.001560660871,0.0182070861,0.1382718544,11.6335592,0,-0.05332449389,-0.160263003,0.008844578433,0.211813214,1.054570605,0.00235384972,-22.12349671,-0.211813214,-0.00235384972,-22.32881919,-22.32881919,0.03061171961,-0.4465763838,4.793689962e-07,3.355582973e-06,1.438106989e-06,-2.876213977e-06,-0.4465763838,-9.970875121e-05,4.793689962e-07,3.355582973e-06,1.438106989e-06,-2.876213977e-06,-0.4465763838,-9.970875121e-05,0,0,0,0,0,0
6.61,1,1,5.201153609e-05,3.667172821e-05,-2.157160483e-06,6.663229047e-05,-0.03267618763,-4.769721512e-05,0,0,0,0.001047197551,-0.02199114858,0,-0.03411872421,-0.009942360352,0.001721656292,0.001442536579,0.01683907262,0.126862961,11.64193872,0,-0.05583470206,-0.1488541096,0.2161533417,0.1960394515,1.054788239,0.002158715734,-20.29807377,-0.1960394515,-0.002158715734,-20.28011859,-20.28011859,0.03058602056,-0.4056023718,4.793689962e-07,2.396844981e-06,1.438106989e-06,-0.0001056784931,-0.4056023718,-9.970875121e-05,4.793689962e-07,2.396844981e-06,1.438106989e-06,-0.0001056784931,-0.4056023718,-9.970875121e-05,0,0,0,0,0,0
6.62,1,1,5.249090509e-05,3.691141271e-05,-1.438106989e-06,6.639260598e-05,-0.03290292916,-4.697816163e-05,0,0,0,0,-0.02303834613,0,-0.03421806127,-0.009925007581,0.001748890113,0.00131513211,0.01536156905,0.1135118504,11.65108565,0,-0.05844968196,-0.1365501966,0.4015612191,0.1789789567,1.056073967,0.001934565961,-18.16189607,-0.1789789567,-0.001934565961,-17.94124837,-17.94124837,0.03055943598,-0.3588249674,-4.793689962e-07,1.917475985e-06,-0,-4.793689962e-07,-0.3588249674,-0.0001011468582,-4.793689962e-07,1.917475985e-06,-0,-4.793689962e-07,-0.3597057259,-0.0001011468582,0,0,0,0,1,0
6.63,1,1,5.297027408e-05,3.667172821e-05,-1.917475985e-06,6.639260598e-05,-0.03313182786,-4.817658412e-05,0,0,0,0,-0.01884955592,0,-0.03431722345,-0.00990738271,0.001776075987,0.001185395592,0.01385525555,0.1051730863,11.66075189,0,-0.06108923579,-0.1240226422,0.5566143906,0.1615626973,1.05207021,0.001777296653,-16.82769381,-0.1615626973,-0.001777296653,-16.43441941,-16.43441941,0.03053210698,-0.3286883882,-1.438106989e-06,2.396844981e-06,9.587379924e-07,-4.793689962e-07,-0.3286883882,-9.875001322e-05,-1.438106989e-06,2.396844981e-06,9.587379924e-07,-4.793689962e-07,-0.3286883882,-9.875001322e-05,0,0,0,0,0,0
6.64,1,1,5.297027408e-05,3.667172821e-05,-1.438106989e-06,6.567355248e-05,-0.03331254997,-4.793689962e-05,0,0,0,0,-0.01466076572,0,-0.03441620802,-0.009889486223,0.001803213169,0.001103658052,0.01290732935,0.1014652848,11.66869115,0,-0.06317301454,-0.1161260505,0.5976350809,0.1506116398,1.04802705,0.00169994586,-16.23444557,-0.1506116398,-0.00169994586,-15.78912208,-15.78912208,0.03050445118,-0.3157824416,-1.438106989e-06,2.396844981e-06,-0,9.587379924e-07,-0.3157824416,-9.922938222e-05,-1.438106989e-06,2.396844981e-06,-0,9.587379924e-07,-0.3157824416,-9.922938222e-05,0,0,0,0,0,0
6.65,1,1,5.297027408e-05,3.691141271e-05,-1.677791487e-06,6.639260598e-05,-0.03343143348,-4.697816163e-05,0,0,0,0,-0.009424777961,0,-0.03451501227,-0.009871318611,0.001830300915,0.001083578791,0.01267835263,0.1047511853,11.67406203,0,-0.06454366429,-0.1141759633,0.522453641,0.1480078749,1.042878418,0.001736224541,-16.76018965,-0.1480078749,-0.001736224541,-16.38748011,-16.38748011,0.03047687265,-0.3277496021,-1.438106989e-06,1.917475985e-06,4.793689962e-07,-4.793689962e-07,-0.3277496021,-0.0001011468582,-1.438106989e-06,1.917475985e-06,4.793689962e-07,-4.793689962e-07,-0.3277496021,-0.0001011468582,0,0,0,0,0,0
6.66,1,1,5.225122059e-05,3.76304662e-05,-2.157160483e-06,6.591323698e-05,-0.03350789284,-4.721784613e-05,0,0,0,0,-0.005235987756,0,-0.03461363349,-0.009852880372,0.001857338483,0.001105740656,0.01294257055,0.1110637709,11.67757851,0,-0.06542514307,-0.1162997587,0.3872316939,0.1511378838,1.038750734,0.001824672754,-17.77020335,-0.1511378838,-0.001824672754,-17.53593421,-17.53593421,0.03044957214,-0.3507186842,-0,4.793689962e-07,1.438106989e-06,4.793689962e-07,-0.3507186842,-0.0001006674892,-0,4.793689962e-07,1.438106989e-06,4.793689962e-07,-0.3507186842,-0.0001006674892,0,0,0,0,0,0
6.67,1,1,5.177185159e-05,3.715109721e-05,-2.396844981e-06,6.663229047e-05,-0.03355918532,-4.697816163e-05,0,0,0,0,-0.004188790205,0,-0.03471206898,-0.009834172011,0.00188432513,0.00115288366,0.01349884109,0.1166451549,11.67996487,0,-0.06601645857,-0.1208339451,0.2330154659,0.1576659897,1.037752362,0.001910994195,-18.66322479,-0.1576659897,-0.001910994195,-18.58978631,-18.58978631,0.03042264683,-0.3717957261,9.587379924e-07,1.438106989e-06,1.917475985e-06,-9.587379924e-07,-0.3717957261,-0.0001011468582,9.587379924e-07,1.438106989e-06,1.917475985e-06,-9.587379924e-07,-0.3717957261,-0.0001011468582,0,0,0,0,0,0
6.68,1,1,5.201153609e-05,3.691141271e-05,-2.876213977e-06,6.687197497e-05,-0.03359393957,-4.673847713e-05,0,0,0,0,-0.003141592654,0,-0.03481031603,-0.009815194042,0.001911260118,0.001216376463,0.01424652164,0.1238055994,11.68159427,0,-0.06641710643,-0.1269471921,0.0780094954,0.1664220856,1.036738,0.002022575956,-19.80889591,-0.1664220856,-0.002022575956,-19.89933108,-19.89933108,0.0303961772,-0.3979866216,4.793689962e-07,1.917475985e-06,2.876213977e-06,-1.438106989e-06,-0.3979866216,-0.0001016262272,4.793689962e-07,1.917475985e-06,2.876213977e-06,-1.438106989e-06,-0.3979866216,-0.0001016262272,0,0,0,0,0,0
6.69,1,1,5.344964308e-05,3.73907817e-05,-2.876213977e-06,6.687197497e-05,-0.03361934613,-4.745753063e-05,0,0,0,0,-0.002094395102,0,-0.03490837196,-0.009795946984,0.001938142708,0.001289025835,0.01510166149,0.1318520441,11.6827918,0,-0.06670998877,-0.1339464392,-0.06425661413,0.176429567,1.035714838,0.002147940759,-21.09632706,-0.176429567,-0.002147940759,-21.33916118,-21.33916118,0.03037024302,-0.4267832235,-2.396844981e-06,9.587379924e-07,2.876213977e-06,-1.438106989e-06,-0.4267832235,-0.0001001881202,-2.396844981e-06,9.587379924e-07,2.876213977e-06,-1.438106989e-06,-0.4267832235,-0.0001001881202,0,0,0,0,0,0
6.7,1,1,5.320995858e-05,3.691141271e-05,-2.876213977e-06,6.663229047e-05,-0.03365721628,-4.673847713e-05,0,0,0,0,-0.005235987756,0,-0.03500623408,-0.009776431365,0.001964972162,0.0013490178,0.01580942259,0.13448997,11.68458681,0,-0.06714654126,-0.1397259578,-0.1575832237,0.1847265706,1.038900058,0.002202555464,-21.51839521,-0.1847265706,-0.002202555464,-21.86290756,-21.86290756,0.03034470814,-0.4372581511,-1.917475985e-06,1.917475985e-06,2.876213977e-06,-9.587379924e-07,-0.4372581511,-0.0001016262272,-1.917475985e-06,1.917475985e-06,2.876213977e-06,-9.587379924e-07,-0.4372581511,-0.0001016262272,0,0,0,0,0,0
6.71,1,1,5.249090509e-05,3.667172821e-05,-2.396844981e-06,6.711165947e-05,-0.03371545961,-4.793689962e-05,0,0,0,0,-0.006283185307,0,-0.0351038997,-0.00975664772,0.001991747746,0.001388440085,0.01627726958,0.1372373183,11.68737088,0,-0.06781792916,-0.1435205036,-0.1975101306,0.1902384865,1.040008515,0.00225046817,-21.95797093,-0.1902384865,-0.00225046817,-22.34797002,-22.34797002,0.03031940826,-0.4469594003,-4.793689962e-07,2.396844981e-06,1.917475985e-06,-1.917475985e-06,-0.4469594003,-9.922938222e-05,-4.793689962e-07,2.396844981e-06,1.917475985e-06,-1.917475985e-06,-0.4469594003,-9.922938222e-05,0,0,0,0,0,0
6.72,1,1,5.177185159e-05,3.73907817e-05,-1.677791487e-06,6.639260598e-05,-0.03379431581,-4.769721512e-05,0,0,0,0,-0.00837758041,0,-0.03520136614,-0.009736596592,0.002018468725,0.001407050329,0.01650220116,0.1369277906,11.69118546,0,-0.06872689097,-0.1453053711,-0.1934481312,0.1929302942,1.042189442,0.00225294466,-21.9084465,-0.1929302942,-0.00225294466,-22.29707787,-22.29707787,0.03029419716,-0.4459415575,9.587379924e-07,9.587379924e-07,4.793689962e-07,-4.793689962e-07,-0.4459415575,-9.970875121e-05,9.587379924e-07,9.587379924e-07,4.793689962e-07,-4.793689962e-07,-0.4459415575,-9.970875121e-05,0,0,0,0,0,0
6.73,1,1,5.201153609e-05,3.73907817e-05,-1.677791487e-06,6.591323698e-05,-0.03390672784,-4.769721512e-05,0,0,0,0,-0.01047197551,0,-0.03529863074,-0.00971627853,0.002045134367,0.001391902898,0.01633256385,0.1333569247,11.69671326,0,-0.0700225712,-0.1438289002,-0.1307282512,0.1910373161,1.044406119,0.002201689387,-21.33710795,-0.1910373161,-0.002201689387,-21.6610752,-21.6610752,0.03026879865,-0.433221504,4.793689962e-07,9.587379924e-07,4.793689962e-07,4.793689962e-07,-0.433221504,-9.970875121e-05,4.793689962e-07,9.587379924e-07,4.793689962e-07,4.793689962e-07,-0.433221504,-9.970875121e-05,0,0,0,0,0,0
6.74,1,1,5.320995858e-05,3.667172821e-05,-1.198422491e-06,6.615292148e-05,-0.03402033829,-4.721784613e-05,0,0,0,0,-0.01047197551,0,-0.03539569082,-0.009695694091,0.00207174394,0.00137535253,0.01614644665,0.1317443987,11.70240759,0,-0.07133197496,-0.1422163742,-0.07730994608,0.1889522998,1.044519729,0.002173708888,-21.07910379,-0.1889522998,-0.002173708888,-21.34753975,-21.34753975,0.03024330775,-0.4269507949,-1.917475985e-06,2.396844981e-06,-4.793689962e-07,-0,-0.4269507949,-0.0001006674892,-1.917475985e-06,2.396844981e-06,-4.793689962e-07,-0,-0.4269507949,-0.0001006674892,0,0,0,0,0,0
6.75,1,1,5.273058958e-05,3.691141271e-05,-1.677791487e-06,6.615292148e-05,-0.03412364231,-4.745753063e-05,0,0,0,0,-0.009424777961,0,-0.03549254373,-0.00967484384,0.002098296716,0.001368901423,0.01607848814,0.1321543518,11.70767937,0,-0.07252251347,-0.1415791298,-0.05142554178,0.1882417839,1.043570627,0.002174677663,-21.14469629,-0.1882417839,-0.002174677663,-21.38653829,-21.38653829,0.03021781998,-0.4277307658,-9.587379924e-07,1.917475985e-06,4.793689962e-07,-0,-0.4277307658,-0.0001001881202,-9.587379924e-07,1.917475985e-06,4.793689962e-07,-0,-0.4277307658,-0.0001001881202,0,0,0,0,0,0
6.76,1,1,5.273058958e-05,3.619235921e-05,-2.396844981e-06,6.615292148e-05,-0.03421064778,-4.745753063e-05,0,0,0,-0.001047197551,-0.00837758041,0,-0.03558918682,-0.009653728349,0.002124791965,0.001378539032,0.0161989963,0.1341186008,11.71218897,0,-0.07352515777,-0.1424961812,-0.0589216776,0.1897257058,1.042605774,0.002201074183,-21.45897613,-0.1897257058,-0.002201074183,-21.70982459,-21.70982459,0.03019249546,-0.4341964917,-9.587379924e-07,3.355582973e-06,1.917475985e-06,0.0001047197551,-0.4341964917,-0.0001001881202,-9.587379924e-07,3.355582973e-06,1.917475985e-06,0.0001047197551,-0.4341964917,-0.0001001881202,0,0,0,0,0,0
6.77,1,1,5.153216709e-05,3.73907817e-05,-3.115898475e-06,6.711165947e-05,-0.03429957073,-4.745753063e-05,0,0,0,0,-0.009424777961,0,-0.03568561742,-0.009632348195,0.002151228963,0.001386046686,0.01629473253,0.1337825286,11.71686376,0,-0.07454984155,-0.1432073066,-0.06077053654,0.190923161,1.043746555,0.002198525441,-21.40520458,-0.190923161,-0.002198525441,-21.6590968,-21.6590968,0.03016723917,-0.433181936,1.438106989e-06,9.587379924e-07,3.355582973e-06,-1.917475985e-06,-0.433181936,-0.0001001881202,1.438106989e-06,9.587379924e-07,3.355582973e-06,-1.917475985e-06,-0.433181936,-0.0001001881202,0,0,0,0,0,0
6.78,1,1,5.201153609e-05,3.667172821e-05,-3.355582973e-06,6.807039746e-05,-0.03440191601,-4.793689962e-05,0,0,0,0,-0.01047197551,0,-0.0357818329,-0.009610703966,0.002177606983,0.001379916886,0.01623077643,0.1321281789,11.7223266,0,-0.07572912177,-0.1426001545,-0.03804459748,0.1902624623,1.044901307,0.002174320852,-21.14050863,-0.1902624623,-0.002174320852,-21.37099001,-21.37099001,0.03014193067,-0.4274198002,4.793689962e-07,2.396844981e-06,3.83495197e-06,-3.83495197e-06,-0.4274198002,-9.922938222e-05,4.793689962e-07,2.396844981e-06,3.83495197e-06,-3.83495197e-06,-0.4274198002,-9.922938222e-05,0,0,0,0,0,0
6.79,1,1,5.153216709e-05,3.715109721e-05,-2.636529479e-06,6.639260598e-05,-0.03452727101,-4.721784613e-05,0,0,0,0,-0.01361356817,0,-0.03587783062,-0.009588796255,0.002203925303,0.001350559614,0.01589442204,0.1261339286,11.72913797,0,-0.07717342501,-0.1397474968,0.02161322541,0.1864278691,1.048187171,0.002086983098,-20.18142858,-0.1864278691,-0.002086983098,-20.34833021,-20.34833021,0.03011634022,-0.4069666041,1.438106989e-06,1.438106989e-06,2.396844981e-06,-4.793689962e-07,-0.4069666041,-0.0001006674892,1.438106989e-06,1.438106989e-06,2.396844981e-06,-4.793689962e-07,-0.4069666041,-0.0001006674892,0,0,0,0,0,0
6.8,1,1,5.225122059e-05,3.691141271e-05,-2.157160483e-06,6.663229047e-05,-0.03468138814,-4.769721512e-05,0,0,0,0,-0.01361356817,0,-0.03597360795,-0.009566625661,0.002230183202,0.00129221981,0.01521763474,0.1204796721,11.7376941,0,-0.0789489512,-0.1340932402,0.1217186332,0.1786199415,1.048341289,0.001992295757,-19.27674753,-0.1786199415,-0.001992295757,-19.33564114,-19.33564114,0.03009033147,-0.3867128227,-0,1.917475985e-06,1.438106989e-06,-9.587379924e-07,-0.3867128227,-9.970875121e-05,-0,1.917475985e-06,1.438106989e-06,-9.587379924e-07,-0.3867128227,-9.970875121e-05,0,0,0,0,0,0
6.81,1,1,5.320995858e-05,3.76304662e-05,-1.438106989e-06,6.591323698e-05,-0.03483358779,-4.817658412e-05,0,0,0,0,-0.01466076572,0,-0.03606916226,-0.009544192794,0.002256379958,0.001235574464,0.01456001632,0.1139418884,11.74634105,0,-0.08070220341,-0.1286026541,0.199785159,0.1710269174,1.049548088,0.001886873973,-18.23070215,-0.1710269174,-0.001886873973,-18.20383078,-18.20383078,0.03006398362,-0.3640766156,-1.917475985e-06,4.793689962e-07,-0,4.793689962e-07,-0.3640766156,-9.875001322e-05,-1.917475985e-06,4.793689962e-07,-0,4.793689962e-07,-0.3640766156,-9.875001322e-05,0,0,0,0,0,0
6.82,1,1,5.297027408e-05,3.76304662e-05,-1.198422491e-06,6.687197497e-05,-0.03497979534,-4.793689962e-05,0,0,0,0,-0.01466076572,0,-0.03616449093,-0.009521498269,0.002282514855,0.001184695593,0.01396945601,0.1090084251,11.75483256,0,-0.08238625452,-0.1236691909,0.2536276946,0.1642086164,1.049694296,0.001804082738,-17.44134802,-0.1642086164,-0.001804082738,-17.35373303,-17.35373303,0.0300373772,-0.3470746606,-1.438106989e-06,4.793689962e-07,-4.793689962e-07,-1.438106989e-06,-0.3470746606,-9.922938222e-05,-1.438106989e-06,4.793689962e-07,-4.793689962e-07,-1.438106989e-06,-0.3470746606,-9.922938222e-05,0,0,0,0,0,0
6.83,1,1,5.249090509e-05,3.78701507e-05,-1.438106989e-06,6.711165947e-05,-0.0351226473,-4.697816163e-05,0,0,0,0,-0.01466076572,0,-0.03625959135,-0.009498542706,0.002308587176,0.001136944055,0.01341503791,0.1043769991,11.76330463,0,-0.08403148578,-0.1190377648,0.2920739565,0.1578051775,1.049837148,0.001726360091,-16.70031985,-0.1578051775,-0.001726360091,-16.56777743,-16.56777743,0.03001052672,-0.3313555486,-4.793689962e-07,-0,-0,-1.917475985e-06,-0.3313555486,-0.0001011468582,-4.793689962e-07,-0,-0,-1.917475985e-06,-0.3313555486,-0.0001011468582,0,0,0,0,0,0
6.84,1,1,5.225122059e-05,3.81098352e-05,-1.917475985e-06,6.759102847e-05,-0.03526861516,-4.721784613e-05,0,0,0,0,-0.01466076572,0,-0.03635446092,-0.009475326736,0.002334596206,0.001085845759,0.01282061261,0.09942220883,11.77214097,0,-0.08571242643,-0.1140829745,0.3288927199,0.150926059,1.049983115,0.001643381094,-15.90755341,-0.150926059,-0.001643381094,-15.73123013,-15.73123013,0.0299833917,-0.3146246027,-0,-4.793689962e-07,9.587379924e-07,-2.876213977e-06,-0.3146246027,-0.0001006674892,-0,-4.793689962e-07,9.587379924e-07,-2.876213977e-06,-0.3146246027,-0.0001006674892,0,0,0,0,0,0
6.85,1,1,5.273058958e-05,3.691141271e-05,-2.396844981e-06,6.591323698e-05,-0.0353932511,-4.769721512e-05,0,0,0,0,-0.009424777961,0,-0.03644909702,-0.009451850995,0.002360541231,0.001055845925,0.01247405276,0.101741217,11.77982983,0,-0.08714756849,-0.111165995,0.3210479927,0.1469422188,1.044840236,0.00166376702,-16.27859472,-0.1469422188,-0.00166376702,-16.10615271,-16.10615271,0.02995618236,-0.3221230543,-9.587379924e-07,1.917475985e-06,1.917475985e-06,4.793689962e-07,-0.3221230543,-9.970875121e-05,-9.587379924e-07,1.917475985e-06,1.917475985e-06,4.793689962e-07,-0.3221230543,-9.970875121e-05,0,0,0,0,0,0
6.86,1,1,5.249090509e-05,3.715109721e-05,-2.396844981e-06,6.687197497e-05,-0.03547929783,-4.745753063e-05,0,0,0,-0.001047197551,-0.006283185307,0,-0.03654349707,-0.009428116127,0.002386421541,0.001064199242,0.01257919524,0.1056700285,11.78521557,0,-0.08813828994,-0.1119532138,0.2466859158,0.1482485276,1.041772353,0.001716329755,-16.90720456,-0.1482485276,-0.001716329755,-16.8104835,-16.8104835,0.02992913822,-0.33620967,-4.793689962e-07,1.438106989e-06,1.917475985e-06,0.0001032816481,-0.33620967,-0.0001001881202,-4.793689962e-07,1.438106989e-06,1.917475985e-06,0.0001032816481,-0.33620967,-0.0001001881202,0,0,0,0,0,0
6.87,1,1,5.225122059e-05,3.78701507e-05,-3.355582973e-06,6.711165947e-05,-0.03552987126,-4.721784613e-05,0,0,0,0,-0.002094395102,0,-0.03663765848,-0.009404122782,0.002412236426,0.001107787222,0.01309989708,0.1140501761,11.78841057,0,-0.08872054997,-0.1161445712,0.1238370059,0.1544269652,1.037625363,0.001836083497,-18.24802817,-0.1544269652,-0.001836083497,-18.28045422,-18.28045422,0.02990246278,-0.3656090843,-0,-0,3.83495197e-06,-1.917475985e-06,-0.3656090843,-0.0001006674892,-0,-0,3.83495197e-06,-1.917475985e-06,-0.3656090843,-0.0001006674892,0,0,0,0,0,0
6.88,1,1,5.320995858e-05,3.643204371e-05,-3.115898475e-06,6.687197497e-05,-0.03554904602,-4.721784613e-05,0,0,0,0,0,0,-0.03673157867,-0.009379871619,0.002437985179,0.001182532649,0.0139884302,0.1233487634,11.78962767,0,-0.08894130617,-0.1233487634,-0.03110533849,0.1649183837,1.035549046,0.001976111074,-19.73580215,-0.1649183837,-0.001976111074,-19.93380198,-19.93380198,0.02987636107,-0.3986760397,-1.917475985e-06,2.876213977e-06,3.355582973e-06,-1.438106989e-06,-0.3986760397,-0.0001006674892,-1.917475985e-06,2.876213977e-06,3.355582973e-06,-1.438106989e-06,-0.3986760397,-0.0001006674892,0,0,0,0,0,0
6.89,1,1,5.273058958e-05,3.643204371e-05,-2.876213977e-06,6.759102847e-05,-0.03555671593,-4.745753063e-05,0,0,0,0,0,0,-0.03682525506,-0.009355363302,0.002463667092,0.001268539133,0.01501034281,0.1316453351,11.79011539,0,-0.08902960773,-0.1316453351,-0.177315173,0.1769736737,1.035556716,0.002107254106,-21.06325361,-0.1769736737,-0.002107254106,-21.41964971,-21.41964971,0.02985086904,-0.4283929942,-9.587379924e-07,2.876213977e-06,2.876213977e-06,-2.876213977e-06,-0.4283929942,-0.0001001881202,-9.587379924e-07,2.876213977e-06,2.876213977e-06,-2.876213977e-06,-0.4283929942,-0.0001001881202,0,0,0,0,0,0
6.9,1,1,5.129248259e-05,3.73907817e-05,-2.157160483e-06,6.663229047e-05,-0.0355648652,-4.793689962e-05,0,0,0,0,-0.001047197551,0,-0.03691868508,-0.009330598502,0.002489281464,0.001353819883,0.01602432625,0.1388288533,11.79063415,0,-0.08912342758,-0.1398760509,-0.2953200198,0.1889369683,1.036612337,0.0022249137,-22.21261653,-0.1889369683,-0.0022249137,-22.69909844,-22.69909844,0.02982598469,-0.4539819687,1.917475985e-06,9.587379924e-07,1.438106989e-06,-9.587379924e-07,-0.4539819687,-9.922938222e-05,1.917475985e-06,9.587379924e-07,1.438106989e-06,-9.587379924e-07,-0.4539819687,-9.922938222e-05,0,0,0,0,0,0
6.91,1,1,5.153216709e-05,3.691141271e-05,-2.157160483e-06,6.615292148e-05,-0.03557948595,-4.697816163e-05,0,0,0,0,-0.002094395102,0,-0.03701186618,-0.0093055779,0.00251482759,0.001432380224,0.01695969604,0.145366187,11.79156629,0,-0.08929174994,-0.1474605821,-0.3799767997,0.19998138,1.037674978,0.0023325538,-23.25858991,-0.19998138,-0.0023325538,-23.84088065,-23.84088065,0.02980165863,-0.4768176129,1.438106989e-06,1.917475985e-06,1.438106989e-06,-0,-0.4768176129,-0.0001011468582,1.438106989e-06,1.917475985e-06,1.438106989e-06,-0,-0.4768176129,-0.0001011468582,0,0,0,0,0,0
6.92,1,1,5.177185159e-05,3.78701507e-05,-1.917475985e-06,6.615292148e-05,-0.03561088462,-4.745753063e-05,0,0,0,0,-0.004188790205,0,-0.03710479579,-0.00928030218,0.002540304771,0.001493911167,0.01769485916,0.1492110502,11.79357428,0,-0.08965322267,-0.1533998404,-0.4183043105,0.208685636,1.039804061,0.00240215669,-23.87376803,-0.208685636,-0.00240215669,-24.50316013,-24.50316013,0.02977780404,-0.4900632026,9.587379924e-07,-0,9.587379924e-07,-0,-0.4900632026,-0.0001001881202,9.587379924e-07,-0,9.587379924e-07,-0,-0.4900632026,-0.0001001881202,0,0,0,0,0,0
6.93,1,1,5.177185159e-05,3.76304662e-05,-1.677791487e-06,6.639260598e-05,-0.03566816922,-4.745753063e-05,0,0,0,0,-0.007330382858,0,-0.03719747137,-0.009254772037,0.002565712308,0.001529302155,0.01812223863,0.1494792129,11.79725951,0,-0.09031268075,-0.1568095957,-0.4031944095,0.213792752,1.043011986,0.002419420064,-23.91667406,-0.213792752,-0.002419420064,-24.53608064,-24.53608064,0.02975413378,-0.4907216129,9.587379924e-07,4.793689962e-07,4.793689962e-07,-4.793689962e-07,-0.4907216129,-0.0001001881202,9.587379924e-07,4.793689962e-07,4.793689962e-07,-4.793689962e-07,-0.4907216129,-0.0001001881202,0,0,0,0,0,0
6.94,1,1,5.344964308e-05,3.691141271e-05,-2.157160483e-06,6.615292148e-05,-0.03575781122,-4.841626862e-05,0,0,0,0,-0.01151917306,0,-0.03728989038,-0.009228988169,0.002591049505,0.001532079165,0.01816513533,0.1455416027,11.80308289,0,-0.09134457677,-0.1570607757,-0.3327964147,0.214404598,1.047310157,0.002373251497,-23.28665643,-0.214404598,-0.002373251497,-23.83623069,-23.83623069,0.02973041891,-0.4767246138,-2.396844981e-06,1.917475985e-06,1.438106989e-06,-0,-0.4767246138,-9.827064422e-05,-2.396844981e-06,1.917475985e-06,1.438106989e-06,-0,-0.4767246138,-9.827064422e-05,0,0,0,0,0,0
6.95,1,1,5.10527981e-05,3.715109721e-05,-2.396844981e-06,6.543386798e-05,-0.0358987457,-4.745753063e-05,0,0,0,0,-0.01675516082,0,-0.03738205029,-0.009202951283,0.002616315667,0.001483304588,0.01759929141,0.1355627909,11.81237805,0,-0.09296676784,-0.1523179517,-0.1838459721,0.2078894835,1.05272409,0.002231631434,-21.69004655,-0.2078894835,-0.002231631434,-22.08401363,-22.08401363,0.02970618311,-0.4416802727,2.396844981e-06,1.438106989e-06,1.917475985e-06,1.438106989e-06,-0.4416802727,-0.0001001881202,2.396844981e-06,1.438106989e-06,1.917475985e-06,1.438106989e-06,-0.4416802727,-0.0001001881202,0,0,0,0,0,0
6.96,1,1,5.10527981e-05,3.619235921e-05,-1.917475985e-06,6.711165947e-05,-0.03608258371,-4.769721512e-05,0.001047197551,0,0,0,-0.02094395102,0,-0.03747394857,-0.009176662094,0.002641510101,0.001391364854,0.01652241858,0.1224510462,11.82476006,0,-0.09508251237,-0.1433949972,0.01453325282,0.1953736354,1.057136197,0.002031014146,-19.59216739,-0.1953736354,-0.002031014146,-19.77503879,-19.77503879,0.02968118629,-0.3955007757,-0.0001023229101,3.355582973e-06,9.587379924e-07,-1.917475985e-06,-0.3955007757,-9.970875121e-05,-0.0001023229101,3.355582973e-06,9.587379924e-07,-1.917475985e-06,-0.3962312682,-9.970875121e-05,0,0,0,0,1,0
6.97,1,1,5.201153609e-05,3.643204371e-05,-1.917475985e-06,6.663229047e-05,-0.03629039017,-4.625910813e-05,0,0,0,0,-0.02094395102,0,-0.03756558269,-0.009150121323,0.002666632117,0.001275192521,0.01515702311,0.1111846323,11.83910801,0,-0.0974737181,-0.1321285833,0.2176869209,0.1794456337,1.057344003,0.001843268336,-17.78954117,-0.1794456337,-0.001843268336,-17.75314315,-17.75314315,0.02965533329,-0.355062863,4.793689962e-07,2.876213977e-06,9.587379924e-07,-9.587379924e-07,-0.355062863,-0.0001025849652,4.793689962e-07,2.876213977e-06,9.587379924e-07,-9.587379924e-07,-0.355062863,-0.0001025849652,0,0,0,0,0,0
6.98,1,1,5.225122059e-05,3.715109721e-05,-2.157160483e-06,6.615292148e-05,-0.03649340294,-4.673847713e-05,0,0,0,0,-0.01989675347,0,-0.03765695016,-0.009123329696,0.002691681026,0.001163547215,0.01384292638,0.101407597,11.85348642,0,-0.09980935891,-0.1213043504,0.3756915011,0.16408694,1.056489127,0.001676967353,-16.22521551,-0.16408694,-0.001676967353,-16.01528792,-16.01528792,0.02962885191,-0.3203057584,-0,1.438106989e-06,1.438106989e-06,-0,-0.3203057584,-0.0001016262272,-0,1.438106989e-06,1.438106989e-06,-0,-0.3203057584,-0.0001016262272,0,0,0,0,0,0
6.99,1,1,5.225122059e-05,3.643204371e-05,-2.157160483e-06,6.615292148e-05,-0.03669186171,-4.721784613e-05,0,0,0,0,-0.01884955592,0,-0.03774804846,-0.009096287948,0.002716656141,0.001056186747,0.01257738879,0.09204911857,11.86788877,0,-0.1020922108,-0.1108986745,0.4971157988,0.1492670511,1.055630244,0.001518349493,-14.72785897,-0.1492670511,-0.001518349493,-14.38152857,-14.38152857,0.02960182542,-0.2876305715,-0,2.876213977e-06,1.438106989e-06,-0,-0.2876305715,-0.0001006674892,-0,2.876213977e-06,1.438106989e-06,-0,-0.2876305715,-0.0001006674892,0,0,0,0,0,0
7,1,1,5.249090509e-05,3.667172821e-05,-2.396844981e-06,6.663229047e-05,-0.03686467423,-4.697816163e-05,0,0,0,0,-0.01256637061,0,-0.03783887509,-0.009068996821,0.002741556778,0.000974200855,0.01161111717,0.0903831519,11.88070985,0,-0.1040797309,-0.1029495225,0.5499547113,0.1379483141,1.049470523,0.001472160197,-14.4613043,-0.1379483141,-0.001472160197,-14.05077007,-14.05077007,0.02957446973,-0.2810154013,-4.793689962e-07,2.396844981e-06,1.917475985e-06,-9.587379924e-07,-0.2810154013,-0.0001011468582,-4.793689962e-07,2.396844981e-06,1.917475985e-06,-9.587379924e-07,-0.2810154013,-0.0001011468582,0,0,0,0,0,0
7.01,1,1,5.249090509e-05,3.73907817e-05,-2.157160483e-06,6.687197497e-05,-0.03697588784,-4.721784613e-05,0,0,0,0,-0.006283185307,0,-0.03792942756,-0.009041457063,0.002766382254,0.0009535397242,0.01137251618,0.09464516274,11.88909905,0,-0.1053586377,-0.1009283481,0.4839874022,0.1352089712,1.043268943,0.001522007799,-15.14322604,-0.1352089712,-0.001522007799,-14.79596962,-14.79596962,0.02954718043,-0.2959193923,-4.793689962e-07,9.587379924e-07,1.438106989e-06,-1.438106989e-06,-0.2959193923,-0.0001006674892,-4.793689962e-07,9.587379924e-07,1.438106989e-06,-1.438106989e-06,-0.2959193923,-0.0001006674892,0,0,0,0,0,0
7.02,1,1,5.297027408e-05,3.667172821e-05,-2.636529479e-06,6.711165947e-05,-0.03701327862,-4.721784613e-05,0,0,0,0,-0.001047197551,0,-0.0380197034,-0.009013669429,0.002791131887,0.001006424781,0.01200846092,0.104968632,11.89194391,0,-0.1057885859,-0.1060158296,0.3006721124,0.1428039436,1.03806075,0.001669690029,-16.79498112,-0.1428039436,-0.001669690029,-16.63878264,-16.63878264,0.02952036388,-0.3327756529,-1.438106989e-06,2.396844981e-06,2.396844981e-06,-1.917475985e-06,-0.3327756529,-0.0001006674892,-1.438106989e-06,2.396844981e-06,2.396844981e-06,-1.917475985e-06,-0.3327756529,-0.0001006674892,0,0,0,0,0,0
7.03,1,1,5.177185159e-05,3.691141271e-05,-2.636529479e-06,6.711165947e-05,-0.0370166342,-4.673847713e-05,0,0,0,0,0,0,-0.03810970013,-0.00898563468,0.002815805001,0.001093065924,0.01304644673,0.1143703005,11.89219981,0,-0.1058271703,-0.1143703005,0.09258897062,0.1551509514,1.037016634,0.001813963961,-18.29924809,-0.1551509514,-0.001813963961,-18.36362403,-18.36362403,0.02949413672,-0.3672724806,9.587379924e-07,1.917475985e-06,2.396844981e-06,-1.917475985e-06,-0.3672724806,-0.0001016262272,9.587379924e-07,1.917475985e-06,2.396844981e-06,-1.917475985e-06,-0.3672724806,-0.0001016262272,0,0,0,0,0,0
7.04,1,1,5.177185159e-05,3.76304662e-05,-3.115898475e-06,6.687197497e-05,-0.03701687389,-4.721784613e-05,0,0,0,0,0,0,-0.03819941527,-0.008957353586,0.002840400918,0.001182541386,0.01411880754,0.1230041081,11.8922181,0,-0.1058299263,-0.1230041081,-0.08220385336,0.1679039385,1.037016874,0.001949199634,-19.68065729,-0.1679039385,-0.001949199634,-19.93271429,-19.93271429,0.02946847202,-0.3986542857,9.587379924e-07,4.793689962e-07,3.355582973e-06,-1.438106989e-06,-0.3986542857,-0.0001006674892,9.587379924e-07,4.793689962e-07,3.355582973e-06,-1.438106989e-06,-0.3986542857,-0.0001006674892,0,0,0,0,0,0
7.05,1,1,5.273058958e-05,3.73907817e-05,-2.876213977e-06,6.663229047e-05,-0.0370197501,-4.697816163e-05,0,0,0,0,0,0,-0.03828884638,-0.008928826922,0.002864918963,0.001269096279,0.0151571048,0.1313604404,11.89243753,0,-0.1058629985,-0.1313604404,-0.2199584625,0.180254922,1.03701975,0.002079855344,-21.01767047,-0.180254922,-0.002079855344,-21.41996371,-21.41996371,0.02944339506,-0.4283992742,-9.587379924e-07,9.587379924e-07,2.876213977e-06,-9.587379924e-07,-0.4283992742,-0.0001011468582,-9.587379924e-07,9.587379924e-07,2.876213977e-06,-9.587379924e-07,-0.4283992742,-0.0001011468582,0,0,0,0,0,0
7.06,1,1,5.201153609e-05,3.643204371e-05,-2.157160483e-06,6.663229047e-05,-0.03702646127,-4.697816163e-05,0,0,0,0,0,0,-0.038377991,-0.008900055469,0.002889358466,0.001351529729,0.01614705441,0.1393225116,11.89294983,0,-0.1059401667,-0.1393225116,-0.3251205008,0.192036108,1.037026461,0.002204110531,-22.29160186,-0.192036108,-0.002204110531,-22.81096258,-22.81096258,0.02941891601,-0.4562192515,4.793689962e-07,2.876213977e-06,1.438106989e-06,-9.587379924e-07,-0.4562192515,-0.0001011468582,4.793689962e-07,2.876213977e-06,1.438106989e-06,-9.587379924e-07,-0.4562192515,-0.0001011468582,0,0,0,0,0,0
7.07,1,1,5.177185159e-05,3.73907817e-05,-2.636529479e-06,6.735134397e-05,-0.0370398836,-4.649879263e-05,0,0,0,0,-0.001047197551,0,-0.03846684668,-0.008871040016,0.002913718755,0.001426963077,0.01705441144,0.1455634601,11.8939756,0,-0.1060945016,-0.1466106576,-0.3985931447,0.2028447536,1.038087355,0.002305676694,-23.29015361,-0.2028447536,-0.002305676694,-23.89389718,-23.89389718,0.02939498449,-0.4778779437,9.587379924e-07,9.587379924e-07,2.396844981e-06,-2.396844981e-06,-0.4778779437,-0.0001021055962,9.587379924e-07,9.587379924e-07,2.396844981e-06,-2.396844981e-06,-0.4778779437,-0.0001021055962,0,0,0,0,0,0
7.08,1,1,5.297027408e-05,3.715109721e-05,-2.396844981e-06,6.759102847e-05,-0.03707224101,-4.745753063e-05,0,0,0,0,-0.004188790205,0,-0.03855541099,-0.00884178136,0.002937999163,0.001483169979,0.01773370995,0.1478493535,11.89645496,0,-0.1064665513,-0.1520381437,-0.4243917364,0.2109682818,1.041265418,0.002354356811,-23.65589655,-0.2109682818,-0.002354356811,-24.29361093,-24.29361093,0.02937144329,-0.4858722186,-1.438106989e-06,1.438106989e-06,1.917475985e-06,-2.876213977e-06,-0.4858722186,-0.0001001881202,-1.438106989e-06,1.438106989e-06,1.917475985e-06,-2.876213977e-06,-0.4858722186,-0.0001001881202,0,0,0,0,0,0
7.09,1,1,5.249090509e-05,3.73907817e-05,-1.438106989e-06,6.591323698e-05,-0.03712832718,-4.697816163e-05,0,0,0,0,-0.006283185307,0,-0.0386436815,-0.008812280302,0.002962199025,0.001515354317,0.01812773105,0.1488543379,11.90077431,0,-0.107111411,-0.1551375232,-0.4027650624,0.215734036,1.043421382,0.002378291996,-23.81669407,-0.215734036,-0.002378291996,-24.43757146,-24.43757146,0.02934808061,-0.4887514292,-4.793689962e-07,9.587379924e-07,-0,4.793689962e-07,-0.4887514292,-0.0001011468582,-4.793689962e-07,9.587379924e-07,-0,4.793689962e-07,-0.4887514292,-0.0001011468582,0,0,0,0,0,0
7.1,1,1,5.249090509e-05,3.715109721e-05,-1.438106989e-06,6.639260598e-05,-0.03720406748,-4.673847713e-05,0,0,0,0,-0.007330382858,0,-0.03873165579,-0.00878253765,0.002986317676,0.001527588306,0.01828465128,0.1489716424,11.90665117,0,-0.107982194,-0.1563020252,-0.3496453146,0.2177089647,1.044547884,0.002383415277,-23.83546278,-0.2177089647,-0.002383415277,-24.40520047,-24.40520047,0.02932479164,-0.4881040095,-4.793689962e-07,1.438106989e-06,-0,-4.793689962e-07,-0.4881040095,-0.0001016262272,-4.793689962e-07,1.438106989e-06,-0,-4.793689962e-07,-0.4881040095,-0.0001016262272,0,0,0,0,0,0
7.11,1,1,5.225122059e-05,3.667172821e-05,-1.677791487e-06,6.615292148e-05,-0.03731887636,-4.625910813e-05,0,0,0,0,-0.01361356817,0,-0.03881933145,-0.008752554221,0.003010354456,0.001500455091,0.01797276893,0.1400332568,11.9156558,0,-0.1093020292,-0.153646825,-0.23596182,0.2141573284,1.050978777,0.002266259346,-22.4053211,-0.2141573284,-0.002266259346,-22.8577065,-22.8577065,0.0293011804,-0.4571541301,-0,2.396844981e-06,4.793689962e-07,-0,-0.4571541301,-0.0001025849652,-0,2.396844981e-06,4.793689962e-07,-0,-0.4571541301,-0.0001025849652,0,0,0,0,0,0
7.12,1,1,5.225122059e-05,3.691141271e-05,-2.636529479e-06,6.663229047e-05,-0.03747395223,-4.697816163e-05,0,0,0,0,-0.01675516082,0,-0.03890670607,-0.008722330836,0.003034308706,0.001432753846,0.01717668814,0.1303009359,11.92800332,0,-0.1110845434,-0.1470560967,-0.07090266715,0.2048835932,1.054299297,0.002120349838,-20.84814974,-0.2048835932,-0.002120349838,-21.12605635,-21.12605635,0.02927694221,-0.422521127,-0,1.917475985e-06,2.396844981e-06,-9.587379924e-07,-0.422521127,-0.0001011468582,-0,1.917475985e-06,2.396844981e-06,-9.587379924e-07,-0.422521127,-0.0001011468582,0,0,0,0,0,0
7.13,1,1,5.249090509e-05,3.643204371e-05,-1.917475985e-06,6.783071296e-05,-0.03766066645,-4.673847713e-05,0,0,0,0,-0.01780235837,0,-0.03899377727,-0.008691868324,0.003058179768,0.001333110816,0.01599790709,0.119567261,11.94315239,0,-0.1132303709,-0.1373696193,0.1197364723,0.1910654423,1.055542256,0.001948613982,-19.13076175,-0.1910654423,-0.001948613982,-19.20403934,-19.20403934,0.02925194596,-0.3840807867,-4.793689962e-07,2.876213977e-06,9.587379924e-07,-3.355582973e-06,-0.3840807867,-0.0001016262272,-4.793689962e-07,2.876213977e-06,9.587379924e-07,-3.355582973e-06,-0.3840807867,-0.0001016262272,0,0,0,0,0,0
7.14,1,1,5.273058958e-05,3.595267472e-05,-1.917475985e-06,6.711165947e-05,-0.03784498383,-4.697816163e-05,0,0,0,0,-0.01675516082,0,-0.03908054264,-0.00866116752,0.003081966989,0.001235558815,0.01484195287,0.1111343542,11.95841062,0,-0.1153482678,-0.127889515,0.2706147014,0.1774861669,1.054670329,0.001806610169,-17.78149667,-0.1774861669,-0.001806610169,-17.69017474,-17.69017474,0.02922633326,-0.3538034948,-9.587379924e-07,3.83495197e-06,9.587379924e-07,-1.917475985e-06,-0.3538034948,-0.0001011468582,-9.587379924e-07,3.83495197e-06,9.587379924e-07,-1.917475985e-06,-0.3538034948,-0.0001011468582,0,0,0,0,0,0
7.15,1,1,5.297027408e-05,3.691141271e-05,-2.157160483e-06,6.735134397e-05,-0.03801420108,-4.745753063e-05,0,0.001047197551,0,0,-0.01675516082,0,-0.03916699982,-0.008630229266,0.003105669716,0.001152798741,0.01386094843,0.103090678,11.97268536,0,-0.1172923143,-0.1198458388,0.3678358883,0.1659527743,1.054839546,0.001674899517,-16.49450847,-0.1659527743,-0.001674899517,-16.29430026,-16.29430026,0.02920031366,-0.3258860052,-1.438106989e-06,-0.0001028022791,1.438106989e-06,-2.396844981e-06,-0.3258860052,-0.0001001881202,-1.438106989e-06,-0.0001028022791,1.438106989e-06,-2.396844981e-06,-0.3258860052,-0.0001001881202,0,0,0,0,0,0
7.16,1,1,5.177185159e-05,3.73907817e-05,-1.438106989e-06,6.687197497e-05,-0.0381747897,-4.697816163e-05,0,0,0,0,-0.01466076572,0,-0.03925314644,-0.00859905441,0.0031292873,0.001078356742,0.01297789792,0.09794939912,11.98646896,0,-0.1191369225,-0.1126101648,0.4324420545,0.1555591706,1.05288929,0.001584059109,-15.67190386,-0.1555591706,-0.001584059109,-15.39660503,-15.39660503,0.029173915,-0.3079321007,9.587379924e-07,9.587379924e-07,-0,-1.438106989e-06,-0.3079321007,-0.0001011468582,9.587379924e-07,9.587379924e-07,-0,-1.438106989e-06,-0.3079321007,-0.0001011468582,0,0,0,0,0,0
7.17,1,1,5.225122059e-05,3.73907817e-05,-1.677791487e-06,6.687197497e-05,-0.03830901302,-4.769721512e-05,0,0,0,0,-0.01047197551,0,-0.03933898013,-0.008567643806,0.003152819092,0.00102996711,0.01240591164,0.0974260971,11.99816701,0,-0.1206784508,-0.1078980726,0.4387053022,0.1488481997,1.048808404,0.001561982956,-15.58817554,-0.1488481997,-0.001561982956,-15.29988042,-15.29988042,0.02914735306,-0.3059976083,-0,9.587379924e-07,4.793689962e-07,-1.438106989e-06,-0.3059976083,-9.970875121e-05,-0,9.587379924e-07,4.793689962e-07,-1.438106989e-06,-0.3059976083,-9.970875121e-05,0,0,0,0,0,0
7.18,1,1,5.297027408e-05,3.715109721e-05,-1.438106989e-06,6.735134397e-05,-0.0384020106,-4.697816163e-05,0,0,0,0,-0.006283185307,0,-0.03942449853,-0.008535998316,0.003176264449,0.001022487931,0.01232429112,0.1008626315,12.00636707,0,-0.1217463833,-0.1071458168,0.3707301036,0.147969963,1.044695066,0.001602961621,-16.13802104,-0.147969963,-0.001602961621,-15.91686386,-15.91686386,0.02912087677,-0.3183372772,-1.438106989e-06,1.438106989e-06,-0,-2.396844981e-06,-0.3183372772,-0.0001011468582,-1.438106989e-06,1.438106989e-06,-0,-2.396844981e-06,-0.3183372772,-0.0001011468582,0,0,0,0,0,0
7.19,1,1,5.320995858e-05,3.715109721e-05,-2.396844981e-06,6.783071296e-05,-0.03844803003,-4.673847713e-05,0,0,0,0,-0.002094395102,0,-0.03950969931,-0.008504118807,0.003199622727,0.001061669288,0.01280310136,0.1088159215,12.01045364,0,-0.1222748061,-0.1109103166,0.2329326179,0.1537710553,1.040543522,0.00171410149,-17.41054743,-0.1537710553,-0.00171410149,-17.33309997,-17.33309997,0.02909477059,-0.3466619994,-1.917475985e-06,1.438106989e-06,1.917475985e-06,-3.355582973e-06,-0.3466619994,-0.0001016262272,-1.917475985e-06,1.438106989e-06,1.917475985e-06,-3.355582973e-06,-0.3466619994,-0.0001016262272,0,0,0,0,0,0
7.2,1,1,5.273058958e-05,3.715109721e-05,-2.636529479e-06,6.735134397e-05,-0.03846360952,-4.673847713e-05,0,0,0,0,0,0,-0.03959458013,-0.008472006154,0.003222893285,0.001130970614,0.01364424304,0.1175935586,12.01184144,0,-0.1224536935,-0.1175935586,0.06755538186,0.163892484,1.03846361,0.001843344778,-18.81496938,-0.163892484,-0.001843344778,-18.91314983,-18.91314983,0.02906916847,-0.3782629966,-9.587379924e-07,1.438106989e-06,2.396844981e-06,-2.396844981e-06,-0.3782629966,-0.0001016262272,-9.587379924e-07,1.438106989e-06,2.396844981e-06,-2.396844981e-06,-0.3782629966,-0.0001016262272,0,0,0,0,0,0
7.21,1,1,5.153216709e-05,3.715109721e-05,-3.355582973e-06,6.759102847e-05,-0.03847343658,-4.673847713e-05,0,0,0,0,0,0,-0.03967913866,-0.008439661236,0.003246075486,0.00120570208,0.01455127516,0.1248068562,12.01271795,0,-0.1225665286,-0.1248068562,-0.07663257626,0.1748003644,1.038473437,0.001954762506,-19.969097,-0.1748003644,-0.001954762506,-20.2224847,-20.2224847,0.02904407944,-0.404449694,1.438106989e-06,1.438106989e-06,3.83495197e-06,-2.876213977e-06,-0.404449694,-0.0001016262272,1.438106989e-06,1.438106989e-06,3.83495197e-06,-2.876213977e-06,-0.404449694,-0.0001016262272,0,0,0,0,0,0
7.22,1,1,5.153216709e-05,3.667172821e-05,-3.115898475e-06,6.759102847e-05,-0.03848422239,-4.625910813e-05,0,0,0,0,-0.001047197551,0,-0.03976337259,-0.008407084941,0.003269168695,0.001279150201,0.01544355835,0.13085284,12.01368098,0,-0.1226903706,-0.1319000375,-0.1923239533,0.1855339832,1.039531694,0.002051893443,-20.9364544,-0.1855339832,-0.002051893443,-21.31636423,-21.31636423,0.02901948277,-0.4263272846,1.438106989e-06,2.396844981e-06,3.355582973e-06,-2.876213977e-06,-0.4263272846,-0.0001025849652,1.438106989e-06,2.396844981e-06,3.355582973e-06,-2.876213977e-06,-0.4263272846,-0.0001025849652,0,0,0,0,0,0
7.23,1,1,5.129248259e-05,3.667172821e-05,-2.636529479e-06,6.663229047e-05,-0.03850052093,-4.697816163e-05,0,0,0,0,-0.001047197551,0,-0.03984727959,-0.008374278161,0.003292172277,0.001346758662,0.01626634297,0.137383623,12.01513821,0,-0.122877507,-0.1384308205,-0.2765953053,0.195442359,1.039547993,0.002152575711,-21.98137967,-0.195442359,-0.002152575711,-22.45556991,-22.45556991,0.02899536525,-0.4491113983,1.917475985e-06,2.396844981e-06,2.396844981e-06,-9.587379924e-07,-0.4491113983,-0.0001011468582,1.917475985e-06,2.396844981e-06,2.396844981e-06,-9.587379924e-07,-0.4491113983,-0.0001011468582,0,0,0,0,0,0
7.24,1,1,5.129248259e-05,3.691141271e-05,-1.438106989e-06,6.663229047e-05,-0.03852353064,-4.673847713e-05,0,0,0,0,-0.002094395102,0,-0.03993085738,-0.008341241796,0.003315085603,0.001407326741,0.01700517246,0.1421874006,12.01719956,0,-0.1231416941,-0.1442817957,-0.3329904093,0.2043545509,1.040619022,0.002230609135,-22.7499841,-0.2043545509,-0.002230609135,-23.28955967,-23.28955967,0.02897167531,-0.4657911934,1.917475985e-06,1.917475985e-06,-0,-9.587379924e-07,-0.4657911934,-0.0001016262272,1.917475985e-06,1.917475985e-06,-0,-9.587379924e-07,-0.4657911934,-0.0001016262272,0,0,0,0,0,0
7.25,1,1,5.177185159e-05,3.715109721e-05,-1.677791487e-06,6.663229047e-05,-0.0385520531,-4.721784613e-05,0,0,0,0,-0.003141592654,0,-0.04001410367,-0.008307976752,0.003337908044,0.001462050568,0.01767437912,0.146426596,12.01976141,0,-0.123469167,-0.1495681887,-0.3684863421,0.21244182,1.041696113,0.002300017315,-23.42825536,-0.21244182,-0.002300017315,-24.01148354,-24.01148354,0.02894838514,-0.4802296708,9.587379924e-07,1.438106989e-06,4.793689962e-07,-9.587379924e-07,-0.4802296708,-0.0001006674892,9.587379924e-07,1.438106989e-06,4.793689962e-07,-9.587379924e-07,-0.4802296708,-0.0001006674892,0,0,0,0,0,0
7.26,1,1,5.249090509e-05,3.691141271e-05,-1.198422491e-06,6.567355248e-05,-0.03859879158,-4.673847713e-05,0,0,0,0,-0.006283185307,0,-0.04009701616,-0.00827448394,0.003360638975,0.001498224584,0.01812115282,0.1467716945,12.0239753,0,-0.1240057607,-0.1530548798,-0.3639714162,0.2178882939,1.044891846,0.002317759852,-23.48347112,-0.2178882939,-0.002317759852,-24.06764859,-24.06764859,0.02892536444,-0.4813529717,-4.793689962e-07,1.917475985e-06,-4.793689962e-07,9.587379924e-07,-0.4813529717,-0.0001016262272,-4.793689962e-07,1.917475985e-06,-4.793689962e-07,9.587379924e-07,-0.4813529717,-0.0001016262272,0,0,0,0,0,0
7.27,1,1,5.249090509e-05,3.73907817e-05,-1.438106989e-06,6.615292148e-05,-0.03866973819,-4.769721512e-05,0,0,0,0,-0.007330382858,0,-0.04017959259,-0.008240764279,0.003383277772,0.001509854403,0.01827314525,0.1468273071,12.03040954,0,-0.1248202311,-0.1541576899,-0.3168662276,0.2198334209,1.046013555,0.002321770569,-23.49236913,-0.2198334209,-0.002321770569,-24.03139055,-24.03139055,0.0289023575,-0.480627811,-4.793689962e-07,9.587379924e-07,-0,-0,-0.480627811,-9.970875121e-05,-4.793689962e-07,9.587379924e-07,-0,-0,-0.480627811,-9.970875121e-05,0,0,0,0,0,0
7.28,1,1,5.273058958e-05,3.715109721e-05,-1.677791487e-06,6.735134397e-05,-0.03877304221,-4.745753063e-05,0,0,0,0,-0.01151917306,0,-0.04026183069,-0.008206818694,0.003405823815,0.001488788487,0.01803174123,0.140564244,12.03985987,0,-0.1260060543,-0.1520834171,-0.2201753351,0.2170996376,1.050325388,0.002239297237,-22.49027904,-0.2170996376,-0.002239297237,-22.92979331,-22.92979331,0.02887911735,-0.4585958662,-9.587379924e-07,1.438106989e-06,4.793689962e-07,-2.396844981e-06,-0.4585958662,-0.0001001881202,-9.587379924e-07,1.438106989e-06,4.793689962e-07,-2.396844981e-06,-0.4585958662,-0.0001001881202,0,0,0,0,0,0
7.29,1,1,5.273058958e-05,3.81098352e-05,-1.438106989e-06,6.711165947e-05,-0.03890942268,-4.721784613e-05,0,0,0.001047197551,0,-0.01570796327,0,-0.04034372821,-0.008172648114,0.003428276485,0.001434305528,0.01738731451,0.1310545262,12.05248448,0,-0.1275713566,-0.1467624894,-0.08110994851,0.2095603383,1.054679071,0.002103418351,-20.96872419,-0.2095603383,-0.002103418351,-21.26149789,-21.26149789,0.02885537553,-0.4252299579,-9.587379924e-07,-4.793689962e-07,-0.0001047197551,-1.917475985e-06,-0.4252299579,-0.0001006674892,-9.587379924e-07,-4.793689962e-07,-0.0001047197551,-1.917475985e-06,-0.4252299579,-0.0001006674892,0,0,0,0,0,0
7.3,1,1,5.297027408e-05,3.73907817e-05,-2.396844981e-06,6.735134397e-05,-0.0390776812,-4.697816163e-05,0,0,0,0,-0.01675516082,0,-0.04042528291,-0.008138253478,0.003450635167,0.001347601705,0.0163530191,0.1215586551,12.06829342,0,-0.1295022134,-0.1383138159,0.0894097383,0.1973530329,1.055903026,0.00195389131,-19.44938482,-0.1973530329,-0.00195389131,-19.55928201,-19.55928201,0.02883096735,-0.3911856401,-1.438106989e-06,9.587379924e-07,1.917475985e-06,-2.396844981e-06,-0.3911856401,-0.0001011468582,-1.438106989e-06,9.587379924e-07,1.917475985e-06,-2.396844981e-06,-0.3911856401,-0.0001011468582,0,0,0,0,0,0
7.31,1,1,5.273058958e-05,3.73907817e-05,-1.438106989e-06,6.687197497e-05,-0.03924761751,-4.721784613e-05,0,0,0,0,-0.01361356817,0,-0.04050649254,-0.008103635726,0.003472899249,0.001258875027,0.01529226567,0.1160587216,12.08452259,0,-0.1314519547,-0.1296722898,0.2303908515,0.1847997299,1.052907518,0.001853312033,-18.56939546,-0.1847997299,-0.001853312033,-18.52565765,-18.52565765,0.02880596986,-0.370513153,-9.587379924e-07,9.587379924e-07,-0,-1.438106989e-06,-0.370513153,-0.0001006674892,-9.587379924e-07,9.587379924e-07,-0,-1.438106989e-06,-0.370513153,-0.0001006674892,0,0,0,0,0,0
7.32,1,1,5.249090509e-05,3.83495197e-05,-2.157160483e-06,6.711165947e-05,-0.03937584872,-4.673847713e-05,0,0,0,0,-0.01047197551,0,-0.04058735488,-0.00806879581,0.003495068119,0.001211506163,0.01472978869,0.1145740786,12.09694413,0,-0.1329229493,-0.1250460542,0.2716452786,0.1781854308,1.04987524,0.001817493321,-18.33185258,-0.1781854308,-0.001817493321,-18.24021023,-18.24021023,0.02878081484,-0.3648042046,-4.793689962e-07,-9.587379924e-07,1.438106989e-06,-1.917475985e-06,-0.3648042046,-0.0001016262272,-4.793689962e-07,-9.587379924e-07,1.438106989e-06,-1.917475985e-06,-0.3648042046,-0.0001016262272,0,0,0,0,0,0
7.33,1,1,5.249090509e-05,3.76304662e-05,-2.157160483e-06,6.711165947e-05,-0.03946525104,-4.673847713e-05,0,0,0,0,-0.006283185307,0,-0.04066786772,-0.008033734683,0.003517141171,0.001202616682,0.01463227045,0.1178695878,12.10569384,0,-0.1339483932,-0.1241527731,0.237197362,0.1771337862,1.045758306,0.001853517556,-18.85913405,-0.1771337862,-0.001853517556,-18.80092399,-18.80092399,0.02875574308,-0.3760184799,-4.793689962e-07,4.793689962e-07,1.438106989e-06,-1.917475985e-06,-0.3760184799,-0.0001016262272,-4.793689962e-07,4.793689962e-07,1.438106989e-06,-1.917475985e-06,-0.3760184799,-0.0001016262272,0,0,0,0,0,0
7.34,1,1,5.320995858e-05,3.78701507e-05,-1.438106989e-06,6.711165947e-05,-0.03952157689,-4.649879263e-05,0,0,0,0,-0.005235987756,0,-0.04074802884,-0.007998453308,0.003539117798,0.001226451948,0.01493102304,0.1211981451,12.1112442,0,-0.134594396,-0.1264341329,0.1513835756,0.1808332662,1.044764419,0.001900596087,-19.39170322,-0.1808332662,-0.001900596087,-19.4230535,-19.4230535,0.02873093329,-0.3884610701,-1.917475985e-06,-0,-0,-1.917475985e-06,-0.3884610701,-0.0001021055962,-1.917475985e-06,-0,-0,-1.917475985e-06,-0.3884610701,-0.0001021055962,0,0,0,0,0,0
7.35,1,1,5.249090509e-05,3.619235921e-05,-2.396844981e-06,6.687197497e-05,-0.03956831537,-4.697816163e-05,0,0,0,0,-0.004188790205,0,-0.04082783605,-0.007962952651,0.003560997398,0.001259520683,0.01534200003,0.1254233631,12.11587204,0,-0.1351304087,-0.1296121533,0.06560937704,0.1858817092,1.043761492,0.001961401943,-20.06773809,-0.1858817092,-0.001961401943,-20.18997183,-20.18997183,0.02870639558,-0.4037994366,-4.793689962e-07,3.355582973e-06,1.917475985e-06,-1.438106989e-06,-0.4037994366,-0.0001011468582,-4.793689962e-07,3.355582973e-06,1.917475985e-06,-1.438106989e-06,-0.4037994366,-0.0001011468582,0,0,0,0,0,0
7.36,1,1,5.320995858e-05,3.571299022e-05,-2.157160483e-06,6.807039746e-05,-0.039608103,-4.673847713e-05,0,0,0,0,-0.003141592654,0,-0.04090728717,-0.007927233685,0.003582779372,0.001299184169,0.01583334823,0.1302898743,12.11982754,0,-0.1355866836,-0.133431467,-0.0164346712,0.1918974498,1.042752163,0.00203184859,-20.8463799,-0.1918974498,-0.00203184859,-21.05674387,-21.05674387,0.02868217155,-0.4211348773,-1.917475985e-06,4.314320966e-06,1.438106989e-06,-3.83495197e-06,-0.4211348773,-0.0001016262272,-1.917475985e-06,4.314320966e-06,1.438106989e-06,-3.83495197e-06,-0.4211348773,-0.0001016262272,0,0,0,0,0,0
7.37,1,1,5.225122059e-05,3.643204371e-05,-2.636529479e-06,6.783071296e-05,-0.03964405567,-4.721784613e-05,0,0,0,0,-0.003141592654,0,-0.04098638,-0.007891297391,0.003604463122,0.001342324331,0.01636734326,0.134448312,12.12341437,0,-0.1359989619,-0.1375899047,-0.08956643325,0.1984280845,1.042788116,0.00209509523,-21.51172992,-0.1984280845,-0.00209509523,-21.80181953,-21.80181953,0.02865829039,-0.4360363907,-0,2.876213977e-06,2.396844981e-06,-3.355582973e-06,-0.4360363907,-0.0001006674892,-0,2.876213977e-06,2.396844981e-06,-3.355582973e-06,-0.4360363907,-0.0001006674892,0,0,0,0,0,0
7.38,1,1,5.249090509e-05,3.691141271e-05,-1.917475985e-06,6.663229047e-05,-0.03968959573,-4.697816163e-05,0,0,0,0,-0.004188790205,0,-0.04106511239,-0.007855144752,0.003626048054,0.001375516667,0.01678121787,0.1365946299,12.12797485,0,-0.1365211562,-0.1407834201,-0.1312429466,0.2035221883,1.043882772,0.002131249693,-21.85514079,-0.2035221883,-0.002131249693,-22.19203717,-22.19203717,0.02863462635,-0.4438407434,-4.793689962e-07,1.917475985e-06,9.587379924e-07,-9.587379924e-07,-0.4438407434,-0.0001011468582,-4.793689962e-07,1.917475985e-06,9.587379924e-07,-9.587379924e-07,-0.4438407434,-0.0001011468582,0,0,0,0,0,0
7.39,1,1,5.225122059e-05,3.76304662e-05,-4.793689962e-07,6.615292148e-05,-0.03975718675,-4.673847713e-05,0,0,0,0,-0.007330382858,0,-0.04114348218,-0.007818776761,0.003647533576,0.001386295425,0.01692357335,0.1344692452,12.13477899,0,-0.1372961506,-0.141799628,-0.1251262973,0.2053638223,1.047101003,0.002109303434,-21.51507923,-0.2053638223,-0.002109303434,-21.84767865,-21.84767865,0.02861099944,-0.436953573,-0,4.793689962e-07,-1.917475985e-06,-0,-0.436953573,-0.0001016262272,-0,4.793689962e-07,-1.917475985e-06,-0,-0.436953573,-0.0001016262272,0,0,0,0,0,0
7.4,1,1,5.320995858e-05,3.691141271e-05,-1.438106989e-06,6.711165947e-05,-0.03984347317,-4.745753063e-05,0,0,0,0,-0.00837758041,0,-0.04122148721,-0.007782194414,0.003668919099,0.00137801404,0.01683467396,0.1325858266,12.14352672,0,-0.1382854148,-0.140963407,-0.08611073357,0.2044323131,1.0482386,0.002082554666,-21.21373225,-0.2044323131,-0.002082554666,-21.50635785,-21.50635785,0.0285872852,-0.430127157,-1.917475985e-06,1.917475985e-06,-0,-1.917475985e-06,-0.430127157,-0.0001001881202,-1.917475985e-06,1.917475985e-06,-0,-1.917475985e-06,-0.430127157,-0.0001001881202,0,0,0,0,0,0
7.41,1,1,5.273058958e-05,3.715109721e-05,-4.793689962e-07,6.687197497e-05,-0.03994078508,-4.721784613e-05,0,0.001047197551,0,0,-0.009424777961,0,-0.04129912536,-0.007745398714,0.003690204036,0.001358340276,0.01660721019,0.1295949907,12.15347524,0,-0.1394009627,-0.1390197686,-0.03467966578,0.2018353179,1.04938777,0.002038341181,-20.73519851,-0.2018353179,-0.002038341181,-20.97375183,-20.97375183,0.02856342367,-0.4194750366,-9.587379924e-07,-0.0001032816481,-1.917475985e-06,-1.438106989e-06,-0.4194750366,-0.0001006674892,-9.587379924e-07,-0.0001032816481,-1.917475985e-06,-1.438106989e-06,-0.4194750366,-0.0001006674892,0,0,0,0,0,0
7.42,1,1,5.273058958e-05,3.691141271e-05,-7.190534943e-07,6.639260598e-05,-0.04003905572,-4.745753063e-05,0,0,0,0,-0.009424777961,0,-0.04137639448,-0.007708390671,0.003711387805,0.001337338756,0.01636326597,0.1275220887,12.1636113,0,-0.1405273685,-0.1369468666,0.009642586087,0.1990364068,1.04948604,0.00200442838,-20.40353418,-0.1990364068,-0.00200442838,-20.59493243,-20.59493243,0.0285394219,-0.4118986487,-9.587379924e-07,1.917475985e-06,-1.438106989e-06,-4.793689962e-07,-0.4118986487,-0.0001001881202,-9.587379924e-07,1.917475985e-06,-1.438106989e-06,-4.793689962e-07,-0.4118986487,-0.0001001881202,0,0,0,0,0,0
7.43,1,1,5.273058958e-05,3.73907817e-05,-1.438106989e-06,6.639260598e-05,-0.04013397079,-4.697816163e-05,0,0,0,0,-0.009424777961,0,-0.04145329247,-0.007671171297,0.003732469825,0.00131932168,0.01615529302,0.1257389347,12.17348683,0,-0.1416151841,-0.1351637126,0.04058615249,0.1966662468,1.049580955,0.001975091702,-20.11822955,-0.1966662468,-0.001975091702,-20.27628473,-20.27628473,0.02851535614,-0.4055256946,-9.587379924e-07,9.587379924e-07,-0,-4.793689962e-07,-0.4055256946,-0.0001011468582,-9.587379924e-07,9.587379924e-07,-0,-4.793689962e-07,-0.4055256946,-0.0001011468582,0,0,0,0,0,0
7.44,1,1,5.177185159e-05,3.78701507e-05,-2.157160483e-06,6.663229047e-05,-0.04022576995,-4.721784613e-05,0,0,0,0,-0.009424777961,0,-0.0415298172,-0.007633741615,0.003753449516,0.001304047257,0.01598043106,0.1242219901,12.18311836,0,-0.1426671684,-0.133646768,0.06075220336,0.194691483,1.049672755,0.001949951818,-19.87551841,-0.194691483,-0.001949951818,-20.01140764,-20.01140764,0.02849119018,-0.4002281529,9.587379924e-07,-0,1.438106989e-06,-9.587379924e-07,-0.4002281529,-0.0001006674892,9.587379924e-07,-0,1.438106989e-06,-9.587379924e-07,-0.4002281529,-0.0001006674892,0,0,0,0,0,0
7.45,1,1,5.153216709e-05,3.691141271e-05,-2.396844981e-06,6.735134397e-05,-0.04031349447,-4.530037014e-05,0,0,0,0,-0.00837758041,0,-0.0416059666,-0.00759610265,0.003774326306,0.001292472126,0.01585042062,0.1241113633,12.19239621,0,-0.1436723478,-0.1324889437,0.0707962299,0.1932546083,1.048708621,0.001942986085,-19.85781813,-0.1932546083,-0.001942986085,-19.98221949,-19.98221949,0.02846698636,-0.3996443899,1.438106989e-06,1.917475985e-06,1.917475985e-06,-2.396844981e-06,-0.3996443899,-0.0001045024412,1.438106989e-06,1.917475985e-06,1.917475985e-06,-2.396844981e-06,-0.3996443899,-0.0001045024412,0,0,0,0,0,0
7.46,1,1,5.153216709e-05,3.643204371e-05,-2.396844981e-06,6.687197497e-05,-0.04040313648,-4.458131665e-05,-0.001047197551,0,0,0,-0.00837758041,0,-0.04168173856,-0.007558255434,0.00379509962,0.001278602087,0.01569222358,0.122730293,12.20195155,0,-0.1446993852,-0.1311078735,0.08287990675,0.1914757519,1.048798263,0.001920055045,-19.63684689,-0.1914757519,-0.001920055045,-19.74736279,-19.74736279,0.02844270378,-0.3949472557,0.0001061578621,2.876213977e-06,1.917475985e-06,-1.438106989e-06,-0.3949472557,-0.0001059405482,0.0001061578621,2.876213977e-06,1.917475985e-06,-1.438106989e-06,-0.3949472557,-0.0001059405482,0,0,0,0,0,0
7.47,1,1,5.225122059e-05,3.643204371e-05,-1.438106989e-06,6.711165947e-05,-0.04049014195,-4.482100115e-05,0,0,0,0,-0.007330382858,0,-0.04175713102,-0.007520201005,0.003815768889,0.001266989068,0.015561358,0.1226154077,12.21129821,0,-0.1456961056,-0.1299457905,0.08887611568,0.1900243832,1.047833958,0.00191309469,-19.61846522,-0.1900243832,-0.00191309469,-19.72152659,-19.72152659,0.02841838232,-0.3944305317,-0,2.876213977e-06,-0,-1.917475985e-06,-0.3944305317,-0.0001054611792,-0,2.876213977e-06,-0,-1.917475985e-06,-0.3944305317,-0.0001054611792,0,0,0,0,0,0
7.48,1,1,5.249090509e-05,3.715109721e-05,-2.157160483e-06,6.711165947e-05,-0.04056899815,-4.625910813e-05,0,0,0,0,-0.006283185307,0,-0.0418321419,-0.007481940405,0.003836333547,0.001263143747,0.01552522638,0.1232548546,12.21983113,0,-0.146599375,-0.1295380399,0.07991473846,0.1897156447,1.046862053,0.001917864758,-19.72077674,-0.1897156447,-0.001917864758,-19.83249551,-19.83249551,0.02839409036,-0.3966499102,-4.793689962e-07,1.438106989e-06,1.438106989e-06,-1.917475985e-06,-0.3966499102,-0.0001025849652,-4.793689962e-07,1.438106989e-06,1.438106989e-06,-1.917475985e-06,-0.3966499102,-0.0001025849652,0,0,0,0,0,0
7.49,1,1,5.201153609e-05,3.619235921e-05,-2.396844981e-06,6.711165947e-05,-0.04063107643,-4.530037014e-05,0,0,0,0,-0.005235987756,0,-0.04190676914,-0.007443474684,0.00385679303,0.001275692708,0.01568950389,0.1254869098,12.22658989,0,-0.1473103961,-0.1307228975,0.04320525664,0.1918291296,1.045873918,0.001947253126,-20.07790556,-0.1918291296,-0.001947253126,-20.22847669,-20.22847669,0.02836994382,-0.4045695338,4.793689962e-07,3.355582973e-06,1.917475985e-06,-1.917475985e-06,-0.4045695338,-0.0001045024412,4.793689962e-07,3.355582973e-06,1.917475985e-06,-1.917475985e-06,-0.4045695338,-0.0001045024412,0,0,0,0,0,0
7.5,1,1,5.249090509e-05,3.667172821e-05,-2.876213977e-06,6.807039746e-05,-0.0406763768,-4.625910813e-05,0,0,0,0,-0.002094395102,-0.001047197551,-0.04198101071,-0.007404804897,0.003877146778,0.001304633905,0.01605449655,0.1314065674,12.23154498,0,-0.1478292138,-0.1335009625,-0.01614520337,0.1963712966,1.042771869,0.002025326548,-21.02505078,-0.1963712966,-0.002025326548,-21.23959261,-21.23959261,0.0283460878,-0.4247918521,-4.793689962e-07,2.396844981e-06,2.876213977e-06,-3.83495197e-06,-0.4247918521,2.13478993e-06,-4.793689962e-07,2.396844981e-06,2.876213977e-06,-3.83495197e-06,-0.4247918521,2.13478993e-06,0,0,0,0,0,0
7.51,1,1,5.249090509e-05,3.691141271e-05,-1.677791487e-06,6.711165947e-05,-0.04069818809,-4.577973914e-05,0,0,0,-0.001047197551,-0.001047197551,0,-0.04205486456,-0.007365932103,0.003897394231,0.00135667647,0.01670252748,0.1374788719,12.2339377,0,-0.1480790043,-0.1385260695,-0.1058369789,0.2043376806,1.04174566,0.002112997893,-21.99661951,-0.2043376806,-0.002112997893,-22.30890717,-22.30890717,0.02832266606,-0.4461781433,-4.793689962e-07,1.917475985e-06,4.793689962e-07,0.0001028022791,-0.4461781433,-0.0001035437032,-4.793689962e-07,1.917475985e-06,4.793689962e-07,0.0001028022791,-0.4461781433,-0.0001035437032,0,0,0,0,0,0
7.52,1,1,5.177185159e-05,3.715109721e-05,-1.917475985e-06,6.639260598e-05,-0.04071496601,-4.530037014e-05,0,0,0,0,-0.001047197551,0,-0.04212832868,-0.007326857368,0.003917534835,0.00141336267,0.01740793206,0.1429583413,12.23578132,0,-0.148271146,-0.1440055388,-0.1865351357,0.21299965,1.041762438,0.002195501527,-22.8733346,-0.21299965,-0.002195501527,-23.27506489,-23.27506489,0.02829970628,-0.4655012978,9.587379924e-07,1.438106989e-06,9.587379924e-07,-4.793689962e-07,-0.4655012978,-0.0001045024412,9.587379924e-07,1.438106989e-06,9.587379924e-07,-4.793689962e-07,-0.4655012978,-0.0001045024412,0,0,0,0,0,0
7.53,1,1,5.320995858e-05,3.83495197e-05,-2.876213977e-06,6.687197497e-05,-0.04073126455,-4.506068564e-05,0,0,0,0,-0.001047197551,0,-0.04220140104,-0.007287581764,0.003937568038,0.001470136487,0.01811497756,0.1484493854,12.23757483,0,-0.1484577941,-0.1494965829,-0.2526794452,0.2216833934,1.041778736,0.002278085269,-23.75190166,-0.2216833934,-0.002278085269,-24.22854258,-24.22854258,0.02827719597,-0.4845708517,-1.917475985e-06,-9.587379924e-07,2.876213977e-06,-1.438106989e-06,-0.4845708517,-0.0001049818102,-1.917475985e-06,-9.587379924e-07,2.876213977e-06,-1.438106989e-06,-0.4845708517,-0.0001049818102,0,0,0,0,0,0
7.54,1,1,5.201153609e-05,3.83495197e-05,-2.396844981e-06,6.639260598e-05,-0.04075331553,-4.577973914e-05,0,0,0,0,-0.002094395102,0,-0.04227407965,-0.007248106367,0.003957493291,0.00152076412,0.01874735974,0.1522977034,12.24000535,0,-0.1487103117,-0.1543920985,-0.2957682932,0.2294677834,1.042848807,0.002340111065,-24.36763254,-0.2294677834,-0.002340111065,-24.89520873,-24.89520873,0.02825508873,-0.4979041745,4.793689962e-07,-9.587379924e-07,1.917475985e-06,-4.793689962e-07,-0.4979041745,-0.0001035437032,4.793689962e-07,-9.587379924e-07,1.917475985e-06,-4.793689962e-07,-0.4979041745,-0.0001035437032,0,0,0,0,0,0
7.55,1,1,5.297027408e-05,3.78701507e-05,-2.396844981e-06,6.783071296e-05,-0.04078111893,-4.601942364e-05,0,0,0,0.001047197551,-0.002094395102,0,-0.04234636251,-0.00720843226,0.003977310047,0.001565243576,0.01930500486,0.1565966558,12.2430765,0,-0.1490286932,-0.1586910509,-0.3200811633,0.2363526513,1.042876611,0.002404438239,-25.05546493,-0.2363526513,-0.002404438239,-25.61430319,-25.61430319,0.02823333029,-0.5122860637,-1.438106989e-06,-0,1.917475985e-06,-0.0001080753381,-0.5122860637,-0.0001030643342,-1.438106989e-06,-0,1.917475985e-06,-0.0001080753381,-0.5122860637,-0.0001030643342,0,0,0,0,0,0
7.56,1,1,5.273058958e-05,3.73907817e-05,-2.157160483e-06,6.663229047e-05,-0.04081635255,-4.601942364e-05,0,0,0,0,-0.003141592654,0,-0.04241824763,-0.00716856053,0.003997017763,0.001601895083,0.01976728031,0.1590873616,12.24697894,0,-0.1494321432,-0.1622289542,-0.3264115847,0.2420894656,1.043960413,0.002445899095,-25.45397785,-0.2420894656,-0.002445899095,-26.0249248,-26.0249248,0.02821187662,-0.5204984961,-9.587379924e-07,9.587379924e-07,1.438106989e-06,-9.587379924e-07,-0.5204984961,-0.0001030643342,-9.587379924e-07,9.587379924e-07,1.438106989e-06,-9.587379924e-07,-0.5204984961,-0.0001030643342,0,0,0,0,0,0
7.57,1,1,5.153216709e-05,3.76304662e-05,-1.677791487e-06,6.639260598e-05,-0.04085158617,-4.577973914e-05,0,0,0,0,-0.004188790205,0,-0.04248973306,-0.00712849227,0.004016615899,0.001638146889,0.02022509689,0.1615404547,12.25089319,0,-0.1498355748,-0.1657292449,-0.3302713154,0.2477755017,1.045044763,0.002486912603,-25.84647276,-0.2477755017,-0.002486912603,-26.42700649,-26.42700649,0.02819077246,-0.5285401298,1.438106989e-06,4.793689962e-07,4.793689962e-07,-4.793689962e-07,-0.5285401298,-0.0001035437032,1.438106989e-06,4.793689962e-07,4.793689962e-07,-4.793689962e-07,-0.5285401298,-0.0001035437032,0,0,0,0,0,0
7.58,1,1,5.177185159e-05,3.691141271e-05,-2.157160483e-06,6.687197497e-05,-0.04090048181,-4.601942364e-05,0,0,0,0,-0.005235987756,0,-0.04256081683,-0.007088228579,0.004036103917,0.001660335018,0.02051098656,0.1626231789,12.25634479,0,-0.1503954085,-0.1678591666,-0.3082203676,0.2513897233,1.046143323,0.002506980943,-26.01970862,-0.2513897233,-0.002506980943,-26.58182569,-26.58182569,0.02816981085,-0.5316365138,9.587379924e-07,1.917475985e-06,1.438106989e-06,-1.438106989e-06,-0.5316365138,-0.0001030643342,9.587379924e-07,1.917475985e-06,1.438106989e-06,-1.438106989e-06,-0.5316365138,-0.0001030643342,0,0,0,0,0,0
7.59,1,1,5.177185159e-05,3.667172821e-05,-2.396844981e-06,6.615292148e-05,-0.04096567599,-4.601942364e-05,0,0,0,0,-0.00837758041,0,-0.04263149699,-0.007047770561,0.004055481284,0.001665820992,0.02059235992,0.15998272,12.26364904,0,-0.1511417982,-0.1683603004,-0.2601793053,0.2525374749,1.049360802,0.002479627114,-25.5972352,-0.2525374749,-0.002479627114,-26.11243161,-26.11243161,0.02814887614,-0.5222486321,9.587379924e-07,2.396844981e-06,1.917475985e-06,-0,-0.5222486321,-0.0001030643342,9.587379924e-07,2.396844981e-06,1.917475985e-06,-0,-0.5222486321,-0.0001030643342,0,0,0,0,0,0
7.6,1,1,5.201153609e-05,3.715109721e-05,-2.396844981e-06,6.567355248e-05,-0.04106586411,-4.625910813e-05,0,0,0,0,-0.01047197551,0,-0.0427017716,-0.007007119324,0.004074747467,0.001635907482,0.02023936002,0.1549364335,12.27495306,0,-0.1522886997,-0.1654084091,-0.1575951365,0.2484371942,1.051565255,0.002409690206,-24.78982937,-0.2484371942,-0.002409690206,-25.19827139,-25.19827139,0.02812755691,-0.5039654278,4.793689962e-07,1.438106989e-06,1.917475985e-06,9.587379924e-07,-0.5039654278,-0.0001025849652,4.793689962e-07,1.438106989e-06,1.917475985e-06,9.587379924e-07,-0.5039654278,-0.0001025849652,0,0,0,0,0,0
7.61,1,1,5.177185159e-05,3.715109721e-05,-1.198422491e-06,6.591323698e-05,-0.04119577311,-4.697816163e-05,0,0,0,0,-0.01361356817,0,-0.04277163873,-0.006966275984,0.004093901939,0.00157586562,0.01951556337,0.1459054678,12.28975348,0,-0.1537756051,-0.159519036,-0.01993045424,0.2398414629,1.054855674,0.002281687294,-23.34487485,-0.2398414629,-0.002281687294,-23.60692845,-23.60692845,0.0281056857,-0.472138569,9.587379924e-07,1.438106989e-06,-4.793689962e-07,4.793689962e-07,-0.472138569,-0.0001011468582,9.587379924e-07,1.438106989e-06,-4.793689962e-07,4.793689962e-07,-0.472138569,-0.0001011468582,0,0,0,0,0,0
7.62,1,1,5.273058958e-05,3.73907817e-05,-2.157160483e-06,6.735134397e-05,-0.04135156804,-4.577973914e-05,0,0,0,0,-0.01675516082,0,-0.04284109648,-0.006925241659,0.004112944175,0.001489528443,0.0184667964,0.134314166,12.30771679,0,-0.1555584559,-0.1510693269,0.1388443297,0.2272841002,1.058176913,0.002111972089,-21.49026657,-0.2272841002,-0.002111972089,-21.58081831,-21.58081831,0.02808304299,-0.4316163662,-9.587379924e-07,9.587379924e-07,1.438106989e-06,-2.396844981e-06,-0.4316163662,-0.0001035437032,-9.587379924e-07,9.587379924e-07,1.438106989e-06,-2.396844981e-06,-0.4316163662,-0.0001035437032,0,0,0,0,0,0
7.63,1,1,5.225122059e-05,3.691141271e-05,-3.115898475e-06,6.687197497e-05,-0.04150856138,-4.577973914e-05,0,0,0,0,-0.01466076572,0,-0.04291014293,-0.006884017476,0.004131873652,0.00140158155,0.01739593004,0.1278067687,12.32605495,0,-0.1573546436,-0.1424675344,0.2705294609,0.2144231895,1.056223062,0.002000579053,-20.44908299,-0.2144231895,-0.002000579053,-20.3949773,-20.3949773,0.02805977514,-0.4078995459,-0,1.917475985e-06,3.355582973e-06,-1.438106989e-06,-0.4078995459,-0.0001035437032,-0,1.917475985e-06,3.355582973e-06,-1.438106989e-06,-0.4078995459,-0.0001035437032,0,0,0,0,0,0
7.64,1,1,5.201153609e-05,3.83495197e-05,-2.157160483e-06,6.663229047e-05,-0.04165476893,-4.530037014e-05,0,0,0,0,-0.01361356817,0,-0.0429787762,-0.006842604564,0.004150689852,0.001324007273,0.01645076343,0.1212664406,12.34334772,0,-0.1590270846,-0.1348800088,0.3598004045,0.2030574933,1.055314669,0.001893337204,-19.4026305,-0.2030574933,-0.001893337204,-19.24778092,-19.24778092,0.02803601571,-0.3849556185,4.793689962e-07,-9.587379924e-07,1.438106989e-06,-9.587379924e-07,-0.3849556185,-0.0001045024412,4.793689962e-07,-9.587379924e-07,1.438106989e-06,-9.587379924e-07,-0.3849556185,-0.0001045024412,0,0,0,0,0,0
7.65,1,1,5.201153609e-05,3.73907817e-05,-1.917475985e-06,6.711165947e-05,-0.04179450499,-4.506068564e-05,0,0,0,0,-0.01361356817,0,-0.0430469944,-0.006801004058,0.004169392258,0.00125248941,0.01557846991,0.1142717768,12.36006913,0,-0.160625186,-0.127885345,0.4218086495,0.192550965,1.055454405,0.001783065455,-18.28348429,-0.192550965,-0.001783065455,-18.05600967,-18.05600967,0.02801183466,-0.3611201934,4.793689962e-07,9.587379924e-07,9.587379924e-07,-1.917475985e-06,-0.3611201934,-0.0001049818102,4.793689962e-07,9.587379924e-07,9.587379924e-07,-1.917475985e-06,-0.3611201934,-0.0001049818102,0,0,0,0,0,0
7.66,1,1,5.201153609e-05,3.81098352e-05,-2.396844981e-06,6.711165947e-05,-0.04192705052,-4.482100115e-05,0,0,0,0,-0.01151917306,0,-0.04311479566,-0.0067592171,0.004187980359,0.001187745143,0.01478821509,0.1100332061,12.37610602,0,-0.1621407662,-0.1215523792,0.4598824625,0.1830205178,1.053479396,0.001709011249,-17.60531298,-0.1830205178,-0.001709011249,-17.33016005,-17.33016005,0.02798728937,-0.3466032009,4.793689962e-07,-4.793689962e-07,1.917475985e-06,-1.917475985e-06,-0.3466032009,-0.0001054611792,4.793689962e-07,-4.793689962e-07,1.917475985e-06,-1.917475985e-06,-0.3466032009,-0.0001054611792,0,0,0,0,0,0
7.67,1,1,5.177185159e-05,3.73907817e-05,-2.157160483e-06,6.615292148e-05,-0.04204209907,-4.601942364e-05,0,0,0,0,-0.009424777961,0,-0.04318217812,-0.006717244834,0.004206453644,0.001140079048,0.01420799559,0.1074565369,12.39016525,0,-0.163456051,-0.1168813149,0.4606615514,0.1760394132,1.051489084,0.001661221745,-17.1930459,-0.1760394132,-0.001661221745,-16.91008499,-16.91008499,0.02796254859,-0.3382016998,9.587379924e-07,9.587379924e-07,1.438106989e-06,-0,-0.3382016998,-0.0001030643342,9.587379924e-07,9.587379924e-07,1.438106989e-06,-0,-0.3382016998,-0.0001030643342,0,0,0,0,0,0
7.68,1,1,5.225122059e-05,3.691141271e-05,-2.157160483e-06,6.735134397e-05,-0.04211759969,-4.673847713e-05,0,0,0,0,-0.005235987756,0,-0.04324913994,-0.006675088411,0.004224811607,0.00113154025,0.01411195281,0.1107763267,12.39946219,0,-0.1643190908,-0.1160123145,0.3910562935,0.1749806253,1.047360441,0.001697621191,-17.72421227,-0.1749806253,-0.001697621191,-17.50983423,-17.50983423,0.02793786985,-0.3501966845,-0,1.917475985e-06,1.438106989e-06,-2.396844981e-06,-0.3501966845,-0.0001016262272,-0,1.917475985e-06,1.438106989e-06,-2.396844981e-06,-0.3501966845,-0.0001016262272,0,0,0,0,0,0
7.69,1,1,5.344964308e-05,3.667172821e-05,-2.396844981e-06,6.735134397e-05,-0.04215642858,-4.506068564e-05,0,0,0,0,-0.002094395102,0,-0.04331567928,-0.006632748988,0.004243053744,0.0011592507,0.01446547563,0.1165709943,12.40426529,0,-0.1647629038,-0.1186653894,0.2701162684,0.1794335974,1.04425192,0.001774283173,-18.65135909,-0.1794335974,-0.001774283173,-18.5624507,-18.5624507,0.02791349362,-0.3712490141,-2.396844981e-06,2.396844981e-06,1.917475985e-06,-2.396844981e-06,-0.3712490141,-0.0001049818102,-2.396844981e-06,2.396844981e-06,1.917475985e-06,-2.396844981e-06,-0.3712490141,-0.0001049818102,0,0,0,0,0,0
7.7,1,1,5.297027408e-05,3.715109721e-05,-2.396844981e-06,6.639260598e-05,-0.04216625564,-4.601942364e-05,0,0,0,0,0,0,-0.04338179432,-0.006590227724,0.004261179556,0.00121553867,0.01517391459,0.1240977416,12.40548325,0,-0.164875223,-0.1240977416,0.1209206314,0.1882397433,1.042166256,0.001879691915,-19.85563866,-0.1882397433,-0.001879691915,-19.92483747,-19.92483747,0.02788957246,-0.3984967493,-1.438106989e-06,1.438106989e-06,1.917475985e-06,-4.793689962e-07,-0.3984967493,-0.0001030643342,-1.438106989e-06,1.438106989e-06,1.917475985e-06,-4.793689962e-07,-0.3984967493,-0.0001030643342,0,0,0,0,0,0
7.71,1,1,5.249090509e-05,3.78701507e-05,-3.115898475e-06,6.663229047e-05,-0.0421715287,-4.625910813e-05,0,0,0,0,0,0,-0.04344748323,-0.006547525786,0.004279188546,0.001275954529,0.01593407828,0.1299349156,12.40613718,0,-0.1649354912,-0.1299349156,-0.007988347811,0.1976803609,1.042171529,0.001966467072,-20.7895865,-0.1976803609,-0.001966467072,-20.99722167,-20.99722167,0.02786609478,-0.4199444335,-4.793689962e-07,-0,3.355582973e-06,-9.587379924e-07,-0.4199444335,-0.0001025849652,-4.793689962e-07,-0,3.355582973e-06,-9.587379924e-07,-0.4199444335,-0.0001025849652,0,0,0,0,0,0
7.72,1,1,5.249090509e-05,3.715109721e-05,-3.115898475e-06,6.639260598e-05,-0.04217656208,-4.554005464e-05,0,0,0,0,0,0.001047197551,-0.04351274423,-0.006504644344,0.00429708022,0.001336182154,0.01669241881,0.1357574381,12.40676163,0,-0.1649930195,-0.1357574381,-0.1130036741,0.2070988612,1.042176562,0.002052903939,-21.72119009,-0.2070988612,-0.002052903939,-22.04334553,-22.04334553,0.02784304699,-0.4408669107,-4.793689962e-07,1.438106989e-06,3.355582973e-06,-4.793689962e-07,-0.4408669107,-0.0002087428273,-4.793689962e-07,1.438106989e-06,3.355582973e-06,-4.793689962e-07,-0.4408669107,-0.0002087428273,0,0,0,0,0,0
7.73,1,1,5.153216709e-05,3.73907817e-05,-2.396844981e-06,6.687197497e-05,-0.0421839923,-4.577973914e-05,0,0,0,0,-0.001047197551,0,-0.04357757553,-0.006461584574,0.004314854087,0.001393583228,0.01741619264,0.1402610802,12.40768391,0,-0.1650779415,-0.1413082778,-0.1935750009,0.2160946132,1.043231464,0.002123574416,-22.44177284,-0.2160946132,-0.002123574416,-22.85356602,-22.85356602,0.02782043212,-0.4570713205,1.438106989e-06,9.587379924e-07,1.917475985e-06,-1.438106989e-06,-0.4570713205,-0.0001035437032,1.438106989e-06,9.587379924e-07,1.917475985e-06,-1.438106989e-06,-0.4570713205,-0.0001035437032,0,0,0,0,0,0
7.74,1,1,5.201153609e-05,3.73907817e-05,-2.396844981e-06,6.711165947e-05,-0.04219453842,-4.506068564e-05,0,0,0,0,-0.001047197551,0,-0.04364197533,-0.006418347657,0.00433250966,0.001447436918,0.01809643932,0.1454695157,12.40899388,0,-0.1651984743,-0.1465167133,-0.2532280138,0.2245586049,1.04324201,0.002200714973,-23.27512252,-0.2245586049,-0.002200714973,-23.75510985,-23.75510985,0.02779823553,-0.475102197,4.793689962e-07,9.587379924e-07,1.917475985e-06,-1.917475985e-06,-0.475102197,-0.0001049818102,4.793689962e-07,9.587379924e-07,1.917475985e-06,-1.917475985e-06,-0.475102197,-0.0001049818102,0,0,0,0,0,0
7.75,1,1,5.153216709e-05,3.715109721e-05,-2.157160483e-06,6.687197497e-05,-0.04221395286,-4.530037014e-05,0,0,0,0,-0.002094395102,0,-0.04370594189,-0.006374934777,0.004350046455,0.001491989032,0.01866172186,0.1487266759,12.41140829,0,-0.1654203596,-0.150821071,-0.2854449556,0.2316182493,1.044309445,0.002252820874,-23.79626815,-0.2316182493,-0.002252820874,-24.31558417,-24.31558417,0.02777636255,-0.4863116835,1.438106989e-06,1.438106989e-06,1.438106989e-06,-1.438106989e-06,-0.4863116835,-0.0001045024412,1.438106989e-06,1.438106989e-06,1.438106989e-06,-1.438106989e-06,-0.4863116835,-0.0001045024412,0,0,0,0,0,0
7.76,1,1,5.225122059e-05,3.76304662e-05,-2.396844981e-06,6.639260598e-05,-0.04224055784,-4.434163215e-05,0,0,0,0,-0.002094395102,0,-0.04376947345,-0.006331347125,0.004367463991,0.001528915607,0.0191327744,0.1522892036,12.41472295,0,-0.1657244147,-0.1543835987,-0.2981394054,0.2375280935,1.04433605,0.002305108734,-24.36627257,-0.2375280935,-0.002305108734,-24.90424518,-24.90424518,0.02775480755,-0.4980849036,-0,4.793689962e-07,1.917475985e-06,-4.793689962e-07,-0.4980849036,-0.0001064199172,-0,4.793689962e-07,1.917475985e-06,-4.793689962e-07,-0.4980849036,-0.0001064199172,0,0,0,0,0,0
7.77,1,1,5.177185159e-05,3.81098352e-05,-2.396844981e-06,6.735134397e-05,-0.04228897411,-4.434163215e-05,0,0,0,0,-0.005235987756,0,-0.04383256826,-0.006287585896,0.004384761792,0.001543594148,0.01932790659,0.1505406199,12.42077297,0,-0.1662777104,-0.1557766077,-0.2685361759,0.2400675397,1.047531816,0.002290833328,-24.08649919,-0.2400675397,-0.002290833328,-24.59739373,-24.59739373,0.02773330628,-0.4919478747,9.587379924e-07,-4.793689962e-07,1.917475985e-06,-2.396844981e-06,-0.4919478747,-0.0001064199172,9.587379924e-07,-4.793689962e-07,1.917475985e-06,-2.396844981e-06,-0.4919478747,-0.0001064199172,0,0,0,0,0,0
7.78,1,1,5.201153609e-05,3.76304662e-05,-2.396844981e-06,6.687197497e-05,-0.04234266344,-4.530037014e-05,0.001047197551,0,0,0,-0.005235987756,0,-0.04389522459,-0.00624365229,0.004401939381,0.001552561155,0.01945223644,0.1513764149,12.42750897,0,-0.1668912211,-0.1566124026,-0.2346939233,0.241742843,1.047585505,0.002302006576,-24.22022638,-0.241742843,-0.002302006576,-24.69896515,-24.69896515,0.0277118679,-0.4939793031,-0.0001042403861,4.793689962e-07,1.917475985e-06,-1.438106989e-06,-0.4939793031,-0.0001045024412,-0.0001042403861,4.793689962e-07,1.917475985e-06,-1.438106989e-06,-0.4939793031,-0.0001045024412,0,0,0,0,0,0
7.79,1,1,5.201153609e-05,3.715109721e-05,-3.355582973e-06,6.711165947e-05,-0.04240761793,-4.601942364e-05,0,0,0,0,-0.007330382858,0,-0.04395744073,-0.006199547511,0.00441899629,0.001549822797,0.01943111121,0.1489754132,12.43569646,0,-0.167633396,-0.156305796,-0.1855634746,0.2416394009,1.049751434,0.002273110333,-23.83606611,-0.2416394009,-0.002273110333,-24.2655421,-24.2655421,0.02769039288,-0.4853108419,4.793689962e-07,1.438106989e-06,3.83495197e-06,-1.917475985e-06,-0.4853108419,-0.0001030643342,4.793689962e-07,1.438106989e-06,3.83495197e-06,-1.917475985e-06,-0.4853108419,-0.0001030643342,0,0,0,0,0,0
7.8,1,1,5.225122059e-05,3.691141271e-05,-2.636529479e-06,6.783071296e-05,-0.04249414404,-4.649879263e-05,0,0,0,0,-0.009424777961,0,-0.04401921497,-0.006155272768,0.004435932049,0.001525070935,0.0191359466,0.1444260342,12.44666801,0,-0.1686219414,-0.1538508122,-0.1062332924,0.2381787745,1.051941129,0.00221116308,-23.10816548,-0.2381787745,-0.00221116308,-23.4547887,-23.4547887,0.02766865441,-0.4690957741,-0,1.917475985e-06,2.396844981e-06,-3.355582973e-06,-0.4690957741,-0.0001021055962,-0,1.917475985e-06,2.396844981e-06,-3.355582973e-06,-0.4690957741,-0.0001021055962,0,0,0,0,0,0
7.81,1,1,5.201153609e-05,3.667172821e-05,-2.636529479e-06,6.735134397e-05,-0.04261039102,-4.673847713e-05,-0.001047197551,0,0,0,-0.01256637061,0,-0.04408054562,-0.006110829275,0.004452746195,0.001470154604,0.01846444681,0.135887149,12.4615253,0,-0.1699498464,-0.1484535196,0.01290596683,0.2300951711,1.05521624,0.002091730309,-21.74194383,-0.2300951711,-0.002091730309,-21.96122477,-21.96122477,0.0276464268,-0.4392244954,0.0001051991241,2.396844981e-06,2.396844981e-06,-2.396844981e-06,-0.4392244954,-0.0001016262272,0.0001051991241,2.396844981e-06,2.396844981e-06,-2.396844981e-06,-0.4392244954,-0.0001016262272,0,0,0,0,0,0
7.82,1,1,5.201153609e-05,3.667172821e-05,-2.636529479e-06,6.663229047e-05,-0.0427637891,-4.530037014e-05,0,0,0,0,-0.01570796327,0,-0.044141431,-0.006066218251,0.004469438267,0.001377641902,0.01732250387,0.1236856773,12.48133698,0,-0.1717017867,-0.1393936406,0.1773774418,0.2162080081,1.058533437,0.001914313396,-19.78970837,-0.2162080081,-0.001914313396,-19.83045325,-19.83045325,0.0276234403,-0.396609065,4.793689962e-07,2.396844981e-06,2.396844981e-06,-9.587379924e-07,-0.396609065,-0.0001045024412,4.793689962e-07,2.396844981e-06,2.396844981e-06,-9.587379924e-07,-0.396609065,-0.0001045024412,0,0,0,0,0,0
7.83,1,1,5.249090509e-05,3.667172821e-05,-1.917475985e-06,6.639260598e-05,-0.0429354032,-4.601942364e-05,0,0,0,0,-0.01675516082,0,-0.04420186943,-0.006021440919,0.004486007807,0.001266466235,0.01594462359,0.1117681834,12.50378047,0,-0.173661298,-0.1285233442,0.3439558115,0.199368073,1.059760748,0.001732389734,-17.88290934,-0.199368073,-0.001732389734,-17.74005399,-17.74005399,0.02759966641,-0.3548010798,-4.793689962e-07,2.396844981e-06,9.587379924e-07,-4.793689962e-07,-0.3548010798,-0.0001030643342,-4.793689962e-07,2.396844981e-06,9.587379924e-07,-4.793689962e-07,-0.3548010798,-0.0001030643342,0,0,0,0,0,0
7.84,1,1,5.297027408e-05,3.667172821e-05,-1.917475985e-06,6.687197497e-05,-0.04309071875,-4.577973914e-05,0,0,0,0,-0.01466076572,0,-0.04426185927,-0.005976498505,0.00450245436,0.001171140515,0.01476184933,0.1045441249,12.52434775,0,-0.1754342763,-0.1192048906,0.4508264472,0.1848825344,1.057805219,0.00161302398,-16.72705998,-0.1848825344,-0.00161302398,-16.46272909,-16.46272909,0.0275753581,-0.3292545818,-1.438106989e-06,2.396844981e-06,9.587379924e-07,-1.438106989e-06,-0.3292545818,-0.0001035437032,-1.438106989e-06,2.396844981e-06,9.587379924e-07,-1.438106989e-06,-0.3292545818,-0.0001035437032,0,0,0,0,0,0
7.85,1,1,5.177185159e-05,3.715109721e-05,-2.157160483e-06,6.735134397e-05,-0.04322925639,-4.577973914e-05,0,0,0,0,-0.01256637061,0,-0.04432139886,-0.005931392243,0.004518777477,0.001092142465,0.01378113075,0.09891452873,12.54289883,0,-0.1770153776,-0.1114808993,0.5090516087,0.1728553288,1.055835105,0.001519125503,-15.8263246,-0.1728553288,-0.001519125503,-15.49164744,-15.49164744,0.02755067449,-0.3098329488,9.587379924e-07,1.438106989e-06,1.438106989e-06,-2.396844981e-06,-0.3098329488,-0.0001035437032,9.587379924e-07,1.438106989e-06,1.438106989e-06,-2.396844981e-06,-0.3098329488,-0.0001035437032,0,0,0,0,0,0
7.86,1,1,5.320995858e-05,3.81098352e-05,-2.636529479e-06,6.759102847e-05,-0.04334118905,-4.577973914e-05,0,0,0,0,-0.00837758041,0,-0.04438048657,-0.005886123368,0.004534976709,0.001039297517,0.013126759,0.09792493003,12.55802946,0,-0.1782925977,-0.1063025104,0.5097795749,0.1648462262,1.051736315,0.001490926285,-15.6679888,-0.1648462262,-0.001490926285,-15.32454638,-15.32454638,0.02752579744,-0.3064909276,-1.917475985e-06,-4.793689962e-07,2.396844981e-06,-2.876213977e-06,-0.3064909276,-0.0001035437032,-1.917475985e-06,-4.793689962e-07,2.396844981e-06,-2.876213977e-06,-0.3064909276,-0.0001035437032,0,0,0,0,0,0
7.87,1,1,5.297027408e-05,3.78701507e-05,-2.876213977e-06,6.687197497e-05,-0.04343466601,-4.482100115e-05,0,0,0,0,-0.007330382858,0,-0.04443912079,-0.005840693123,0.004551051612,0.001004454779,0.0126974581,0.09554406226,12.57076297,0,-0.1793590586,-0.1028744451,0.4787326825,0.1596167361,1.050778482,0.001450711093,-15.28704996,-0.1596167361,-0.001450711093,-14.96938473,-14.96938473,0.02750080656,-0.2993876945,-1.438106989e-06,-0,2.876213977e-06,-1.438106989e-06,-0.2993876945,-0.0001054611792,-1.438106989e-06,-0,2.876213977e-06,-1.438106989e-06,-0.2993876945,-0.0001054611792,0,0,0,0,0,0
7.88,1,1,5.201153609e-05,3.78701507e-05,-2.396844981e-06,6.735134397e-05,-0.0435089682,-4.554005464e-05,0,0,0,0,-0.006283185307,0,-0.0444972999,-0.005795102752,0.004567001746,0.0009883316971,0.01250294063,0.09498157451,12.58094805,0,-0.1802066482,-0.1012647598,0.4201203494,0.1572988465,1.049802023,0.001438182787,-15.19705192,-0.1572988465,-0.001438182787,-14.9356686,-14.9356686,0.02747580364,-0.298713372,4.793689962e-07,-0,1.917475985e-06,-2.396844981e-06,-0.298713372,-0.0001040230722,4.793689962e-07,-0,1.917475985e-06,-2.396844981e-06,-0.298713372,-0.0001040230722,0,0,0,0,0,0
7.89,1,1,5.201153609e-05,3.76304662e-05,-3.115898475e-06,6.687197497e-05,-0.04356577343,-4.554005464e-05,0,0,0,0,-0.004188790205,0,-0.04455502231,-0.005749353505,0.004582826674,0.0009892488842,0.01252263679,0.09712089605,12.58877278,0,-0.1808545782,-0.1013096863,0.3419514832,0.1576446291,1.04775895,0.001463528282,-15.53934337,-0.1576446291,-0.001463528282,-15.35650004,-15.35650004,0.02745088433,-0.3071300008,4.793689962e-07,4.793689962e-07,3.355582973e-06,-1.438106989e-06,-0.3071300008,-0.0001040230722,4.793689962e-07,4.793689962e-07,3.355582973e-06,-1.438106989e-06,-0.3071300008,-0.0001040230722,0,0,0,0,0,0
7.9,1,1,5.225122059e-05,3.76304662e-05,-3.83495197e-06,6.711165947e-05,-0.04360460232,-4.625910813e-05,0,0,0,0,-0.003141592654,0,-0.04461228645,-0.005703446637,0.00459852596,0.001007684127,0.01276296259,0.09991427223,12.59414033,0,-0.181297434,-0.1030558649,0.2469192081,0.1607385419,1.046748662,0.001501363068,-15.98628356,-0.1607385419,-0.001501363068,-15.90160425,-15.90160425,0.0274261132,-0.3180320851,-0,4.793689962e-07,4.793689962e-06,-1.917475985e-06,-0.3180320851,-0.0001025849652,-0,4.793689962e-07,4.793689962e-06,-1.917475985e-06,-0.3180320851,-0.0001025849652,0,0,0,0,0,0
7.91,1,1,5.249090509e-05,3.715109721e-05,-2.636529479e-06,6.687197497e-05,-0.04363216604,-4.577973914e-05,0,0,0,0,-0.001047197551,0,-0.04466909073,-0.005657383407,0.004614099176,0.00103692469,0.01313963308,0.1048049841,12.59796002,0,-0.1816117907,-0.1058521817,0.1501919543,0.1655325722,1.044679638,0.001567227019,-16.76879746,-0.1655325722,-0.001567227019,-16.78570531,-16.78570531,0.02740154358,-0.3357141061,-4.793689962e-07,1.438106989e-06,2.396844981e-06,-1.438106989e-06,-0.3357141061,-0.0001035437032,-4.793689962e-07,1.438106989e-06,2.396844981e-06,-1.438106989e-06,-0.3357141061,-0.0001035437032,0,0,0,0,0,0
7.92,1,1,5.201153609e-05,3.667172821e-05,-2.636529479e-06,6.759102847e-05,-0.04364678679,-4.530037014e-05,0,0,0,0.001047197551,-0.001047197551,0,-0.0447254336,-0.005611165076,0.004629545894,0.001078646807,0.01367388783,0.1088154525,12.59998927,0,-0.1817785309,-0.1098626501,0.04904179519,0.17229084,1.044694258,0.001625802022,-17.4104724,-0.17229084,-0.001625802022,-17.53534725,-17.53534725,0.02737728394,-0.350706945,4.793689962e-07,2.396844981e-06,2.396844981e-06,-0.0001075959691,-0.350706945,-0.0001045024412,4.793689962e-07,2.396844981e-06,2.396844981e-06,-0.0001075959691,-0.350706945,-0.0001045024412,0,0,0,0,0,0
7.93,1,1,5.249090509e-05,3.643204371e-05,-2.396844981e-06,6.687197497e-05,-0.04365541543,-4.554005464e-05,0,0,0,0,0,0,-0.04478131351,-0.005564792912,0.004644865691,0.001125898082,0.01427819043,0.1144127469,12.60118789,0,-0.1818769331,-0.1144127469,-0.04317539191,0.1799221604,1.043655415,0.001704538426,-18.3060395,-0.1799221604,-0.001704538426,-18.53084159,-18.53084159,0.02735333884,-0.3706168317,-4.793689962e-07,2.876213977e-06,1.917475985e-06,-1.438106989e-06,-0.3706168317,-0.0001040230722,-4.793689962e-07,2.876213977e-06,1.917475985e-06,-1.438106989e-06,-0.3706168317,-0.0001040230722,0,0,0,0,0,0
7.94,1,1,5.201153609e-05,3.81098352e-05,-3.115898475e-06,6.663229047e-05,-0.04366644092,-4.625910813e-05,0,0,0,0,-0.001047197551,0,-0.04483672895,-0.005518268186,0.004660058146,0.001170288027,0.01484681423,0.1176396147,12.60272058,0,-0.1820026674,-0.1186868122,-0.1133270417,0.1871102513,1.044713913,0.001754648677,-18.82233835,-0.1871102513,-0.001754648677,-19.12453029,-19.12453029,0.02732967001,-0.3824906059,4.793689962e-07,-4.793689962e-07,3.355582973e-06,-9.587379924e-07,-0.3824906059,-0.0001025849652,4.793689962e-07,-4.793689962e-07,3.355582973e-06,-9.587379924e-07,-0.3824906059,-0.0001025849652,0,0,0,0,0,0
7.95,1,1,5.249090509e-05,3.83495197e-05,-2.636529479e-06,6.711165947e-05,-0.04368034262,-4.625910813e-05,0,0,0,0,-0.001047197551,0,-0.04489167837,-0.005471592175,0.004675122844,0.001211335754,0.01537367666,0.1215904268,12.60465488,0,-0.1821611988,-0.1226376243,-0.1647078116,0.1937798885,1.044727814,0.001812070994,-19.45446829,-0.1937798885,-0.001812070994,-19.81476806,-19.81476806,0.02730627699,-0.3962953611,-4.793689962e-07,-9.587379924e-07,2.396844981e-06,-1.917475985e-06,-0.3962953611,-0.0001025849652,-4.793689962e-07,-9.587379924e-07,2.396844981e-06,-1.917475985e-06,-0.3962953611,-0.0001025849652,0,0,0,0,0,0
7.96,1,1,5.225122059e-05,3.78701507e-05,-2.876213977e-06,6.759102847e-05,-0.04369975706,-4.577973914e-05,0,0,0,0,-0.002094395102,0,-0.04494616029,-0.005424766157,0.00469005937,0.001246403226,0.01582549267,0.1239134147,12.60735955,0,-0.1823825904,-0.1260078098,-0.1962398787,0.199517676,1.045795249,0.001848895863,-19.82614634,-0.199517676,-0.001848895863,-20.22375279,-20.22375279,0.02728312067,-0.4044750559,-0,-0,2.876213977e-06,-2.876213977e-06,-0.4044750559,-0.0001035437032,-0,-0,2.876213977e-06,-2.876213977e-06,-0.4044750559,-0.0001035437032,0,0,0,0,0,0
7.97,1,1,5.273058958e-05,3.81098352e-05,-2.636529479e-06,6.687197497e-05,-0.04372588267,-4.577973914e-05,0,0,0,0,-0.003141592654,0,-0.0450001732,-0.005377791416,0.004704867317,0.001274290527,0.0161870752,0.1255381797,12.61100528,0,-0.1826805016,-0.1286797723,-0.2086886171,0.2041352908,1.046869943,0.001875410262,-20.08610875,-0.2041352908,-0.001875410262,-20.50080807,-20.50080807,0.02726016265,-0.4100161613,-9.587379924e-07,-4.793689962e-07,2.396844981e-06,-1.438106989e-06,-0.4100161613,-0.0001035437032,-9.587379924e-07,-4.793689962e-07,2.396844981e-06,-1.438106989e-06,-0.4100161613,-0.0001035437032,0,0,0,0,0,0
7.98,1,1,5.297027408e-05,3.73907817e-05,-2.876213977e-06,6.711165947e-05,-0.04376662904,-4.554005464e-05,0,0,0,0,-0.004188790205,0,-0.04505371563,-0.00533066924,0.004719546277,0.001287086588,0.0163585332,0.1256931351,12.6167053,0,-0.1831451094,-0.1298819253,-0.1921620951,0.2063907926,1.047959806,0.001880055217,-20.11090162,-0.2063907926,-0.001880055217,-20.51133456,-20.51133456,0.02723725112,-0.4102266913,-1.438106989e-06,9.587379924e-07,2.876213977e-06,-1.917475985e-06,-0.4102266913,-0.0001040230722,-1.438106989e-06,9.587379924e-07,2.876213977e-06,-1.917475985e-06,-0.4102266913,-0.0001040230722,0,0,0,0,0,0
7.99,1,1,5.249090509e-05,3.73907817e-05,-2.157160483e-06,6.711165947e-05,-0.04381600405,-4.482100115e-05,0,0,0,0,-0.004188790205,0,-0.0451067861,-0.005283400922,0.004734095848,0.001290782053,0.01641523184,0.1260084831,12.62363531,0,-0.1837080646,-0.1301972733,-0.1626381987,0.2072199003,1.048009181,0.001883365123,-20.1613573,-0.2072199003,-0.001883365123,-20.53309876,-20.53309876,0.02721435762,-0.4106619753,-4.793689962e-07,9.587379924e-07,1.438106989e-06,-1.917475985e-06,-0.4106619753,-0.0001054611792,-4.793689962e-07,9.587379924e-07,1.438106989e-06,-1.917475985e-06,-0.4106619753,-0.0001054611792,0,0,0,0,0,0
8,1,1,5.201153609e-05,3.81098352e-05,-2.157160483e-06,6.735134397e-05,-0.04386489968,-4.530037014e-05,0,0,0,0,-0.004188790205,0,-0.04515938316,-0.005235987756,0.004748515632,0.001294483479,0.01647200662,0.1263242768,12.63052282,0,-0.1842655109,-0.130513067,-0.1385647966,0.2080500555,1.048058076,0.001886676142,-20.21188429,-0.2080500555,-0.001886676142,-20.56038582,-20.56038582,0.02719151478,-0.4112077164,4.793689962e-07,-4.793689962e-07,1.438106989e-06,-2.396844981e-06,-0.4112077164,-0.0001045024412,4.793689962e-07,-4.793689962e-07,1.438106989e-06,-2.396844981e-06,-0.4112077164,-0.0001045024412,0,0,0,0,0,0
8.01,1,1,5.129248259e-05,3.715109721e-05,-2.636529479e-06,6.687197497e-05,-0.04391858901,-4.554005464e-05,0,0,0,0,-0.005235987756,0,-0.04521150538,-0.005188431043,0.004762805232,0.001292916364,0.0164621982,0.1250792488,12.63811403,0,-0.1848775588,-0.1303152365,-0.1092181519,0.208051138,1.049161431,0.001870445015,-20.0126798,-0.208051138,-0.001870445015,-20.33181954,-20.33181954,0.02716867724,-0.4066363907,1.917475985e-06,1.438106989e-06,2.396844981e-06,-1.438106989e-06,-0.4066363907,-0.0001040230722,1.917475985e-06,1.438106989e-06,2.396844981e-06,-1.438106989e-06,-0.4066363907,-0.0001040230722,0,0,0,0,0,0
8.02,1,1,5.201153609e-05,3.78701507e-05,-2.396844981e-06,6.711165947e-05,-0.04398282446,-4.530037014e-05,0,0,0,0,-0.006283185307,0,-0.04526315131,-0.005140732086,0.004776964258,0.001280326853,0.01631291749,0.1227598133,12.64723556,0,-0.1856097616,-0.1290429986,-0.06585581975,0.2063133102,1.050275879,0.001838109105,-19.64157013,-0.2063133102,-0.001838109105,-19.91557737,-19.91557737,0.02714572822,-0.3983115474,4.793689962e-07,-0,1.917475985e-06,-1.917475985e-06,-0.3983115474,-0.0001045024412,4.793689962e-07,-0,1.917475985e-06,-1.917475985e-06,-0.3983115474,-0.0001045024412,0,0,0,0,0,0
8.03,1,1,5.249090509e-05,3.78701507e-05,-2.157160483e-06,6.687197497e-05,-0.04406623466,-4.554005464e-05,0,0,0,0,-0.00837758041,0,-0.04531431955,-0.005092892194,0.004790992321,0.001248084886,0.01591461898,0.1174782507,12.65914379,0,-0.1865604201,-0.1258558311,0.005137064953,0.2014654501,1.052461361,0.001764849359,-18.79652012,-0.2014654501,-0.001764849359,-18.99461335,-18.99461335,0.0271225509,-0.379892267,-4.793689962e-07,-0,1.438106989e-06,-1.438106989e-06,-0.379892267,-0.0001040230722,-4.793689962e-07,-0,1.438106989e-06,-1.438106989e-06,-0.379892267,-0.0001040230722,0,0,0,0,0,0
8.04,1,1,5.297027408e-05,3.73907817e-05,-2.876213977e-06,6.663229047e-05,-0.0441769689,-4.649879263e-05,0,0,0,0,-0.01256637061,0,-0.04536500869,-0.005044912678,0.004804889037,0.001188039788,0.01516329534,0.1073954401,12.67506474,0,-0.187822304,-0.1199618107,0.1128213086,0.1921957501,1.056782818,0.001625241134,-17.18327041,-0.1921957501,-0.001625241134,-17.2642701,-17.2642701,0.02709893363,-0.3452854019,-1.438106989e-06,9.587379924e-07,2.876213977e-06,-9.587379924e-07,-0.3452854019,-0.0001021055962,-1.438106989e-06,9.587379924e-07,2.876213977e-06,-9.587379924e-07,-0.3452854019,-0.0001021055962,0,0,0,0,0,0
8.05,1,1,5.249090509e-05,3.78701507e-05,-2.157160483e-06,6.711165947e-05,-0.04430328263,-4.506068564e-05,0,0,0,0,-0.01256637061,0,-0.04541521734,-0.004996794853,0.004818654024,0.001111934709,0.01420668617,0.09994187991,12.69338179,0,-0.1892614493,-0.1125082505,0.2286288174,0.1803308914,1.056909132,0.001511463462,-15.99070079,-0.1803308914,-0.001511463462,-15.94391432,-15.94391432,0.02707483862,-0.3188782865,-4.793689962e-07,-0,1.438106989e-06,-1.917475985e-06,-0.3188782865,-0.0001049818102,-4.793689962e-07,-0,1.438106989e-06,-1.917475985e-06,-0.3188782865,-0.0001049818102,0,0,0,0,0,0
8.06,1,1,5.225122059e-05,3.715109721e-05,-1.677791487e-06,6.687197497e-05,-0.04442288519,-4.554005464e-05,0,0,0,0,-0.01047197551,0,-0.04546494413,-0.004948540038,0.004832286905,0.001042058933,0.01332725648,0.09519365516,12.71087957,0,-0.1906238581,-0.1056656307,0.3115508948,0.169401152,1.054922276,0.001432953972,-15.23098483,-0.169401152,-0.001432953972,-15.09026804,-15.09026804,0.02705041443,-0.3018053607,-0,1.438106989e-06,4.793689962e-07,-1.438106989e-06,-0.3018053607,-0.0001040230722,-0,1.438106989e-06,4.793689962e-07,-1.438106989e-06,-0.3018053607,-0.0001040230722,0,0,0,0,0,0
8.07,1,1,5.201153609e-05,3.715109721e-05,-2.396844981e-06,6.639260598e-05,-0.04450725414,-4.601942364e-05,0,0,0,0,-0.005235987756,0,-0.04551418769,-0.004900149556,0.004845787307,0.00100693355,0.01288827328,0.09696822142,12.72331306,0,-0.1915847551,-0.1022042092,0.3164368076,0.1639815358,1.049750096,0.001444079071,-15.51491543,-0.1639815358,-0.001444079071,-15.36390423,-15.36390423,0.02702591613,-0.3072780847,4.793689962e-07,1.438106989e-06,1.917475985e-06,-4.793689962e-07,-0.3072780847,-0.0001030643342,4.793689962e-07,1.438106989e-06,1.917475985e-06,-4.793689962e-07,-0.3072780847,-0.0001030643342,0,0,0,0,0,0
8.08,1,1,5.225122059e-05,3.715109721e-05,-2.876213977e-06,6.711165947e-05,-0.04455806725,-4.577973914e-05,0,0,0,0,-0.003141592654,0,-0.04556294667,-0.004851624734,0.004859154859,0.001004879419,0.01286965597,0.09881568845,12.73083757,0,-0.1921634126,-0.1019572811,0.2625279999,0.1638414998,1.047702127,0.001464531949,-15.81051015,-0.1638414998,-0.001464531949,-15.71328818,-15.71328818,0.02700151748,-0.3142657637,-0,1.438106989e-06,2.876213977e-06,-1.917475985e-06,-0.3142657637,-0.0001035437032,-0,1.438106989e-06,2.876213977e-06,-1.917475985e-06,-0.3142657637,-0.0001035437032,0,0,0,0,0,0
8.09,1,1,5.273058958e-05,3.73907817e-05,-2.157160483e-06,6.687197497e-05,-0.04458706908,-4.554005464e-05,0,0,0,0,-0.001047197551,0,-0.04561121974,-0.004802966903,0.004872389195,0.001024150663,0.01312257433,0.1027358209,12.73514443,0,-0.1924936623,-0.1037830185,0.180324718,0.1671178794,1.045634541,0.001515265993,-16.43773135,-0.1671178794,-0.001515265993,-16.42603978,-16.42603978,0.02697729166,-0.3285207955,-9.587379924e-07,9.587379924e-07,1.438106989e-06,-1.438106989e-06,-0.3285207955,-0.0001040230722,-9.587379924e-07,9.587379924e-07,1.438106989e-06,-1.438106989e-06,-0.3285207955,-0.0001040230722,0,0,0,0,0,0
8.1,1,1,5.249090509e-05,3.78701507e-05,-1.917475985e-06,6.663229047e-05,-0.04459713582,-4.530037014e-05,0,0,0,0,0,0,-0.04565900557,-0.004754177396,0.004885489951,0.001061869745,0.01361064992,0.1074030605,12.73664145,0,-0.1926082907,-0.1074030605,0.08056328326,0.173353968,1.044597136,0.001579557017,-17.18448969,-0.173353968,-0.001579557017,-17.27885993,-17.27885993,0.02695334207,-0.3455771986,-4.793689962e-07,-0,9.587379924e-07,-9.587379924e-07,-0.3455771986,-0.0001045024412,-4.793689962e-07,-0,9.587379924e-07,-9.587379924e-07,-0.3455771986,-0.0001045024412,0,0,0,0,0,0
8.11,1,1,5.249090509e-05,3.76304662e-05,-1.917475985e-06,6.687197497e-05,-0.04460025172,-4.554005464e-05,0,0,0,0,0,0,-0.04570630285,-0.00470525755,0.00489845677,0.00110605113,0.0141813072,0.1116534702,12.73710503,0,-0.1926437705,-0.1116534702,-0.0118635943,0.1806287993,1.044600252,0.001640634048,-17.86455523,-0.1806287993,-0.001640634048,-18.05868825,-18.05868825,0.0269296861,-0.3611737651,-4.793689962e-07,4.793689962e-07,9.587379924e-07,-1.438106989e-06,-0.3611737651,-0.0001040230722,-4.793689962e-07,4.793689962e-07,9.587379924e-07,-1.438106989e-06,-0.3611737651,-0.0001040230722,0,0,0,0,0,0
8.12,1,1,5.273058958e-05,3.691141271e-05,-2.157160483e-06,6.759102847e-05,-0.04460816131,-4.530037014e-05,0,0,0,0,0,0,-0.04575311029,-0.004656208708,0.004911289295,0.001144948979,0.01468493409,0.1153917043,12.73828227,0,-0.1927338339,-0.1153917043,-0.07784066577,0.1870608356,1.044608161,0.001694113416,-18.46267269,-0.1870608356,-0.001694113416,-18.7292683,-18.7292683,0.02690626975,-0.3745853661,-9.587379924e-07,1.917475985e-06,1.438106989e-06,-2.876213977e-06,-0.3745853661,-0.0001045024412,-9.587379924e-07,1.917475985e-06,1.438106989e-06,-2.876213977e-06,-0.3745853661,-0.0001045024412,0,0,0,0,0,0
8.13,1,1,5.273058958e-05,3.619235921e-05,-2.157160483e-06,6.639260598e-05,-0.04461583122,-4.577973914e-05,0,0,0,0,-0.001047197551,0,-0.0457994266,-0.004607032213,0.004923987175,0.001183595386,0.01518561131,0.1180599424,12.73942447,0,-0.1928211669,-0.11910714,-0.1313847054,0.1934559483,1.045663303,0.001735294851,-18.88959079,-0.1934559483,-0.001735294851,-19.21616674,-19.21616674,0.0268831216,-0.3843233347,-9.587379924e-07,3.355582973e-06,1.438106989e-06,-4.793689962e-07,-0.3843233347,-0.0001035437032,-9.587379924e-07,3.355582973e-06,1.438106989e-06,-4.793689962e-07,-0.3843233347,-0.0001035437032,0,0,0,0,0,0
8.14,1,1,5.225122059e-05,3.691141271e-05,-2.157160483e-06,6.663229047e-05,-0.04463260913,-4.577973914e-05,0,0,0,0,-0.002094395102,0,-0.04584525051,-0.004557729415,0.00493655006,0.001212641384,0.0155642122,0.1197944678,12.7419252,0,-0.1930122041,-0.1218888629,-0.1580218072,0.1983180277,1.046728101,0.00176286902,-19.16711485,-0.1983180277,-0.00176286902,-19.52521755,-19.52521755,0.02686015014,-0.390504351,-0,1.917475985e-06,1.438106989e-06,-9.587379924e-07,-0.390504351,-0.0001035437032,-0,1.917475985e-06,1.438106989e-06,-9.587379924e-07,-0.390504351,-0.0001035437032,0,0,0,0,0,0
8.15,1,1,5.249090509e-05,3.667172821e-05,-2.396844981e-06,6.615292148e-05,-0.04465681726,-4.577973914e-05,0,0,0,0,-0.002094395102,0,-0.04589058077,-0.004508301663,0.004948977608,0.001233763508,0.01584202677,0.1218048833,12.74553864,0,-0.193287834,-0.1238992784,-0.1656761621,0.2019151643,1.046752309,0.001791011873,-19.48878133,-0.2019151643,-0.001791011873,-19.85816367,-19.85816367,0.02683731418,-0.3971632734,-4.793689962e-07,2.396844981e-06,1.917475985e-06,-0,-0.3971632734,-0.0001035437032,-4.793689962e-07,2.396844981e-06,1.917475985e-06,-0,-0.3971632734,-0.0001035437032,0,0,0,0,0,0
8.16,1,1,5.201153609e-05,3.643204371e-05,-1.677791487e-06,6.663229047e-05,-0.04469061278,-4.506068564e-05,0,0,0,0,-0.003141592654,0,-0.04593541614,-0.004458750315,0.004961269477,0.001244803357,0.01599144361,0.1217858106,12.75059351,0,-0.1936726057,-0.1249274032,-0.1539657757,0.2039003971,1.047834673,0.001792914048,-19.48572969,-0.2039003971,-0.001792914048,-19.84538878,-19.84538878,0.02681454343,-0.3969077755,4.793689962e-07,2.876213977e-06,4.793689962e-07,-9.587379924e-07,-0.3969077755,-0.0001049818102,4.793689962e-07,2.876213977e-06,4.793689962e-07,-9.587379924e-07,-0.3969077755,-0.0001049818102,0,0,0,0,0,0
8.17,1,1,5.368932758e-05,3.76304662e-05,-2.157160483e-06,6.639260598e-05,-0.04474238463,-4.649879263e-05,0,0,0,0,-0.005235987756,0,-0.04597975537,-0.004409076727,0.004973425331,0.001237370741,0.01590526703,0.1189190307,12.75836061,0,-0.194262001,-0.1241550184,-0.1110531894,0.2029251324,1.049985226,0.001756407348,-19.02704491,-0.2029251324,-0.001756407348,-19.34277964,-19.34277964,0.02679170733,-0.3868555927,-2.876213977e-06,4.793689962e-07,1.438106989e-06,-4.793689962e-07,-0.3868555927,-0.0001021055962,-2.876213977e-06,4.793689962e-07,1.438106989e-06,-4.793689962e-07,-0.3868555927,-0.0001021055962,0,0,0,0,0,0
8.18,1,1,5.153216709e-05,3.667172821e-05,-1.917475985e-06,6.639260598e-05,-0.04481381061,-4.697816163e-05,0,0,0,-0.001047197551,-0.007330382858,0,-0.04602359727,-0.004359282263,0.004985444835,0.001209786656,0.01556162713,0.1140884042,12.76912303,0,-0.1950750644,-0.1214187871,-0.0402191979,0.1987083314,1.052157627,0.001690585316,-18.25414468,-0.1987083314,-0.001690585316,-18.49476279,-18.49476279,0.02676864449,-0.3698952558,1.438106989e-06,2.396844981e-06,9.587379924e-07,0.0001042403861,-0.3698952558,-0.0001011468582,1.438106989e-06,2.396844981e-06,9.587379924e-07,0.0001042403861,-0.3698952558,-0.0001011468582,0,0,0,0,0,0
8.19,1,1,5.153216709e-05,3.715109721e-05,-2.636529479e-06,6.711165947e-05,-0.04489674145,-4.625910813e-05,0,0,0,0,-0.00837758041,0,-0.04606694062,-0.004309368286,0.004997327661,0.001170199172,0.01506402614,0.1091362943,12.78168707,0,-0.1960189685,-0.1175138748,0.03905689336,0.1925436681,1.053291868,0.001619282702,-17.46180709,-0.1925436681,-0.001619282702,-17.61691315,-17.61691315,0.02674532867,-0.352338263,1.438106989e-06,1.438106989e-06,2.396844981e-06,-1.917475985e-06,-0.352338263,-0.0001025849652,1.438106989e-06,1.438106989e-06,2.396844981e-06,-1.917475985e-06,-0.352338263,-0.0001025849652,0,0,0,0,0,0
8.2,1,1,5.249090509e-05,3.73907817e-05,-2.157160483e-06,6.687197497e-05,-0.04500172326,-4.625910813e-05,0,0,0,0,-0.009424777961,0,-0.04610978424,-0.004259336166,0.005009073483,0.001108060982,0.01427704149,0.1019902973,12.79769701,0,-0.1972136632,-0.1114150753,0.1438579264,0.1827132512,1.054448708,0.001515239709,-16.31844757,-0.1827132512,-0.001515239709,-16.35881814,-16.35881814,0.02672162288,-0.3271763628,-4.793689962e-07,9.587379924e-07,1.438106989e-06,-1.438106989e-06,-0.3271763628,-0.0001025849652,-4.793689962e-07,9.587379924e-07,1.438106989e-06,-1.438106989e-06,-0.3271763628,-0.0001025849652,0,0,0,0,0,0
8.21,1,1,5.297027408e-05,3.715109721e-05,-2.157160483e-06,6.831008196e-05,-0.04510790349,-4.601942364e-05,0,0,0,0,-0.01047197551,0,-0.04615212695,-0.004209187274,0.005020681978,0.001044223463,0.01346681426,0.09468272969,12.81400964,0,-0.1984217791,-0.1051547052,0.2320939525,0.1725638878,1.055607295,0.001408499413,-15.14923675,-0.1725638878,-0.001408499413,-15.09111518,-15.09111518,0.0266975717,-0.3018223037,-1.438106989e-06,1.438106989e-06,1.438106989e-06,-4.314320966e-06,-0.3018223037,-0.0001030643342,-1.438106989e-06,1.438106989e-06,1.438106989e-06,-4.314320966e-06,-0.3018223037,-0.0001030643342,0,0,0,0,0,0
8.22,1,1,5.320995858e-05,3.691141271e-05,-2.157160483e-06,6.735134397e-05,-0.04519610739,-4.554005464e-05,0,0,0,0,-0.006283185307,0,-0.0461939676,-0.004158922985,0.005032152829,0.0009978602144,0.01287924392,0.09431378905,12.82765253,0,-0.199425194,-0.1005969744,0.2719658018,0.1652104658,1.051489162,0.001390822833,-15.09020625,-0.1652104658,-0.001390822833,-14.98484173,-14.98484173,0.02667335129,-0.2996968347,-1.917475985e-06,1.917475985e-06,1.438106989e-06,-2.396844981e-06,-0.2996968347,-0.0001040230722,-1.917475985e-06,1.917475985e-06,1.438106989e-06,-2.396844981e-06,-0.2996968347,-0.0001040230722,0,0,0,0,0,0
8.23,1,1,5.297027408e-05,3.73907817e-05,-2.396844981e-06,6.759102847e-05,-0.04526873179,-4.601942364e-05,0,0,0,0,-0.006283185307,0,-0.04623530503,-0.004108544677,0.005043485721,0.0009665732442,0.01248426132,0.09122313595,12.83894851,0,-0.2002512611,-0.09750632126,0.2783624307,0.1602847883,1.051561787,0.00134420556,-14.59570175,-0.1602847883,-0.00134420556,-14.47896832,-14.47896832,0.02664903035,-0.2895793663,-1.438106989e-06,9.587379924e-07,1.917475985e-06,-2.876213977e-06,-0.2895793663,-0.0001030643342,-1.438106989e-06,9.587379924e-07,1.917475985e-06,-2.876213977e-06,-0.2895793663,-0.0001030643342,0,0,0,0,0,0
8.24,1,1,5.320995858e-05,3.83495197e-05,-2.636529479e-06,6.735134397e-05,-0.04531475121,-4.554005464e-05,0,0,0,0,-0.002094395102,0,-0.04627613812,-0.004058053732,0.005054680343,0.0009613869059,0.01242401011,0.09485818687,12.8461358,0,-0.2007746561,-0.09695258197,0.2364729271,0.159600521,1.047410243,0.001385491528,-15.1773099,-0.159600521,-0.001385491528,-15.10182298,-15.10182298,0.02662477899,-0.3020364597,-1.917475985e-06,-9.587379924e-07,2.396844981e-06,-2.396844981e-06,-0.3020364597,-0.0001040230722,-1.917475985e-06,-9.587379924e-07,2.396844981e-06,-2.396844981e-06,-0.3020364597,-0.0001040230722,0,0,0,0,0,0
8.25,1,1,5.273058958e-05,3.691141271e-05,-2.396844981e-06,6.711165947e-05,-0.04533104976,-4.601942364e-05,0,0,0,0,0,0,-0.04631646574,-0.004007451532,0.005065736389,0.0009854159785,0.0127390742,0.09923825855,12.84868678,0,-0.2009600151,-0.09923825855,0.1508477613,0.1636803743,1.04533105,0.001442413252,-15.87812137,-0.1636803743,-0.001442413252,-15.89239639,-15.89239639,0.0266007465,-0.3178479279,-9.587379924e-07,1.917475985e-06,1.917475985e-06,-1.917475985e-06,-0.3178479279,-0.0001030643342,-9.587379924e-07,1.917475985e-06,1.917475985e-06,-1.917475985e-06,-0.3178479279,-0.0001030643342,0,0,0,0,0,0
8.26,1,1,5.344964308e-05,3.667172821e-05,-3.115898475e-06,6.783071296e-05,-0.04533800061,-4.601942364e-05,0,0,0,0,0,0,-0.04635628678,-0.003956739467,0.005076653555,0.001018286174,0.01316789857,0.1023842922,12.84977558,0,-0.2010390637,-0.1023842922,0.06573908787,0.1692045414,1.045338001,0.001486827184,-16.38148675,-0.1692045414,-0.001486827184,-16.48643903,-16.48643903,0.02657693702,-0.3297287807,-2.396844981e-06,2.396844981e-06,3.355582973e-06,-3.355582973e-06,-0.3297287807,-0.0001030643342,-2.396844981e-06,2.396844981e-06,3.355582973e-06,-3.355582973e-06,-0.3297287807,-0.0001030643342,0,0,0,0,0,0
8.27,1,1,5.201153609e-05,3.691141271e-05,-2.636529479e-06,6.735134397e-05,-0.0453427943,-4.554005464e-05,0,0,0,-0.001047197551,0,0,-0.04639560016,-0.003905918925,0.005087431542,0.001052805866,0.01361809196,0.1056920195,12.85052677,0,-0.2010935794,-0.1056920195,-0.006899244937,0.1749996553,1.045342794,0.001533511719,-16.91072312,-0.1749996553,-0.001533511719,-17.09415553,-17.09415553,0.02655333035,-0.3418831105,4.793689962e-07,1.917475985e-06,2.396844981e-06,0.0001023229101,-0.3418831105,-0.0001040230722,4.793689962e-07,1.917475985e-06,2.396844981e-06,0.0001023229101,-0.3418831105,-0.0001040230722,0,0,0,0,0,0
8.28,1,1,5.320995858e-05,3.73907817e-05,-2.157160483e-06,6.878945096e-05,-0.04534758799,-4.506068564e-05,0,0,0,0,0,0.001047197551,-0.0464344048,-0.003854991301,0.005098070054,0.001086816816,0.0140619139,0.1089515814,12.85127822,0,-0.2011480947,-0.1089515814,-0.0650850577,0.1807135678,1.045347588,0.001579426411,-17.43225302,-0.1807135678,-0.001579426411,-17.67963107,-17.67963107,0.0265299412,-0.3535926214,-1.917475985e-06,9.587379924e-07,1.438106989e-06,-5.273058958e-06,-0.3535926214,-0.0002097015653,-1.917475985e-06,9.587379924e-07,1.438106989e-06,-5.273058958e-06,-0.3535926214,-0.0002097015653,0,0,0,0,0,0
8.29,1,1,5.273058958e-05,3.643204371e-05,-2.157160483e-06,6.831008196e-05,-0.04535621663,-4.482100115e-05,0,0,0,0,0,0,-0.04647269964,-0.00380395799,0.0051085688,0.001116483008,0.01445005313,0.1117894184,12.85263144,0,-0.201246221,-0.1117894184,-0.1051474948,0.1857212072,1.045356217,0.00161917419,-17.88630695,-0.1857212072,-0.00161917419,-18.17879483,-18.17879483,0.02650674626,-0.3635758965,-9.587379924e-07,2.876213977e-06,1.438106989e-06,-4.314320966e-06,-0.3635758965,-0.0001054611792,-9.587379924e-07,2.876213977e-06,1.438106989e-06,-4.314320966e-06,-0.3635758965,-0.0001054611792,0,0,0,0,0,0
8.3,1,1,5.297027408e-05,3.715109721e-05,-2.157160483e-06,6.783071296e-05,-0.04536868022,-4.530037014e-05,0,0,0,0,-0.001047197551,0,-0.04651048362,-0.003752820392,0.005118927492,0.001141803392,0.01478247111,0.1131577723,12.85458753,0,-0.2013879565,-0.1142049699,-0.1296197156,0.1900225688,1.046416152,0.001640890989,-18.10524357,-0.1900225688,-0.001640890989,-18.42652674,-18.42652674,0.02648370759,-0.3685305349,-1.438106989e-06,1.438106989e-06,1.438106989e-06,-3.355582973e-06,-0.3685305349,-0.0001045024412,-1.438106989e-06,1.438106989e-06,1.438106989e-06,-3.355582973e-06,-0.3685305349,-0.0001045024412,0,0,0,0,0,0
8.31,1,1,5.273058958e-05,3.73907817e-05,-1.677791487e-06,6.831008196e-05,-0.04539432647,-4.577973914e-05,0,0,0,0,-0.003141592654,0,-0.0465477557,-0.003701579908,0.005129145847,0.001153429237,0.01493893102,0.1121455363,12.85861783,0,-0.2016795948,-0.115287129,-0.1251043031,0.1920940048,1.048538387,0.001631399115,-17.94328581,-0.1920940048,-0.001631399115,-18.26211552,-18.26211552,0.02646072863,-0.3652423104,-9.587379924e-07,9.587379924e-07,4.793689962e-07,-4.314320966e-06,-0.3652423104,-0.0001035437032,-9.587379924e-07,9.587379924e-07,4.793689962e-07,-4.314320966e-06,-0.3652423104,-0.0001035437032,0,0,0,0,0,0
8.32,1,1,5.297027408e-05,3.667172821e-05,-1.677791487e-06,6.831008196e-05,-0.04543818873,-4.530037014e-05,0,0,0,0,-0.005235987756,0,-0.04658451488,-0.003650237944,0.005139223583,0.001146326147,0.01485449571,0.1093088944,12.8655273,0,-0.2021783479,-0.1145448822,-0.08809714775,0.1911109201,1.05068103,0.001595248863,-17.48942311,-0.1911109201,-0.001595248863,-17.77022642,-17.77022642,0.02643766776,-0.3554045284,-1.438106989e-06,2.396844981e-06,4.793689962e-07,-4.314320966e-06,-0.3554045284,-0.0001045024412,-1.438106989e-06,2.396844981e-06,4.793689962e-07,-4.314320966e-06,-0.3554045284,-0.0001045024412,0,0,0,0,0,0
8.33,1,1,5.297027408e-05,3.73907817e-05,-2.396844981e-06,6.807039746e-05,-0.04549787017,-4.410194765e-05,0,0,0,0,-0.006283185307,0.001047197551,-0.04662076013,-0.003598795906,0.005149160424,0.001122889959,0.01455962396,0.1059286682,12.87496222,0,-0.202856918,-0.1122118535,-0.02901253459,0.1874546085,1.051790925,0.001547827055,-16.94858691,-0.1874546085,-0.001547827055,-17.16660188,-17.16660188,0.02641446076,-0.3433320377,-1.438106989e-06,9.587379924e-07,1.917475985e-06,-3.83495197e-06,-0.3433320377,-0.0002116190413,-1.438106989e-06,9.587379924e-07,1.917475985e-06,-3.83495197e-06,-0.3433320377,-0.0002116190413,0,0,0,0,0,0
8.34,1,1,5.297027408e-05,3.667172821e-05,-2.396844981e-06,6.687197497e-05,-0.04555779129,-4.506068564e-05,0,0,0,0,-0.005235987756,0,-0.04665649047,-0.003547255206,0.005158956099,0.001098699172,0.01425459636,0.1045697595,12.88447398,0,-0.2035381421,-0.1098057473,0.02006048943,0.1836629759,1.050800633,0.001523747832,-16.73116153,-0.1836629759,-0.001523747832,-16.89628776,-16.89628776,0.02639112303,-0.3379257552,-1.438106989e-06,2.396844981e-06,1.917475985e-06,-1.438106989e-06,-0.3379257552,-0.0001049818102,-1.438106989e-06,2.396844981e-06,1.917475985e-06,-1.438106989e-06,-0.3379257552,-0.0001049818102,0,0,0,0,0,0
8.35,1,1,5.225122059e-05,3.73907817e-05,-2.396844981e-06,6.711165947e-05,-0.04561411715,-4.458131665e-05,0,0,0,0,-0.005235987756,0,-0.04669170491,-0.003495617255,0.005168610338,0.001077587758,0.01398882894,0.1024638099,12.89345068,0,-0.2041784274,-0.1076997977,0.05485523373,0.180364276,1.050856959,0.001491895894,-16.39420959,-0.180364276,-0.001491895894,-16.52121053,-16.52121053,0.02636769385,-0.3304242106,-0,9.587379924e-07,1.917475985e-06,-1.917475985e-06,-0.3304242106,-0.0001059405482,-0,9.587379924e-07,1.917475985e-06,-1.917475985e-06,-0.3304242106,-0.0001059405482,0,0,0,0,0,0
8.36,1,1,5.320995858e-05,3.76304662e-05,-2.157160483e-06,6.783071296e-05,-0.04567188111,-4.649879263e-05,0,0,0,0,-0.005235987756,0,-0.04672640249,-0.003443883471,0.005178122878,0.001054521377,0.01369745302,0.1001679203,12.90269252,0,-0.2048349946,-0.1054039081,0.08694073719,0.1767340247,1.050914723,0.001457326773,-16.02686725,-0.1767340247,-0.001457326773,-16.11811786,-16.11811786,0.02634416665,-0.3223623572,-1.917475985e-06,4.793689962e-07,1.438106989e-06,-3.355582973e-06,-0.3223623572,-0.0001021055962,-1.917475985e-06,4.793689962e-07,1.438106989e-06,-3.355582973e-06,-0.3223623572,-0.0001021055962,0,0,0,0,0,0
8.37,1,1,5.249090509e-05,3.73907817e-05,-2.396844981e-06,6.783071296e-05,-0.0457262895,-4.577973914e-05,0,0,0,0,-0.004188790205,0,-0.04676058226,-0.003392055271,0.005187493456,0.001034292767,0.01344230066,0.09919570463,12.91143084,0,-0.2054533598,-0.1033844948,0.1076116739,0.1735593353,1.049919466,0.001439159102,-15.87131274,-0.1735593353,-0.001439159102,-15.93869956,-15.93869956,0.02632055269,-0.3187739912,-4.793689962e-07,9.587379924e-07,1.917475985e-06,-3.355582973e-06,-0.3187739912,-0.0001035437032,-4.793689962e-07,9.587379924e-07,1.917475985e-06,-3.355582973e-06,-0.3187739912,-0.0001035437032,0,0,0,0,0,0
8.38,1,1,5.273058958e-05,3.715109721e-05,-1.917475985e-06,6.831008196e-05,-0.04576535807,-4.458131665e-05,0,0,0,0,-0.003141592654,0,-0.04679424329,-0.003340134076,0.005196721817,0.001028885218,0.01337825762,0.09966549265,12.91772548,0,-0.2058973474,-0.1028070853,0.09810253353,0.1728166594,1.048909418,0.001441901097,-15.94647882,-0.1728166594,-0.001441901097,-16.02263485,-16.02263485,0.02629697301,-0.320452697,-9.587379924e-07,1.438106989e-06,9.587379924e-07,-4.314320966e-06,-0.320452697,-0.0001059405482,-9.587379924e-07,1.438106989e-06,9.587379924e-07,-4.314320966e-06,-0.320452697,-0.0001059405482,0,0,0,0,0,0
8.39,1,1,5.344964308e-05,3.76304662e-05,-2.636529479e-06,6.759102847e-05,-0.04579316147,-4.458131665e-05,0,0,0,0,-0.002094395102,0,-0.04682738464,-0.00328812131,0.005205807707,0.001034223169,0.01345294009,0.1011805634,12.92221529,0,-0.2062132953,-0.1032749585,0.07147918079,0.1738417881,1.047888653,0.001459666811,-16.18889014,-0.1738417881,-0.001459666811,-16.29271242,-16.29271242,0.02627347842,-0.3258542484,-2.396844981e-06,4.793689962e-07,2.396844981e-06,-2.876213977e-06,-0.3258542484,-0.0001059405482,-2.396844981e-06,4.793689962e-07,2.396844981e-06,-2.876213977e-06,-0.3258542484,-0.0001059405482,0,0,0,0,0,0
8.4,1,1,5.249090509e-05,3.78701507e-05,-2.636529479e-06,6.735134397e-05,-0.04581305528,-4.601942364e-05,0,0,0,0,-0.001047197551,0,-0.04686000541,-0.003236018398,0.005214750877,0.001046950128,0.01362310762,0.1034145504,12.92543303,0,-0.2064393519,-0.1044617479,0.03652760639,0.1760845652,1.046860527,0.001487643253,-16.54632806,-0.1760845652,-0.001487643253,-16.68737266,-16.68737266,0.02625009693,-0.3337474532,-4.793689962e-07,-0,2.396844981e-06,-2.396844981e-06,-0.3337474532,-0.0001030643342,-4.793689962e-07,-0,2.396844981e-06,-2.396844981e-06,-0.3337474532,-0.0001030643342,0,0,0,0,0,0
8.41,1,1,5.249090509e-05,3.83495197e-05,-2.396844981e-06,6.831008196e-05,-0.04582551888,-4.530037014e-05,0,0,0,0,0,0,-0.04689210471,-0.003183826769,0.005223551082,0.001066585834,0.01388261929,0.1063210701,12.92745118,0,-0.2065809736,-0.1063210701,-0.004365335343,0.1794668832,1.045825519,0.001525080173,-17.01137121,-0.1794668832,-0.001525080173,-17.19672851,-17.19672851,0.02622687517,-0.3439345702,-4.793689962e-07,-9.587379924e-07,1.917475985e-06,-4.314320966e-06,-0.3439345702,-0.0001045024412,-4.793689962e-07,-9.587379924e-07,1.917475985e-06,-4.314320966e-06,-0.3439345702,-0.0001045024412,0,0,0,0,0,0
8.42,1,1,5.273058958e-05,3.691141271e-05,-2.157160483e-06,6.807039746e-05,-0.0458329491,-4.506068564e-05,0,0,0,0,0,0,-0.04692368166,-0.003131547853,0.005232208081,0.00109073256,0.01420051267,0.1086199774,12.92865512,0,-0.2066654005,-0.1086199774,-0.04558316967,0.1835935309,1.045832949,0.001556707203,-17.37919638,-0.1835935309,-0.001556707203,-17.60992978,-17.60992978,0.02620381337,-0.3521985957,-9.587379924e-07,1.917475985e-06,1.438106989e-06,-3.83495197e-06,-0.3521985957,-0.0001049818102,-9.587379924e-07,1.917475985e-06,1.438106989e-06,-3.83495197e-06,-0.3521985957,-0.0001049818102,0,0,0,0,0,0
8.43,1,1,5.297027408e-05,3.76304662e-05,-2.636529479e-06,6.783071296e-05,-0.04584205711,-4.530037014e-05,0,0,0,0,0,0,-0.04695473538,-0.003079183085,0.005240721636,0.001112678274,0.0144900137,0.1107051672,12.93013175,0,-0.2067688899,-0.1107051672,-0.07543225849,0.1873577861,1.045842057,0.001585231122,-17.71282676,-0.1873577861,-0.001585231122,-17.97720203,-17.97720203,0.02618090266,-0.3595440406,-1.438106989e-06,4.793689962e-07,2.396844981e-06,-3.355582973e-06,-0.3595440406,-0.0001045024412,-1.438106989e-06,4.793689962e-07,2.396844981e-06,-3.355582973e-06,-0.3595440406,-0.0001045024412,0,0,0,0,0,0
8.44,1,1,5.297027408e-05,3.73907817e-05,-2.876213977e-06,6.807039746e-05,-0.04585212386,-4.577973914e-05,0,0,0,0,0,0,-0.04698526504,-0.0030267339,0.005249091515,0.00113314118,0.01476039427,0.1126464253,12.93176486,0,-0.2068832711,-0.1126464253,-0.09719371356,0.190877948,1.045852124,0.001611655321,-18.02342805,-0.190877948,-0.001611655321,-18.31311136,-18.31311136,0.02615811903,-0.3662622273,-1.438106989e-06,9.587379924e-07,2.876213977e-06,-3.83495197e-06,-0.3662622273,-0.0001035437032,-1.438106989e-06,9.587379924e-07,2.876213977e-06,-3.83495197e-06,-0.3662622273,-0.0001035437032,0,0,0,0,0,0
8.45,1,1,5.320995858e-05,3.619235921e-05,-2.396844981e-06,6.759102847e-05,-0.04586051281,-4.601942364e-05,0,0,0,0,0,0,-0.04701526978,-0.002974201735,0.005257317486,0.001154756969,0.01504572976,0.1147004583,12.93312665,0,-0.2069785871,-0.1147004583,-0.1171143046,0.1945883285,1.045860513,0.001639649093,-18.35207332,-0.1945883285,-0.001639649093,-18.66541561,-18.66541561,0.0261354974,-0.3733083121,-1.917475985e-06,3.355582973e-06,1.917475985e-06,-2.876213977e-06,-0.3733083121,-0.0001030643342,-1.917475985e-06,3.355582973e-06,1.917475985e-06,-2.876213977e-06,-0.3733083121,-0.0001030643342,0,0,0,0,0,0
8.46,1,1,5.344964308e-05,3.691141271e-05,-2.157160483e-06,6.759102847e-05,-0.04587177799,-4.530037014e-05,0,0,0,0,0,0,-0.0470447488,-0.00292158803,0.005265399326,0.001172970814,0.01528710407,0.1164234205,12.93495654,0,-0.2071065807,-0.1164234205,-0.1270792243,0.1977380269,1.045871778,0.001662881205,-18.62774729,-0.1977380269,-0.001662881205,-18.95422742,-18.95422742,0.0261129965,-0.3790845484,-2.396844981e-06,1.917475985e-06,1.438106989e-06,-2.876213977e-06,-0.3790845484,-0.0001045024412,-2.396844981e-06,1.917475985e-06,1.438106989e-06,-2.876213977e-06,-0.3790845484,-0.0001045024412,0,0,0,0,0,0
8.47,1,1,5.344964308e-05,3.73907817e-05,-2.396844981e-06,6.831008196e-05,-0.04588256379,-4.506068564e-05,0,0,0,0,-0.001047197551,0,-0.04707370128,-0.002868894229,0.005273336812,0.001191137489,0.01552789403,0.1170949189,12.93670988,0,-0.2072291253,-0.1181421165,-0.1352595753,0.2008798601,1.046930035,0.001674422826,-18.73518703,-0.2008798601,-0.001674422826,-19.07300089,-19.07300089,0.02609063112,-0.3814600177,-2.396844981e-06,9.587379924e-07,1.917475985e-06,-4.314320966e-06,-0.3814600177,-0.0001049818102,-2.396844981e-06,9.587379924e-07,1.917475985e-06,-4.314320966e-06,-0.3814600177,-0.0001049818102,0,0,0,0,0,0
8.48,1,1,5.297027408e-05,3.619235921e-05,-2.636529479e-06,6.759102847e-05,-0.04589406864,-4.410194765e-05,0,0,0,0,-0.001047197551,0,-0.04710212642,-0.002816121776,0.005281129727,0.001208057778,0.01575257817,0.1186924138,12.93858152,0,-0.207359837,-0.1197396114,-0.1395505572,0.2038160168,1.04694154,0.001695856372,-18.99078621,-0.2038160168,-0.001695856372,-19.33584864,-19.33584864,0.02606839164,-0.3867169728,-1.438106989e-06,3.355582973e-06,2.396844981e-06,-2.876213977e-06,-0.3867169728,-0.0001068992862,-1.438106989e-06,3.355582973e-06,2.396844981e-06,-2.876213977e-06,-0.3867169728,-0.0001068992862,0,0,0,0,0,0
8.49,1,1,5.297027408e-05,3.619235921e-05,-2.876213977e-06,6.735134397e-05,-0.04590389571,-4.506068564e-05,0,0,0,0,0,0,-0.04713002346,-0.002763272117,0.005288777857,0.001226127747,0.01599215062,0.1214495081,12.94018136,0,-0.2074714844,-0.1214495081,-0.1453922023,0.2069413294,1.045903896,0.001730343036,-19.4319213,-0.2069413294,-0.001730343036,-19.78598517,-19.78598517,0.02604630838,-0.3957197034,-1.438106989e-06,3.355582973e-06,2.876213977e-06,-2.396844981e-06,-0.3957197034,-0.0001049818102,-1.438106989e-06,3.355582973e-06,2.876213977e-06,-2.396844981e-06,-0.3957197034,-0.0001049818102,0,0,0,0,0,0
8.5,1,1,5.249090509e-05,3.715109721e-05,-2.396844981e-06,6.759102847e-05,-0.04591372277,-4.458131665e-05,0,0,0,0,-0.001047197551,0,-0.04715739161,-0.002710346702,0.005296280992,0.001243668839,0.01622488842,0.1220609412,12.94178227,0,-0.2075831299,-0.1231081388,-0.1492896451,0.2099789733,1.046961194,0.001741101607,-19.52975059,-0.2099789733,-0.001741101607,-19.89076031,-19.89076031,0.02602433312,-0.3978152063,-4.793689962e-07,1.438106989e-06,1.917475985e-06,-2.876213977e-06,-0.3978152063,-0.0001059405482,-4.793689962e-07,1.438106989e-06,1.917475985e-06,-2.876213977e-06,-0.3978152063,-0.0001059405482,0,0,0,0,0,0
8.51,1,1,5.225122059e-05,3.619235921e-05,-2.396844981e-06,6.735134397e-05,-0.04592307047,-4.625910813e-05,0,0,0,0,0,0,-0.04718423014,-0.002657346982,0.005303638928,0.001261159673,0.01645697889,0.1247621685,12.94330608,0,-0.2076893275,-0.1247621685,-0.1520174211,0.2130077148,1.04592307,0.001774613975,-19.96194696,-0.2130077148,-0.001774613975,-20.32874671,-20.32874671,0.02600250398,-0.4065749343,-0,3.355582973e-06,1.917475985e-06,-2.396844981e-06,-0.4065749343,-0.0001025849652,-0,3.355582973e-06,1.917475985e-06,-2.396844981e-06,-0.4065749343,-0.0001025849652,0,0,0,0,0,0
8.52,1,1,5.177185159e-05,3.691141271e-05,-2.636529479e-06,6.735134397e-05,-0.04593864996,-4.458131665e-05,0,0,0,0,-0.001047197551,0,-0.04721053831,-0.002604274408,0.005310851461,0.001271888348,0.01660152913,0.1247093853,12.94584789,0,-0.2078663194,-0.1257565828,-0.1423026642,0.2149208708,1.046986122,0.001775982505,-19.95350164,-0.2149208708,-0.001775982505,-20.31250116,-20.31250116,0.02598073203,-0.4062500232,9.587379924e-07,1.917475985e-06,2.396844981e-06,-2.396844981e-06,-0.4062500232,-0.0001059405482,9.587379924e-07,1.917475985e-06,2.396844981e-06,-2.396844981e-06,-0.4062500232,-0.0001059405482,0,0,0,0,0,0
8.53,1,1,5.320995858e-05,3.715109721e-05,-2.157160483e-06,6.759102847e-05,-0.04595782472,-4.530037014e-05,0,0,0,0,-0.001047197551,0,-0.04723631539,-0.002551130438,0.005317918395,0.001278490671,0.0166926158,0.1253011401,12.94897994,0,-0.2080841489,-0.1263483377,-0.1269912325,0.2161523472,1.047005296,0.001782984903,-20.04818242,-0.2161523472,-0.001782984903,-20.39310899,-20.39310899,0.02595904125,-0.4078621798,-1.917475985e-06,1.438106989e-06,1.438106989e-06,-2.876213977e-06,-0.4078621798,-0.0001045024412,-1.917475985e-06,1.438106989e-06,1.438106989e-06,-2.876213977e-06,-0.4078621798,-0.0001045024412,0,0,0,0,0,0
8.54,1,1,5.344964308e-05,3.715109721e-05,-2.876213977e-06,6.735134397e-05,-0.04597843759,-4.458131665e-05,0,0,0,0,-0.002094395102,0,-0.04726156068,-0.002497916526,0.005324839535,0.001283123097,0.01675812931,0.1246533965,12.95235143,0,-0.2083183072,-0.1267477916,-0.1110508567,0.21705718,1.048073929,0.001775907867,-19.94454345,-0.21705718,-0.001775907867,-20.27442739,-20.27442739,0.02593738493,-0.4054885478,-2.396844981e-06,1.438106989e-06,2.876213977e-06,-2.396844981e-06,-0.4054885478,-0.0001059405482,-2.396844981e-06,1.438106989e-06,2.876213977e-06,-2.396844981e-06,-0.4054885478,-0.0001059405482,0,0,0,0,0,0
8.55,1,1,5.273058958e-05,3.81098352e-05,-2.157160483e-06,6.759102847e-05,-0.04600168698,-4.482100115e-05,0,0,0,0,-0.001047197551,0,-0.04728627349,-0.002444634134,0.005331614692,0.00128458651,0.01678251207,0.1257906673,12.95615978,0,-0.2085824056,-0.1268378648,-0.09234729648,0.2174369078,1.047049159,0.001787115333,-20.12650677,-0.2174369078,-0.001787115333,-20.43807808,-20.43807808,0.02591575391,-0.4087615617,-9.587379924e-07,-4.793689962e-07,1.438106989e-06,-2.876213977e-06,-0.4087615617,-0.0001054611792,-9.587379924e-07,-4.793689962e-07,1.438106989e-06,-2.876213977e-06,-0.4087615617,-0.0001054611792,0,0,0,0,0,0
8.56,1,1,5.201153609e-05,3.78701507e-05,-2.636529479e-06,6.759102847e-05,-0.04602325859,-4.530037014e-05,0,0,0,0,-0.002094395102,0,-0.04731045314,-0.00239128472,0.00533824368,0.001287194555,0.01682163185,0.1249451744,12.95969864,0,-0.2088274355,-0.1270395695,-0.07912096955,0.2180032794,1.04811875,0.001777250142,-19.9912279,-0.2180032794,-0.001777250142,-20.2901294,-20.2901294,0.02589416103,-0.405802588,4.793689962e-07,-0,2.396844981e-06,-2.876213977e-06,-0.405802588,-0.0001045024412,4.793689962e-07,-0,2.396844981e-06,-2.876213977e-06,-0.405802588,-0.0001045024412,0,0,0,0,0,0
8.57,1,1,5.249090509e-05,3.73907817e-05,-2.157160483e-06,6.783071296e-05,-0.04604171429,-4.506068564e-05,0,0,0,0,-0.001047197551,0,-0.04733409897,-0.002337869748,0.005344726318,0.001292384675,0.01689413284,0.1264460418,12.96273041,0,-0.2090370646,-0.1274932394,-0.07300434422,0.2189940896,1.047089186,0.001793573407,-20.23136669,-0.2189940896,-0.001793573407,-20.5251587,-20.5251587,0.02587262469,-0.410503174,-4.793689962e-07,9.587379924e-07,1.438106989e-06,-3.355582973e-06,-0.410503174,-0.0001049818102,-4.793689962e-07,9.587379924e-07,1.438106989e-06,-3.355582973e-06,-0.410503174,-0.0001049818102,0,0,0,0,0,0
8.58,1,1,5.225122059e-05,3.85892042e-05,-2.396844981e-06,6.735134397e-05,-0.04605945095,-4.482100115e-05,0,0,0,0,-0.001047197551,0,-0.04735721032,-0.002284390682,0.005351062427,0.001297759377,0.01696895196,0.1269176782,12.96564762,0,-0.2092385198,-0.1279648758,-0.0685714819,0.2200134515,1.047106923,0.00179882891,-20.30682852,-0.2200134515,-0.00179882891,-20.59721228,-20.59721228,0.02585113765,-0.4119442456,-0,-1.438106989e-06,1.917475985e-06,-2.396844981e-06,-0.4119442456,-0.0001054611792,-0,-1.438106989e-06,1.917475985e-06,-2.396844981e-06,-0.4119442456,-0.0001054611792,0,0,0,0,0,0
8.59,1,1,5.273058958e-05,3.83495197e-05,-2.636529479e-06,6.783071296e-05,-0.04607431139,-4.530037014e-05,0,0,0,0,-0.001047197551,0,-0.04737978657,-0.002230848988,0.005357251834,0.001305475188,0.01707405523,0.1276178348,12.96809445,0,-0.2094073017,-0.1286650323,-0.06892372811,0.2214179607,1.047121783,0.00180730592,-20.41885357,-0.2214179607,-0.00180730592,-20.71100256,-20.71100256,0.02582973682,-0.4142200512,-9.587379924e-07,-9.587379924e-07,2.396844981e-06,-3.355582973e-06,-0.4142200512,-0.0001045024412,-9.587379924e-07,-9.587379924e-07,2.396844981e-06,-3.355582973e-06,-0.4142200512,-0.0001045024412,0,0,0,0,0,0
8.6,1,1,5.320995858e-05,3.83495197e-05,-2.876213977e-06,6.759102847e-05,-0.04608845277,-4.530037014e-05,0,0,0,0,0,0,-0.0474018271,-0.002177246135,0.00536329437,0.001313374329,0.01718147028,0.1293830826,12.97042515,0,-0.2095679125,-0.1293830826,-0.06964381524,0.2228509741,1.046088453,0.001827179473,-20.70129322,-0.2228509741,-0.001827179473,-20.99561519,-20.99561519,0.02580840513,-0.4199123038,-1.917475985e-06,-9.587379924e-07,2.876213977e-06,-2.876213977e-06,-0.4199123038,-0.0001045024412,-1.917475985e-06,-9.587379924e-07,2.876213977e-06,-2.876213977e-06,-0.4199123038,-0.0001045024412,0,0,0,0,0,0
8.61,1,1,5.320995858e-05,3.73907817e-05,-2.157160483e-06,6.735134397e-05,-0.04610163542,-4.577973914e-05,0,0,0,0,0,0,-0.0474233313,-0.002123583591,0.005369189867,0.001321695879,0.01729429723,0.1301423805,12.97259983,0,-0.2097176307,-0.1301423805,-0.07071253426,0.2243519973,1.046101635,0.001836435306,-20.82278088,-0.2243519973,-0.001836435306,-21.11968184,-21.11968184,0.0257871587,-0.4223936369,-1.917475985e-06,9.587379924e-07,1.438106989e-06,-2.396844981e-06,-0.4223936369,-0.0001035437032,-1.917475985e-06,9.587379924e-07,1.438106989e-06,-2.396844981e-06,-0.4223936369,-0.0001035437032,0,0,0,0,0,0
8.62,1,1,5.249090509e-05,3.78701507e-05,-2.396844981e-06,6.759102847e-05,-0.04611481807,-4.577973914e-05,0,0,0,0,0,0,-0.04744429858,-0.002069862828,0.005374938166,0.001329480512,0.01740008907,0.130849246,12.97477644,0,-0.2098673453,-0.130849246,-0.07084913113,0.2257622658,1.046114818,0.001844940546,-20.93587936,-0.2257622658,-0.001844940546,-21.2343357,-21.2343357,0.02576599409,-0.424686714,-4.793689962e-07,-0,1.917475985e-06,-2.876213977e-06,-0.424686714,-0.0001035437032,-4.793689962e-07,-0,1.917475985e-06,-2.876213977e-06,-0.424686714,-0.0001035437032,0,0,0,0,0,0
8.63,1,1,5.344964308e-05,3.643204371e-05,-2.157160483e-06,6.711165947e-05,-0.0461251245,-4.506068564e-05,0,0,0,0,0,0,-0.04746472837,-0.002016085319,0.005380539109,0.001339603866,0.01753615604,0.1317845474,12.9764795,0,-0.2099843925,-0.1317845474,-0.07517056188,0.2275575694,1.046125125,0.001856644078,-21.08552758,-0.2275575694,-0.001856644078,-21.39011236,-21.39011236,0.02574491616,-0.4278022471,-2.396844981e-06,2.876213977e-06,1.438106989e-06,-1.917475985e-06,-0.4278022471,-0.0001049818102,-2.396844981e-06,2.876213977e-06,1.438106989e-06,-1.917475985e-06,-0.4278022471,-0.0001049818102,0,0,0,0,0,0
8.64,1,1,5.249090509e-05,3.73907817e-05,-2.157160483e-06,6.639260598e-05,-0.04613351346,-4.554005464e-05,0,0,0,0,0,0,-0.0474846201,-0.001962252538,0.005385992541,0.001351106643,0.01769005727,0.1328546576,12.97786658,0,-0.2100796618,-0.1328546576,-0.0809377862,0.2295792031,1.046133513,0.001870225859,-21.25674522,-0.2295792031,-0.001870225859,-21.56913244,-21.56913244,0.0257239561,-0.4313826488,-4.793689962e-07,9.587379924e-07,1.438106989e-06,-4.793689962e-07,-0.4313826488,-0.0001040230722,-4.793689962e-07,9.587379924e-07,1.438106989e-06,-4.793689962e-07,-0.4313826488,-0.0001040230722,0,0,0,0,0,0
8.65,1,1,5.177185159e-05,3.643204371e-05,-2.396844981e-06,6.735134397e-05,-0.04614477863,-4.506068564e-05,0,0,0,0,-0.001047197551,0,-0.04750397324,-0.00190836596,0.005391298313,0.001359194608,0.01779956892,0.1325440119,12.97973045,0,-0.2102075926,-0.1335912094,-0.07940394297,0.2310336068,1.04719225,0.001868114005,-21.2070419,-0.2310336068,-0.001868114005,-21.51934757,-21.51934757,0.02570307759,-0.4303869513,9.587379924e-07,2.876213977e-06,1.917475985e-06,-2.396844981e-06,-0.4303869513,-0.0001049818102,9.587379924e-07,2.876213977e-06,1.917475985e-06,-2.396844981e-06,-0.4303869513,-0.0001049818102,0,0,0,0,0,0
8.66,1,1,5.249090509e-05,3.667172821e-05,-2.396844981e-06,6.735134397e-05,-0.04616299465,-4.530037014e-05,0,0,0,0,-0.002094395102,0,-0.04752278725,-0.001854427064,0.00539645628,0.001359792595,0.01781176369,0.1315015263,12.98274736,0,-0.210414454,-0.1335959214,-0.06470899809,0.2312456281,1.048258486,0.001855688448,-21.04024421,-0.2312456281,-0.001855688448,-21.33805453,-21.33805453,0.02568219233,-0.4267610905,-4.793689962e-07,2.396844981e-06,1.917475985e-06,-2.396844981e-06,-0.4267610905,-0.0001045024412,-4.793689962e-07,2.396844981e-06,1.917475985e-06,-2.396844981e-06,-0.4267610905,-0.0001045024412,0,0,0,0,0,0
8.67,1,1,5.320995858e-05,3.715109721e-05,-2.396844981e-06,6.735134397e-05,-0.04619271553,-4.530037014e-05,0,0,0,0,-0.003141592654,0,-0.04754106161,-0.001800437328,0.005401466301,0.001348346081,0.01766742212,0.1292822061,12.9876776,0,-0.2107519499,-0.1324237988,-0.03105337628,0.2294587825,1.049336776,0.00182663273,-20.68515298,-0.2294587825,-0.00182663273,-20.94749177,-20.94749177,0.02566120488,-0.4189498354,-1.917475985e-06,1.438106989e-06,1.917475985e-06,-2.396844981e-06,-0.4189498354,-0.0001045024412,-1.917475985e-06,1.438106989e-06,1.917475985e-06,-2.396844981e-06,-0.4189498354,-0.0001045024412,0,0,0,0,0,0
8.68,1,1,5.249090509e-05,3.715109721e-05,-2.157160483e-06,6.759102847e-05,-0.04623513968,-4.530037014e-05,0,0,0,0,-0.004188790205,0,-0.04755879583,-0.001746398232,0.005406328237,0.001323656143,0.01735078869,0.1257694039,12.99473214,0,-0.2112336666,-0.1299581941,0.01997739958,0.2254688514,1.050428316,0.001779230497,-20.12310462,-0.2254688514,-0.001779230497,-20.3303753,-20.3303753,0.02564001798,-0.4066075061,-4.793689962e-07,1.438106989e-06,1.438106989e-06,-2.876213977e-06,-0.4066075061,-0.0001045024412,-4.793689962e-07,1.438106989e-06,1.438106989e-06,-2.876213977e-06,-0.4066075061,-0.0001045024412,0,0,0,0,0,0
8.69,1,1,5.225122059e-05,3.76304662e-05,-2.876213977e-06,6.807039746e-05,-0.04628139879,-4.530037014e-05,0,0,0,0,-0.004188790205,0,-0.04757598941,-0.001692311257,0.005411041957,0.001294590621,0.01697689853,0.1228771708,13.00244721,0,-0.211758886,-0.127065961,0.06902500497,0.220741227,1.050474575,0.001737020399,-19.66034733,-0.220741227,-0.001737020399,-19.81380057,-19.81380057,0.02561865052,-0.3962760114,-0,4.793689962e-07,2.876213977e-06,-3.83495197e-06,-0.3962760114,-0.0001045024412,-0,4.793689962e-07,2.876213977e-06,-3.83495197e-06,-0.3962760114,-0.0001045024412,0,0,0,0,0,0
8.7,1,1,5.129248259e-05,3.81098352e-05,-1.917475985e-06,6.711165947e-05,-0.0463231039,-4.530037014e-05,0,0,0,0,-0.003141592654,0,-0.0475926419,-0.001638177887,0.00541560733,0.001269538002,0.01665479193,0.1214246594,13.00942323,0,-0.2122323618,-0.1245662521,0.1020623251,0.216669237,1.049467164,0.001711758786,-19.4279455,-0.216669237,-0.001711758786,-19.54426418,-19.54426418,0.02559713825,-0.3908852835,1.917475985e-06,-4.793689962e-07,9.587379924e-07,-1.917475985e-06,-0.3908852835,-0.0001045024412,1.917475985e-06,-4.793689962e-07,9.587379924e-07,-1.917475985e-06,-0.3908852835,-0.0001045024412,0,0,0,0,0,0
8.71,1,1,5.273058958e-05,3.78701507e-05,-2.396844981e-06,6.759102847e-05,-0.04637175985,-4.458131665e-05,0,0,0,0,-0.004188790205,0,-0.04760875282,-0.001583999605,0.005420024231,0.001236992974,0.01623479811,0.1171473341,13.01758646,0,-0.2127847047,-0.1213361243,0.1428710988,0.2113378881,1.050564937,0.001653514911,-18.74357346,-0.2113378881,-0.001653514911,-18.81369376,-18.81369376,0.02557542716,-0.3762738753,-9.587379924e-07,-0,1.917475985e-06,-2.876213977e-06,-0.3762738753,-0.0001059405482,-9.587379924e-07,-0,1.917475985e-06,-2.876213977e-06,-0.3762738753,-0.0001059405482,0,0,0,0,0,0
8.72,1,1,5.273058958e-05,3.667172821e-05,-2.396844981e-06,6.759102847e-05,-0.04642832539,-4.482100115e-05,0,0,0,-0.001047197551,-0.005235987756,0,-0.04762432175,-0.001529777898,0.00542429254,0.001195996355,0.01570424546,0.1120469089,13.02711001,0,-0.2134267754,-0.1172828967,0.1907634683,0.2045809333,1.051671167,0.001583495783,-17.92750543,-0.2045809333,-0.001583495783,-17.94290639,-17.94290639,0.02555345102,-0.3588581278,-9.587379924e-07,2.396844981e-06,1.917475985e-06,0.0001018435411,-0.3588581278,-0.0001054611792,-9.587379924e-07,2.396844981e-06,1.917475985e-06,0.0001018435411,-0.3588581278,-0.0001054611792,0,0,0,0,0,0
8.73,1,1,5.297027408e-05,3.643204371e-05,-2.157160483e-06,6.783071296e-05,-0.04648441156,-4.506068564e-05,0,0,0,0,-0.006283185307,0,-0.04763934824,-0.00147551425,0.005428412139,0.001154936678,0.01517226502,0.1069422081,13.03658826,0,-0.2140633389,-0.1132253934,0.2303433106,0.1977945721,1.052777466,0.001513220723,-17.1107533,-0.1977945721,-0.001513220723,-17.07971778,-17.07971778,0.02553124106,-0.3415943556,-1.438106989e-06,2.876213977e-06,1.438106989e-06,-3.355582973e-06,-0.3415943556,-0.0001049818102,-1.438106989e-06,2.876213977e-06,1.438106989e-06,-3.355582973e-06,-0.3415943556,-0.0001049818102,0,0,0,0,0,0
8.74,1,1,5.297027408e-05,3.715109721e-05,-2.157160483e-06,6.783071296e-05,-0.04654145647,-4.482100115e-05,0,0,0,0,-0.004188790205,0,-0.0476538319,-0.001421210151,0.005432382915,0.001112375422,0.01462009683,0.1048347121,13.04626477,0,-0.2147107163,-0.1090235023,0.2646889485,0.1907376542,1.050734633,0.001476351069,-16.77355394,-0.1907376542,-0.001476351069,-16.70107899,-16.70107899,0.0255088083,-0.3340215799,-1.438106989e-06,1.438106989e-06,1.438106989e-06,-3.355582973e-06,-0.3340215799,-0.0001054611792,-1.438106989e-06,1.438106989e-06,1.438106989e-06,-3.355582973e-06,-0.3340215799,-0.0001054611792,0,0,0,0,0,0
8.75,1,1,5.249090509e-05,3.691141271e-05,-2.636529479e-06,6.902913545e-05,-0.04657645041,-4.458131665e-05,0,0,0,0,-0.002094395102,0,-0.04766777231,-0.001366867088,0.00543620476,0.001091321903,0.01434807436,0.1048237607,13.05221888,0,-0.2151078133,-0.1069181558,0.2541400043,0.1872742071,1.048671942,0.001469111133,-16.77180171,-0.1872742071,-0.001469111133,-16.70640502,-16.70640502,0.02548633156,-0.3341281004,-4.793689962e-07,1.917475985e-06,2.396844981e-06,-5.752427955e-06,-0.3341281004,-0.0001059405482,-4.793689962e-07,1.917475985e-06,2.396844981e-06,-5.752427955e-06,-0.3341281004,-0.0001059405482,0,0,0,0,0,0
8.76,1,1,5.249090509e-05,3.691141271e-05,-2.157160483e-06,6.735134397e-05,-0.04659730296,-4.506068564e-05,0,0,0,0,-0.001047197551,0,-0.04768116911,-0.001312486553,0.005439877568,0.001083866151,0.01425332107,0.1050901993,13.05577344,0,-0.2153444273,-0.1061373969,0.2215252441,0.1860881307,1.047644775,0.001468666603,-16.81443189,-0.1860881307,-0.001468666603,-16.78046344,-16.78046344,0.0254638832,-0.3356092688,-4.793689962e-07,1.917475985e-06,1.438106989e-06,-2.396844981e-06,-0.3356092688,-0.0001049818102,-4.793689962e-07,1.917475985e-06,1.438106989e-06,-2.396844981e-06,-0.3356092688,-0.0001049818102,0,0,0,0,0,0
8.77,1,1,5.273058958e-05,3.691141271e-05,-1.917475985e-06,6.711165947e-05,-0.04661072529,-4.458131665e-05,0,0,0,0,0,0,-0.04769402192,-0.001258070034,0.00544340124,0.001083296631,0.01424834775,0.1060272374,13.05806403,0,-0.2154967257,-0.1060272374,0.1829807456,0.1860558373,1.046610725,0.001477536524,-16.96435798,-0.1860558373,-0.001477536524,-16.96891061,-16.96891061,0.02544147209,-0.3393782122,-9.587379924e-07,1.917475985e-06,9.587379924e-07,-1.917475985e-06,-0.3393782122,-0.0001059405482,-9.587379924e-07,1.917475985e-06,9.587379924e-07,-1.917475985e-06,-0.3393782122,-0.0001059405482,0,0,0,0,0,0
8.78,1,1,5.273058958e-05,3.715109721e-05,-2.396844981e-06,6.831008196e-05,-0.04662127141,-4.506068564e-05,0,0,0,0,0,0,-0.0477063304,-0.001203619025,0.005446775677,0.001085058987,0.01427372403,0.1061441148,13.0598652,0,-0.2156163861,-0.1061441148,0.1473442143,0.1864129117,1.046621271,0.001477894008,-16.98305837,-0.1864129117,-0.001477894008,-17.02360496,-17.02360496,0.02541909534,-0.3404720993,-9.587379924e-07,1.438106989e-06,1.917475985e-06,-4.314320966e-06,-0.3404720993,-0.0001049818102,-9.587379924e-07,1.438106989e-06,1.917475985e-06,-4.314320966e-06,-0.3404720993,-0.0001049818102,0,0,0,0,0,0
8.79,1,1,5.225122059e-05,3.715109721e-05,-2.157160483e-06,6.807039746e-05,-0.04663013974,-4.554005464e-05,0,0,0,0,0,0,-0.0477180942,-0.001149135018,0.005450000789,0.001087954458,0.01431380435,0.1063712959,13.06138079,0,-0.2157170078,-0.1063712959,0.1162704894,0.1869580492,1.04663014,0.001479780628,-17.01940734,-0.1869580492,-0.001479780628,-17.09157468,-17.09157468,0.02539675775,-0.3418314937,-0,1.438106989e-06,1.438106989e-06,-3.83495197e-06,-0.3418314937,-0.0001040230722,-0,1.438106989e-06,1.438106989e-06,-3.83495197e-06,-0.3418314937,-0.0001040230722,0,0,0,0,0,0
8.8,1,1,5.249090509e-05,3.73907817e-05,-1.198422491e-06,6.735134397e-05,-0.04663565248,-4.554005464e-05,0,0,0,0,0,0,-0.04772931299,-0.001094619507,0.005453076486,0.001093660512,0.01439050466,0.1068721765,13.06232336,0,-0.2157795556,-0.1068721765,0.08583984131,0.1879734251,1.046635652,0.001485458974,-17.09954825,-0.1879734251,-0.001485458974,-17.20316729,-17.20316729,0.02537446396,-0.3440633458,-4.793689962e-07,9.587379924e-07,-4.793689962e-07,-2.396844981e-06,-0.3440633458,-0.0001040230722,-4.793689962e-07,9.587379924e-07,-4.793689962e-07,-2.396844981e-06,-0.3440633458,-0.0001040230722,0,0,0,0,0,0
8.81,1,1,5.225122059e-05,3.691141271e-05,-2.636529479e-06,6.854976646e-05,-0.04663900806,-4.506068564e-05,0,0,0,0,0,0,-0.04773998649,-0.001040073987,0.005456002685,0.001100978421,0.01448817226,0.1075300496,13.06289727,0,-0.2158176279,-0.1075300496,0.05804997729,0.1892575058,1.046639008,0.001493303775,-17.20480794,-0.1892575058,-0.001493303775,-17.33750877,-17.33750877,0.02535224785,-0.3467501754,-0,1.917475985e-06,2.396844981e-06,-4.793689962e-06,-0.3467501754,-0.0001049818102,-0,1.917475985e-06,2.396844981e-06,-4.793689962e-06,-0.3467501754,-0.0001049818102,0,0,0,0,0,0
8.82,1,1,5.249090509e-05,3.691141271e-05,-2.157160483e-06,6.831008196e-05,-0.04664284302,-4.458131665e-05,0,0,0,0,0,0,-0.04775011438,-0.0009854999524,0.005458779304,0.001107271362,0.01457236194,0.1080880868,13.06355332,0,-0.2158611387,-0.1080880868,0.03719826956,0.1903668272,1.046642843,0.001499752265,-17.29409388,-0.1903668272,-0.001499752265,-17.44876219,-17.44876219,0.02533008987,-0.3489752439,-4.793689962e-07,1.917475985e-06,1.438106989e-06,-4.314320966e-06,-0.3489752439,-0.0001059405482,-4.793689962e-07,1.917475985e-06,1.438106989e-06,-4.314320966e-06,-0.3489752439,-0.0001059405482,0,0,0,0,0,0
8.83,1,1,5.249090509e-05,3.667172821e-05,-2.157160483e-06,6.854976646e-05,-0.04664907481,-4.530037014e-05,0,0,0,0,0,0,-0.04775969639,-0.0009308988998,0.005461406268,0.001110621581,0.01461801527,0.1083594365,13.06461975,0,-0.2159318432,-0.1083594365,0.02532649033,0.1909788111,1.046649075,0.001502221854,-17.33750983,-0.1909788111,-0.001502221854,-17.50466438,-17.50466438,0.02530796543,-0.3500932875,-4.793689962e-07,2.396844981e-06,1.438106989e-06,-4.793689962e-06,-0.3500932875,-0.0001045024412,-4.793689962e-07,2.396844981e-06,1.438106989e-06,-4.793689962e-06,-0.3500932875,-0.0001045024412,0,0,0,0,0,0
8.84,1,1,5.249090509e-05,3.73907817e-05,-2.157160483e-06,6.759102847e-05,-0.04665219071,-4.530037014e-05,0,0,0,0,0,0,-0.04776873227,-0.0008762723261,0.005463883505,0.00111654156,0.01469714565,0.108881109,13.06515313,0,-0.2159671951,-0.108881109,0.0111899084,0.1920204586,1.046652191,0.001508146735,-17.42097744,-0.1920204586,-0.001508146735,-17.60331614,-17.60331614,0.02528590077,-0.3520663228,-4.793689962e-07,9.587379924e-07,1.438106989e-06,-2.876213977e-06,-0.3520663228,-0.0001045024412,-4.793689962e-07,9.587379924e-07,1.438106989e-06,-2.876213977e-06,-0.3520663228,-0.0001045024412,0,0,0,0,0,0
8.85,1,1,5.249090509e-05,3.715109721e-05,-2.636529479e-06,6.759102847e-05,-0.04665746377,-4.506068564e-05,0,0,0,0,-0.001047197551,0,-0.04777722176,-0.000821621729,0.005466210947,0.00111975799,0.01474085637,0.1080921646,13.06605603,0,-0.216027021,-0.1091393621,0.004481346838,0.1926048553,1.047704935,0.001498925309,-17.29474633,-0.1926048553,-0.001498925309,-17.48436877,-17.48436877,0.02526386983,-0.3496873754,-4.793689962e-07,1.438106989e-06,2.396844981e-06,-2.876213977e-06,-0.3496873754,-0.0001049818102,-4.793689962e-07,1.438106989e-06,2.396844981e-06,-2.876213977e-06,-0.3496873754,-0.0001049818102,0,0,0,0,0,0
8.86,1,1,5.249090509e-05,3.81098352e-05,-1.677791487e-06,6.687197497e-05,-0.04666201778,-4.434163215e-05,0,0,0,0,0,0,-0.04778516463,-0.0007669486067,0.00546838853,0.001123146855,0.01478671966,0.1094143811,13.06683606,0,-0.2160786884,-0.1094143811,-0.001408426711,0.1932156416,1.046662018,0.001512923403,-17.50630097,-0.1932156416,-0.001512923403,-17.70243796,-17.70243796,0.02524188649,-0.3540487593,-4.793689962e-07,-4.793689962e-07,4.793689962e-07,-1.438106989e-06,-0.3540487593,-0.0001064199172,-4.793689962e-07,-4.793689962e-07,4.793689962e-07,-1.438106989e-06,-0.3540487593,-0.0001064199172,0,0,0,0,0,0
8.87,1,1,5.297027408e-05,3.78701507e-05,-2.636529479e-06,6.783071296e-05,-0.04666729083,-4.625910813e-05,0.001047197551,0,0,0,0,0,-0.04779256066,-0.0007122544581,0.005470416194,0.001125269828,0.01481593928,0.1095660219,13.06773954,0,-0.2161385131,-0.1095660219,-0.003906720456,0.1936108356,1.046667291,0.00151371807,-17.53056351,-0.1936108356,-0.00151371807,-17.72959478,-17.72959478,0.02521993847,-0.3545918957,-0.0001061578621,-0,2.396844981e-06,-3.355582973e-06,-0.3545918957,-0.0001025849652,-0.0001061578621,-0,2.396844981e-06,-3.355582973e-06,-0.3545918957,-0.0001025849652,0,0,0,0,0,0
8.88,1,1,5.201153609e-05,3.81098352e-05,-2.636529479e-06,6.807039746e-05,-0.04667352263,-4.530037014e-05,0,0,0,0,-0.001047197551,0,-0.04779940965,-0.0006575407827,0.005472293884,0.001125887023,0.01482537599,0.1085237054,13.06880769,0,-0.2162092144,-0.109570903,-0.003210141654,0.1937499878,1.047720994,0.001501032338,-17.36379287,-0.1937499878,-0.001501032338,-17.56225403,-17.56225403,0.0251980119,-0.3512450806,4.793689962e-07,-4.793689962e-07,2.396844981e-06,-3.83495197e-06,-0.3512450806,-0.0001045024412,4.793689962e-07,-4.793689962e-07,2.396844981e-06,-3.83495197e-06,-0.3512450806,-0.0001045024412,0,0,0,0,0,0
8.89,1,1,5.225122059e-05,3.715109721e-05,-2.157160483e-06,6.807039746e-05,-0.04667927506,-4.577973914e-05,0,0,0,0,0,0,-0.04780571142,-0.0006028090805,0.005474021548,0.001126436359,0.01483381808,0.1095691297,13.06979407,0,-0.2162744764,-0.1095691297,-0.002649427706,0.1938749477,1.046679275,0.001511164601,-17.53106075,-0.1938749477,-0.001511164601,-17.72909629,-17.72909629,0.02517610527,-0.3545819258,-0,1.438106989e-06,1.438106989e-06,-3.83495197e-06,-0.3545819258,-0.0001035437032,-0,1.438106989e-06,1.438106989e-06,-3.83495197e-06,-0.3545819258,-0.0001035437032,0,0,0,0,0,0
8.9,1,1,5.249090509e-05,3.715109721e-05,-2.636529479e-06,6.807039746e-05,-0.04668287033,-4.482100115e-05,0,0,0,0,0,0,-0.04781146578,-0.000548060852,0.00547559914,0.001128595454,0.01486319245,0.1097241691,13.07041075,0,-0.2163152648,-0.1097241691,-0.004916586477,0.1942680303,1.04668287,0.00151199852,-17.55586706,-0.1942680303,-0.00151199852,-17.75656368,-17.75656368,0.02515423355,-0.3551312736,-4.793689962e-07,1.438106989e-06,2.396844981e-06,-3.83495197e-06,-0.3551312736,-0.0001054611792,-4.793689962e-07,1.438106989e-06,2.396844981e-06,-3.83495197e-06,-0.3551312736,-0.0001054611792,0,0,0,0,0,0
8.91,1,1,5.153216709e-05,3.667172821e-05,-2.157160483e-06,6.735134397e-05,-0.04668718465,-4.506068564e-05,0,0,0,0,0,0,-0.04781667259,-0.0004932975981,0.005477026615,0.001129487937,0.01487590451,0.1097557528,13.07115096,0,-0.2163642105,-0.1097557528,-0.004750351166,0.1944451935,1.046687185,0.001511132164,-17.56092044,-0.1944451935,-0.001511132164,-17.76162712,-17.76162712,0.02513237948,-0.3552325424,1.438106989e-06,2.396844981e-06,1.438106989e-06,-2.396844981e-06,-0.3552325424,-0.0001049818102,1.438106989e-06,2.396844981e-06,1.438106989e-06,-2.396844981e-06,-0.3552325424,-0.0001049818102,0,0,0,0,0,0
8.92,1,1,5.297027408e-05,3.81098352e-05,-1.917475985e-06,6.711165947e-05,-0.04669149897,-4.577973914e-05,0,0,0,0,0,0,-0.04782133169,-0.0004385208202,0.005478303934,0.001129832719,0.01488134865,0.1097339302,13.07189137,0,-0.2164131558,-0.1097339302,-0.003656869299,0.1945273731,1.046691499,0.00150953203,-17.55742883,-0.1945273731,-0.00150953203,-17.7571226,-17.7571226,0.02511055275,-0.3551424521,-1.438106989e-06,-4.793689962e-07,9.587379924e-07,-1.917475985e-06,-0.3551424521,-0.0001035437032,-1.438106989e-06,-4.793689962e-07,9.587379924e-07,-1.917475985e-06,-0.3551424521,-0.0001035437032,0,0,0,0,0,0
8.93,1,1,5.344964308e-05,3.81098352e-05,-1.917475985e-06,6.711165947e-05,-0.04669365613,-4.530037014e-05,0,0,0,0,0,0,-0.04782544296,-0.0003837320201,0.005479431063,0.001131786832,0.01490772112,0.1098688874,13.07226166,0,-0.2164376283,-0.1098688874,-0.00556653573,0.1948776312,1.046693656,0.001510082572,-17.57902199,-0.1948776312,-0.001510082572,-17.78097624,-17.78097624,0.02508875278,-0.3556195247,-2.396844981e-06,-4.793689962e-07,9.587379924e-07,-1.917475985e-06,-0.3556195247,-0.0001045024412,-2.396844981e-06,-4.793689962e-07,9.587379924e-07,-1.917475985e-06,-0.3556195247,-0.0001045024412,0,0,0,0,0,0
8.94,1,1,5.320995858e-05,3.81098352e-05,-2.157160483e-06,6.735134397e-05,-0.04669773077,-4.506068564e-05,0,0,0,0,0,0,-0.04782900629,-0.0003289326997,0.005480407971,0.001131275527,0.01490175543,0.1097635745,13.07296123,0,-0.2164838539,-0.1097635745,-0.00245167556,0.194810071,1.046697731,0.001507337583,-17.56217192,-0.194810071,-0.001507337583,-17.76094101,-17.76094101,0.02506697927,-0.3552188202,-1.917475985e-06,-4.793689962e-07,1.438106989e-06,-2.396844981e-06,-0.3552188202,-0.0001049818102,-1.917475985e-06,-4.793689962e-07,1.438106989e-06,-2.396844981e-06,-0.3552188202,-0.0001049818102,0,0,0,0,0,0
8.95,1,1,5.153216709e-05,3.76304662e-05,-2.157160483e-06,6.735134397e-05,-0.04670084666,-4.530037014e-05,0,0,0,0,0,0,-0.04783202159,-0.0002741243615,0.00548123463,0.001131174921,0.01490104806,0.1096982481,13.07349633,0,-0.2165192026,-0.1096982481,-0.0007738629868,0.1948087971,1.046700847,0.001505141817,-17.5517197,-0.1948087971,-0.001505141817,-17.7488075,-17.7488075,0.02504522044,-0.35497615,1.438106989e-06,4.793689962e-07,1.438106989e-06,-2.396844981e-06,-0.35497615,-0.0001045024412,1.438106989e-06,4.793689962e-07,1.438106989e-06,-2.396844981e-06,-0.35497615,-0.0001045024412,0,0,0,0,0,0
8.96,1,1,5.273058958e-05,3.78701507e-05,-2.636529479e-06,6.807039746e-05,-0.04670396256,-4.625910813e-05,0,0,0,0,0,0,-0.04783448876,-0.000219308508,0.005481911019,0.001130526192,0.01489306404,0.1095794812,13.07403153,0,-0.2165545511,-0.1095794812,0.001515875008,0.1947123889,1.046703963,0.001502215561,-17.53271698,-0.1947123889,-0.001502215561,-17.72741571,-17.72741571,0.0250234711,-0.3545483143,-9.587379924e-07,-0,2.396844981e-06,-3.83495197e-06,-0.3545483143,-0.0001025849652,-9.587379924e-07,-0,2.396844981e-06,-3.83495197e-06,-0.3545483143,-0.0001025849652,0,0,0,0,0,0
8.97,1,1,5.225122059e-05,3.81098352e-05,-2.636529479e-06,6.807039746e-05,-0.04670588004,-4.530037014e-05,0,0,0,0,0,0,-0.04783640774,-0.0001644866421,0.005482437118,0.001130527697,0.01489347047,0.1095240434,13.07436094,0,-0.216576304,-0.1095240434,0.002235497472,0.1947226086,1.04670588,0.001500157411,-17.52384695,-0.1947226086,-0.001500157411,-17.71783422,-17.71783422,0.02500174415,-0.3543566843,-0,-4.793689962e-07,2.396844981e-06,-3.83495197e-06,-0.3543566843,-0.0001045024412,-0,-4.793689962e-07,2.396844981e-06,-3.83495197e-06,-0.3543566843,-0.0001045024412,0,0,0,0,0,0
8.98,1,1,5.320995858e-05,3.76304662e-05,-1.677791487e-06,6.759102847e-05,-0.04670755783,-4.530037014e-05,0,0,0,0,0,0,-0.04783777847,-0.0001096602667,0.005482812914,0.001130220643,0.01488973215,0.109438512,13.07464921,0,-0.2165953376,-0.109438512,0.003444559223,0.1946780247,1.046707558,0.001497689168,-17.51016191,-0.1946780247,-0.001497689168,-17.70289307,-17.70289307,0.02498003581,-0.3540578614,-1.917475985e-06,4.793689962e-07,4.793689962e-07,-2.876213977e-06,-0.3540578614,-0.0001045024412,-1.917475985e-06,4.793689962e-07,4.793689962e-07,-2.876213977e-06,-0.3540578614,-0.0001045024412,0,0,0,0,0,0
8.99,1,1,5.368932758e-05,3.78701507e-05,-2.157160483e-06,6.759102847e-05,-0.04670995468,-4.577973914e-05,0,0,0,0,0,0,-0.04783860093,-5.483088486e-05,0.005483038395,0.001128646255,0.0148693129,0.1092294699,13.07506108,0,-0.2166225285,-0.1092294699,0.006732869001,0.1944171743,1.046709955,0.001493537019,-17.47671518,-0.1944171743,-0.001493537019,-17.66589302,-17.66589302,0.02495834061,-0.3533178604,-2.876213977e-06,-0,1.438106989e-06,-2.876213977e-06,-0.3533178604,-0.0001035437032,-2.876213977e-06,-0,1.438106989e-06,-2.876213977e-06,-0.3533178604,-0.0001035437032,0,0,0,0,0,0
9,1,1,5.320995858e-05,3.691141271e-05,-2.396844981e-06,6.759102847e-05,-0.04671187215,-4.577973914e-05,0,0,0,0,0,0,-0.04783887509,1.628024768e-13,0.005483113556,0.001127002935,0.01484788124,0.1090136915,13.07539062,0,-0.2166442811,-0.1090136915,0.009514906579,0.1941418471,1.046711872,0.001489296923,-17.44219063,-0.1941418471,-0.001489296923,-17.62830687,-17.62830687,0.02493665397,-0.3525661374,-1.917475985e-06,1.917475985e-06,1.917475985e-06,-2.876213977e-06,-0.3525661374,-0.0001035437032,-1.917475985e-06,1.917475985e-06,1.917475985e-06,-2.876213977e-06,-0.3525661374,-0.0001035437032,0,0,0,0,0,0
9.01,1,1,5.225122059e-05,3.691141271e-05,-2.157160483e-06,6.783071296e-05,-0.04671378963,-4.482100115e-05,0,0,0,0,0,0,-0.04783860093,5.483088519e-05,0.005483038395,0.001124811304,0.0148191694,0.1087444735,13.07572021,0,-0.2166660336,-0.1087444735,0.01288149704,0.1937713127,1.04671379,0.001484333034,-17.39911576,-0.1937713127,-0.001484333034,-17.58148991,-17.58148991,0.02491497619,-0.3516297982,-0,1.917475985e-06,1.438106989e-06,-3.355582973e-06,-0.3516297982,-0.0001054611792,-0,1.917475985e-06,1.438106989e-06,-3.355582973e-06,-0.3516297982,-0.0001054611792,0,0,0,0,0,0
9.02,1,1,5.153216709e-05,3.619235921e-05,-2.157160483e-06,6.783071296e-05,-0.04671618647,-4.434163215e-05,0,0,0,0,0,0,-0.04783777847,0.000109660267,0.005482812914,0.001121592001,0.01477690928,0.1083751216,13.07613224,0,-0.2166932241,-0.1083751216,0.01736574966,0.1932248199,1.046716186,0.001478011325,-17.34001946,-0.1932248199,-0.001478011325,-17.51735654,-17.51735654,0.02489329926,-0.3503471308,1.438106989e-06,3.355582973e-06,1.438106989e-06,-3.355582973e-06,-0.3503471308,-0.0001064199172,1.438106989e-06,3.355582973e-06,1.438106989e-06,-3.355582973e-06,-0.3503471308,-0.0001064199172,0,0,0,0,0,0
9.03,1,1,5.249090509e-05,3.715109721e-05,-1.917475985e-06,6.663229047e-05,-0.04671786426,-4.530037014e-05,0,0,0,0,0,0,-0.04783640774,0.0001644866424,0.005482437118,0.001118543472,0.01473677204,0.1080224043,13.07642071,0,-0.2167122574,-0.1080224043,0.02057521096,0.1927042311,1.046717864,0.00147192284,-17.28358469,-0.1927042311,-0.00147192284,-17.45718563,-17.45718563,0.02487162021,-0.3491437127,-4.793689962e-07,1.438106989e-06,9.587379924e-07,-9.587379924e-07,-0.3491437127,-0.0001045024412,-4.793689962e-07,1.438106989e-06,9.587379924e-07,-9.587379924e-07,-0.3491437127,-0.0001045024412,0,0,0,0,0,0
9.04,1,1,5.392901207e-05,3.715109721e-05,-1.917475985e-06,6.807039746e-05,-0.04671906269,-4.530037014e-05,0,0,0,0,0,0,-0.04783448876,0.0002193085083,0.005481911019,0.001115426069,0.01469562496,0.1076629758,13.07662677,0,-0.2167258526,-0.1076629758,0.02336206039,0.1921692028,1.046719063,0.001465750062,-17.22607613,-0.1921692028,-0.001465750062,-17.39634902,-17.39634902,0.02484994245,-0.3479269805,-3.355582973e-06,1.438106989e-06,9.587379924e-07,-3.83495197e-06,-0.3479269805,-0.0001045024412,-3.355582973e-06,1.438106989e-06,9.587379924e-07,-3.83495197e-06,-0.3479269805,-0.0001045024412,0,0,0,0,0,0
9.05,1,1,5.273058958e-05,3.76304662e-05,-1.677791487e-06,6.759102847e-05,-0.04672074048,-4.530037014e-05,0,0,0,0,0,0,-0.04783202159,0.0002741243618,0.00548123463,0.001111281108,0.01464093236,0.1072034532,13.07691529,0,-0.2167448858,-0.1072034532,0.02740048435,0.1914582322,1.04672074,0.001458225415,-17.1525525,-0.1914582322,-0.001458225415,-17.31806848,-17.31806848,0.02482826085,-0.3463613696,-9.587379924e-07,4.793689962e-07,4.793689962e-07,-2.876213977e-06,-0.3463613696,-0.0001045024412,-9.587379924e-07,4.793689962e-07,4.793689962e-07,-2.876213977e-06,-0.3463613696,-0.0001045024412,0,0,0,0,0,0
9.06,1,1,5.297027408e-05,3.76304662e-05,-2.157160483e-06,6.759102847e-05,-0.0467219389,-4.577973914e-05,0,0,0,0,0,0,-0.04782900629,0.0003289327,0.005480407971,0.001107067393,0.01458523308,0.1067372474,13.0771214,0,-0.2167584809,-0.1067372474,0.03086714039,0.1907328636,1.046721939,0.001450619201,-17.07795959,-0.1907328636,-0.001450619201,-17.23927593,-17.23927593,0.02480657444,-0.3447855186,-1.438106989e-06,4.793689962e-07,1.438106989e-06,-2.876213977e-06,-0.3447855186,-0.0001035437032,-1.438106989e-06,4.793689962e-07,1.438106989e-06,-2.876213977e-06,-0.3447855186,-0.0001035437032,0,0,0,0,0,0
9.07,1,1,5.344964308e-05,3.73907817e-05,-1.438106989e-06,6.831008196e-05,-0.04672409606,-4.482100115e-05,0,0,0,0,0,0,-0.04782544296,0.0003837320204,0.005479431063,0.001101346901,0.01450972278,0.1061243031,13.07749243,0,-0.216782952,-0.1061243031,0.03629108199,0.1897507898,1.046724096,0.001441033513,-16.97988849,-0.1897507898,-0.001441033513,-17.13478923,-17.13478923,0.02478487628,-0.3426957846,-2.396844981e-06,9.587379924e-07,-0,-4.314320966e-06,-0.3426957846,-0.0001054611792,-2.396844981e-06,9.587379924e-07,-0,-4.314320966e-06,-0.3426957846,-0.0001054611792,0,0,0,0,0,0
9.08,1,1,5.368932758e-05,3.73907817e-05,-1.438106989e-06,6.831008196e-05,-0.04672553417,-4.554005464e-05,0,0,0,0,0,0,-0.04782133169,0.0004385208206,0.005478303934,0.00109579752,0.01443634473,0.1055280629,13.07773981,0,-0.2167992661,-0.1055280629,0.04058643243,0.1887947602,1.046725534,0.001431686346,-16.88449007,-0.1887947602,-0.001431686346,-17.03413008,-17.03413008,0.02476316739,-0.3406826016,-2.876213977e-06,9.587379924e-07,-0,-4.314320966e-06,-0.3406826016,-0.0001040230722,-2.876213977e-06,9.587379924e-07,-0,-4.314320966e-06,-0.3406826016,-0.0001040230722,0,0,0,0,0,0
9.09,1,1,5.320995858e-05,3.73907817e-05,-1.677791487e-06,6.807039746e-05,-0.04672841038,-4.458131665e-05,0,0,0,0,0,0,-0.04781667259,0.0004932975985,0.005477026615,0.001088262203,0.01433689076,0.1047384735,13.07823465,0,-0.216831894,-0.1047384735,0.04779885846,0.1875012214,1.04672841,0.001419735492,-16.75815577,-0.1875012214,-0.001419735492,-16.89927786,-16.89927786,0.02474144233,-0.3379855573,-1.917475985e-06,9.587379924e-07,4.793689962e-07,-3.83495197e-06,-0.3379855573,-0.0001059405482,-1.917475985e-06,9.587379924e-07,4.793689962e-07,-3.83495197e-06,-0.3379855573,-0.0001059405482,0,0,0,0,0,0
9.1,1,1,5.225122059e-05,3.76304662e-05,-2.157160483e-06,6.807039746e-05,-0.04673104691,-4.482100115e-05,0,0,0,0,0,0,-0.04781146578,0.0005480608523,0.00547559914,0.00108041887,0.01423330539,0.103918971,13.07868833,0,-0.2168618027,-0.103918971,0.054229247,0.1861529651,1.046731047,0.001407396134,-16.62703535,-0.1861529651,-0.001407396134,-16.76036647,-16.76036647,0.02471969258,-0.3352073293,-0,4.793689962e-07,1.438106989e-06,-3.83495197e-06,-0.3352073293,-0.0001054611792,-0,4.793689962e-07,1.438106989e-06,-3.83495197e-06,-0.3352073293,-0.0001054611792,0,0,0,0,0,0
9.11,1,1,5.273058958e-05,3.691141271e-05,-2.157160483e-06,6.807039746e-05,-0.04673248502,-4.530037014e-05,0,0,0,0,0,0,-0.04780571142,0.0006028090809,0.005474021548,0.0010732264,0.01413813178,0.1031629212,13.07893582,0,-0.2168781165,-0.1031629212,0.05814791214,0.1849117182,1.046732485,0.001395930115,-16.50606739,-0.1849117182,-0.001395930115,-16.63422712,-16.63422712,0.0246979172,-0.3326845424,-9.587379924e-07,1.917475985e-06,1.438106989e-06,-3.83495197e-06,-0.3326845424,-0.0001045024412,-9.587379924e-07,1.917475985e-06,1.438106989e-06,-3.83495197e-06,-0.3326845424,-0.0001045024412,0,0,0,0,0,0
9.12,1,1,5.249090509e-05,3.715109721e-05,-2.157160483e-06,6.711165947e-05,-0.04673536123,-4.577973914e-05,0,0,0,0,0,-0.001047197551,-0.04779940965,0.0006575407831,0.005472293884,0.001064048422,0.01401689095,0.1022136649,13.07943088,0,-0.216910744,-0.1022136649,0.06494500525,0.1833329563,1.046735361,0.00138187243,-16.35418639,-0.1833329563,-0.00138187243,-16.47395621,-16.47395621,0.02467611586,-0.3294791242,-4.793689962e-07,1.438106989e-06,1.438106989e-06,-1.917475985e-06,-0.3294791242,1.176051937e-06,-4.793689962e-07,1.438106989e-06,1.438106989e-06,-1.917475985e-06,-0.3294791242,1.176051937e-06,0,0,0,0,0,0
9.13,1,1,5.201153609e-05,3.73907817e-05,-2.157160483e-06,6.807039746e-05,-0.04673727871,-4.458131665e-05,0,0,0,0,0,0,-0.04779256066,0.0007122544585,0.005470416194,0.001055281954,0.0139009356,0.1013045845,13.07976098,0,-0.2169324956,-0.1013045845,0.06973352011,0.181820915,1.046737279,0.00136837572,-16.20873352,-0.181820915,-0.00136837572,-16.32218929,-16.32218929,0.02465428391,-0.3264437858,4.793689962e-07,9.587379924e-07,1.438106989e-06,-3.83495197e-06,-0.3264437858,-0.0001059405482,4.793689962e-07,9.587379924e-07,1.438106989e-06,-3.83495197e-06,-0.3264437858,-0.0001059405482,0,0,0,0,0,0
9.14,1,1,5.297027408e-05,3.78701507e-05,-1.917475985e-06,6.807039746e-05,-0.04673991524,-4.601942364e-05,0,0,0,0,0,0,-0.04778516463,0.000766948607,0.00546838853,0.001045249393,0.01376832561,0.1002724018,13.08021492,0,-0.2169624039,-0.1002724018,0.07598557317,0.1800926582,1.046739915,0.001353239225,-16.04358428,-0.1800926582,-0.001353239225,-16.14904461,-16.14904461,0.02463241594,-0.3229808922,-1.438106989e-06,-0,9.587379924e-07,-3.83495197e-06,-0.3229808922,-0.0001030643342,-1.438106989e-06,-0,9.587379924e-07,-3.83495197e-06,-0.3229808922,-0.0001030643342,0,0,0,0,0,0
9.15,1,1,5.273058958e-05,3.76304662e-05,-2.636529479e-06,6.735134397e-05,-0.04674087398,-4.554005464e-05,0,0,0,0,0,0,-0.04777722176,0.0008216217293,0.005466210947,0.001036347785,0.01365041708,0.09935041862,13.08038001,0,-0.2169732796,-0.09935041862,0.07899683011,0.1785526428,1.046740874,0.001339607371,-15.89606698,-0.1785526428,-0.001339607371,-15.9969624,-15.9969624,0.02461052034,-0.319939248,-9.587379924e-07,4.793689962e-07,2.396844981e-06,-2.396844981e-06,-0.319939248,-0.0001040230722,-9.587379924e-07,4.793689962e-07,2.396844981e-06,-2.396844981e-06,-0.319939248,-0.0001040230722,0,0,0,0,0,0
9.16,1,1,5.201153609e-05,3.715109721e-05,-1.677791487e-06,6.687197497e-05,-0.04674111366,-4.506068564e-05,0,0,0,0,0,0,-0.04776873227,0.0008762723264,0.005463883505,0.001027618611,0.01353467549,0.09844533587,13.08042129,0,-0.2169759985,-0.09844533587,0.08119088204,0.1770392574,1.046741114,0.001326221971,-15.75125374,-0.1770392574,-0.001326221971,-15.84842834,-15.84842834,0.02458859768,-0.3169685667,4.793689962e-07,1.438106989e-06,4.793689962e-07,-1.438106989e-06,-0.3169685667,-0.0001049818102,4.793689962e-07,1.438106989e-06,4.793689962e-07,-1.438106989e-06,-0.3169685667,-0.0001049818102,0,0,0,0,0,0
9.17,1,1,5.320995858e-05,3.715109721e-05,-1.917475985e-06,6.711165947e-05,-0.04674111366,-4.577973914e-05,0,0,0,0,0,0,-0.04775969639,0.0009308989001,0.005461406268,0.001018582734,0.01341483625,0.09751053756,13.08042129,0,-0.2169759985,-0.09751053756,0.08349446776,0.1754717096,1.046741114,0.001312456235,-15.60168601,-0.1754717096,-0.001312456235,-15.69497571,-15.69497571,0.02456664684,-0.3138995142,-1.917475985e-06,1.438106989e-06,9.587379924e-07,-1.917475985e-06,-0.3138995142,-0.0001035437032,-1.917475985e-06,1.438106989e-06,9.587379924e-07,-1.917475985e-06,-0.3138995142,-0.0001035437032,0,0,0,0,0,0
9.18,1,1,5.201153609e-05,3.78701507e-05,-1.917475985e-06,6.711165947e-05,-0.04674159303,-4.530037014e-05,0,0,0,0,0,0,-0.04775011438,0.0009854999527,0.005458779304,0.001008521349,0.01328149981,0.09647611889,13.08050384,0,-0.2169814363,-0.09647611889,0.08721277702,0.1737287093,1.046741593,0.001297372911,-15.43617902,-0.1737287093,-0.001297372911,-15.52399233,-15.52399233,0.02454466527,-0.3104798465,4.793689962e-07,-0,9.587379924e-07,-1.917475985e-06,-0.3104798465,-0.0001045024412,4.793689962e-07,-0,9.587379924e-07,-1.917475985e-06,-0.3104798465,-0.0001045024412,0,0,0,0,0,0
9.19,1,1,5.225122059e-05,3.78701507e-05,-1.677791487e-06,6.687197497e-05,-0.04674087398,-4.482100115e-05,0,0,0,0,0,0,-0.04773998649,0.001040073987,0.005456002685,0.0009991125095,0.01315661882,0.09550532559,13.08038001,0,-0.2169732796,-0.09550532559,0.08900222676,0.1720935739,1.046740874,0.00128316468,-15.28085209,-0.1720935739,-0.00128316468,-15.36522661,-15.36522661,0.0245226517,-0.3073045321,-0,-0,4.793689962e-07,-1.438106989e-06,-0.3073045321,-0.0001054611792,-0,-0,4.793689962e-07,-1.438106989e-06,-0.3073045321,-0.0001054611792,0,0,0,0,0,0
9.2,1,1,5.320995858e-05,3.81098352e-05,-2.157160483e-06,6.783071296e-05,-0.04674279145,-4.530037014e-05,0,0,0,0,0,0,-0.04772931299,0.001094619508,0.005453076486,0.0009865215416,0.01299003691,0.09422524013,13.08071023,0,-0.2169950309,-0.09422524013,0.09617319591,0.1699189087,1.046742791,0.001264832678,-15.07603842,-0.1699189087,-0.001264832678,-15.15104897,-15.15104897,0.02450060125,-0.3030209793,-1.917475985e-06,-4.793689962e-07,1.438106989e-06,-3.355582973e-06,-0.3030209793,-0.0001045024412,-1.917475985e-06,-4.793689962e-07,1.438106989e-06,-3.355582973e-06,-0.3030209793,-0.0001045024412,0,0,0,0,0,0
9.21,1,1,5.320995858e-05,3.85892042e-05,-1.917475985e-06,6.663229047e-05,-0.04674375019,-4.554005464e-05,0,0,0,0,0,0,-0.0477180942,0.001149135019,0.005450000789,0.0009743440054,0.01282878891,0.09298559307,13.08087535,0,-0.2170059065,-0.09298559307,0.1012642828,0.1678117886,1.04674375,0.001247069302,-14.87769489,-0.1678117886,-0.001247069302,-14.94548947,-14.94548947,0.02447850761,-0.2989097893,-1.917475985e-06,-1.438106989e-06,9.587379924e-07,-9.587379924e-07,-0.2989097893,-0.0001040230722,-1.917475985e-06,-1.438106989e-06,9.587379924e-07,-9.587379924e-07,-0.2989097893,-0.0001040230722,0,0,0,0,0,0
9.22,1,1,5.249090509e-05,3.715109721e-05,-1.917475985e-06,6.807039746e-05,-0.04674398987,-4.530037014e-05,0,0,0,0,0,0,-0.0477063304,0.001203619026,0.005446775677,0.0009623405238,0.01266974743,0.09176309753,13.08091663,0,-0.2170086255,-0.09176309753,0.1049829429,0.1657319099,1.04674399,0.001229561863,-14.68209561,-0.1657319099,-0.001229561863,-14.74407413,-14.74407413,0.02445637174,-0.2948814827,-4.793689962e-07,1.438106989e-06,9.587379924e-07,-3.83495197e-06,-0.2948814827,-0.0001045024412,-4.793689962e-07,1.438106989e-06,9.587379924e-07,-3.83495197e-06,-0.2948814827,-0.0001045024412,0,0,0,0,0,0
9.23,1,1,5.153216709e-05,3.81098352e-05,-1.917475985e-06,6.831008196e-05,-0.04674398987,-4.482100115e-05,0,0,0,0,0,0,-0.04769402192,0.001258070035,0.00544340124,0.0009500320504,0.01250664977,0.09051118827,13.08091663,0,-0.2170086255,-0.09051118827,0.1087057584,0.163598443,1.04674399,0.001211687842,-14.48179012,-0.163598443,-0.001211687842,-14.5378945,-14.5378945,0.02443419775,-0.2907578899,1.438106989e-06,-4.793689962e-07,9.587379924e-07,-4.314320966e-06,-0.2907578899,-0.0001054611792,1.438106989e-06,-4.793689962e-07,9.587379924e-07,-4.314320966e-06,-0.2907578899,-0.0001054611792,0,0,0,0,0,0
9.24,1,1,5.08131136e-05,3.81098352e-05,-2.396844981e-06,6.735134397e-05,-0.04674327082,-4.530037014e-05,0,0,0,0,0,0,-0.04768116911,0.001312486553,0.005439877568,0.0009378982915,0.01234577462,0.08927649857,13.08079279,0,-0.2170004687,-0.08927649857,0.1114719001,0.1614925196,1.046743271,0.001194070994,-14.28423977,-0.1614925196,-0.001194070994,-14.33545446,-14.33545446,0.02441198489,-0.2867090892,2.876213977e-06,-4.793689962e-07,1.917475985e-06,-2.396844981e-06,-0.2867090892,-0.0001045024412,2.876213977e-06,-4.793689962e-07,1.917475985e-06,-2.396844981e-06,-0.2867090892,-0.0001045024412,0,0,0,0,0,0
9.25,1,1,5.249090509e-05,3.76304662e-05,-1.917475985e-06,6.735134397e-05,-0.04674279145,-4.530037014e-05,0,0,0,0,0,0,-0.04766777231,0.001366867089,0.00543620476,0.0009249808617,0.01217458929,0.08796590695,13.08071023,0,-0.2169950309,-0.08796590695,0.1151078694,0.1592522747,1.046742791,0.001175468585,-14.07454511,-0.1592522747,-0.001175468585,-14.11986499,-14.11986499,0.02438973171,-0.2823972997,-4.793689962e-07,4.793689962e-07,9.587379924e-07,-2.396844981e-06,-0.2823972997,-0.0001045024412,-4.793689962e-07,4.793689962e-07,9.587379924e-07,-2.396844981e-06,-0.2823972997,-0.0001045024412,0,0,0,0,0,0
9.26,1,1,5.201153609e-05,3.78701507e-05,-1.438106989e-06,6.735134397e-05,-0.04674303114,-4.554005464e-05,0,0,0,0,0,0,-0.0476538319,0.001421210151,0.005432382915,0.0009108007592,0.0119868322,0.08653292662,13.08075151,0,-0.2169977498,-0.08653292662,0.1202697737,0.1567967734,1.046743031,0.001155263693,-13.84526826,-0.1567967734,-0.001155263693,-13.88295052,-13.88295052,0.02436743385,-0.2776590105,4.793689962e-07,-0,-0,-2.396844981e-06,-0.2776590105,-0.0001040230722,4.793689962e-07,-0,-0,-2.396844981e-06,-0.2776590105,-0.0001040230722,0,0,0,0,0,0
9.27,1,1,5.297027408e-05,3.73907817e-05,-1.438106989e-06,6.687197497e-05,-0.04674255177,-4.458131665e-05,0,0,0,0,0,0,-0.04763934824,0.001475514251,0.005428412139,0.0008967964731,0.01180132402,0.08511733745,13.08066895,0,-0.216992312,-0.08511733745,0.1241696347,0.1543692126,1.046742552,0.001135322084,-13.61877399,-0.1543692126,-0.001135322084,-13.65010889,-13.65010889,0.02434509095,-0.2730021779,-1.438106989e-06,9.587379924e-07,-0,-1.438106989e-06,-0.2730021779,-0.0001059405482,-1.438106989e-06,9.587379924e-07,-0,-1.438106989e-06,-0.2730021779,-0.0001059405482,0,0,0,0,0,0
9.28,1,1,5.249090509e-05,3.691141271e-05,-1.917475985e-06,6.663229047e-05,-0.04674255177,-4.434163215e-05,0,0,0,0,0,0,-0.04762432175,0.001529777898,0.00542429254,0.000881769978,0.01160239805,0.08360280223,13.08066895,0,-0.216992312,-0.08360280223,0.1290649789,0.1517671279,1.046742552,0.001114095462,-13.37644836,-0.1517671279,-0.001114095462,-13.4002646,-13.4002646,0.02432270065,-0.268005292,-4.793689962e-07,1.917475985e-06,9.587379924e-07,-9.587379924e-07,-0.268005292,-0.0001064199172,-4.793689962e-07,1.917475985e-06,9.587379924e-07,-9.587379924e-07,-0.268005292,-0.0001064199172,0,0,0,0,0,0
9.29,1,1,5.201153609e-05,3.715109721e-05,-2.396844981e-06,6.687197497e-05,-0.04674303114,-4.434163215e-05,-0.001047197551,0,0,0,0,0,-0.04760875282,0.001583999606,0.005420024231,0.0008657216859,0.01139006419,0.08198942474,13.08075151,0,-0.2169977498,-0.08198942474,0.1349613124,0.1489905992,1.046743031,0.001091588869,-13.11830796,-0.1489905992,-0.001091588869,-13.13342883,-13.13342883,0.02430026208,-0.2626685767,0.0001051991241,1.438106989e-06,1.917475985e-06,-1.438106989e-06,-0.2626685767,-0.0001064199172,0.0001051991241,1.438106989e-06,1.917475985e-06,-1.438106989e-06,-0.2626685767,-0.0001064199172,0,0,0,0,0,0
9.3,1,1,5.225122059e-05,3.81098352e-05,-1.198422491e-06,6.663229047e-05,-0.0467420724,-4.530037014e-05,0,0,0,0,0,0,-0.0475926419,0.001638177887,0.00541560733,0.0008505694996,0.01118941454,0.08046342088,13.08058639,0,-0.2169868742,-0.08046342088,0.1381903776,0.1463641036,1.046742072,0.00107027925,-12.87414734,-0.1463641036,-0.00107027925,-12.88339135,-12.88339135,0.02427778095,-0.2576678269,-0,-4.793689962e-07,-4.793689962e-07,-9.587379924e-07,-0.2576678269,-0.0001045024412,-0,-4.793689962e-07,-4.793689962e-07,-9.587379924e-07,-0.2576678269,-0.0001045024412,0,0,0,0,0,0
9.31,1,1,5.249090509e-05,3.83495197e-05,-1.917475985e-06,6.759102847e-05,-0.04674183271,-4.506068564e-05,0,0,0,0,0,0,-0.04757598941,0.001692311257,0.005411041957,0.0008341567004,0.01097224254,0.07881545327,13.08054511,0,-0.2169841552,-0.07881545327,0.1430342692,0.1435229135,1.046741833,0.001047385668,-12.61047252,-0.1435229135,-0.001047385668,-12.61200855,-12.61200855,0.02425524681,-0.2522401711,-4.793689962e-07,-9.587379924e-07,9.587379924e-07,-2.876213977e-06,-0.2522401711,-0.0001049818102,-4.793689962e-07,-9.587379924e-07,9.587379924e-07,-2.876213977e-06,-0.2522401711,-0.0001049818102,0,0,0,0,0,0
9.32,1,1,5.297027408e-05,3.85892042e-05,-1.917475985e-06,6.735134397e-05,-0.0467420724,-4.577973914e-05,0,0,0,0,0,0,-0.04755879583,0.001746398232,0.005406328237,0.0008167234291,0.01074169439,0.07706890377,13.08058639,0,-0.2169868742,-0.07706890377,0.1489524877,0.1405076615,1.046742072,0.001023222818,-12.3310246,-0.1405076615,-0.001023222818,-12.323603,-12.323603,0.02423266362,-0.24647206,-1.438106989e-06,-1.438106989e-06,9.587379924e-07,-2.396844981e-06,-0.24647206,-0.0001035437032,-1.438106989e-06,-1.438106989e-06,9.587379924e-07,-2.396844981e-06,-0.24647206,-0.0001035437032,0,0,0,0,0,0
9.33,1,1,5.344964308e-05,3.83495197e-05,-1.438106989e-06,6.711165947e-05,-0.04674135334,-4.649879263e-05,0,0,0,0,0,0,-0.04754106161,0.001800437328,0.005401466301,0.0007997082643,0.01051659257,0.07536337489,13.08046256,0,-0.2169787174,-0.07536337489,0.1529301982,0.1375618953,1.046741353,0.0009996433009,-12.05813998,-0.1375618953,-0.0009996433009,-12.04377132,-12.04377132,0.02421002913,-0.2408754264,-2.396844981e-06,-9.587379924e-07,-0,-1.917475985e-06,-0.2408754264,-0.0001021055962,-2.396844981e-06,-9.587379924e-07,-0,-1.917475985e-06,-0.2408754264,-0.0001021055962,0,0,0,0,0,0
9.34,1,1,5.225122059e-05,3.85892042e-05,-2.157160483e-06,6.735134397e-05,-0.04674159303,-4.506068564e-05,0,0,0,0,0,0,-0.04752278725,0.001854427064,0.00539645628,0.0007811942161,0.01027186705,0.0735129523,13.08050384,0,-0.2169814363,-0.0735129523,0.1588165791,0.1343611964,1.046741593,0.0009741857629,-11.76207237,-0.1343611964,-0.0009741857629,-11.73859117,-11.73859117,0.02418734353,-0.2347718234,-0,-1.438106989e-06,1.438106989e-06,-2.396844981e-06,-0.2347718234,-0.0001049818102,-0,-1.438106989e-06,1.438106989e-06,-2.396844981e-06,-0.2347718234,-0.0001049818102,0,0,0,0,0,0
9.35,1,1,5.177185159e-05,3.85892042e-05,-1.677791487e-06,6.783071296e-05,-0.04674087398,-4.458131665e-05,0,0,0,0,0,0,-0.04750397324,0.001908365961,0.005391298313,0.0007630992615,0.01003261128,0.07170368205,13.08038001,0,-0.2169732796,-0.07170368205,0.1628966611,0.1312303681,1.046740874,0.0009493152815,-11.47258913,-0.1312303681,-0.0009493152815,-11.44187215,-11.44187215,0.02416460737,-0.228837443,9.587379924e-07,-1.438106989e-06,4.793689962e-07,-3.355582973e-06,-0.228837443,-0.0001059405482,9.587379924e-07,-1.438106989e-06,4.793689962e-07,-3.355582973e-06,-0.228837443,-0.0001059405482,0,0,0,0,0,0
9.36,1,1,5.153216709e-05,3.81098352e-05,-2.157160483e-06,6.735134397e-05,-0.04674039461,-4.554005464e-05,0,0,0,-0.001047197551,0,0,-0.0474846201,0.001962252538,0.005385992541,0.0007442254938,0.009783161552,0.06981943556,13.08029747,0,-0.2169678417,-0.06981943556,0.1675140673,0.1279666633,1.046740395,0.0009234967076,-11.17110969,-0.1279666633,-0.0009234967076,-11.13248578,-11.13248578,0.02414182044,-0.2226497156,1.438106989e-06,-4.793689962e-07,1.438106989e-06,0.0001023229101,-0.2226497156,-0.0001040230722,1.438106989e-06,-4.793689962e-07,1.438106989e-06,0.0001023229101,-0.2226497156,-0.0001040230722,0,0,0,0,0,0
9.37,1,1,5.129248259e-05,3.715109721e-05,-2.396844981e-06,6.687197497e-05,-0.04674039461,-4.506068564e-05,0,0,0,0,0,0,-0.04746472837,0.002016085319,0.005380539109,0.0007243337591,0.009520395366,0.0678371008,13.08029747,0,-0.2169678417,-0.0678371008,0.1730948209,0.1245296034,1.046740395,0.0008964279616,-10.85393613,-0.1245296034,-0.0008964279616,-10.80626734,-10.80626734,0.02411898242,-0.2161253468,1.917475985e-06,1.438106989e-06,1.917475985e-06,-1.438106989e-06,-0.2161253468,-0.0001049818102,1.917475985e-06,1.438106989e-06,1.917475985e-06,-1.438106989e-06,-0.2161253468,-0.0001049818102,0,0,0,0,0,0
9.38,1,1,5.153216709e-05,3.73907817e-05,-2.636529479e-06,6.735134397e-05,-0.04673943587,-4.410194765e-05,0,0,0,0,0,0,-0.04744429858,0.002069862828,0.005374938166,0.0007048627096,0.009263136447,0.06589611709,13.08013238,0,-0.216956966,-0.06589611709,0.1770123125,0.121163051,1.046739436,0.000869951357,-10.54337873,-0.121163051,-0.000869951357,-10.48839942,-10.48839942,0.02409609574,-0.2097679885,1.438106989e-06,9.587379924e-07,2.396844981e-06,-2.396844981e-06,-0.2097679885,-0.0001068992862,1.438106989e-06,9.587379924e-07,2.396844981e-06,-2.396844981e-06,-0.2097679885,-0.0001068992862,0,0,0,0,0,0
9.39,1,1,5.320995858e-05,3.76304662e-05,-2.396844981e-06,6.735134397e-05,-0.04673967555,-4.434163215e-05,0,0,0,0,0,0,-0.0474233313,0.002123583591,0.005369189867,0.0006836557451,0.008983181929,0.06378760692,13.08017365,0,-0.2169596849,-0.06378760692,0.1832162565,0.1175015796,1.046739676,0.0008413141133,-10.20601711,-0.1175015796,-0.0008413141133,-10.14114374,-10.14114374,0.02407315809,-0.2028228749,-1.917475985e-06,4.793689962e-07,1.917475985e-06,-2.396844981e-06,-0.2028228749,-0.0001064199172,-1.917475985e-06,4.793689962e-07,1.917475985e-06,-2.396844981e-06,-0.2028228749,-0.0001064199172,0,0,0,0,0,0
9.4,1,1,5.392901207e-05,3.81098352e-05,-2.636529479e-06,6.711165947e-05,-0.04673943587,-4.482100115e-05,0,0,0,0,0,0,-0.0474018271,0.002177246135,0.00536329437,0.0006623912319,0.00870249121,0.061674201,13.08013238,0,-0.216956966,-0.061674201,0.1884701856,0.1138297371,1.046739436,0.0008126628769,-9.86787216,-0.1138297371,-0.0008126628769,-9.794044375,-9.794044375,0.02405017063,-0.1958808875,-3.355582973e-06,-4.793689962e-07,2.396844981e-06,-1.917475985e-06,-0.1958808875,-0.0001054611792,-3.355582973e-06,-4.793689962e-07,2.396844981e-06,-1.917475985e-06,-0.1958808875,-0.0001054611792,0,0,0,0,0,0
9.41,1,1,5.368932758e-05,3.73907817e-05,-2.157160483e-06,6.711165947e-05,-0.04673775808,-4.530037014e-05,0,0,0,0,0,0,-0.04737978657,0.002230848989,0.005357251834,0.0006420284974,0.008433618348,0.0596487543,13.07984351,0,-0.2169379335,-0.0596487543,0.1911021851,0.1103104082,1.046737758,0.0007852190757,-9.543800689,-0.1103104082,-0.0007852190757,-9.463794131,-9.463794131,0.02402713608,-0.1892758826,-2.876213977e-06,9.587379924e-07,1.438106989e-06,-1.917475985e-06,-0.1892758826,-0.0001045024412,-2.876213977e-06,9.587379924e-07,1.438106989e-06,-1.917475985e-06,-0.1892758826,-0.0001045024412,0,0,0,0,0,0
9.42,1,1,5.273058958e-05,3.76304662e-05,-2.157160483e-06,6.663229047e-05,-0.04673727871,-4.482100115e-05,0,0,0,0,0,0,-0.04735721032,0.002284390682,0.005351062427,0.0006199316165,0.008142091734,0.05745614989,13.07976098,0,-0.2169324956,-0.05745614989,0.1962291812,0.1064966137,1.046737279,0.0007556284729,-9.192983982,-0.1064966137,-0.0007556284729,-9.104007043,-9.104007043,0.02400405486,-0.1820801409,-9.587379924e-07,4.793689962e-07,1.438106989e-06,-9.587379924e-07,-0.1820801409,-0.0001054611792,-9.587379924e-07,4.793689962e-07,1.438106989e-06,-9.587379924e-07,-0.1820801409,-0.0001054611792,0,0,0,0,0,0
9.43,1,1,5.344964308e-05,3.715109721e-05,-2.396844981e-06,6.711165947e-05,-0.04673727871,-4.482100115e-05,0,-0.001047197551,0,0,0,0,-0.04733409897,0.002337869748,0.005344726318,0.0005968202615,0.007837331294,0.05516615068,13.07976098,0,-0.2169324956,-0.05516615068,0.2022390305,0.10251042,1.046737279,0.0007248129572,-8.826584108,-0.10251042,-0.0007248129572,-8.727580311,-8.727580311,0.02398092649,-0.1745516062,-2.396844981e-06,0.0001061578621,1.917475985e-06,-1.917475985e-06,-0.1745516062,-0.0001054611792,-2.396844981e-06,0.0001061578621,1.917475985e-06,-1.917475985e-06,-0.1745516062,-0.0001054611792,0,0,0,0,0,0
9.44,1,1,5.320995858e-05,3.73907817e-05,-1.917475985e-06,6.687197497e-05,-0.04673631997,-4.386226315e-05,0,0,0,0,0,0,-0.04731045314,0.00239128472,0.00533824368,0.0005741331731,0.007538161918,0.05291797009,13.07959593,0,-0.2169216198,-0.05291797009,0.2062800545,0.0985961119,1.04673632,0.0006946017539,-8.466875215,-0.0985961119,-0.0006946017539,-8.359885874,-8.359885874,0.02395775207,-0.1671977175,-1.917475985e-06,9.587379924e-07,9.587379924e-07,-1.438106989e-06,-0.1671977175,-0.0001073786552,-1.917475985e-06,9.587379924e-07,9.587379924e-07,-1.438106989e-06,-0.1671977175,-0.0001073786552,0,0,0,0,0,0
9.45,1,1,5.297027408e-05,3.76304662e-05,-1.917475985e-06,6.783071296e-05,-0.0467358406,-4.434163215e-05,0,0,0,0,0,0,-0.04728627349,0.002444634134,0.005331614692,0.0005504328926,0.007225788739,0.05057261798,13.0795134,0,-0.2169161819,-0.05057261798,0.2114324853,0.09450980066,1.046735841,0.0006631729173,-8.091618876,-0.09450980066,-0.0006631729173,-7.975359364,-7.975359364,0.02393453484,-0.1595071873,-1.438106989e-06,4.793689962e-07,9.587379924e-07,-3.355582973e-06,-0.1595071873,-0.0001064199172,-1.438106989e-06,4.793689962e-07,9.587379924e-07,-3.355582973e-06,-0.1595071873,-0.0001064199172,0,0,0,0,0,0
9.46,1,1,5.344964308e-05,3.76304662e-05,-2.396844981e-06,6.759102847e-05,-0.04673536123,-4.506068564e-05,0,0,0,0,0,0,-0.04726156068,0.002497916527,0.005324839535,0.0005261994518,0.006906497252,0.04817657705,13.07943088,0,-0.216910744,-0.04817657705,0.2166183716,0.09033305346,1.046735361,0.0006311386251,-7.708252328,-0.09033305346,-0.0006311386251,-7.582598148,-7.582598148,0.02391127566,-0.151651963,-2.396844981e-06,4.793689962e-07,1.917475985e-06,-2.876213977e-06,-0.151651963,-0.0001049818102,-2.396844981e-06,4.793689962e-07,1.917475985e-06,-2.876213977e-06,-0.151651963,-0.0001049818102,0,0,0,0,0,0
9.47,1,1,5.201153609e-05,3.78701507e-05,-2.157160483e-06,6.807039746e-05,-0.04673488186,-4.458131665e-05,0,0,0,0,0,0,-0.04723631539,0.002551130438,0.005317918395,0.0005014335283,0.006580303252,0.04572996464,13.07934837,0,-0.2169053061,-0.04572996464,0.2218422345,0.0860660786,1.046734882,0.0005985025637,-7.316794343,-0.0860660786,-0.0005985025637,-7.18161669,-7.18161669,0.02388797637,-0.1436323338,4.793689962e-07,-0,1.438106989e-06,-3.83495197e-06,-0.1436323338,-0.0001059405482,4.793689962e-07,-0,1.438106989e-06,-3.83495197e-06,-0.1436323338,-0.0001059405482,0,0,0,0,0,0
9.48,1,1,5.273058958e-05,3.78701507e-05,-1.677791487e-06,6.831008196e-05,-0.04673392313,-4.458131665e-05,0,0,0,0,0,0,-0.04721053831,0.002604274409,0.005310851461,0.0004766151832,0.006253492617,0.04327919267,13.07918334,0,-0.2168944303,-0.04327919267,0.2260550584,0.08179057646,1.046733923,0.0005658731775,-6.924670827,-0.08179057646,-0.0005658731775,-6.780972218,-6.780972218,0.02386463834,-0.1356194444,-9.587379924e-07,-0,4.793689962e-07,-4.314320966e-06,-0.1356194444,-0.0001059405482,-9.587379924e-07,-0,4.793689962e-07,-4.314320966e-06,-0.1356194444,-0.0001059405482,0,0,0,0,0,0
9.49,1,1,5.273058958e-05,3.76304662e-05,-2.636529479e-06,6.711165947e-05,-0.04673296439,-4.482100115e-05,0,-0.001047197551,0,0,0,0,-0.04718423014,0.002657346982,0.005303638928,0.0004512657541,0.005919811862,0.04077805876,13.07901833,0,-0.2168835545,-0.04077805876,0.2304998598,0.07742532784,1.046732964,0.0005326479526,-6.524489401,-0.07742532784,-0.0005326479526,-6.371947517,-6.371947517,0.02384126558,-0.1274389503,-9.587379924e-07,0.0001051991241,2.396844981e-06,-1.917475985e-06,-0.1274389503,-0.0001054611792,-9.587379924e-07,0.0001051991241,2.396844981e-06,-1.917475985e-06,-0.1274389503,-0.0001054611792,0,0,0,0,0,0
9.5,1,1,5.225122059e-05,3.691141271e-05,-1.917475985e-06,6.735134397e-05,-0.04673032786,-4.554005464e-05,0,0,0,0,0,0,-0.04715739161,0.002710346703,0.005296280992,0.0004270637539,0.005601221049,0.03838859971,13.07856459,0,-0.2168536458,-0.03838859971,0.2320936465,0.07325593126,1.046730328,0.0005009418995,-6.142175953,-0.07325593126,-0.0005009418995,-5.98383918,-5.98383918,0.02381786188,-0.1196767836,-0,1.917475985e-06,9.587379924e-07,-2.396844981e-06,-0.1196767836,-0.0001040230722,-0,1.917475985e-06,9.587379924e-07,-2.396844981e-06,-0.1196767836,-0.0001040230722,0,0,0,0,0,0
9.51,1,1,5.201153609e-05,3.667172821e-05,-2.396844981e-06,6.687197497e-05,-0.04673032786,-4.482100115e-05,0,0,0,0,0,0,-0.04713002346,0.002763272118,0.005288777857,0.0003996955973,0.005241311382,0.03569456625,13.07856459,0,-0.2168536458,-0.03569456625,0.2389614102,0.06854882943,1.046730328,0.0004653286504,-5.7111306,-0.06854882943,-0.0004653286504,-5.541183348,-5.541183348,0.02379442805,-0.110823667,4.793689962e-07,2.396844981e-06,1.917475985e-06,-1.438106989e-06,-0.110823667,-0.0001054611792,4.793689962e-07,2.396844981e-06,1.917475985e-06,-1.438106989e-06,-0.110823667,-0.0001054611792,0,0,0,0,0,0
9.52,1,1,5.225122059e-05,3.667172821e-05,-1.917475985e-06,6.711165947e-05,-0.04672888975,-4.458131665e-05,0,0,0,0,0,0,-0.04710212642,0.002816121776,0.005281129727,0.000373236671,0.004893390993,0.03308929676,13.07831713,0,-0.2168373319,-0.03308929676,0.2428699956,0.06399731924,1.04672889,0.0004309388735,-5.294287482,-0.06399731924,-0.0004309388735,-5.115845744,-5.115845744,0.02377096568,-0.1023169149,-0,2.396844981e-06,9.587379924e-07,-1.917475985e-06,-0.1023169149,-0.0001059405482,-0,2.396844981e-06,9.587379924e-07,-1.917475985e-06,-0.1023169149,-0.0001059405482,0,0,0,0,0,0
9.53,1,1,5.344964308e-05,3.81098352e-05,-2.396844981e-06,6.783071296e-05,-0.0467281707,-4.482100115e-05,0,0,0,0,0,0,-0.04707370128,0.00286889423,0.005273336812,0.0003455305796,0.004529265064,0.03036481986,13.07819341,0,-0.216829175,-0.03036481986,0.2482607461,0.0592346045,1.046728171,0.0003950654174,-4.858371177,-0.0592346045,-0.0003950654174,-4.669740101,-4.669740101,0.02374747869,-0.09339480202,-2.396844981e-06,-4.793689962e-07,1.917475985e-06,-3.355582973e-06,-0.09339480202,-0.0001054611792,-2.396844981e-06,-4.793689962e-07,1.917475985e-06,-3.355582973e-06,-0.09339480202,-0.0001054611792,0,0,0,0,0,0
9.54,1,1,5.344964308e-05,3.667172821e-05,-1.677791487e-06,6.663229047e-05,-0.04672673259,-4.434163215e-05,0,0,0,0,0,0,-0.0470447488,0.002921588031,0.005265399326,0.0003180162091,0.004167759429,0.02765992542,13.07794598,0,-0.216812861,-0.02765992542,0.2523978871,0.05450573267,1.046726733,0.0003595158713,-4.425588067,-0.05450573267,-0.0003595158713,-4.228055428,-4.228055428,0.02372397069,-0.08456110856,-2.396844981e-06,2.396844981e-06,4.793689962e-07,-9.587379924e-07,-0.08456110856,-0.0001064199172,-2.396844981e-06,2.396844981e-06,4.793689962e-07,-9.587379924e-07,-0.08456110856,-0.0001064199172,0,0,0,0,0,0
9.55,1,1,5.320995858e-05,3.715109721e-05,-2.876213977e-06,6.759102847e-05,-0.04672625322,-4.506068564e-05,0,0,0,0,0,0,-0.04701526978,0.002974201735,0.005257317486,0.0002890165619,0.003786950064,0.0248130522,13.07786351,0,-0.216807423,-0.0248130522,0.2583103735,0.04952521606,1.046726253,0.0003221929495,-3.970088352,-0.04952521606,-0.0003221929495,-3.761625387,-3.761625387,0.02370044402,-0.07523250775,-1.917475985e-06,1.438106989e-06,2.876213977e-06,-2.876213977e-06,-0.07523250775,-0.0001049818102,-1.917475985e-06,1.438106989e-06,2.876213977e-06,-2.876213977e-06,-0.07523250775,-0.0001049818102,0,0,0,0,0,0
9.56,1,1,5.225122059e-05,3.83495197e-05,-2.396844981e-06,6.831008196e-05,-0.04672481511,-4.625910813e-05,0,0,0,0,0,0,-0.04698526504,0.0030267339,0.005249091515,0.0002604499222,0.003411932021,0.02200907541,13.07761612,0,-0.216791109,-0.02200907541,0.2624019804,0.04461993719,1.046724815,0.0002854992184,-3.521452065,-0.04461993719,-0.0002854992184,-3.303955521,-3.303955521,0.02367690285,-0.06607911042,-0,-9.587379924e-07,1.917475985e-06,-4.314320966e-06,-0.06607911042,-0.0001025849652,-0,-9.587379924e-07,1.917475985e-06,-4.314320966e-06,-0.06607911042,-0.0001025849652,0,0,0,0,0,0
9.57,1,1,5.05734291e-05,3.78701507e-05,-2.157160483e-06,6.807039746e-05,-0.04672169922,-4.458131665e-05,0,0,0,0,0,0,-0.04695473538,0.003079183086,0.005240721636,0.000233036166,0.003052126526,0.01931723755,13.07708018,0,-0.2167557619,-0.01931723755,0.2638140122,0.03991290329,1.046721699,0.0002503303064,-3.090758009,-0.03991290329,-0.0002503303064,-2.86710723,-2.86710723,0.02365335267,-0.0573421446,3.355582973e-06,-0,1.438106989e-06,-3.83495197e-06,-0.0573421446,-0.0001059405482,3.355582973e-06,-0,1.438106989e-06,-3.83495197e-06,-0.0573421446,-0.0001059405482,0,0,0,0,0,0
9.58,1,1,5.273058958e-05,3.81098352e-05,-1.438106989e-06,6.735134397e-05,-0.04671906269,-4.506068564e-05,0,0,0,0,0,0,-0.04692368166,0.003131547854,0.005232208081,0.0002046189698,0.00267934195,0.01652993702,13.07662677,0,-0.2167258526,-0.01652993702,0.2663581704,0.03503675468,1.046719063,0.0002139955587,-2.644789924,-0.03503675468,-0.0002139955587,-2.413682503,-2.413682503,0.02362979727,-0.04827365007,-9.587379924e-07,-4.793689962e-07,-0,-2.396844981e-06,-0.04827365007,-0.0001049818102,-9.587379924e-07,-4.793689962e-07,-0,-2.396844981e-06,-0.04827365007,-0.0001049818102,0,0,0,0,0,0
9.59,1,1,5.320995858e-05,3.76304662e-05,-2.876213977e-06,6.735134397e-05,-0.04671762458,-4.386226315e-05,0,0,0,0,0,0,-0.04689210471,0.003183826769,0.005223551082,0.0001744801316,0.002284195709,0.01357820773,13.0763795,0,-0.2167095384,-0.01357820773,0.2714820836,0.02986900993,1.046717625,0.0001756069342,-2.172513237,-0.02986900993,-0.0001756069342,-1.931075771,-1.931075771,0.02360623877,-0.03862151541,-1.917475985e-06,4.793689962e-07,2.876213977e-06,-2.396844981e-06,-0.03862151541,-0.0001073786552,-1.917475985e-06,4.793689962e-07,2.876213977e-06,-2.396844981e-06,-0.03862151541,-0.0001073786552,0,0,0,0,0,0
9.6,1,1,5.344964308e-05,3.715109721e-05,-1.917475985e-06,6.687197497e-05,-0.04671666584,-4.458131665e-05,0,0.001047197551,0,0,0,0,-0.04686000541,0.003236018398,0.005214750877,0.0001433395704,0.001876110844,0.01053146099,13.07621466,0,-0.2166986622,-0.01053146099,0.2775306874,0.02453242813,1.046716666,0.0001360672097,-1.685033759,-0.02453242813,-0.0001360672097,-1.432171567,-1.432171567,0.02358268212,-0.02864343134,-2.396844981e-06,-0.0001032816481,9.587379924e-07,-1.438106989e-06,-0.02864343134,-0.0001059405482,-2.396844981e-06,-0.0001032816481,9.587379924e-07,-1.438106989e-06,-0.02864343134,-0.0001059405482,0,0,0,0,0,0
9.61,1,1,5.297027408e-05,3.715109721e-05,-2.157160483e-06,6.759102847e-05,-0.04671642616,-4.506068564e-05,0,0,0,0,0,0,-0.04682738464,0.00328812131,0.005205807707,0.0001109584818,0.001451973331,0.007366867711,13.07617345,0,-0.2166959432,-0.007366867711,0.2845840189,0.01898625512,1.046716426,9.508535504e-05,-1.178698834,-0.01898625512,-9.508535504e-05,-0.9131961554,-0.9131961554,0.02355913135,-0.01826392311,-1.438106989e-06,1.438106989e-06,1.438106989e-06,-2.876213977e-06,-0.01826392311,-0.0001049818102,-1.438106989e-06,1.438106989e-06,1.438106989e-06,-2.876213977e-06,-0.01826392311,-0.0001049818102,0,0,0,0,0,0
9.62,1,1,5.177185159e-05,3.81098352e-05,-2.636529479e-06,6.878945096e-05,-0.04671522773,-4.410194765e-05,0,0,0,0,0,0,-0.04679424329,0.003340134076,0.005196721817,7.901555166e-05,0.001033742404,0.004245827124,13.07596742,0,-0.2166823479,-0.004245827124,0.2895597486,0.013517182,1.046715228,5.47466993e-05,-0.6793323398,-0.013517182,-5.47466993e-05,-0.4033445199,-0.4033445199,0.02353559173,-0.008066890398,9.587379924e-07,-4.793689962e-07,2.396844981e-06,-5.273058958e-06,-0.008066890398,-0.0001068992862,9.587379924e-07,-4.793689962e-07,2.396844981e-06,-5.273058958e-06,-0.008066890398,-0.0001068992862,0,0,0,0,0,0
9.63,1,1,5.177185159e-05,3.73907817e-05,-1.917475985e-06,6.687197497e-05,-0.04671331026,-4.410194765e-05,0,0,0,0,0,0,-0.04676058226,0.003392055271,0.005187493456,4.7272004e-05,0.0006183038781,0.001145357584,13.07563781,0,-0.2166605955,-0.001145357584,0.2933682097,0.008084717565,1.04671331,1.475369724e-05,-0.1832572134,-0.008084717565,-1.475369724e-05,0.102011525,0.102011525,0.02351206872,0.0020402305,9.587379924e-07,9.587379924e-07,9.587379924e-07,-1.438106989e-06,0.0020402305,-0.0001068992862,9.587379924e-07,9.587379924e-07,9.587379924e-07,-1.438106989e-06,0.0020402305,-0.0001068992862,0,0,0,0,0,0
9.64,1,1,5.344964308e-05,3.882888869e-05,-2.396844981e-06,6.735134397e-05,-0.04671235152,-4.482100115e-05,0,0,0,0,0,0,-0.04672640249,0.003443883472,0.005178122878,1.405097019e-05,0.0001837400599,-0.002095502063,13.07547301,0,-0.2166497192,0.002095502063,0.2989923529,0.002402488195,1.046712352,-2.696576573e-05,0.3352803301,-0.002402488195,2.696576573e-05,0.6318971605,0.6318971605,0.02348856758,0.01263794321,-2.396844981e-06,-1.917475985e-06,1.917475985e-06,-2.396844981e-06,0.01263794321,-0.0001054611792,-2.396844981e-06,-1.917475985e-06,1.917475985e-06,-2.396844981e-06,0.01263794321,-0.0001054611792,0,0,0,0,0,0
9.65,1,1,5.297027408e-05,3.83495197e-05,-1.917475985e-06,6.687197497e-05,-0.04671163247,-4.482100115e-05,0,0,0,0,0,0,-0.04669170491,0.003495617256,0.005168610338,-1.992755922e-05,-0.0002605256982,-0.005407497522,13.07534943,0,-0.216641562,0.005407497522,0.3048264608,-0.003406464539,1.046711632,-6.951622033e-05,0.8651996034,0.003406464539,6.951622033e-05,1.173502045,1.173502045,0.02346509406,0.0234700409,-1.438106989e-06,-9.587379924e-07,9.587379924e-07,-1.438106989e-06,0.0234700409,-0.0001054611792,-1.438106989e-06,-9.587379924e-07,9.587379924e-07,-1.438106989e-06,0.0234700409,-0.0001054611792,0,0,0,0,0,0
9.66,1,1,5.368932758e-05,3.81098352e-05,-1.677791487e-06,6.759102847e-05,-0.04670971499,-4.482100115e-05,0,0,0,0,0,0,-0.04665649047,0.003547255206,0.005158956099,-5.3224526e-05,-0.0006956686329,-0.00865254766,13.07501989,0,-0.2166198094,0.00865254766,0.308549861,-0.009095881213,1.046709715,-0.0001111215156,1.384407626,0.009095881213,0.0001111215156,1.702164489,1.702164489,0.0234416538,0.03404328978,-2.876213977e-06,-4.793689962e-07,4.793689962e-07,-2.876213977e-06,0.03404328978,-0.0001054611792,-2.876213977e-06,-4.793689962e-07,4.793689962e-07,-2.876213977e-06,0.03404328978,-0.0001054611792,0,0,0,0,0,0
9.67,1,1,5.249090509e-05,3.76304662e-05,-1.917475985e-06,6.711165947e-05,-0.04670731815,-4.386226315e-05,0,0,0,0,0,0,-0.04662076013,0.003598795906,0.005149160424,-8.655801821e-05,-0.001131069751,-0.01189956676,13.07460803,0,-0.2165926185,0.01189956676,0.311636275,-0.01478829365,1.046707318,-0.0001526685289,1.903930682,0.01478829365,0.0001526685289,2.23050792,2.23050792,0.02341825257,0.04461015839,-4.793689962e-07,4.793689962e-07,9.587379924e-07,-1.917475985e-06,0.04461015839,-0.0001073786552,-4.793689962e-07,4.793689962e-07,9.587379924e-07,-1.917475985e-06,0.04461015839,-0.0001073786552,0,0,0,0,0,0
9.68,1,1,5.225122059e-05,3.691141271e-05,-1.917475985e-06,6.759102847e-05,-0.04670252446,-4.386226315e-05,0,0,0,0,0,0,-0.04658451488,0.003650237944,0.005139223583,-0.0001180095803,-0.001541638931,-0.0149647608,13.0737845,0,-0.2165382364,0.0149647608,0.3107732242,-0.02015505516,1.046702524,-0.0001918009436,2.394361728,0.02015505516,0.0001918009436,2.725481808,2.725481808,0.0233948947,0.05450963616,-0,1.917475985e-06,9.587379924e-07,-2.876213977e-06,0.05450963616,-0.0001073786552,-0,1.917475985e-06,9.587379924e-07,-2.876213977e-06,0.05450963616,-0.0001073786552,0,0,0,0,0,0
9.69,1,1,5.177185159e-05,3.78701507e-05,-2.157160483e-06,6.878945096e-05,-0.04669916887,-4.434163215e-05,0,0,0,0,0,0,-0.0465477557,0.003701579908,0.005129145846,-0.0001514131706,-0.001977493974,-0.01821551169,13.07320819,0,-0.2165001687,0.01821551169,0.3135070546,-0.02585219041,1.046699169,-0.0002332311785,2.914481871,0.02585219041,0.0002332311785,3.254074347,3.254074347,0.02337158711,0.06508148695,9.587379924e-07,-0,1.438106989e-06,-5.273058958e-06,0.06508148695,-0.0001064199172,9.587379924e-07,-0,1.438106989e-06,-5.273058958e-06,0.06508148695,-0.0001064199172,0,0,0,0,0,0
9.7,1,1,5.177185159e-05,3.73907817e-05,-1.677791487e-06,6.807039746e-05,-0.04669653234,-4.482100115e-05,0,0,0,0,0,0,-0.04651048362,0.003752820392,0.005118927492,-0.0001860487277,-0.002429210108,-0.02158265147,13.07275546,0,-0.2164702581,0.02158265147,0.3178261132,-0.03175646969,1.046696532,-0.0002760676431,3.453224235,0.03175646969,0.0002760676431,3.803082886,3.803082886,0.02334833633,0.07606165772,9.587379924e-07,9.587379924e-07,4.793689962e-07,-3.83495197e-06,0.07606165772,-0.0001054611792,9.587379924e-07,9.587379924e-07,4.793689962e-07,-3.83495197e-06,0.07606165772,-0.0001054611792,0,0,0,0,0,0
9.71,1,1,5.320995858e-05,3.73907817e-05,-1.677791487e-06,6.878945096e-05,-0.04669341645,-4.554005464e-05,0,0,0,0.001047197551,0,0,-0.04647269964,0.00380395799,0.0051085688,-0.0002207168075,-0.002881097713,-0.02495126778,13.07222051,0,-0.2164349091,0.02495126778,0.3211942932,-0.03766234462,1.046693416,-0.000318837325,3.992202844,0.03766234462,0.000318837325,4.351378319,4.351378319,0.02332514951,0.08702756639,-1.917475985e-06,9.587379924e-07,4.793689962e-07,-0.0001099928141,0.08702756639,-0.0001040230722,-1.917475985e-06,9.587379924e-07,4.793689962e-07,-0.0001099928141,0.08702756639,-0.0001040230722,0,0,0,0,0,0
9.72,1,1,5.368932758e-05,3.73907817e-05,-1.438106989e-06,6.807039746e-05,-0.04669077992,-4.506068564e-05,0,0,0,0,0,0,-0.0464344048,0.003854991301,0.005098070054,-0.000256375112,-0.003345667162,-0.02841294297,13.07176795,0,-0.2164049983,0.02841294297,0.3257460954,-0.0437337848,1.04669078,-0.0003627102651,4.546070874,0.0437337848,0.0003627102651,4.915913465,4.915913465,0.02330203264,0.0983182693,-2.876213977e-06,9.587379924e-07,-0,-3.83495197e-06,0.0983182693,-0.0001049818102,-2.876213977e-06,9.587379924e-07,-0,-3.83495197e-06,0.0983182693,-0.0001049818102,0,0,0,0,0,0
9.73,1,1,5.368932758e-05,3.667172821e-05,-1.917475985e-06,6.759102847e-05,-0.04668718465,-4.530037014e-05,0,0,0,0,0,0,-0.04639560016,0.003905918926,0.005087431542,-0.0002915844843,-0.003804096956,-0.03182999012,13.07115096,0,-0.2163642105,0.03182999012,0.3286908471,-0.04972392556,1.046687185,-0.0004059265103,5.092798419,0.04972392556,0.0004059265103,5.471619118,5.471619118,0.02327899245,0.1094323824,-2.876213977e-06,2.396844981e-06,9.587379924e-07,-2.876213977e-06,0.1094323824,-0.0001045024412,-2.876213977e-06,2.396844981e-06,9.587379924e-07,-2.876213977e-06,0.1094323824,-0.0001045024412,0,0,0,0,0,0
9.74,1,1,5.344964308e-05,3.78701507e-05,-1.917475985e-06,6.711165947e-05,-0.04668191159,-4.458131665e-05,0,0,0,0,0,0,-0.04635628678,0.003956739467,0.005076653555,-0.0003256248071,-0.004246967424,-0.03513367519,13.07024629,0,-0.2163043879,0.03513367519,0.328879548,-0.05550891021,1.046681912,-0.0004476117284,5.621388031,0.05550891021,0.0004476117284,6.006224101,6.006224101,0.0232560329,0.120124482,-2.396844981e-06,-0,9.587379924e-07,-1.917475985e-06,0.120124482,-0.0001059405482,-2.396844981e-06,-0,9.587379924e-07,-1.917475985e-06,0.120124482,-0.0001059405482,0,0,0,0,0,0
9.75,1,1,5.201153609e-05,3.882888869e-05,-1.917475985e-06,6.759102847e-05,-0.04667472105,-4.458131665e-05,0,0,0.001047197551,0,0,0,-0.04631646574,0.004007451533,0.005065736389,-0.0003582553181,-0.004671127247,-0.03830116228,13.06901316,0,-0.2162228107,0.03830116228,0.3265648292,-0.06104702346,1.046674721,-0.0004874795042,6.128185964,0.06104702346,0.0004874795042,6.516285296,6.516285296,0.02323315832,0.1303257059,4.793689962e-07,-1.917475985e-06,-0.0001037610171,-2.876213977e-06,0.1303257059,-0.0001059405482,4.793689962e-07,-1.917475985e-06,-0.0001037610171,-2.876213977e-06,0.1303257059,-0.0001059405482,0,0,0,0,0,0
9.76,1,1,5.153216709e-05,3.715109721e-05,-1.917475985e-06,6.759102847e-05,-0.04666729083,-4.458131665e-05,0,0,0,0,0,0,-0.04627613812,0.004058053732,0.005054680343,-0.0003911527172,-0.005098484559,-0.04149268358,13.06773954,0,-0.2161385131,0.04149268358,0.3252867282,-0.06662566826,1.046667291,-0.0005275741311,6.638829373,0.06662566826,0.0005275741311,7.031269343,7.031269343,0.02321037247,0.1406253869,1.438106989e-06,1.438106989e-06,9.587379924e-07,-2.876213977e-06,0.1406253869,-0.0001059405482,1.438106989e-06,1.438106989e-06,9.587379924e-07,-2.876213977e-06,0.1406253869,-0.0001059405482,0,0,0,0,0,0
9.77,1,1,5.249090509e-05,3.715109721e-05,-1.677791487e-06,6.831008196e-05,-0.04665962093,-4.482100115e-05,0,0,0,0,0,0,-0.04623530503,0.004108544678,0.005043485721,-0.0004243158986,-0.005529016389,-0.0447081051,13.06642549,0,-0.2160514951,0.0447081051,0.3244082239,-0.07224448067,1.046659621,-0.000567893441,7.153296816,0.07224448067,0.000567893441,7.550517414,7.550517414,0.02318767685,0.1510103483,-4.793689962e-07,1.438106989e-06,4.793689962e-07,-4.314320966e-06,0.1510103483,-0.0001054611792,-4.793689962e-07,1.438106989e-06,4.793689962e-07,-4.314320966e-06,0.1510103483,-0.0001054611792,0,0,0,0,0,0
9.78,1,1,5.273058958e-05,3.76304662e-05,-1.917475985e-06,6.735134397e-05,-0.04665099229,-4.458131665e-05,0,0,0,0,0,0,-0.0461939676,0.004158922986,0.005032152829,-0.0004570246894,-0.00595330513,-0.04787871404,13.06494797,0,-0.2159535983,0.04787871404,0.323160006,-0.0777796218,1.046650992,-0.0006075644642,7.660594247,0.0777796218,0.0006075644642,8.062141439,8.062141439,0.02316508239,0.1612428288,-9.587379924e-07,4.793689962e-07,9.587379924e-07,-2.396844981e-06,0.1612428288,-0.0001059405482,-9.587379924e-07,4.793689962e-07,9.587379924e-07,-2.396844981e-06,0.1612428288,-0.0001059405482,0,0,0,0,0,0
9.79,1,1,5.225122059e-05,3.83495197e-05,-2.396844981e-06,6.711165947e-05,-0.04664356207,-4.410194765e-05,0,0,0,0,0,0,-0.04615212695,0.004209187274,0.005020681978,-0.0004914351168,-0.006399510748,-0.0512101074,13.06367635,0,-0.215869297,0.0512101074,0.325091811,-0.08360113718,1.046643562,-0.0006491985724,8.193617185,0.08360113718,0.0006491985724,8.602959331,8.602959331,0.02314260103,0.1720591866,-0,-9.587379924e-07,1.917475985e-06,-1.917475985e-06,0.1720591866,-0.0001068992862,-0,-9.587379924e-07,1.917475985e-06,-1.917475985e-06,0.1720591866,-0.0001068992862,0,0,0,0,0,0
9.8,1,1,5.249090509e-05,3.643204371e-05,-1.677791487e-06,6.783071296e-05,-0.04663037942,-4.458131665e-05,0,0,0,0,0.001047197551,0,-0.04610978424,0.004259336166,0.005009073483,-0.0005205951834,-0.006776812,-0.05299242831,13.06142176,0,-0.2157197273,0.05403962587,0.3169731564,-0.08851479974,1.047677851,-0.0006724703443,8.47878853,0.08851479974,0.0006724703443,8.884948957,8.884948957,0.02312021148,0.1776989791,-4.793689962e-07,2.876213977e-06,4.793689962e-07,-3.355582973e-06,0.1776989791,-0.0001059405482,-4.793689962e-07,2.876213977e-06,4.793689962e-07,-3.355582973e-06,0.1776989791,-0.0001059405482,0,0,0,0,0,0
9.81,1,1,5.249090509e-05,3.73907817e-05,-1.438106989e-06,6.735134397e-05,-0.04661312214,-4.458131665e-05,0,0,0,0,0.001047197551,0,-0.04606694062,0.004309368286,0.004997327661,-0.0005461815197,-0.00710713216,-0.0554803716,13.05847327,0,-0.2155239215,0.05652756915,0.3045759482,-0.09280829537,1.047660594,-0.0007033397234,8.876859456,0.09280829537,0.0007033397234,9.274947039,9.274947039,0.02309791184,0.1854989408,-4.793689962e-07,9.587379924e-07,-0,-2.396844981e-06,0.1854989408,-0.0001059405482,-4.793689962e-07,9.587379924e-07,-0,-2.396844981e-06,0.1854989408,-0.0001059405482,0,0,0,0,0,0
9.82,1,1,5.320995858e-05,3.76304662e-05,-1.677791487e-06,6.735134397e-05,-0.04659562517,-4.506068564e-05,0,0,0,0,0.001047197551,0,-0.04602359727,0.004359282263,0.004985444835,-0.0005720279031,-0.007440548156,-0.05799218062,13.05548726,0,-0.2153253897,0.05903937817,0.2948399046,-0.09713998167,1.047643097,-0.0007344509048,9.278748899,0.09713998167,0.0007344509048,9.671463236,9.671463236,0.02307570191,0.1934292647,-1.917475985e-06,4.793689962e-07,4.793689962e-07,-2.396844981e-06,0.1934292647,-0.0001049818102,-1.917475985e-06,4.793689962e-07,4.793689962e-07,-2.396844981e-06,0.1934292647,-0.0001049818102,0,0,0,0,0,0
9.83,1,1,5.201153609e-05,3.715109721e-05,-2.157160483e-06,6.759102847e-05,-0.04657860757,-4.530037014e-05,0,0,0,0,0.001047197551,0,-0.04597975537,0.004409076727,0.004973425331,-0.0005988521988,-0.007786422363,-0.0605961723,13.05258637,0,-0.215132291,0.06164336985,0.2884659869,-0.1016329504,1.047626079,-0.000766669411,9.695387568,0.1016329504,0.000766669411,10.08625317,10.08625317,0.02305360268,0.2017250635,4.793689962e-07,1.438106989e-06,1.438106989e-06,-2.876213977e-06,0.2017250635,-0.0001045024412,4.793689962e-07,1.438106989e-06,1.438106989e-06,-2.876213977e-06,0.2017250635,-0.0001045024412,0,0,0,0,0,0
9.84,1,1,5.225122059e-05,3.81098352e-05,-1.677791487e-06,6.783071296e-05,-0.04655583754,-4.434163215e-05,0,0,0,0,0.002094395102,0,-0.04593541614,0.004458750315,0.004961269477,-0.000620421408,-0.00806340496,-0.06165189295,13.04870999,0,-0.21487391,0.06374628805,0.2741658215,-0.1052170329,1.048651329,-0.000780807322,9.864302872,0.1052170329,0.000780807322,10.24446653,10.24446653,0.02303158215,0.2048893307,-0,-4.793689962e-07,4.793689962e-07,-3.355582973e-06,0.2048893307,-0.0001064199172,-0,-4.793689962e-07,4.793689962e-07,-3.355582973e-06,0.2048893307,-0.0001064199172,0,0,0,0,0,0
9.85,1,1,5.225122059e-05,3.81098352e-05,-1.677791487e-06,6.759102847e-05,-0.0465364231,-4.434163215e-05,0,0,0,0,0.002094395102,0,-0.04589058077,0.004508301664,0.004948977608,-0.000645842326,-0.00839034781,-0.0641206103,13.04540948,0,-0.2146535975,0.0662150054,0.2692310927,-0.1094555229,1.048631915,-0.0008112701905,10.25929765,0.1094555229,0.0008112701905,10.63879553,10.63879553,0.02300967191,0.2127759107,-0,-4.793689962e-07,4.793689962e-07,-2.876213977e-06,0.2127759107,-0.0001064199172,-0,-4.793689962e-07,4.793689962e-07,-2.876213977e-06,0.2127759107,-0.0001064199172,0,0,0,0,0,0
9.86,1,1,5.201153609e-05,3.78701507e-05,-2.396844981e-06,6.735134397e-05,-0.04652012455,-4.506068564e-05,0,0,0,0,0.001047197551,0,-0.04584525051,0.004557729415,0.00493655006,-0.0006748740391,-0.0087640657,-0.0679790559,13.04264196,0,-0.2144686378,0.06902625345,0.2714000407,-0.114306571,1.047567596,-0.000857530265,10.87664894,0.114306571,0.000857530265,11.26321309,11.26321309,0.02298789341,0.2252642617,4.793689962e-07,-0,1.917475985e-06,-2.396844981e-06,0.2252642617,-0.0001049818102,4.793689962e-07,-0,1.917475985e-06,-2.396844981e-06,0.2252642617,-0.0001049818102,0,0,0,0,0,0
9.87,1,1,5.10527981e-05,3.76304662e-05,-2.157160483e-06,6.807039746e-05,-0.04650766096,-4.530037014e-05,0,0,0,0,0.001047197551,0,-0.0457994266,0.004607032214,0.004923987174,-0.000708234358,-0.009193883534,-0.07120068799,13.04052763,0,-0.2143271942,0.07224788554,0.2807498418,-0.1198930923,1.047555133,-0.0008973025983,11.39211008,0.1198930923,0.0008973025983,11.79365031,11.79365031,0.02296625334,0.2358730063,2.396844981e-06,4.793689962e-07,1.438106989e-06,-3.83495197e-06,0.2358730063,-0.0001045024412,2.396844981e-06,4.793689962e-07,1.438106989e-06,-3.83495197e-06,0.2358730063,-0.0001045024412,0,0,0,0,0,0
9.88,1,1,5.225122059e-05,3.81098352e-05,-2.396844981e-06,6.783071296e-05,-0.04649280052,-4.434163215e-05,0,0,0,0,0.001047197551,0,-0.04575311029,0.004656208708,0.004911289295,-0.0007396902295,-0.009598497285,-0.0742399241,13.03800898,0,-0.2141585457,0.07528712165,0.2845746939,-0.1251452938,1.047540272,-0.0009347018655,11.87838786,0.1251452938,0.0009347018655,12.28904255,12.28904255,0.02294476214,0.2457808509,-0,-4.793689962e-07,1.917475985e-06,-3.355582973e-06,0.2457808509,-0.0001064199172,-0,-4.793689962e-07,1.917475985e-06,-3.355582973e-06,0.2457808509,-0.0001064199172,0,0,0,0,0,0
9.89,1,1,5.129248259e-05,3.691141271e-05,-2.157160483e-06,6.759102847e-05,-0.0464745845,-4.434163215e-05,0,0,0,0,0.001047197551,0,-0.04570630285,0.004705257551,0.00489845677,-0.0007682816459,-0.009965401523,-0.07700580487,13.03492499,0,-0.213951809,0.07805300242,0.2832324248,-0.1298982614,1.047522056,-0.0009685877768,12.32092878,0.1298982614,0.0009685877768,12.73502805,12.73502805,0.02292338843,0.2547005611,1.917475985e-06,1.917475985e-06,1.438106989e-06,-2.876213977e-06,0.2547005611,-0.0001064199172,1.917475985e-06,1.917475985e-06,1.438106989e-06,-2.876213977e-06,0.2547005611,-0.0001064199172,0,0,0,0,0,0
9.9,1,1,5.249090509e-05,3.715109721e-05,-1.438106989e-06,6.711165947e-05,-0.04645013668,-4.458131665e-05,0,0,0,0,0.003141592654,0,-0.04565900557,0.004754177396,0.004885489951,-0.0007911311099,-0.01025712064,-0.07713100151,13.03079181,0,-0.2136743357,0.08027259416,0.2717569344,-0.1336584036,1.049594197,-0.0009731004059,12.34096024,0.1336584036,0.0009731004059,12.74734868,12.74734868,0.02290211087,0.2549469736,-4.793689962e-07,1.438106989e-06,-0,-1.917475985e-06,0.2549469736,-0.0001059405482,-4.793689962e-07,1.438106989e-06,-0,-1.917475985e-06,0.2549469736,-0.0001059405482,0,0,0,0,0,0
9.91,1,1,5.225122059e-05,3.715109721e-05,-2.157160483e-06,6.663229047e-05,-0.04642185391,-4.362257866e-05,0,0,0,0,0.002094395102,0,-0.04561121974,0.004802966903,0.004872389195,-0.0008106341698,-0.01050492589,-0.08007940722,13.02601864,0,-0.2133533215,0.08217380232,0.2567199906,-0.1368373605,1.048517346,-0.001007293361,12.81270515,0.1368373605,0.001007293361,13.2072698,13.2072698,0.02288093633,0.264145396,-0,1.438106989e-06,1.438106989e-06,-9.587379924e-07,0.264145396,-0.0001078580241,-0,1.438106989e-06,1.438106989e-06,-9.587379924e-07,0.264145396,-0.0001078580241,0,0,0,0,0,0
9.92,1,1,5.273058958e-05,3.81098352e-05,-2.157160483e-06,6.735134397e-05,-0.04638662029,-4.458131665e-05,0,0,0,0,0.004188790205,0,-0.04556294667,0.004851624735,0.004859154859,-0.0008236736171,-0.01066827496,-0.07927218661,13.02008494,0,-0.2129533907,0.08346097682,0.2329766119,-0.1389018461,1.050579797,-0.001000142665,12.68354986,0.1389018461,0.001000142665,13.05642846,13.05642846,0.02285982413,0.2611285692,-9.587379924e-07,-4.793689962e-07,1.438106989e-06,-2.396844981e-06,0.2611285692,-0.0001059405482,-9.587379924e-07,-4.793689962e-07,1.438106989e-06,-2.396844981e-06,0.2611285692,-0.0001059405482,0,0,0,0,0,0
9.93,1,1,5.273058958e-05,3.76304662e-05,-1.917475985e-06,6.783071296e-05,-0.04634419613,-4.458131665e-05,0,0,0,0,0.004188790205,0,-0.04551418769,0.004900149556,0.004845787307,-0.0008300084437,-0.01074414497,-0.07992273698,13.01295872,0,-0.2124718071,0.08411152719,0.2021762747,-0.139813115,1.050537373,-0.001007339112,12.78763792,0.139813115,0.001007339112,13.13063465,13.13063465,0.02283874575,0.2626126929,-9.587379924e-07,4.793689962e-07,9.587379924e-07,-3.355582973e-06,0.2626126929,-0.0001059405482,-9.587379924e-07,4.793689962e-07,9.587379924e-07,-3.355582973e-06,0.2626126929,-0.0001059405482,0,0,0,0,0,0
9.94,1,1,5.201153609e-05,3.715109721e-05,-2.157160483e-06,6.759102847e-05,-0.04628882901,-4.458131665e-05,0,0,0,0,0.006283185307,0,-0.04546494413,0.004948540038,0.004832286905,-0.0008238848852,-0.010657856,-0.07729622737,13.00368865,0,-0.2118432435,0.08357941268,0.1550909663,-0.138591441,1.052581884,-0.0009771270209,12.36739638,0.138591441,0.0009771270209,12.66205591,12.66205591,0.0228176365,0.2532411183,4.793689962e-07,1.438106989e-06,1.438106989e-06,-2.876213977e-06,0.2532411183,-0.0001059405482,4.793689962e-07,1.438106989e-06,1.438106989e-06,-2.876213977e-06,0.2532411183,-0.0001059405482,0,0,0,0,0,0
9.95,1,1,5.273058958e-05,3.76304662e-05,-1.677791487e-06,6.735134397e-05,-0.0462272301,-4.458131665e-05,0,0,0,0,0.006283185307,0,-0.04541521734,0.004996794853,0.004818654024,-0.0008120127572,-0.01049693574,-0.07621815149,12.99341537,0,-0.2111438579,0.0825013368,0.106736287,-0.1363910462,1.052520285,-0.0009624931193,12.19490424,0.1363910462,0.0009624931193,12.43899407,12.43899407,0.02279648571,0.2487798813,-9.587379924e-07,4.793689962e-07,4.793689962e-07,-2.396844981e-06,0.2487798813,-0.0001059405482,-9.587379924e-07,4.793689962e-07,4.793689962e-07,-2.396844981e-06,0.2487798813,-0.0001059405482,0,0,0,0,0,0
9.96,1,1,5.320995858e-05,3.76304662e-05,-1.677791487e-06,6.735134397e-05,-0.04615987875,-4.458131665e-05,0,0,0,0,0.007330382858,0,-0.04536500869,0.005044912678,0.004804889037,-0.0007948700656,-0.01026776933,-0.07359201138,12.98223105,0,-0.2103790703,0.08092239424,0.05805764868,-0.1332985538,1.053503695,-0.000930201555,11.77472182,0.1332985538,0.000930201555,11.96700822,11.96700822,0.02277527823,0.2393401645,-1.917475985e-06,4.793689962e-07,4.793689962e-07,-2.396844981e-06,0.2393401645,-0.0001059405482,-1.917475985e-06,4.793689962e-07,4.793689962e-07,-2.396844981e-06,0.2393401645,-0.0001059405482,0,0,0,0,0,0
9.97,1,1,5.249090509e-05,3.73907817e-05,-2.396844981e-06,6.687197497e-05,-0.04608317971,-4.434163215e-05,0,0,0,0,0.006283185307,0,-0.04531431955,0.005092892195,0.004790992321,-0.0007688601664,-0.00992388852,-0.07221733956,12.96955581,0,-0.2095080242,0.07850052487,0.003297793486,-0.128708426,1.052376235,-0.0009100207361,11.55477433,0.128708426,0.0009100207361,11.68769057,11.68769057,0.02275396361,0.2337538114,-4.793689962e-07,9.587379924e-07,1.917475985e-06,-1.438106989e-06,0.2337538114,-0.0001064199172,-4.793689962e-07,9.587379924e-07,1.917475985e-06,-1.438106989e-06,0.2337538114,-0.0001064199172,0,0,0,0,0,0
9.98,1,1,5.225122059e-05,3.691141271e-05,-2.157160483e-06,6.711165947e-05,-0.04602373796,-4.410194765e-05,0,0,0,0,0.004188790205,0,-0.04526315131,0.005140732087,0.004776964258,-0.0007605866492,-0.009810352319,-0.07357419279,12.95977734,0,-0.2088328805,0.07776298299,-0.009768347887,-0.1271399817,1.050216915,-0.0009224535359,11.77187085,0.1271399817,0.0009224535359,11.89016493,11.89016493,0.0227326671,0.2378032987,-0,1.917475985e-06,1.438106989e-06,-1.917475985e-06,0.2378032987,-0.0001068992862,-0,1.917475985e-06,1.438106989e-06,-1.917475985e-06,0.2378032987,-0.0001068992862,0,0,0,0,0,0
9.99,1,1,5.249090509e-05,3.73907817e-05,-2.157160483e-06,6.783071296e-05,-0.04599281866,-4.530037014e-05,0,0,0,0,0.001047197551,0,-0.04521150537,0.005188431043,0.004762805232,-0.0007813132825,-0.01007255042,-0.07873327765,12.9547064,0,-0.2084816683,0.0797804752,0.02956176564,-0.1304869335,1.04704029,-0.000980261888,12.59732442,0.1304869335,0.000980261888,12.75835338,12.75835338,0.02271155194,0.2551670677,-4.793689962e-07,9.587379924e-07,1.438106989e-06,-3.355582973e-06,0.2551670677,-0.0001045024412,-4.793689962e-07,9.587379924e-07,1.438106989e-06,-3.355582973e-06,0.2551670677,-0.0001045024412,0,0,0,0,0,0
10,1,1,5.249090509e-05,3.83495197e-05,-1.677791487e-06,6.711165947e-05,-0.0459767598,-4.530037014e-05,0,0,0,0,0.001047197551,0,-0.04515938316,0.005235987756,0.004748515631,-0.0008173766342,-0.01053305323,-0.08220653546,12.95207683,0,-0.2082992481,0.08325373301,0.08798983577,-0.1364249146,1.047024232,-0.00102253042,13.15304567,0.1364249146,0.00102253042,13.37848295,13.37848295,0.022690629,0.2675696591,-4.793689962e-07,-9.587379924e-07,4.793689962e-07,-1.917475985e-06,0.2675696591,-0.0001045024412,-4.793689962e-07,-9.587379924e-07,4.793689962e-07,-1.917475985e-06,0.2675696591,-0.0001045024412,0,0,0,0,0,0
10.01,1,1,5.320995858e-05,3.76304662e-05,-1.917475985e-06,6.783071296e-05,-0.0459674121,-4.482100115e-05,0,0,0,0,0,0,-0.0451067861,0.005283400922,0.004734095848,-0.0008606260024,-0.01108617208,-0.08740735945,12.95054749,0,-0.2081930608,0.08740735945,0.1479662191,-0.143571998,1.045967412,-0.001084036772,13.98517751,0.143571998,0.001084036772,14.27779977,14.27779977,0.02266993491,0.2855559953,-1.917475985e-06,4.793689962e-07,9.587379924e-07,-3.355582973e-06,0.2855559953,-0.0001054611792,-1.917475985e-06,4.793689962e-07,9.587379924e-07,-3.355582973e-06,0.2855559953,-0.0001054611792,0,0,0,0,0,0
10.02,1,1,5.249090509e-05,3.83495197e-05,-2.396844981e-06,6.639260598e-05,-0.04596022157,-4.434163215e-05,0,0,0,0,0,0,-0.04505371563,0.00533066924,0.004719546277,-0.0009065059395,-0.01167287449,-0.09180821777,12.94937173,0,-0.208111377,0.09180821777,0.2015079272,-0.151156391,1.045960222,-0.001137572667,14.68931484,0.151156391,0.001137572667,15.04311673,15.04311673,0.0226494802,0.3008623347,-4.793689962e-07,-9.587379924e-07,1.917475985e-06,-4.793689962e-07,0.3008623347,-0.0001064199172,-4.793689962e-07,-9.587379924e-07,1.917475985e-06,-4.793689962e-07,0.3008623347,-0.0001064199172,0,0,0,0,0,0
10.03,1,1,5.320995858e-05,3.78701507e-05,-1.917475985e-06,6.663229047e-05,-0.04594847703,-4.362257866e-05,0,0,0,0,0.001047197551,0,-0.0450001732,0.005377791416,0.004704867317,-0.0009483038247,-0.01220622805,-0.09477242074,12.94745256,0,-0.2079779579,0.09581961829,0.237837768,-0.1580395586,1.046995949,-0.001175574868,15.16358732,0.1580395586,0.001175574868,15.56064022,15.56064022,0.02262922105,0.3112128044,-1.917475985e-06,-0,9.587379924e-07,-9.587379924e-07,0.3112128044,-0.0001078580241,-1.917475985e-06,-0,9.587379924e-07,-9.587379924e-07,0.3112128044,-0.0001078580241,0,0,0,0,0,0
10.04,1,1,5.297027408e-05,3.76304662e-05,-2.396844981e-06,6.783071296e-05,-0.04593745154,-4.434163215e-05,0,0,0,0,0,0,-0.04494616029,0.005424766157,0.00469005937,-0.000991291249,-0.01275449112,-0.09994163198,12.94565227,0,-0.2078527048,0.09994163198,0.2697975815,-0.1651152068,1.045937452,-0.001236093078,15.99066112,0.1651152068,0.001236093078,16.42681,16.42681,0.02260919612,0.3285362,-1.438106989e-06,4.793689962e-07,1.917475985e-06,-3.355582973e-06,0.3285362,-0.0001064199172,-1.438106989e-06,4.793689962e-07,1.917475985e-06,-3.355582973e-06,0.3285362,-0.0001064199172,0,0,0,0,0,0
10.05,1,1,5.273058958e-05,3.73907817e-05,-2.157160483e-06,6.735134397e-05,-0.04592331015,-4.482100115e-05,0,0,0,0,0.002094395102,0,-0.04489167837,0.005471592175,0.004675122844,-0.00103163178,-0.0132679926,-0.1017164238,12.94334516,0,-0.2076920504,0.1038108189,0.2910418381,-0.1717322078,1.048018802,-0.001261949616,16.2746278,0.1717322078,0.001261949616,16.7386638,16.7386638,0.022589406,0.3347732759,-9.587379924e-07,9.587379924e-07,1.438106989e-06,-2.396844981e-06,0.3347732759,-0.0001054611792,-9.587379924e-07,9.587379924e-07,1.438106989e-06,-2.396844981e-06,0.3347732759,-0.0001054611792,0,0,0,0,0,0
10.06,1,1,5.320995858e-05,3.73907817e-05,-2.636529479e-06,6.759102847e-05,-0.04590509413,-4.482100115e-05,0,0,0,0,0.002094395102,0,-0.04483672895,0.005518268186,0.004660058146,-0.001068365185,-0.01373431851,-0.1052422915,12.94037654,0,-0.2074850999,0.1073366866,0.3022260387,-0.177727253,1.048000586,-0.001304514856,16.83876665,0.177727253,0.001304514856,17.32002445,17.32002445,0.02256982016,0.346400489,-1.917475985e-06,9.587379924e-07,2.396844981e-06,-2.876213977e-06,0.346400489,-0.0001054611792,-1.917475985e-06,9.587379924e-07,2.396844981e-06,-2.876213977e-06,0.346400489,-0.0001054611792,0,0,0,0,0,0
10.07,1,1,5.225122059e-05,3.85892042e-05,-2.396844981e-06,6.735134397e-05,-0.04588472095,-4.458131665e-05,0,0,0,0,0.001047197551,0,-0.04478131351,0.005564792912,0.004644865691,-0.001103407435,-0.01417828212,-0.1096537843,12.9370607,0,-0.207253634,0.1107009819,0.308452563,-0.1834252964,1.046932193,-0.001355261159,17.54460549,0.1834252964,0.001355261159,18.03783861,18.03783861,0.02255044769,0.3607567722,-0,-1.438106989e-06,1.917475985e-06,-2.396844981e-06,0.3607567722,-0.0001059405482,-0,-1.438106989e-06,1.917475985e-06,-2.396844981e-06,0.3607567722,-0.0001059405482,0,0,0,0,0,0
10.08,1,1,5.273058958e-05,3.76304662e-05,-2.157160483e-06,6.735134397e-05,-0.04586195092,-4.530037014e-05,0,0,0,0,0.002094395102,0,-0.0447254336,0.005611165076,0.004629545894,-0.001136517325,-0.01459677559,-0.1117867168,12.93336017,0,-0.2069949269,0.1138811119,0.3101902247,-0.1887853561,1.047957443,-0.001383152066,17.88587469,0.1887853561,0.001383152066,18.38623342,18.38623342,0.02253126696,0.3677246684,-9.587379924e-07,4.793689962e-07,1.438106989e-06,-2.396844981e-06,0.3677246684,-0.0001045024412,-9.587379924e-07,4.793689962e-07,1.438106989e-06,-2.396844981e-06,0.3677246684,-0.0001045024412,0,0,0,0,0,0
10.09,1,1,5.273058958e-05,3.85892042e-05,-2.396844981e-06,6.735134397e-05,-0.04583510626,-4.482100115e-05,0,0,0,-0.001047197551,0.003141592654,0,-0.04466909072,0.005657383407,0.004614099176,-0.001166015533,-0.01496810362,-0.11357696,12.92900477,0,-0.2066899113,0.1167185527,0.3054013073,-0.193522683,1.048979166,-0.001406855965,18.1723136,0.193522683,0.001406855965,18.67264445,18.67264445,0.02251225919,0.373452889,-9.587379924e-07,-1.438106989e-06,1.917475985e-06,0.0001023229101,0.373452889,-0.0001054611792,-9.587379924e-07,-1.438106989e-06,1.917475985e-06,0.0001023229101,0.373452889,-0.0001054611792,0,0,0,0,0,0
10.1,1,1,5.225122059e-05,3.78701507e-05,-2.157160483e-06,6.735134397e-05,-0.04580874096,-4.601942364e-05,0,0.001047197551,0,0,0.002094395102,0,-0.04461228644,0.005703446638,0.00459852596,-0.001196454518,-0.01535114735,-0.117549511,12.92473484,0,-0.2063903282,0.1196439061,0.3030617703,-0.198409509,1.047904233,-0.001451865804,18.80792176,0.198409509,0.001451865804,19.31084491,19.31084491,0.02249346434,0.3862168981,-0,-0.0001047197551,1.438106989e-06,-2.396844981e-06,0.3862168981,-0.0001030643342,-0,-0.0001047197551,1.438106989e-06,-2.396844981e-06,0.3862168981,-0.0001030643342,0,0,0,0,0,0
10.11,1,1,5.249090509e-05,3.715109721e-05,-1.677791487e-06,6.735134397e-05,-0.04577997882,-4.458131665e-05,0,0,0,0,0.002094395102,0,-0.04455502231,0.005749353506,0.004582826673,-0.00122495651,-0.01570870922,-0.1202908306,12.92008544,0,-0.2060634943,0.1223852258,0.2975944903,-0.2029578653,1.047875471,-0.001484412295,19.2465329,0.2029578653,0.001484412295,19.74856967,19.74856967,0.02247485561,0.3949713934,-4.793689962e-07,1.438106989e-06,4.793689962e-07,-2.396844981e-06,0.3949713934,-0.0001059405482,-4.793689962e-07,1.438106989e-06,4.793689962e-07,-2.396844981e-06,0.3949713934,-0.0001059405482,0,0,0,0,0,0
10.12,1,1,5.392901207e-05,3.715109721e-05,-2.157160483e-06,6.687197497e-05,-0.04575265479,-4.482100115e-05,0,0,0,0,0.002094395102,0,-0.0444972999,0.005795102752,0.004567001746,-0.00125535489,-0.01609032249,-0.1232103296,12.91567692,0,-0.2057529867,0.1253047247,0.2967827128,-0.2078174068,1.047848147,-0.0015191143,19.71365274,0.2078174068,0.0015191143,20.21977197,20.21977197,0.02245645797,0.4043954395,-3.355582973e-06,1.438106989e-06,1.438106989e-06,-1.438106989e-06,0.4043954395,-0.0001054611792,-3.355582973e-06,1.438106989e-06,1.438106989e-06,-1.438106989e-06,0.4043954395,-0.0001054611792,0,0,0,0,0,0
10.13,1,1,5.368932758e-05,3.76304662e-05,-2.157160483e-06,6.711165947e-05,-0.04573132287,-4.434163215e-05,0,0,0,0,0.001047197551,0,-0.04443912079,0.005840693123,0.004551051612,-0.001292202082,-0.01655473882,-0.1277847559,12.91224087,0,-0.2055105624,0.1288319534,0.3071699998,-0.2137587751,1.046778795,-0.001571030417,20.44556094,0.2137587751,0.001571030417,20.96806074,20.96806074,0.0224383509,0.4193612148,-2.876213977e-06,4.793689962e-07,1.438106989e-06,-1.917475985e-06,0.4193612148,-0.0001064199172,-2.876213977e-06,4.793689962e-07,1.438106989e-06,-1.917475985e-06,0.4193612148,-0.0001064199172,0,0,0,0,0,0
10.14,1,1,5.297027408e-05,3.73907817e-05,-2.396844981e-06,6.783071296e-05,-0.04570783379,-4.434163215e-05,0,0,0,0,0.002094395102,-0.001047197551,-0.04438048657,0.005886123369,0.004534976709,-0.001327347218,-0.01699666645,-0.1301026881,12.90846311,0,-0.2052436126,0.1321970832,0.3124861733,-0.2194008419,1.047803326,-0.001601382318,20.8164301,0.2194008419,0.001601382318,21.3499185,21.3499185,0.02242047336,0.4269983699,-1.438106989e-06,9.587379924e-07,1.917475985e-06,-3.355582973e-06,0.4269983699,-1.70016204e-06,-1.438106989e-06,9.587379924e-07,1.917475985e-06,-3.355582973e-06,0.4269983699,-1.70016204e-06,0,0,0,0,0,0
10.15,1,1,5.273058958e-05,3.76304662e-05,-2.396844981e-06,6.735134397e-05,-0.04568027007,-4.458131665e-05,0,0,0,0,0.002094395102,0,-0.04432139886,0.005931392243,0.004518777477,-0.001358871213,-0.01739135617,-0.1331249307,12.90403773,0,-0.2049303411,0.1352193258,0.310472066,-0.2244187162,1.047775762,-0.001637205585,21.29998891,0.2244187162,0.001637205585,21.8365169,21.8365169,0.02240284225,0.436730338,-9.587379924e-07,4.793689962e-07,1.917475985e-06,-2.396844981e-06,0.436730338,-0.0001059405482,-9.587379924e-07,4.793689962e-07,1.917475985e-06,-2.396844981e-06,0.436730338,-0.0001059405482,0,0,0,0,0,0
10.16,1,1,5.201153609e-05,3.906857319e-05,-2.876213977e-06,6.807039746e-05,-0.04564815235,-4.434163215e-05,0,0,0,-0.001047197551,0.002094395102,0,-0.04426185927,0.005976498505,0.00450245436,-0.00138629308,-0.01773264835,-0.1357593255,12.89889167,0,-0.2045652925,0.1378537206,0.3017360278,-0.2287315101,1.047743644,-0.001668198926,21.72149208,0.2287315101,0.001668198926,22.25362781,22.25362781,0.0223853801,0.4450725563,4.793689962e-07,-2.396844981e-06,2.876213977e-06,0.0001008848031,0.4450725563,-0.0001064199172,4.793689962e-07,-2.396844981e-06,2.876213977e-06,0.0001008848031,0.4450725563,-0.0001064199172,0,0,0,0,0,0
10.17,1,1,5.249090509e-05,3.85892042e-05,-1.917475985e-06,6.854976646e-05,-0.04560692662,-4.410194765e-05,0,0,0,0,0.004188790205,0,-0.04420186943,0.006021440919,0.004486007807,-0.001405057181,-0.01796186941,-0.1354824003,12.8923028,0,-0.2040966924,0.1396711905,0.2791779627,-0.2315698592,1.049800103,-0.001670043895,21.67718405,0.2315698592,0.001670043895,22.18960191,22.18960191,0.02236805206,0.4437920383,-4.793689962e-07,-1.438106989e-06,9.587379924e-07,-4.793689962e-06,0.4437920383,-0.0001068992862,-4.793689962e-07,-1.438106989e-06,9.587379924e-07,-4.793689962e-06,0.4437920383,-0.0001068992862,0,0,0,0,0,0
10.18,1,1,5.201153609e-05,3.715109721e-05,-2.396844981e-06,6.783071296e-05,-0.0455529976,-4.434163215e-05,0,0,0,0,0.005235987756,0,-0.044141431,0.006066218251,0.004469438267,-0.001411566603,-0.01803284682,-0.1350971693,12.88371161,0,-0.2034836468,0.1403331571,0.2399360764,-0.2323299979,1.050795839,-0.001667164202,21.61554709,0.2323299979,0.001667164202,22.08948033,22.08948033,0.02235073409,0.4417896065,4.793689962e-07,1.438106989e-06,1.917475985e-06,-3.355582973e-06,0.4417896065,-0.0001064199172,4.793689962e-07,1.438106989e-06,1.917475985e-06,-3.355582973e-06,0.4417896065,-0.0001064199172,0,0,0,0,0,0
10.19,1,1,5.201153609e-05,3.73907817e-05,-2.157160483e-06,6.687197497e-05,-0.04549211774,-4.410194765e-05,0,0,0,0,0.006283185307,0,-0.04408054562,0.006110829276,0.004452746195,-0.001411572117,-0.01801993017,-0.1340987093,12.87405115,0,-0.2027915167,0.1403818946,0.1966136125,-0.2319895027,1.051785173,-0.001656676193,21.45579349,0.2319895027,0.001656676193,21.88605329,21.88605329,0.02233341727,0.4377210657,4.793689962e-07,9.587379924e-07,1.438106989e-06,-1.438106989e-06,0.4377210657,-0.0001068992862,4.793689962e-07,9.587379924e-07,1.438106989e-06,-1.438106989e-06,0.4377210657,-0.0001068992862,0,0,0,0,0,0
10.2,1,1,5.344964308e-05,3.715109721e-05,-1.198422491e-06,6.783071296e-05,-0.04543099819,-4.530037014e-05,0,0,0,0,0.006283185307,0,-0.04401921497,0.006155272768,0.004435932049,-0.00141178322,-0.01800961942,-0.1341667022,12.86439317,0,-0.2020965877,0.1404498875,0.1618217913,-0.231682825,1.051724053,-0.001656039099,21.46667235,0.231682825,0.001656039099,21.861833,21.861833,0.0223161093,0.43723666,-2.396844981e-06,1.438106989e-06,-4.793689962e-07,-3.355582973e-06,0.43723666,-0.0001045024412,-2.396844981e-06,1.438106989e-06,-4.793689962e-07,-3.355582973e-06,0.43723666,-0.0001045024412,0,0,0,0,0,0
10.21,1,1,5.368932758e-05,3.667172821e-05,-2.157160483e-06,6.711165947e-05,-0.04535789442,-4.458131665e-05,0,0,0,0,0.00837758041,0,-0.04395744073,0.006199547511,0.00441899629,-0.001400453691,-0.01785092629,-0.1310519979,12.85289466,0,-0.201265301,0.1394295783,0.113062378,-0.2294360753,1.053753021,-0.00162257631,20.96831967,0.2294360753,0.00162257631,21.3124407,21.3124407,0.02229870638,0.426248814,-2.876213977e-06,2.396844981e-06,1.438106989e-06,-1.917475985e-06,0.426248814,-0.0001059405482,-2.876213977e-06,2.396844981e-06,1.438106989e-06,-1.917475985e-06,0.426248814,-0.0001059405482,0,0,0,0,0,0
10.22,1,1,5.320995858e-05,3.73907817e-05,-2.157160483e-06,6.759102847e-05,-0.04527831917,-4.458131665e-05,0,0,0,0,0.006283185307,0,-0.04389522459,0.00624365229,0.004401939381,-0.001383094579,-0.01761501283,-0.1315569529,12.84044397,0,-0.2003603052,0.1378401382,0.06367393182,-0.2261845854,1.051571374,-0.001620815536,21.04911247,0.2261845854,0.001620815536,21.3405918,21.3405918,0.02228117883,0.4268118361,-1.917475985e-06,9.587379924e-07,1.438106989e-06,-2.876213977e-06,0.4268118361,-0.0001059405482,-1.917475985e-06,9.587379924e-07,1.438106989e-06,-2.876213977e-06,0.4268118361,-0.0001059405482,0,0,0,0,0,0
10.23,1,1,5.320995858e-05,3.73907817e-05,-1.677791487e-06,6.759102847e-05,-0.04521959647,-4.530037014e-05,0,0,0,0,0.004188790205,0,-0.04383256826,0.006287585897,0.004384761792,-0.001387028211,-0.01765262943,-0.1340699442,12.83129979,0,-0.1996923821,0.1382587344,0.06036264459,-0.2265061804,1.049412773,-0.001643714128,21.45119107,0.2265061804,0.001643714128,21.7397036,21.7397036,0.02226375351,0.4347940721,-1.917475985e-06,9.587379924e-07,4.793689962e-07,-2.876213977e-06,0.4347940721,-0.0001045024412,-1.917475985e-06,9.587379924e-07,4.793689962e-07,-2.876213977e-06,0.4347940721,-0.0001045024412,0,0,0,0,0,0
10.24,1,1,5.344964308e-05,3.76304662e-05,-1.677791487e-06,6.831008196e-05,-0.04517621357,-4.458131665e-05,0,0,0,0,0.003141592654,0,-0.04376947345,0.006331347126,0.004367463991,-0.001406740126,-0.01789246973,-0.1370237787,12.82456816,0,-0.1991988935,0.1401653713,0.08472639935,-0.2294631975,1.048320274,-0.001675134795,21.92380459,0.2294631975,0.001675134795,22.23966932,22.23966932,0.02224654051,0.4447933864,-2.396844981e-06,4.793689962e-07,4.793689962e-07,-4.314320966e-06,0.4447933864,-0.0001059405482,-2.396844981e-06,4.793689962e-07,4.793689962e-07,-4.314320966e-06,0.4447933864,-0.0001059405482,0,0,0,0,0,0
10.25,1,1,5.273058958e-05,3.78701507e-05,-1.917475985e-06,6.711165947e-05,-0.04515152607,-4.458131665e-05,0,0,0,0,0.001047197551,0,-0.04370594189,0.006374934777,0.004350046455,-0.001445584177,-0.01837721222,-0.1428281196,12.82074649,0,-0.1989180521,0.1438753171,0.1375502031,-0.235609579,1.046198998,-0.001737713205,22.85249913,0.235609579,0.001737713205,23.22739663,23.22739663,0.02222968217,0.4645479325,-9.587379924e-07,-0,9.587379924e-07,-1.917475985e-06,0.4645479325,-0.0001059405482,-9.587379924e-07,-0,9.587379924e-07,-1.917475985e-06,0.4645479325,-0.0001059405482,0,0,0,0,0,0
10.26,1,1,5.201153609e-05,3.715109721e-05,-2.396844981e-06,6.759102847e-05,-0.04513115289,-4.482100115e-05,0,0,0,0,0.002094395102,0,-0.04364197533,0.006418347657,0.00433250966,-0.001489177553,-0.01892226459,-0.1459367946,12.81759761,0,-0.1986862809,0.1480311897,0.1884022273,-0.2425379734,1.047226645,-0.001777703537,23.34988714,0.2425379734,0.001777703537,23.78260505,23.78260505,0.02221320102,0.4756521009,4.793689962e-07,1.438106989e-06,1.917475985e-06,-2.876213977e-06,0.4756521009,-0.0001054611792,4.793689962e-07,1.438106989e-06,1.917475985e-06,-2.876213977e-06,0.4756521009,-0.0001054611792,0,0,0,0,0,0
10.27,1,1,5.153216709e-05,3.78701507e-05,-1.198422491e-06,6.735134397e-05,-0.04511413529,-4.410194765e-05,0,0,0,0,0.002094395102,0,-0.04357757553,0.006461584575,0.004314854087,-0.001536559762,-0.01951526869,-0.1504474855,12.81497079,0,-0.1984926775,0.1525418806,0.2363154323,-0.2500875983,1.047209627,-0.001831258468,24.07159768,0.2500875983,0.001831258468,24.55983197,24.55983197,0.02219709628,0.4911966395,1.438106989e-06,-0,-4.793689962e-07,-2.396844981e-06,0.4911966395,-0.0001068992862,1.438106989e-06,-0,-4.793689962e-07,-2.396844981e-06,0.4911966395,-0.0001068992862,0,0,0,0,0,0
10.28,1,1,5.249090509e-05,3.76304662e-05,-2.157160483e-06,6.783071296e-05,-0.04509783674,-4.530037014e-05,0,0,0,0,0.001047197551,0,-0.04351274423,0.006504644345,0.00429708022,-0.001585092509,-0.020122386,-0.1561113307,12.81245788,0,-0.1983072493,0.1571585283,0.2775118139,-0.2578172231,1.046145308,-0.001894993044,24.97781292,0.2578172231,0.001894993044,25.51503695,25.51503695,0.02218139167,0.510300739,-4.793689962e-07,4.793689962e-07,1.438106989e-06,-3.355582973e-06,0.510300739,-0.0001045024412,-4.793689962e-07,4.793689962e-07,1.438106989e-06,-3.355582973e-06,0.510300739,-0.0001045024412,0,0,0,0,0,0
10.29,1,1,5.416869657e-05,3.715109721e-05,-2.157160483e-06,6.663229047e-05,-0.04507962072,-4.506068564e-05,0,0,0,0,0.002094395102,0,-0.04344748323,0.006547525786,0.004279188546,-0.001632137487,-0.02070980636,-0.1595384243,12.80965271,0,-0.1980999998,0.1616328194,0.308611041,-0.2652854272,1.047175112,-0.001939065419,25.52614789,0.2652854272,0.001939065419,26.10198342,26.10198342,0.02216607377,0.5220396684,-3.83495197e-06,1.438106989e-06,1.438106989e-06,-9.587379924e-07,0.5220396684,-0.0001049818102,-3.83495197e-06,1.438106989e-06,1.438106989e-06,-9.587379924e-07,0.5220396684,-0.0001049818102,0,0,0,0,0,0
10.3,1,1,5.344964308e-05,3.78701507e-05,-1.438106989e-06,6.759102847e-05,-0.04505852848,-4.482100115e-05,0,0,0,0,0.001047197551,0,-0.04338179432,0.006590227724,0.004261179556,-0.001676734169,-0.02126523662,-0.1648275109,12.80640906,0,-0.1978600187,0.1658747085,0.3298653667,-0.2723313188,1.046106,-0.001997910025,26.37240175,0.2723313188,0.001997910025,26.97659635,26.97659635,0.02215113462,0.5395319269,-2.396844981e-06,-0,-0,-2.876213977e-06,0.5395319269,-0.0001054611792,-2.396844981e-06,-0,-0,-2.876213977e-06,0.5395319269,-0.0001054611792,0,0,0,0,0,0
10.31,1,1,5.344964308e-05,3.83495197e-05,-1.917475985e-06,6.783071296e-05,-0.04502880761,-4.386226315e-05,0,0,0,0,0.003141592654,0,-0.04331567928,0.006632748988,0.004243053744,-0.001713128325,-0.02171502917,-0.1662022675,12.80184655,0,-0.1975218489,0.1693438601,0.3326861693,-0.2779924712,1.048172868,-0.002021204513,26.5923628,0.2779924712,0.002021204513,27.20506264,27.20506264,0.02213649905,0.5441012528,-2.396844981e-06,-9.587379924e-07,9.587379924e-07,-3.355582973e-06,0.5441012528,-0.0001073786552,-2.396844981e-06,-9.587379924e-07,9.587379924e-07,-3.355582973e-06,0.5441012528,-0.0001073786552,0,0,0,0,0,0
10.32,1,1,5.297027408e-05,3.78701507e-05,-1.917475985e-06,6.783071296e-05,-0.04497991197,-4.458131665e-05,0,0,0,0,0.005235987756,0,-0.04324913994,0.006675088412,0.004224811607,-0.001730772027,-0.02192433119,-0.1658142603,12.79436106,0,-0.1969654678,0.171050248,0.3026259782,-0.2805078092,1.050222754,-0.002023050807,26.53028164,0.2805078092,0.002023050807,27.11543848,27.11543848,0.02212195545,0.5423087696,-1.438106989e-06,-0,9.587379924e-07,-3.355582973e-06,0.5423087696,-0.0001059405482,-1.438106989e-06,-0,9.587379924e-07,-3.355582973e-06,0.5423087696,-0.0001059405482,0,0,0,0,0,0
10.33,1,1,5.201153609e-05,3.83495197e-05,-1.917475985e-06,6.759102847e-05,-0.04492574327,-4.386226315e-05,0,0,0,0,0.005235987756,0,-0.04318217812,0.006717244834,0.004206453644,-0.001743565149,-0.02207127422,-0.167064704,12.78609814,0,-0.196349031,0.1723006918,0.2700673254,-0.2822054784,1.050168585,-0.002036764891,26.73035264,0.2822054784,0.002036764891,27.28466221,27.28466221,0.02210751005,0.5456932442,4.793689962e-07,-9.587379924e-07,9.587379924e-07,-2.876213977e-06,0.5456932442,-0.0001073786552,4.793689962e-07,-9.587379924e-07,9.587379924e-07,-2.876213977e-06,0.5456932442,-0.0001073786552,0,0,0,0,0,0
10.34,1,1,5.273058958e-05,3.78701507e-05,-2.396844981e-06,6.807039746e-05,-0.04485311887,-4.386226315e-05,0,0,0,0,0.007330382858,0,-0.04311479566,0.0067592171,0.004187980359,-0.00173832321,-0.02198753349,-0.164526198,12.77506911,0,-0.1955224805,0.1718565809,0.2117432922,-0.2808922599,1.052196935,-0.002012250196,26.32419168,0.2808922599,0.002012250196,26.81883949,26.81883949,0.02209297207,0.5363767897,-9.587379924e-07,-0,1.917475985e-06,-3.83495197e-06,0.5363767897,-0.0001073786552,-9.587379924e-07,-0,1.917475985e-06,-3.83495197e-06,0.5363767897,-0.0001073786552,0,0,0,0,0,0
10.35,1,1,5.273058958e-05,3.83495197e-05,-1.917475985e-06,6.735134397e-05,-0.04476108002,-4.482100115e-05,0,0,0,0,0.01047197551,0,-0.0430469944,0.006801004059,0.004169392258,-0.001714085624,-0.02166144906,-0.1591548924,12.76117239,0,-0.1944748257,0.169626868,0.1314683678,-0.2764254857,1.055260471,-0.001956600627,25.46478279,0.2764254857,0.001956600627,25.87463325,25.87463325,0.02207818103,0.5174926649,-9.587379924e-07,-9.587379924e-07,9.587379924e-07,-2.396844981e-06,0.5174926649,-0.0001054611792,-9.587379924e-07,-9.587379924e-07,9.587379924e-07,-2.396844981e-06,0.5174926649,-0.0001054611792,0,0,0,0,0,0
10.36,1,1,5.320995858e-05,3.73907817e-05,-1.917475985e-06,6.831008196e-05,-0.04464243619,-4.458131665e-05,0,0,0,0,0.01256637061,0,-0.0429787762,0.006842604564,0.004150689852,-0.001663659996,-0.02100215439,-0.1523665214,12.74339129,0,-0.1931240948,0.164932892,0.0209468295,-0.2676386713,1.057248285,-0.001878911749,24.37864342,0.2676386713,0.001878911749,24.66910784,24.66910784,0.02206287909,0.4933821567,-1.917475985e-06,9.587379924e-07,9.587379924e-07,-4.314320966e-06,0.4933821567,-0.0001059405482,-1.917475985e-06,9.587379924e-07,9.587379924e-07,-4.314320966e-06,0.4933821567,-0.0001059405482,0,0,0,0,0,0
10.37,1,1,5.320995858e-05,3.715109721e-05,-2.396844981e-06,6.735134397e-05,-0.04451300657,-4.410194765e-05,0,0,0,0,0.01361356817,0,-0.04291014293,0.006884017476,0.004131873652,-0.001602863634,-0.02021228547,-0.1456450562,12.72416352,0,-0.1916502659,0.1592586244,-0.08681850909,-0.2571844255,1.058172907,-0.001797882928,23.303209,0.2571844255,0.001797882928,23.4753728,23.4753728,0.02204705809,0.4695074559,-1.917475985e-06,1.438106989e-06,1.917475985e-06,-2.396844981e-06,0.4695074559,-0.0001068992862,-1.917475985e-06,1.438106989e-06,1.917475985e-06,-2.396844981e-06,0.4695074559,-0.0001068992862,0,0,0,0,0,0
10.38,1,1,5.344964308e-05,3.81098352e-05,-2.396844981e-06,6.687197497e-05,-0.04439939611,-4.482100115e-05,0,0,0,0,0.00837758041,0,-0.04284109648,0.00692524166,0.004112944174,-0.001558299635,-0.01963043893,-0.1467307282,12.70743129,0,-0.1903563119,0.1551083086,-0.1455862848,-0.2494524538,1.052794522,-0.001791610456,23.47691652,0.2494524538,0.001791610456,23.5825743,23.5825743,0.02203096936,0.4716514859,-2.396844981e-06,-4.793689962e-07,1.917475985e-06,-1.438106989e-06,0.4716514859,-0.0001054611792,-2.396844981e-06,-4.793689962e-07,1.917475985e-06,-1.438106989e-06,0.4716514859,-0.0001054611792,0,0,0,0,0,0
10.39,1,1,5.320995858e-05,3.81098352e-05,-1.438106989e-06,6.759102847e-05,-0.04432725108,-4.530037014e-05,0,0,0,0,0.005235987756,0,-0.04277163873,0.006966275984,0.004093901939,-0.001555612348,-0.01958135248,-0.1496655273,12.69687634,0,-0.1895344984,0.1549015151,-0.1214548859,-0.248622011,1.049570093,-0.001814950319,23.94648437,0.248622011,0.001814950319,24.07546645,24.07546645,0.02201500564,0.4815093289,-1.917475985e-06,-4.793689962e-07,-0,-2.876213977e-06,0.4815093289,-0.0001045024412,-1.917475985e-06,-4.793689962e-07,-0,-2.876213977e-06,0.4815093289,-0.0001045024412,0,0,0,0,0,0
10.4,1,1,5.201153609e-05,3.73907817e-05,-2.157160483e-06,6.878945096e-05,-0.04428794282,-4.458131665e-05,0,0,0,0,0.001047197551,0,-0.0427017716,0.007007119324,0.004074747467,-0.001586171227,-0.01995416286,-0.1567794593,12.69114843,0,-0.1890866922,0.1578266569,-0.0447156733,-0.2532412426,1.045335415,-0.001884569644,25.0847135,0.2532412426,0.001884569644,25.29512363,25.29512363,0.02199943469,0.5059024727,4.793689962e-07,9.587379924e-07,1.438106989e-06,-5.273058958e-06,0.5059024727,-0.0001059405482,4.793689962e-07,9.587379924e-07,1.438106989e-06,-5.273058958e-06,0.5059024727,-0.0001059405482,0,0,0,0,0,0
10.41,1,1,5.225122059e-05,3.715109721e-05,-1.677791487e-06,6.759102847e-05,-0.04427571891,-4.458131665e-05,0,0,0,0,0,0,-0.04263149699,0.007047770561,0.004055481283,-0.001644221927,-0.02067527583,-0.1633391953,12.68937048,0,-0.1889474295,0.1633391953,0.06479427562,-0.2623562348,1.044275719,-0.001958100954,26.13427125,0.2623562348,0.001958100954,26.46337986,26.46337986,0.02198443153,0.5292675972,-0,1.438106989e-06,4.793689962e-07,-2.876213977e-06,0.5292675972,-0.0001059405482,-0,1.438106989e-06,4.793689962e-07,-2.876213977e-06,0.5292675972,-0.0001059405482,0,0,0,0,0,0
10.42,1,1,5.201153609e-05,3.76304662e-05,-1.438106989e-06,6.711165947e-05,-0.04427236333,-4.554005464e-05,0,0,0,0,0,0,-0.04256081683,0.007088228579,0.004036103917,-0.001711546502,-0.02151335006,-0.1697207524,12.68888269,0,-0.1889092,0.1697207524,0.1696687572,-0.2729803752,1.044272363,-0.002033252718,27.15532038,0.2729803752,0.002033252718,27.60000277,27.60000277,0.02197004426,0.5520000554,4.793689962e-07,4.793689962e-07,-0,-1.917475985e-06,0.5520000554,-0.0001040230722,4.793689962e-07,4.793689962e-07,-0,-1.917475985e-06,0.5520000554,-0.0001040230722,0,0,0,0,0,0
10.43,1,1,5.225122059e-05,3.81098352e-05,-1.677791487e-06,6.759102847e-05,-0.04426732996,-4.530037014e-05,0,0,0,0,0,0,-0.04248973306,0.00712849227,0.004016615899,-0.001777596894,-0.02233452211,-0.1759780491,12.68815123,0,-0.1888518555,0.1759780491,0.2530094452,-0.2833837942,1.04426733,-0.002106866158,28.15648785,0.2833837942,0.002106866158,28.69498795,28.69498795,0.02195625824,0.5738997591,-0,-4.793689962e-07,4.793689962e-07,-2.876213977e-06,0.5738997591,-0.0001045024412,-0,-4.793689962e-07,4.793689962e-07,-2.876213977e-06,0.5738997591,-0.0001045024412,0,0,0,0,0,0
10.44,1,1,5.249090509e-05,3.83495197e-05,-1.677791487e-06,6.711165947e-05,-0.04425534573,-4.482100115e-05,0,0,0,0,0.001047197551,0,-0.04241824763,0.00716856053,0.003997017763,-0.001837098096,-0.02307186581,-0.180568773,12.68641071,0,-0.1887153189,0.1816159705,0.3095943963,-0.2926991657,1.045302817,-0.0021648045,28.89100367,0.2926991657,0.0021648045,29.49546204,29.49546204,0.0219429991,0.5899092408,-4.793689962e-07,-9.587379924e-07,4.793689962e-07,-1.917475985e-06,0.5899092408,-0.0001054611792,-4.793689962e-07,-9.587379924e-07,4.793689962e-07,-1.917475985e-06,0.5899092408,-0.0001054611792,0,0,0,0,0,0
10.45,1,1,5.344964308e-05,3.76304662e-05,-1.198422491e-06,6.687197497e-05,-0.04423185665,-4.434163215e-05,0,0,0,0,0.002094395102,0,-0.04234636251,0.00720843226,0.003977310047,-0.001885494144,-0.0236676258,-0.1841137264,12.68300366,0,-0.1884476994,0.1862081215,0.3365652895,-0.3001765846,1.046327348,-0.002210336405,29.45819622,0.3001765846,0.002210336405,30.09714843,30.09714843,0.02193016973,0.6019429686,-2.396844981e-06,4.793689962e-07,-4.793689962e-07,-1.438106989e-06,0.6019429686,-0.0001064199172,-2.396844981e-06,4.793689962e-07,-4.793689962e-07,-1.438106989e-06,0.6019429686,-0.0001064199172,0,0,0,0,0,0
10.46,1,1,5.297027408e-05,3.73907817e-05,-1.677791487e-06,6.711165947e-05,-0.04419518492,-4.482100115e-05,0,0,0,0,0.003141592654,0,-0.04227407965,0.007248106368,0.003957493291,-0.001921105274,-0.02410061708,-0.1864569602,12.677696,0,-0.188029865,0.1895985528,0.3367361229,-0.3055402968,1.047339245,-0.002241514393,29.83311363,0.3055402968,0.002241514393,30.47763156,30.47763156,0.02191763213,0.6095526312,-1.438106989e-06,9.587379924e-07,4.793689962e-07,-1.917475985e-06,0.6095526312,-0.0001054611792,-1.438106989e-06,9.587379924e-07,4.793689962e-07,-1.917475985e-06,0.6095526312,-0.0001054611792,0,0,0,0,0,0
10.47,1,1,5.320995858e-05,3.73907817e-05,-2.157160483e-06,6.759102847e-05,-0.04414676865,-4.506068564e-05,0,0,0,0,0.005235987756,0,-0.04220140104,0.007287581765,0.003937568038,-0.001945367612,-0.02438923896,-0.186687331,12.67071,0,-0.1874781762,0.1919233188,0.3173057612,-0.3090289739,1.04938961,-0.002251808267,29.86997297,0.3090289739,0.002251808267,30.49855951,30.49855951,0.02190527096,0.6099711902,-1.917475985e-06,9.587379924e-07,1.438106989e-06,-2.876213977e-06,0.6099711902,-0.0001049818102,-1.917475985e-06,9.587379924e-07,1.438106989e-06,-2.876213977e-06,0.6099711902,-0.0001049818102,0,0,0,0,0,0
10.48,1,1,5.297027408e-05,3.73907817e-05,-2.396844981e-06,6.759102847e-05,-0.04408373163,-4.482100115e-05,0,0,0,0,0.007330382858,0,-0.04212832868,0.007326857369,0.003917534835,-0.001955402951,-0.0244972864,-0.1855827142,12.66165095,0,-0.1867598237,0.1929130971,0.2767701869,-0.3101760896,1.051427548,-0.002245928559,29.69323427,0.3101760896,0.002245928559,30.28242648,30.28242648,0.02189299404,0.6056485296,-1.438106989e-06,9.587379924e-07,1.917475985e-06,-2.876213977e-06,0.6056485296,-0.0001054611792,-1.438106989e-06,9.587379924e-07,1.917475985e-06,-2.876213977e-06,0.6056485296,-0.0001054611792,0,0,0,0,0,0
10.49,1,1,5.225122059e-05,3.619235921e-05,-1.917475985e-06,6.807039746e-05,-0.043999123,-4.434163215e-05,0,0,0,0,0.009424777961,0,-0.04205486456,0.007365932103,0.003897394231,-0.001944258439,-0.02433719363,-0.18249082,12.64955678,0,-0.1857955325,0.191915598,0.2071630468,-0.3078547127,1.053446108,-0.002215737805,29.19853121,0.3078547127,0.002215737805,29.7157647,29.7157647,0.02188051818,0.5943152941,-0,3.355582973e-06,9.587379924e-07,-3.83495197e-06,0.5943152941,-0.0001064199172,-0,3.355582973e-06,9.587379924e-07,-3.83495197e-06,0.5943152941,-0.0001064199172,0,0,0,0,0,0
10.5,1,1,5.273058958e-05,3.667172821e-05,-2.157160483e-06,6.783071296e-05,-0.04388647129,-4.482100115e-05,0,0,0,0,0.01256637061,0,-0.04198101071,0.007404804897,0.003877146778,-0.001905460578,-0.02382794387,-0.1757552285,12.63356928,0,-0.1845114293,0.1883215992,0.1025952706,-0.3010319796,1.05649232,-0.00214505352,28.12083657,0.3010319796,0.00214505352,28.52660887,28.52660887,0.0218675875,0.5705321774,-9.587379924e-07,2.396844981e-06,1.438106989e-06,-3.355582973e-06,0.5705321774,-0.0001054611792,-9.587379924e-07,2.396844981e-06,1.438106989e-06,-3.355582973e-06,0.5705321774,-0.0001054611792,0,0,0,0,0,0
10.51,1,1,5.225122059e-05,3.715109721e-05,-1.917475985e-06,6.783071296e-05,-0.04375057018,-4.458131665e-05,0,0,0,0,0.01256637061,0,-0.04190676914,0.007443474684,0.00385679303,-0.001843801035,-0.02303130246,-0.1700104902,12.61445678,0,-0.1829620028,0.1825768608,-0.02146557656,-0.2905273695,1.056356419,-0.002073122135,27.20167843,0.2905273695,0.002073122135,27.47281334,27.47281334,0.02185399331,0.5494562669,-0,1.438106989e-06,9.587379924e-07,-3.355582973e-06,0.5494562669,-0.0001059405482,-0,1.438106989e-06,9.587379924e-07,-3.355582973e-06,0.5494562669,-0.0001059405482,0,0,0,0,0,0
10.52,1,1,5.201153609e-05,3.73907817e-05,-1.677791487e-06,6.711165947e-05,-0.04361562781,-4.410194765e-05,0,0,0,0,0.01047197551,0,-0.0418321419,0.007481940405,0.003836333547,-0.001783485909,-0.02225342083,-0.1664809078,12.59566727,0,-0.1814231783,0.1769528833,-0.1201495316,-0.2802966844,1.054115019,-0.002020174767,26.63694524,0.2802966844,0.002020174767,26.79911257,26.79911257,0.02183988661,0.5359822514,4.793689962e-07,9.587379924e-07,4.793689962e-07,-1.917475985e-06,0.5359822514,-0.0001068992862,4.793689962e-07,9.587379924e-07,4.793689962e-07,-1.917475985e-06,0.5359822514,-0.0001068992862,0,0,0,0,0,0
10.53,1,1,5.153216709e-05,3.73907817e-05,-2.396844981e-06,6.759102847e-05,-0.0435089682,-4.458131665e-05,0,0,0,0,0.009424777961,0,-0.04175713102,0.007520201005,0.003815768889,-0.001751837186,-0.02183789897,-0.1645966649,12.58094805,0,-0.1802066482,0.1740214428,-0.1509681673,-0.2747414725,1.052955953,-0.001991618989,26.33546638,0.2747414725,0.001991618989,26.4612313,26.4612313,0.02182560674,0.5292246261,1.438106989e-06,9.587379924e-07,1.917475985e-06,-2.876213977e-06,0.5292246261,-0.0001059405482,1.438106989e-06,9.587379924e-07,1.917475985e-06,-2.876213977e-06,0.5292246261,-0.0001059405482,0,0,0,0,0,0
10.54,1,1,5.225122059e-05,3.76304662e-05,-1.677791487e-06,6.759102847e-05,-0.04342411989,-4.482100115e-05,0,0,0,0,0.007330382858,0,-0.04168173856,0.007558255434,0.003795099619,-0.001742381328,-0.02170209758,-0.1658468051,12.56932191,0,-0.1792387476,0.173177188,-0.138220436,-0.2727806506,1.050767936,-0.001997109175,26.53548882,0.2727806506,0.001997109175,26.67204615,26.67204615,0.02181136043,0.5334409229,-0,4.793689962e-07,4.793689962e-07,-2.876213977e-06,0.5334409229,-0.0001054611792,-0,4.793689962e-07,4.793689962e-07,-2.876213977e-06,0.5334409229,-0.0001054611792,0,0,0,0,0,0
10.55,1,1,5.344964308e-05,3.73907817e-05,-2.396844981e-06,6.735134397e-05,-0.0433574876,-4.410194765e-05,0,0,0,0,0.005235987756,0,-0.0416059666,0.00759610265,0.003774326305,-0.001751521001,-0.02180005909,-0.1688468659,12.56024325,0,-0.1784785558,0.1740828536,-0.09597632036,-0.273814045,1.048600329,-0.002023545395,27.01549854,0.273814045,0.002023545395,27.19535981,27.19535981,0.02179727218,0.5439071962,-2.396844981e-06,9.587379924e-07,1.917475985e-06,-2.396844981e-06,0.5439071962,-0.0001068992862,-2.396844981e-06,9.587379924e-07,1.917475985e-06,-2.396844981e-06,0.5439071962,-0.0001068992862,0,0,0,0,0,0
10.56,1,1,5.320995858e-05,3.76304662e-05,-1.917475985e-06,6.663229047e-05,-0.04329660774,-4.458131665e-05,0,0,0,0,0.006283185307,0,-0.0415298172,0.007633741616,0.003753449516,-0.001766790534,-0.02197479897,-0.1692821303,12.55198787,0,-0.1777839239,0.1755653156,-0.05123505836,-0.2758274102,1.049589663,-0.002031294628,27.08514085,0.2758274102,0.002031294628,27.31176449,27.31176449,0.02178336728,0.5462352899,-1.917475985e-06,4.793689962e-07,9.587379924e-07,-9.587379924e-07,0.5462352899,-0.0001059405482,-1.917475985e-06,4.793689962e-07,9.587379924e-07,-9.587379924e-07,0.5462352899,-0.0001059405482,0,0,0,0,0,0
10.57,1,1,5.225122059e-05,3.73907817e-05,-1.198422491e-06,6.711165947e-05,-0.04323980251,-4.434163215e-05,0,0,0,0,0.004188790205,0,-0.04145329247,0.007671171298,0.003732469825,-0.001786510047,-0.02220509386,-0.1732775641,12.54431899,0,-0.1771357246,0.1774663543,-0.00680313015,-0.2785477805,1.047432979,-0.002069398044,27.72441025,0.2785477805,0.002069398044,27.9982243,27.9982243,0.02176968805,0.559964486,-0,9.587379924e-07,-4.793689962e-07,-1.917475985e-06,0.559964486,-0.0001064199172,-0,9.587379924e-07,-4.793689962e-07,-1.917475985e-06,0.559964486,-0.0001064199172,0,0,0,0,0,0
10.58,1,1,5.177185159e-05,3.78701507e-05,-1.438106989e-06,6.807039746e-05,-0.0431858735,-4.434163215e-05,0,0,0,0,0.005235987756,0,-0.04137639448,0.007708390671,0.003711387805,-0.00180947902,-0.02247579175,-0.1744368676,12.53706869,0,-0.1765202935,0.1796728554,0.0347746794,-0.2817805449,1.048428715,-0.002085913178,27.90989882,0.2817805449,0.002085913178,28.22853995,28.22853995,0.02175621741,0.5645707991,9.587379924e-07,-0,-0,-3.83495197e-06,0.5645707991,-0.0001064199172,9.587379924e-07,-0,-0,-3.83495197e-06,0.5645707991,-0.0001064199172,0,0,0,0,0,0
10.59,1,1,5.320995858e-05,3.76304662e-05,-1.677791487e-06,6.759102847e-05,-0.04312043963,-4.506068564e-05,0,0,0,0,0.007330382858,0,-0.04129912536,0.007745398715,0.003690204036,-0.001821314276,-0.02260661253,-0.1735013273,12.5283112,0,-0.1757735025,0.1808317102,0.04895539709,-0.2832226771,1.050464256,-0.002081508239,27.76021237,0.2832226771,0.002081508239,28.09447195,28.09447195,0.02174282276,0.5618894391,-1.917475985e-06,4.793689962e-07,4.793689962e-07,-2.876213977e-06,0.5618894391,-0.0001049818102,-1.917475985e-06,4.793689962e-07,4.793689962e-07,-2.876213977e-06,0.5618894391,-0.0001049818102,0,0,0,0,0,0
10.6,1,1,5.249090509e-05,3.715109721e-05,-1.917475985e-06,6.807039746e-05,-0.04303918659,-4.458131665e-05,-0.001047197551,0,0,0,0.009424777961,0,-0.04122148721,0.007782194414,0.003668919099,-0.001817699374,-0.02254381822,-0.1711121768,12.51749677,0,-0.1748460656,0.1805369547,0.03368654334,-0.2821921717,1.052486171,-0.002059481862,27.37794828,0.2821921717,0.002059481862,27.69588648,27.69588648,0.0217293647,0.5539177296,0.0001042403861,1.438106989e-06,9.587379924e-07,-3.83495197e-06,0.5539177296,-0.0001059405482,0.0001042403861,1.438106989e-06,9.587379924e-07,-3.83495197e-06,0.5539177296,-0.0001059405482,0,0,0,0,0,0
10.61,1,1,5.344964308e-05,3.715109721e-05,-1.677791487e-06,6.854976646e-05,-0.04293612225,-4.506068564e-05,0,0,0,0,0.009424777961,0,-0.04114348218,0.007818776761,0.003647533576,-0.001792640074,-0.02221295776,-0.168799015,12.50387513,0,-0.1736695072,0.1782237929,-0.01473910247,-0.27774805,1.052383107,-0.002029958672,27.0078424,0.27774805,0.002029958672,27.2728813,27.2728813,0.02171560303,0.545457626,-2.396844981e-06,1.438106989e-06,4.793689962e-07,-4.793689962e-06,0.545457626,-0.0001049818102,-2.396844981e-06,1.438106989e-06,4.793689962e-07,-4.793689962e-06,0.545457626,-0.0001049818102,0,0,0,0,0,0
10.62,1,1,5.392901207e-05,3.715109721e-05,-2.157160483e-06,6.831008196e-05,-0.04283617382,-4.458131665e-05,0,0,0,0,0.009424777961,0,-0.04106511239,0.007855144753,0.003626048054,-0.001771061425,-0.02192619836,-0.1668122655,12.49076734,0,-0.1725283456,0.1762370434,-0.04817782428,-0.2738750423,1.052283158,-0.002004398948,26.68996248,0.2738750423,0.002004398948,26.91766409,26.91766409,0.02170165855,0.5383532818,-3.355582973e-06,1.438106989e-06,1.438106989e-06,-4.314320966e-06,0.5383532818,-0.0001059405482,-3.355582973e-06,1.438106989e-06,1.438106989e-06,-4.314320966e-06,0.5383532818,-0.0001059405482,0,0,0,0,0,0
10.63,1,1,5.344964308e-05,3.643204371e-05,-1.677791487e-06,6.759102847e-05,-0.04274245718,-4.506068564e-05,0,0,0,0,0.009424777961,0,-0.04098638,0.007891297391,0.003604463122,-0.001756077177,-0.02172225726,-0.1654455436,12.47856784,0,-0.1714581812,0.1748703216,-0.06409835854,-0.2710626609,1.052189442,-0.001986339504,26.47128698,0.2710626609,0.001986339504,26.68023762,26.68023762,0.02168763834,0.5336047523,-2.396844981e-06,2.876213977e-06,4.793689962e-07,-2.876213977e-06,0.5336047523,-0.0001049818102,-2.396844981e-06,2.876213977e-06,4.793689962e-07,-2.876213977e-06,0.5336047523,-0.0001049818102,0,0,0,0,0,0
10.64,1,1,5.297027408e-05,3.667172821e-05,-1.917475985e-06,6.831008196e-05,-0.04266240256,-4.458131665e-05,0,0,0,0,0.007330382858,0,-0.04090728717,0.007927233686,0.003582779372,-0.00175511539,-0.02169350468,-0.167493451,12.46821637,0,-0.170543908,0.1748238339,-0.05268812306,-0.2704793101,1.050006219,-0.002001299742,26.79895216,0.2704793101,0.002001299742,27.01874465,27.01874465,0.02167367837,0.540374893,-1.438106989e-06,2.396844981e-06,9.587379924e-07,-4.314320966e-06,0.540374893,-0.0001059405482,-1.438106989e-06,2.396844981e-06,9.587379924e-07,-4.314320966e-06,0.540374893,-0.0001059405482,0,0,0,0,0,0
10.65,1,1,5.249090509e-05,3.691141271e-05,-2.396844981e-06,6.711165947e-05,-0.04256940497,-4.482100115e-05,0,0,0,0,0.009424777961,0,-0.04082783605,0.007962952651,0.003560997398,-0.001741568918,-0.02150803536,-0.1641667849,12.45627161,0,-0.1694816829,0.1735915629,-0.06622124562,-0.2679099302,1.05201639,-0.0019677906,26.26668559,0.2679099302,0.0019677906,26.47034206,26.47034206,0.0216595831,0.5294068412,-4.793689962e-07,1.917475985e-06,1.917475985e-06,-1.917475985e-06,0.5294068412,-0.0001054611792,-4.793689962e-07,1.917475985e-06,1.917475985e-06,-1.917475985e-06,0.5294068412,-0.0001054611792,0,0,0,0,0,0
10.66,1,1,5.297027408e-05,3.76304662e-05,-2.157160483e-06,6.807039746e-05,-0.04245819136,-4.506068564e-05,0,0,0,0,0.01151917306,0,-0.04074802884,0.007998453308,0.003539117797,-0.001710162523,-0.02110066377,-0.1591562064,12.44210018,0,-0.1682112035,0.1706753795,-0.1081046755,-0.2625365724,1.054010537,-0.001913699764,25.46499303,0.2625365724,0.001913699764,25.62133862,25.62133862,0.02164516989,0.5124267725,-1.438106989e-06,4.793689962e-07,1.438106989e-06,-3.83495197e-06,0.5124267725,-0.0001049818102,-1.438106989e-06,4.793689962e-07,1.438106989e-06,-3.83495197e-06,0.5124267725,-0.0001049818102,0,0,0,0,0,0
10.67,1,1,5.320995858e-05,3.73907817e-05,-1.677791487e-06,6.807039746e-05,-0.04232085215,-4.506068564e-05,0,0,0,0,0.01466076572,0,-0.04066786772,0.008033734684,0.00351714117,-0.001652984429,-0.02037384004,-0.1506659407,12.42476903,0,-0.1666419881,0.1653267064,-0.1868285417,-0.2531402569,1.057035352,-0.001820770548,24.10655051,0.2531402569,0.001820770548,24.17468299,24.17468299,0.02163019343,0.4834936598,-1.917475985e-06,9.587379924e-07,4.793689962e-07,-3.83495197e-06,0.4834936598,-0.0001049818102,-1.917475985e-06,9.587379924e-07,4.793689962e-07,-3.83495197e-06,0.4834936598,-0.0001049818102,0,0,0,0,0,0
10.68,1,1,5.225122059e-05,3.81098352e-05,-2.876213977e-06,6.807039746e-05,-0.04217943829,-4.530037014e-05,0,0,0,0,0.01256637061,0,-0.04058735488,0.00806879581,0.003495068119,-0.001592083412,-0.01960242307,-0.1470555448,12.40711858,0,-0.1650258926,0.1596219154,-0.2566968298,-0.2432095874,1.054785287,-0.001768319473,23.52888716,0.2432095874,0.001768319473,23.51716824,23.51716824,0.02161473165,0.4703433647,-0,-4.793689962e-07,2.876213977e-06,-3.83495197e-06,0.4703433647,-0.0001045024412,-0,-4.793689962e-07,2.876213977e-06,-3.83495197e-06,0.4703433647,-0.0001045024412,0,0,0,0,0,0
10.69,1,1,5.297027408e-05,3.715109721e-05,-2.636529479e-06,6.759102847e-05,-0.04206438973,-4.434163215e-05,0,0,0,0,0.00837758041,0,-0.04050649254,0.008103635727,0.003472899249,-0.001557897195,-0.0191637516,-0.1480579352,12.39290424,0,-0.1637108628,0.1564355156,-0.267154811,-0.2374945384,1.050459516,-0.001764522809,23.68926963,0.2374945384,0.001764522809,23.66137388,23.66137388,0.02159910085,0.4732274777,-1.438106989e-06,1.438106989e-06,2.396844981e-06,-2.876213977e-06,0.4732274777,-0.0001064199172,-1.438106989e-06,1.438106989e-06,2.396844981e-06,-2.876213977e-06,0.4732274777,-0.0001064199172,0,0,0,0,0,0
10.7,1,1,5.273058958e-05,3.78701507e-05,-1.198422491e-06,6.663229047e-05,-0.04198481448,-4.434163215e-05,0,0,0,0,0.005235987756,0,-0.04042528291,0.008138253478,0.003450635167,-0.001559531573,-0.01916943473,-0.1513952262,12.38314872,0,-0.1628011753,0.1566312139,-0.2135648365,-0.237377961,1.047227656,-0.001791925349,24.22323618,0.237377961,0.001791925349,24.24884123,24.24884123,0.02158364231,0.4849768247,-9.587379924e-07,-0,-4.793689962e-07,-9.587379924e-07,0.4849768247,-0.0001064199172,-9.587379924e-07,-0,-4.793689962e-07,-9.587379924e-07,0.4849768247,-0.0001064199172,0,0,0,0,0,0
10.71,1,1,5.177185159e-05,3.81098352e-05,-1.198422491e-06,6.711165947e-05,-0.04192585209,-4.434163215e-05,0.001047197551,0,0,0,0.005235987756,0,-0.04034372821,0.008172648115,0.003428276485,-0.001582123881,-0.019434471,-0.153570247,12.37596025,0,-0.1621270642,0.1588062347,-0.1342015961,-0.2405202406,1.047168694,-0.001816182499,24.57123952,0.2405202406,0.001816182499,24.67937434,24.67937434,0.0215684376,0.4935874869,-0.0001037610171,-4.793689962e-07,-4.793689962e-07,-1.917475985e-06,0.4935874869,-0.0001064199172,-0.0001037610171,-4.793689962e-07,-4.793689962e-07,-1.917475985e-06,0.4935874869,-0.0001064199172,0,0,0,0,0,0
10.72,1,1,5.249090509e-05,3.76304662e-05,-9.587379924e-07,6.735134397e-05,-0.04188390731,-4.434163215e-05,0,0,0,0,0.003141592654,0,-0.04026183069,0.008206818694,0.003405823814,-0.001622076615,-0.01991390498,-0.1594784334,12.37086722,0,-0.1616474797,0.1626200261,-0.03941939976,-0.2463522744,1.045027967,-0.001877058522,25.51654935,0.2463522744,0.001877058522,25.72535928,25.72535928,0.02155363784,0.5145071856,-4.793689962e-07,4.793689962e-07,-9.587379924e-07,-2.396844981e-06,0.5145071856,-0.0001064199172,-4.793689962e-07,4.793689962e-07,-9.587379924e-07,-2.396844981e-06,0.5145071856,-0.0001064199172,0,0,0,0,0,0
10.73,1,1,5.249090509e-05,3.81098352e-05,-1.677791487e-06,6.783071296e-05,-0.04185634359,-4.434163215e-05,0,0,0,0,0.002094395102,0,-0.04017959259,0.00824076428,0.003383277772,-0.001676751,-0.02057483688,-0.1657275212,12.36752973,0,-0.1613323088,0.1678219163,0.06312537785,-0.2544599068,1.043951835,-0.001945300554,26.5164034,0.2544599068,0.001945300554,26.83593398,26.83593398,0.02153936046,0.5367186796,-4.793689962e-07,-4.793689962e-07,4.793689962e-07,-3.355582973e-06,0.5367186796,-0.0001064199172,-4.793689962e-07,-4.793689962e-07,4.793689962e-07,-3.355582973e-06,0.5367186796,-0.0001064199172,0,0,0,0,0,0
10.74,1,1,5.273058958e-05,3.83495197e-05,-1.198422491e-06,6.783071296e-05,-0.04182925924,-4.434163215e-05,0,0,0,0,0.003141592654,0,-0.04009701616,0.00827448394,0.003360638974,-0.001732243082,-0.02124519544,-0.1699570494,12.36425751,0,-0.1610226075,0.1730986421,0.1480169742,-0.2626810674,1.044973319,-0.001997568121,27.19312791,0.2626810674,0.001997568121,27.60582352,27.60582352,0.02152556134,0.5521164704,-9.587379924e-07,-9.587379924e-07,-4.793689962e-07,-3.355582973e-06,0.5521164704,-0.0001064199172,-9.587379924e-07,-9.587379924e-07,-4.793689962e-07,-3.355582973e-06,0.5521164704,-0.0001064199172,0,0,0,0,0,0
10.75,1,1,5.201153609e-05,3.85892042e-05,-1.438106989e-06,6.783071296e-05,-0.0417928272,-4.410194765e-05,0,0,0,0,0.003141592654,0,-0.04001410367,0.008307976752,0.003337908044,-0.001778723531,-0.02180347774,-0.1743819493,12.35986723,0,-0.1606059996,0.177523542,0.201417894,-0.2694880901,1.044936887,-0.0020481534,27.90111189,0.2694880901,0.0020481534,28.37406603,28.37406603,0.02151216668,0.5674813206,4.793689962e-07,-1.438106989e-06,-0,-3.355582973e-06,0.5674813206,-0.0001068992862,4.793689962e-07,-1.438106989e-06,-0,-3.355582973e-06,0.5674813206,-0.0001068992862,0,0,0,0,0,0
10.76,1,1,5.249090509e-05,3.81098352e-05,-2.396844981e-06,6.831008196e-05,-0.04173050923,-4.434163215e-05,0,0,0,0,0.007330382858,0,-0.03993085738,0.008341241796,0.003315085603,-0.001799651844,-0.02204547237,-0.1722083432,12.35238754,0,-0.1598933322,0.1795387261,0.2001334398,-0.2723142181,1.049074326,-0.002037414564,27.55333492,0.2723142181,0.002037414564,28.02781999,28.02781999,0.02149887565,0.5605563998,-4.793689962e-07,-4.793689962e-07,1.917475985e-06,-4.314320966e-06,0.5605563998,-0.0001064199172,-4.793689962e-07,-4.793689962e-07,1.917475985e-06,-4.314320966e-06,0.5605563998,-0.0001064199172,0,0,0,0,0,0
10.77,1,1,5.273058958e-05,3.76304662e-05,-1.917475985e-06,6.831008196e-05,-0.04163607354,-4.434163215e-05,0,0,0,0,0.01151917306,0,-0.03984727959,0.008374278161,0.003292172277,-0.001788793943,-0.0218948166,-0.1670382047,12.34112495,0,-0.1588132502,0.1785573777,0.144306313,-0.2702066674,1.053188419,-0.001990529818,26.72611275,0.2702066674,0.001990529818,27.14261626,27.14261626,0.02148537449,0.5428523252,-9.587379924e-07,4.793689962e-07,9.587379924e-07,-4.314320966e-06,0.5428523252,-0.0001064199172,-9.587379924e-07,4.793689962e-07,9.587379924e-07,-4.314320966e-06,0.5428523252,-0.0001064199172,0,0,0,0,0,0
10.78,1,1,5.320995858e-05,3.81098352e-05,-1.677791487e-06,6.831008196e-05,-0.04149801526,-4.458131665e-05,0,0,0,0,0.01466076572,0,-0.03976337259,0.008407084941,0.003269168694,-0.001734642679,-0.02121075215,-0.1588311261,12.32481561,0,-0.1572339956,0.1734918919,0.02429091209,-0.2614186092,1.056212515,-0.001902370263,25.41298018,0.2614186092,0.001902370263,25.70059207,25.70059207,0.02147126392,0.5140118415,-1.917475985e-06,-4.793689962e-07,4.793689962e-07,-4.314320966e-06,0.5140118415,-0.0001059405482,-1.917475985e-06,-4.793689962e-07,4.793689962e-07,-4.314320966e-06,0.5140118415,-0.0001059405482,0,0,0,0,0,0
10.79,1,1,5.249090509e-05,3.81098352e-05,-1.917475985e-06,6.759102847e-05,-0.0413443775,-4.386226315e-05,0,0,0,0,0.01570796327,0,-0.03967913866,0.008439661236,0.003246075486,-0.001665238839,-0.02034043068,-0.1512740876,12.30688258,0,-0.1554761786,0.1669820509,-0.09950002089,-0.250327292,1.057114026,-0.001813711265,24.20385402,0.250327292,0.001813711265,24.356495,24.356495,0.02145652774,0.4871299,-4.793689962e-07,-4.793689962e-07,9.587379924e-07,-2.876213977e-06,0.4871299,-0.0001073786552,-4.793689962e-07,-4.793689962e-07,9.587379924e-07,-2.876213977e-06,0.4871299,-0.0001073786552,0,0,0,0,0,0
10.8,1,1,5.225122059e-05,3.76304662e-05,-1.917475985e-06,6.759102847e-05,-0.04118738415,-4.434163215e-05,0,0,0,0,0.01570796327,0,-0.03959458013,0.008472006154,0.003222893285,-0.001592804023,-0.0194348326,-0.1444714623,12.28879285,0,-0.153679595,0.1601794256,-0.2058536434,-0.2388306319,1.056957032,-0.001730404256,23.11543397,0.2388306319,0.001730404256,23.15014136,23.15014136,0.02144120613,0.4630028273,-0,4.793689962e-07,9.587379924e-07,-2.876213977e-06,0.4630028273,-0.0001064199172,-0,4.793689962e-07,9.587379924e-07,-2.876213977e-06,0.4630028273,-0.0001064199172,0,0,0,0,0,0
10.81,1,1,5.273058958e-05,3.81098352e-05,-1.917475985e-06,6.759102847e-05,-0.0410212828,-4.434163215e-05,0,0,0,0,0.01675516082,0,-0.03950969931,0.008504118807,0.003199622727,-0.001511583485,-0.01842348842,-0.135783871,12.26991119,0,-0.1517783746,0.1525390318,-0.308654101,-0.2260545668,1.057846627,-0.001627880151,21.72541936,0.2260545668,0.001627880151,21.64444771,21.64444771,0.02142524763,0.4328889542,-9.587379924e-07,-4.793689962e-07,9.587379924e-07,-2.876213977e-06,0.4328889542,-0.0001064199172,-9.587379924e-07,-4.793689962e-07,9.587379924e-07,-2.876213977e-06,0.4328889542,-0.0001064199172,0,0,0,0,0,0
10.82,1,1,5.273058958e-05,3.73907817e-05,-1.677791487e-06,6.759102847e-05,-0.04083672573,-4.434163215e-05,0,0,0,0,0.01884955592,0,-0.03942449853,0.008535998316,0.003176264449,-0.001412227201,-0.0171923323,-0.1243237218,12.24924084,0,-0.1496654222,0.1431732777,-0.4238854319,-0.210593019,1.059775108,-0.001494764204,19.89179548,0.210593019,0.001494764204,19.67999783,19.67999783,0.02140851902,0.3935999566,-9.587379924e-07,9.587379924e-07,4.793689962e-07,-2.876213977e-06,0.3935999566,-0.0001064199172,-9.587379924e-07,9.587379924e-07,4.793689962e-07,-2.876213977e-06,0.3935999566,-0.0001064199172,0,0,0,0,0,0
10.83,1,1,5.225122059e-05,3.78701507e-05,-1.677791487e-06,6.735134397e-05,-0.04065576394,-4.482100115e-05,0,0,0,-0.001047197551,0.01466076572,0,-0.03933898013,0.008567643806,0.003152819092,-0.001316783811,-0.01601205842,-0.119506424,12.22928787,0,-0.1475931417,0.1341671897,-0.5096695191,-0.1958160718,1.055370264,-0.001423774888,19.12102784,0.1958160718,0.001423774888,18.80859816,18.80859816,0.02139119313,0.3761719633,-0,-0,4.793689962e-07,0.0001023229101,0.3761719633,-0.0001054611792,-0,-0,4.793689962e-07,0.0001023229101,0.3761719633,-0.0001054611792,0,0,0,0,0,0
10.84,1,1,5.225122059e-05,3.76304662e-05,-1.438106989e-06,6.831008196e-05,-0.04053208674,-4.458131665e-05,0,0,0,0,0.00837758041,0.001047197551,-0.03925314644,0.00859905441,0.0031292873,-0.001278940297,-0.01553806869,-0.1222377507,12.21582969,0,-0.1461765793,0.1306153311,-0.4798911665,-0.1898104008,1.048927213,-0.001437417873,19.55804012,0.1898104008,0.001437417873,19.26939677,19.26939677,0.02137380783,0.3853879354,-0,4.793689962e-07,-0,-4.314320966e-06,0.3853879354,-0.0002106603033,-0,4.793689962e-07,-0,-4.314320966e-06,0.3853879354,-0.0002106603033,0,0,0,0,0,0
10.85,1,1,5.225122059e-05,3.73907817e-05,-1.438106989e-06,6.759102847e-05,-0.04046521476,-4.458131665e-05,0,0,0,0,0.004188790205,0,-0.03916699982,0.008630229266,0.003105669716,-0.001298214938,-0.01576214369,-0.128290735,12.20861309,0,-0.145410555,0.1324795252,-0.3564573838,-0.1924339137,1.044658391,-0.001495144276,20.52651759,0.1924339137,0.001495144276,20.36398927,20.36398927,0.02135673753,0.4072797854,-0,9.587379924e-07,-0,-2.876213977e-06,0.4072797854,-0.0001059405482,-0,9.587379924e-07,-0,-2.876213977e-06,0.4072797854,-0.0001059405482,0,0,0,0,0,0
10.86,1,1,5.368932758e-05,3.83495197e-05,-1.438106989e-06,6.687197497e-05,-0.04044220505,-4.434163215e-05,0,0,0,0,0.001047197551,0,-0.03908054264,0.00866116752,0.003081966989,-0.001361662407,-0.01652502469,-0.1374839244,12.20613971,0,-0.1451469618,0.1385311219,-0.1795163361,-0.2017067601,1.041489677,-0.00159134738,21.9974279,0.2017067601,0.00159134738,22.02120967,22.02120967,0.02134028079,0.4404241935,-2.876213977e-06,-9.587379924e-07,-0,-1.438106989e-06,0.4404241935,-0.0001064199172,-2.876213977e-06,-9.587379924e-07,-0,-1.438106989e-06,0.4404241935,-0.0001064199172,0,0,0,0,0,0
10.87,1,1,5.273058958e-05,3.906857319e-05,-1.917475985e-06,6.735134397e-05,-0.04043908915,-4.458131665e-05,0,0,0,0,0.001047197551,0,-0.03899377727,0.008691868324,0.003058179768,-0.001445311886,-0.01753377005,-0.1454461405,12.20580516,0,-0.1451112663,0.146493338,-0.0009657908102,-0.2140137809,1.041486561,-0.00168224597,23.27138247,0.2140137809,0.00168224597,23.48611271,23.48611271,0.02132446784,0.4697222542,-9.587379924e-07,-2.396844981e-06,9.587379924e-07,-2.396844981e-06,0.4697222542,-0.0001059405482,-9.587379924e-07,-2.396844981e-06,9.587379924e-07,-2.396844981e-06,0.4697222542,-0.0001059405482,0,0,0,0,0,0
10.88,1,1,5.177185159e-05,3.930825769e-05,-1.438106989e-06,6.735134397e-05,-0.04043621294,-4.386226315e-05,0,0,0,0,0,0,-0.03890670607,0.008722330836,0.003034308705,-0.001529506867,-0.01854842036,-0.1545018604,12.20549642,0,-0.1450783165,0.1545018604,0.1458076776,-0.2263926784,1.040436213,-0.001782109252,24.72029766,0.2263926784,0.001782109252,25.09428012,25.09428012,0.02130931173,0.5018856025,9.587379924e-07,-2.876213977e-06,-0,-2.396844981e-06,0.5018856025,-0.0001073786552,9.587379924e-07,-2.876213977e-06,-0,-2.396844981e-06,0.5018856025,-0.0001073786552,0,0,0,0,0,0
10.89,1,1,5.225122059e-05,3.78701507e-05,-1.677791487e-06,6.807039746e-05,-0.04042998114,-4.410194765e-05,0,0,0,0,0,0,-0.03881933145,0.008752554221,0.003010354456,-0.001610649695,-0.01952506489,-0.1622163895,12.20482776,0,-0.1450069249,0.1622163895,0.2602424677,-0.2383000539,1.040429981,-0.001869791707,25.95462232,0.2383000539,0.001869791707,26.45503463,26.45503463,0.02129481489,0.5291006926,-0,-0,4.793689962e-07,-3.83495197e-06,0.5291006926,-0.0001068992862,-0,-0,4.793689962e-07,-3.83495197e-06,0.5291006926,-0.0001068992862,0,0,0,0,0,0
10.9,1,1,5.273058958e-05,3.73907817e-05,-1.677791487e-06,6.735134397e-05,-0.04041320323,-4.458131665e-05,0,0,0,0,0.002094395102,0,-0.03873165579,0.00878253765,0.002986317676,-0.00168154744,-0.02037593112,-0.1668633694,12.20302933,0,-0.1448147138,0.1689577645,0.3354495456,-0.2486480852,1.042508695,-0.001929780636,26.69813911,0.2486480852,0.001929780636,27.28416652,27.28416652,0.02128087922,0.5456833303,-9.587379924e-07,9.587379924e-07,4.793689962e-07,-2.396844981e-06,0.5456833303,-0.0001059405482,-9.587379924e-07,9.587379924e-07,4.793689962e-07,-2.396844981e-06,0.5456833303,-0.0001059405482,0,0,0,0,0,0
10.91,1,1,5.273058958e-05,3.78701507e-05,-1.438106989e-06,6.783071296e-05,-0.04038132519,-4.482100115e-05,0,0,0,0,0.003141592654,0,-0.0386436815,0.008812280302,0.002962199025,-0.001737643692,-0.02104548758,-0.1711557495,12.19961963,0,-0.1444495016,0.1742973422,0.3714335812,-0.2567469433,1.043525385,-0.001982024616,27.38491992,0.2567469433,0.001982024616,28.01508247,28.01508247,0.02126739828,0.5603016495,-9.587379924e-07,-0,-0,-3.355582973e-06,0.5603016495,-0.0001054611792,-9.587379924e-07,-0,-0,-3.355582973e-06,0.5603016495,-0.0001054611792,0,0,0,0,0,0
10.92,1,1,5.320995858e-05,3.83495197e-05,-2.396844981e-06,6.902913545e-05,-0.0403331486,-4.458131665e-05,0.001047197551,0,0,-0.001047197551,0.005235987756,0,-0.03855541099,0.00884178136,0.002937999163,-0.001777737618,-0.02151924408,-0.1728876679,12.19448476,0,-0.1438975369,0.1781236557,0.372704909,-0.262416094,1.04557599,-0.002008709659,27.66202686,0.262416094,0.002008709659,28.29915658,28.29915658,0.02125422162,0.5659831315,-0.0001066372311,-9.587379924e-07,1.917475985e-06,9.896732717e-05,0.5659831315,-0.0001059405482,-0.0001066372311,-9.587379924e-07,1.917475985e-06,9.896732717e-05,0.5659831315,-0.0001059405482,0,0,0,0,0,0
10.93,1,1,5.297027408e-05,3.73907817e-05,-2.636529479e-06,6.831008196e-05,-0.04025045745,-4.554005464e-05,0,0,0,0,0.00837758041,0,-0.03846684668,0.008871040016,0.002913718755,-0.001783610775,-0.02157542762,-0.1703398671,12.18572204,0,-0.1429500578,0.1787174475,0.3141935037,-0.2629121638,1.048645584,-0.001989507744,27.25437873,0.2629121638,0.001989507744,27.83347391,27.83347391,0.02124098926,0.5566694782,-1.438106989e-06,9.587379924e-07,2.396844981e-06,-4.314320966e-06,0.5566694782,-0.0001040230722,-1.438106989e-06,9.587379924e-07,2.396844981e-06,-4.314320966e-06,0.5566694782,-0.0001040230722,0,0,0,0,0,0
10.94,1,1,5.297027408e-05,3.73907817e-05,-1.917475985e-06,6.854976646e-05,-0.04012989615,-4.434163215e-05,0,0,0,0,0.01466076572,0,-0.038377991,0.008900055469,0.002889358466,-0.001751905153,-0.02117406066,-0.1611001389,12.17306115,0,-0.1415684875,0.1757609046,0.2014754107,-0.2577531353,1.054844396,-0.00190268607,25.77602222,0.2577531353,0.00190268607,26.23715345,26.23715345,0.02122734891,0.5247430691,-1.438106989e-06,9.587379924e-07,9.587379924e-07,-4.793689962e-06,0.5247430691,-0.0001064199172,-1.438106989e-06,9.587379924e-07,9.587379924e-07,-4.793689962e-06,0.5247430691,-0.0001064199172,0,0,0,0,0,0
10.95,1,1,5.368932758e-05,3.715109721e-05,-2.157160483e-06,6.878945096e-05,-0.03997865523,-4.458131665e-05,0,0,0,0,0.01466076572,0,-0.03828884638,0.008928826922,0.002864918963,-0.001689808851,-0.02040394832,-0.1552684785,12.15737067,0,-0.1398350569,0.1699292443,0.05734704595,-0.2480583628,1.054693155,-0.001832054768,24.84295657,0.2480583628,0.001832054768,25.15019403,25.15019403,0.02121305363,0.5030038806,-2.876213977e-06,1.438106989e-06,1.438106989e-06,-5.273058958e-06,0.5030038806,-0.0001059405482,-2.876213977e-06,1.438106989e-06,1.438106989e-06,-5.273058958e-06,0.5030038806,-0.0001059405482,0,0,0,0,0,0
10.96,1,1,5.297027408e-05,3.882888869e-05,-1.917475985e-06,6.687197497e-05,-0.03983100958,-4.410194765e-05,0,0,0,0,0.01466076572,0,-0.03819941527,0.008957353586,0.002840400917,-0.001631594307,-0.01968258559,-0.1497991088,12.14225889,0,-0.1381425274,0.1644598745,-0.0531163655,-0.2389910498,1.05454551,-0.00176580338,23.96785741,0.2389910498,0.00176580338,24.1554979,24.1554979,0.02119833768,0.483109958,-1.438106989e-06,-1.917475985e-06,9.587379924e-07,-1.438106989e-06,0.483109958,-0.0001068992862,-1.438106989e-06,-1.917475985e-06,9.587379924e-07,-1.438106989e-06,0.483109958,-0.0001068992862,0,0,0,0,0,0
10.97,1,1,5.320995858e-05,3.882888869e-05,-1.438106989e-06,6.759102847e-05,-0.03968576077,-4.362257866e-05,0,0,0,0,0.01466076572,0,-0.03810970013,0.008985634681,0.002815805001,-0.001576060647,-0.0189952158,-0.1445791398,12.12759007,0,-0.136477183,0.1592399055,-0.1391231156,-0.2303661905,1.054400261,-0.001702589634,23.13266236,0.2303661905,0.001702589634,23.22560803,23.22560803,0.02118321209,0.4645121605,-1.917475985e-06,-1.917475985e-06,-0,-2.876213977e-06,0.4645121605,-0.0001078580241,-1.917475985e-06,-1.917475985e-06,-0,-2.876213977e-06,0.4645121605,-0.0001078580241,0,0,0,0,0,0
10.98,1,1,5.368932758e-05,3.81098352e-05,-1.677791487e-06,6.807039746e-05,-0.03953308175,-4.362257866e-05,0,0,0,0,0.01466076572,0,-0.0380197034,0.009013669429,0.002791131887,-0.001513378348,-0.01822264151,-0.1386778355,12.11238149,0,-0.1347263402,0.1533386012,-0.2217341832,-0.2207195858,1.054247582,-0.001631422016,22.18845368,0.2207195858,0.001631422016,22.18907051,22.18907051,0.02116759731,0.4437814102,-2.876213977e-06,-4.793689962e-07,4.793689962e-07,-3.83495197e-06,0.4437814102,-0.0001078580241,-2.876213977e-06,-4.793689962e-07,4.793689962e-07,-3.83495197e-06,0.4437814102,-0.0001078580241,0,0,0,0,0,0
10.99,1,1,5.320995858e-05,3.882888869e-05,-2.157160483e-06,6.735134397e-05,-0.03937009629,-4.410194765e-05,0,0,0,0,0.01675516082,0,-0.03792942756,0.009041457063,0.002766382254,-0.001440668728,-0.01733034703,-0.1297265429,12.09638367,0,-0.1328569654,0.1464817037,-0.3068639238,-0.2096345268,1.056195441,-0.001530596435,20.75624686,0.2096345268,0.001530596435,20.66054806,20.66054806,0.02115141745,0.4132109613,-1.917475985e-06,-1.917475985e-06,1.438106989e-06,-2.396844981e-06,0.4132109613,-0.0001068992862,-1.917475985e-06,-1.917475985e-06,1.438106989e-06,-2.396844981e-06,0.4132109613,-0.0001068992862,0,0,0,0,0,0
11,1,1,5.297027408e-05,3.81098352e-05,-1.677791487e-06,6.783071296e-05,-0.03921717758,-4.434163215e-05,0,0,0,0,0.01361356817,0,-0.03783887509,0.009068996821,0.002741556778,-0.001378302494,-0.01656487811,-0.1269866012,12.08159609,0,-0.1311027338,0.1406001694,-0.357293499,-0.2001301666,1.052877078,-0.001487704167,20.3178562,0.2001301666,0.001487704167,20.16218057,20.16218057,0.0211348459,0.4032436114,-1.438106989e-06,-4.793689962e-07,4.793689962e-07,-3.355582973e-06,0.4032436114,-0.0001064199172,-1.438106989e-06,-4.793689962e-07,4.793689962e-07,-3.355582973e-06,0.4032436114,-0.0001064199172,0,0,0,0,0,0
11.01,1,1,5.320995858e-05,3.78701507e-05,-4.793689962e-07,6.783071296e-05,-0.03910692271,-4.482100115e-05,0,0,0,0,0.00837758041,0,-0.03774804845,0.009096287948,0.002716656141,-0.001358874257,-0.01631915704,-0.1304123756,12.0710672,0,-0.1298377385,0.138789956,-0.3236818992,-0.1969896414,1.047502049,-0.001511093946,20.86598009,0.1969896414,0.001511093946,20.74079893,20.74079893,0.02111830489,0.4148159785,-1.917475985e-06,-0,-1.917475985e-06,-3.355582973e-06,0.4148159785,-0.0001054611792,-1.917475985e-06,-0,-1.917475985e-06,-3.355582973e-06,0.4148159785,-0.0001054611792,0,0,0,0,0,0
11.02,1,1,5.368932758e-05,3.81098352e-05,-9.587379924e-07,6.831008196e-05,-0.03903741421,-4.482100115e-05,0,0,0,0,0.004188790205,0,-0.03765695016,0.009123329696,0.002691681026,-0.001380464049,-0.01656865836,-0.1366833249,12.06448657,0,-0.1290401609,0.1408721151,-0.2251753418,-0.1998923563,1.043230591,-0.001569654005,21.86933198,0.1998923563,0.001569654005,21.84561865,21.84561865,0.02110205723,0.4369123729,-2.876213977e-06,-4.793689962e-07,-9.587379924e-07,-4.314320966e-06,0.4369123729,-0.0001054611792,-2.876213977e-06,-4.793689962e-07,-9.587379924e-07,-4.314320966e-06,0.4369123729,-0.0001054611792,0,0,0,0,0,0
11.03,1,1,5.273058958e-05,3.78701507e-05,-1.198422491e-06,6.831008196e-05,-0.03900122185,-4.386226315e-05,0,0,0,0,0.002094395102,0,-0.03756558269,0.009150121323,0.002666632117,-0.001435639153,-0.01722292474,-0.1440460401,12.06107757,0,-0.128624846,0.1461404352,-0.08678752556,-0.2077270314,1.041096714,-0.001646214143,23.04736641,0.2077270314,0.001646214143,23.16995213,23.16995213,0.02108632995,0.4633990427,-9.587379924e-07,-0,-4.793689962e-07,-4.314320966e-06,0.4633990427,-0.0001073786552,-9.587379924e-07,-0,-4.793689962e-07,-4.314320966e-06,0.4633990427,-0.0001073786552,0,0,0,0,0,0
11.04,1,1,5.249090509e-05,3.78701507e-05,-1.198422491e-06,6.759102847e-05,-0.03898636141,-4.530037014e-05,0,0,0,0,0,0,-0.03747394857,0.009176662095,0.002641510101,-0.001512412841,-0.01813705268,-0.1534548271,12.05968131,0,-0.1284543146,0.1534548271,0.06330254064,-0.2187270753,1.038986361,-0.001745385268,24.55277234,0.2187270753,0.001745385268,24.83654734,24.83654734,0.02107127043,0.4967309467,-4.793689962e-07,-0,-4.793689962e-07,-2.876213977e-06,0.4967309467,-0.0001045024412,-4.793689962e-07,-0,-4.793689962e-07,-2.876213977e-06,0.4967309467,-0.0001045024412,0,0,0,0,0,0
11.05,1,1,5.225122059e-05,3.81098352e-05,-1.438106989e-06,6.759102847e-05,-0.03897629466,-4.530037014e-05,0,0,0,0,0.001047197551,0,-0.03738205029,0.009202951283,0.002616315667,-0.001594244369,-0.01911148065,-0.160197505,12.0587366,0,-0.1283387916,0.1612447026,0.1941511017,-0.2304603112,1.040023766,-0.001824466312,25.6316008,0.2304603112,0.001824466312,26.05803668,26.05803668,0.02105690076,0.5211607336,-0,-4.793689962e-07,-0,-2.876213977e-06,0.5211607336,-0.0001045024412,-0,-4.793689962e-07,-0,-2.876213977e-06,0.5211607336,-0.0001045024412,0,0,0,0,0,0
11.06,1,1,5.249090509e-05,3.78701507e-05,-9.587379924e-07,6.926881995e-05,-0.03895903738,-4.482100115e-05,0,0,0,0,0.002094395102,0,-0.03728989038,0.009228988169,0.002591049505,-0.001669146993,-0.0200016641,-0.1662798305,12.05711925,0,-0.1281407493,0.1683742256,0.2887345895,-0.2411624493,1.041054529,-0.0018962457,26.60477288,0.2411624493,0.0018962457,27.13656617,27.13656617,0.02104311872,0.5427313233,-4.793689962e-07,-0,-9.587379924e-07,-6.231796951e-06,0.5427313233,-0.0001054611792,-4.793689962e-07,-0,-9.587379924e-07,-6.231796951e-06,0.5427313233,-0.0001054611792,0,0,0,0,0,0
11.07,1,1,5.297027408e-05,3.81098352e-05,-1.677791487e-06,6.711165947e-05,-0.03892667997,-4.482100115e-05,0,0,0,0,0.004188790205,0,-0.03719747137,0.009254772037,0.002565712308,-0.001729208598,-0.02071226313,-0.1699069023,12.05409403,0,-0.1277694098,0.1740956925,0.3398641808,-0.2496675674,1.043119857,-0.001944070766,27.18510436,0.2496675674,0.001944070766,27.77658018,27.77658018,0.02102981267,0.5555316036,-1.438106989e-06,-4.793689962e-07,4.793689962e-07,-1.917475985e-06,0.5555316036,-0.0001054611792,-1.438106989e-06,-4.793689962e-07,4.793689962e-07,-1.917475985e-06,0.5555316036,-0.0001054611792,0,0,0,0,0,0
11.08,1,1,5.273058958e-05,3.78701507e-05,-2.396844981e-06,6.735134397e-05,-0.03886699853,-4.458131665e-05,0,0,0,-0.001047197551,0.006283185307,0,-0.03710479579,0.00928030218,0.002540304771,-0.00176220274,-0.02109609837,-0.1709707823,12.04853919,0,-0.1270844599,0.1772539676,0.3348069644,-0.254177168,1.045160053,-0.00196267963,27.35532517,0.254177168,0.00196267963,27.94627198,27.94627198,0.0210167216,0.5589254396,-9.587379924e-07,-0,1.917475985e-06,0.0001023229101,0.5589254396,-0.0001059405482,-9.587379924e-07,-0,1.917475985e-06,0.0001023229101,0.5589254396,-0.0001059405482,0,0,0,0,0,0
11.09,1,1,5.249090509e-05,3.73907817e-05,-1.917475985e-06,6.807039746e-05,-0.03878454706,-4.482100115e-05,0,0,0.001047197551,0,0.009424777961,0,-0.03701186618,0.0093055779,0.00251482759,-0.001772680886,-0.02120842733,-0.1688564272,12.04091833,0,-0.1261381099,0.1782812052,0.2916292959,-0.2553689414,1.048231532,-0.001948607516,27.01702835,0.2553689414,0.001948607516,27.5659752,27.5659752,0.02100366572,0.5513195039,-4.793689962e-07,9.587379924e-07,-0.0001037610171,-3.83495197e-06,0.5513195039,-0.0001054611792,-4.793689962e-07,9.587379924e-07,-0.0001037610171,-3.83495197e-06,0.5513195039,-0.0001054611792,0,0,0,0,0,0
11.1,1,1,5.297027408e-05,3.76304662e-05,-2.876213977e-06,6.759102847e-05,-0.03866134923,-4.410194765e-05,0,0,0,0,0.01361356817,0,-0.03691868508,0.009330598502,0.002489281463,-0.001742664149,-0.02083347257,-0.1618616974,12.02964636,0,-0.1247239287,0.1754752655,0.1860288811,-0.2506193074,1.05232125,-0.001881287526,25.89787158,0.2506193074,0.001881287526,26.33640106,26.33640106,0.02099017098,0.5267280211,-1.438106989e-06,4.793689962e-07,2.876213977e-06,-2.876213977e-06,0.5267280211,-0.0001068992862,-1.438106989e-06,4.793689962e-07,2.876213977e-06,-2.876213977e-06,0.5267280211,-0.0001068992862,0,0,0,0,0,0
11.11,1,1,5.344964308e-05,3.78701507e-05,-2.157160483e-06,6.759102847e-05,-0.03849836377,-4.434163215e-05,0,0,0,0,0.01780235837,0,-0.03682525506,0.009355363302,0.002463667092,-0.001673108712,-0.01998408281,-0.1511199877,12.0149452,0,-0.1228527392,0.168922346,0.03102486663,-0.2401076598,1.056379953,-0.001768823513,24.17919803,0.2401076598,0.001768823513,24.45209938,24.45209938,0.02097596969,0.4890419875,-2.396844981e-06,-0,1.438106989e-06,-2.876213977e-06,0.4890419875,-0.0001064199172,-2.396844981e-06,-0,1.438106989e-06,-2.876213977e-06,0.4890419875,-0.0001064199172,0,0,0,0,0,0
11.12,1,1,5.273058958e-05,3.78701507e-05,-2.157160483e-06,6.759102847e-05,-0.0383293862,-4.506068564e-05,0,0,0,0,0.01570796327,0,-0.03673157867,0.009379871619,0.002437985178,-0.00159780753,-0.01906743625,-0.1461110012,11.99995675,0,-0.120912414,0.1618189645,-0.1044044128,-0.2288084104,1.054099034,-0.001701618026,23.37776019,0.2288084104,0.001701618026,23.50386581,23.50386581,0.02096115362,0.4700773161,-9.587379924e-07,-0,1.438106989e-06,-2.876213977e-06,0.4700773161,-0.0001049818102,-9.587379924e-07,-0,1.438106989e-06,-2.876213977e-06,0.4700773161,-0.0001049818102,0,0,0,0,0,0
11.13,1,1,5.297027408e-05,3.73907817e-05,-1.438106989e-06,6.807039746e-05,-0.03818054213,-4.458131665e-05,0,0,0,0,0.01256637061,0,-0.03663765848,0.009404122783,0.002412236426,-0.001542883643,-0.01839686767,-0.1440761787,11.98696699,0,-0.1192029924,0.1566425493,-0.1791041451,-0.2205226455,1.050786391,-0.001666185415,23.05218859,0.2205226455,0.001666185415,23.09527327,23.09527327,0.02094598138,0.4619054654,-1.438106989e-06,9.587379924e-07,-0,-3.83495197e-06,0.4619054654,-0.0001059405482,-1.438106989e-06,9.587379924e-07,-0,-3.83495197e-06,0.4619054654,-0.0001059405482,0,0,0,0,0,0
11.14,1,1,5.177185159e-05,3.76304662e-05,-1.438106989e-06,6.759102847e-05,-0.03805039344,-4.410194765e-05,0,0,0,0,0.01256637061,0,-0.03654349707,0.009428116127,0.002386421541,-0.00150689637,-0.01795431116,-0.1406933891,11.97577166,0,-0.1177080658,0.1532597597,-0.2077666227,-0.2150167309,1.050656242,-0.001625470445,22.51094226,0.2150167309,0.001625470445,22.51981784,22.51981784,0.02093061525,0.4503963567,9.587379924e-07,4.793689962e-07,-0,-2.876213977e-06,0.4503963567,-0.0001068992862,9.587379924e-07,4.793689962e-07,-0,-2.876213977e-06,0.4503963567,-0.0001068992862,0,0,0,0,0,0
11.15,1,1,5.249090509e-05,3.78701507e-05,-1.438106989e-06,6.735134397e-05,-0.03794325447,-4.386226315e-05,0,0,0,0,0.009424777961,0,-0.03644909702,0.009451850995,0.002360541231,-0.001494157451,-0.01779071746,-0.142657331,11.96666937,0,-0.1164772869,0.152082109,-0.1906832812,-0.2128956336,1.047390239,-0.001636726402,22.82517296,0.2128956336,0.001636726402,22.84902204,22.84902204,0.02091525206,0.4569804408,-4.793689962e-07,-0,-0,-2.396844981e-06,0.4569804408,-0.0001073786552,-4.793689962e-07,-0,-0,-2.396844981e-06,0.4569804408,-0.0001073786552,0,0,0,0,0,0
11.16,1,1,5.297027408e-05,3.76304662e-05,-1.917475985e-06,6.854976646e-05,-0.03785457121,-4.458131665e-05,0,0,0,0,0.007330382858,0,-0.03635446092,0.009475326736,0.002334596205,-0.001500110291,-0.0178509551,-0.1453480421,11.95921256,0,-0.1154584209,0.1526784249,-0.1443552379,-0.2134833664,1.045198388,-0.001659414503,23.25568673,0.2134833664,0.001659414503,23.32647427,23.32647427,0.02090002409,0.4665294854,-1.438106989e-06,4.793689962e-07,9.587379924e-07,-4.793689962e-06,0.4665294854,-0.0001059405482,-1.438106989e-06,4.793689962e-07,9.587379924e-07,-4.793689962e-06,0.4665294854,-0.0001059405482,0,0,0,0,0,0
11.17,1,1,5.273058958e-05,3.78701507e-05,-1.677791487e-06,6.807039746e-05,-0.0377805087,-4.482100115e-05,0,0,0,0,0.005235987756,0,-0.03625959135,0.009498542706,0.002308587176,-0.001520917345,-0.01808873655,-0.14944874,11.95303884,0,-0.1146074609,0.1546847278,-0.08066637248,-0.2162153707,1.04302335,-0.001697914643,23.9117984,0.2162153707,0.001697914643,24.04904532,24.04904532,0.02088501202,0.4809809063,-9.587379924e-07,-0,4.793689962e-07,-3.83495197e-06,0.4809809063,-0.0001054611792,-9.587379924e-07,-0,4.793689962e-07,-3.83495197e-06,0.4809809063,-0.0001054611792,0,0,0,0,0,0
11.18,1,1,5.297027408e-05,3.73907817e-05,-1.438106989e-06,6.735134397e-05,-0.03772514158,-4.530037014e-05,0,0,0,0,0.004188790205,0,-0.03616449093,0.009521498269,0.002282514855,-0.001560650649,-0.01855244411,-0.1542984301,11.94845543,0,-0.1139712655,0.1584872203,0.004230671035,-0.2216730516,1.041918318,-0.001748071661,24.68774882,0.2216730516,0.001748071661,24.91540061,24.91540061,0.02087038149,0.4983080123,-1.438106989e-06,9.587379924e-07,-0,-2.396844981e-06,0.4983080123,-0.0001045024412,-1.438106989e-06,9.587379924e-07,-0,-2.396844981e-06,0.4983080123,-0.0001045024412,0,0,0,0,0,0
11.19,1,1,5.344964308e-05,3.76304662e-05,-1.677791487e-06,6.735134397e-05,-0.03768367616,-4.482100115e-05,0,0,0,0,0.003141592654,0,-0.03606916226,0.009544192795,0.002256379958,-0.001614513903,-0.01918452921,-0.1604881449,11.94504069,0,-0.1134947847,0.1636297375,0.09799271952,-0.229159982,1.040827736,-0.001813157615,25.67810318,0.229159982,0.001813157615,26.00706904,26.00706904,0.02085623816,0.5201413808,-2.396844981e-06,4.793689962e-07,4.793689962e-07,-2.396844981e-06,0.5201413808,-0.0001054611792,-2.396844981e-06,4.793689962e-07,4.793689962e-07,-2.396844981e-06,0.5201413808,-0.0001054611792,0,0,0,0,0,0
11.2,1,1,5.320995858e-05,3.85892042e-05,-1.198422491e-06,6.711165947e-05,-0.0376505997,-4.482100115e-05,0,0,0,0,0.003141592654,0,-0.03597360795,0.009566625662,0.002230183201,-0.001676991753,-0.01991898461,-0.1664463693,11.94232774,0,-0.1131146879,0.1695879619,0.1891270185,-0.2378790424,1.04079466,-0.001879124303,26.63141909,0.2378790424,0.001879124303,27.06030427,27.06030427,0.02084266606,0.5412060854,-1.917475985e-06,-1.438106989e-06,-4.793689962e-07,-1.917475985e-06,0.5412060854,-0.0001054611792,-1.917475985e-06,-1.438106989e-06,-4.793689962e-07,-1.917475985e-06,0.5412060854,-0.0001054611792,0,0,0,0,0,0
11.21,1,1,5.249090509e-05,3.76304662e-05,-1.677791487e-06,6.854976646e-05,-0.03761153113,-4.482100115e-05,0,0,0,0,0.003141592654,0,-0.03587783062,0.009588796255,0.002203925303,-0.001733700509,-0.02058400791,-0.1718558231,11.93913582,0,-0.1126657171,0.1749974157,0.2534720062,-0.2457552662,1.040755591,-0.001938826811,27.49693169,0.2457552662,0.001938826811,27.99809779,27.99809779,0.02082957931,0.5599619558,-4.793689962e-07,4.793689962e-07,4.793689962e-07,-4.793689962e-06,0.5599619558,-0.0001054611792,-4.793689962e-07,4.793689962e-07,4.793689962e-07,-4.793689962e-06,0.5599619558,-0.0001054611792,0,0,0,0,0,0
11.22,1,1,5.320995858e-05,3.667172821e-05,-1.438106989e-06,6.783071296e-05,-0.0375578418,-4.434163215e-05,0,0,0,0,0.006283185307,0,-0.0357818329,0.009610703966,0.002177606983,-0.001776008901,-0.02107664433,-0.1727574361,11.93477148,0,-0.1120486988,0.1790406214,0.2803840597,-0.2515449336,1.043850897,-0.001959409091,27.64118978,0.2515449336,0.001959409091,28.17507818,28.17507818,0.02081684733,0.5635015636,-1.917475985e-06,2.396844981e-06,-0,-3.355582973e-06,0.5635015636,-0.0001064199172,-1.917475985e-06,2.396844981e-06,-0,-3.355582973e-06,0.5635015636,-0.0001064199172,0,0,0,0,0,0
11.23,1,1,5.225122059e-05,3.73907817e-05,-1.917475985e-06,6.831008196e-05,-0.03748425866,-4.434163215e-05,0,0,0,0,0.007330382858,0,-0.03568561742,0.009632348195,0.002151228963,-0.001798641241,-0.02133415362,-0.1738881152,11.92883148,0,-0.111203001,0.181218498,0.2688665998,-0.2544915234,1.044828075,-0.00197472794,27.82209843,0.2544915234,0.00197472794,28.34743128,28.34743128,0.02080422272,0.5669486255,-0,9.587379924e-07,9.587379924e-07,-4.314320966e-06,0.5669486255,-0.0001064199172,-0,9.587379924e-07,9.587379924e-07,-4.314320966e-06,0.5669486255,-0.0001064199172,0,0,0,0,0,0
11.24,1,1,5.225122059e-05,3.78701507e-05,-1.198422491e-06,6.831008196e-05,-0.03739797224,-4.386226315e-05,0,0,0,0,0.01047197551,0,-0.03558918681,0.009653728349,0.002124791965,-0.001808785425,-0.02144258179,-0.1717407153,11.92192706,0,-0.110211227,0.1822126908,0.2367833818,-0.255636896,1.047897363,-0.001960635599,27.47851445,0.255636896,0.001960635599,27.97289536,27.97289536,0.02079168077,0.5594579073,-0,-0,-4.793689962e-07,-4.314320966e-06,0.5594579073,-0.0001073786552,-0,-0,-4.793689962e-07,-4.314320966e-06,0.5594579073,-0.0001073786552,0,0,0,0,0,0
11.25,1,1,5.320995858e-05,3.906857319e-05,-1.917475985e-06,6.783071296e-05,-0.03726470766,-4.601942364e-05,0,0,0,0,0.01466076572,0,-0.03549254373,0.009674843841,0.002098296716,-0.001772163926,-0.02099385087,-0.1641124404,11.91139279,0,-0.1086793272,0.1787732061,0.1293838741,-0.250066004,1.051979208,-0.00188699595,26.25799047,0.250066004,0.00188699595,26.63932734,26.63932734,0.02077864822,0.5327865468,-1.917475985e-06,-2.396844981e-06,9.587379924e-07,-3.355582973e-06,0.5327865468,-0.0001030643342,-1.917475985e-06,-2.396844981e-06,9.587379924e-07,-3.355582973e-06,0.5327865468,-0.0001030643342,0,0,0,0,0,0
11.26,1,1,5.249090509e-05,3.83495197e-05,-1.917475985e-06,6.807039746e-05,-0.03709884599,-4.482100115e-05,0,0,0,0,0.01780235837,0,-0.03539569082,0.009695694091,0.00207174394,-0.001703155164,-0.02016049858,-0.1544565723,11.89850044,0,-0.1067724504,0.1722589307,-0.01446695955,-0.2398797011,1.054980435,-0.001784944444,24.71305158,0.2398797011,0.001784944444,24.94024926,24.94024926,0.02076490492,0.4988049852,-4.793689962e-07,-9.587379924e-07,9.587379924e-07,-3.83495197e-06,0.4988049852,-0.0001054611792,-4.793689962e-07,-9.587379924e-07,9.587379924e-07,-3.83495197e-06,0.4988049852,-0.0001054611792,0,0,0,0,0,0
11.27,1,1,5.249090509e-05,3.85892042e-05,-2.157160483e-06,6.759102847e-05,-0.03691572703,-4.506068564e-05,0,0,0,0,0.01675516082,0,-0.03529863074,0.00971627853,0.002045134367,-0.001617096292,-0.01912601371,-0.1473652312,11.88454747,0,-0.1046668313,0.1641203921,-0.1600393576,-0.2273040179,1.053741072,-0.001697813329,23.578437,0.2273040179,0.001697813329,23.64739947,23.64739947,0.02075039051,0.4729479894,-4.793689962e-07,-1.438106989e-06,1.438106989e-06,-2.876213977e-06,0.4729479894,-0.0001049818102,-4.793689962e-07,-1.438106989e-06,1.438106989e-06,-2.876213977e-06,0.4729479894,-0.0001049818102,0,0,0,0,0,0
11.28,1,1,5.153216709e-05,3.85892042e-05,-1.677791487e-06,6.711165947e-05,-0.03677215602,-4.434163215e-05,0,0,0,0,0.01047197551,0,-0.03520136614,0.009736596592,0.002018468725,-0.001570789876,-0.01856541215,-0.1492795915,11.8738134,0,-0.1030157152,0.159751567,-0.2091457833,-0.2204422396,1.047271547,-0.001697609488,23.88473464,0.2204422396,0.001697609488,23.8977287,23.8977287,0.02073567173,0.477954574,1.438106989e-06,-1.438106989e-06,4.793689962e-07,-1.917475985e-06,0.477954574,-0.0001064199172,1.438106989e-06,-1.438106989e-06,4.793689962e-07,-1.917475985e-06,0.477954574,-0.0001064199172,0,0,0,0,0,0
11.29,1,1,5.273058958e-05,3.78701507e-05,-1.917475985e-06,6.663229047e-05,-0.03666549641,-4.410194765e-05,0,-0.001047197551,0,0,0.00837758041,0,-0.0351038997,0.00975664772,0.001991747746,-0.001561596718,-0.01844607916,-0.1505293909,11.86595564,0,-0.1017889562,0.1589069714,-0.185424384,-0.2188803571,1.045060623,-0.001703396649,24.08470255,0.2188803571,0.001703396649,24.11986192,24.11986192,0.02072101605,0.4823972384,-9.587379924e-07,0.0001047197551,9.587379924e-07,-9.587379924e-07,0.4823972384,-0.0001068992862,-9.587379924e-07,0.0001047197551,9.587379924e-07,-9.587379924e-07,0.4823972384,-0.0001068992862,0,0,0,0,0,0
11.3,1,1,5.177185159e-05,3.715109721e-05,-1.677791487e-06,6.735134397e-05,-0.03659287201,-4.434163215e-05,0,0,0,-0.001047197551,0.005235987756,0,-0.03500623408,0.009776431365,0.001964972162,-0.001586637934,-0.01873299092,-0.1560790069,11.8606621,0,-0.1009535914,0.1613149946,-0.1064361364,-0.2221856755,1.041835714,-0.001754095783,24.9726411,0.2221856755,0.001754095783,25.09014473,25.09014473,0.02070669367,0.5018028947,9.587379924e-07,1.438106989e-06,4.793689962e-07,0.0001023229101,0.5018028947,-0.0001064199172,9.587379924e-07,1.438106989e-06,4.793689962e-07,0.0001023229101,0.5018028947,-0.0001064199172,0,0,0,0,0,0
11.31,1,1,5.273058958e-05,3.76304662e-05,-9.587379924e-07,6.759102847e-05,-0.03654157953,-4.458131665e-05,0,0,0,0,0.003141592654,0,-0.03490837196,0.009795946984,0.001938142708,-0.001633207567,-0.01927494752,-0.1626264704,11.85695112,0,-0.1003635658,0.1657680631,-0.005026753394,-0.2285421106,1.03968564,-0.001818922463,26.02023527,0.2285421106,0.001818922463,26.24556955,26.24556955,0.02069285542,0.524911391,-9.587379924e-07,4.793689962e-07,-9.587379924e-07,-2.876213977e-06,0.524911391,-0.0001059405482,-9.587379924e-07,4.793689962e-07,-9.587379924e-07,-2.876213977e-06,0.524911391,-0.0001059405482,0,0,0,0,0,0
11.32,1,1,5.297027408e-05,3.81098352e-05,-1.198422491e-06,6.735134397e-05,-0.03650658559,-4.458131665e-05,0,0,0,0,0.003141592654,0,-0.03481031603,0.009815194042,0.001911260118,-0.001696269559,-0.02001201435,-0.1686450279,11.85443247,0,-0.09996100985,0.1717866206,0.1060399628,-0.2372310727,1.039650646,-0.001884900131,26.98320447,0.2372310727,0.001884900131,27.3283604,27.3283604,0.02067962467,0.5465672081,-1.438106989e-06,-4.793689962e-07,-4.793689962e-07,-2.396844981e-06,0.5465672081,-0.0001059405482,-1.438106989e-06,-4.793689962e-07,-4.793689962e-07,-2.396844981e-06,0.5465672081,-0.0001059405482,0,0,0,0,0,0
11.33,1,1,5.273058958e-05,3.882888869e-05,-1.198422491e-06,6.831008196e-05,-0.03647374881,-4.506068564e-05,0,0,0,0,0.003141592654,0,-0.03471206898,0.009834172011,0.00188432513,-0.001761679837,-0.02077642895,-0.1748849553,11.85207877,0,-0.09958325795,0.1780265479,0.2009176152,-0.2462438724,1.039617809,-0.001953317455,27.98159285,0.2462438724,0.001953317455,28.43070765,28.43070765,0.02066697386,0.568614153,-9.587379924e-07,-1.917475985e-06,-4.793689962e-07,-4.314320966e-06,0.568614153,-0.0001049818102,-9.587379924e-07,-1.917475985e-06,-4.793689962e-07,-4.314320966e-06,0.568614153,-0.0001049818102,0,0,0,0,0,0
11.34,1,1,5.249090509e-05,3.81098352e-05,-7.190534943e-07,6.735134397e-05,-0.03643491993,-4.506068564e-05,-0.001047197551,0,0,0,0.004188790205,0,-0.03461363349,0.009852880372,0.001857338482,-0.001821286436,-0.02147158339,-0.1795253018,11.84930765,0,-0.09913655943,0.183714092,0.2676941294,-0.2544233974,1.040628097,-0.00200786343,28.72404828,0.2544233974,0.00200786343,29.24817367,29.24817367,0.02065486306,0.5849634735,0.0001042403861,-4.793689962e-07,-1.438106989e-06,-2.396844981e-06,0.5849634735,-0.0001049818102,0.0001042403861,-4.793689962e-07,-1.438106989e-06,-2.396844981e-06,0.5849634735,-0.0001049818102,0,0,0,0,0,0
11.35,1,1,5.320995858e-05,3.81098352e-05,-1.198422491e-06,6.759102847e-05,-0.03637859407,-4.434163215e-05,0,0,0,0,0.006283185307,0,-0.03451501227,0.009871318611,0.001830300915,-0.001863581799,-0.02196121698,-0.1814748427,11.84531111,0,-0.09848854442,0.187758028,0.2920720964,-0.2601374474,1.042671649,-0.002036484831,29.03597483,0.2601374474,0.002036484831,29.59022086,29.59022086,0.02064310477,0.5918044173,-1.917475985e-06,-4.793689962e-07,-4.793689962e-07,-2.876213977e-06,0.5918044173,-0.0001064199172,-1.917475985e-06,-4.793689962e-07,-4.793689962e-07,-2.876213977e-06,0.5918044173,-0.0001064199172,0,0,0,0,0,0
11.36,1,1,5.368932758e-05,3.73907817e-05,-1.438106989e-06,6.807039746e-05,-0.03630213471,-4.458131665e-05,0,0,0,0,0.00837758041,0,-0.03441620802,0.009889486223,0.001803213169,-0.001885926694,-0.02221429452,-0.1815312841,11.83993007,0,-0.0976088488,0.1899088645,0.2774049043,-0.2630156937,1.044697261,-0.002043887305,29.04500545,0.2630156937,0.002043887305,29.58746994,29.58746994,0.02063146397,0.5917493987,-2.876213977e-06,9.587379924e-07,-0,-3.83495197e-06,0.5917493987,-0.0001059405482,-2.876213977e-06,9.587379924e-07,-0,-3.83495197e-06,0.5917493987,-0.0001059405482,0,0,0,0,0,0
11.37,1,1,5.249090509e-05,3.715109721e-05,-1.677791487e-06,6.854976646e-05,-0.03620170691,-4.434163215e-05,0,0,0,0,0.009424777961,0,-0.03431722345,0.00990738271,0.001776075987,-0.00188448346,-0.02218573095,-0.1803778452,11.83293918,0,-0.09645330033,0.1898026232,0.2245894225,-0.2625224051,1.045648691,-0.002033444531,28.86045524,0.2625224051,0.002033444531,29.34960051,29.34960051,0.02061972339,0.5869920102,-4.793689962e-07,1.438106989e-06,4.793689962e-07,-4.793689962e-06,0.5869920102,-0.0001064199172,-4.793689962e-07,1.438106989e-06,4.793689962e-07,-4.793689962e-06,0.5869920102,-0.0001064199172,0,0,0,0,0,0
11.38,1,1,5.201153609e-05,3.78701507e-05,-1.917475985e-06,6.783071296e-05,-0.03609816321,-4.362257866e-05,0,0,0,0,0.009424777961,0,-0.03421806127,0.009925007581,0.001748890113,-0.001880101935,-0.0221225767,-0.1799924668,11.8258228,0,-0.09526179815,0.1894172447,0.1769979579,-0.2616176719,1.045545148,-0.002027540989,28.79879468,0.2616176719,0.002027540989,29.23943785,29.23943785,0.02060795775,0.584788757,4.793689962e-07,-0,9.587379924e-07,-3.355582973e-06,0.584788757,-0.0001078580241,4.793689962e-07,-0,9.587379924e-07,-3.355582973e-06,0.584788757,-0.0001078580241,0,0,0,0,0,0
11.39,1,1,5.225122059e-05,3.930825769e-05,-1.677791487e-06,6.759102847e-05,-0.0359869496,-4.434163215e-05,0,0,0,0,0.01047197551,0,-0.03411872421,0.009942360352,0.001721656292,-0.001868225394,-0.02197104106,-0.1778480618,11.81828245,0,-0.09398192333,0.1883200374,0.12410285,-0.259659969,1.046486341,-0.002005838342,28.45568989,0.259659969,0.002005838342,28.84145855,28.84145855,0.02059607613,0.576829171,-0,-2.876213977e-06,4.793689962e-07,-2.876213977e-06,0.576829171,-0.0001064199172,-0,-2.876213977e-06,4.793689962e-07,-2.876213977e-06,0.576829171,-0.0001064199172,0,0,0,0,0,0
11.4,1,1,5.273058958e-05,3.73907817e-05,-1.677791487e-06,6.735134397e-05,-0.03585919776,-4.410194765e-05,0,0,0,0,0.01466076572,0,-0.03401921497,0.009959440549,0.001694375271,-0.001839982789,-0.02162652389,-0.1710074069,11.80975246,0,-0.09251157958,0.1856681727,0.0520571631,-0.2554038937,1.050573698,-0.001942634709,27.36118511,0.2554038937,0.001942634709,27.6705888,27.6705888,0.02058385738,0.5534117761,-9.587379924e-07,9.587379924e-07,4.793689962e-07,-2.396844981e-06,0.5534117761,-0.0001068992862,-9.587379924e-07,9.587379924e-07,4.793689962e-07,-2.396844981e-06,0.5534117761,-0.0001068992862,0,0,0,0,0,0
11.41,1,1,5.249090509e-05,3.691141271e-05,-9.587379924e-07,6.687197497e-05,-0.03569333609,-4.482100115e-05,0,0,0,0,0.01780235837,0,-0.0339195363,0.009976247703,0.001667047798,-0.001773799785,-0.02083486769,-0.1616080281,11.79888745,0,-0.09060239151,0.1794103864,-0.07279560666,-0.2458282589,1.053574925,-0.001845209197,25.85728449,0.2458282589,0.001845209197,26.03216235,26.03216235,0.02057091894,0.5206432471,-4.793689962e-07,1.917475985e-06,-9.587379924e-07,-1.438106989e-06,0.5206432471,-0.0001054611792,-4.793689962e-07,1.917475985e-06,-9.587379924e-07,-1.438106989e-06,0.5206432471,-0.0001054611792,0,0,0,0,0,0
11.42,1,1,5.273058958e-05,3.715109721e-05,-9.587379924e-07,6.783071296e-05,-0.03550134881,-4.577973914e-05,0,0,0,0,0.01989675347,0,-0.03381969093,0.009992781353,0.001639674622,-0.001681657875,-0.01973849497,-0.15078303,11.78660596,0,-0.08839216912,0.1706797835,-0.2194902546,-0.2326498624,1.055497072,-0.001726746576,24.1252848,0.2326498624,0.001726746576,24.14017116,24.14017116,0.02055710779,0.4828034231,-9.587379924e-07,1.438106989e-06,-9.587379924e-07,-3.355582973e-06,0.4828034231,-0.0001035437032,-9.587379924e-07,1.438106989e-06,-9.587379924e-07,-3.355582973e-06,0.4828034231,-0.0001035437032,0,0,0,0,0,0
11.43,1,1,5.297027408e-05,3.691141271e-05,-1.677791487e-06,6.878945096e-05,-0.03533309029,-4.434163215e-05,0,0,0,0,0.01361356817,0,-0.03371968159,0.01000904105,0.001612256493,-0.001613408698,-0.01892529357,-0.1506011781,11.77610192,0,-0.08645485316,0.1642147463,-0.2964312616,-0.2228661858,1.048992991,-0.001702292391,24.0961885,0.2228661858,0.001702292391,24.02432571,24.02432571,0.02054283468,0.4804865142,-1.438106989e-06,1.917475985e-06,4.793689962e-07,-5.273058958e-06,0.4804865142,-0.0001064199172,-1.438106989e-06,1.917475985e-06,4.793689962e-07,-5.273058958e-06,0.4804865142,-0.0001064199172,0,0,0,0,0,0
11.44,1,1,5.320995858e-05,3.81098352e-05,-1.677791487e-06,6.687197497e-05,-0.03521492583,-4.530037014e-05,0,0,0,0,0.009424777961,0,-0.03361951102,0.01002502634,0.001584794164,-0.001595414806,-0.01870471639,-0.1531034168,11.76886971,0,-0.08509417038,0.1625281947,-0.2714349721,-0.2201333701,1.04466191,-0.001715123975,24.49654668,0.2201333701,0.001715123975,24.44696021,24.44696021,0.02052859414,0.4889392041,-1.917475985e-06,-4.793689962e-07,4.793689962e-07,-1.438106989e-06,0.4889392041,-0.0001045024412,-1.917475985e-06,-4.793689962e-07,4.793689962e-07,-1.438106989e-06,0.4889392041,-0.0001045024412,0,0,0,0,0,0
11.45,1,1,5.320995858e-05,3.81098352e-05,-1.677791487e-06,6.759102847e-05,-0.03513918553,-4.506068564e-05,0,0,0,-0.001047197551,0.005235987756,0,-0.03351918198,0.01004073678,0.001557288387,-0.00162000355,-0.01898539992,-0.1596574345,11.76429667,0,-0.08422194621,0.1648934223,-0.1776869776,-0.223349877,1.040382027,-0.001772717284,25.54518953,0.223349877,0.001772717284,25.59262514,25.59262514,0.02051473055,0.5118525029,-1.917475985e-06,-4.793689962e-07,4.793689962e-07,0.0001018435411,0.5118525029,-0.0001049818102,-1.917475985e-06,-4.793689962e-07,4.793689962e-07,0.0001018435411,0.5118525029,-0.0001049818102,0,0,0,0,0,0
11.46,1,1,5.320995858e-05,3.81098352e-05,-7.190534943e-07,6.807039746e-05,-0.03508717399,-4.482100115e-05,0,0,0,0,0.004188790205,0,-0.03341869721,0.01005617196,0.001529739915,-0.001668476787,-0.01954684037,-0.1653423644,11.76118462,0,-0.08362295424,0.1695311546,-0.05988311645,-0.2298939984,1.039280351,-0.001830757192,26.4547783,0.2298939984,0.001830757192,26.62661994,26.62661994,0.02050139318,0.5325323988,-1.917475985e-06,-4.793689962e-07,-1.438106989e-06,-3.83495197e-06,0.5325323988,-0.0001054611792,-1.917475985e-06,-4.793689962e-07,-1.438106989e-06,-3.83495197e-06,0.5325323988,-0.0001054611792,0,0,0,0,0,0
11.47,1,1,5.177185159e-05,3.715109721e-05,-1.198422491e-06,6.831008196e-05,-0.03505050227,-4.434163215e-05,0,0,0,0,0.002094395102,0,-0.03331805946,0.01007133144,0.001502149506,-0.001732442806,-0.02029014094,-0.1735476255,11.75900425,0,-0.08320060993,0.1756420206,0.06325195195,-0.2385918536,1.037145994,-0.001912531047,27.76762007,0.2385918536,0.001912531047,28.07137641,28.07137641,0.02048866975,0.5614275282,9.587379924e-07,1.438106989e-06,-4.793689962e-07,-4.314320966e-06,0.5614275282,-0.0001064199172,9.587379924e-07,1.438106989e-06,-4.793689962e-07,-4.314320966e-06,0.5614275282,-0.0001064199172,0,0,0,0,0,0
11.48,1,1,5.320995858e-05,3.76304662e-05,0,6.807039746e-05,-0.03501886391,-4.362257866e-05,0,0,0,0,0.003141592654,0,-0.0332172715,0.01008621481,0.001474517914,-0.001801592413,-0.02109399773,-0.1791030301,11.75713234,0,-0.08283622549,0.1822446227,0.1723612973,-0.2480049229,1.038162924,-0.001976453971,28.65648481,0.2480049229,0.001976453971,29.07882749,29.07882749,0.02047659016,0.5815765497,-1.917475985e-06,4.793689962e-07,-2.876213977e-06,-3.83495197e-06,0.5815765497,-0.0001078580241,-1.917475985e-06,4.793689962e-07,-2.876213977e-06,-3.83495197e-06,0.5815765497,-0.0001078580241,0,0,0,0,0,0
11.49,1,1,5.297027408e-05,3.76304662e-05,-1.438106989e-06,6.783071296e-05,-0.03498267155,-4.482100115e-05,0,0,0,0,0.003141592654,0,-0.03311633609,0.01010082167,0.001446845897,-0.001866335467,-0.0218456541,-0.1852853706,11.75500143,0,-0.08241938165,0.1884269633,0.2536777431,-0.2567956951,1.038126732,-0.002043381155,29.6456593,0.2567956951,0.002043381155,30.15817612,30.15817612,0.02046509184,0.6031635224,-1.438106989e-06,4.793689962e-07,-0,-3.355582973e-06,0.6031635224,-0.0001054611792,-1.438106989e-06,4.793689962e-07,-0,-3.355582973e-06,0.6031635224,-0.0001054611792,0,0,0,0,0,0
11.5,1,1,5.320995858e-05,3.85892042e-05,-9.587379924e-07,6.807039746e-05,-0.03492730443,-4.410194765e-05,0,0,0,0,0.005235987756,0,-0.03301525599,0.0101151516,0.001419134215,-0.001912048445,-0.02237328725,-0.1875636363,11.75176309,0,-0.08178167257,0.192799624,0.2868118508,-0.2629255712,1.040170146,-0.002075524701,30.0101818,0.2629255712,0.002075524701,30.56199475,30.56199475,0.02045395339,0.611239895,-1.917475985e-06,-1.438106989e-06,-9.587379924e-07,-3.83495197e-06,0.611239895,-0.0001068992862,-1.917475985e-06,-1.438106989e-06,-9.587379924e-07,-3.83495197e-06,0.611239895,-0.0001068992862,0,0,0,0,0,0
11.51,1,1,5.320995858e-05,3.81098352e-05,-1.438106989e-06,6.807039746e-05,-0.03485084508,-4.434163215e-05,0,0,0,0,0.009424777961,0,-0.03291403398,0.01012920422,0.001391383626,-0.001936811101,-0.02265453082,-0.185756176,11.74733388,0,-0.08090098568,0.1951809539,0.2768083255,-0.2661303374,1.04429783,-0.002070761502,29.72098815,0.2661303374,0.002070761502,30.26599758,30.26599758,0.02044299958,0.6053199515,-1.917475985e-06,-4.793689962e-07,-0,-3.83495197e-06,0.6053199515,-0.0001064199172,-1.917475985e-06,-4.793689962e-07,-0,-3.83495197e-06,0.6053199515,-0.0001064199172,0,0,0,0,0,0
11.52,1,1,5.249090509e-05,3.83495197e-05,-1.198422491e-06,6.878945096e-05,-0.03474202832,-4.482100115e-05,0,0,0,-0.001047197551,0.01151917306,0,-0.03281267283,0.01014297914,0.001363594892,-0.001929355487,-0.02255736605,-0.1829807758,11.74111574,0,-0.07964751313,0.1944999489,0.2127328897,-0.2648486457,1.046294374,-0.002046516012,29.27692413,0.2648486457,0.002046516012,29.75655218,29.75655218,0.02043186188,0.5951310436,-4.793689962e-07,-9.587379924e-07,-4.793689962e-07,9.944669616e-05,0.5951310436,-0.0001054611792,-4.793689962e-07,-9.587379924e-07,-4.793689962e-07,9.944669616e-05,0.5951310436,-0.0001054611792,0,0,0,0,0,0
11.53,1,1,5.249090509e-05,3.81098352e-05,-1.438106989e-06,6.878945096e-05,-0.03461211932,-4.434163215e-05,0,0,0,0,0.01256637061,0,-0.03271117532,0.01015647599,0.001335768774,-0.001900943997,-0.02221453875,-0.179259492,11.73382365,0,-0.07815095375,0.1918258627,0.1245104682,-0.2606614803,1.047217968,-0.00200731231,28.68151873,0.2606614803,0.00200731231,29.06869799,29.06869799,0.02042038459,0.5813739597,-4.793689962e-07,-4.793689962e-07,-0,-5.273058958e-06,0.5813739597,-0.0001064199172,-4.793689962e-07,-4.793689962e-07,-0,-5.273058958e-06,0.5813739597,-0.0001064199172,0,0,0,0,0,0
11.54,1,1,5.320995858e-05,3.78701507e-05,-1.677791487e-06,6.807039746e-05,-0.03447501979,-4.530037014e-05,0,0,0,0,0.01466076572,0,-0.03260954424,0.0101696944,0.001307906035,-0.001865475548,-0.02178947568,-0.1738182402,11.7262827,0,-0.07657141643,0.188479006,0.04033620065,-0.2555095516,1.04918952,-0.001952588948,27.81091844,0.2555095516,0.001952588948,28.10871678,28.10871678,0.02040853582,0.5621743356,-1.917475985e-06,-0,4.793689962e-07,-3.83495197e-06,0.5621743356,-0.0001045024412,-1.917475985e-06,-0,4.793689962e-07,-3.83495197e-06,0.5621743356,-0.0001045024412,0,0,0,0,0,0
11.55,1,1,5.273058958e-05,3.76304662e-05,-1.438106989e-06,6.854976646e-05,-0.03432258044,-4.434163215e-05,0,0,0,0,0.01780235837,0,-0.03250778236,0.010182634,0.001280007439,-0.001814798082,-0.02118679668,-0.1658805426,11.71808425,0,-0.0748149793,0.1836829009,-0.05579556698,-0.2482686684,1.05220417,-0.001873017903,26.54088681,0.2482686684,0.001873017903,26.73523293,26.73523293,0.02039619828,0.5347046586,-9.587379924e-07,4.793689962e-07,-0,-4.793689962e-06,0.5347046586,-0.0001064199172,-9.587379924e-07,4.793689962e-07,-0,-4.793689962e-06,0.5347046586,-0.0001064199172,0,0,0,0,0,0
11.56,1,1,5.201153609e-05,3.76304662e-05,-1.438106989e-06,6.854976646e-05,-0.03413634559,-4.482100115e-05,0,0,0,0,0.01780235837,0,-0.03240589249,0.01019529443,0.001252073751,-0.001730453101,-0.02019072906,-0.1578757106,11.70833383,0,-0.0726689085,0.175678069,-0.1927119919,-0.2363997962,1.052017935,-0.001780855523,25.26011369,0.2363997962,0.001780855523,25.30558235,25.30558235,0.02038301104,0.5061116471,4.793689962e-07,4.793689962e-07,-0,-4.793689962e-06,0.5061116471,-0.0001054611792,4.793689962e-07,4.793689962e-07,-0,-4.793689962e-06,0.5061116471,-0.0001054611792,0,0,0,0,0,0
11.57,1,1,5.249090509e-05,3.73907817e-05,-9.587379924e-07,6.735134397e-05,-0.03393932493,-4.577973914e-05,0,0,0,0,0.01884955592,0,-0.03230387741,0.01020767536,0.001224105737,-0.001635447526,-0.01907134133,-0.1478016667,11.698336,0,-0.0703982744,0.1666512226,-0.3227645672,-0.2231029588,1.052877707,-0.001668803981,23.64826667,0.2231029588,0.001668803981,23.55027387,23.55027387,0.02036899527,0.4710054774,-4.793689962e-07,9.587379924e-07,-9.587379924e-07,-2.396844981e-06,0.4710054774,-0.0001035437032,-4.793689962e-07,9.587379924e-07,-9.587379924e-07,-2.396844981e-06,0.4710054774,-0.0001035437032,0,0,0,0,0,0
11.58,1,1,5.344964308e-05,3.691141271e-05,-1.198422491e-06,6.831008196e-05,-0.03378185222,-4.482100115e-05,0,0,0,0,0.01361356817,0,-0.03220173991,0.01021977643,0.001196104164,-0.001580112303,-0.01841723659,-0.1477857224,11.69057909,0,-0.0685832281,0.1613992906,-0.3587918685,-0.2153081608,1.047441753,-0.001650280456,23.64571559,0.2153081608,0.001650280456,23.50388216,23.50388216,0.02035470723,0.4700776432,-2.396844981e-06,1.917475985e-06,-4.793689962e-07,-4.314320966e-06,0.4700776432,-0.0001054611792,-2.396844981e-06,1.917475985e-06,-4.793689962e-07,-4.314320966e-06,0.4700776432,-0.0001054611792,0,0,0,0,0,0
11.59,1,1,5.297027408e-05,3.667172821e-05,-7.190534943e-07,6.807039746e-05,-0.03365505912,-4.482100115e-05,0,0,0,0,0.01047197551,0,-0.03209948281,0.01023159733,0.001168069799,-0.001555576306,-0.01812380991,-0.1486093235,11.68448424,0,-0.0671216746,0.159081299,-0.3349627595,-0.2117673713,1.04415445,-0.001647912747,23.77749175,0.2117673713,0.001647912747,23.65594428,23.65594428,0.02034033424,0.4731188856,-1.438106989e-06,2.396844981e-06,-1.438106989e-06,-3.83495197e-06,0.4731188856,-0.0001054611792,-1.438106989e-06,2.396844981e-06,-1.438106989e-06,-3.83495197e-06,0.4731188856,-0.0001054611792,0,0,0,0,0,0
11.6,1,1,5.273058958e-05,3.667172821e-05,-9.587379924e-07,6.783071296e-05,-0.03355439163,-4.434163215e-05,0,0,0,0,0.00837758041,0,-0.0319971089,0.01024313772,0.00114000341,-0.001557282726,-0.01813726665,-0.150887339,11.67974091,0,-0.06596119617,0.1592649194,-0.2691855357,-0.2118385754,1.041949518,-0.001664943305,24.14197425,0.2118385754,0.001664943305,24.08629223,24.08629223,0.02032605334,0.4817258446,-9.587379924e-07,2.396844981e-06,-9.587379924e-07,-3.355582973e-06,0.4817258446,-0.0001064199172,-9.587379924e-07,2.396844981e-06,-9.587379924e-07,-3.355582973e-06,0.4817258446,-0.0001064199172,0,0,0,0,0,0
11.61,1,1,5.249090509e-05,3.81098352e-05,-7.190534943e-07,6.831008196e-05,-0.03347002268,-4.530037014e-05,0,0,0,0,0.00837758041,0,-0.03189462099,0.01025439729,0.001111905768,-0.001575401692,-0.01834245929,-0.1526359917,11.67583071,0,-0.0649885533,0.1610135721,-0.1878817916,-0.2141634494,1.041865149,-0.001682802501,24.42175867,0.2141634494,0.001682802501,24.44972313,24.44972313,0.0203120266,0.4889944626,-4.793689962e-07,-4.793689962e-07,-1.438106989e-06,-4.314320966e-06,0.4889944626,-0.0001045024412,-4.793689962e-07,-4.793689962e-07,-1.438106989e-06,-4.314320966e-06,0.4889944626,-0.0001045024412,0,0,0,0,0,0
11.62,1,1,5.273058958e-05,3.85892042e-05,-4.793689962e-07,6.807039746e-05,-0.03338661248,-4.482100115e-05,0,0,0,0,0.00837758041,0,-0.03179202189,0.01026537574,0.001083777642,-0.001594590586,-0.01856011445,-0.1544866709,11.67202329,0,-0.06402691781,0.1628642513,-0.1199222481,-0.2166340882,1.041781739,-0.001701769789,24.71786735,0.2166340882,0.001701769789,24.81628096,24.81628096,0.02029816288,0.4963256192,-9.587379924e-07,-1.438106989e-06,-1.917475985e-06,-3.83495197e-06,0.4963256192,-0.0001054611792,-9.587379924e-07,-1.438106989e-06,-1.917475985e-06,-3.83495197e-06,0.4963256192,-0.0001054611792,0,0,0,0,0,0
11.63,1,1,5.273058958e-05,3.76304662e-05,-1.438106989e-06,6.759102847e-05,-0.03330200385,-4.434163215e-05,0,0,0,0,0.007330382858,0,-0.03168931442,0.01027607275,0.001055619804,-0.001612689435,-0.01876502115,-0.1572805909,11.66822039,0,-0.06305142031,0.1646109737,-0.06593725965,-0.2189544024,1.04064582,-0.001727601672,25.16489454,0.2189544024,0.001727601672,25.31963929,25.31963929,0.02028446222,0.5063927857,-9.587379924e-07,4.793689962e-07,-0,-2.876213977e-06,0.5063927857,-0.0001064199172,-9.587379924e-07,4.793689962e-07,-0,-2.876213977e-06,0.5063927857,-0.0001064199172,0,0,0,0,0,0
11.64,1,1,5.201153609e-05,3.81098352e-05,-9.587379924e-07,6.831008196e-05,-0.03321835396,-4.362257866e-05,0,0,0,0,0.007330382858,0,-0.03158650138,0.01028648804,0.001027433026,-0.001631852584,-0.01898232529,-0.1591288215,11.66451916,0,-0.06208693231,0.1664592044,-0.01988286679,-0.2214196969,1.04056217,-0.001746454336,25.46061144,0.2214196969,0.001746454336,25.66389473,25.66389473,0.02027092523,0.5132778945,4.793689962e-07,-4.793689962e-07,-9.587379924e-07,-4.314320966e-06,0.5132778945,-0.0001078580241,4.793689962e-07,-4.793689962e-07,-9.587379924e-07,-4.314320966e-06,0.5132778945,-0.0001078580241,0,0,0,0,0,0
11.65,1,1,5.249090509e-05,3.81098352e-05,-1.198422491e-06,6.759102847e-05,-0.0331481264,-4.338289416e-05,0,0,0,0,0.005235987756,0,-0.0314835856,0.01029662131,0.0009992180801,-0.001664540808,-0.01935732686,-0.1643613923,11.66145675,0,-0.06127717106,0.1695973801,0.04138440019,-0.2257346301,1.038390968,-0.00179518763,26.29782277,0.2257346301,0.00179518763,26.56673699,26.56673699,0.02025771271,0.5313347398,-4.793689962e-07,-4.793689962e-07,-4.793689962e-07,-2.876213977e-06,0.5313347398,-0.0001083373931,-4.793689962e-07,-4.793689962e-07,-4.793689962e-07,-2.876213977e-06,0.5313347398,-0.0001083373931,0,0,0,0,0,0
11.66,1,1,5.297027408e-05,3.882888869e-05,-1.677791487e-06,6.759102847e-05,-0.03307909727,-4.362257866e-05,0,0,0,0,0.007330382858,0,-0.03138056989,0.01030647231,0.0009709757401,-0.001698527376,-0.0197473593,-0.1655290127,11.65848655,0,-0.06048119886,0.1728593956,0.09301591059,-0.2302243229,1.040422914,-0.001813868152,26.48464204,0.2302243229,0.001813868152,26.80969614,26.80969614,0.02024483517,0.5361939228,-1.438106989e-06,-1.917475985e-06,4.793689962e-07,-2.876213977e-06,0.5361939228,-0.0001078580241,-1.438106989e-06,-1.917475985e-06,4.793689962e-07,-2.876213977e-06,0.5361939228,-0.0001078580241,0,0,0,0,0,0
11.67,1,1,5.344964308e-05,3.83495197e-05,-1.198422491e-06,6.759102847e-05,-0.03301030782,-4.410194765e-05,0,0,0,0,0.006283185307,0,-0.03127745709,0.01031604074,0.0009427067803,-0.001732850726,-0.02014120984,-0.1698703734,11.65556603,0,-0.05968796183,0.1761535587,0.1367880898,-0.2347572013,1.039303363,-0.001856278648,27.17925974,0.2347572013,0.001856278648,27.55266131,27.55266131,0.02023224865,0.5510532262,-2.396844981e-06,-9.587379924e-07,-4.793689962e-07,-2.876213977e-06,0.5510532262,-0.0001068992862,-2.396844981e-06,-9.587379924e-07,-4.793689962e-07,-2.876213977e-06,0.5510532262,-0.0001068992862,0,0,0,0,0,0
11.68,1,1,5.297027408e-05,3.73907817e-05,-1.917475985e-06,6.807039746e-05,-0.03295062638,-4.482100115e-05,0,0,0,0,0.005235987756,0,-0.03117425002,0.01032532636,0.0009144119758,-0.001776376357,-0.02064219056,-0.1750892866,11.65306401,0,-0.05899972985,0.1803252744,0.1882166687,-0.240544768,1.038193468,-0.001908072552,28.01428586,0.240544768,0.001908072552,28.44495537,28.44495537,0.02022008765,0.5688991073,-1.438106989e-06,9.587379924e-07,9.587379924e-07,-3.83495197e-06,0.5688991073,-0.0001054611792,-1.438106989e-06,9.587379924e-07,9.587379924e-07,-3.83495197e-06,0.5688991073,-0.0001054611792,0,0,0,0,0,0
11.69,1,1,5.297027408e-05,3.78701507e-05,-9.587379924e-07,6.711165947e-05,-0.0328760845,-4.434163215e-05,0,0,0,0,0.007330382858,0,-0.03107095151,0.0103343289,0.0008860921021,-0.001805132991,-0.02097096288,-0.1757583384,11.64998049,0,-0.05814010143,0.1830887212,0.2037917297,-0.2443113084,1.040219901,-0.001921713595,28.12133414,0.2443113084,0.001921713595,28.57135889,28.57135889,0.02020816742,0.5714271778,-1.438106989e-06,-0,-9.587379924e-07,-1.917475985e-06,0.5714271778,-0.0001064199172,-1.438106989e-06,-0,-9.587379924e-07,-1.917475985e-06,0.5714271778,-0.0001064199172,0,0,0,0,0,0
11.7,1,1,5.320995858e-05,3.78701507e-05,-1.198422491e-06,6.687197497e-05,-0.03278859966,-4.410194765e-05,0,0,0,0,0.009424777961,0,-0.03096756439,0.01034304812,0.0008577479358,-0.00182103527,-0.02114996771,-0.1752017345,11.6464203,0,-0.05713117167,0.1846265125,0.1944941569,-0.2463214133,1.042235584,-0.001921931873,28.03227753,0.2463214133,0.001921931873,28.47501503,28.47501503,0.02019632187,0.5695003006,-1.917475985e-06,-0,-4.793689962e-07,-1.438106989e-06,0.5695003006,-0.0001068992862,-1.917475985e-06,-0,-4.793689962e-07,-1.438106989e-06,0.5695003006,-0.0001068992862,0,0,0,0,0,0
11.71,1,1,5.344964308e-05,3.83495197e-05,-1.677791487e-06,6.759102847e-05,-0.03267019551,-4.386226315e-05,0,0,0,0,0.01151917306,0,-0.03086409149,0.01035148378,0.0008293802539,-0.001806104024,-0.0209700315,-0.1717044625,11.64170277,0,-0.05576559187,0.1832236356,0.1321159694,-0.2441268737,1.044222541,-0.001889628602,27.472714,0.2441268737,0.001889628602,27.85084648,27.85084648,0.02018424925,0.5570169295,-2.396844981e-06,-9.587379924e-07,4.793689962e-07,-2.876213977e-06,0.5570169295,-0.0001073786552,-2.396844981e-06,-9.587379924e-07,4.793689962e-07,-2.876213977e-06,0.5570169295,-0.0001073786552,0,0,0,0,0,0
11.72,1,1,5.225122059e-05,3.78701507e-05,-2.157160483e-06,6.783071296e-05,-0.03251607838,-4.482100115e-05,0,0,0,0,0.01570796327,0,-0.03076053566,0.01035963565,0.0008009898341,-0.001755542725,-0.02037577366,-0.1627126304,11.635736,0,-0.05398801004,0.1784205937,0.01927799927,-0.2370871232,1.048285727,-0.001803511511,26.03402087,0.2370871232,0.001803511511,26.2921895,26.2921895,0.02017160855,0.52584379,-0,-0,1.438106989e-06,-3.355582973e-06,0.52584379,-0.0001054611792,-0,-0,1.438106989e-06,-3.355582973e-06,0.52584379,-0.0001054611792,0,0,0,0,0,0
11.73,1,1,5.201153609e-05,3.81098352e-05,-1.917475985e-06,6.735134397e-05,-0.03234662144,-4.482100115e-05,0,0,0,0,0.01570796327,0,-0.03065689972,0.0103675035,0.0007725774548,-0.001689721718,-0.01960469668,-0.1564503048,11.62940177,0,-0.05203335174,0.1721582681,-0.09884449326,-0.2279908943,1.04811627,-0.001732403079,25.03204877,0.2279908943,0.001732403079,25.16292757,25.16292757,0.02015833485,0.5032585514,4.793689962e-07,-4.793689962e-07,9.587379924e-07,-2.396844981e-06,0.5032585514,-0.0001054611792,4.793689962e-07,-4.793689962e-07,9.587379924e-07,-2.396844981e-06,0.5032585514,-0.0001054611792,0,0,0,0,0,0
11.74,1,1,5.273058958e-05,3.78701507e-05,-2.157160483e-06,6.759102847e-05,-0.03217668513,-4.506068564e-05,0,0,0,0,0.01675516082,0,-0.03055318653,0.01037508712,0.0007441438949,-0.001623498598,-0.01882975028,-0.1490986493,11.62328742,0,-0.05007301415,0.1658538102,-0.1965589308,-0.2188635995,1.04900203,-0.001652664706,23.85578389,0.2188635995,0.001652664706,23.87974123,23.87974123,0.02014457619,0.4775948245,-9.587379924e-07,-0,1.438106989e-06,-2.876213977e-06,0.4775948245,-0.0001049818102,-9.587379924e-07,-0,1.438106989e-06,-2.876213977e-06,0.4775948245,-0.0001049818102,0,0,0,0,0,0
11.75,1,1,5.225122059e-05,3.83495197e-05,-1.438106989e-06,6.783071296e-05,-0.03199596302,-4.458131665e-05,0,0,0,0,0.01989675347,0,-0.03044939893,0.01038238631,0.0007156899339,-0.001546564091,-0.01793114634,-0.1386256283,11.61704589,0,-0.04798809624,0.1585223818,-0.2954646772,-0.2083069499,1.051991687,-0.001544251129,22.18010053,0.2083069499,0.001544251129,22.09448705,22.09448705,0.02013018746,0.441889741,-0,-9.587379924e-07,-0,-3.355582973e-06,0.441889741,-0.0001059405482,-0,-9.587379924e-07,-0,-3.355582973e-06,0.441889741,-0.0001059405482,0,0,0,0,0,0
11.76,1,1,5.273058958e-05,3.81098352e-05,-1.198422491e-06,6.735134397e-05,-0.03180517416,-4.482100115e-05,0,0,0,0,0.01675516082,0,-0.03034553976,0.01038940086,0.0006872163519,-0.001459634404,-0.0169173624,-0.1334761027,11.61074807,0,-0.04578687258,0.1502312635,-0.3925402557,-0.1964232329,1.048630519,-0.001476296967,21.35617643,0.1964232329,0.001476296967,21.1615357,21.1615357,0.02011510771,0.4232307141,-9.587379924e-07,-4.793689962e-07,-4.793689962e-07,-2.396844981e-06,0.4232307141,-0.0001054611792,-9.587379924e-07,-4.793689962e-07,-4.793689962e-07,-2.396844981e-06,0.4232307141,-0.0001054611792,0,0,0,0,0,0
11.77,1,1,5.249090509e-05,3.78701507e-05,-1.198422491e-06,6.687197497e-05,-0.03164937924,-4.434163215e-05,0,-0.001047197551,0,0,0.01151917306,0,-0.03024161186,0.01039613057,0.0006587239295,-0.001407767375,-0.01631144233,-0.133768657,11.60582703,0,-0.0439892671,0.1452878301,-0.4093450526,-0.1893077783,1.043201725,-0.001463136839,21.40298512,0.1893077783,0.001463136839,21.18441099,21.18441099,0.0200997691,0.4236882197,-4.793689962e-07,0.0001047197551,-4.793689962e-07,-1.438106989e-06,0.4236882197,-0.0001064199172,-4.793689962e-07,0.0001047197551,-4.793689962e-07,-1.438106989e-06,0.4236882197,-0.0001064199172,0,0,0,0,0,0
11.78,1,1,5.249090509e-05,3.76304662e-05,-7.190534943e-07,6.663229047e-05,-0.03155734039,-4.410194765e-05,0,0,0,0,0.006283185307,0,-0.0301376181,0.01040257528,0.0006302134479,-0.001419722294,-0.01644652692,-0.1401621792,11.60301336,0,-0.04292724669,0.1464453645,-0.3114649683,-0.1908292716,1.037850395,-0.00151624333,22.42594867,0.1908292716,0.00151624333,22.30682922,22.30682922,0.02008475578,0.4461365843,-4.793689962e-07,4.793689962e-07,-1.438106989e-06,-9.587379924e-07,0.4461365843,-0.0001068992862,-4.793689962e-07,4.793689962e-07,-1.438106989e-06,-9.587379924e-07,0.4461365843,-0.0001068992862,0,0,0,0,0,0
11.79,1,1,5.273058958e-05,3.83495197e-05,-1.198422491e-06,6.711165947e-05,-0.03151347813,-4.362257866e-05,0,0,0,0,0.001047197551,0,-0.03003356131,0.01040873479,0.0006016856886,-0.001479916819,-0.0171412906,-0.1511681554,11.6016969,0,-0.04242111475,0.1522153529,-0.1474435252,-0.198868058,1.03256095,-0.001617510723,24.18690486,0.198868058,0.001617510723,24.2399469,24.2399469,0.02007036202,0.484798938,-9.587379924e-07,-9.587379924e-07,-4.793689962e-07,-1.917475985e-06,0.484798938,-0.0001078580241,-9.587379924e-07,-9.587379924e-07,-4.793689962e-07,-1.917475985e-06,0.484798938,-0.0001078580241,0,0,0,0,0,0
11.8,1,1,5.249090509e-05,3.81098352e-05,-1.438106989e-06,6.735134397e-05,-0.03150245264,-4.458131665e-05,0,0,0,0,0,0,-0.02992944435,0.01041460893,0.0005731414338,-0.001573008289,-0.01821755068,-0.1611298268,11.60136846,0,-0.04229388904,0.1611298268,0.04300452915,-0.2113485179,1.031502453,-0.001719400427,25.78077229,0.2113485179,0.001719400427,26.03684474,26.03684474,0.02005682006,0.5207368948,-4.793689962e-07,-4.793689962e-07,-0,-2.396844981e-06,0.5207368948,-0.0001059405482,-4.793689962e-07,-4.793689962e-07,-0,-2.396844981e-06,0.5207368948,-0.0001059405482,0,0,0,0,0,0
11.81,1,1,5.177185159e-05,3.83495197e-05,-7.190534943e-07,6.783071296e-05,-0.03149957643,-4.482100115e-05,0,0,0,0,0,0,-0.02982527008,0.01042019756,0.0005445814661,-0.001674306345,-0.0193888347,-0.1708273547,11.60128295,0,-0.04226069964,0.1708273547,0.2125509102,-0.2249353573,1.031499576,-0.001821711502,27.33237675,0.2249353573,0.001821711502,27.77168473,27.77168473,0.02004414149,0.5554336946,9.587379924e-07,-9.587379924e-07,-1.438106989e-06,-3.355582973e-06,0.5554336946,-0.0001054611792,9.587379924e-07,-9.587379924e-07,-1.438106989e-06,-3.355582973e-06,0.5554336946,-0.0001054611792,0,0,0,0,0,0
11.82,1,1,5.153216709e-05,3.78701507e-05,-1.198422491e-06,6.735134397e-05,-0.03149190652,-4.386226315e-05,0,0,0,0,0.001047197551,0,-0.02972104135,0.01042550051,0.0005160065684,-0.00177086517,-0.02050496189,-0.179023404,11.60105524,0,-0.04217219441,0.1800706015,0.3424957881,-0.2378791955,1.032539378,-0.001911828804,28.64374464,0.2378791955,0.001911828804,29.22603145,29.22603145,0.02003230975,0.584520629,1.438106989e-06,-0,-4.793689962e-07,-2.396844981e-06,0.584520629,-0.0001073786552,1.438106989e-06,-0,-4.793689962e-07,-2.396844981e-06,0.584520629,-0.0001073786552,0,0,0,0,0,0
11.83,1,1,5.249090509e-05,3.85892042e-05,-9.587379924e-07,6.663229047e-05,-0.03147177302,-4.386226315e-05,-0.001047197551,0,0,0,0.003141592654,0,-0.02961676102,0.01043051765,0.0004874175241,-0.001855012001,-0.02147693614,-0.1849854695,11.60045979,0,-0.04193986698,0.1881270621,0.4265050223,-0.2491423341,1.034615833,-0.00198235016,29.59767512,0.2491423341,0.00198235016,30.27530482,30.27530482,0.02002123864,0.6055060965,0.0001042403861,-1.438106989e-06,-9.587379924e-07,-9.587379924e-07,0.6055060965,-0.0001073786552,0.0001042403861,-1.438106989e-06,-9.587379924e-07,-9.587379924e-07,0.6055060965,-0.0001073786552,0,0,0,0,0,0
11.84,1,1,5.249090509e-05,3.85892042e-05,-9.587379924e-07,6.759102847e-05,-0.03142479486,-4.530037014e-05,0,0.001047197551,0,0,0.005235987756,0,-0.02951243195,0.01043524882,0.000458815117,-0.00191236291,-0.02213794526,-0.1883876567,11.59908333,0,-0.04139776307,0.1936236444,0.4482828352,-0.2567798718,1.036667637,-0.002025744716,30.14202506,0.2567798718,0.002025744716,30.84911352,30.84911352,0.02001061555,0.6169822703,-4.793689962e-07,-0.0001061578621,-9.587379924e-07,-2.876213977e-06,0.6169822703,-0.0001045024412,-4.793689962e-07,-0.0001061578621,-9.587379924e-07,-2.876213977e-06,0.6169822703,-0.0001045024412,0,0,0,0,0,0
11.85,1,1,5.225122059e-05,3.85892042e-05,-1.438106989e-06,6.807039746e-05,-0.03135145141,-4.482100115e-05,0,0,0,0,0.01047197551,0,-0.029408057,0.01043969391,0.0004302001313,-0.001943394406,-0.02249363401,-0.186134543,11.59697048,0,-0.04055139897,0.1966065185,0.4197771027,-0.2608580097,1.041850842,-0.002020529789,29.78152687,0.2608580097,0.002020529789,30.46418251,30.46418251,0.02000019204,0.6092836503,-0,-1.438106989e-06,-0,-3.83495197e-06,0.6092836503,-0.0001054611792,-0,-1.438106989e-06,-0,-3.83495197e-06,0.6092836503,-0.0001054611792,0,0,0,0,0,0
11.86,1,1,5.249090509e-05,3.83495197e-05,-1.917475985e-06,6.854976646e-05,-0.03123376632,-4.434163215e-05,0,0,0,0,0.01256637061,0,-0.02930363903,0.01044385278,0.0004015733514,-0.001930127289,-0.02233572538,-0.1827915283,11.59367222,0,-0.03919329879,0.1953578989,0.3192116873,-0.2589530788,1.043839615,-0.001990758127,29.24664452,0.2589530788,0.001990758127,29.82680005,29.82680005,0.01998946737,0.596536001,-4.793689962e-07,-9.587379924e-07,9.587379924e-07,-4.793689962e-06,0.596536001,-0.0001064199172,-4.793689962e-07,-9.587379924e-07,9.587379924e-07,-4.793689962e-06,0.596536001,-0.0001064199172,0,0,0,0,0,0
11.87,1,1,5.273058958e-05,3.906857319e-05,-1.677791487e-06,6.807039746e-05,-0.03107916982,-4.434163215e-05,0,0,0,0,0.01570796327,0,-0.0291991809,0.01044772534,0.0003729355622,-0.001879988917,-0.02175072983,-0.1748771317,11.58951152,0,-0.03740915431,0.190585095,0.1725752849,-0.252080334,1.046848818,-0.001914483175,27.98034107,0.252080334,0.001914483175,28.40691117,28.40691117,0.01997815493,0.5681382234,-9.587379924e-07,-2.396844981e-06,4.793689962e-07,-3.83495197e-06,0.5681382234,-0.0001064199172,-9.587379924e-07,-2.396844981e-06,4.793689962e-07,-3.83495197e-06,0.5681382234,-0.0001064199172,0,0,0,0,0,0
11.88,1,1,5.225122059e-05,3.85892042e-05,-1.198422491e-06,6.807039746e-05,-0.03090180329,-4.458131665e-05,0,0,0,0,0.01780235837,0,-0.02909468548,0.01045131146,0.0003442875487,-0.001807117811,-0.0209028765,-0.1658340747,11.58497843,0,-0.03536211906,0.1836364331,0.01351732618,-0.2421593734,1.048783393,-0.001821105506,26.53345195,0.2421593734,0.001821105506,26.79094976,26.79094976,0.01996607719,0.5358189951,-0,-1.438106989e-06,-4.793689962e-07,-3.83495197e-06,0.5358189951,-0.0001059405482,-0,-1.438106989e-06,-4.793689962e-07,-3.83495197e-06,0.5358189951,-0.0001059405482,0,0,0,0,0,0
11.89,1,1,5.249090509e-05,3.930825769e-05,-1.438106989e-06,6.759102847e-05,-0.03072395739,-4.410194765e-05,0,0.001047197551,0,0,0.01675516082,0,-0.02899015562,0.01045461106,0.0003156300965,-0.001733801765,-0.02005053983,-0.1598860535,11.58069078,0,-0.03330943966,0.1766412143,-0.1168541892,-0.2321991017,1.047549302,-0.001750547694,25.58176856,0.2321991017,0.001750547694,25.69886402,25.69886402,0.01995336972,0.5139772804,-4.793689962e-07,-0.0001075959691,-0,-2.876213977e-06,0.5139772804,-0.0001068992862,-4.793689962e-07,-0.0001075959691,-0,-2.876213977e-06,0.5139772804,-0.0001068992862,0,0,0,0,0,0
11.9,1,1,5.249090509e-05,3.78701507e-05,-9.587379924e-07,6.711165947e-05,-0.0305398797,-4.458131665e-05,0,0,0,0,0.01989675347,0,-0.02888559421,0.01045762403,0.000286963991,-0.001654285485,-0.01912706268,-0.1491521342,11.57652435,0,-0.03118472268,0.1690488877,-0.2350620689,-0.2214249069,1.050535603,-0.001641255685,23.86434147,0.2214249069,0.001641255685,23.85234557,23.85234557,0.01993999996,0.4770469113,-4.793689962e-07,-0,-9.587379924e-07,-1.917475985e-06,0.4770469113,-0.0001059405482,-4.793689962e-07,-0,-9.587379924e-07,-1.917475985e-06,0.4770469113,-0.0001059405482,0,0,0,0,0,0
11.91,1,1,5.368932758e-05,3.76304662e-05,-1.198422491e-06,6.854976646e-05,-0.03033710661,-4.482100115e-05,0,0,0,0,0.01780235837,0,-0.0287810041,0.01046035031,0.0002582900184,-0.00155610251,-0.01798821463,-0.1418633244,11.57225408,0,-0.02884409216,0.1596656828,-0.3636794551,-0.2081641902,1.048218696,-0.001553069776,22.69813191,0.2081641902,0.001553069776,22.54416971,22.54416971,0.01992579443,0.4508833942,-2.876213977e-06,4.793689962e-07,-4.793689962e-07,-4.793689962e-06,0.4508833942,-0.0001054611792,-2.876213977e-06,4.793689962e-07,-4.793689962e-07,-4.793689962e-06,0.4508833942,-0.0001054611792,0,0,0,0,0,0
11.92,1,1,5.201153609e-05,3.85892042e-05,-1.198422491e-06,6.663229047e-05,-0.03016812904,-4.577973914e-05,0,0,0,0,0.01256637061,0,-0.02867638816,0.01046278981,0.0002296089645,-0.001491740878,-0.01724138152,-0.1409493782,11.56895098,0,-0.02689347576,0.1535157488,-0.4081762835,-0.1994646975,1.042773978,-0.001525959901,22.55190052,0.1994646975,0.001525959901,22.34471489,22.34471489,0.01991122274,0.4468942978,4.793689962e-07,-1.438106989e-06,-4.793689962e-07,-9.587379924e-07,0.4468942978,-0.0001035437032,4.793689962e-07,-1.438106989e-06,-4.793689962e-07,-9.587379924e-07,0.4468942978,-0.0001035437032,0,0,0,0,0,0
11.93,1,1,5.297027408e-05,3.78701507e-05,-9.587379924e-07,6.759102847e-05,-0.0300650647,-4.530037014e-05,0,0,0,0,0.006283185307,0,-0.02857174926,0.01046494247,0.0002009216159,-0.001493315445,-0.017257661,-0.1473944486,11.56705025,0,-0.02570370005,0.1536776339,-0.3288602357,-0.199620232,1.03635812,-0.001575023135,23.58311178,0.199620232,0.001575023135,23.4554468,23.4554468,0.01989689915,0.469108936,-1.438106989e-06,-0,-9.587379924e-07,-2.876213977e-06,0.469108936,-0.0001045024412,-1.438106989e-06,-0,-9.587379924e-07,-2.876213977e-06,0.469108936,-0.0001045024412,0,0,0,0,0,0
11.94,1,1,5.273058958e-05,3.691141271e-05,-4.793689962e-07,6.663229047e-05,-0.03002575645,-4.458131665e-05,0,0,0,0,0.001047197551,0,-0.02846709027,0.01046680822,0.0001722287588,-0.00155866618,-0.01801168846,-0.1588994912,11.56634806,0,-0.02524991787,0.1599466887,-0.1525429948,-0.2083294578,1.031073228,-0.001679534967,25.42391859,0.2083294578,0.001679534967,25.48138458,25.48138458,0.01988331278,0.5096276917,-9.587379924e-07,1.917475985e-06,-1.917475985e-06,-9.587379924e-07,0.5096276917,-0.0001059405482,-9.587379924e-07,1.917475985e-06,-1.917475985e-06,-9.587379924e-07,0.5096276917,-0.0001059405482,0,0,0,0,0,0
11.95,1,1,5.273058958e-05,3.715109721e-05,-2.396844981e-07,6.711165947e-05,-0.03001808654,-4.458131665e-05,0,0,0,0,0,0,-0.02836241405,0.01046838703,0.00014353118,-0.001655672491,-0.01913181369,-0.1692467802,11.56621251,0,-0.02516137455,0.1692467802,0.0457685523,-0.2212826227,1.030018087,-0.001784098526,27.07948483,0.2212826227,0.001784098526,27.34832011,27.34832011,0.01987064146,0.5469664021,-9.587379924e-07,1.438106989e-06,-2.396844981e-06,-1.917475985e-06,0.5469664021,-0.0001059405482,-9.587379924e-07,1.438106989e-06,-2.396844981e-06,-1.917475985e-06,0.5469664021,-0.0001059405482,0,0,0,0,0,0
11.96,1,1,5.344964308e-05,3.83495197e-05,-4.793689962e-07,6.735134397e-05,-0.03001473096,-4.434163215e-05,0,0,0,0,0,0,-0.02825772348,0.01046967883,0.0001148296663,-0.001757007477,-0.02030195927,-0.1789608767,11.56615335,0,-0.0251226368,0.1789608767,0.2151399294,-0.2348155742,1.030014731,-0.001885359532,28.63374028,0.2348155742,0.001885359532,29.08558114,29.08558114,0.01985886172,0.5817116228,-2.396844981e-06,-9.587379924e-07,-1.917475985e-06,-2.396844981e-06,0.5817116228,-0.0001064199172,-2.396844981e-06,-9.587379924e-07,-1.917475985e-06,-2.396844981e-06,0.5817116228,-0.0001064199172,0,0,0,0,0,0
11.97,1,1,5.392901207e-05,3.78701507e-05,-4.793689962e-07,6.807039746e-05,-0.03000897853,-4.458131665e-05,0,0,0,0,0,0,-0.02815302143,0.01047068361,8.612500438e-05,-0.0018559571,-0.02144447844,-0.1884462486,11.56605216,0,-0.02505622917,0.1884462486,0.3491006026,-0.2480279562,1.030008979,-0.001984172183,30.15139977,0.2480279562,0.001984172183,30.75051251,30.75051251,0.01984801198,0.6150102501,-3.355582973e-06,-0,-1.917475985e-06,-3.83495197e-06,0.6150102501,-0.0001059405482,-3.355582973e-06,-0,-1.917475985e-06,-3.83495197e-06,0.6150102501,-0.0001059405482,0,0,0,0,0,0
11.98,1,1,5.201153609e-05,3.882888869e-05,-7.190534943e-07,6.807039746e-05,-0.02999579588,-4.506068564e-05,0,0,0,0.001047197551,0.001047197551,0,-0.02804831077,0.01047140133,5.741798134e-05,-0.001947485117,-0.02250113274,-0.1961738961,11.56582127,0,-0.02490404469,0.1972210937,0.44555764,-0.2602440797,1.031043268,-0.002068636664,31.38782338,0.2602440797,0.002068636664,32.09569374,32.09569374,0.01983801315,0.6419138747,4.793689962e-07,-1.917475985e-06,-1.438106989e-06,-0.0001085547071,0.6419138747,-0.0001049818102,4.793689962e-07,-1.917475985e-06,-1.438106989e-06,-0.0001085547071,0.6419138747,-0.0001049818102,0,0,0,0,0,0
11.99,1,1,5.225122059e-05,3.882888869e-05,-1.198422491e-06,6.878945096e-05,-0.02996415753,-4.554005464e-05,0,0,0,0,0.004188790205,0,-0.02794359436,0.01047183196,2.870938416e-05,-0.002020563168,-0.02334438959,-0.2000415966,11.5652729,0,-0.02453880018,0.2042303868,0.4914535804,-0.2699842363,1.034157334,-0.002121179596,32.00665546,0.2699842363,0.002121179596,32.77021445,32.77021445,0.01982868414,0.655404289,-0,-1.917475985e-06,-4.793689962e-07,-5.273058958e-06,0.655404289,-0.0001040230722,-0,-1.917475985e-06,-4.793689962e-07,-5.273058958e-06,0.655404289,-0.0001040230722,0,0,0,0,0,0
12,0,1,5.249090509e-05,3.85892042e-05,-1.438106989e-06,6.783071296e-05,-0.02989249187,-4.482100115e-05,0,0,0,0,0.00837758041,0,-0.02783887509,0,0,-0.00205361678,-0.02372479584,-0.1885757596,11.56406081,0,-0.023711457,0.19695334,0.2490801122,-0.2743549818,1.038287618,-0.002014676555,30.17212153,0.2743549818,0.002014676555,30.6975713,30.6975713,0.01981945383,0.6139514261,-4.793689962e-07,-1.438106989e-06,-0,-3.355582973e-06,0.6139514261,-0.0001054611792,-4.793689962e-07,-1.438106989e-06,-0,-3.355582973e-06,0.6445714904,-0.0001054611792,0,0,0,0,1,0
12.01,0,1,5.273058958e-05,3.906857319e-05,-1.438106989e-06,6.759102847e-05,-0.02977936078,-4.530037014e-05,0,0,0,0,0.01361356817,0,-0.02783887509,0,0,-0.001940485697,-0.02241664549,-0.1725094849,11.56223225,0,-0.02240539232,0.1861230531,0.004238935114,-0.2591864613,1.043439261,-0.001860342595,27.60151758,0.2591864613,0.001860342595,27.86680332,27.86680332,0.01980842421,0.5573360664,-9.587379924e-07,-2.396844981e-06,-0,-2.876213977e-06,0.5573360664,-0.0001045024412,-9.587379924e-07,-2.396844981e-06,-0,-2.876213977e-06,0.5573360664,-0.0001045024412,0,0,0,0,0,0
12.02,0,1,5.201153609e-05,3.83495197e-05,-1.198422491e-06,6.783071296e-05,-0.02962620239,-4.386226315e-05,0,0,0,0,0.01570796327,0,-0.02783887509,0,0,-0.001787327302,-0.02064597183,-0.1557476287,11.55992215,0,-0.02063717888,0.171455592,-0.2651850665,-0.2386658272,1.045395851,-0.001684834045,24.91962059,0.2386658272,0.001684834045,24.89478619,24.89478619,0.01979589977,0.4978957238,4.793689962e-07,-9.587379924e-07,-4.793689962e-07,-3.355582973e-06,0.4978957238,-0.0001073786552,4.793689962e-07,-9.587379924e-07,-4.793689962e-07,-3.355582973e-06,0.4978957238,-0.0001073786552,0,0,0,0,0,0
12.03,0,1,5.297027408e-05,3.78701507e-05,-1.438106989e-06,6.902913545e-05,-0.02946777094,-4.458131665e-05,0,0,0,0,0.01361356817,0,-0.02783887509,0,0,-0.001628895849,-0.01881469264,-0.1426636659,11.55773266,0,-0.0188080371,0.1562772341,-0.4937821984,-0.2174551876,1.043127671,-0.001535540953,22.82618655,0.2174551876,0.001535540953,22.55139508,22.55139508,0.01978207348,0.4510279016,-1.438106989e-06,-0,-0,-5.752427955e-06,0.4510279016,-0.0001059405482,-1.438106989e-06,-0,-0,-5.752427955e-06,0.4510279016,-0.0001059405482,0,0,0,0,0,0
12.04,0,1,5.368932758e-05,3.691141271e-05,-9.587379924e-07,6.783071296e-05,-0.02935176364,-4.554005464e-05,0,0,0,0,0.00837758041,0,-0.02783887509,0,0,-0.001512888552,-0.01747399783,-0.1367821869,11.55625847,0,-0.01746866558,0.1451597673,-0.6052470756,-0.2019340355,1.03774689,-0.001456019936,21.88514991,0.2019340355,0.001456019936,21.48329289,21.48329289,0.01976753553,0.4296658577,-2.876213977e-06,1.917475985e-06,-9.587379924e-07,-3.355582973e-06,0.4296658577,-0.0001040230722,-2.876213977e-06,1.917475985e-06,-9.587379924e-07,-3.355582973e-06,0.4296658577,-0.0001040230722,0,0,0,0,0,0
12.05,0,1,5.249090509e-05,3.85892042e-05,-4.793689962e-07,6.783071296e-05,-0.02928704882,-4.554005464e-05,0,0,0,0,0.003141592654,0,-0.02783887509,0,0,-0.001448173738,-0.01672616194,-0.135815081,11.55548347,0,-0.01672148519,0.1389566737,-0.6067509387,-0.1932788878,1.032431109,-0.001429880114,21.73041296,0.1932788878,0.001429880114,21.31837079,21.31837079,0.01975271677,0.4263674158,-4.793689962e-07,-1.438106989e-06,-1.917475985e-06,-3.355582973e-06,0.4263674158,-0.0001040230722,-4.793689962e-07,-1.438106989e-06,-1.917475985e-06,-3.355582973e-06,0.4263674158,-0.0001040230722,0,0,0,0,0,0
12.06,0,1,5.225122059e-05,3.81098352e-05,-2.396844981e-07,6.807039746e-05,-0.02926715501,-4.530037014e-05,0,0,0,0,0,0,-0.02783887509,0,0,-0.001428279924,-0.01649628161,-0.1370496314,11.55525205,0,-0.01649179498,0.1370496314,-0.5294483398,-0.1906186918,1.029267155,-0.001432971803,21.92794103,0.1906186918,0.001432971803,21.59054435,21.59054435,0.01973790499,0.431810887,-0,-4.793689962e-07,-2.396844981e-06,-3.83495197e-06,0.431810887,-0.0001045024412,-0,-4.793689962e-07,-2.396844981e-06,-3.83495197e-06,0.431810887,-0.0001045024412,0,0,0,0,0,0
12.07,0,1,5.344964308e-05,3.81098352e-05,-2.396844981e-07,6.854976646e-05,-0.02926643596,-4.434163215e-05,0,0,0,0,0,0,-0.02783887509,0,0,-0.001427560871,-0.01648797277,-0.1369807007,11.55524374,0,-0.01648349291,0.1369807007,-0.4338414269,-0.1905225441,1.029266436,-0.001431178053,21.91691212,0.1905225441,0.001431178053,21.67502441,21.67502441,0.01972314509,0.4335004883,-2.396844981e-06,-4.793689962e-07,-2.396844981e-06,-4.793689962e-06,0.4335004883,-0.0001064199172,-2.396844981e-06,-4.793689962e-07,-2.396844981e-06,-4.793689962e-06,0.4335004883,-0.0001064199172,0,0,0,0,0,0
12.08,0,1,5.297027408e-05,3.954794219e-05,-7.190534943e-07,6.735134397e-05,-0.02926763438,-4.506068564e-05,0,0,0,0,0,0,-0.02783887509,0,0,-0.001428759293,-0.01650182084,-0.1370955851,11.55525759,0,-0.01649732969,0.1370955851,-0.3524143882,-0.1906827904,1.029267634,-0.001431311013,21.93529362,0.1906827904,0.001431311013,21.77499333,21.77499333,0.01970840344,0.4354998667,-1.438106989e-06,-3.355582973e-06,-1.438106989e-06,-2.396844981e-06,0.4354998667,-0.0001049818102,-1.438106989e-06,-3.355582973e-06,-1.438106989e-06,-2.396844981e-06,0.4354998667,-0.0001049818102,0,0,0,0,0,0
12.09,0,1,5.225122059e-05,3.930825769e-05,-7.190534943e-07,6.807039746e-05,-0.02926811375,-4.482100115e-05,0,0,0,0,0,0,-0.02783887509,0,0,-0.001429238662,-0.01650736007,-0.1371415388,11.55526313,0,-0.0165028644,0.1371415388,-0.2872044489,-0.1907468892,1.029268114,-0.001430722656,21.94264621,0.1907468892,0.001430722656,21.84761937,21.84761937,0.01969368321,0.4369523875,-0,-2.876213977e-06,-1.438106989e-06,-3.83495197e-06,0.4369523875,-0.0001054611792,-0,-2.876213977e-06,-1.438106989e-06,-3.83495197e-06,0.4369523875,-0.0001054611792,0,0,0,0,0,0
12.1,0,1,5.10527981e-05,3.906857319e-05,-1.198422491e-06,6.807039746e-05,-0.02926859312,-4.577973914e-05,0,0,0,0,0,0,-0.02783887509,0,0,-0.001429718031,-0.01651289931,-0.1371874924,11.55526867,0,-0.01650839911,0.1371874924,-0.2338420092,-0.190810988,1.029268593,-0.001430134783,21.94999879,0.190810988,0.001430134783,21.9083979,21.9083979,0.01967897953,0.4381679581,2.396844981e-06,-2.396844981e-06,-4.793689962e-07,-3.83495197e-06,0.4381679581,-0.0001035437032,2.396844981e-06,-2.396844981e-06,-4.793689962e-07,-3.83495197e-06,0.4381679581,-0.0001035437032,0,0,0,0,0,0
12.11,0,1,5.273058958e-05,3.83495197e-05,-1.198422491e-06,6.831008196e-05,-0.02926835343,-4.482100115e-05,0,0,0,0,0,0,-0.02783887509,0,0,-0.001429478347,-0.01651012969,-0.1371645156,11.5552659,0,-0.01650563175,0.1371645156,-0.1914319768,-0.1907789386,1.029268353,-0.001428827199,21.9463225,0.1907789386,0.001428827199,21.94709829,21.94709829,0.01966428971,0.4389419658,-9.587379924e-07,-9.587379924e-07,-4.793689962e-07,-4.314320966e-06,0.4389419658,-0.0001054611792,-9.587379924e-07,-9.587379924e-07,-4.793689962e-07,-4.314320966e-06,0.4389419658,-0.0001054611792,0,0,0,0,0,0
12.12,0,1,5.392901207e-05,3.83495197e-05,-1.198422491e-06,6.807039746e-05,-0.02926763438,-4.410194765e-05,0,0,0,0,0,0,-0.02783887509,0,0,-0.001428759293,-0.01650182084,-0.1370955851,11.55525759,0,-0.01649732969,0.1370955851,-0.1577297534,-0.1906827904,1.029267634,-0.001427041302,21.93529362,0.1906827904,0.001427041302,21.9696737,21.9696737,0.01964961324,0.439393474,-3.355582973e-06,-9.587379924e-07,-4.793689962e-07,-3.83495197e-06,0.439393474,-0.0001068992862,-3.355582973e-06,-9.587379924e-07,-4.793689962e-07,-3.83495197e-06,0.439393474,-0.0001068992862,0,0,0,0,0,0
12.13,0,1,5.416869657e-05,3.81098352e-05,-1.198422491e-06,6.759102847e-05,-0.02926787406,-4.458131665e-05,0,0,0,0,0,0,-0.02783887509,0,0,-0.001428998978,-0.01650459045,-0.137118562,11.55526036,0,-0.01650009704,0.137118562,-0.1285364944,-0.1907148398,1.029267874,-0.001426216052,21.93896992,0.1907148398,0.001426216052,22.00257448,22.00257448,0.0196349506,0.4400514896,-3.83495197e-06,-4.793689962e-07,-4.793689962e-07,-2.876213977e-06,0.4400514896,-0.0001059405482,-3.83495197e-06,-4.793689962e-07,-4.793689962e-07,-2.876213977e-06,0.4400514896,-0.0001059405482,0,0,0,0,0,0
12.14,0,1,5.344964308e-05,3.882888869e-05,-7.190534943e-07,6.687197497e-05,-0.02926715501,-4.458131665e-05,0,0,0,0,0,0,-0.02783887509,0,0,-0.001428279924,-0.01649628161,-0.1370496314,11.55525205,0,-0.01649179498,0.1370496314,-0.1063118839,-0.1906186918,1.029267155,-0.001424433426,21.92794103,0.1906186918,0.001424433426,22.01367227,22.01367227,0.01962029945,0.4402734453,-2.396844981e-06,-1.917475985e-06,-1.438106989e-06,-1.438106989e-06,0.4402734453,-0.0001059405482,-2.396844981e-06,-1.917475985e-06,-1.438106989e-06,-1.438106989e-06,0.4402734453,-0.0001059405482,0,0,0,0,0,0
12.15,0,1,5.273058958e-05,3.882888869e-05,-1.198422491e-06,6.878945096e-05,-0.02926739469,-4.530037014e-05,0,0,0,0.001047197551,0,0,-0.02783887509,0,0,-0.001428519609,-0.01649905122,-0.1370726083,11.55525482,0,-0.01649456233,0.1370726083,-0.0864054175,-0.1906507411,1.029267395,-0.001423609891,21.93161732,0.1906507411,0.001423609891,22.03728626,22.03728626,0.01960566044,0.4407457252,-9.587379924e-07,-1.917475985e-06,-4.793689962e-07,-0.0001099928141,0.4407457252,-0.0001045024412,-9.587379924e-07,-1.917475985e-06,-4.793689962e-07,-0.0001099928141,0.4407457252,-0.0001045024412,0,0,0,0,0,0
12.16,0,1,5.273058958e-05,3.667172821e-05,-9.587379924e-07,6.735134397e-05,-0.02926763438,-4.506068564e-05,0,0,0,0,0,0,-0.02783887509,0,0,-0.001428759293,-0.01650182084,-0.1370955851,11.55525759,0,-0.01649732969,0.1370955851,-0.07007170136,-0.1906827904,1.029267634,-0.001422787086,21.93529362,0.1906827904,0.001422787086,22.0573275,22.0573275,0.01959103639,0.44114655,-9.587379924e-07,2.396844981e-06,-9.587379924e-07,-2.396844981e-06,0.44114655,-0.0001049818102,-9.587379924e-07,2.396844981e-06,-9.587379924e-07,-2.396844981e-06,0.44114655,-0.0001049818102,0,0,0,0,0,0
12.17,0,1,5.225122059e-05,3.83495197e-05,-4.793689962e-07,6.735134397e-05,-0.02926667564,-4.506068564e-05,0,0,0,0,0,0,-0.02783887509,0,0,-0.001427800555,-0.01649074238,-0.1370036776,11.55524651,0,-0.01648626026,0.1370036776,-0.05892662166,-0.1905545933,1.029266676,-0.001420769799,21.92058842,0.1905545933,0.001420769799,22.05363716,22.05363716,0.01957641938,0.4410727433,-0,-9.587379924e-07,-1.917475985e-06,-2.396844981e-06,0.4410727433,-0.0001049818102,-0,-9.587379924e-07,-1.917475985e-06,-2.396844981e-06,0.4410727433,-0.0001049818102,0,0,0,0,0,0
12.18,0,1,5.177185159e-05,3.81098352e-05,-9.587379924e-07,6.807039746e-05,-0.02926667564,-4.410194765e-05,0,0,0,0,0,0,-0.02783887509,0,0,-0.001427800555,-0.01649074238,-0.1370036776,11.55524651,0,-0.01648626026,0.1370036776,-0.04812776511,-0.1905545933,1.029266676,-0.001419710242,21.92058842,0.1905545933,0.001419710242,22.06443496,22.06443496,0.01956182039,0.4412886992,9.587379924e-07,-4.793689962e-07,-9.587379924e-07,-3.83495197e-06,0.4412886992,-0.0001068992862,9.587379924e-07,-4.793689962e-07,-9.587379924e-07,-3.83495197e-06,0.4412886992,-0.0001068992862,0,0,0,0,0,0
12.19,0,1,5.273058958e-05,3.930825769e-05,-9.587379924e-07,6.711165947e-05,-0.02926619627,-4.386226315e-05,0,0,0,0,0,0,-0.02783887509,0,0,-0.001427321186,-0.01648520315,-0.1369577238,11.55524098,0,-0.01648072555,0.1369577238,-0.04014614771,-0.190490495,1.029266196,-0.001418174469,21.91323581,0.190490495,0.001418174469,22.06499834,22.06499834,0.01954723415,0.4412999667,-9.587379924e-07,-2.876213977e-06,-9.587379924e-07,-1.917475985e-06,0.4412999667,-0.0001073786552,-9.587379924e-07,-2.876213977e-06,-9.587379924e-07,-1.917475985e-06,0.4412999667,-0.0001073786552,0,0,0,0,0,0
12.2,0,1,5.297027408e-05,3.85892042e-05,-9.587379924e-07,6.878945096e-05,-0.02926595659,-4.434163215e-05,0,0,0,0,0,0,-0.02783887509,0,0,-0.001427081502,-0.01648243354,-0.1369347469,11.55523821,0,-0.0164779582,0.1369347469,-0.03329511759,-0.1904584458,1.029265957,-0.001416879439,21.90955951,0.1904584458,0.001416879439,22.06813971,22.06813971,0.01953267048,0.4413627943,-1.438106989e-06,-1.438106989e-06,-9.587379924e-07,-5.273058958e-06,0.4413627943,-0.0001064199172,-1.438106989e-06,-1.438106989e-06,-9.587379924e-07,-5.273058958e-06,0.4413627943,-0.0001064199172,0,0,0,0,0,0
12.21,0,1,5.297027408e-05,3.85892042e-05,-1.438106989e-06,6.854976646e-05,-0.02926619627,-4.458131665e-05,0,0,0,0,0,0,-0.02783887509,0,0,-0.001427321186,-0.01648520315,-0.1369577238,11.55524098,0,-0.01648072555,0.1369577238,-0.0268216769,-0.190490495,1.029266196,-0.001416061585,21.91323581,0.190490495,0.001416061585,22.07832069,22.07832069,0.01951811221,0.4415664139,-1.438106989e-06,-1.438106989e-06,-0,-4.793689962e-06,0.4415664139,-0.0001059405482,-1.438106989e-06,-1.438106989e-06,-0,-4.793689962e-06,0.4415664139,-0.0001059405482,0,0,0,0,0,0
12.22,0,1,5.297027408e-05,3.85892042e-05,-1.677791487e-06,6.783071296e-05,-0.02926595659,-4.506068564e-05,0,0,0,0,0,0,-0.02783887509,0,0,-0.001427081502,-0.01648243354,-0.1369347469,11.55523821,0,-0.0164779582,0.1369347469,-0.02240484635,-0.1904584458,1.029265957,-0.001414768394,21.90955951,0.1904584458,0.001414768394,22.07902787,22.07902787,0.019503569,0.4415805575,-1.438106989e-06,-1.438106989e-06,4.793689962e-07,-3.355582973e-06,0.4415805575,-0.0001049818102,-1.438106989e-06,-1.438106989e-06,4.793689962e-07,-3.355582973e-06,0.4415805575,-0.0001049818102,0,0,0,0,0,0
12.23,0,1,5.249090509e-05,3.78701507e-05,-7.190534943e-07,6.711165947e-05,-0.02926547722,-4.506068564e-05,0,0,0,0,0,0,-0.02783887509,0,0,-0.001426602133,-0.01647689432,-0.136888793,11.55523268,0,-0.01647242348,0.136888793,-0.01919499463,-0.1903943477,1.029265477,-0.001413238534,21.90220689,0.1903943477,0.001413238534,22.07481948,22.07481948,0.01948903732,0.4414963896,-4.793689962e-07,-0,-1.438106989e-06,-1.917475985e-06,0.4414963896,-0.0001049818102,-4.793689962e-07,-0,-1.438106989e-06,-1.917475985e-06,0.4414963896,-0.0001049818102,0,0,0,0,0,0
12.24,0,1,5.201153609e-05,3.78701507e-05,-7.190534943e-07,6.783071296e-05,-0.02926595659,-4.458131665e-05,0,0,0,-0.001047197551,0,0,-0.02783887509,0,0,-0.001427081502,-0.01648243354,-0.1369347469,11.55523821,0,-0.0164779582,0.1369347469,-0.0149154909,-0.1904584458,1.029265957,-0.001412661228,21.90955951,0.1904584458,0.001412661228,22.08651512,22.08651512,0.01947452099,0.4417303025,4.793689962e-07,-0,-1.438106989e-06,0.0001013641721,0.4417303025,-0.0001059405482,4.793689962e-07,-0,-1.438106989e-06,0.0001013641721,0.4417303025,-0.0001059405482,0,0,0,0,0,0
12.25,0,1,5.201153609e-05,3.882888869e-05,-1.198422491e-06,6.807039746e-05,-0.0292657169,-4.410194765e-05,0,0,0,0,0,0,-0.02783887509,0,0,-0.001426841817,-0.01647966393,-0.13691177,11.55523544,0,-0.01647519084,0.13691177,-0.01258939175,-0.1904263967,1.029265717,-0.001411371665,21.9058832,0.1904263967,0.001411371665,22.08513157,22.08513157,0.01946001801,0.4417026315,4.793689962e-07,-1.917475985e-06,-4.793689962e-07,-3.83495197e-06,0.4417026315,-0.0001068992862,4.793689962e-07,-1.917475985e-06,-4.793689962e-07,-3.83495197e-06,0.4417026315,-0.0001068992862,0,0,0,0,0,0
12.26,0,1,5.177185159e-05,3.85892042e-05,-9.587379924e-07,6.759102847e-05,-0.02926619627,-4.434163215e-05,0,0,0,0,0,0,-0.02783887509,0,0,-0.001427321186,-0.01648520315,-0.1369577238,11.55524098,0,-0.01648072555,0.1369577238,-0.00940038235,-0.190490495,1.029266196,-0.00141079553,21.91323581,0.190490495,0.00141079553,22.09573672,22.09573672,0.01944553003,0.4419147344,9.587379924e-07,-1.438106989e-06,-9.587379924e-07,-2.876213977e-06,0.4419147344,-0.0001064199172,9.587379924e-07,-1.438106989e-06,-9.587379924e-07,-2.876213977e-06,0.4419147344,-0.0001064199172,0,0,0,0,0,0
12.27,0,1,5.249090509e-05,3.78701507e-05,-1.198422491e-06,6.783071296e-05,-0.0292657169,-4.458131665e-05,0,0,0,0,0,0,-0.02783887509,0,0,-0.001426841817,-0.01647966393,-0.13691177,11.55523544,0,-0.01647519084,0.13691177,-0.008428500266,-0.1904263967,1.029265717,-0.001409271032,21.9058832,0.1904263967,0.001409271032,22.08929036,22.08929036,0.01943105519,0.4417858073,-4.793689962e-07,-0,-4.793689962e-07,-3.355582973e-06,0.4417858073,-0.0001059405482,-4.793689962e-07,-0,-4.793689962e-07,-3.355582973e-06,0.4417858073,-0.0001059405482,0,0,0,0,0,0
12.28,0,1,5.297027408e-05,3.73907817e-05,-1.438106989e-06,6.783071296e-05,-0.0292657169,-4.434163215e-05,0,0,0,0,0,0,-0.02783887509,0,0,-0.001426841817,-0.01647966393,-0.13691177,11.55523544,0,-0.01647519084,0.13691177,-0.006927422868,-0.1904263967,1.029265717,-0.001408222327,21.9058832,0.1904263967,0.001408222327,22.09079039,22.09079039,0.01941659599,0.4418158079,-1.438106989e-06,9.587379924e-07,-0,-3.355582973e-06,0.4418158079,-0.0001064199172,-1.438106989e-06,9.587379924e-07,-0,-3.355582973e-06,0.4418158079,-0.0001064199172,0,0,0,0,0,0
12.29,0,1,5.225122059e-05,3.76304662e-05,-1.198422491e-06,6.735134397e-05,-0.02926619627,-4.482100115e-05,0,0,0,0,0,0,-0.02783887509,0,0,-0.001427321186,-0.01648520315,-0.1369577238,11.55524098,0,-0.01648072555,0.1369577238,-0.004662551765,-0.190490495,1.029266196,-0.001407648124,21.91323581,0.190490495,0.001407648124,22.10047141,22.10047141,0.01940214924,0.4420094281,-0,4.793689962e-07,-4.793689962e-07,-2.396844981e-06,0.4420094281,-0.0001054611792,-0,4.793689962e-07,-4.793689962e-07,-2.396844981e-06,0.4420094281,-0.0001054611792,0,0,0,0,0,0
12.3,0,1,5.273058958e-05,3.78701507e-05,-1.438106989e-06,6.878945096e-05,-0.02926475817,-4.506068564e-05,0,0,0,0,0,0,-0.02783887509,0,0,-0.001425883079,-0.01646858549,-0.1368198621,11.55522438,0,-0.01646412141,0.1368198621,-0.006284554029,-0.1902982006,1.029264758,-0.001405181132,21.89117794,0.1902982006,0.001405181132,22.07659677,22.07659677,0.01938771493,0.4415319354,-9.587379924e-07,-0,-0,-5.273058958e-06,0.4415319354,-0.0001049818102,-9.587379924e-07,-0,-0,-5.273058958e-06,0.4415319354,-0.0001049818102,0,0,0,0,0,0
12.31,0,1,5.297027408e-05,3.83495197e-05,-1.677791487e-06,6.783071296e-05,-0.02926523753,-4.554005464e-05,0,0,0,0,0,0,-0.02783887509,0,0,-0.001426362448,-0.01647412471,-0.1368658161,11.55522991,0,-0.01646965613,0.1368658161,-0.004302986944,-0.1903622986,1.029265238,-0.001404608768,21.89853057,0.1903622986,0.001404608768,22.08599449,22.08599449,0.01937329355,0.4417198899,-1.438106989e-06,-9.587379924e-07,4.793689962e-07,-3.355582973e-06,0.4417198899,-0.0001040230722,-1.438106989e-06,-9.587379924e-07,4.793689962e-07,-3.355582973e-06,0.4417198899,-0.0001040230722,0,0,0,0,0,0
12.32,0,1,5.416869657e-05,3.85892042e-05,-1.198422491e-06,6.854976646e-05,-0.02926499785,-4.506068564e-05,0,0,0,0,0,0,-0.02783887509,0,0,-0.001426122764,-0.0164713551,-0.1368428391,11.55522715,0,-0.01646688877,0.1368428391,-0.003948229321,-0.1903302496,1.029264998,-0.001403327979,21.89485426,0.1903302496,0.001403327979,22.08263961,22.08263961,0.01935888725,0.4416527921,-3.83495197e-06,-1.438106989e-06,-4.793689962e-07,-4.793689962e-06,0.4416527921,-0.0001049818102,-3.83495197e-06,-1.438106989e-06,-4.793689962e-07,-4.793689962e-06,0.4416527921,-0.0001049818102,0,0,0,0,0,0
12.33,0,1,5.273058958e-05,3.76304662e-05,-1.198422491e-06,6.687197497e-05,-0.02926523753,-4.434163215e-05,0,0,0,0,0,0,-0.02783887509,0,0,-0.001426362448,-0.01647412471,-0.1368658161,11.55522991,0,-0.01646965613,0.1368658161,-0.002767885614,-0.1903622986,1.029265238,-0.001402520717,21.89853057,0.1903622986,0.001402520717,22.08752751,22.08752751,0.01934449452,0.4417505501,-9.587379924e-07,4.793689962e-07,-4.793689962e-07,-1.438106989e-06,0.4417505501,-0.0001064199172,-9.587379924e-07,4.793689962e-07,-4.793689962e-07,-1.438106989e-06,0.4417505501,-0.0001064199172,0,0,0,0,0,0
12.34,0,1,5.249090509e-05,3.691141271e-05,-4.793689962e-07,6.687197497e-05,-0.02926379943,-4.482100115e-05,0,0,0,0.001047197551,0,0,-0.02783887509,0,0,-0.001424924341,-0.01645750706,-0.1367279541,11.55521333,0,-0.01645305198,0.1367279541,-0.004714107727,-0.190170005,1.029263799,-0.00140006231,21.87647266,0.190170005,0.00140006231,22.06332862,22.06332862,0.01933011067,0.4412665724,-4.793689962e-07,1.917475985e-06,-1.917475985e-06,-0.0001061578621,0.4412665724,-0.0001054611792,-4.793689962e-07,1.917475985e-06,-1.917475985e-06,-0.0001061578621,0.4412665724,-0.0001054611792,0,0,0,0,0,0
12.35,0,1,5.297027408e-05,3.76304662e-05,-1.677791487e-06,6.831008196e-05,-0.02926379943,-4.410194765e-05,0,0,0,0,0,0,-0.02783887509,0,0,-0.001424924341,-0.01645750706,-0.1367279541,11.55521333,0,-0.01645305198,0.1367279541,-0.003967200913,-0.190170005,1.029263799,-0.001399021467,21.87647266,0.190170005,0.001399021467,22.06407449,22.06407449,0.01931574053,0.4412814897,-1.438106989e-06,4.793689962e-07,4.793689962e-07,-4.314320966e-06,0.4412814897,-0.0001068992862,-1.438106989e-06,4.793689962e-07,4.793689962e-07,-4.314320966e-06,0.4412814897,-0.0001068992862,0,0,0,0,0,0
12.36,0,1,5.201153609e-05,3.715109721e-05,-1.438106989e-06,6.759102847e-05,-0.02926332006,-4.458131665e-05,0,0,0,0,0,0,-0.02783887509,0,0,-0.001424444972,-0.01645196785,-0.1366820001,11.55520781,0,-0.01644751727,0.1366820001,-0.004180078129,-0.1901059074,1.02926332,-0.001397509896,21.86912001,0.1901059074,0.001397509896,22.05644335,22.05644335,0.01930137603,0.4411288669,4.793689962e-07,1.438106989e-06,-0,-2.876213977e-06,0.4411288669,-0.0001059405482,4.793689962e-07,1.438106989e-06,-0,-2.876213977e-06,0.4411288669,-0.0001059405482,0,0,0,0,0,0
12.37,0,1,5.344964308e-05,3.715109721e-05,-1.438106989e-06,6.831008196e-05,-0.02926236132,-4.482100115e-05,0,0,0,0,0,0,-0.02783887509,0,0,-0.001423486234,-0.01644088944,-0.1365900918,11.55519676,0,-0.01643644784,0.1365900918,-0.00528695157,-0.1899777125,1.029262361,-0.001395529501,21.85441468,0.1899777125,0.001395529501,22.04050097,22.04050097,0.01928702895,0.4408100195,-2.396844981e-06,1.438106989e-06,-0,-4.314320966e-06,0.4408100195,-0.0001054611792,-2.396844981e-06,1.438106989e-06,-0,-4.314320966e-06,0.4408100195,-0.0001054611792,0,0,0,0,0,0
12.38,0,1,5.368932758e-05,3.73907817e-05,-1.438106989e-06,6.878945096e-05,-0.029262601,-4.410194765e-05,0,0,0,-0.001047197551,0,0,-0.02783887509,0,0,-0.001423725919,-0.01644365904,-0.1366130689,11.55519952,0,-0.0164392152,0.1366130689,-0.004069352496,-0.1900097611,1.029262601,-0.001394727466,21.85809102,0.1900097611,0.001394727466,22.04542615,22.04542615,0.01927269388,0.4409085231,-2.876213977e-06,9.587379924e-07,-0,9.944669616e-05,0.4409085231,-0.0001068992862,-2.876213977e-06,9.587379924e-07,-0,9.944669616e-05,0.4409085231,-0.0001068992862,0,0,0,0,0,0
12.39,0,1,5.273058958e-05,3.78701507e-05,-1.677791487e-06,6.854976646e-05,-0.02926236132,-4.386226315e-05,0,0,0,0,0,0,-0.02783887509,0,0,-0.001423486234,-0.01644088944,-0.1365900918,11.55519676,0,-0.01643644784,0.1365900918,-0.003849070286,-0.1899777125,1.029262361,-0.001393455924,21.85441468,0.1899777125,0.001393455924,22.04193678,22.04193678,0.01925837164,0.4408387356,-9.587379924e-07,-0,4.793689962e-07,-4.793689962e-06,0.4408387356,-0.0001073786552,-9.587379924e-07,-0,4.793689962e-07,-4.793689962e-06,0.4408387356,-0.0001073786552,0,0,0,0,0,0
12.4,0,1,5.249090509e-05,3.81098352e-05,-1.677791487e-06,6.878945096e-05,-0.02926188195,-4.458131665e-05,0,0,0,0,0,0,-0.02783887509,0,0,-0.001423006865,-0.01643535024,-0.1365441376,11.55519124,0,-0.01643091312,0.1365441376,-0.003910849479,-0.1899136152,1.029261882,-0.001391950453,21.84706201,0.1899136152,0.001391950453,22.03445673,22.03445673,0.01924405757,0.4406891345,-4.793689962e-07,-4.793689962e-07,4.793689962e-07,-5.273058958e-06,0.4406891345,-0.0001059405482,-4.793689962e-07,-4.793689962e-07,4.793689962e-07,-5.273058958e-06,0.4406891345,-0.0001059405482,0,0,0,0,0,0
12.41,0,1,5.249090509e-05,3.73907817e-05,-1.438106989e-06,6.831008196e-05,-0.02926188195,-4.386226315e-05,0,0,0,0,0,0,-0.02783887509,0,0,-0.001423006865,-0.01643535024,-0.1365441376,11.55519124,0,-0.01643091312,0.1365441376,-0.003202938998,-0.1899136152,1.029261882,-0.001390916116,21.84706201,0.1899136152,0.001390916116,22.0351636,22.0351636,0.01922975796,0.4407032721,-4.793689962e-07,9.587379924e-07,-0,-4.314320966e-06,0.4407032721,-0.0001073786552,-4.793689962e-07,9.587379924e-07,-0,-4.314320966e-06,0.4407032721,-0.0001073786552,0,0,0,0,0,0
12.42,0,1,5.320995858e-05,3.73907817e-05,-1.198422491e-06,6.759102847e-05,-0.02926188195,-4.458131665e-05,0,0,0,0,0,0,-0.02783887509,0,0,-0.001423006865,-0.01643535024,-0.1365441376,11.55519124,0,-0.01643091312,0.1365441376,-0.002625175996,-0.1899136152,1.029261882,-0.001389882812,21.84706201,0.1899136152,0.001389882812,22.03574033,22.03574033,0.01921547265,0.4407148067,-1.917475985e-06,9.587379924e-07,-4.793689962e-07,-2.876213977e-06,0.4407148067,-0.0001059405482,-1.917475985e-06,9.587379924e-07,-4.793689962e-07,-2.876213977e-06,0.4407148067,-0.0001059405482,0,0,0,0,0,0
12.43,0,1,5.368932758e-05,3.83495197e-05,-1.438106989e-06,6.783071296e-05,-0.02926188195,-4.434163215e-05,0,0,0,0,0,0,-0.02783887509,0,0,-0.001423006865,-0.01643535024,-0.1365441376,11.55519124,0,-0.01643091312,0.1365441376,-0.002162815232,-0.1899136152,1.029261882,-0.001388850553,21.84706201,0.1899136152,0.001388850553,22.03620166,22.03620166,0.01920120178,0.4407240332,-2.876213977e-06,-9.587379924e-07,-0,-3.355582973e-06,0.4407240332,-0.0001064199172,-2.876213977e-06,-9.587379924e-07,-0,-3.355582973e-06,0.4407240332,-0.0001064199172,0,0,0,0,0,0
12.44,0,1,5.368932758e-05,3.85892042e-05,-1.198422491e-06,6.854976646e-05,-0.02926236132,-4.577973914e-05,0,0,0,0,0,0,-0.02783887509,0,0,-0.001423486234,-0.01644088944,-0.1365900918,11.55519676,0,-0.01643644784,0.1365900918,-0.0009028904902,-0.1899777125,1.029262361,-0.001388287267,21.85441468,0.1899777125,0.001388287267,22.04487779,22.04487779,0.01918693963,0.4408975559,-2.876213977e-06,-1.438106989e-06,-4.793689962e-07,-4.793689962e-06,0.4408975559,-0.0001035437032,-2.876213977e-06,-1.438106989e-06,-4.793689962e-07,-4.793689962e-06,0.4408975559,-0.0001035437032,0,0,0,0,0,0
12.45,0,1,5.320995858e-05,3.78701507e-05,-1.677791487e-06,6.831008196e-05,-0.02926188195,-4.434163215e-05,0,0,0,0,0,0,-0.02783887509,0,0,-0.001423006865,-0.01643535024,-0.1365441376,11.55519124,0,-0.01643091312,0.1365441376,-0.001571220664,-0.1899136152,1.029261882,-0.001386788801,21.84706201,0.1899136152,0.001386788801,22.03679119,22.03679119,0.01917269828,0.4407358239,-1.917475985e-06,-0,4.793689962e-07,-4.314320966e-06,0.4407358239,-0.0001064199172,-1.917475985e-06,-0,4.793689962e-07,-4.314320966e-06,0.4407358239,-0.0001064199172,0,0,0,0,0,0
12.46,0,1,5.249090509e-05,3.83495197e-05,-1.198422491e-06,6.831008196e-05,-0.02926284069,-4.506068564e-05,0,0,0,0,-0.001047197551,0,-0.02783887509,0,0,-0.001423965603,-0.01644642865,-0.1376832435,11.55520228,0,-0.01644198256,0.1366360459,0.0004547310947,-0.1900418098,1.030310312,-0.001400168455,22.02931896,0.1900418098,0.001400168455,22.22121567,22.22121567,0.01915848113,0.4444243133,-4.793689962e-07,-9.587379924e-07,-4.793689962e-07,-4.314320966e-06,0.4444243133,-0.0001049818102,-4.793689962e-07,-9.587379924e-07,-4.793689962e-07,-4.314320966e-06,0.4444243133,-0.0001049818102,0,0,0,0,0,0
12.47,0,1,5.297027408e-05,3.85892042e-05,-1.917475985e-06,6.902913545e-05,-0.02926188195,-4.482100115e-05,0,0,0,0,0,0,-0.02783887509,0,0,-0.001423006865,-0.01643535024,-0.1365441376,11.55519124,0,-0.01643091312,0.1365441376,-0.001163032513,-0.1899136152,1.029261882,-0.001384732277,21.84706201,0.1899136152,0.001384732277,22.03719733,22.03719733,0.01914426706,0.4407439465,-1.438106989e-06,-1.438106989e-06,9.587379924e-07,-5.752427955e-06,0.4407439465,-0.0001054611792,-1.438106989e-06,-1.438106989e-06,9.587379924e-07,-5.752427955e-06,0.4407439465,-0.0001054611792,0,0,0,0,0,0
12.48,0,1,5.201153609e-05,3.83495197e-05,-1.198422491e-06,6.807039746e-05,-0.02926164227,-4.482100115e-05,0,0,0,0,0,0,-0.02783887509,0,0,-0.001422767181,-0.01643258064,-0.1365211604,11.55518849,0,-0.01642814577,0.1365211604,-0.00122340556,-0.1898815666,1.029261642,-0.001383471389,21.84338567,0.1898815666,0.001383471389,22.0334273,22.0334273,0.01913006321,0.4406685461,4.793689962e-07,-9.587379924e-07,-4.793689962e-07,-3.83495197e-06,0.4406685461,-0.0001054611792,4.793689962e-07,-9.587379924e-07,-4.793689962e-07,-3.83495197e-06,0.4406685461,-0.0001054611792,0,0,0,0,0,0
12.49,0,1,5.320995858e-05,3.81098352e-05,-1.198422491e-06,6.878945096e-05,-0.0292611629,-4.482100115e-05,0,0,0,0,0,0,-0.02783887509,0,0,-0.001422287812,-0.01642704144,-0.1364752062,11.55518297,0,-0.01642261105,0.1364752062,-0.00184035314,-0.1898174695,1.029261163,-0.001381978595,21.83603299,0.1898174695,0.001381978595,22.02539208,22.02539208,0.01911587389,0.4405078417,-1.917475985e-06,-4.793689962e-07,-4.793689962e-07,-5.273058958e-06,0.4405078417,-0.0001054611792,-1.917475985e-06,-4.793689962e-07,-4.793689962e-07,-5.273058958e-06,0.4405078417,-0.0001054611792,0,0,0,0,0,0
12.5,0,1,5.201153609e-05,3.882888869e-05,-1.438106989e-06,6.831008196e-05,-0.02926188195,-4.458131665e-05,0,0,0,0,0,0,-0.02783887509,0,0,-0.001423006865,-0.01643535024,-0.1365441376,11.55519124,0,-0.01643091312,0.1365441376,-0.000139447905,-0.1899136152,1.029261882,-0.001381653123,21.84706201,0.1899136152,0.001381653123,22.03821783,22.03821783,0.01910169809,0.4407643566,4.793689962e-07,-1.917475985e-06,-0,-4.314320966e-06,0.4407643566,-0.0001059405482,4.793689962e-07,-1.917475985e-06,-0,-4.314320966e-06,0.4407643566,-0.0001059405482,0,0,0,0,0,0
12.51,0,1,5.249090509e-05,3.85892042e-05,-9.587379924e-07,6.902913545e-05,-0.02926092321,-4.577973914e-05,0,0,0,0,0,0,-0.02783887509,0,0,-0.001422048127,-0.01642427184,-0.136452229,11.55518021,0,-0.01641984369,0.136452229,-0.001738163531,-0.189785421,1.029260923,-0.001379696413,21.83235664,0.189785421,0.001379696413,22.0217836,22.0217836,0.01908752924,0.440435672,-4.793689962e-07,-1.438106989e-06,-9.587379924e-07,-5.752427955e-06,0.440435672,-0.0001035437032,-4.793689962e-07,-1.438106989e-06,-9.587379924e-07,-5.752427955e-06,0.440435672,-0.0001035437032,0,0,0,0,0,0
12.52,0,1,5.249090509e-05,3.85892042e-05,-1.438106989e-06,6.807039746e-05,-0.02926092321,-4.458131665e-05,0,0,0,0,0,0,-0.02783887509,0,0,-0.001422048127,-0.01642427184,-0.136452229,11.55518021,0,-0.01641984369,0.136452229,-0.001390117617,-0.189785421,1.029260923,-0.001378673554,21.83235664,0.189785421,0.001378673554,22.02213062,22.02213062,0.01907337877,0.4404426124,-4.793689962e-07,-1.438106989e-06,-0,-3.83495197e-06,0.4404426124,-0.0001059405482,-4.793689962e-07,-1.438106989e-06,-0,-3.83495197e-06,0.4404426124,-0.0001059405482,0,0,0,0,0,0
12.53,0,1,5.273058958e-05,3.930825769e-05,-1.438106989e-06,6.783071296e-05,-0.0292611629,-4.458131665e-05,0,0,0,0,0,0,-0.02783887509,0,0,-0.001422287812,-0.01642704144,-0.1364752062,11.55518297,0,-0.01642261105,0.1364752062,-0.0006668100385,-0.1898174695,1.029261163,-0.001377884366,21.83603299,0.1898174695,0.001377884366,22.02656153,22.02656153,0.01905924295,0.4405312306,-9.587379924e-07,-2.876213977e-06,-0,-3.355582973e-06,0.4405312306,-0.0001059405482,-9.587379924e-07,-2.876213977e-06,-0,-3.355582973e-06,0.4405312306,-0.0001059405482,0,0,0,0,0,0
12.54,0,1,5.201153609e-05,3.906857319e-05,-1.677791487e-06,6.807039746e-05,-0.02926140258,-4.458131665e-05,0,0,0,0,0,0,-0.02783887509,0,0,-0.001422527496,-0.01642981104,-0.1364981833,11.55518573,0,-0.01642537841,0.1364981833,-5.037020047e-05,-0.1898495181,1.029261403,-0.001377095938,21.83970933,0.1898495181,0.001377095938,22.03088557,22.03088557,0.01904512243,0.4406177115,4.793689962e-07,-2.396844981e-06,4.793689962e-07,-3.83495197e-06,0.4406177115,-0.0001059405482,4.793689962e-07,-2.396844981e-06,4.793689962e-07,-3.83495197e-06,0.4406177115,-0.0001059405482,0,0,0,0,0,0
12.55,0,1,5.344964308e-05,3.83495197e-05,-1.438106989e-06,6.878945096e-05,-0.02926020416,-4.482100115e-05,0,0,0,0,0,0,-0.02783887509,0,0,-0.001421329074,-0.01641596305,-0.1363832975,11.55517195,0,-0.01641154162,0.1363832975,-0.002091109962,-0.1896892757,1.029260204,-0.00137491433,21.8213276,0.1896892757,0.00137491433,22.01030068,22.01030068,0.01903101252,0.4402060136,-2.396844981e-06,-9.587379924e-07,-0,-5.273058958e-06,0.4402060136,-0.0001054611792,-2.396844981e-06,-9.587379924e-07,-0,-5.273058958e-06,0.4402060136,-0.0001054611792,0,0,0,0,0,0
12.56,0,1,5.249090509e-05,3.906857319e-05,-2.157160483e-06,6.926881995e-05,-0.02925996448,-4.458131665e-05,0,0,0,-0.001047197551,0,0,-0.02783887509,0,0,-0.001421089389,-0.01641319346,-0.1363603203,11.55516919,0,-0.01640877426,0.1363603203,-0.002254994164,-0.1896572274,1.029259964,-0.001373663299,21.81765125,0.1896572274,0.001373663299,22.00642715,22.00642715,0.01901690918,0.4401285429,-4.793689962e-07,-2.396844981e-06,1.438106989e-06,9.848795817e-05,0.4401285429,-0.0001059405482,-4.793689962e-07,-2.396844981e-06,1.438106989e-06,9.848795817e-05,0.4401285429,-0.0001059405482,0,0,0,0,0,0
12.57,0,1,5.129248259e-05,3.78701507e-05,-9.587379924e-07,6.902913545e-05,-0.02925948511,-4.530037014e-05,0,0,0,0,0,0,-0.02783887509,0,0,-0.00142061002,-0.01640765427,-0.1363143659,11.55516368,0,-0.01640323954,0.1363143659,-0.002643429863,-0.1895931307,1.029259485,-0.001372181748,21.81029854,0.1895931307,0.001372181748,21.99862042,21.99862042,0.0190028205,0.4399724085,1.917475985e-06,-0,-9.587379924e-07,-5.752427955e-06,0.4399724085,-0.0001045024412,1.917475985e-06,-0,-9.587379924e-07,-5.752427955e-06,0.4399724085,-0.0001045024412,0,0,0,0,0,0
12.58,0,1,5.225122059e-05,3.78701507e-05,-1.198422491e-06,6.831008196e-05,-0.02925996448,-4.506068564e-05,0,0,0,0,0,0,-0.02783887509,0,0,-0.001421089389,-0.01641319346,-0.1363603203,11.55516919,0,-0.01640877426,0.1363603203,-0.001286351241,-0.1896572274,1.029259964,-0.001371628954,21.81765125,0.1896572274,0.001371628954,22.00739375,22.00739375,0.01898874656,0.4401478751,-0,-0,-4.793689962e-07,-4.314320966e-06,0.4401478751,-0.0001049818102,-0,-0,-4.793689962e-07,-4.314320966e-06,0.4401478751,-0.0001049818102,0,0,0,0,0,0
12.59,0,1,5.273058958e-05,3.85892042e-05,-9.587379924e-07,6.759102847e-05,-0.02925972479,-4.506068564e-05,0,0,0,0,0,0,-0.02783887509,0,0,-0.001420849705,-0.01641042386,-0.1363373431,11.55516644,0,-0.0164060069,0.1363373431,-0.00135600866,-0.189625179,1.029259725,-0.001370381666,21.8139749,0.189625179,0.001370381666,22.00361445,22.00361445,0.01897468554,0.4400722889,-9.587379924e-07,-1.438106989e-06,-9.587379924e-07,-2.876213977e-06,0.4400722889,-0.0001049818102,-9.587379924e-07,-1.438106989e-06,-9.587379924e-07,-2.876213977e-06,0.4400722889,-0.0001049818102,0,0,0,0,0,0
12.6,0,1,5.297027408e-05,3.73907817e-05,-9.587379924e-07,6.854976646e-05,-0.02925924542,-4.554005464e-05,0,0,0,0,0,0,-0.02783887509,0,0,-0.001420370336,-0.01640488468,-0.1362913886,11.55516093,0,-0.01640047218,0.1362913886,-0.00193232678,-0.1895610824,1.029259245,-0.001368904282,21.80662218,0.1895610824,0.001368904282,21.99561984,21.99561984,0.0189606379,0.4399123969,-1.438106989e-06,9.587379924e-07,-9.587379924e-07,-4.793689962e-06,0.4399123969,-0.0001040230722,-1.438106989e-06,9.587379924e-07,-9.587379924e-07,-4.793689962e-06,0.4399123969,-0.0001040230722,0,0,0,0,0,0
12.61,0,1,5.320995858e-05,3.691141271e-05,-1.677791487e-06,6.854976646e-05,-0.02925972479,-4.458131665e-05,0,0,0,0,0,0,-0.02783887509,0,0,-0.001420849705,-0.01641042386,-0.1363373431,11.55516644,0,-0.0164060069,0.1363373431,-0.0006144164603,-0.189625179,1.029259725,-0.001368353423,21.8139749,0.189625179,0.001368353423,22.00435401,22.00435401,0.01894660264,0.4400870802,-1.917475985e-06,1.917475985e-06,4.793689962e-07,-4.793689962e-06,0.4400870802,-0.0001059405482,-1.917475985e-06,1.917475985e-06,4.793689962e-07,-4.793689962e-06,0.4400870802,-0.0001059405482,0,0,0,0,0,0
12.62,0,1,5.320995858e-05,3.73907817e-05,-1.198422491e-06,6.831008196e-05,-0.02925900574,-4.506068564e-05,0,0,0,0,0,0,-0.02783887509,0,0,-0.001420130651,-0.01640211508,-0.1362684114,11.55515817,0,-0.01639770482,0.1362684114,-0.001677171158,-0.1895290342,1.029259006,-0.001366647517,21.80294583,0.1895290342,0.001366647517,21.99216434,21.99216434,0.01893258075,0.4398432867,-1.917475985e-06,9.587379924e-07,-4.793689962e-07,-4.314320966e-06,0.4398432867,-0.0001049818102,-1.917475985e-06,9.587379924e-07,-4.793689962e-07,-4.314320966e-06,0.4398432867,-0.0001049818102,0,0,0,0,0,0
12.63,0,1,5.249090509e-05,3.78701507e-05,-1.198422491e-06,6.831008196e-05,-0.02925900574,-4.434163215e-05,0,0,0,0,0,0,-0.02783887509,0,0,-0.001420130651,-0.01640211508,-0.1362684114,11.55515817,0,-0.01639770482,0.1362684114,-0.001354572813,-0.1895290342,1.029259006,-0.001365636273,21.80294583,0.1895290342,0.001365636273,21.99248592,21.99248592,0.01891857204,0.4398497185,-4.793689962e-07,-0,-4.793689962e-07,-4.314320966e-06,0.4398497185,-0.0001064199172,-4.793689962e-07,-0,-4.793689962e-07,-4.314320966e-06,0.4398497185,-0.0001064199172,0,0,0,0,0,0
12.64,0,1,5.344964308e-05,3.85892042e-05,-9.587379924e-07,6.926881995e-05,-0.02925756763,-4.458131665e-05,0,0,0,0,0,0,-0.02783887509,0,0,-0.001418692544,-0.01638549754,-0.1361305477,11.55514166,0,-0.01638110067,0.1361305477,-0.003860809135,-0.1893367453,1.029257568,-0.001363241653,21.78088764,0.1893367453,0.001363241653,21.96772682,21.96772682,0.01890457667,0.4393545363,-2.396844981e-06,-1.438106989e-06,-9.587379924e-07,-6.231796951e-06,0.4393545363,-0.0001059405482,-2.396844981e-06,-1.438106989e-06,-9.587379924e-07,-6.231796951e-06,0.4393545363,-0.0001059405482,0,0,0,0,0,0
12.65,0,1,5.249090509e-05,3.85892042e-05,-1.438106989e-06,6.831008196e-05,-0.02925828668,-4.458131665e-05,0,0,0,-0.001047197551,0,0,-0.02783887509,0,0,-0.001419411598,-0.01639380631,-0.1361994796,11.55514992,0,-0.01638940274,0.1361994796,-0.001966107548,-0.1894328896,1.029258287,-0.001362924727,21.79191674,0.1894328896,0.001362924727,21.98074645,21.98074645,0.01889059065,0.4396149289,-4.793689962e-07,-1.438106989e-06,-0,0.0001004054342,0.4396149289,-0.0001059405482,-4.793689962e-07,-1.438106989e-06,-0,0.0001004054342,0.4396149289,-0.0001059405482,0,0,0,0,0,0
12.66,0,1,5.273058958e-05,3.83495197e-05,-9.587379924e-07,6.831008196e-05,-0.029258047,-4.506068564e-05,0,0,0,0,0,-0.001047197551,-0.02783887509,0,0,-0.001419171913,-0.01639103672,-0.1361765023,11.55514716,0,-0.01638663538,0.1361765023,-0.002008075921,-0.1894008415,1.029258047,-0.001361686211,21.78824037,0.1894008415,0.001361686211,21.97699483,21.97699483,0.01887661794,0.4395398965,-9.587379924e-07,-9.587379924e-07,-9.587379924e-07,-4.314320966e-06,0.4395398965,-2.620550513e-07,-9.587379924e-07,-9.587379924e-07,-9.587379924e-07,-4.314320966e-06,0.4395398965,-2.620550513e-07,0,0,0,0,0,0
12.67,0,1,5.320995858e-05,3.715109721e-05,-1.198422491e-06,6.926881995e-05,-0.02925756763,-4.506068564e-05,0,0,0,0,0,0,-0.02783887509,0,0,-0.001418692544,-0.01638549754,-0.1361305477,11.55514166,0,-0.01638110067,0.1361305477,-0.002457314689,-0.1893367453,1.029257568,-0.001360218641,21.78088764,0.1893367453,0.001360218641,21.96912729,21.96912729,0.01886265654,0.4393825458,-1.917475985e-06,1.438106989e-06,-4.793689962e-07,-6.231796951e-06,0.4393825458,-0.0001049818102,-1.917475985e-06,1.438106989e-06,-4.793689962e-07,-6.231796951e-06,0.4393825458,-0.0001049818102,0,0,0,0,0,0
12.68,0,1,5.273058958e-05,3.76304662e-05,-2.157160483e-06,6.878945096e-05,-0.029258047,-4.458131665e-05,0,0,0,0,0,0,-0.02783887509,0,0,-0.001419171913,-0.01639103672,-0.1361765023,11.55514716,0,-0.01638663538,0.1361765023,-0.001140041824,-0.1894008415,1.029258047,-0.001359672947,21.78824037,0.1894008415,0.001359672947,21.97786085,21.97786085,0.01884870943,0.4395572169,-9.587379924e-07,4.793689962e-07,1.438106989e-06,-5.273058958e-06,0.4395572169,-0.0001059405482,-9.587379924e-07,4.793689962e-07,1.438106989e-06,-5.273058958e-06,0.4395572169,-0.0001059405482,0,0,0,0,0,0
12.69,0,1,5.225122059e-05,3.73907817e-05,-1.198422491e-06,6.854976646e-05,-0.02925780731,-4.506068564e-05,0,0,0,0,0,0,-0.02783887509,0,0,-0.001418932229,-0.01638826713,-0.136153525,11.55514441,0,-0.01638386803,0.136153525,-0.001256238019,-0.1893687934,1.029257807,-0.001358437905,21.78456401,0.1893687934,0.001358437905,21.974035,21.974035,0.01883477543,0.4394807,-0,9.587379924e-07,-4.793689962e-07,-4.793689962e-06,0.4394807,-0.0001049818102,-0,9.587379924e-07,-4.793689962e-07,-4.793689962e-06,0.4394807,-0.0001049818102,0,0,0,0,0,0
12.7,0,1,5.201153609e-05,3.78701507e-05,-1.198422491e-06,6.854976646e-05,-0.02925756763,-4.458131665e-05,0,0,0,0,0,0,-0.02783887509,0,0,-0.001418692544,-0.01638549754,-0.1361305477,11.55514166,0,-0.01638110067,0.1361305477,-0.001444447887,-0.1893367453,1.029257568,-0.001357204219,21.78088764,0.1893367453,0.001357204219,21.97013714,21.97013714,0.01882085552,0.4394027428,4.793689962e-07,-0,-4.793689962e-07,-4.793689962e-06,0.4394027428,-0.0001059405482,4.793689962e-07,-0,-4.793689962e-07,-4.793689962e-06,0.4394027428,-0.0001059405482,0,0,0,0,0,0
12.71,0,1,5.249090509e-05,3.81098352e-05,-2.157160483e-06,6.831008196e-05,-0.02925828668,-4.554005464e-05,0,0,0,0,0,0,-0.02783887509,0,0,-0.001419411598,-0.01639380631,-0.1361994796,11.55514992,0,-0.01638940274,0.1361994796,0.0002087328974,-0.1894328896,1.029258287,-0.001356889979,21.79191674,0.1894328896,0.001356889979,21.98291525,21.98291525,0.0188069492,0.439658305,-4.793689962e-07,-4.793689962e-07,1.438106989e-06,-4.314320966e-06,0.439658305,-0.0001040230722,-4.793689962e-07,-4.793689962e-07,1.438106989e-06,-4.314320966e-06,0.439658305,-0.0001040230722,0,0,0,0,0,0
12.72,0,1,5.225122059e-05,3.83495197e-05,-9.587379924e-07,6.831008196e-05,-0.02925732795,-4.482100115e-05,0,0,0,0,0,0,-0.02783887509,0,0,-0.00141845286,-0.01638272795,-0.1361075704,11.55513891,0,-0.01637833331,0.1361075704,-0.001413743209,-0.1893046973,1.029257328,-0.001354970118,21.77721127,0.1893046973,0.001354970118,21.96645719,21.96645719,0.01879305578,0.4393291438,-0,-9.587379924e-07,-9.587379924e-07,-4.314320966e-06,0.4393291438,-0.0001054611792,-0,-9.587379924e-07,-9.587379924e-07,-4.314320966e-06,0.4393291438,-0.0001054611792,0,0,0,0,0,0
12.73,0,1,5.249090509e-05,3.76304662e-05,-1.438106989e-06,6.854976646e-05,-0.02925708826,-4.434163215e-05,0,0,0,0,0,0,-0.02783887509,0,0,-0.001418213175,-0.01637995837,-0.1360845931,11.55513616,0,-0.01637556595,0.1360845931,-0.001646177654,-0.1892726493,1.029257088,-0.001353740157,21.7735349,0.1892726493,0.001353740157,21.96251511,21.96251511,0.01877917575,0.4392503021,-4.793689962e-07,4.793689962e-07,-0,-4.793689962e-06,0.4392503021,-0.0001064199172,-4.793689962e-07,4.793689962e-07,-0,-4.793689962e-06,0.4392503021,-0.0001064199172,0,0,0,0,0,0
12.74,0,1,5.249090509e-05,3.78701507e-05,-1.677791487e-06,6.878945096e-05,-0.02925780731,-4.482100115e-05,0,0,0,0,0,0,-0.02783887509,0,0,-0.001418932229,-0.01638826713,-0.136153525,11.55514441,0,-0.01638386803,0.136153525,8.322017754e-06,-0.1893687934,1.029257807,-0.001353427542,21.78456401,0.1893687934,0.001353427542,21.97529455,21.97529455,0.01876530844,0.439505891,-4.793689962e-07,-0,4.793689962e-07,-5.273058958e-06,0.439505891,-0.0001054611792,-4.793689962e-07,-0,4.793689962e-07,-5.273058958e-06,0.439505891,-0.0001054611792,0,0,0,0,0,0
12.75,0,1,5.297027408e-05,3.81098352e-05,-1.198422491e-06,6.831008196e-05,-0.02925756763,-4.482100115e-05,0,0,0,0,0,0,-0.02783887509,0,0,-0.001418692544,-0.01638549754,-0.1361305477,11.55514166,0,-0.01638110067,0.1361305477,-0.0002922251237,-0.1893367453,1.029257568,-0.001352199545,21.78088764,0.1893367453,0.001352199545,21.97128436,21.97128436,0.01875145565,0.4394256872,-1.438106989e-06,-4.793689962e-07,-4.793689962e-07,-4.314320966e-06,0.4394256872,-0.0001054611792,-1.438106989e-06,-4.793689962e-07,-4.793689962e-07,-4.314320966e-06,0.4394256872,-0.0001054611792,0,0,0,0,0,0
12.76,0,1,5.273058958e-05,3.83495197e-05,-1.198422491e-06,6.831008196e-05,-0.02925708826,-4.410194765e-05,0,0,0,0,0,0,-0.02783887509,0,0,-0.001418213175,-0.01637995837,-0.1360845931,11.55513616,0,-0.01637556595,0.1360845931,-0.001040230044,-0.1892726493,1.029257088,-0.001350744127,21.7735349,0.1892726493,0.001350744127,21.96311806,21.96311806,0.01873761571,0.4392623612,-9.587379924e-07,-9.587379924e-07,-4.793689962e-07,-4.314320966e-06,0.4392623612,-0.0001068992862,-9.587379924e-07,-9.587379924e-07,-4.793689962e-07,-4.314320966e-06,0.4392623612,-0.0001068992862,0,0,0,0,0,0
12.77,0,1,5.297027408e-05,3.81098352e-05,-2.396844981e-07,6.950850445e-05,-0.02925660889,-4.458131665e-05,0,0,0,0.001047197551,0,0,-0.02783887509,0,0,-0.001417733806,-0.01637441919,-0.1360386384,11.55513067,0,-0.01637003123,0.1360386384,-0.001701951027,-0.1892085534,1.029256609,-0.001349290215,21.76618215,0.1892085534,0.001349290215,21.95503804,21.95503804,0.01872378728,0.4391007608,-1.438106989e-06,-4.793689962e-07,-2.396844981e-06,-0.0001114309211,0.4391007608,-0.0001059405482,-1.438106989e-06,-4.793689962e-07,-2.396844981e-06,-0.0001114309211,0.4391007608,-0.0001059405482,0,0,0,0,0,0
12.78,0,1,5.320995858e-05,3.73907817e-05,-1.438106989e-06,6.950850445e-05,-0.02925660889,-4.458131665e-05,0,0,0,0,0,0,-0.02783887509,0,0,-0.001417733806,-0.01637441919,-0.1360386384,11.55513067,0,-0.01637003123,0.1360386384,-0.001432235933,-0.1892085534,1.029256609,-0.001348294609,21.76618215,0.1892085534,0.001348294609,21.95530676,21.95530676,0.01870997185,0.4391061351,-1.917475985e-06,9.587379924e-07,-0,-6.711165947e-06,0.4391061351,-0.0001059405482,-1.917475985e-06,9.587379924e-07,-0,-6.711165947e-06,0.4391061351,-0.0001059405482,0,0,0,0,0,0
12.79,0,1,5.273058958e-05,3.83495197e-05,-1.677791487e-06,6.926881995e-05,-0.02925588984,-4.458131665e-05,0,0,0,0,0,0,-0.02783887509,0,0,-0.001417014753,-0.01636611044,-0.1359697063,11.55512242,0,-0.01636172915,0.1359697063,-0.002547649842,-0.1891124097,1.02925589,-0.001346615367,21.75515301,0.1891124097,0.001346615367,21.94306438,21.94306438,0.0186961689,0.4388612876,-9.587379924e-07,-9.587379924e-07,4.793689962e-07,-6.231796951e-06,0.4388612876,-0.0001059405482,-9.587379924e-07,-9.587379924e-07,4.793689962e-07,-6.231796951e-06,0.4388612876,-0.0001059405482,0,0,0,0,0,0
12.8,0,1,5.225122059e-05,3.78701507e-05,-9.587379924e-07,6.854976646e-05,-0.02925708826,-4.482100115e-05,0,0,0,-0.001047197551,0,0,-0.02783887509,0,0,-0.001418213175,-0.01637995837,-0.1360845931,11.55513616,0,-0.01637556595,0.1360845931,-4.234180865e-06,-0.1892726493,1.029257088,-0.001346762259,21.7735349,0.1892726493,0.001346762259,21.96415007,21.96415007,0.01868238041,0.4392830015,-0,-0,-9.587379924e-07,9.992606516e-05,0.4392830015,-0.0001054611792,-0,-0,-9.587379924e-07,9.992606516e-05,0.4392830015,-0.0001054611792,0,0,0,0,0,0
12.81,0,1,5.297027408e-05,3.85892042e-05,-1.198422491e-06,6.950850445e-05,-0.02925684858,-4.458131665e-05,0,0,0,0,0,0,-0.02783887509,0,0,-0.001417973491,-0.01637718878,-0.1360616158,11.55513341,0,-0.01637279859,0.1360616158,-0.0003399912295,-0.1892406013,1.029256849,-0.001345541457,21.76985852,0.1892406013,0.001345541457,21.96010467,21.96010467,0.01866860636,0.4392020935,-1.438106989e-06,-1.438106989e-06,-4.793689962e-07,-6.711165947e-06,0.4392020935,-0.0001059405482,-1.438106989e-06,-1.438106989e-06,-4.793689962e-07,-6.711165947e-06,0.4392020935,-0.0001059405482,0,0,0,0,0,0
12.82,0,1,5.225122059e-05,3.73907817e-05,-4.793689962e-07,6.902913545e-05,-0.02925588984,-4.506068564e-05,0,0,0,0,0,0,-0.02783887509,0,0,-0.001417014753,-0.01636611044,-0.1359697063,11.55512242,0,-0.01636172915,0.1359697063,-0.001883635365,-0.1891124097,1.02925589,-0.00134363865,21.75515301,0.1891124097,0.00134363865,21.94372542,21.94372542,0.01865484178,0.4388745084,-0,9.587379924e-07,-1.917475985e-06,-5.752427955e-06,0.4388745084,-0.0001049818102,-0,9.587379924e-07,-1.917475985e-06,-5.752427955e-06,0.4388745084,-0.0001049818102,0,0,0,0,0,0
12.83,0,1,5.320995858e-05,3.78701507e-05,-9.587379924e-07,6.998787345e-05,-0.02925612952,-4.506068564e-05,0,0,0,0,0,0,-0.02783887509,0,0,-0.001417254437,-0.01636888002,-0.1359926837,11.55512517,0,-0.01636449651,0.1359926837,-0.001174035399,-0.1891444576,1.02925613,-0.001342875745,21.75882939,0.1891444576,0.001342875745,21.94814269,21.94814269,0.01864109145,0.4389628537,-1.917475985e-06,-0,-9.587379924e-07,-7.669903939e-06,0.4389628537,-0.0001049818102,-1.917475985e-06,-0,-9.587379924e-07,-7.669903939e-06,0.4389628537,-0.0001049818102,0,0,0,0,0,0
12.84,0,1,5.320995858e-05,3.81098352e-05,-1.438106989e-06,6.926881995e-05,-0.02925612952,-4.434163215e-05,0,0,0,0,0,0,-0.02783887509,0,0,-0.001417254437,-0.01636888002,-0.1359926837,11.55512517,0,-0.01636449651,0.1359926837,-0.0009228918563,-0.1891444576,1.02925613,-0.001341886085,21.75882939,0.1891444576,0.001341886085,21.94839284,21.94839284,0.01862735387,0.4389678568,-1.917475985e-06,-4.793689962e-07,-0,-6.231796951e-06,0.4389678568,-0.0001064199172,-1.917475985e-06,-4.793689962e-07,-0,-6.231796951e-06,0.4389678568,-0.0001064199172,0,0,0,0,0,0
12.85,0,1,5.225122059e-05,3.83495197e-05,-1.438106989e-06,6.783071296e-05,-0.02925565015,-4.482100115e-05,0,0,0,0,0,0,-0.02783887509,0,0,-0.001416775068,-0.01636334086,-0.1359467289,11.55511968,0,-0.01635896179,0.1359467289,-0.00153884836,-0.1890803619,1.02925565,-0.001340442905,21.75147662,0.1890803619,0.001340442905,21.94035858,21.94035858,0.0186136277,0.4388071716,-0,-9.587379924e-07,-0,-3.355582973e-06,0.4388071716,-0.0001054611792,-0,-9.587379924e-07,-0,-3.355582973e-06,0.4388071716,-0.0001054611792,0,0,0,0,0,0
12.86,0,1,5.225122059e-05,3.83495197e-05,-7.190534943e-07,6.878945096e-05,-0.02925541047,-4.458131665e-05,0,0,0,0,0,0,-0.02783887509,0,0,-0.001416535384,-0.01636057127,-0.1359237515,11.55511693,0,-0.01635619443,0.1359237515,-0.001725376678,-0.1890483141,1.02925541,-0.001339228363,21.74780024,0.1890483141,0.001339228363,21.93646241,21.93646241,0.01859991492,0.4387292481,-0,-9.587379924e-07,-1.438106989e-06,-5.273058958e-06,0.4387292481,-0.0001059405482,-0,-9.587379924e-07,-1.438106989e-06,-5.273058958e-06,0.4387292481,-0.0001059405482,0,0,0,0,0,0
12.87,0,1,5.297027408e-05,3.76304662e-05,-1.198422491e-06,6.902913545e-05,-0.02925565015,-4.410194765e-05,0,0,0,0,0,0,-0.02783887509,0,0,-0.001416775068,-0.01636334086,-0.1359467289,11.55511968,0,-0.01635896179,0.1359467289,-0.001018050636,-0.1890803619,1.02925565,-0.001338468803,21.75147662,0.1890803619,0.001338468803,21.9408774,21.9408774,0.01858621568,0.4388175481,-1.438106989e-06,4.793689962e-07,-4.793689962e-07,-5.752427955e-06,0.4388175481,-0.0001068992862,-1.438106989e-06,4.793689962e-07,-4.793689962e-07,-5.752427955e-06,0.4388175481,-0.0001068992862,0,0,0,0,0,0
12.88,0,1,5.344964308e-05,3.81098352e-05,-7.190534943e-07,6.831008196e-05,-0.02925517079,-4.506068564e-05,0,0,0,0,0,0,-0.02783887509,0,0,-0.001416295699,-0.01635780169,-0.1359007741,11.55511418,0,-0.01635342706,0.1359007741,-0.001717647904,-0.1890162663,1.029255171,-0.001337029827,21.74412385,0.1890162663,0.001337029827,21.9327595,21.9327595,0.01857252931,0.43865519,-2.396844981e-06,-4.793689962e-07,-1.438106989e-06,-4.314320966e-06,0.43865519,-0.0001049818102,-2.396844981e-06,-4.793689962e-07,-1.438106989e-06,-4.314320966e-06,0.43865519,-0.0001049818102,0,0,0,0,0,0
12.89,0,1,5.320995858e-05,3.78701507e-05,-7.190534943e-07,6.878945096e-05,-0.02925565015,-4.458131665e-05,0,0,0,0,0,0,-0.02783887509,0,0,-0.001416775068,-0.01636334086,-0.1359467289,11.55511968,0,-0.01635896179,0.1359467289,-0.0005980127792,-0.1890803619,1.02925565,-0.001336498525,21.75147662,0.1890803619,0.001336498525,21.94129547,21.94129547,0.01855885678,0.4388259094,-1.917475985e-06,-0,-1.438106989e-06,-5.273058958e-06,0.4388259094,-0.0001059405482,-1.917475985e-06,-0,-1.438106989e-06,-5.273058958e-06,0.4388259094,-0.0001059405482,0,0,0,0,0,0
12.9,0,1,5.249090509e-05,3.83495197e-05,-1.438106989e-06,6.974818895e-05,-0.02925541047,-4.458131665e-05,0,0,0,0,0,0,-0.02783887509,0,0,-0.001416535384,-0.01636057127,-0.1359237515,11.55511693,0,-0.01635619443,0.1359237515,-0.000941663555,-0.1890483141,1.02925541,-0.00133528857,21.74780024,0.1890483141,0.00133528857,21.93724218,21.93724218,0.01854519842,0.4387448436,-4.793689962e-07,-9.587379924e-07,-0,-7.190534943e-06,0.4387448436,-0.0001059405482,-4.793689962e-07,-9.587379924e-07,-0,-7.190534943e-06,0.4387448436,-0.0001059405482,0,0,0,0,0,0
12.91,0,1,5.273058958e-05,3.73907817e-05,-1.198422491e-06,6.831008196e-05,-0.02925612952,-4.458131665e-05,0,0,0,0,0,0,-0.02783887509,0,0,-0.001417254437,-0.01636888002,-0.1359926837,11.55512517,0,-0.01636449651,0.1359926837,0.0005335613996,-0.1891444576,1.02925613,-0.001334984655,21.75882939,0.1891444576,0.001334984655,21.94984239,21.94984239,0.01853155437,0.4389968478,-9.587379924e-07,9.587379924e-07,-4.793689962e-07,-4.314320966e-06,0.4389968478,-0.0001059405482,-9.587379924e-07,9.587379924e-07,-4.793689962e-07,-4.314320966e-06,0.4389968478,-0.0001059405482,0,0,0,0,0,0
12.92,0,1,5.320995858e-05,3.76304662e-05,-7.190534943e-07,6.950850445e-05,-0.02925565015,-4.410194765e-05,0,0,0,0,0,0,-0.02783887509,0,0,-0.001416775068,-0.01636334086,-0.1359467289,11.55511968,0,-0.01635896179,0.1359467289,-0.000321258365,-0.1890803619,1.02925565,-0.001333550673,21.75147662,0.1890803619,0.001333550673,21.94156928,21.94156928,0.01851792346,0.4388313856,-1.917475985e-06,4.793689962e-07,-1.438106989e-06,-6.711165947e-06,0.4388313856,-0.0001068992862,-1.917475985e-06,4.793689962e-07,-1.438106989e-06,-6.711165947e-06,0.4388313856,-0.0001068992862,0,0,0,0,0,0
12.93,0,1,5.249090509e-05,3.78701507e-05,-7.190534943e-07,6.926881995e-05,-0.02925541047,-4.434163215e-05,0,0,0,0,0,0,-0.02783887509,0,0,-0.001416535384,-0.01636057127,-0.1359237515,11.55511693,0,-0.01635619443,0.1359237515,-0.0006101263258,-0.1890483141,1.02925541,-0.00133234402,21.74780024,0.1890483141,0.00133234402,21.93757077,21.93757077,0.01850430403,0.4387514154,-4.793689962e-07,-0,-1.438106989e-06,-6.231796951e-06,0.4387514154,-0.0001064199172,-4.793689962e-07,-0,-1.438106989e-06,-6.231796951e-06,0.4387514154,-0.0001064199172,0,0,0,0,0,0
12.94,0,1,5.297027408e-05,3.78701507e-05,-9.587379924e-07,6.831008196e-05,-0.02925517079,-4.434163215e-05,0,0,0,0,0,0,-0.02783887509,0,0,-0.001416295699,-0.01635780169,-0.1359007741,11.55511418,0,-0.01635342706,0.1359007741,-0.0008934134218,-0.1890162663,1.029255171,-0.00133113862,21.74412385,0.1890162663,0.00133113862,21.93357784,21.93357784,0.01849069738,0.4386715569,-1.438106989e-06,-0,-9.587379924e-07,-4.314320966e-06,0.4386715569,-0.0001064199172,-1.438106989e-06,-0,-9.587379924e-07,-4.314320966e-06,0.4386715569,-0.0001064199172,0,0,0,0,0,0
12.95,0,1,5.273058958e-05,3.81098352e-05,-1.438106989e-06,6.759102847e-05,-0.02925541047,-4.434163215e-05,0,0,0,0,0,0,-0.02783887509,0,0,-0.001416535384,-0.01636057127,-0.1359237515,11.55511693,0,-0.01635619443,0.1359237515,-0.0003133147946,-0.1890483141,1.02925541,-0.001330385599,21.74780024,0.1890483141,0.001330385599,21.93786562,21.93786562,0.01847710516,0.4387573125,-9.587379924e-07,-4.793689962e-07,-0,-2.876213977e-06,0.4387573125,-0.0001064199172,-9.587379924e-07,-4.793689962e-07,-0,-2.876213977e-06,0.4387573125,-0.0001064199172,0,0,0,0,0,0
12.96,0,1,5.273058958e-05,3.715109721e-05,-9.587379924e-07,6.902913545e-05,-0.02925517079,-4.434163215e-05,0,0,0,0,0,0,-0.02783887509,0,0,-0.001416295699,-0.01635780169,-0.1359007741,11.55511418,0,-0.01635342706,0.1359007741,-0.0006311694501,-0.1890162663,1.029255171,-0.001329182465,21.74412385,0.1890162663,0.001329182465,21.93383813,21.93383813,0.01846352536,0.4386767626,-9.587379924e-07,1.438106989e-06,-9.587379924e-07,-5.752427955e-06,0.4386767626,-0.0001064199172,-9.587379924e-07,1.438106989e-06,-9.587379924e-07,-5.752427955e-06,0.4386767626,-0.0001064199172,0,0,0,0,0,0
12.97,0,1,5.297027408e-05,3.76304662e-05,-1.198422491e-06,6.878945096e-05,-0.02925517079,-4.482100115e-05,0,0,0,0,0,0,-0.02783887509,0,0,-0.001416295699,-0.01635780169,-0.1359007741,11.55511418,0,-0.01635342706,0.1359007741,-0.00053050237,-0.1890162663,1.029255171,-0.001328205847,21.74412385,0.1890162663,0.001328205847,21.93393782,21.93393782,0.01844995964,0.4386787565,-1.438106989e-06,4.793689962e-07,-4.793689962e-07,-5.273058958e-06,0.4386787565,-0.0001054611792,-1.438106989e-06,4.793689962e-07,-4.793689962e-07,-5.273058958e-06,0.4386787565,-0.0001054611792,0,0,0,0,0,0
12.98,0,1,5.297027408e-05,3.81098352e-05,-9.587379924e-07,6.950850445e-05,-0.02925565015,-4.434163215e-05,0,0,0,0,0,0,-0.02783887509,0,0,-0.001416775068,-0.01636334086,-0.1359467289,11.55511968,0,-0.01635896179,0.1359467289,0.0003756168747,-0.1890803619,1.02925565,-0.001327680377,21.75147662,0.1890803619,0.001327680377,21.94226028,21.94226028,0.01843640963,0.4388452057,-1.438106989e-06,-4.793689962e-07,-9.587379924e-07,-6.711165947e-06,0.4388452057,-0.0001064199172,-1.438106989e-06,-4.793689962e-07,-9.587379924e-07,-6.711165947e-06,0.4388452057,-0.0001064199172,0,0,0,0,0,0
12.99,0,1,5.249090509e-05,3.78701507e-05,-7.190534943e-07,6.854976646e-05,-0.02925517079,-4.434163215e-05,0,0,0,0,0,0,-0.02783887509,0,0,-0.001416295699,-0.01635780169,-0.1359007741,11.55511418,0,-0.01635342706,0.1359007741,-0.0005275083752,-0.1890162663,1.029255171,-0.001326255766,21.74412385,0.1890162663,0.001326255766,21.93393887,21.93393887,0.018422872,0.4386787773,-4.793689962e-07,-0,-1.438106989e-06,-4.793689962e-06,0.4386787773,-0.0001064199172,-4.793689962e-07,-0,-1.438106989e-06,-4.793689962e-06,0.4386787773,-0.0001064199172,0,0,0,0,0,0
13,0,1,5.249090509e-05,3.76304662e-05,-1.198422491e-06,6.878945096e-05,-0.02925541047,-4.434163215e-05,0,0,0,0,0,0,-0.02783887509,0,0,-0.001416535384,-0.01636057127,-0.1359237515,11.55511693,0,-0.01635619443,0.1359237515,-2.894087483e-05,-0.1890483141,1.02925541,-0.001325506823,21.74780024,0.1890483141,0.001325506823,21.93814512,21.93814512,0.0184093479,0.4387629024,-4.793689962e-07,4.793689962e-07,-4.793689962e-07,-5.273058958e-06,0.4387629024,-0.0001064199172,-4.793689962e-07,4.793689962e-07,-4.793689962e-07,-5.273058958e-06,0.4387629024,-0.0001064199172,0,0,0,0,0,0
13.01,0,1,5.249090509e-05,3.85892042e-05,-1.198422491e-06,6.878945096e-05,-0.02925541047,-4.458131665e-05,0,0,0,0,0,0,-0.02783887509,0,0,-0.001416535384,-0.01636057127,-0.1359237515,11.55511693,0,-0.01635619443,0.1359237515,-3.372055248e-06,-0.1890483141,1.02925541,-0.001324534011,21.74780024,0.1890483141,0.001324534011,21.93816972,21.93816972,0.01839583732,0.4387633943,-4.793689962e-07,-1.438106989e-06,-4.793689962e-07,-5.273058958e-06,0.4387633943,-0.0001059405482,-4.793689962e-07,-1.438106989e-06,-4.793689962e-07,-5.273058958e-06,0.4387633943,-0.0001059405482,0,0,0,0,0,0
13.02,0,1,5.273058958e-05,3.83495197e-05,-1.198422491e-06,6.878945096e-05,-0.0292549311,-4.530037014e-05,0,0,0,0,0,0,-0.02783887509,0,0,-0.001416056015,-0.01635503211,-0.1358777967,11.55511144,0,-0.0163506597,0.1358777967,-0.0008378894233,-0.1889842186,1.029254931,-0.001323113368,21.74044746,0.1889842186,0.001323113368,21.92991691,21.92991691,0.01838233876,0.4385983381,-9.587379924e-07,-9.587379924e-07,-4.793689962e-07,-5.273058958e-06,0.4385983381,-0.0001045024412,-9.587379924e-07,-9.587379924e-07,-4.793689962e-07,-5.273058958e-06,0.4385983381,-0.0001045024412,0,0,0,0,0,0
13.03,0,1,5.344964308e-05,3.78701507e-05,-9.587379924e-07,6.759102847e-05,-0.02925517079,-4.506068564e-05,0,0,0,0,0,0,-0.02783887509,0,0,-0.001416295699,-0.01635780169,-0.1359007741,11.55511418,0,-0.01635342706,0.1359007741,-0.0001886110171,-0.1890162663,1.029255171,-0.001322366762,21.74412385,0.1890162663,0.001322366762,21.93427387,21.93427387,0.0183688517,0.4386854775,-2.396844981e-06,-0,-9.587379924e-07,-2.876213977e-06,0.4386854775,-0.0001049818102,-2.396844981e-06,-0,-9.587379924e-07,-2.876213977e-06,0.4386854775,-0.0001049818102,0,0,0,0,0,0
13.04,0,1,5.320995858e-05,3.83495197e-05,-1.198422491e-06,6.854976646e-05,-0.02925469142,-4.458131665e-05,0,0,0,0,0,0.001047197551,-0.02783887509,0,0,-0.00141581633,-0.01635226253,-0.1358548192,11.55510869,0,-0.01634789234,0.1358548192,-0.0008970458025,-0.1889521709,1.029254691,-0.001320948622,21.73677107,0.1889521709,0.001320948622,21.92614715,21.92614715,0.01835537647,0.438522943,-1.917475985e-06,-9.587379924e-07,-4.793689962e-07,-4.793689962e-06,0.438522943,-0.0002106603033,-1.917475985e-06,-9.587379924e-07,-4.793689962e-07,-4.793689962e-06,0.438522943,-0.0002106603033,0,0,0,0,0,0
13.05,0,1,5.249090509e-05,3.76304662e-05,-9.587379924e-07,6.831008196e-05,-0.02925469142,-4.434163215e-05,0,0,0,0,0,0,-0.02783887509,0,0,-0.00141581633,-0.01635226253,-0.1358548192,11.55510869,0,-0.01634789234,0.1358548192,-0.0007686273459,-0.1889521709,1.029254691,-0.001319979901,21.73677107,0.1889521709,0.001319979901,21.9262746,21.9262746,0.01834191587,0.438525492,-4.793689962e-07,4.793689962e-07,-9.587379924e-07,-4.314320966e-06,0.438525492,-0.0001064199172,-4.793689962e-07,4.793689962e-07,-9.587379924e-07,-4.314320966e-06,0.438525492,-0.0001064199172,0,0,0,0,0,0
13.06,0,1,5.273058958e-05,3.715109721e-05,-1.438106989e-06,6.902913545e-05,-0.02925469142,-4.338289416e-05,0,0,0,0,0,0,-0.02783887509,0,0,-0.00141581633,-0.01635226253,-0.1358548192,11.55510869,0,-0.01634789234,0.1358548192,-0.0006433829743,-0.1889521709,1.029254691,-0.001319012125,21.73677107,0.1889521709,0.001319012125,21.92639887,21.92639887,0.01832846839,0.4385279775,-9.587379924e-07,1.438106989e-06,-0,-5.752427955e-06,0.4385279775,-0.0001083373931,-9.587379924e-07,1.438106989e-06,-0,-5.752427955e-06,0.4385279775,-0.0001083373931,0,0,0,0,0,0
13.07,0,1,5.225122059e-05,3.81098352e-05,-7.190534943e-07,6.902913545e-05,-0.02925541047,-4.410194765e-05,0,0,0,0,0,0,-0.02783887509,0,0,-0.001416535384,-0.01636057127,-0.1359237515,11.55511693,0,-0.01635619443,0.1359237515,0.0008715637966,-0.1890483141,1.02925541,-0.001318715882,21.74780024,0.1890483141,0.001318715882,21.93903883,21.93903883,0.01831503418,0.4387807767,-0,-4.793689962e-07,-1.438106989e-06,-5.752427955e-06,0.4387807767,-0.0001068992862,-0,-4.793689962e-07,-1.438106989e-06,-5.752427955e-06,0.4387807767,-0.0001068992862,0,0,0,0,0,0
13.08,0,1,5.297027408e-05,3.85892042e-05,-1.198422491e-06,6.974818895e-05,-0.0292549311,-4.362257866e-05,0,0,0,0,0,0,-0.02783887509,0,0,-0.001416056015,-0.01635503211,-0.1358777967,11.55511144,0,-0.0163506597,0.1358777967,2.957239705e-05,-0.1889842186,1.029254931,-0.00131730233,21.74044746,0.1889842186,0.00131730233,21.93077856,21.93077856,0.01830160672,0.4386155712,-1.438106989e-06,-1.438106989e-06,-4.793689962e-07,-7.190534943e-06,0.4386155712,-0.0001078580241,-1.438106989e-06,-1.438106989e-06,-4.793689962e-07,-7.190534943e-06,0.4386155712,-0.0001078580241,0,0,0,0,0,0
13.09,0,1,5.201153609e-05,3.81098352e-05,-1.198422491e-06,6.831008196e-05,-0.0292549311,-4.314320966e-05,0,0,0,0,0,0,-0.02783887509,0,0,-0.001416056015,-0.01635503211,-0.1358777967,11.55511144,0,-0.0163506597,0.1358777967,8.187427238e-05,-0.1889842186,1.029254931,-0.001316337301,21.74044746,0.1889842186,0.001316337301,21.93082989,21.93082989,0.0182881997,0.4386165979,4.793689962e-07,-4.793689962e-07,-4.793689962e-07,-4.314320966e-06,0.4386165979,-0.0001088167621,4.793689962e-07,-4.793689962e-07,-4.793689962e-07,-4.314320966e-06,0.4386165979,-0.0001088167621,0,0,0,0,0,0
13.1,0,1,5.297027408e-05,3.83495197e-05,-1.438106989e-06,6.831008196e-05,-0.02925445173,-4.410194765e-05,0,0,0,0,0,0,-0.02783887509,0,0,-0.001415576646,-0.01634949295,-0.1358318418,11.55510595,0,-0.01634512498,0.1358318418,-0.0007659293625,-0.1889201232,1.029254452,-0.001314927107,21.73309468,0.1889201232,0.001314927107,21.9225638,21.9225638,0.01827480525,0.4384512761,-1.438106989e-06,-9.587379924e-07,-0,-4.314320966e-06,0.4384512761,-0.0001068992862,-1.438106989e-06,-9.587379924e-07,-0,-4.314320966e-06,0.4384512761,-0.0001068992862,0,0,0,0,0,0
13.11,0,1,5.201153609e-05,3.76304662e-05,-1.198422491e-06,6.950850445e-05,-0.02925541047,-4.386226315e-05,0,0,0,0,0,0,-0.02783887509,0,0,-0.001416535384,-0.01636057127,-0.1359237515,11.55511693,0,-0.01635619443,0.1359237515,0.001164431085,-0.1890483141,1.02925541,-0.001314855785,21.74780024,0.1890483141,0.001314855785,21.93932784,21.93932784,0.01826142452,0.4387865568,4.793689962e-07,4.793689962e-07,-4.793689962e-07,-6.711165947e-06,0.4387865568,-0.0001073786552,4.793689962e-07,4.793689962e-07,-4.793689962e-07,-6.711165947e-06,0.4387865568,-0.0001073786552,0,0,0,0,0,0
13.12,0,1,5.320995858e-05,3.691141271e-05,-1.917475985e-06,6.950850445e-05,-0.02925445173,-4.458131665e-05,0,0,0,0,0,0,-0.02783887509,0,0,-0.001415576646,-0.01634949295,-0.1358318418,11.55510595,0,-0.01634512498,0.1358318418,-0.0005581260986,-0.1889201232,1.029254452,-0.001313002308,21.73309468,0.1889201232,0.001313002308,21.92276968,21.92276968,0.01824805518,0.4384553937,-1.917475985e-06,1.917475985e-06,9.587379924e-07,-6.711165947e-06,0.4384553937,-0.0001059405482,-1.917475985e-06,1.917475985e-06,9.587379924e-07,-6.711165947e-06,0.4384553937,-0.0001059405482,0,0,0,0,0,0
13.13,0,1,5.273058958e-05,3.691141271e-05,-7.190534943e-07,6.831008196e-05,-0.02925421205,-4.410194765e-05,0,0,0,0,0,0,-0.02783887509,0,0,-0.001415336961,-0.01634672337,-0.1358088643,11.5551032,0,-0.01634235762,0.1358088643,-0.0008462764476,-0.1888880756,1.029254212,-0.001311818651,21.72941829,0.1888880756,0.001311818651,21.91877191,21.91877191,0.01823469804,0.4383754382,-9.587379924e-07,1.917475985e-06,-1.438106989e-06,-4.314320966e-06,0.4383754382,-0.0001068992862,-9.587379924e-07,1.917475985e-06,-1.438106989e-06,-4.314320966e-06,0.4383754382,-0.0001068992862,0,0,0,0,0,0
13.14,0,1,5.297027408e-05,3.715109721e-05,-1.438106989e-06,6.759102847e-05,-0.02925397236,-4.434163215e-05,0,0,0,0,0,0,-0.02783887509,0,0,-0.001415097277,-0.01634395379,-0.1357858868,11.55510046,0,-0.01633959026,0.1357858868,-0.001167804257,-0.188856028,1.029253972,-0.00131063628,21.72574189,0.188856028,0.00131063628,21.91474075,21.91474075,0.01822135425,0.4382948151,-1.438106989e-06,1.438106989e-06,-0,-2.876213977e-06,0.4382948151,-0.0001064199172,-1.438106989e-06,1.438106989e-06,-0,-2.876213977e-06,0.4382948151,-0.0001064199172,0,0,0,0,0,0
13.15,0,1,5.273058958e-05,3.81098352e-05,-7.190534943e-07,6.807039746e-05,-0.02925349299,-4.482100115e-05,0,0,0,0,0,0,-0.02783887509,0,0,-0.001414617908,-0.01633841463,-0.1357399319,11.55509498,0,-0.01633405554,0.1357399319,-0.001924651254,-0.1887919328,1.029253493,-0.001309232892,21.7183891,0.1887919328,0.001309232892,21.90656561,21.90656561,0.01820802265,0.4381313123,-9.587379924e-07,-4.793689962e-07,-1.438106989e-06,-3.83495197e-06,0.4381313123,-0.0001054611792,-9.587379924e-07,-4.793689962e-07,-1.438106989e-06,-3.83495197e-06,0.4381313123,-0.0001054611792,0,0,0,0,0,0
13.16,0,1,5.320995858e-05,3.882888869e-05,-7.190534943e-07,6.950850445e-05,-0.02925397236,-4.434163215e-05,0,0,0,0,0,0,-0.02783887509,0,0,-0.001415097277,-0.01634395379,-0.1357858868,11.55510046,0,-0.01633959026,0.1357858868,-0.0007812526838,-0.188856028,1.029253972,-0.001308719257,21.72574189,0.188856028,0.001308719257,21.91512539,21.91512539,0.01819470321,0.4383025078,-1.917475985e-06,-1.917475985e-06,-1.438106989e-06,-6.711165947e-06,0.4383025078,-0.0001064199172,-1.917475985e-06,-1.917475985e-06,-1.438106989e-06,-6.711165947e-06,0.4383025078,-0.0001064199172,0,0,0,0,0,0
13.17,0,1,5.320995858e-05,3.81098352e-05,-1.198422491e-06,6.878945096e-05,-0.02925421205,-4.386226315e-05,0,0,0,0,0,0,-0.02783887509,0,0,-0.001415336961,-0.01634672337,-0.1358088643,11.5551032,0,-0.01634235762,0.1358088643,-0.0002375545343,-0.1888880756,1.029254212,-0.001307984166,21.72941829,0.1888880756,0.001307984166,21.91937679,21.91937679,0.0181813989,0.4383875359,-1.917475985e-06,-4.793689962e-07,-4.793689962e-07,-5.273058958e-06,0.4383875359,-0.0001073786552,-1.917475985e-06,-4.793689962e-07,-4.793689962e-07,-5.273058958e-06,0.4383875359,-0.0001073786552,0,0,0,0,0,0
13.18,0,1,5.249090509e-05,3.906857319e-05,-7.190534943e-07,6.854976646e-05,-0.02925421205,-4.362257866e-05,0,0,0,0,0,0,-0.02783887509,0,0,-0.001415336961,-0.01634672337,-0.1358088643,11.5551032,0,-0.01634235762,0.1358088643,-0.000112153007,-0.1888880756,1.029254212,-0.00130702788,21.72941829,0.1888880756,0.00130702788,21.91950124,21.91950124,0.01816810657,0.4383900248,-4.793689962e-07,-2.396844981e-06,-1.438106989e-06,-4.793689962e-06,0.4383900248,-0.0001078580241,-4.793689962e-07,-2.396844981e-06,-1.438106989e-06,-4.793689962e-06,0.4383900248,-0.0001078580241,0,0,0,0,0,0
13.19,0,1,5.297027408e-05,3.906857319e-05,-4.793689962e-07,6.854976646e-05,-0.02925349299,-4.458131665e-05,0,0,0,0,0,0,-0.02783887509,0,0,-0.001414617908,-0.01633841463,-0.1357399319,11.55509498,0,-0.01633405554,0.1357399319,-0.001374294933,-0.1887919328,1.029253493,-0.001305407791,21.7183891,0.1887919328,0.001305407791,21.90711214,21.90711214,0.01815482687,0.4381422429,-1.438106989e-06,-2.396844981e-06,-1.917475985e-06,-4.793689962e-06,0.4381422429,-0.0001059405482,-1.438106989e-06,-2.396844981e-06,-1.917475985e-06,-4.793689962e-06,0.4381422429,-0.0001059405482,0,0,0,0,0,0
13.2,0,1,5.249090509e-05,3.83495197e-05,-9.587379924e-07,6.926881995e-05,-0.02925421205,-4.434163215e-05,0,0,0,0,0,0,-0.02783887509,0,0,-0.001415336961,-0.01634672337,-0.1358088643,11.5551032,0,-0.01634235762,0.1358088643,0.0001547008095,-0.1888880756,1.029254212,-0.001305118066,21.72941829,0.1888880756,0.001305118066,21.91976618,21.91976618,0.01814156027,0.4383953237,-4.793689962e-07,-9.587379924e-07,-9.587379924e-07,-6.231796951e-06,0.4383953237,-0.0001064199172,-4.793689962e-07,-9.587379924e-07,-9.587379924e-07,-6.231796951e-06,0.4383953237,-0.0001064199172,0,0,0,0,0,0
13.21,0,1,5.273058958e-05,3.76304662e-05,-9.587379924e-07,6.950850445e-05,-0.02925397236,-4.530037014e-05,0,0,0,0,0,0,-0.02783887509,0,0,-0.001415097277,-0.01634395379,-0.1357858868,11.55510046,0,-0.01633959026,0.1357858868,-0.0001968151468,-0.188856028,1.029253972,-0.001303943315,21.72574189,0.188856028,0.001303943315,21.91570505,21.91570505,0.0181283066,0.438314101,-9.587379924e-07,4.793689962e-07,-9.587379924e-07,-6.711165947e-06,0.438314101,-0.0001045024412,-9.587379924e-07,4.793689962e-07,-9.587379924e-07,-6.711165947e-06,0.438314101,-0.0001045024412,0,0,0,0,0,0
13.22,0,1,5.273058958e-05,3.83495197e-05,-1.677791487e-06,6.926881995e-05,-0.02925349299,-4.625910813e-05,0,0,0,0,0,0,-0.02783887509,0,0,-0.001414617908,-0.01633841463,-0.1357399319,11.55509498,0,-0.01633405554,0.1357399319,-0.0009455039179,-0.1887919328,1.029253493,-0.001302548636,21.7183891,0.1887919328,0.001302548636,21.90753808,21.90753808,0.01811506453,0.4381507615,-9.587379924e-07,-9.587379924e-07,4.793689962e-07,-6.231796951e-06,0.4381507615,-0.0001025849652,-9.587379924e-07,-9.587379924e-07,4.793689962e-07,-6.231796951e-06,0.4381507615,-0.0001025849652,0,0,0,0,0,0
13.23,0,1,5.225122059e-05,3.930825769e-05,-1.198422491e-06,6.974818895e-05,-0.02925205489,-4.530037014e-05,0,0,0,0,0.001047197551,0,-0.02783887509,0,0,-0.001413179801,-0.01632179718,-0.1345548691,11.55507853,0,-0.01631745137,0.1356020667,-0.00316714811,-0.1885996482,1.030299527,-0.001292857274,21.52877906,0.1885996482,0.001292857274,21.71550442,21.71550442,0.01810182058,0.4343100884,-0,-2.876213977e-06,-4.793689962e-07,-7.190534943e-06,0.4343100884,-0.0001045024412,-0,-2.876213977e-06,-4.793689962e-07,-7.190534943e-06,0.4343100884,-0.0001045024412,0,0,0,0,0,0
13.24,0,1,5.368932758e-05,3.83495197e-05,-9.587379924e-07,6.902913545e-05,-0.02925133583,-4.506068564e-05,0,0,0,0,0,0,-0.02783887509,0,0,-0.001412460747,-0.01631348846,-0.135533134,11.55507031,0,-0.01630914928,0.135533134,-0.004000421258,-0.1885035063,1.029251336,-0.001298658444,21.68530143,0.1885035063,0.001298658444,21.87110318,21.87110318,0.01808859474,0.4374220635,-2.876213977e-06,-9.587379924e-07,-9.587379924e-07,-5.752427955e-06,0.4374220635,-0.0001049818102,-2.876213977e-06,-9.587379924e-07,-9.587379924e-07,-5.752427955e-06,0.4374220635,-0.0001049818102,0,0,0,0,0,0
13.25,0,1,5.344964308e-05,3.715109721e-05,-1.198422491e-06,6.878945096e-05,-0.02925133583,-4.482100115e-05,0,0,0,0,0,0,-0.02783887509,0,0,-0.001412460747,-0.01631348846,-0.135533134,11.55507031,0,-0.01630914928,0.135533134,-0.003450617227,-0.1885035063,1.029251336,-0.001297709708,21.68530143,0.1885035063,0.001297709708,21.87165203,21.87165203,0.01807538046,0.4374330406,-2.396844981e-06,1.438106989e-06,-4.793689962e-07,-5.273058958e-06,0.4374330406,-0.0001054611792,-2.396844981e-06,1.438106989e-06,-4.793689962e-07,-5.273058958e-06,0.4374330406,-0.0001054611792,0,0,0,0,0,0
13.26,0,1,5.297027408e-05,3.715109721e-05,-1.198422491e-06,6.974818895e-05,-0.02925109615,-4.434163215e-05,0,0,0,0,0,0,-0.02783887509,0,0,-0.001412221063,-0.01631071889,-0.1355101564,11.55506757,0,-0.01630638192,0.1355101564,-0.003354735406,-0.188471459,1.029251096,-0.001296541328,21.68162502,0.188471459,0.001296541328,21.86803828,21.86803828,0.01806217724,0.4373607656,-1.438106989e-06,1.438106989e-06,-4.793689962e-07,-7.190534943e-06,0.4373607656,-0.0001064199172,-1.438106989e-06,1.438106989e-06,-4.793689962e-07,-7.190534943e-06,0.4373607656,-0.0001064199172,0,0,0,0,0,0
13.27,0,1,5.249090509e-05,3.73907817e-05,-7.190534943e-07,6.950850445e-05,-0.02925205489,-4.554005464e-05,0,0,0,0,0,0,-0.02783887509,0,0,-0.001413179801,-0.01632179718,-0.1356020667,11.55507853,0,-0.01631745137,0.1356020667,-0.001072684638,-0.1885996482,1.029252055,-0.001296475677,21.69633067,0.1885996482,0.001296475677,21.88515411,21.88515411,0.01804898821,0.4377030822,-4.793689962e-07,9.587379924e-07,-1.438106989e-06,-6.711165947e-06,0.4377030822,-0.0001040230722,-4.793689962e-07,9.587379924e-07,-1.438106989e-06,-6.711165947e-06,0.4377030822,-0.0001040230722,0,0,0,0,0,0
13.28,0,1,5.225122059e-05,3.76304662e-05,-7.190534943e-07,6.854976646e-05,-0.02925109615,-4.554005464e-05,0,0,0,0,0,0,-0.02783887509,0,0,-0.001412221063,-0.01631071889,-0.1355101564,11.55506757,0,-0.01630638192,0.1355101564,-0.002622850912,-0.188471459,1.029251096,-0.001294648763,21.68162502,0.188471459,0.001294648763,21.86876827,21.86876827,0.01803581253,0.4373753655,-0,4.793689962e-07,-1.438106989e-06,-4.793689962e-06,0.4373753655,-0.0001040230722,-0,4.793689962e-07,-1.438106989e-06,-4.793689962e-06,0.4373753655,-0.0001040230722,0,0,0,0,0,0
13.29,0,1,5.273058958e-05,3.906857319e-05,-1.198422491e-06,6.878945096e-05,-0.0292518152,-4.482100115e-05,0,0,0,0,0,0,-0.02783887509,0,0,-0.001412940116,-0.01631902761,-0.1355790891,11.55507579,0,-0.01631468401,0.1355790891,-0.0008782718993,-0.1885676008,1.029251815,-0.001294364292,21.69265426,0.1885676008,0.001294364292,21.88163795,21.88163795,0.01802265725,0.4376327591,-9.587379924e-07,-2.396844981e-06,-4.793689962e-07,-5.273058958e-06,0.4376327591,-0.0001054611792,-9.587379924e-07,-2.396844981e-06,-4.793689962e-07,-5.273058958e-06,0.4376327591,-0.0001054611792,0,0,0,0,0,0
13.3,0,1,5.297027408e-05,3.85892042e-05,-9.587379924e-07,6.902913545e-05,-0.02925085646,-4.530037014e-05,0,0,0,0,0,0,-0.02783887509,0,0,-0.001411981378,-0.01630794932,-0.1354871787,11.55506484,0,-0.01630361456,0.1354871787,-0.002404303254,-0.1884394118,1.029250856,-0.001292540512,21.6779486,0.1884394118,0.001292540512,21.86527625,21.86527625,0.01800950508,0.437305525,-1.438106989e-06,-1.438106989e-06,-9.587379924e-07,-5.752427955e-06,0.437305525,-0.0001045024412,-1.438106989e-06,-1.438106989e-06,-9.587379924e-07,-5.752427955e-06,0.437305525,-0.0001045024412,0,0,0,0,0,0
13.31,0,1,5.368932758e-05,3.73907817e-05,-1.198422491e-06,6.950850445e-05,-0.02925157552,-4.506068564e-05,0,0,0,0,0,0,-0.02783887509,0,0,-0.001412700432,-0.01631625804,-0.1355561115,11.55507305,0,-0.01631191665,0.1355561115,-0.0006365209468,-0.1885355535,1.029251576,-0.001292256299,21.68897785,0.1885355535,0.001292256299,21.87816914,21.87816914,0.01799636458,0.4375633827,-2.876213977e-06,9.587379924e-07,-4.793689962e-07,-6.711165947e-06,0.4375633827,-0.0001049818102,-2.876213977e-06,9.587379924e-07,-4.793689962e-07,-6.711165947e-06,0.4375633827,-0.0001049818102,0,0,0,0,0,0
13.32,0,1,5.368932758e-05,3.78701507e-05,-9.587379924e-07,6.902913545e-05,-0.02925133583,-4.554005464e-05,0,0,0,0,0,0,-0.02783887509,0,0,-0.001412460747,-0.01631348846,-0.135533134,11.55507031,0,-0.01630914928,0.135533134,-0.0008253783725,-0.1885035063,1.029251336,-0.001291094191,21.68530143,0.1885035063,0.001291094191,21.87427065,21.87427065,0.01798323753,0.4374854131,-2.876213977e-06,-0,-9.587379924e-07,-5.752427955e-06,0.4374854131,-0.0001040230722,-2.876213977e-06,-0,-9.587379924e-07,-5.752427955e-06,0.4374854131,-0.0001040230722,0,0,0,0,0,0
13.33,0,1,5.249090509e-05,3.73907817e-05,-9.587379924e-07,6.926881995e-05,-0.02925085646,-4.458131665e-05,0,0,0,0,0,0,-0.02783887509,0,0,-0.001411981378,-0.01630794932,-0.1354871787,11.55506484,0,-0.01630361456,0.1354871787,-0.001458549766,-0.1884394118,1.029250856,-0.001289713457,21.6779486,0.1884394118,0.001289713457,21.86621917,21.86621917,0.01797011561,0.4373243835,-4.793689962e-07,9.587379924e-07,-9.587379924e-07,-6.231796951e-06,0.4373243835,-0.0001059405482,-4.793689962e-07,9.587379924e-07,-9.587379924e-07,-6.231796951e-06,0.4373243835,-0.0001059405482,0,0,0,0,0,0
13.34,0,1,5.249090509e-05,3.83495197e-05,-2.396844981e-07,6.974818895e-05,-0.02925085646,-4.410194765e-05,0,0,0,0,0,0,-0.02783887509,0,0,-0.001411981378,-0.01630794932,-0.1354871787,11.55506484,0,-0.01630361456,0.1354871787,-0.001174405582,-0.1884394118,1.029250856,-0.001288773034,21.6779486,0.1884394118,0.001288773034,21.86650238,21.86650238,0.01795701266,0.4373300476,-4.793689962e-07,-9.587379924e-07,-2.396844981e-06,-7.190534943e-06,0.4373300476,-0.0001068992862,-4.793689962e-07,-9.587379924e-07,-2.396844981e-06,-7.190534943e-06,0.4373300476,-0.0001068992862,0,0,0,0,0,0
13.35,0,1,5.249090509e-05,3.906857319e-05,-1.198422491e-06,6.926881995e-05,-0.02925061678,-4.554005464e-05,0,0,0,0,0,0,-0.02783887509,0,0,-0.001411741694,-0.01630517975,-0.1354642011,11.5550621,0,-0.0163008472,0.1354642011,-0.001367776463,-0.1884073646,1.029250617,-0.001287614509,21.67427218,0.1884073646,0.001287614509,21.86259938,21.86259938,0.01794392215,0.4372519876,-4.793689962e-07,-2.396844981e-06,-4.793689962e-07,-6.231796951e-06,0.4372519876,-0.0001040230722,-4.793689962e-07,-2.396844981e-06,-4.793689962e-07,-6.231796951e-06,0.4372519876,-0.0001040230722,0,0,0,0,0,0
13.36,0,1,5.344964308e-05,3.78701507e-05,-9.587379924e-07,6.902913545e-05,-0.0292503771,-4.458131665e-05,0,0,0,0,0,0,-0.02783887509,0,0,-0.001411502009,-0.01630241018,-0.1354412235,11.55505936,0,-0.01629807983,0.1354412235,-0.001464684435,-0.1883753174,1.029250377,-0.001286457029,21.67059576,0.1883753174,0.001286457029,21.85879285,21.85879285,0.01793084174,0.437175857,-2.396844981e-06,-0,-9.587379924e-07,-5.752427955e-06,0.437175857,-0.0001059405482,-2.396844981e-06,-0,-9.587379924e-07,-5.752427955e-06,0.437175857,-0.0001059405482,0,0,0,0,0,0
13.37,0,1,5.273058958e-05,3.73907817e-05,-9.587379924e-07,6.878945096e-05,-0.02924989773,-4.506068564e-05,0,0,0,0,0,0,-0.02783887509,0,0,-0.00141102264,-0.01629687105,-0.1353952682,11.55505389,0,-0.01629254511,0.1353952682,-0.002059837062,-0.1883112232,1.029249898,-0.001285082071,21.66324291,0.1883112232,0.001285082071,21.85077938,21.85077938,0.01791777359,0.4370155876,-9.587379924e-07,9.587379924e-07,-9.587379924e-07,-5.273058958e-06,0.4370155876,-0.0001049818102,-9.587379924e-07,9.587379924e-07,-9.587379924e-07,-5.273058958e-06,0.4370155876,-0.0001049818102,0,0,0,0,0,0
13.38,0,1,5.416869657e-05,3.73907817e-05,-9.587379924e-07,6.974818895e-05,-0.02924989773,-4.554005464e-05,0,0,0,0,0,0,-0.02783887509,0,0,-0.00141102264,-0.01629687105,-0.1353952682,11.55505389,0,-0.01629254511,0.1353952682,-0.001708452786,-0.1883112232,1.029249898,-0.001284145626,21.66324291,0.1883112232,0.001284145626,21.85112983,21.85112983,0.01790471719,0.4370225965,-3.83495197e-06,9.587379924e-07,-9.587379924e-07,-7.190534943e-06,0.4370225965,-0.0001040230722,-3.83495197e-06,9.587379924e-07,-9.587379924e-07,-7.190534943e-06,0.4370225965,-0.0001040230722,0,0,0,0,0,0
13.39,0,1,5.368932758e-05,3.715109721e-05,-9.587379924e-07,6.831008196e-05,-0.0292503771,-4.482100115e-05,0,0,0,0,0,0,-0.02783887509,0,0,-0.001411502009,-0.01630241018,-0.1354412235,11.55505936,0,-0.01629807983,0.1354412235,-0.0005351050908,-0.1883753174,1.029250377,-0.001283646902,21.67059576,0.1883753174,0.001283646902,21.85971962,21.85971962,0.01789167482,0.4371943923,-2.876213977e-06,1.438106989e-06,-9.587379924e-07,-4.314320966e-06,0.4371943923,-0.0001054611792,-2.876213977e-06,1.438106989e-06,-9.587379924e-07,-4.314320966e-06,0.4371943923,-0.0001054611792,0,0,0,0,0,0
13.4,0,1,5.225122059e-05,3.715109721e-05,-7.190534943e-07,6.878945096e-05,-0.02924989773,-4.482100115e-05,0,0,0,0,0,0,-0.02783887509,0,0,-0.00141102264,-0.01629687105,-0.1353952682,11.55505389,0,-0.01629254511,0.1353952682,-0.0013088838,-0.1883112232,1.029249898,-0.001282275721,21.66324291,0.1883112232,0.001282275721,21.85152753,21.85152753,0.01787864598,0.4370305505,-0,1.438106989e-06,-1.438106989e-06,-5.273058958e-06,0.4370305505,-0.0001054611792,-0,1.438106989e-06,-1.438106989e-06,-5.273058958e-06,0.4370305505,-0.0001054611792,0,0,0,0,0,0
13.41,0,1,5.273058958e-05,3.78701507e-05,-9.587379924e-07,6.902913545e-05,-0.02924965804,-4.506068564e-05,0,0,0,0,0,0,-0.02783887509,0,0,-0.001410782956,-0.01629410148,-0.1353722905,11.55505116,0,-0.01628977775,0.1353722905,-0.001544022312,-0.1882791762,1.029249658,-0.001281124018,21.65956648,0.1882791762,0.001281124018,21.84758276,21.84758276,0.01786562835,0.4369516552,-9.587379924e-07,-0,-9.587379924e-07,-5.752427955e-06,0.4369516552,-0.0001049818102,-9.587379924e-07,-0,-9.587379924e-07,-5.752427955e-06,0.4369516552,-0.0001049818102,0,0,0,0,0,0
13.42,0,1,5.273058958e-05,3.73907817e-05,-9.587379924e-07,6.831008196e-05,-0.0292503771,-4.554005464e-05,0,0,0,0,0,0,-0.02783887509,0,0,-0.001411502009,-0.01630241018,-0.1354412235,11.55505936,0,-0.01629807983,0.1354412235,-2.588847319e-05,-0.1883753174,1.029250377,-0.001280845194,21.67059576,0.1883753174,0.001280845194,21.86022603,21.86022603,0.01785262522,0.4372045206,-9.587379924e-07,9.587379924e-07,-9.587379924e-07,-4.314320966e-06,0.4372045206,-0.0001040230722,-9.587379924e-07,9.587379924e-07,-9.587379924e-07,-4.314320966e-06,0.4372045206,-0.0001040230722,0,0,0,0,0,0
13.43,0,1,5.273058958e-05,3.81098352e-05,-9.587379924e-07,6.926881995e-05,-0.02924989773,-4.530037014e-05,0,0,0,0,0,0,-0.02783887509,0,0,-0.00141102264,-0.01629687105,-0.1353952682,11.55505389,0,-0.01629254511,0.1353952682,-0.0007341618169,-0.1883112232,1.029249898,-0.001279477552,21.66324291,0.1883112232,0.001279477552,21.85209945,21.85209945,0.01783963245,0.437041989,-9.587379924e-07,-4.793689962e-07,-9.587379924e-07,-6.231796951e-06,0.437041989,-0.0001045024412,-9.587379924e-07,-4.793689962e-07,-9.587379924e-07,-6.231796951e-06,0.437041989,-0.0001045024412,0,0,0,0,0,0
13.44,0,1,5.368932758e-05,3.715109721e-05,-1.198422491e-06,6.926881995e-05,-0.02925013741,-4.482100115e-05,0,0,0,0,0,0,-0.02783887509,0,0,-0.001411262325,-0.01629964062,-0.1354182458,11.55505663,0,-0.01629531247,0.1354182458,-0.0001590493595,-0.1883432703,1.029250137,-0.001278764272,21.66691934,0.1883432703,0.001278764272,21.85638232,21.85638232,0.01782665414,0.4371276464,-2.876213977e-06,1.438106989e-06,-4.793689962e-07,-6.231796951e-06,0.4371276464,-0.0001054611792,-2.876213977e-06,1.438106989e-06,-4.793689962e-07,-6.231796951e-06,0.4371276464,-0.0001054611792,0,0,0,0,0,0
13.45,0,1,5.320995858e-05,3.930825769e-05,-1.677791487e-06,6.950850445e-05,-0.02924989773,-4.434163215e-05,0,0,0,0,0,0,-0.02783887509,0,0,-0.00141102264,-0.01629687105,-0.1353952682,11.55505389,0,-0.01629254511,0.1353952682,-0.0004517617077,-0.1883112232,1.029249898,-0.001277616678,21.66324291,0.1883112232,0.001277616678,21.85237999,21.85237999,0.01781368716,0.4370475998,-1.917475985e-06,-2.876213977e-06,4.793689962e-07,-6.711165947e-06,0.4370475998,-0.0001064199172,-1.917475985e-06,-2.876213977e-06,4.793689962e-07,-6.711165947e-06,0.4370475998,-0.0001064199172,0,0,0,0,0,0
13.46,0,1,5.249090509e-05,3.83495197e-05,-9.587379924e-07,6.926881995e-05,-0.0292503771,-4.434163215e-05,0,0,0,0,0,0,-0.02783887509,0,0,-0.001411502009,-0.01630241018,-0.1354412235,11.55505936,0,-0.01629807983,0.1354412235,0.0005598951039,-0.1883753174,1.029250377,-0.001277122165,21.67059576,0.1883753174,0.001277122165,21.86080809,21.86080809,0.01780073447,0.4372161619,-4.793689962e-07,-9.587379924e-07,-9.587379924e-07,-6.231796951e-06,0.4372161619,-0.0001064199172,-4.793689962e-07,-9.587379924e-07,-9.587379924e-07,-6.231796951e-06,0.4372161619,-0.0001064199172,0,0,0,0,0,0
13.47,0,1,5.249090509e-05,3.76304662e-05,-9.587379924e-07,6.926881995e-05,-0.02924917867,-4.482100115e-05,0,0,0,0,0,0,-0.02783887509,0,0,-0.001410303587,-0.01628856235,-0.1353263352,11.55504569,0,-0.01628424302,0.1353263352,-0.001491062863,-0.1882150821,1.029249179,-0.001275108008,21.65221363,0.1882150821,0.001275108008,21.84021275,21.84021275,0.01778779026,0.4368042551,-4.793689962e-07,4.793689962e-07,-9.587379924e-07,-6.231796951e-06,0.4368042551,-0.0001054611792,-4.793689962e-07,4.793689962e-07,-9.587379924e-07,-6.231796951e-06,0.4368042551,-0.0001054611792,0,0,0,0,0,0
13.48,0,1,5.177185159e-05,3.715109721e-05,-9.587379924e-07,6.878945096e-05,-0.02924845962,-4.434163215e-05,0,0,0,0,0,0,-0.02783887509,0,0,-0.001409584533,-0.01628025366,-0.135257402,11.55503749,0,-0.01627594093,0.135257402,-0.002461937114,-0.1881189413,1.02924846,-0.001273529948,21.64118432,0.1881189413,0.001273529948,21.82811486,21.82811486,0.0177748552,0.4365622972,9.587379924e-07,1.438106989e-06,-9.587379924e-07,-5.273058958e-06,0.4365622972,-0.0001064199172,9.587379924e-07,1.438106989e-06,-9.587379924e-07,-5.273058958e-06,0.4365622972,-0.0001064199172,0,0,0,0,0,0
13.49,0,1,5.320995858e-05,3.73907817e-05,-1.917475985e-06,6.878945096e-05,-0.0292486993,-4.410194765e-05,0,0,0,0,0,0,-0.02783887509,0,0,-0.001409824218,-0.01628302322,-0.1352803798,11.55504022,0,-0.01627870829,0.1352803798,-0.001608174965,-0.1881509882,1.029248699,-0.001272820818,21.64486076,0.1881509882,0.001272820818,21.83267639,21.83267639,0.01776193258,0.4366535279,-1.917475985e-06,9.587379924e-07,9.587379924e-07,-5.273058958e-06,0.4366535279,-0.0001068992862,-1.917475985e-06,9.587379924e-07,9.587379924e-07,-5.273058958e-06,0.4366535279,-0.0001068992862,0,0,0,0,0,0
13.5,0,1,5.249090509e-05,3.76304662e-05,-7.190534943e-07,6.807039746e-05,-0.02924845962,-4.530037014e-05,0,0,0,0,0,0,-0.02783887509,0,0,-0.001409584533,-0.01628025366,-0.135257402,11.55503749,0,-0.01627594093,0.135257402,-0.00180644205,-0.1881189413,1.02924846,-0.001271679126,21.64118432,0.1881189413,0.001271679126,21.8287685,21.8287685,0.0177490237,0.4365753701,-4.793689962e-07,4.793689962e-07,-1.438106989e-06,-3.83495197e-06,0.4365753701,-0.0001045024412,-4.793689962e-07,4.793689962e-07,-1.438106989e-06,-3.83495197e-06,0.4365753701,-0.0001045024412,0,0,0,0,0,0
13.51,0,1,5.297027408e-05,3.81098352e-05,-4.793689962e-07,6.950850445e-05,-0.02924917867,-4.482100115e-05,0,0,0,0,0,0,-0.02783887509,0,0,-0.001410303587,-0.01628856235,-0.1353263352,11.55504569,0,-0.01628424302,0.1353263352,-0.0001844567721,-0.1882150821,1.029249179,-0.001271404506,21.65221363,0.1882150821,0.001271404506,21.84151566,21.84151566,0.01773612772,0.4368303131,-1.438106989e-06,-4.793689962e-07,-1.917475985e-06,-6.711165947e-06,0.4368303131,-0.0001054611792,-1.438106989e-06,-4.793689962e-07,-1.917475985e-06,-6.711165947e-06,0.4368303131,-0.0001054611792,0,0,0,0,0,0
13.52,0,1,5.297027408e-05,3.78701507e-05,-1.438106989e-06,6.878945096e-05,-0.0292486993,-4.458131665e-05,0,0,0,0,0,0,-0.02783887509,0,0,-0.001409824218,-0.01628302322,-0.1352803798,11.55504022,0,-0.01627870829,0.1352803798,-0.0009460790752,-0.1881509882,1.029248699,-0.001270048362,21.64486076,0.1881509882,0.001270048362,21.83333572,21.83333572,0.01772324463,0.4366667144,-1.438106989e-06,-0,-0,-5.273058958e-06,0.4366667144,-0.0001059405482,-1.438106989e-06,-0,-0,-5.273058958e-06,0.4366667144,-0.0001059405482,0,0,0,0,0,0
13.53,0,1,5.273058958e-05,3.81098352e-05,-1.438106989e-06,6.831008196e-05,-0.0292486993,-4.434163215e-05,0,0,0,0,0,0,-0.02783887509,0,0,-0.001409824218,-0.01628302322,-0.1352803798,11.55504022,0,-0.01627870829,0.1352803798,-0.0007724055719,-0.1881509882,1.029248699,-0.001269126022,21.64486076,0.1881509882,0.001269126022,21.83350847,21.83350847,0.01771037393,0.4366701694,-9.587379924e-07,-4.793689962e-07,-0,-4.314320966e-06,0.4366701694,-0.0001064199172,-9.587379924e-07,-4.793689962e-07,-0,-4.314320966e-06,0.4366701694,-0.0001064199172,0,0,0,0,0,0
13.54,0,1,5.297027408e-05,3.78701507e-05,-1.438106989e-06,6.926881995e-05,-0.02924917867,-4.458131665e-05,0,0,0,0,0,0,-0.02783887509,0,0,-0.001410303587,-0.01628856235,-0.1353263352,11.55504569,0,-0.01628424302,0.1353263352,0.000268770402,-0.1882150821,1.029249179,-0.001268636624,21.65221363,0.1882150821,0.001268636624,21.84196611,21.84196611,0.01769751675,0.4368393223,-1.438106989e-06,-0,-0,-6.231796951e-06,0.4368393223,-0.0001059405482,-1.438106989e-06,-0,-0,-6.231796951e-06,0.4368393223,-0.0001059405482,0,0,0,0,0,0
13.55,0,1,5.320995858e-05,3.76304662e-05,-9.587379924e-07,6.926881995e-05,-0.02924821994,-4.458131665e-05,0,0,0,0,0,0,-0.02783887509,0,0,-0.001409344849,-0.01627748409,-0.1352344243,11.55503475,0,-0.01627317357,0.1352344243,-0.001500756081,-0.1880868944,1.02924822,-0.001266852517,21.63750789,0.1880868944,0.001266852517,21.82536088,21.82536088,0.01768467209,0.4365072176,-1.917475985e-06,4.793689962e-07,-9.587379924e-07,-6.231796951e-06,0.4365072176,-0.0001059405482,-1.917475985e-06,4.793689962e-07,-9.587379924e-07,-6.231796951e-06,0.4365072176,-0.0001059405482,0,0,0,0,0,0
13.56,0,1,5.225122059e-05,3.85892042e-05,-1.198422491e-06,6.735134397e-05,-0.02924845962,-4.434163215e-05,0,0,0,-0.001047197551,0,0,-0.02783887509,0,0,-0.001409584533,-0.01628025366,-0.135257402,11.55503749,0,-0.01627594093,0.135257402,-0.0009106290195,-0.1881189413,1.02924846,-0.001266148902,21.64118432,0.1881189413,0.001266148902,21.82965879,21.82965879,0.01767183961,0.4365931757,-0,-1.438106989e-06,-4.793689962e-07,0.0001023229101,0.4365931757,-0.0001064199172,-0,-1.438106989e-06,-4.793689962e-07,0.0001023229101,0.4365931757,-0.0001064199172,0,0,0,0,0,0
13.57,0,1,5.273058958e-05,3.83495197e-05,-9.587379924e-07,6.950850445e-05,-0.02924821994,-4.434163215e-05,0,0,0,0,0,0,-0.02783887509,0,0,-0.001409344849,-0.01627748409,-0.1352344243,11.55503475,0,-0.01627317357,0.1352344243,-0.001203871287,-0.1880868944,1.02924822,-0.001265014754,21.63750789,0.1880868944,0.001265014754,21.82565593,21.82565593,0.01765901847,0.4365131185,-9.587379924e-07,-9.587379924e-07,-9.587379924e-07,-6.711165947e-06,0.4365131185,-0.0001064199172,-9.587379924e-07,-9.587379924e-07,-9.587379924e-07,-6.711165947e-06,0.4365131185,-0.0001064199172,0,0,0,0,0,0
13.58,0,1,5.320995858e-05,3.83495197e-05,-1.198422491e-06,6.878945096e-05,-0.02924893899,-4.506068564e-05,-0.001047197551,0,0,0,0,0,-0.02783887509,0,0,-0.001410063902,-0.01628579278,-0.1353033575,11.55504295,0,-0.01628147566,0.1353033575,0.0003286310454,-0.1881830352,1.029248939,-0.001264743301,21.64853719,0.1881830352,0.001264743301,21.8383136,21.8383136,0.01764621048,0.4367662721,0.0001028022791,-9.587379924e-07,-4.793689962e-07,-5.273058958e-06,0.4367662721,-0.0001049818102,0.0001028022791,-9.587379924e-07,-4.793689962e-07,-5.273058958e-06,0.4367662721,-0.0001049818102,0,0,0,0,0,0
13.59,0,1,5.320995858e-05,3.78701507e-05,-7.190534943e-07,6.854976646e-05,-0.02924774057,-4.482100115e-05,0,0,0,0,0,0,-0.02783887509,0,0,-0.00140886548,-0.01627194497,-0.1351884688,11.55502929,0,-0.01626763884,0.1351884688,-0.001822827278,-0.1880228007,1.029247741,-0.001262750078,21.63015501,0.1880228007,0.001262750078,21.81761773,21.81761773,0.01763341365,0.4363523546,-1.917475985e-06,-0,-1.438106989e-06,-4.793689962e-06,0.4363523546,-0.0001054611792,-1.917475985e-06,-0,-1.438106989e-06,-4.793689962e-06,0.4363523546,-0.0001054611792,0,0,0,0,0,0
13.6,0,1,5.320995858e-05,3.76304662e-05,-1.198422491e-06,6.902913545e-05,-0.02924845962,-4.458131665e-05,0,0,0,0,0,0,-0.02783887509,0,0,-0.001409584533,-0.01628025366,-0.135257402,11.55503749,0,-0.01627594093,0.135257402,-0.0002126780203,-0.1881189413,1.02924846,-0.001262479645,21.64118432,0.1881189413,0.001262479645,21.83035307,21.83035307,0.01762062861,0.4366070614,-1.917475985e-06,4.793689962e-07,-4.793689962e-07,-5.752427955e-06,0.4366070614,-0.0001059405482,-1.917475985e-06,4.793689962e-07,-4.793689962e-07,-5.752427955e-06,0.4366070614,-0.0001059405482,0,0,0,0,0,0
13.61,0,1,5.273058958e-05,3.78701507e-05,-4.793689962e-07,6.783071296e-05,-0.02924821994,-4.410194765e-05,0,0,0,0,0,0,-0.02783887509,0,0,-0.001409344849,-0.01627748409,-0.1352344243,11.55503475,0,-0.01627317357,0.1352344243,-0.0005987838339,-0.1880868944,1.02924822,-0.001261349741,21.63750789,0.1880868944,0.001261349741,21.82625735,21.82625735,0.01760785801,0.436525147,-9.587379924e-07,-0,-1.917475985e-06,-3.355582973e-06,0.436525147,-0.0001068992862,-9.587379924e-07,-0,-1.917475985e-06,-3.355582973e-06,0.436525147,-0.0001068992862,0,0,0,0,0,0
13.62,0,1,5.320995858e-05,3.78701507e-05,-9.587379924e-07,6.902913545e-05,-0.02924750088,-4.482100115e-05,0,0,0,0,0,0,-0.02783887509,0,0,-0.001408625795,-0.01626917541,-0.135165491,11.55502656,0,-0.01626487148,0.135165491,-0.001783595742,-0.1879907539,1.029247501,-0.001259791379,21.62647857,0.1879907539,0.001259791379,21.81394552,21.81394552,0.0175950972,0.4362789103,-1.917475985e-06,-0,-9.587379924e-07,-5.752427955e-06,0.4362789103,-0.0001054611792,-1.917475985e-06,-0,-9.587379924e-07,-5.752427955e-06,0.4362789103,-0.0001054611792,0,0,0,0,0,0
13.63,0,1,5.416869657e-05,3.73907817e-05,-7.190534943e-07,6.878945096e-05,-0.02924798025,-4.434163215e-05,0,0,0,0,0,0,-0.02783887509,0,0,-0.001409105164,-0.01627471453,-0.1352114466,11.55503202,0,-0.0162704062,0.1352114466,-0.0006798959008,-0.1880548476,1.02924798,-0.001259307791,21.63383145,0.1880548476,0.001259307791,21.82246571,21.82246571,0.01758234947,0.4364493142,-3.83495197e-06,9.587379924e-07,-1.438106989e-06,-5.273058958e-06,0.4364493142,-0.0001064199172,-3.83495197e-06,9.587379924e-07,-1.438106989e-06,-5.273058958e-06,0.4364493142,-0.0001064199172,0,0,0,0,0,0
13.64,0,1,5.320995858e-05,3.78701507e-05,-9.587379924e-07,6.831008196e-05,-0.02924798025,-4.434163215e-05,0,0,0,0,0,0,-0.02783887509,0,0,-0.001409105164,-0.01627471453,-0.1352114466,11.55503202,0,-0.0162704062,0.1352114466,-0.0005894591886,-0.1880548476,1.02924798,-0.001258395702,21.63383145,0.1880548476,0.001258395702,21.82255523,21.82255523,0.01756961532,0.4364511047,-1.917475985e-06,-0,-9.587379924e-07,-4.314320966e-06,0.4364511047,-0.0001064199172,-1.917475985e-06,-0,-9.587379924e-07,-4.314320966e-06,0.4364511047,-0.0001064199172,0,0,0,0,0,0
13.65,0,1,5.273058958e-05,3.83495197e-05,-1.198422491e-06,6.974818895e-05,-0.02924798025,-4.410194765e-05,0,0,0,0,0,0,-0.02783887509,0,0,-0.001409105164,-0.01627471453,-0.1352114466,11.55503202,0,-0.0162704062,0.1352114466,-0.0004395754264,-0.1880548476,1.02924798,-0.001257484419,21.63383145,0.1880548476,0.001257484419,21.82270421,21.82270421,0.01755689241,0.4364540841,-9.587379924e-07,-9.587379924e-07,-4.793689962e-07,-7.190534943e-06,0.4364540841,-0.0001068992862,-9.587379924e-07,-9.587379924e-07,-4.793689962e-07,-7.190534943e-06,0.4364540841,-0.0001068992862,0,0,0,0,0,0
13.66,0,1,5.297027408e-05,3.83495197e-05,-7.190534943e-07,7.022755795e-05,-0.02924774057,-4.410194765e-05,0,0,0,0,0,0,-0.02783887509,0,0,-0.00140886548,-0.01627194497,-0.1351884688,11.55502929,0,-0.01626763884,0.1351884688,-0.0007158589624,-0.1880228007,1.029247741,-0.001256359837,21.63015501,0.1880228007,0.001256359837,21.81871831,21.81871831,0.01754418089,0.4363743662,-1.438106989e-06,-9.587379924e-07,-1.438106989e-06,-8.149272936e-06,0.4363743662,-0.0001068992862,-1.438106989e-06,-9.587379924e-07,-1.438106989e-06,-8.149272936e-06,0.4363743662,-0.0001068992862,0,0,0,0,0,0
13.67,0,1,5.273058958e-05,3.81098352e-05,-9.587379924e-07,6.902913545e-05,-0.02924774057,-4.458131665e-05,0,0,0,0,0,0,-0.02783887509,0,0,-0.00140886548,-0.01627194497,-0.1351884688,11.55502929,0,-0.01626763884,0.1351884688,-0.0005317680413,-0.1880228007,1.029247741,-0.0012554504,21.63015501,0.1880228007,0.0012554504,21.81890149,21.81890149,0.01753148159,0.4363780298,-9.587379924e-07,-4.793689962e-07,-9.587379924e-07,-5.752427955e-06,0.4363780298,-0.0001059405482,-9.587379924e-07,-4.793689962e-07,-9.587379924e-07,-5.752427955e-06,0.4363780298,-0.0001059405482,0,0,0,0,0,0
13.68,0,1,5.201153609e-05,3.691141271e-05,-1.198422491e-06,6.926881995e-05,-0.02924750088,-4.458131665e-05,0,0,0,0,0,0,-0.02783887509,0,0,-0.001408625795,-0.01626917541,-0.135165491,11.55502656,0,-0.01626487148,0.135165491,-0.0007854605014,-0.1879907539,1.029247501,-0.001254327973,21.62647857,0.1879907539,0.001254327973,21.81493819,21.81493819,0.01751879367,0.4362987638,4.793689962e-07,1.917475985e-06,-4.793689962e-07,-6.231796951e-06,0.4362987638,-0.0001059405482,4.793689962e-07,1.917475985e-06,-4.793689962e-07,-6.231796951e-06,0.4362987638,-0.0001059405482,0,0,0,0,0,0
13.69,0,1,5.320995858e-05,3.78701507e-05,-4.793689962e-07,6.902913545e-05,-0.02924678183,-4.458131665e-05,0,0,-0.001047197551,0,0,0,-0.02783887509,0,0,-0.001407906742,-0.01626086673,-0.1350965577,11.55501837,0,-0.01625656939,0.1350965577,-0.00195230948,-0.1878946138,1.029246782,-0.001252779381,21.61544923,0.1878946138,0.001252779381,21.80264431,21.80264431,0.01750611728,0.4360528863,-1.917475985e-06,-0,0.0001028022791,-5.752427955e-06,0.4360528863,-0.0001059405482,-1.917475985e-06,-0,0.0001028022791,-5.752427955e-06,0.4360528863,-0.0001059405482,0,0,0,0,0,0
13.7,0,1,5.392901207e-05,3.78701507e-05,-1.198422491e-06,7.046724244e-05,-0.02924702151,-4.362257866e-05,0,0,0,0,0,0,-0.02783887509,0,0,-0.001408146426,-0.01626363629,-0.1351195355,11.5550211,0,-0.01625933675,0.1351195355,-0.001310218192,-0.1879266605,1.029247022,-0.00125208664,21.61912568,0.1879266605,0.00125208664,21.80699421,21.80699421,0.01749345405,0.4361398841,-3.355582973e-06,-0,-4.793689962e-07,-8.628641932e-06,0.4361398841,-0.0001078580241,-3.355582973e-06,-0,-4.793689962e-07,-8.628641932e-06,0.4361398841,-0.0001078580241,0,0,0,0,0,0
13.71,0,1,5.320995858e-05,3.78701507e-05,-4.793689962e-07,7.094661144e-05,-0.02924750088,-4.458131665e-05,0,0,0,0,0,0,-0.02783887509,0,0,-0.001408625795,-0.01626917541,-0.135165491,11.55502656,0,-0.01626487148,0.135165491,-0.0002631255117,-0.1879907539,1.029247501,-0.001251607885,21.62647857,0.1879907539,0.001251607885,21.8154578,21.8154578,0.01748080413,0.4363091561,-1.917475985e-06,-0,-1.917475985e-06,-9.587379924e-06,0.4363091561,-0.0001059405482,-1.917475985e-06,-0,-1.917475985e-06,-9.587379924e-06,0.4363091561,-0.0001059405482,0,0,0,0,0,0
13.72,0,1,5.273058958e-05,3.81098352e-05,-1.438106989e-06,7.070692694e-05,-0.02924702151,-4.458131665e-05,0,0,0,0,0,0,-0.02783887509,0,0,-0.001408146426,-0.01626363629,-0.1351195355,11.5550211,0,-0.01625933675,0.1351195355,-0.0009383904629,-0.1879266605,1.029247022,-0.001250275959,21.61912568,0.1879266605,0.001250275959,21.80736422,21.80736422,0.01746815692,0.4361472845,-9.587379924e-07,-4.793689962e-07,-0,-9.108010928e-06,0.4361472845,-0.0001059405482,-9.587379924e-07,-4.793689962e-07,-0,-9.108010928e-06,0.4361472845,-0.0001059405482,0,0,0,0,0,0
13.73,0,1,5.297027408e-05,3.81098352e-05,-9.587379924e-07,7.070692694e-05,-0.02924654214,-4.386226315e-05,0,0,0,0,0,0,-0.02783887509,0,0,-0.001407667057,-0.01625809717,-0.1350735799,11.55501564,0,-0.01625380202,0.1350735799,-0.001602148122,-0.1878625671,1.029246542,-0.001248945937,21.61177278,0.1878625671,0.001248945937,21.79928215,21.79928215,0.01745552768,0.4359856429,-1.438106989e-06,-4.793689962e-07,-9.587379924e-07,-9.108010928e-06,0.4359856429,-0.0001073786552,-1.438106989e-06,-4.793689962e-07,-9.587379924e-07,-9.108010928e-06,0.4359856429,-0.0001073786552,0,0,0,0,0,0
13.74,0,1,5.249090509e-05,3.81098352e-05,-9.587379924e-07,7.046724244e-05,-0.02924678183,-4.410194765e-05,0,0,0,0,0,0,-0.02783887509,0,0,-0.001407906742,-0.01626086673,-0.1350965577,11.55501837,0,-0.01625656939,0.1350965577,-0.0008902003996,-0.1878946138,1.029246782,-0.001248256046,21.61544923,0.1878946138,0.001248256046,21.8037019,21.8037019,0.01744291074,0.436074038,-4.793689962e-07,-4.793689962e-07,-9.587379924e-07,-8.628641932e-06,0.436074038,-0.0001068992862,-4.793689962e-07,-4.793689962e-07,-9.587379924e-07,-8.628641932e-06,0.436074038,-0.0001068992862,0,0,0,0,0,0
13.75,0,1,5.368932758e-05,3.83495197e-05,-1.438106989e-06,7.070692694e-05,-0.02924630246,-4.506068564e-05,0,0,0,0,0,0,-0.02783887509,0,0,-0.001407427373,-0.01625532761,-0.1350506021,11.55501291,0,-0.01625103466,0.1350506021,-0.001518032572,-0.1878305204,1.029246302,-0.001246928423,21.60809633,0.1878305204,0.001246928423,21.79565575,21.79565575,0.01743030427,0.4359131149,-2.876213977e-06,-9.587379924e-07,-0,-9.108010928e-06,0.4359131149,-0.0001049818102,-2.876213977e-06,-9.587379924e-07,-0,-9.108010928e-06,0.4359131149,-0.0001049818102,0,0,0,0,0,0
13.76,0,1,5.297027408e-05,3.76304662e-05,-9.587379924e-07,7.094661144e-05,-0.02924654214,-4.506068564e-05,0,0,0,0,0,0,-0.02783887509,0,0,-0.001407667057,-0.01625809717,-0.1350735799,11.55501564,0,-0.01625380202,0.1350735799,-0.0008709100621,-0.1878625671,1.029246542,-0.001246240135,21.61177278,0.1878625671,0.001246240135,21.80001068,21.80001068,0.01741771188,0.4360002136,-1.438106989e-06,4.793689962e-07,-9.587379924e-07,-9.587379924e-06,0.4360002136,-0.0001049818102,-1.438106989e-06,4.793689962e-07,-9.587379924e-07,-9.587379924e-06,0.4360002136,-0.0001049818102,0,0,0,0,0,0
13.77,0,1,5.392901207e-05,3.76304662e-05,-9.587379924e-07,7.070692694e-05,-0.02924654214,-4.506068564e-05,0,0.001047197551,0,0,0,0,-0.02783887509,0,0,-0.001407667057,-0.01625809717,-0.1350735799,11.55501564,0,-0.01625380202,0.1350735799,-0.000666933556,-0.1878625671,1.029246542,-0.001245339941,21.61177278,0.1878625671,0.001245339941,21.80021375,21.80021375,0.01740513093,0.4360042751,-3.355582973e-06,-0.0001042403861,-9.587379924e-07,-9.108010928e-06,0.4360042751,-0.0001049818102,-3.355582973e-06,-0.0001042403861,-9.587379924e-07,-9.108010928e-06,0.4360042751,-0.0001049818102,0,0,0,0,0,0
13.78,0,1,5.320995858e-05,3.83495197e-05,-9.587379924e-07,7.070692694e-05,-0.02924654214,-4.434163215e-05,0,0,0,0,0,0,-0.02783887509,0,0,-0.001407667057,-0.01625809717,-0.1350735799,11.55501564,0,-0.01625380202,0.1350735799,-0.0005120757583,-0.1878625671,1.029246542,-0.001244440658,21.61177278,0.1878625671,0.001244440658,21.80036771,21.80036771,0.01739256271,0.4360073542,-1.917475985e-06,-9.587379924e-07,-9.587379924e-07,-9.108010928e-06,0.4360073542,-0.0001064199172,-1.917475985e-06,-9.587379924e-07,-9.587379924e-07,-9.108010928e-06,0.4360073542,-0.0001064199172,0,0,0,0,0,0
13.79,0,1,5.368932758e-05,3.81098352e-05,-9.587379924e-07,7.094661144e-05,-0.02924630246,-4.386226315e-05,0,0,0,0,0,0,-0.02783887509,0,0,-0.001407427373,-0.01625532761,-0.1350506021,11.55501291,0,-0.01625103466,0.1350506021,-0.000879995469,-0.1878305204,1.029246302,-0.001243330199,21.60809633,0.1878305204,0.001243330199,21.79629018,21.79629018,0.01738000756,0.4359258037,-2.876213977e-06,-4.793689962e-07,-9.587379924e-07,-9.587379924e-06,0.4359258037,-0.0001073786552,-2.876213977e-06,-4.793689962e-07,-9.587379924e-07,-9.587379924e-06,0.4359258037,-0.0001073786552,0,0,0,0,0,0
13.8,0,1,5.392901207e-05,3.73907817e-05,-1.677791487e-06,7.070692694e-05,-0.02924654214,-4.386226315e-05,0,0,0,0,0,0,-0.02783887509,0,0,-0.001407667057,-0.01625809717,-0.1350735799,11.55501564,0,-0.01625380202,0.1350735799,-0.0002810898838,-0.1878625671,1.029246542,-0.0012426448,21.61177278,0.1878625671,0.0012426448,21.8005969,21.8005969,0.01736746412,0.436011938,-3.355582973e-06,9.587379924e-07,4.793689962e-07,-9.108010928e-06,0.436011938,-0.0001073786552,-3.355582973e-06,9.587379924e-07,4.793689962e-07,-9.108010928e-06,0.436011938,-0.0001073786552,0,0,0,0,0,0
13.81,0,1,5.368932758e-05,3.78701507e-05,-7.190534943e-07,7.118629594e-05,-0.02924558341,-4.410194765e-05,0,0,0,0,0,0,-0.02783887509,0,0,-0.001406708319,-0.01624701894,-0.1349816685,11.55500473,0,-0.01624273257,0.1349816685,-0.001949794987,-0.1877343807,1.029245583,-0.00124090083,21.59706697,0.1877343807,0.00124090083,21.78409245,21.78409245,0.01735493126,0.4356818491,-2.876213977e-06,-0,-1.438106989e-06,-1.006674892e-05,0.4356818491,-0.0001068992862,-2.876213977e-06,-0,-1.438106989e-06,-1.006674892e-05,0.4356818491,-0.0001068992862,0,0,0,0,0,0
13.82,0,1,5.320995858e-05,3.715109721e-05,-9.587379924e-07,7.070692694e-05,-0.02924582309,-4.482100115e-05,0,0,0,0,0,0,-0.02783887509,0,0,-0.001406948004,-0.0162497885,-0.1350046464,11.55500746,0,-0.01624549993,0.1350046464,-0.001298513,-0.1877664273,1.029245823,-0.001240217212,21.60074342,0.1877664273,0.001240217212,21.78845155,21.78845155,0.01734241059,0.4357690311,-1.917475985e-06,1.438106989e-06,-9.587379924e-07,-9.108010928e-06,0.4357690311,-0.0001054611792,-1.917475985e-06,1.438106989e-06,-9.587379924e-07,-9.108010928e-06,0.4357690311,-0.0001054611792,0,0,0,0,0,0
13.83,0,1,5.225122059e-05,3.73907817e-05,-7.190534943e-07,7.166566493e-05,-0.02924582309,-4.482100115e-05,0,0,0,0,0,0,-0.02783887509,0,0,-0.001406948004,-0.0162497885,-0.1350046464,11.55500746,0,-0.01624549993,0.1350046464,-0.001149076236,-0.1877664273,1.029245823,-0.001239322684,21.60074342,0.1877664273,0.001239322684,21.7886001,21.7886001,0.01732990244,0.4357720019,-0,9.587379924e-07,-1.438106989e-06,-1.102548691e-05,0.4357720019,-0.0001054611792,-0,9.587379924e-07,-1.438106989e-06,-1.102548691e-05,0.4357720019,-0.0001054611792,0,0,0,0,0,0
13.84,0,1,5.344964308e-05,3.81098352e-05,-9.587379924e-07,7.070692694e-05,-0.02924534372,-4.410194765e-05,0,0,0,0,0,0,-0.02783887509,0,0,-0.001406468635,-0.01624424939,-0.1349586907,11.555002,0,-0.0162399652,0.1349586907,-0.001891352144,-0.1877023342,1.029245344,-0.001238006265,21.59339051,0.1877023342,0.001238006265,21.7804395,21.7804395,0.01731740547,0.4356087899,-2.396844981e-06,-4.793689962e-07,-9.587379924e-07,-9.108010928e-06,0.4356087899,-0.0001068992862,-2.396844981e-06,-4.793689962e-07,-9.587379924e-07,-9.108010928e-06,0.4356087899,-0.0001068992862,0,0,0,0,0,0
13.85,0,1,5.320995858e-05,3.85892042e-05,-1.198422491e-06,7.070692694e-05,-0.02924606277,-4.530037014e-05,0,0,0,0,0,0,-0.02783887509,0,0,-0.001407187688,-0.01625255805,-0.1350276242,11.55501018,0,-0.01624826729,0.1350276242,-0.0003130583373,-0.1877984738,1.029246063,-0.001237747293,21.60441988,0.1877984738,0.001237747293,21.79314304,21.79314304,0.01730492067,0.4358628608,-1.917475985e-06,-1.438106989e-06,-4.793689962e-07,-9.108010928e-06,0.4358628608,-0.0001045024412,-1.917475985e-06,-1.438106989e-06,-4.793689962e-07,-9.108010928e-06,0.4358628608,-0.0001045024412,0,0,0,0,0,0
13.86,0,1,5.297027408e-05,3.73907817e-05,-9.587379924e-07,7.142598044e-05,-0.02924606277,-4.458131665e-05,0,0,0,0,0,0,-0.02783887509,0,0,-0.001407187688,-0.01625255805,-0.1350276242,11.55501018,0,-0.01624826729,0.1350276242,-0.0001423073272,-0.1877984738,1.029246063,-0.001236855141,21.60441988,0.1877984738,0.001236855141,21.7933129,21.7933129,0.01729244785,0.435866258,-1.438106989e-06,9.587379924e-07,-9.587379924e-07,-1.054611792e-05,0.435866258,-0.0001059405482,-1.438106989e-06,9.587379924e-07,-9.587379924e-07,-1.054611792e-05,0.435866258,-0.0001059405482,0,0,0,0,0,0
13.87,0,1,5.297027408e-05,3.76304662e-05,-1.198422491e-06,7.070692694e-05,-0.02924582309,-4.410194765e-05,0,0,0,0,0,0,-0.02783887509,0,0,-0.001406948004,-0.0162497885,-0.1350046464,11.55500746,0,-0.01624549993,0.1350046464,-0.0004826784809,-0.1877664273,1.029245823,-0.001235753002,21.60074342,0.1877664273,0.001235753002,21.78926292,21.78926292,0.01727998766,0.4357852585,-1.438106989e-06,4.793689962e-07,-4.793689962e-07,-9.108010928e-06,0.4357852585,-0.0001068992862,-1.438106989e-06,4.793689962e-07,-4.793689962e-07,-9.108010928e-06,0.4357852585,-0.0001068992862,0,0,0,0,0,0
13.88,0,1,5.225122059e-05,3.76304662e-05,-1.438106989e-06,7.190534943e-05,-0.02924558341,-4.482100115e-05,0,0,0,0,0,0,-0.02783887509,0,0,-0.001406708319,-0.01624701894,-0.1349816685,11.55500473,0,-0.01624273257,0.1349816685,-0.0007842886009,-0.1877343807,1.029245583,-0.001234651977,21.59706697,0.1877343807,0.001234651977,21.78525171,21.78525171,0.01726753878,0.4357050342,-0,4.793689962e-07,-0,-1.150485591e-05,0.4357050342,-0.0001054611792,-0,4.793689962e-07,-0,-1.150485591e-05,0.4357050342,-0.0001054611792,0,0,0,0,0,0
13.89,0,1,5.225122059e-05,3.73907817e-05,-1.677791487e-06,7.166566493e-05,-0.02924582309,-4.482100115e-05,0,0,0,0,0,0,-0.02783887509,0,0,-0.001406948004,-0.0162497885,-0.1350046464,11.55500746,0,-0.01624549993,0.1350046464,-0.0002292907716,-0.1877664273,1.029245823,-0.001233973386,21.60074342,0.1877664273,0.001233973386,21.78951453,21.78951453,0.01725510332,0.4357902906,-0,9.587379924e-07,4.793689962e-07,-1.102548691e-05,0.4357902906,-0.0001054611792,-0,9.587379924e-07,4.793689962e-07,-1.102548691e-05,0.4357902906,-0.0001054611792,0,0,0,0,0,0
13.9,0,1,5.297027408e-05,3.81098352e-05,-1.438106989e-06,7.118629594e-05,-0.02924582309,-4.434163215e-05,0,0,0,0,0,0,-0.02783887509,0,0,-0.001406948004,-0.0162497885,-0.1350046464,11.55500746,0,-0.01624549993,0.1350046464,-0.0001492993219,-0.1877664273,1.029245823,-0.001233084935,21.60074342,0.1877664273,0.001233084935,21.78959364,21.78959364,0.01724268014,0.4357918727,-1.438106989e-06,-4.793689962e-07,-0,-1.006674892e-05,0.4357918727,-0.0001064199172,-1.438106989e-06,-4.793689962e-07,-0,-1.006674892e-05,0.4357918727,-0.0001064199172,0,0,0,0,0,0
13.91,0,1,5.416869657e-05,3.76304662e-05,-1.438106989e-06,7.046724244e-05,-0.02924558341,-4.482100115e-05,0,0,0,0,0,0,-0.02783887509,0,0,-0.001406708319,-0.01624701894,-0.1349816685,11.55500473,0,-0.01624273257,0.1349816685,-0.0005130032072,-0.1877343807,1.029245583,-0.001231987031,21.59706697,0.1877343807,0.001231987031,21.78552033,21.78552033,0.01723026854,0.4357104066,-3.83495197e-06,4.793689962e-07,-0,-8.628641932e-06,0.4357104066,-0.0001054611792,-3.83495197e-06,4.793689962e-07,-0,-8.628641932e-06,0.4357104066,-0.0001054611792,0,0,0,0,0,0
13.92,0,1,5.488775007e-05,3.81098352e-05,-1.438106989e-06,7.022755795e-05,-0.02924534372,-4.386226315e-05,0,0,0,0,0,0,-0.02783887509,0,0,-0.001406468635,-0.01624424939,-0.1349586907,11.555002,0,-0.0162399652,0.1349586907,-0.0008352148866,-0.1877023342,1.029245344,-0.001230890234,21.59339051,0.1877023342,0.001230890234,21.78148852,21.78148852,0.01721786821,0.4356297704,-5.273058958e-06,-4.793689962e-07,-0,-8.149272936e-06,0.4356297704,-0.0001073786552,-5.273058958e-06,-4.793689962e-07,-0,-8.149272936e-06,0.4356297704,-0.0001073786552,0,0,0,0,0,0
13.93,0,1,5.440838107e-05,3.76304662e-05,-7.190534943e-07,7.094661144e-05,-0.02924534372,-4.458131665e-05,0,0,0,0,0,0,-0.02783887509,0,0,-0.001406468635,-0.01624424939,-0.1349586907,11.555002,0,-0.0162399652,0.1349586907,-0.0007359421335,-0.1877023342,1.029245344,-0.00123000463,21.59339051,0.1877023342,0.00123000463,21.78158691,21.78158691,0.01720548059,0.4356317381,-4.314320966e-06,4.793689962e-07,-1.438106989e-06,-9.587379924e-06,0.4356317381,-0.0001059405482,-4.314320966e-06,4.793689962e-07,-1.438106989e-06,-9.587379924e-06,0.4356317381,-0.0001059405482,0,0,0,0,0,0
13.94,0,1,5.273058958e-05,3.81098352e-05,-9.587379924e-07,7.190534943e-05,-0.02924558341,-4.458131665e-05,0,0,0,0,0,0,-0.02783887509,0,0,-0.001406708319,-0.01624701894,-0.1349816685,11.55500473,0,-0.01624273257,0.1349816685,-0.0001798089871,-0.1877343807,1.029245583,-0.001229329728,21.59706697,0.1877343807,0.001229329728,21.78585087,21.78585087,0.0171931052,0.4357170174,-9.587379924e-07,-4.793689962e-07,-9.587379924e-07,-1.150485591e-05,0.4357170174,-0.0001059405482,-9.587379924e-07,-4.793689962e-07,-9.587379924e-07,-1.150485591e-05,0.4357170174,-0.0001059405482,0,0,0,0,0,0
13.95,0,1,5.297027408e-05,3.81098352e-05,-9.587379924e-07,7.142598044e-05,-0.02924534372,-4.338289416e-05,0,0,0,0,0,0,-0.02783887509,0,0,-0.001406468635,-0.01624424939,-0.1349586907,11.555002,0,-0.0162399652,0.1349586907,-0.0005121953702,-0.1877023342,1.029245344,-0.00122823597,21.59339051,0.1877023342,0.00122823597,21.78180888,21.78180888,0.01718074102,0.4356361777,-1.438106989e-06,-4.793689962e-07,-9.587379924e-07,-1.054611792e-05,0.4356361777,-0.0001083373931,-1.438106989e-06,-4.793689962e-07,-9.587379924e-07,-1.054611792e-05,0.4356361777,-0.0001083373931,0,0,0,0,0,0
13.96,0,1,5.368932758e-05,3.906857319e-05,-9.587379924e-07,7.070692694e-05,-0.02924534372,-4.458131665e-05,0,0,0,0,0,0,-0.02783887509,0,0,-0.001406468635,-0.01624424939,-0.1349586907,11.555002,0,-0.0162399652,0.1349586907,-0.0004362008193,-0.1877023342,1.029245344,-0.001227352972,21.59339051,0.1877023342,0.001227352972,21.78188399,21.78188399,0.01716838986,0.4356376799,-2.876213977e-06,-2.396844981e-06,-9.587379924e-07,-9.108010928e-06,0.4356376799,-0.0001059405482,-2.876213977e-06,-2.396844981e-06,-9.587379924e-07,-9.108010928e-06,0.4356376799,-0.0001059405482,0,0,0,0,0,0
13.97,0,1,5.297027408e-05,3.691141271e-05,-9.587379924e-07,7.046724244e-05,-0.02924534372,-4.338289416e-05,0,0,0,0,0,0,-0.02783887509,0,0,-0.001406468635,-0.01624424939,-0.1349586907,11.555002,0,-0.0162399652,0.1349586907,-0.0003996786423,-0.1877023342,1.029245344,-0.001226470891,21.59339051,0.1877023342,0.001226470891,21.78191964,21.78191964,0.01715605153,0.4356383927,-1.438106989e-06,1.917475985e-06,-9.587379924e-07,-8.628641932e-06,0.4356383927,-0.0001083373931,-1.438106989e-06,1.917475985e-06,-9.587379924e-07,-8.628641932e-06,0.4356383927,-0.0001083373931,0,0,0,0,0,0
13.98,0,1,5.273058958e-05,3.76304662e-05,-2.157160483e-06,7.118629594e-05,-0.02924582309,-4.482100115e-05,0,0,0,0,0,0,-0.02783887509,0,0,-0.001406948004,-0.0162497885,-0.1350046464,11.55500746,0,-0.01624549993,0.1350046464,0.0005911546435,-0.1877664273,1.029245823,-0.001226008109,21.60074342,0.1877664273,0.001226008109,21.79032701,21.79032701,0.01714372505,0.4358065403,-9.587379924e-07,4.793689962e-07,1.438106989e-06,-1.006674892e-05,0.4358065403,-0.0001054611792,-9.587379924e-07,4.793689962e-07,1.438106989e-06,-1.006674892e-05,0.4358065403,-0.0001054611792,0,0,0,0,0,0
13.99,0,1,5.201153609e-05,3.73907817e-05,-9.587379924e-07,7.214503393e-05,-0.02924486435,-4.410194765e-05,0,0,0,0,0,0.001047197551,-0.02783887509,0,0,-0.001405989266,-0.01623871028,-0.1349127349,11.55499655,0,-0.01623443047,0.1349127349,-0.001201433871,-0.1876382412,1.029244864,-0.001224291105,21.58603759,0.1876382412,0.001224291105,21.77369869,21.77369869,0.01713141023,0.4354739737,4.793689962e-07,9.587379924e-07,-9.587379924e-07,-1.198422491e-05,0.4354739737,-0.0002116190413,4.793689962e-07,9.587379924e-07,-9.587379924e-07,-1.198422491e-05,0.4354739737,-0.0002116190413,0,0,0,0,0,0
14,0,1,5.344964308e-05,3.667172821e-05,-7.190534943e-07,7.190534943e-05,-0.02924510404,-4.458131665e-05,0,0,0,0,0,0,-0.02783887509,0,0,-0.00140622895,-0.01624147983,-0.1349357128,11.55499928,0,-0.01623719784,0.1349357128,-0.0005953984221,-0.1876702877,1.029245104,-0.001223620717,21.58971405,0.1876702877,0.001223620717,21.77801256,21.77801256,0.01711910641,0.4355602512,-2.396844981e-06,2.396844981e-06,-1.438106989e-06,-1.150485591e-05,0.4355602512,-0.0001059405482,-2.396844981e-06,2.396844981e-06,-1.438106989e-06,-1.150485591e-05,0.4355602512,-0.0001059405482,0,0,0,0,0,0
14.01,0,0.9997532802,5.416869657e-05,3.691141271e-05,0,7.046724244e-05,-0.02924486435,-4.554005464e-05,0,0,0,0,0,0,-0.02783887509,0,0,-0.001405989266,-0.01623871028,-0.1349127349,11.55499655,0,-0.01623443047,0.1349127349,-0.0009096646848,-0.1876382412,1.029244864,-0.001222533297,21.58603759,0.1876382412,0.001222533297,21.7739887,21.7739887,0.01710681406,0.435479774,-3.83495197e-06,1.917475985e-06,-2.876213977e-06,-8.628641932e-06,0.435479774,-0.0001040230722,-3.834005811e-06,1.917002906e-06,-2.875504358e-06,-8.626513075e-06,0.4353723325,-0.0001039974076,0,0,0,0,0,0
14.02,0,0.9990133642,5.416869657e-05,3.691141271e-05,-7.190534943e-07,7.022755795e-05,-0.02924462467,-4.482100115e-05,0,0,0,0,0,0,-0.02783887509,0,0,-0.001405749581,-0.01623594072,-0.134889757,11.55499382,0,-0.01623166311,0.134889757,-0.0012605985,-0.1876061948,1.029244625,-0.001221447068,21.58236112,0.1876061948,0.001221447068,21.76992817,21.76992817,0.01709453416,0.4353985634,-3.83495197e-06,1.917475985e-06,-1.438106989e-06,-8.149272936e-06,0.4353985634,-0.0001054611792,-3.831168269e-06,1.915584134e-06,-1.436688101e-06,-8.141232571e-06,0.4349689836,-0.0001053571274,0,0,0,0,0,0
14.03,0,0.9977809823,5.368932758e-05,3.73907817e-05,-1.198422491e-06,7.142598044e-05,-0.02924462467,-4.482100115e-05,0,0,0,0,0,0,-0.02783887509,0,0,-0.001405749581,-0.01623594072,-0.134889757,11.55499382,0,-0.01623166311,0.134889757,-0.001046908161,-0.1876061948,1.029244625,-0.001220570327,21.58236112,0.1876061948,0.001220570327,21.77014098,21.77014098,0.01708226424,0.4354028196,-2.876213977e-06,9.587379924e-07,-4.793689962e-07,-1.054611792e-05,0.4354028196,-0.0001054611792,-2.869831608e-06,9.566105358e-07,-4.783052679e-07,-1.052271589e-05,0.4344366531,-0.0001052271589,0,0,0,0,0,0
14.04,0,0.9960573507,5.273058958e-05,3.76304662e-05,-4.793689962e-07,7.166566493e-05,-0.0292441453,-4.530037014e-05,0,0,0,0,0,0,-0.02783887509,0,0,-0.001405270212,-0.01623040162,-0.1348438012,11.55498837,0,-0.01622612838,0.1348438012,-0.001732027605,-0.187542102,1.029244145,-0.001219277704,21.57500819,0.187542102,0.001219277704,21.76203755,21.76203755,0.0170700051,0.4352407509,-9.587379924e-07,4.793689962e-07,-1.917475985e-06,-1.102548691e-05,0.4352407509,-0.0001045024412,-9.549580247e-07,4.774790124e-07,-1.909916049e-06,-1.098201728e-05,0.4335247492,-0.0001040904247,0,0,0,0,0,0
14.05,0,0.9938441703,5.320995858e-05,3.83495197e-05,-9.587379924e-07,7.094661144e-05,-0.02924510404,-4.482100115e-05,0,0,0,0,0,0,-0.02783887509,0,0,-0.00140622895,-0.01624147983,-0.1349357128,11.55499928,0,-0.01623719784,0.1349357128,0.0002546214502,-0.1876702877,1.029245104,-0.001219235743,21.58971405,0.1876702877,0.001219235743,21.77885819,21.77885819,0.01705776002,0.4355771639,-1.917475985e-06,-9.587379924e-07,-9.587379924e-07,-9.587379924e-06,0.4355771639,-0.0001054611792,-1.905672329e-06,-9.528361646e-07,-9.528361646e-07,-9.528361646e-06,0.432895825,-0.0001048119781,0,0,0,0,0,0
14.06,0,0.9911436254,5.344964308e-05,3.83495197e-05,-9.587379924e-07,7.118629594e-05,-0.02924486435,-4.482100115e-05,0,0,0,0,0,0,-0.02783887509,0,0,-0.001405989266,-0.01623871028,-0.1349127349,11.55499655,0,-0.01623443047,0.1349127349,-6.188573569e-05,-0.1876382412,1.029244864,-0.001218153244,21.58603759,0.1876382412,0.001218153244,21.7748321,21.7748321,0.01704552603,0.4354966419,-2.396844981e-06,-9.587379924e-07,-9.587379924e-07,-1.006674892e-05,0.4354966419,-0.0001054611792,-2.375617624e-06,-9.502470496e-07,-9.502470496e-07,-9.977594021e-06,0.4316397205,-0.0001045271755,0,0,0,0,0,0
14.07,0,0.987958381,5.297027408e-05,3.76304662e-05,-7.190534943e-07,7.190534943e-05,-0.0292441453,-4.458131665e-05,0,0,0,0,0,0,-0.02783887509,0,0,-0.001405270212,-0.01623040162,-0.1348438012,11.55498837,0,-0.01622612838,0.1348438012,-0.001303116209,-0.187542102,1.029244145,-0.001216656102,21.57500819,0.187542102,0.001216656102,21.76246384,21.76246384,0.01703330345,0.4352492767,-1.438106989e-06,4.793689962e-07,-1.438106989e-06,-1.150485591e-05,0.4352492767,-0.0001059405482,-1.420789852e-06,4.735966174e-07,-1.420789852e-06,-1.136631882e-05,0.4300081707,-0.0001046648524,0,0,0,0,0,0
14.08,0,0.9842915806,5.464806557e-05,3.691141271e-05,-9.587379924e-07,7.070692694e-05,-0.02924438498,-4.506068564e-05,0,0,0,0,0,0,-0.02783887509,0,0,-0.001405509897,-0.01623317117,-0.1348667791,11.5549911,0,-0.01622889574,0.1348667791,-0.0007549520526,-0.1875741484,1.029244385,-0.001215991725,21.57868466,0.1875741484,0.001215991725,21.76671985,21.76671985,0.01702109424,0.435334397,-4.793689962e-06,1.917475985e-06,-9.587379924e-07,-9.108010928e-06,0.435334397,-0.0001049818102,-4.71838867e-06,1.887355468e-06,-9.436777339e-07,-8.964938472e-06,0.4284959817,-0.0001033327119,0,0,0,0,0,0
14.09,0,0.9801468428,5.273058958e-05,3.81098352e-05,-4.793689962e-07,7.214503393e-05,-0.02924462467,-4.458131665e-05,0,0,0,0,0,0,-0.02783887509,0,0,-0.001405749581,-0.01623594072,-0.134889757,11.55499382,0,-0.01623166311,0.134889757,-0.0002152508177,-0.1876061948,1.029244625,-0.001215327911,21.58236112,0.1876061948,0.001215327911,21.7709674,21.7709674,0.01700889706,0.4354193479,-9.587379924e-07,-4.793689962e-07,-1.917475985e-06,-1.198422491e-05,0.4354193479,-0.0001059405482,-9.397040164e-07,-4.698520082e-07,-1.879408033e-06,-1.17463002e-05,0.4267748992,-0.0001038372938,0,0,0,0,0,0
14.1,0,0.9755282581,5.225122059e-05,3.906857319e-05,-2.396844981e-07,7.238471843e-05,-0.0292441453,-4.410194765e-05,0,0,0,0,0,0,-0.02783887509,0,0,-0.001405270212,-0.01623040162,-0.1348438012,11.55498837,0,-0.01622612838,0.1348438012,-0.001011007728,-0.187542102,1.029244145,-0.001214042259,21.57500819,0.187542102,0.001214042259,21.76275333,21.76275333,0.01699671044,0.4352550666,-0,-2.396844981e-06,-2.396844981e-06,-1.24635939e-05,0.4352550666,-0.0001068992862,-0,-2.338190009e-06,-2.338190009e-06,-1.215858805e-05,0.424603617,-0.0001042832744,0,0,0,0,0,0
14.11,0,0.9704403845,5.273058958e-05,3.906857319e-05,-1.198422491e-06,7.214503393e-05,-0.02924438498,-4.458131665e-05,0,-0.001047197551,0,0,0,0,-0.02783887509,0,0,-0.001405509897,-0.01623317117,-0.1348667791,11.5549911,0,-0.01622889574,0.1348667791,-0.0003763788787,-0.1875741484,1.029244385,-0.00121337985,21.57868466,0.1875741484,0.00121337985,21.76709581,21.76709581,0.016984535,0.4353419162,-9.587379924e-07,0.0001023229101,-4.793689962e-07,-1.198422491e-05,0.4353419162,-0.0001059405482,-9.30398066e-07,9.929828425e-05,-4.65199033e-07,-1.162997582e-05,0.4224733765,-0.0001028089863,0,0,0,0,0,0
14.12,0,0.9648882429,5.368932758e-05,3.83495197e-05,-2.396844981e-07,7.142598044e-05,-0.0292441453,-4.482100115e-05,0,0,0,-0.001047197551,0,0,-0.02783887509,0,0,-0.001405270212,-0.01623040162,-0.1348438012,11.55498837,0,-0.01622612838,0.1348438012,-0.0006735563626,-0.187542102,1.029244145,-0.001212303697,21.57500819,0.187542102,0.001212303697,21.76308904,21.76308904,0.01697237109,0.4352617809,-2.876213977e-06,-9.587379924e-07,-2.396844981e-06,9.41736372e-05,0.4352617809,-0.0001054611792,-2.775225051e-06,-9.250750169e-07,-2.312687542e-06,9.086703533e-05,0.4199789749,-0.0001017582519,0,0,0,0,0,0
14.13,0,0.9588773128,5.368932758e-05,3.81098352e-05,-7.190534943e-07,7.214503393e-05,-0.02924390561,-4.410194765e-05,0,0,0,0,0,0,-0.02783887509,0,0,-0.001405030528,-0.01622763207,-0.1348208233,11.55498565,0,-0.01622336101,0.1348208233,-0.001043159,-0.1875100557,1.029243906,-0.001211228769,21.57133173,0.1875100557,0.001211228769,21.75900985,21.75900985,0.01696022015,0.435180197,-2.876213977e-06,-4.793689962e-07,-1.438106989e-06,-1.198422491e-05,0.435180197,-0.0001068992862,-2.75793633e-06,-4.596560549e-07,-1.378968165e-06,-1.149140137e-05,0.4172844179,-0.0001025033003,0,0,0,0,0,0
14.14,0,0.9524135262,5.344964308e-05,3.81098352e-05,-9.587379924e-07,7.166566493e-05,-0.02924558341,-4.434163215e-05,0,0,0,0,0,0.001047197551,-0.02783887509,0,0,-0.001406708319,-0.01624701894,-0.1349816685,11.55500473,0,-0.01624273257,0.1349816685,0.002211522105,-0.1877343807,1.029245583,-0.001211809849,21.59706697,0.1877343807,0.001211809849,21.78822468,21.78822468,0.01694808333,0.4357644936,-2.396844981e-06,-4.793689962e-07,-9.587379924e-07,-1.102548691e-05,0.4357644936,-0.0002111396723,-2.28278758e-06,-4.56557516e-07,-9.131150321e-07,-1.050082287e-05,0.4150279979,-0.0002010922798,0,0,0,0,0,0
14.15,0,0.9455032621,5.368932758e-05,3.85892042e-05,-4.793689962e-07,7.190534943e-05,-0.02924486435,-4.482100115e-05,0,0,0,0,0,0,-0.02783887509,0,0,-0.001405989266,-0.01623871028,-0.1349127349,11.55499655,0,-0.01623443047,0.1349127349,0.000610032724,-0.1876382412,1.029244864,-0.001210323665,21.58603759,0.1876382412,0.001210323665,21.77549619,21.77549619,0.01693597043,0.4355099237,-2.876213977e-06,-1.438106989e-06,-1.917475985e-06,-1.150485591e-05,0.4355099237,-0.0001054611792,-2.719469698e-06,-1.359734849e-06,-1.812979799e-06,-1.087787879e-05,0.4117760535,-9.971388892e-05,0,0,0,0,0,0
14.16,0,0.93815334,5.273058958e-05,3.81098352e-05,-1.198422491e-06,7.142598044e-05,-0.02924558341,-4.410194765e-05,0,0,0,0,0,0,-0.02783887509,0,0,-0.001406708319,-0.01624701894,-0.1349816685,11.55500473,0,-0.01624273257,0.1349816685,0.001736720096,-0.1877343807,1.029245583,-0.001210078046,21.59706697,0.1877343807,0.001210078046,21.78774815,21.78774815,0.01692386344,0.4357549629,-9.587379924e-07,-4.793689962e-07,-4.793689962e-07,-1.054611792e-05,0.4357549629,-0.0001068992862,-8.994432498e-07,-4.497216249e-07,-4.497216249e-07,-9.893875748e-06,0.4088049739,-0.0001002879224,0,0,0,0,0,0
14.17,0,0.9303710135,5.225122059e-05,3.76304662e-05,-1.198422491e-06,7.046724244e-05,-0.02924534372,-4.506068564e-05,0,0,0,0,0,0,-0.02783887509,0,0,-0.001406468635,-0.01624424939,-0.1349586907,11.555002,0,-0.0162399652,0.1349586907,0.001077429262,-0.1877023342,1.029245344,-0.001209006779,21.59339051,0.1877023342,0.001209006779,21.78337928,21.78337928,0.01691176789,0.4356675856,-0,4.793689962e-07,-4.793689962e-07,-8.628641932e-06,0.4356675856,-0.0001049818102,-0,4.459910188e-07,-4.459910188e-07,-8.027838339e-06,0.4053324931,-9.767203312e-05,0,0,0,0,0,0
14.18,0,0.9221639627,5.177185159e-05,3.76304662e-05,-4.793689962e-07,7.190534943e-05,-0.02924534372,-4.434163215e-05,0,0,0,0,0,0,-0.02783887509,0,0,-0.001406468635,-0.01624424939,-0.1349586907,11.555002,0,-0.0162399652,0.1349586907,0.0009005096606,-0.1877023342,1.029245344,-0.001208142954,21.59339051,0.1877023342,0.001208142954,21.7832015,21.7832015,0.01689968492,0.4356640299,9.587379924e-07,4.793689962e-07,-1.917475985e-06,-1.150485591e-05,0.4356640299,-0.0001064199172,8.841136263e-07,4.420568132e-07,-1.768227253e-06,-1.060936352e-05,0.4017536682,-9.813661252e-05,0,0,0,0,0,0
14.19,0,0.9135402871,5.297027408e-05,3.78701507e-05,-9.587379924e-07,7.166566493e-05,-0.02924534372,-4.458131665e-05,0,0,0,0,0,0,-0.02783887509,0,0,-0.001406468635,-0.01624424939,-0.1349586907,11.555002,0,-0.0162399652,0.1349586907,0.0007347948309,-0.1877023342,1.029245344,-0.001207280016,21.59339051,0.1877023342,0.001207280016,21.78303492,21.78303492,0.01688761436,0.4356606984,-1.438106989e-06,-0,-9.587379924e-07,-1.102548691e-05,0.4356606984,-0.0001059405482,-1.313768671e-06,-0,-8.758457809e-07,-1.007222648e-05,0.3979935995,-9.678095879e-05,0,0,0,0,0,0
14.2,0,0.9045084972,5.368932758e-05,3.81098352e-05,-7.190534943e-07,7.118629594e-05,-0.02924534372,-4.482100115e-05,0,0,0,0,0,0,-0.02783887509,0,0,-0.001406468635,-0.01624424939,-0.1349586907,11.555002,0,-0.0162399652,0.1349586907,0.0005688587575,-0.1877023342,1.029245344,-0.001206417988,21.59339051,0.1877023342,0.001206417988,21.78286812,21.78286812,0.01687555652,0.4356573624,-2.876213977e-06,-4.793689962e-07,-1.438106989e-06,-1.006674892e-05,0.4356573624,-0.0001054611792,-2.601559982e-06,-4.335933303e-07,-1.300779991e-06,-9.105459937e-06,0.3940557861,-9.539053268e-05,0,0,0,0,0,0
14.21,0,0.8950775062,5.368932758e-05,3.76304662e-05,-7.190534943e-07,7.118629594e-05,-0.02924534372,-4.482100115e-05,0,0,0,0,0,0,-0.02783887509,0,0,-0.001406468635,-0.01624424939,-0.1349586907,11.555002,0,-0.0162399652,0.1349586907,0.0003979851604,-0.1877023342,1.029245344,-0.001205556868,21.59339051,0.1877023342,0.001205556868,21.78269638,21.78269638,0.0168635114,0.4356539277,-2.876213977e-06,4.793689962e-07,-1.438106989e-06,-1.006674892e-05,0.4356539277,-0.0001054611792,-2.574434434e-06,4.290724057e-07,-1.287217217e-06,-9.010520519e-06,0.3899440311,-9.439592924e-05,0,0,0,0,0,0
14.22,0,0.8852566214,5.392901207e-05,3.83495197e-05,-7.190534943e-07,7.190534943e-05,-0.02924558341,-4.482100115e-05,0,0,0,0,0,0,-0.02783887509,0,0,-0.001406708319,-0.01624701894,-0.1349816685,11.55500473,0,-0.01624273257,0.1349816685,0.000740482149,-0.1877343807,1.029245583,-0.001204902245,21.59706697,0.1877343807,0.001204902245,21.78674673,21.78674673,0.01685147798,0.4357349346,-3.355582973e-06,-9.587379924e-07,-1.438106989e-06,-1.150485591e-05,0.4357349346,-0.0001054611792,-2.970552046e-06,-8.487291559e-07,-1.273093734e-06,-1.018474987e-05,0.385737236,-9.336020715e-05,0,0,0,0,0,0
14.23,0,0.8750555348,5.320995858e-05,3.78701507e-05,-1.198422491e-06,7.142598044e-05,-0.02924606277,-4.482100115e-05,0,0,0,0,0,0,-0.02783887509,0,0,-0.001407187688,-0.01625255805,-0.1350276242,11.55501018,0,-0.01624826729,0.1350276242,0.001506046006,-0.1877984738,1.029246063,-0.001204453795,21.60441988,0.1877984738,0.001204453795,21.79492885,21.79492885,0.01683945791,0.435898577,-1.917475985e-06,-0,-4.793689962e-07,-1.054611792e-05,0.435898577,-0.0001054611792,-1.677897973e-06,-0,-4.194744933e-07,-9.228438853e-06,0.3814354624,-9.228438853e-05,0,0,0,0,0,0
14.24,0,0.8644843137,5.368932758e-05,3.81098352e-05,-7.190534943e-07,7.094661144e-05,-0.02924606277,-4.434163215e-05,0,0,-0.001047197551,0,0,0,-0.02783887509,0,0,-0.001407187688,-0.01625255805,-0.1350276242,11.55501018,0,-0.01624826729,0.1350276242,0.001297117146,-0.1877984738,1.029246063,-0.00120359498,21.60441988,0.1877984738,0.00120359498,21.79471906,21.79471906,0.01682745116,0.4358943813,-2.876213977e-06,-4.793689962e-07,0.0001032816481,-9.587379924e-06,0.4358943813,-0.0001064199172,-2.486441866e-06,-4.144069777e-07,8.92853647e-05,-8.288139554e-06,0.376823855,-9.199834905e-05,0,0,0,0,0,0
14.25,0,0.8535533906,5.392901207e-05,3.76304662e-05,-9.587379924e-07,7.094661144e-05,-0.02924654214,-4.434163215e-05,0,0,0,0,0,0,-0.02783887509,0,0,-0.001407667057,-0.01625809717,-0.1350735799,11.55501564,0,-0.01625380202,0.1350735799,0.001864076311,-0.1878625671,1.029246542,-0.001203147734,21.61177278,0.1878625671,0.001203147734,21.80270257,21.80270257,0.01681546021,0.4360540514,-3.355582973e-06,4.793689962e-07,-9.587379924e-07,-9.587379924e-06,0.4360540514,-0.0001064199172,-2.864169224e-06,4.09167032e-07,-8.183340641e-07,-8.183340641e-06,0.3721954141,-9.083508111e-05,0,0,0,0,0,0
14.26,0,0.8422735529,5.297027408e-05,3.715109721e-05,-1.438106989e-06,7.118629594e-05,-0.02924678183,-4.458131665e-05,0,0,0,0,0,0,-0.02783887509,0,0,-0.001407906742,-0.01626086673,-0.1350965577,11.55501837,0,-0.01625656939,0.1350965577,0.001874613718,-0.1878946138,1.029246782,-0.001202495899,21.61544923,0.1878946138,0.001202495899,21.80642095,21.80642095,0.0168034842,0.4361284191,-1.438106989e-06,1.438106989e-06,-0,-1.006674892e-05,0.4361284191,-0.0001059405482,-1.211279483e-06,1.211279483e-06,-0,-8.47895638e-06,0.3673394331,-8.92309219e-05,0,0,0,0,0,0
14.27,0,0.8306559326,5.297027408e-05,3.667172821e-05,-9.587379924e-07,7.166566493e-05,-0.02924702151,-4.434163215e-05,0,0,0,0,0,0,-0.02783887509,0,0,-0.001408146426,-0.01626363629,-0.1351195355,11.5550211,0,-0.01625933675,0.1351195355,0.002008961666,-0.1879266605,1.029247022,-0.001201844581,21.61912568,0.1879266605,0.001201844581,21.81026314,21.81026314,0.0167915195,0.4362052629,-1.438106989e-06,2.396844981e-06,-9.587379924e-07,-1.102548691e-05,0.4362052629,-0.0001064199172,-1.194572102e-06,1.990953503e-06,-7.963814012e-07,-9.158386114e-06,0.3623364894,-8.839833554e-05,0,0,0,0,0,0
14.28,0,0.8187119948,5.249090509e-05,3.76304662e-05,-9.587379924e-07,7.166566493e-05,-0.02924678183,-4.434163215e-05,0,0,0,0,0,0,-0.02783887509,0,0,-0.001407906742,-0.01626086673,-0.1350965577,11.55501837,0,-0.01625656939,0.1350965577,0.001216030661,-0.1878946138,1.029246782,-0.001200784333,21.61544923,0.1878946138,0.001200784333,21.80576066,21.80576066,0.01677956775,0.4361152132,-4.793689962e-07,4.793689962e-07,-9.587379924e-07,-1.102548691e-05,0.4361152132,-0.0001064199172,-3.924651472e-07,3.924651472e-07,-7.849302943e-07,-9.026698384e-06,0.3570527561,-8.712726267e-05,0,0,0,0,0,0
14.29,0,0.8064535268,5.320995858e-05,3.76304662e-05,-1.438106989e-06,7.142598044e-05,-0.02924750088,-4.362257866e-05,0,0,0,0,0,0,-0.02783887509,0,0,-0.001408625795,-0.01626917541,-0.135165491,11.55502656,0,-0.01626487148,0.135165491,0.002259089348,-0.1879907539,1.029247501,-0.001200543908,21.62647857,0.1879907539,0.001200543908,21.81792895,21.81792895,0.01676762975,0.4363585791,-1.917475985e-06,4.793689962e-07,-0,-1.054611792e-05,0.4363585791,-0.0001078580241,-1.546355271e-06,3.865888176e-07,-0,-8.504953988e-06,0.351902915,-8.698248397e-05,0,0,0,0,0,0
14.3,0,0.7938926261,5.320995858e-05,3.76304662e-05,-9.587379924e-07,7.142598044e-05,-0.02924774057,-4.482100115e-05,0,0,0,0,0,0,-0.02783887509,0,0,-0.00140886548,-0.01627194497,-0.1351884688,11.55502929,0,-0.01626763884,0.1351884688,0.002327096233,-0.1880228007,1.029247741,-0.001199894623,21.63015501,0.1880228007,0.001199894623,21.8217048,21.8217048,0.01675570567,0.436434096,-1.917475985e-06,4.793689962e-07,-9.587379924e-07,-1.054611792e-05,0.436434096,-0.0001054611792,-1.522270045e-06,3.805675113e-07,-7.611350226e-07,-8.372485248e-06,0.3464818106,-8.372485248e-05,0,0,0,0,0,0
14.31,0,0.7810416889,5.249090509e-05,3.78701507e-05,-1.198422491e-06,7.142598044e-05,-0.0292486993,-4.434163215e-05,0,0,0,0,0,0,-0.02783887509,0,0,-0.001409824218,-0.01628302322,-0.1352803798,11.55504022,0,-0.01627870829,0.1352803798,0.003671166748,-0.1881509882,1.029248699,-0.001199859222,21.64486076,0.1881509882,0.001199859222,21.83788277,21.83788277,0.01674379745,0.4367576555,-4.793689962e-07,-0,-4.793689962e-07,-1.054611792e-05,0.4367576555,-0.0001064199172,-3.744071704e-07,-0,-3.744071704e-07,-8.236957749e-06,0.3411259369,-8.311839183e-05,0,0,0,0,0,0
14.32,0,0.7679133974,5.297027408e-05,3.78701507e-05,-4.793689962e-07,7.118629594e-05,-0.02924845962,-4.434163215e-05,0,0,0,0,0,0,-0.02783887509,0,0,-0.001409584533,-0.01628025366,-0.135257402,11.55503749,0,-0.01627594093,0.135257402,0.002607672911,-0.1881189413,1.02924846,-0.001198802732,21.64118432,0.1881189413,0.001198802732,21.83310974,21.83310974,0.01673190427,0.4366621948,-1.438106989e-06,-0,-1.917475985e-06,-1.006674892e-05,0.4366621948,-0.0001064199172,-1.104341624e-06,-0,-1.472455498e-06,-7.730391365e-06,0.3353187496,-8.172128014e-05,0,0,0,0,0,0
14.33,0,0.7545207078,5.297027408e-05,3.85892042e-05,-7.190534943e-07,7.094661144e-05,-0.02924893899,-4.506068564e-05,0,0,0,0,0,0,-0.02783887509,0,0,-0.001410063902,-0.01628579278,-0.1353033575,11.55504295,0,-0.01628147566,0.1353033575,0.003001542795,-0.1881830352,1.029248939,-0.001198359634,21.64853719,0.1881830352,0.001198359634,21.84092013,21.84092013,0.01672002413,0.4368184026,-1.438106989e-06,-1.438106989e-06,-1.438106989e-06,-9.587379924e-06,0.4368184026,-0.0001049818102,-1.085081503e-06,-1.085081503e-06,-1.085081503e-06,-7.233876687e-06,0.3295885303,-7.921094972e-05,0,0,0,0,0,0
14.34,0,0.740876837,5.416869657e-05,3.691141271e-05,-7.190534943e-07,7.142598044e-05,-0.02924845962,-4.410194765e-05,0,0,0,0,0,0,-0.02783887509,0,0,-0.001409584533,-0.01628025366,-0.135257402,11.55503749,0,-0.01627594093,0.135257402,0.001694954128,-0.1881189413,1.02924846,-0.001197101057,21.64118432,0.1881189413,0.001197101057,21.83219532,21.83219532,0.01670815438,0.4366439064,-3.83495197e-06,1.917475985e-06,-1.438106989e-06,-1.054611792e-05,0.4366439064,-0.0001068992862,-2.841227085e-06,1.420613543e-06,-1.065460157e-06,-7.813374485e-06,0.3234993563,-7.9199205e-05,0,0,0,0,0,0
14.35,0,0.7269952498,5.392901207e-05,3.715109721e-05,-1.198422491e-06,7.046724244e-05,-0.02924893899,-4.338289416e-05,0,0,0,0,0,0,-0.02783887509,0,0,-0.001410063902,-0.01628579278,-0.1353033575,11.55504295,0,-0.01628147566,0.1353033575,0.002257902637,-0.1881830352,1.029248939,-0.001196659069,21.64853719,0.1881830352,0.001196659069,21.84017479,21.84017479,0.01669629782,0.4368034958,-3.355582973e-06,1.438106989e-06,-4.793689962e-07,-8.628641932e-06,0.4368034958,-0.0001083373931,-2.439492882e-06,1.045496949e-06,-3.484989832e-07,-6.272981697e-06,0.3175540666,-7.876077019e-05,0,0,0,0,0,0
14.36,0,0.7128896457,5.344964308e-05,3.76304662e-05,-4.793689962e-07,7.118629594e-05,-0.02924917867,-4.386226315e-05,0,0,0,0,0,0,-0.02783887509,0,0,-0.001410303587,-0.01628856235,-0.1353263352,11.55504569,0,-0.01628424302,0.1353263352,0.002158382696,-0.1882150821,1.029249179,-0.001196014697,21.65221363,0.1882150821,0.001196014697,21.8437831,21.8437831,0.01668446658,0.4368756621,-2.396844981e-06,4.793689962e-07,-1.917475985e-06,-1.006674892e-05,0.4368756621,-0.0001073786552,-1.708685969e-06,3.417371939e-07,-1.366948776e-06,-7.176481072e-06,0.311444136,-7.654913143e-05,0,0,0,0,0,0
14.37,0,0.6985739453,5.368932758e-05,3.78701507e-05,-7.190534943e-07,7.094661144e-05,-0.02925013741,-4.458131665e-05,0,0,0,0,0,0,-0.02783887509,0,0,-0.001411262325,-0.01629964062,-0.1354182458,11.55505663,0,-0.01629531247,0.1354182458,0.003313239651,-0.1883432703,1.029250137,-0.001195981674,21.66691934,0.1883432703,0.001195981674,21.85977183,21.85977183,0.01667265213,0.4371954365,-2.876213977e-06,-0,-1.438106989e-06,-9.587379924e-06,0.4371954365,-0.0001059405482,-2.009248146e-06,-0,-1.004624073e-06,-6.697493818e-06,0.305413341,-7.400730669e-05,0,0,0,0,0,0
14.38,0,0.6840622763,5.249090509e-05,3.81098352e-05,-1.438106989e-06,7.070692694e-05,-0.02925085646,-4.506068564e-05,0,0,0,0,0,0,-0.02783887509,0,0,-0.001411981378,-0.01630794932,-0.1354871787,11.55506484,0,-0.01630361456,0.1354871787,0.003918625538,-0.1884394118,1.029250856,-0.001195744706,21.6779486,0.1884394118,0.001195744706,21.87150238,21.87150238,0.01666084523,0.4374300476,-4.793689962e-07,-4.793689962e-07,-0,-9.108010928e-06,0.4374300476,-0.0001049818102,-3.279182467e-07,-3.279182467e-07,-0,-6.230446688e-06,0.2992293941,-7.181409603e-05,0,0,0,0,0,0
14.39,0,0.6693689601,5.297027408e-05,3.81098352e-05,-7.190534943e-07,7.094661144e-05,-0.02925085646,-4.410194765e-05,0,0,0,0,0,0,-0.02783887509,0,0,-0.001411981378,-0.01630794932,-0.1354871787,11.55506484,0,-0.01630361456,0.1354871787,0.003235093637,-0.1884394118,1.029250856,-0.001194898186,21.6779486,0.1884394118,0.001194898186,21.870818,21.870818,0.01664905063,0.4374163601,-1.438106989e-06,-4.793689962e-07,-1.438106989e-06,-9.587379924e-06,0.4374163601,-0.0001068992862,-9.626241795e-07,-3.208747265e-07,-9.626241795e-07,-6.41749453e-06,0.292792934,-7.155506401e-05,0,0,0,0,0,0
14.4,0,0.6545084971,5.392901207e-05,3.76304662e-05,-7.190534943e-07,7.070692694e-05,-0.02925109615,-4.410194765e-05,0,0,0,0,0,0,-0.02783887509,0,0,-0.001412221063,-0.01631071889,-0.1355101564,11.55506757,0,-0.01630638192,0.1355101564,0.003077046398,-0.188471459,1.029251096,-0.001194255653,21.68162502,0.188471459,0.001194255653,21.87436778,21.87436778,0.01663726914,0.4374873556,-3.355582973e-06,4.793689962e-07,-1.438106989e-06,-9.108010928e-06,0.4374873556,-0.0001068992862,-2.196257569e-06,3.137510813e-07,-9.412532439e-07,-5.961270544e-06,0.2863391916,-6.996649113e-05,0,0,0,0,0,0
14.41,0,0.639495553,5.392901207e-05,3.906857319e-05,-4.793689962e-07,7.070692694e-05,-0.02925229457,-4.434163215e-05,0,0,0,0,0,0,-0.02783887509,0,0,-0.001413419485,-0.01632456676,-0.1356250442,11.55508127,0,-0.01632021873,0.1356250442,0.004594415428,-0.1886316955,1.029252295,-0.001194425719,21.70000708,0.1886316955,0.001194425719,21.89442762,21.89442762,0.01662550537,0.4378885523,-3.355582973e-06,-2.396844981e-06,-1.917475985e-06,-9.108010928e-06,0.4378885523,-0.0001064199172,-2.145880389e-06,-1.532771707e-06,-1.226217365e-06,-5.824532485e-06,0.2800277819,-6.805506377e-05,0,0,0,0,0,0
14.42,0,0.6243449435,5.392901207e-05,3.882888869e-05,-4.793689962e-07,7.022755795e-05,-0.02925205489,-4.410194765e-05,0,0,0,0,0,0,-0.02783887509,0,0,-0.001413179801,-0.01632179718,-0.1356020667,11.55507853,0,-0.01631745137,0.1356020667,0.00331666156,-0.1885996482,1.029252055,-0.001193378825,21.69633067,0.1885996482,0.001193378825,21.88944036,21.88944036,0.016613756,0.4377888072,-3.355582973e-06,-1.917475985e-06,-1.917475985e-06,-8.149272936e-06,0.4377888072,-0.0001068992862,-2.095041262e-06,-1.197166435e-06,-1.197166435e-06,-5.087957351e-06,0.2733312281,-6.674202878e-05,0,0,0,0,0,0
14.43,0,0.6090716206,5.320995858e-05,3.73907817e-05,-7.190534943e-07,7.070692694e-05,-0.02925253426,-4.434163215e-05,0,0,0,0,0,0,-0.02783887509,0,0,-0.00141365917,-0.01632733633,-0.1356480218,11.55508401,0,-0.01632298609,0.1356480218,0.003447711195,-0.1886637429,1.029252534,-0.001192941113,21.70368349,0.1886637429,0.001192941113,21.89698788,21.89698788,0.01660202118,0.4379397576,-1.917475985e-06,9.587379924e-07,-1.438106989e-06,-9.108010928e-06,0.4379397576,-0.0001064199172,-1.167880206e-06,5.839401028e-07,-8.759101542e-07,-5.547430977e-06,0.2667366779,-6.481735141e-05,0,0,0,0,0,0
14.44,0,0.5936906572,5.368932758e-05,3.73907817e-05,-1.198422491e-06,7.094661144e-05,-0.02925373268,-4.386226315e-05,0,0,0,0.001047197551,0,0,-0.02783887509,0,0,-0.001414857592,-0.01634118421,-0.1357629094,11.55509772,0,-0.0163368229,0.1357629094,0.004947438835,-0.1888239804,1.029253733,-0.001193111345,21.7220655,0.1888239804,0.001193111345,21.91703003,21.91703003,0.01659030157,0.4383406006,-2.876213977e-06,9.587379924e-07,-4.793689962e-07,-0.000114307135,0.4383406006,-0.0001073786552,-1.707581367e-06,5.691937888e-07,-2.845968944e-07,-6.786307813e-05,0.2602387192,-6.374970435e-05,0,0,0,0,0,0
14.45,0,0.5782172325,5.368932758e-05,3.691141271e-05,-9.587379924e-07,7.070692694e-05,-0.02925421205,-4.434163215e-05,0,0,0,0,0,0,-0.02783887509,0,0,-0.001415336961,-0.01634672337,-0.1358088643,11.5551032,0,-0.01634235762,0.1358088643,0.004917280515,-0.1888880756,1.029254212,-0.001192674388,21.72941829,0.1888880756,0.001192674388,21.92441632,21.92441632,0.01657859912,0.4384883264,-2.876213977e-06,1.917475985e-06,-9.587379924e-07,-9.108010928e-06,0.4384883264,-0.0001064199172,-1.663076486e-06,1.108717657e-06,-5.543588286e-07,-5.266408872e-06,0.2535415066,-6.153382998e-05,0,0,0,0,0,0
14.46,0,0.5626666167,5.344964308e-05,3.73907817e-05,-7.190534943e-07,7.046724244e-05,-0.02925421205,-4.482100115e-05,0,0,0,0,0,-0.001047197551,-0.02783887509,0,0,-0.001415336961,-0.01634672337,-0.1358088643,11.5551032,0,-0.01634235762,0.1358088643,0.004017440489,-0.1888880756,1.029254212,-0.001191833479,21.72941829,0.1888880756,0.001191833479,21.92351564,21.92351564,0.01656691053,0.4384703128,-2.396844981e-06,9.587379924e-07,-1.438106989e-06,-8.628641932e-06,0.4384703128,-7.414240475e-07,-1.348624656e-06,5.394498625e-07,-8.091747938e-07,-4.855048763e-06,0.2467126074,-4.171745604e-07,0,0,0,0,0,0
14.47,0,0.5470541566,5.344964308e-05,3.83495197e-05,-9.587379924e-07,7.070692694e-05,-0.02925541047,-4.577973914e-05,0,0,0,0,0,0,-0.02783887509,0,0,-0.001416535384,-0.01636057127,-0.1359237515,11.55511693,0,-0.01635619443,0.1359237515,0.005344966569,-0.1890483141,1.02925541,-0.001192004026,21.74780024,0.1890483141,0.001192004026,21.94338552,21.94338552,0.01655523891,0.4388677105,-2.396844981e-06,-9.587379924e-07,-9.587379924e-07,-9.108010928e-06,0.4388677105,-0.0001035437032,-1.31120401e-06,-5.244816039e-07,-5.244816039e-07,-4.982575237e-06,0.2400844052,-5.664401322e-05,0,0,0,0,0,0
14.48,0,0.5313952597,5.297027408e-05,3.76304662e-05,-1.198422491e-06,7.070692694e-05,-0.02925636921,-4.434163215e-05,0,0,0,0,0,0,-0.02783887509,0,0,-0.001417494122,-0.01637164961,-0.136015661,11.55512792,0,-0.01636726387,0.136015661,0.006122929865,-0.1891765054,1.029256369,-0.001191972455,21.76250577,0.1891765054,0.001191972455,21.95899718,21.95899718,0.01654358409,0.4391799435,-1.438106989e-06,4.793689962e-07,-4.793689962e-07,-9.108010928e-06,0.4391799435,-0.0001064199172,-7.642032367e-07,2.547344122e-07,-2.547344122e-07,-4.839953833e-06,0.2333781401,-5.655103952e-05,0,0,0,0,0,0
14.49,0,0.5157053795,5.297027408e-05,3.81098352e-05,-1.198422491e-06,7.022755795e-05,-0.02925684858,-4.506068564e-05,0,0,0,0,0,0,-0.02783887509,0,0,-0.001417973491,-0.01637718878,-0.1360616158,11.55513341,0,-0.01637279859,0.1360616158,0.005928785759,-0.1892406013,1.029256849,-0.001191537396,21.76985852,0.1892406013,0.001191537396,21.96621945,21.96621945,0.01653194556,0.4393243889,-1.438106989e-06,-4.793689962e-07,-4.793689962e-07,-8.149272936e-06,0.4393243889,-0.0001049818102,-7.416395103e-07,-2.472131701e-07,-2.472131701e-07,-4.202623892e-06,0.2265619507,-5.413968425e-05,0,0,0,0,0,0
14.5,0,0.4999999999,5.273058958e-05,3.78701507e-05,-4.793689962e-07,7.022755795e-05,-0.02925780731,-4.482100115e-05,0.001047197551,0,0,0,0,0,-0.02783887509,0,0,-0.001418932229,-0.01638826713,-0.136153525,11.55514441,0,-0.01638386803,0.136153525,0.006525582872,-0.1893687934,1.029257807,-0.001191506341,21.78456401,0.1893687934,0.001191506341,21.98164989,21.98164989,0.01652032546,0.4396329978,-0.0001056784931,-0,-1.917475985e-06,-8.149272936e-06,0.4396329978,-0.0001054611792,-5.283924655e-05,-0,-9.587379923e-07,-4.074636467e-06,0.2198164989,-5.273058958e-05,0,0,0,0,0,0
14.51,0,0.4842946204,5.249090509e-05,3.78701507e-05,-4.793689962e-07,7.094661144e-05,-0.02925924542,-4.434163215e-05,0,0,0,0,0,0,-0.02783887509,0,0,-0.001420370336,-0.01640488468,-0.1362913886,11.55516093,0,-0.01640047218,0.1362913886,0.007885051521,-0.1895610824,1.029259245,-0.001191878515,21.80662218,0.1895610824,0.001191878515,22.0052602,22.0052602,0.01650872477,0.4401052039,-4.793689962e-07,-0,-1.917475985e-06,-9.587379924e-06,0.4401052039,-0.0001064199172,-2.321558261e-07,-0,-9.286233042e-07,-4.643116521e-06,0.2131405827,-5.153859338e-05,0,0,0,0,0,0
14.52,0,0.4686047402,5.320995858e-05,3.83495197e-05,-9.587379924e-07,7.070692694e-05,-0.02925996448,-4.434163215e-05,0,0,0,0,0,0,-0.02783887509,0,0,-0.001421089389,-0.01641319346,-0.1363603203,11.55516919,0,-0.01640877426,0.1363603203,0.00762208307,-0.1896572274,1.029259964,-0.001191646495,21.81765125,0.1896572274,0.001191646495,22.01612221,22.01612221,0.01649714514,0.4403224441,-1.917475985e-06,-9.587379924e-07,-9.587379924e-07,-9.108010928e-06,0.4403224441,-0.0001064199172,-8.985383357e-07,-4.492691678e-07,-4.492691678e-07,-4.268057094e-06,0.2063371845,-4.986887763e-05,0,0,0,0,0,0
14.53,0,0.4529458433,5.201153609e-05,3.882888869e-05,-1.198422491e-06,7.070692694e-05,-0.02926092321,-4.410194765e-05,0,0,0,0,0,0,-0.02783887509,0,0,-0.001422048127,-0.01642427184,-0.136452229,11.55518021,0,-0.01641984369,0.136452229,0.007910929724,-0.189785421,1.029260923,-0.001191615976,21.83235664,0.189785421,0.001191615976,22.03124461,22.03124461,0.0164855814,0.4406248922,4.793689962e-07,-1.917475985e-06,-4.793689962e-07,-9.108010928e-06,0.4406248922,-0.0001068992862,2.171281942e-07,-8.685127769e-07,-2.171281942e-07,-4.12543569e-06,0.1995792134,-4.841958731e-05,0,0,0,0,0,0
14.54,0,0.4373333832,5.177185159e-05,3.83495197e-05,-2.396844981e-07,7.118629594e-05,-0.02926140258,-4.506068564e-05,0,0,0,0,0,0,-0.02783887509,0,0,-0.001422527496,-0.01642981104,-0.1364981833,11.55518573,0,-0.01642537841,0.1364981833,0.007423145666,-0.1898495181,1.029261403,-0.001191183229,21.83970933,0.1898495181,0.001191183229,22.03817318,22.03817318,0.01647403172,0.4407634636,9.587379924e-07,-9.587379924e-07,-2.396844981e-06,-1.006674892e-05,0.4407634636,-0.0001049818102,4.192881298e-07,-4.192881298e-07,-1.048220324e-06,-4.402525363e-06,0.1927605767,-4.591205021e-05,0,0,0,0,0,0
14.55,0,0.4217827674,5.273058958e-05,3.83495197e-05,-7.190534943e-07,7.238471843e-05,-0.029262601,-4.530037014e-05,0,0,0,0,0,0,-0.02783887509,0,0,-0.001423725919,-0.01644365904,-0.1366130689,11.55519952,0,-0.0164392152,0.1366130689,0.008087250343,-0.1900097611,1.029262601,-0.001191354228,21.85809102,0.1900097611,0.001191354228,22.05737938,22.05737938,0.01646250355,0.4411475877,-9.587379924e-07,-9.587379924e-07,-1.438106989e-06,-1.24635939e-05,0.4411475877,-0.0001045024412,-4.043791637e-07,-4.043791637e-07,-6.065687455e-07,-5.256929128e-06,0.1860684504,-4.407732884e-05,0,0,0,0,0,0
14.56,0,0.4063093427,5.320995858e-05,3.906857319e-05,-4.793689962e-07,7.046724244e-05,-0.0292642788,-4.482100115e-05,0,0,0,0,0,0,-0.02783887509,0,0,-0.00142540371,-0.01646304628,-0.1367739082,11.55521885,0,-0.0164585867,0.1367739082,0.009485241142,-0.1902341027,1.029264279,-0.001191926925,21.8838253,0.1902341027,0.001191926925,22.08473658,22.08473658,0.01645099674,0.4416947315,-1.917475985e-06,-2.396844981e-06,-1.917475985e-06,-8.628641932e-06,0.4416947315,-0.0001054611792,-7.79088407e-07,-9.738605087e-07,-7.79088407e-07,-3.505897831e-06,0.179464696,-4.284986238e-05,0,0,0,0,0,0
14.57,0,0.3909283792,5.249090509e-05,3.882888869e-05,-7.190534943e-07,7.046724244e-05,-0.02926451848,-4.434163215e-05,0,0,0,0,0,0,-0.02783887509,0,0,-0.001425643395,-0.01646581588,-0.1367968852,11.55522162,0,-0.01646135406,0.1367968852,0.008131943387,-0.1902661517,1.029264518,-0.001191295075,21.88750162,0.1902661517,0.001191295075,22.08709101,22.08709101,0.01643950708,0.4417418203,-4.793689962e-07,-1.917475985e-06,-1.438106989e-06,-8.628641932e-06,0.4417418203,-0.0001064199172,-1.873989448e-07,-7.49595779e-07,-5.621968343e-07,-3.373181006e-06,0.1726894139,-4.160256573e-05,0,0,0,0,0,0
14.58,0,0.3756550564,5.368932758e-05,3.882888869e-05,-4.793689962e-07,7.166566493e-05,-0.02926523753,-4.482100115e-05,0,0,0,0,0,0,-0.02783887509,0,0,-0.001426362448,-0.01647412471,-0.1368658161,11.55522991,0,-0.01646965613,0.1368658161,0.007926815047,-0.1903622986,1.029265238,-0.001191064943,21.89853057,0.1903622986,0.001191064943,22.09801075,22.09801075,0.01642803125,0.441960215,-2.876213977e-06,-1.917475985e-06,-1.917475985e-06,-1.102548691e-05,0.441960215,-0.0001054611792,-1.080464324e-06,-7.203095492e-07,-7.203095492e-07,-4.141779908e-06,0.1660245895,-3.96170252e-05,0,0,0,0,0,0
14.59,0,0.3605044469,5.344964308e-05,3.76304662e-05,-1.198422491e-06,7.022755795e-05,-0.02926955186,-4.482100115e-05,0,0,0,0,0,0.001047197551,-0.02783887509,0,0,-0.001430676769,-0.01652397779,-0.1372793996,11.55527976,0,-0.01651946853,0.1372793996,0.01396310688,-0.1909391861,1.029269552,-0.001193842333,21.96470393,0.1909391861,0.001193842333,22.17080007,22.17080007,0.01641659639,0.4434160014,-2.396844981e-06,4.793689962e-07,-4.793689962e-07,-8.149272936e-06,0.4434160014,-0.0002101809343,-8.640732743e-07,1.728146549e-07,-1.728146549e-07,-2.937849133e-06,0.1598534403,-7.577116147e-05,0,0,0,0,0,0
14.6,0,0.3454915028,5.392901207e-05,3.78701507e-05,-4.793689962e-07,7.022755795e-05,-0.02927098996,-4.482100115e-05,0,0,0,0,0,0,-0.02783887509,0,0,-0.001432114876,-0.01654059553,-0.13741726,11.55529641,0,-0.01653607266,0.13741726,0.01397181134,-0.1911314842,1.02927099,-0.001194213477,21.98676159,0.1911314842,0.001194213477,22.1930591,22.1930591,0.01640518087,0.443861182,-3.355582973e-06,-0,-1.917475985e-06,-8.149272936e-06,0.443861182,-0.0001054611792,-1.159325404e-06,-0,-6.624716595e-07,-2.815504553e-06,0.1533502668,-3.643594127e-05,0,0,0,0,0,0
14.61,0,0.3306310398,5.440838107e-05,3.76304662e-05,-1.198422491e-06,7.046724244e-05,-0.02927362649,-4.434163215e-05,0,0,0,0,0,0,-0.02783887509,0,0,-0.001434751406,-0.01657106145,-0.1376700029,11.55532698,0,-0.01656651355,0.1376700029,0.01602740662,-0.1914840335,1.029273626,-0.001195585344,22.02720047,0.1914840335,0.001195585344,22.23590749,22.23590749,0.0163937925,0.4447181499,-4.314320966e-06,4.793689962e-07,-4.793689962e-07,-8.628641932e-06,0.4447181499,-0.0001064199172,-1.426448427e-06,1.584942697e-07,-1.584942697e-07,-2.852896854e-06,0.1470376243,-3.518572787e-05,0,0,0,0,0,0
14.62,0,0.3159377236,5.368932758e-05,3.81098352e-05,-9.587379924e-07,7.094661144e-05,-0.0292750646,-4.482100115e-05,0,0,0,0,0,0,-0.02783887509,0,0,-0.001436189513,-0.01658767926,-0.1378078622,11.55534368,0,-0.01658311767,0.1378078622,0.01564184071,-0.1916763346,1.029275065,-0.001195956226,22.04925795,0.1916763346,0.001195956226,22.25777208,22.25777208,0.01638242858,0.4451554416,-2.876213977e-06,-4.793689962e-07,-9.587379924e-07,-9.587379924e-06,0.4451554416,-0.0001054611792,-9.087044966e-07,-1.514507494e-07,-3.029014989e-07,-3.029014989e-06,0.1406413969,-3.331916487e-05,0,0,0,0,0,0
14.63,0,0.3014260546,5.368932758e-05,3.882888869e-05,-2.396844981e-07,7.022755795e-05,-0.02927554397,-4.434163215e-05,0,0,0,0,0,0,-0.02783887509,0,0,-0.001436668882,-0.01659321853,-0.1378538152,11.55534925,0,-0.01658865237,0.1378538152,0.01367048202,-0.1917404353,1.029275544,-0.001195527479,22.05661043,0.1917404353,0.001195527479,22.26321687,22.26321687,0.01637108191,0.4452643374,-2.876213977e-06,-1.917475985e-06,-2.396844981e-06,-8.149272936e-06,0.4452643374,-0.0001064199172,-8.669658314e-07,-5.77977221e-07,-7.224715262e-07,-2.456403189e-06,0.1342142725,-3.207773576e-05,0,0,0,0,0,0
14.64,0,0.2871103542,5.273058958e-05,3.85892042e-05,-1.438106989e-06,7.118629594e-05,-0.02927842018,-4.458131665e-05,0,0,-0.001047197551,0,0,0,-0.02783887509,0,0,-0.001439545096,-0.01662645424,-0.1381295322,11.5553827,0,-0.0166218606,0.1381295322,0.01606982199,-0.1921250417,1.02927842,-0.001197097536,22.10072515,0.1921250417,0.001197097536,22.31011711,22.31011711,0.01635977175,0.4462023423,-9.587379924e-07,-1.438106989e-06,0.0001047197551,-1.006674892e-05,0.4462023423,-0.0001059405482,-2.752636046e-07,-4.128954068e-07,3.006612598e-05,-2.890267848e-06,0.1281093125,-3.04166283e-05,0,0,0,0,0,0
14.65,0,0.2730047501,5.320995858e-05,3.78701507e-05,-9.587379924e-07,7.070692694e-05,-0.0292812964,-4.410194765e-05,0,0,0,0,0,0,-0.02783887509,0,0,-0.00144242131,-0.01665969004,-0.1384052476,11.55541623,0,-0.01665506881,0.1384052476,0.01829003743,-0.1925096526,1.029281296,-0.001198665581,22.14483962,0.1925096526,0.001198665581,22.35683798,22.35683798,0.01634847917,0.4471367595,-1.917475985e-06,-0,-9.587379924e-07,-9.108010928e-06,0.4471367595,-0.0001068992862,-5.23480052e-07,-0,-2.61740026e-07,-2.486530247e-06,0.1220704593,-2.91840129e-05,0,0,0,0,0,0
14.66,0,0.2591231629,5.225122059e-05,3.715109721e-05,-1.198422491e-06,7.070692694e-05,-0.02928489166,-4.482100115e-05,0,0,0,0,0,0,-0.02783887509,0,0,-0.001446016577,-0.01670123493,-0.1387498897,11.55545822,0,-0.01669657905,0.1387498897,0.02105276258,-0.1929904225,1.029284892,-0.001200832147,22.19998234,0.1929904225,0.001200832147,22.41522636,22.41522636,0.01633723598,0.4483045272,-0,1.438106989e-06,-4.793689962e-07,-9.108010928e-06,0.4483045272,-0.0001054611792,-0,3.726468315e-07,-1.242156105e-07,-2.360096599e-06,0.116166087,-2.732743431e-05,0,0,0,0,0,0
14.67,0,0.2454792921,5.297027408e-05,3.691141271e-05,-4.793689962e-07,7.070692694e-05,-0.02928728851,-4.482100115e-05,0,0,0,0,0,0,-0.02783887509,0,0,-0.001448413422,-0.01672893161,-0.1389796496,11.55548628,0,-0.01672425253,0.1389796496,0.02146698289,-0.1933109397,1.029287289,-0.001201999629,22.23674394,0.1933109397,0.001201999629,22.45272386,22.45272386,0.01632601065,0.4490544772,-1.438106989e-06,1.917475985e-06,-1.917475985e-06,-9.108010928e-06,0.4490544772,-0.0001054611792,-3.530254855e-07,4.707006473e-07,-4.707006473e-07,-2.235828075e-06,0.1102335752,-2.58885356e-05,0,0,0,0,0,0
14.68,0,0.2320866025,5.297027408e-05,3.73907817e-05,-9.587379924e-07,7.046724244e-05,-0.0292889663,-4.458131665e-05,0,0,0,0,0,0,-0.02783887509,0,0,-0.001450091214,-0.01674831932,-0.1391404809,11.55550595,0,-0.01674362397,0.1391404809,0.02039443449,-0.1935353036,1.029288966,-0.001202569105,22.26247695,0.1935353036,0.001202569105,22.47760925,22.47760925,0.01631481381,0.4495521851,-1.438106989e-06,9.587379924e-07,-9.587379924e-07,-8.628641932e-06,0.4495521851,-0.0001059405482,-3.33765365e-07,2.225102433e-07,-2.225102433e-07,-2.00259219e-06,0.1043350393,-2.458738189e-05,0,0,0,0,0,0
14.69,0,0.218958311,5.320995858e-05,3.667172821e-05,-9.587379924e-07,7.094661144e-05,-0.02929232188,-4.386226315e-05,0,0,0,0,0,0,-0.02783887509,0,0,-0.001453446797,-0.01678709485,-0.1394621419,11.55554535,0,-0.01678236682,0.1394621419,0.02262590018,-0.1939840358,1.029292322,-0.001204531534,22.3139427,0.1939840358,0.001204531534,22.53175717,22.53175717,0.01630364325,0.4506351434,-1.917475985e-06,2.396844981e-06,-9.587379924e-07,-9.587379924e-06,0.4506351434,-0.0001073786552,-4.198473031e-07,5.248091288e-07,-2.099236515e-07,-2.099236515e-06,0.09867030989,-2.351144897e-05,0,0,0,0,0,0
14.7,0,0.2061073738,5.225122059e-05,3.643204371e-05,-2.396844981e-07,6.998787345e-05,-0.02929471873,-4.410194765e-05,0,0,0,0.001047197551,0,0,-0.02783887509,0,0,-0.001455843642,-0.01681479173,-0.1396918984,11.55557355,0,-0.01681004027,0.1396918984,0.02270700501,-0.1943045627,1.029294719,-0.001205697144,22.35070374,0.1943045627,0.001205697144,22.56892101,22.56892101,0.01629250509,0.4513784201,-0,2.876213977e-06,-2.396844981e-06,-0.0001123896591,0.4513784201,-0.0001068992862,-0,5.928089094e-07,-4.940074245e-07,-2.316433747e-05,0.09303242076,-2.203273113e-05,0,0,0,0,0,0
14.71,0,0.1935464731,5.297027408e-05,3.81098352e-05,-1.677791487e-06,7.070692694e-05,-0.02929783463,-4.362257866e-05,0,0,0,0,0,0,-0.02783887509,0,0,-0.00145895954,-0.01685079779,-0.1399905801,11.55561028,0,-0.01684601575,0.1399905801,0.02387761651,-0.1947212522,1.029297835,-0.00120745873,22.39849282,0.1947212522,0.00120745873,22.61829915,22.61829915,0.01628140105,0.452365983,-1.438106989e-06,-4.793689962e-07,4.793689962e-07,-9.108010928e-06,0.452365983,-0.0001078580241,-2.783405356e-07,-9.278017854e-08,9.278017854e-08,-1.762823392e-06,0.08755384057,-2.087554017e-05,0,0,0,0,0,0
14.72,0,0.1812880051,5.273058958e-05,3.85892042e-05,-1.198422491e-06,6.974818895e-05,-0.02930071084,-4.434163215e-05,0,0,0,0,0,0,-0.02783887509,0,0,-0.001461835754,-0.01688403425,-0.1402662847,11.55564426,0,-0.01687922386,0.1402662847,0.02454296029,-0.1951058934,1.029300711,-0.001209020427,22.44260555,0.1951058934,0.001209020427,22.66346342,22.66346342,0.0162703267,0.4532692685,-9.587379924e-07,-1.438106989e-06,-4.793689962e-07,-7.190534943e-06,0.4532692685,-0.0001064199172,-1.73807698e-07,-2.607115471e-07,-8.690384902e-08,-1.303557735e-06,0.08217228145,-1.929265448e-05,0,0,0,0,0,0
14.73,0,0.1693440673,5.320995858e-05,3.78701507e-05,-1.438106989e-06,6.998787345e-05,-0.02930214895,-4.506068564e-05,0,0,0,0,0,0,-0.02783887509,0,0,-0.001463273861,-0.01690065251,-0.1404041364,11.55566127,0,-0.01689582792,0.1404041364,0.02251717081,-0.1952982157,1.029302149,-0.001209390192,22.46466182,0.1952982157,0.001209390192,22.68368659,22.68368659,0.01625927931,0.4536737319,-1.917475985e-06,-0,-0,-7.669903939e-06,0.4536737319,-0.0001049818102,-3.247131822e-07,-0,-0,-1.298852729e-06,0.07682695498,-1.777804673e-05,0,0,0,0,0,0
14.74,0,0.157726447,5.249090509e-05,3.882888869e-05,-9.587379924e-07,7.070692694e-05,-0.02930550453,-4.410194765e-05,0,0,0,0,0,0,-0.02783887509,0,0,-0.001466629444,-0.01693942856,-0.1407257887,11.55570103,0,-0.01693457069,0.1407257887,0.02438195784,-0.1957469721,1.029305505,-0.001211346784,22.51612619,0.1957469721,0.001211346784,22.73746646,22.73746646,0.01624825751,0.4547493293,-4.793689962e-07,-1.917475985e-06,-9.587379924e-07,-9.108010928e-06,0.4547493293,-0.0001068992862,-7.560916857e-08,-3.024366743e-07,-1.512183371e-07,-1.436574203e-06,0.07172599598,-1.686084459e-05,0,0,0,0,0,0
14.75,0,0.1464466094,5.297027408e-05,3.78701507e-05,-9.587379924e-07,7.022755795e-05,-0.02930981885,-4.458131665e-05,0,0,0,0,0,0,-0.02783887509,0,0,-0.001470943765,-0.01698928367,-0.1411393384,11.55575229,0,-0.01698438281,0.1411393384,0.02757127421,-0.1963239537,1.029309819,-0.001214095956,22.58229414,0.1963239537,0.001214095956,22.80740346,22.80740346,0.01623728377,0.4561480693,-1.438106989e-06,-0,-9.587379924e-07,-8.149272936e-06,0.4561480693,-0.0001059405482,-2.106058924e-07,-0,-1.404039283e-07,-1.19343339e-06,0.06680133811,-1.551463407e-05,0,0,0,0,0,0
14.76,0,0.1355156863,5.320995858e-05,3.81098352e-05,-1.198422491e-06,7.022755795e-05,-0.02931533159,-4.482100115e-05,0,0,0,0,0,0,-0.02783887509,0,0,-0.001476456508,-0.01705298776,-0.1416677576,11.555818,0,-0.01704803157,0.1416677576,0.03208685018,-0.1970612229,1.029315332,-0.001217834392,22.66684122,0.1970612229,0.001217834392,22.89720713,22.89720713,0.01622636061,0.4579441426,-1.917475985e-06,-4.793689962e-07,-4.793689962e-07,-8.149272936e-06,0.4579441426,-0.0001054611792,-2.59848074e-07,-6.496201849e-08,-6.496201849e-08,-1.104354314e-06,0.06205861475,-1.429164407e-05,0,0,0,0,0,0
14.77,0,0.1249444651,5.344964308e-05,3.906857319e-05,-1.438106989e-06,6.998787345e-05,-0.02931964592,-4.458131665e-05,0,0,0,0,0,0,-0.02783887509,0,0,-0.001480770829,-0.01710284338,-0.142081299,11.5558696,0,-0.01709784361,0.142081299,0.03362311582,-0.1976382279,1.029319646,-0.001220579989,22.73300784,0.1976382279,0.001220579989,22.96548976,22.96548976,0.01621547548,0.4593097952,-2.396844981e-06,-2.396844981e-06,-0,-7.669903939e-06,0.4593097952,-0.0001059405482,-2.994725142e-07,-2.994725142e-07,-0,-9.583120454e-07,0.0573882167,-1.323668513e-05,0,0,0,0,0,0
14.78,0,0.1147433786,5.320995858e-05,3.906857319e-05,-1.198422491e-06,7.070692694e-05,-0.02932252213,-4.482100115e-05,0,0,0,0,0,0,-0.02783887509,0,0,-0.001483647043,-0.01713608058,-0.1423569911,11.55590409,0,-0.01713105162,0.1423569911,0.03265450815,-0.1980229036,1.029322522,-0.001222136368,22.77711858,0.1980229036,0.001222136368,23.00901813,23.00901813,0.0162046206,0.4601803626,-1.917475985e-06,-2.396844981e-06,-4.793689962e-07,-9.108010928e-06,0.4601803626,-0.0001054611792,-2.200176728e-07,-2.750220911e-07,-5.500441821e-08,-1.045083946e-06,0.05280264956,-1.210097201e-05,0,0,0,0,0,0
14.79,0,0.1049224938,5.249090509e-05,3.85892042e-05,-9.587379924e-07,7.022755795e-05,-0.02932491897,-4.434163215e-05,0,0,0,0,0,0,-0.02783887509,0,0,-0.001486043888,-0.01716377833,-0.1425867333,11.55593287,0,-0.01715872495,0.1425867333,0.03090119502,-0.1983434702,1.029324919,-0.001223296692,22.81387733,0.1983434702,0.001223296692,23.0443453,23.0443453,0.01619379791,0.4608869059,-4.793689962e-07,-1.438106989e-06,-9.587379924e-07,-8.149272936e-06,0.4608869059,-0.0001064199172,-5.029659052e-08,-1.508897716e-07,-1.00593181e-07,-8.550420389e-07,0.04835740352,-1.11658431e-05,0,0,0,0,0,0
14.8,0,0.09549150278,5.320995858e-05,3.906857319e-05,-9.587379924e-07,7.070692694e-05,-0.02932707613,-4.458131665e-05,0,0,0,0,0,0,-0.02783887509,0,0,-0.001488201049,-0.01718870636,-0.1427935003,11.55595882,0,-0.01718363094,0.1427935003,0.02906020518,-0.1986319829,1.029327076,-0.001224258895,22.84696005,0.1986319829,0.001224258895,23.0758765,23.0758765,0.01618300219,0.46151753,-1.917475985e-06,-2.396844981e-06,-9.587379924e-07,-9.108010928e-06,0.46151753,-0.0001059405482,-1.831026633e-07,-2.288783292e-07,-9.155133167e-08,-8.697376508e-07,0.0440710025,-1.011642215e-05,0,0,0,0,0,0
14.81,0,0.08645971283,5.320995858e-05,3.906857319e-05,-1.198422491e-06,7.022755795e-05,-0.02933354762,-4.434163215e-05,0,0,0,0,0,0,-0.02783887509,0,0,-0.00149467253,-0.01726349079,-0.1434137958,11.55603689,0,-0.01725834886,0.1434137958,0.03513312012,-0.1994975364,1.029333548,-0.001228775888,22.94620732,0.1994975364,0.001228775888,23.18206676,23.18206676,0.01617225907,0.4636413351,-1.917475985e-06,-2.396844981e-06,-4.793689962e-07,-8.149272936e-06,0.4636413351,-0.0001064199172,-1.65784423e-07,-2.072305288e-07,-4.144610575e-08,-7.045837978e-07,0.04008629669,-9.201035477e-06,0,0,0,0,0,0
14.82,0,0.07783603722,5.320995858e-05,3.85892042e-05,-1.198422491e-06,7.022755795e-05,-0.02934097784,-4.482100115e-05,0,0,0,0,-0.001047197551,0,-0.02783887509,0,0,-0.00150210275,-0.01734935501,-0.145173174,11.55612695,0,-0.01734413601,0.1441259765,0.04183263815,-0.200491349,1.03038845,-0.001245576667,23.22770784,0.200491349,0.001245576667,23.47127741,23.47127741,0.01616157659,0.4694255481,-1.917475985e-06,-1.438106989e-06,-4.793689962e-07,-8.149272936e-06,0.4694255481,-0.0001054611792,-1.492487321e-07,-1.119365491e-07,-3.731218303e-08,-6.343071115e-07,0.03653822444,-8.208680267e-06,0,0,0,0,0,0
14.83,0,0.06962898647,5.320995858e-05,3.83495197e-05,-7.190534943e-07,7.022755795e-05,-0.02934936679,-4.434163215e-05,0,0,0,0,0,0,-0.02783887509,0,0,-0.001510491707,-0.0174462993,-0.1449300381,11.55622917,0,-0.01744099236,0.1449300381,0.04883462422,-0.2016134328,1.029349367,-0.001240170059,23.18880609,0.2016134328,0.001240170059,23.44049432,23.44049432,0.01615097548,0.4688098863,-1.917475985e-06,-9.587379924e-07,-1.438106989e-06,-8.149272936e-06,0.4688098863,-0.0001064199172,-1.335119094e-07,-6.67559547e-08,-1.001339321e-07,-5.67425615e-07,0.03264275723,-7.409910972e-06,0,0,0,0,0,0
14.84,0,0.06184665995,5.249090509e-05,3.78701507e-05,0,7.046724244e-05,-0.02935440017,-4.434163215e-05,0,0,0,0,0,0,-0.02783887509,0,0,-0.001515525082,-0.01750446629,-0.1454124682,11.55629077,0,-0.01749910611,0.1454124682,0.04877390645,-0.2022867021,1.0293544,-0.001243496294,23.26599491,0.2022867021,0.001243496294,23.51829901,23.51829901,0.01614041266,0.4703659802,-4.793689962e-07,-0,-2.876213977e-06,-8.628641932e-06,0.4703659802,-0.0001064199172,-2.96473713e-08,-0,-1.778842278e-07,-5.336526834e-07,0.02909056483,-6.581716429e-06,0,0,0,0,0,0
14.85,0,0.05449673788,5.225122059e-05,3.83495197e-05,-7.190534943e-07,6.998787345e-05,-0.02935991291,-4.506068564e-05,0,0,0,0,0,0,-0.02783887509,0,0,-0.001521037825,-0.01756817334,-0.1459408381,11.55635847,0,-0.01756275445,0.1459408381,0.0495252561,-0.2030241088,1.029359913,-0.001247215544,23.35053409,0.2030241088,0.001247215544,23.60433068,23.60433068,0.01612990953,0.4720866135,-0,-9.587379924e-07,-1.438106989e-06,-7.669903939e-06,0.4720866135,-0.0001049818102,-0,-5.224809307e-08,-7.83721396e-08,-4.179847446e-07,0.02572718043,-5.721166191e-06,0,0,0,0,0,0
14.86,0,0.04758647374,5.416869657e-05,3.83495197e-05,-1.677791487e-06,7.046724244e-05,-0.02936374786,-4.506068564e-05,0,0,0,0,0,0.001047197551,-0.02783887509,0,0,-0.001524872777,-0.01761249151,-0.1463083961,11.55640572,0,-0.01760703153,0.1463083961,0.04710459171,-0.2035370976,1.029363748,-0.001249554481,23.40934338,0.2035370976,0.001249554481,23.66123462,23.66123462,0.01611944371,0.4732246924,-3.83495197e-06,-9.587379924e-07,4.793689962e-07,-8.628641932e-06,0.4732246924,-0.0002097015653,-1.824918412e-07,-4.56229603e-08,2.281148015e-08,-4.106066427e-07,0.0225190944,-9.978958031e-06,0,0,0,0,0,0
14.87,0,0.04112268714,5.368932758e-05,3.81098352e-05,-1.198422491e-06,7.046724244e-05,-0.02936830187,-4.410194765e-05,0,0,0,0,0,0,-0.02783887509,0,0,-0.001529426782,-0.01766511958,-0.1467448674,11.55646197,0,-0.01765961052,0.1467448674,0.04640099404,-0.2041462826,1.029368302,-0.001252482502,23.47917878,0.2041462826,0.001252482502,23.73097854,23.73097854,0.01610901957,0.4746195707,-2.876213977e-06,-4.793689962e-07,-4.793689962e-07,-8.628641932e-06,0.4746195707,-0.0001068992862,-1.182776475e-07,-1.971294125e-08,-1.971294125e-08,-3.548329426e-07,0.01951763212,-4.3959859e-06,0,0,0,0,0,0
14.88,0,0.03511175703,5.320995858e-05,3.76304662e-05,-9.587379924e-07,6.998787345e-05,-0.02937237651,-4.434163215e-05,0,0,0,0,-0.001047197551,0,-0.02783887509,0,0,-0.001533501419,-0.01771220806,-0.1481825882,11.55651245,0,-0.01770665485,0.1471353907,0.04519809708,-0.204691353,1.030419848,-0.001266521545,23.70921411,0.204691353,0.001266521545,23.96037008,23.96037008,0.01609864276,0.4792074017,-1.917475985e-06,4.793689962e-07,-9.587379924e-07,-7.669903939e-06,0.4792074017,-0.0001064199172,-6.73259509e-08,1.683148773e-08,-3.366297545e-08,-2.693038036e-07,0.01682581386,-3.736590275e-06,0,0,0,0,0,0
14.89,0,0.0295596155,5.249090509e-05,3.78701507e-05,-1.198422491e-06,7.070692694e-05,-0.02938052578,-4.458131665e-05,0,0,0,0,-0.001047197551,0,-0.02783887509,0,0,-0.001541650692,-0.01780638565,-0.1489636245,11.55661381,0,-0.01780074342,0.147916427,0.05114644835,-0.2057815223,1.030427997,-0.001272403179,23.83417992,0.2057815223,0.001272403179,24.0923803,24.0923803,0.01608835641,0.481847606,-4.793689962e-07,-0,-4.793689962e-07,-9.108010928e-06,0.481847606,-0.0001059405482,-1.416996321e-08,-0,-1.416996321e-08,-2.69229301e-07,0.01424322996,-3.13156187e-06,0,0,0,0,0,0
14.9,0,0.02447174183,5.249090509e-05,3.83495197e-05,-4.793689962e-07,6.998787345e-05,-0.02939059253,-4.410194765e-05,0,0,0,0,-0.001047197551,0,-0.02783887509,0,0,-0.001551717441,-0.01792272382,-0.1499284151,11.55673976,0,-0.01791697032,0.1488812176,0.05938861877,-0.207128255,1.030438064,-0.001279856762,23.98854642,0.207128255,0.001279856762,24.25634315,24.25634315,0.01607815877,0.485126863,-4.793689962e-07,-9.587379924e-07,-1.917475985e-06,-7.669903939e-06,0.485126863,-0.0001068992862,-1.173099432e-08,-2.346198864e-08,-4.692397728e-08,-1.876959091e-07,0.01187189935,-2.616011733e-06,0,0,0,0,0,0
14.91,0,0.01985315715,5.225122059e-05,3.882888869e-05,-1.198422491e-06,7.022755795e-05,-0.02940137833,-4.410194765e-05,0,0,0,0,0,0,-0.02783887509,0,0,-0.001562503243,-0.01804737327,-0.1499148984,11.55687562,0,-0.01804149894,0.1499148984,0.06731899909,-0.2085712481,1.029401378,-0.001276365697,23.98638374,0.2085712481,0.001276365697,24.26355035,24.26355035,0.01606806186,0.485271007,-0,-1.917475985e-06,-4.793689962e-07,-8.149272936e-06,0.485271007,-0.0001068992862,-0,-3.806795205e-08,-9.516988013e-09,-1.617887962e-07,0.00963416156,-2.122288327e-06,0,0,0,0,0,0
14.92,0,0.01570841942,5.297027408e-05,3.85892042e-05,-4.793689962e-07,7.046724244e-05,-0.02941168476,-4.434163215e-05,0,0,0,0,0,0,-0.02783887509,0,0,-0.001572809677,-0.01816648411,-0.150902615,11.55700632,0,-0.01816049276,0.150902615,0.07306145038,-0.2099501717,1.029411685,-0.001283999067,24.1444184,0.2099501717,0.001283999067,24.42871402,24.42871402,0.0160580437,0.4885742803,-1.438106989e-06,-1.438106989e-06,-1.917475985e-06,-8.628641932e-06,0.4885742803,-0.0001064199172,-2.259038775e-08,-2.259038775e-08,-3.0120517e-08,-1.355423265e-07,0.007674729714,-1.671688694e-06,0,0,0,0,0,0
14.93,0,0.01204161902,5.368932758e-05,3.83495197e-05,-1.198422491e-06,7.070692694e-05,-0.02942271025,-4.434163215e-05,0,0,0,0,-0.001047197551,0,-0.02783887509,0,0,-0.001583835163,-0.01829390651,-0.1530064148,11.55714709,0,-0.01828778826,0.1519592172,0.07899818956,-0.2114253685,1.030470182,-0.001303772334,24.48102636,0.2114253685,0.001303772334,24.77275369,24.77275369,0.01604813785,0.4954550739,-2.876213977e-06,-9.587379924e-07,-4.793689962e-07,-9.108010928e-06,0.4954550739,-0.0001064199172,-3.463427293e-08,-1.154475764e-08,-5.772378822e-09,-1.096751976e-07,0.00596608124,-1.281468098e-06,0,0,0,0,0,0
14.94,0,0.008856374625,5.297027408e-05,3.78701507e-05,-7.190534943e-07,7.070692694e-05,-0.02942942142,-4.482100115e-05,0,0,0,0,0,0,-0.02783887509,0,0,-0.001590546329,-0.01837146874,-0.1526023538,11.55723326,0,-0.01836527237,0.1526023538,0.07630725245,-0.2123233495,1.029429421,-0.001296904021,24.4163766,0.2123233495,0.001296904021,24.70630411,24.70630411,0.01603824053,0.4941260822,-1.438106989e-06,-0,-1.438106989e-06,-9.108010928e-06,0.4941260822,-0.0001054611792,-1.273641424e-08,-0,-1.273641424e-08,-8.066395687e-08,0.004376165696,-9.340037111e-07,0,0,0,0,0,0
14.95,0,0.006155829694,5.320995858e-05,3.85892042e-05,-7.190534943e-07,6.974818895e-05,-0.02943421511,-4.458131665e-05,0,0,0,0,0,0.001047197551,-0.02783887509,0,0,-0.001595340019,-0.01842687068,-0.1530617311,11.55729503,0,-0.01842061811,0.1530617311,0.0706658557,-0.212964781,1.029434215,-0.001300021611,24.48987698,0.212964781,0.001300021611,24.77480764,24.77480764,0.01602839865,0.4954961528,-1.917475985e-06,-1.438106989e-06,-1.438106989e-06,-7.190534943e-06,0.4954961528,-0.0002106603033,-1.18036556e-08,-8.852741703e-09,-8.852741703e-09,-4.426370852e-08,0.003050189931,-1.29678895e-06,0,0,0,0,0,0
14.96,0,0.003942649336,5.273058958e-05,3.882888869e-05,-7.190534943e-07,6.950850445e-05,-0.0294390088,-4.434163215e-05,0,0,0,0,0,0,-0.02783887509,0,0,-0.001600133709,-0.01848227292,-0.1535211036,11.55735699,0,-0.01847596381,0.1535211036,0.0661692706,-0.2136062262,1.029439009,-0.00130313806,24.56337657,0.2136062262,0.00130313806,24.84445521,24.84445521,0.01601860149,0.4968891042,-9.587379924e-07,-1.917475985e-06,-1.438106989e-06,-6.711165947e-06,0.4968891042,-0.0001064199172,-3.779967709e-09,-7.559935418e-09,-5.669951563e-09,-2.645977396e-08,0.001959059497,-4.195764157e-07,0,0,0,0,0,0
14.97,0,0.002219017693,5.344964308e-05,3.85892042e-05,-7.190534943e-07,7.046724244e-05,-0.02944260406,-4.338289416e-05,0,0,0,0,0,0,-0.02783887509,0,0,-0.001603728977,-0.0185238248,-0.1538656297,11.55740359,0,-0.01851747305,0.1538656297,0.06038301271,-0.2140873191,1.029442604,-0.001305276003,24.61850075,0.2140873191,0.001305276003,24.89427636,24.89427636,0.01600884647,0.4978855272,-2.396844981e-06,-1.438106989e-06,-1.438106989e-06,-8.628641932e-06,0.4978855272,-0.0001083373931,-5.318641421e-09,-3.191184852e-09,-3.191184852e-09,-1.914710911e-08,0.001104816794,-2.404025922e-07,0,0,0,0,0,0
14.98,0,0.0009866357823,5.344964308e-05,3.81098352e-05,-1.198422491e-06,6.998787345e-05,-0.02944524059,-4.386226315e-05,0,0,0,0,0,0,-0.02783887509,0,0,-0.001606365506,-0.01855429628,-0.1541182804,11.55743782,0,-0.01854791315,0.1541182804,0.05404092209,-0.2144401255,1.029445241,-0.001306631758,24.65892486,0.2144401255,0.001306631758,24.92871254,24.92871254,0.01599912388,0.4985742508,-2.396844981e-06,-4.793689962e-07,-4.793689962e-07,-7.669903939e-06,0.4985742508,-0.0001073786552,-2.364813023e-09,-4.729626046e-10,-4.729626046e-10,-7.567401673e-09,0.000491911196,-1.059436234e-07,0,0,0,0,0,0
14.99,0,0.0002467198154,5.392901207e-05,3.78701507e-05,0,6.998787345e-05,-0.02944763744,-4.410194765e-05,0,0,0,0,0,0,-0.02783887509,0,0,-0.001608762351,-0.0185819977,-0.1543479616,11.55746899,0,-0.01857558596,0.1543479616,0.04845033135,-0.2147608622,1.029447637,-0.001307792084,24.69567385,0.2147608622,0.001307792084,24.96019283,24.96019283,0.01598943035,0.4992038567,-3.355582973e-06,-0,-2.876213977e-06,-7.669903939e-06,0.4992038567,-0.0001068992862,-8.278888116e-10,-0,-7.096189814e-10,-1.892317284e-09,0.0001231634833,-2.637417214e-08,0,0,0,0,0,0
15,0,0,5.273058958e-05,3.882888869e-05,-1.198422491e-06,7.046724244e-05,-0.02944955491,-4.410194765e-05,0,0,0,0,0,0,-0.02783887509,0,0,-0.001610679827,-0.0186041589,-0.1545317056,11.55749396,0,-0.01859772419,0.1545317056,0.04301454218,-0.2150174541,1.029449555,-0.001308562092,24.72507289,0.2150174541,0.001308562092,24.98441345,24.98441345,0.01597976381,0.499688269,-9.587379924e-07,-1.917475985e-06,-4.793689962e-07,-8.628641932e-06,0.499688269,-0.0001068992862,-0,-0,-0,-0,0,-0,0,0,0,0,0,0
