time,sine_active,ramp_factor,q1,q2,q3,q4,q5,q6,dq1,dq2,dq3,dq4,dq5,dq6,qd5,dqd5,ddqd5,error5,z1,z2,hx,hbeta_x5,barrier_ratio5,alpha5,alpha_dot5,mu_s5,phi5,nu_r5,term_z2_5,term_mu_5,term_nu_5,virtual_accel_unsat5,virtual_accel5,theta_hat,tau5_raw,tau_raw1,tau_raw2,tau_raw3,tau_raw4,tau_raw5,tau_raw6,tau_cmd1,tau_cmd2,tau_cmd3,tau_cmd4,tau_cmd5,tau_cmd6,alpha_saturated,alpha_dot_saturated,virtual_accel_saturated,amplitude_saturated5,rate_saturated5,abort
0.01,1,0.0002467198171,5.177185159e-05,3.667172821e-05,-2.636529479e-06,6.471481449e-05,-0.02508442083,-7.717840839e-05,0,0,0,0,0,0,-0.02496867607,0.01047183196,-2.870938426e-05,-0.0001157447635,-0.001336506932,-0.01973146344,11.54700527,0,-0.0001273113542,0.01973146344,0.1438925959,-0.01543265259,1.025084421,-0.0005183445924,2.644016101,0.01543265259,0.0005183445924,2.803859694,2.803859694,0.05,0.05607719388,-0,-0,9.587379924e-07,-9.587379924e-07,0.05607719388,-3.978762669e-05,-0,-0,2.365396622e-10,-2.365396622e-10,1.383535502e-05,-9.81639598e-09,0,0,0,0,0,0
0.02,1,0.0009866357859,5.177185159e-05,3.691141271e-05,-2.876213977e-06,6.519418349e-05,-0.02508537957,-7.478156341e-05,0,0,0,0,0,0,-0.02486395966,0.01047140133,-5.741798145e-05,-0.0002214199072,-0.002556749191,-0.02818523959,11.54700536,0,-0.0001383819067,0.02818523959,0.2722288838,-0.02952279662,1.02508538,-0.0007404262691,3.776822106,0.02952279662,0.0007404262691,4.079314212,4.079314212,0.05,0.08158628424,-0,-4.793689962e-07,1.438106989e-06,-1.917475985e-06,0.08158628424,-4.458131665e-05,-0,-4.729626063e-10,1.418887819e-09,-1.891850425e-09,8.049594767e-05,-4.398552239e-08,0,0,0,0,0,0
0.03,1,0.002219017698,5.249090509e-05,3.643204371e-05,-2.636529479e-06,6.519418349e-05,-0.02508585894,-7.262440293e-05,0,0,0,0,0,0,-0.024759249,0.01047068361,-8.612500448e-05,-0.0003266099401,-0.003771408435,-0.03660012875,11.54700541,0,-0.000143917183,0.03660012875,0.3764316313,-0.0435484736,1.025085859,-0.0009614863139,4.904417252,0.0435484736,0.0009614863139,5.325358843,5.325358843,0.05,0.1065071769,-1.438106989e-06,4.793689962e-07,9.587379924e-07,-1.917475985e-06,0.1065071769,-4.889563761e-05,-3.19118486e-09,1.063728287e-09,2.127456573e-09,-4.254913147e-09,0.0002363413105,-1.085002852e-07,0,0,0,0,0,0
0.04,1,0.003942649343,5.225122059e-05,3.715109721e-05,-2.636529479e-06,6.495449899e-05,-0.02508633831,-7.166566493e-05,0,0,0,0,0,0,-0.02465454695,0.01046967883,-0.0001148296664,-0.0004317913606,-0.004985996066,-0.04501431491,11.54700546,0,-0.0001494524592,0.04501431491,0.4615305308,-0.0575733238,1.025086338,-0.001182528305,6.031918198,0.0575733238,0.001182528305,6.552204581,6.552204581,0.05,0.1310440916,-9.587379924e-07,-9.587379924e-07,9.587379924e-07,-1.438106989e-06,0.1310440916,-5.08131136e-05,-3.779967716e-09,-3.779967716e-09,3.779967716e-09,-5.669951574e-09,0.0005166609017,-2.003382889e-07,0,0,0,0,0,0
0.05,1,0.006155829702,5.201153609e-05,3.691141271e-05,-2.396844981e-06,6.519418349e-05,-0.02508705736,-7.214503393e-05,0,0,0,0,0,0,-0.02454985638,0.01046838703,-0.0001435311801,-0.0005372009826,-0.006203255845,-0.05344680725,11.54700554,0,-0.0001577553736,0.05344680725,0.5313808076,-0.07162902959,1.025087057,-0.00140405227,7.161872172,0.07162902959,0.00140405227,7.766286061,7.766286061,0.05,0.1553257212,-4.793689962e-07,-4.793689962e-07,4.793689962e-07,-1.917475985e-06,0.1553257212,-4.985437561e-05,-2.950913905e-09,-2.950913905e-09,2.950913905e-09,-1.180365562e-08,0.0009561586882,-3.068950462e-07,0,0,0,0,0,0
0.06,1,0.008856374636,5.153216709e-05,3.643204371e-05,-2.396844981e-06,6.591323698e-05,-0.02508705736,-7.142598044e-05,0.001047197551,0.001047197551,0,0.001047197551,0,0,-0.02444518017,0.01046680822,-0.0001722287589,-0.000641877198,-0.007412093335,-0.0618207417,11.54700554,0,-0.0001577553736,0.0618207417,0.5873496919,-0.08558748278,1.025087057,-0.001624036255,8.283979388,0.08558748278,0.001624036255,8.958540599,8.958540599,0.05,0.179170812,-0.0001042403861,-0.0001042403861,4.793689962e-07,-0.0001080753381,0.179170812,-5.129248259e-05,-9.231919117e-07,-9.231919117e-07,4.245471419e-09,-9.57155683e-07,0.001586803835,-4.542654419e-07,0,0,0,0,0,0
0.07,1,0.01204161903,5.177185159e-05,3.691141271e-05,-2.636529479e-06,6.543386798e-05,-0.02508849547,-7.166566493e-05,0,0,0,0,0,0,-0.02434052117,0.01046494247,-0.000200921616,-0.0007479742975,-0.008637393391,-0.0703085242,11.5470057,0,-0.0001743612022,0.0703085242,0.6352371771,-0.09973603076,1.025088495,-0.001847016221,9.421342242,0.09973603076,0.001847016221,10.15816247,10.15816247,0.05,0.2031632493,-0,-4.793689962e-07,9.587379924e-07,-2.396844981e-06,0.2031632493,-5.08131136e-05,-0,-5.772378828e-09,1.154475766e-08,-2.886189414e-08,0.002446414449,-6.118721557e-07,0,0,0,0,0,0
0.08,1,0.01570841944,5.225122059e-05,3.78701507e-05,-2.636529479e-06,6.447512999e-05,-0.02508873515,-7.118629594e-05,0,0,0,0,0,0,-0.02423588227,0.01046278981,-0.0002296089646,-0.0008528528825,-0.009848688092,-0.07869906843,11.54700573,0,-0.0001771288403,0.07869906843,0.6725583361,-0.1137228579,1.025088735,-0.002067438133,10.54567517,0.1137228579,0.002067438133,11.3340238,11.3340238,0.05,0.226680476,-9.587379924e-07,-2.396844981e-06,9.587379924e-07,-4.793689962e-07,0.226680476,-5.177185159e-05,-1.506025851e-08,-3.765064628e-08,1.506025851e-08,-7.530129257e-09,0.003560791996,-8.132539598e-07,0,0,0,0,0,0
0.09,1,0.01985315716,5.273058958e-05,3.78701507e-05,-2.636529479e-06,6.471481449e-05,-0.02508897484,-7.070692694e-05,0,0,0,0,0,0,-0.02413126633,0.01046035031,-0.0002582900185,-0.0009577085066,-0.01105979172,-0.08708808173,11.54700576,0,-0.0001798964784,0.08708808173,0.7030023697,-0.1277074788,1.025088975,-0.002287820032,11.66980295,0.1277074788,0.002287820032,12.50280062,12.50280062,0.05,0.2500560124,-1.917475985e-06,-2.396844981e-06,9.587379924e-07,-9.587379924e-07,0.2500560124,-5.273058958e-05,-3.806795208e-08,-4.75849401e-08,1.903397604e-08,-1.903397604e-08,0.004964401313,-1.046868682e-06,0,0,0,0,0,0
0.1,1,0.02447174185,5.177185159e-05,3.76304662e-05,-2.396844981e-06,6.543386798e-05,-0.02508897484,-6.998787345e-05,0,0,0,0,0,0,-0.02402667622,0.01045762403,-0.0002869639912,-0.001062298617,-0.01226791272,-0.09545622374,11.54700576,0,-0.0001798964784,0.09545622374,0.7274996279,-0.1416576589,1.025088975,-0.002507652672,12.79113398,0.1416576589,0.002507652672,13.66279892,13.66279892,0.05,0.2732559784,-0,-1.917475985e-06,4.793689962e-07,-2.396844981e-06,0.2732559784,-5.416869657e-05,-0,-4.692397731e-08,1.173099433e-08,-5.865497164e-08,0.006687049763,-1.325602359e-06,0,0,0,0,0,0
0.11,1,0.02955961552,5.201153609e-05,3.73907817e-05,-2.396844981e-06,6.639260598e-05,-0.02508897484,-6.878945096e-05,0,0,0,0.001047197551,0,0,-0.02392211481,0.01045461106,-0.0003156300966,-0.001166860032,-0.01347579479,-0.1038225031,11.54700576,0,-0.0001798964784,0.1038225031,0.7474824005,-0.1556050801,1.025088975,-0.00272743638,13.91221541,0.1556050801,0.00272743638,14.81803033,14.81803033,0.05,0.2963606066,-4.793689962e-07,-1.438106989e-06,4.793689962e-07,-0.0001090340761,0.2963606066,-5.656554155e-05,-1.416996322e-08,-4.250988967e-08,1.416996322e-08,-3.223005368e-06,0.008760305588,-1.67205566e-06,0,0,0,0,0,0
0.12,1,0.03511175706,5.177185159e-05,3.643204371e-05,-2.876213977e-06,6.543386798e-05,-0.02508921452,-6.878945096e-05,0,0,0,0,0,0,-0.02381758496,0.01045131146,-0.0003442875488,-0.001271629567,-0.01468618162,-0.1122059282,11.54700579,0,-0.0001826641166,0.1122059282,0.7641135497,-0.1695814243,1.025089215,-0.002947671888,15.03559438,0.1695814243,0.002947671888,15.97223702,15.97223702,0.05,0.3194447405,-0,4.793689962e-07,1.438106989e-06,-2.396844981e-06,0.3194447405,-5.656554155e-05,-0,1.683148774e-08,5.049446321e-08,-8.415743868e-08,0.01121626612,-1.986115553e-06,0,0,0,0,0,0
0.13,1,0.04112268716,5.10527981e-05,3.691141271e-05,-2.396844981e-06,6.519418349e-05,-0.02508921452,-6.831008196e-05,0,0,0,0,0,0,-0.02371308953,0.01044772534,-0.0003729355623,-0.00137612499,-0.01589351398,-0.120567984,11.54700579,0,-0.0001826641166,0.120567984,0.7773490171,-0.1835224981,1.025089215,-0.003167344744,16.15610985,0.1835224981,0.003167344744,17.12014871,17.12014871,0.05,0.3424029742,1.438106989e-06,-4.793689962e-07,4.793689962e-07,-1.917475985e-06,0.3424029742,-5.752427955e-05,5.913882379e-08,-1.971294126e-08,1.971294126e-08,-7.885176506e-08,0.01408053039,-2.365552952e-06,0,0,0,0,0,0
0.14,1,0.04758647377,5.129248259e-05,3.715109721e-05,-2.396844981e-06,6.495449899e-05,-0.02508969389,-6.831008196e-05,0,0,0,0,0,0,-0.0236086314,0.01044385278,-0.0004015733515,-0.001481062488,-0.0171060708,-0.1289660274,11.54700586,0,-0.0001881993928,0.1289660274,0.7887795574,-0.1975238997,1.025089694,-0.003387966171,17.28144767,0.1975238997,0.003387966171,18.27113909,18.27113909,0.05,0.3654227818,9.587379924e-07,-9.587379924e-07,4.793689962e-07,-1.438106989e-06,0.3654227818,-5.752427955e-05,4.562296033e-08,-4.562296033e-08,2.281148016e-08,-6.843444049e-08,0.01738918162,-2.73737762e-06,0,0,0,0,0,0
0.15,1,0.05449673791,5.201153609e-05,3.73907817e-05,-2.396844981e-06,6.447512999e-05,-0.02509017326,-6.807039746e-05,0,0,0,0,0,0,-0.02350421343,0.01043969391,-0.0004302001314,-0.001585959829,-0.0183182928,-0.1373615431,11.54700592,0,-0.000193734669,0.1373615431,0.7980734577,-0.2115214355,1.025090173,-0.003608521608,18.40644677,0.2115214355,0.003608521608,19.41965019,19.41965019,0.05,0.3883930037,-4.793689962e-07,-1.438106989e-06,4.793689962e-07,-4.793689962e-07,0.3883930037,-5.800364854e-05,-2.612404655e-08,-7.837213964e-08,2.612404655e-08,-2.612404655e-08,0.02116615173,-3.161009632e-06,0,0,0,0,0,0
0.16,1,0.06184665998,5.225122059e-05,3.619235921e-05,-2.157160483e-06,6.447512999e-05,-0.02509041295,-6.831008196e-05,0,0,0,0,0,0,-0.02339983848,0.01043524882,-0.0004588151171,-0.001690574466,-0.01952738833,-0.1457351901,11.54700595,0,-0.0001965023071,0.1457351901,0.8052489724,-0.2254828693,1.025090413,-0.003828501171,19.52851548,0.2254828693,0.003828501171,20.56307582,20.56307582,0.05,0.4112615164,-9.587379924e-07,9.587379924e-07,-0,-4.793689962e-07,0.4112615164,-5.752427955e-05,-5.929474263e-08,5.929474263e-08,-0,-2.964737131e-08,0.02543515117,-3.557684558e-06,0,0,0,0,0,0
0.17,1,0.0696289865,5.177185159e-05,3.571299022e-05,-1.917475985e-06,6.543386798e-05,-0.025091132,-6.711165947e-05,0,0,0,0,0,0,-0.02329550941,0.01043051765,-0.0004874175242,-0.00179562259,-0.02074163626,-0.1541443248,11.54700605,0,-0.0002048052214,0.1541443248,0.8117038609,-0.2395037995,1.025091132,-0.004049416997,20.65533953,0.2395037995,0.004049416997,21.7105966,21.7105966,0.05,0.4342119321,-0,1.917475985e-06,-4.793689962e-07,-2.396844981e-06,0.4342119321,-5.992112453e-05,-0,1.335119095e-07,-3.337797736e-08,-1.668898868e-07,0.03023373676,-4.172247171e-06,0,0,0,0,0,0
0.18,1,0.07783603725,5.225122059e-05,3.619235921e-05,-2.636529479e-06,6.471481449e-05,-0.02509233042,-6.711165947e-05,0,0,0,0,0,0,-0.02319122908,0.01042550051,-0.0005160065685,-0.001901101342,-0.02196101253,-0.16258878,11.54700623,0,-0.0002186434118,0.16258878,0.8176200687,-0.2535839485,1.02509233,-0.004271265318,21.78689652,0.2535839485,0.004271265318,22.8623718,22.8623718,0.05,0.457247436,-9.587379924e-07,9.587379924e-07,9.587379924e-07,-9.587379924e-07,0.457247436,-5.992112453e-05,-7.462436609e-08,7.462436609e-08,7.462436609e-08,-7.462436609e-08,0.03559032846,-4.664022881e-06,0,0,0,0,0,0
0.19,1,0.08645971286,5.153216709e-05,3.667172821e-05,-2.636529479e-06,6.519418349e-05,-0.02509185105,-6.807039746e-05,0,0,0,0,0,0,-0.02308700035,0.01042019756,-0.0005445814662,-0.002004850701,-0.0231605843,-0.1708958203,11.54700616,0,-0.0002131081357,0.1708958203,0.819999264,-0.2674354095,1.025091851,-0.004489490035,22.90003992,0.2674354095,0.004489490035,23.99196408,23.99196408,0.05,0.4798392817,4.793689962e-07,-0,9.587379924e-07,-1.917475985e-06,0.4798392817,-5.800364854e-05,4.144610577e-08,-0,8.289221154e-08,-1.657844231e-07,0.04148676651,-5.014978798e-06,0,0,0,0,0,0
0.2,1,0.09549150281,5.225122059e-05,3.643204371e-05,-1.677791487e-06,6.615292148e-05,-0.02509137168,-6.831008196e-05,0,0,0,0,0,-0.001047197551,-0.02298282608,0.01041460893,-0.000573141434,-0.002108545603,-0.02435970093,-0.1791994985,11.54700609,0,-0.0002075728595,0.1791994985,0.8219075334,-0.281281615,1.025091372,-0.00470762602,24.01273279,0.281281615,0.00470762602,25.12062957,25.12062957,0.05,0.5024125914,-9.587379924e-07,4.793689962e-07,-9.587379924e-07,-3.83495197e-06,0.5024125914,4.719547557e-05,-9.15513317e-08,4.577566585e-08,-9.15513317e-08,-3.662053268e-07,0.04797613338,4.506766889e-06,0,0,0,0,0,0
0.21,1,0.1049224938,5.273058958e-05,3.715109721e-05,-2.636529479e-06,6.591323698e-05,-0.025091132,-6.735134397e-05,0,0,0,0,0,0,-0.02287870913,0.01040873479,-0.0006016856887,-0.002212422875,-0.02556110593,-0.1875188212,11.54700605,0,-0.0002048052214,0.1875188212,0.8236635353,-0.2951542449,1.025091132,-0.004926174887,25.12752204,0.2951542449,0.004926174887,26.251266,26.251266,0.05,0.52502532,-1.917475985e-06,-9.587379924e-07,9.587379924e-07,-3.355582973e-06,0.52502532,-5.944175553e-05,-2.011863622e-07,-1.005931811e-07,1.005931811e-07,-3.520761338e-07,0.05508696589,-6.236777227e-06,0,0,0,0,0,0
0.22,1,0.1147433786,5.153216709e-05,3.73907817e-05,-2.636529479e-06,6.447512999e-05,-0.025091132,-6.711165947e-05,0,0,0,0,0,0,-0.02277465234,0.01040257528,-0.000630213448,-0.002316479663,-0.02676477512,-0.1958536208,11.54700605,0,-0.0002048052214,0.1958536208,0.8254299849,-0.3090530203,1.025091132,-0.005145132537,26.24438519,0.3090530203,0.005145132537,27.38401333,27.38401333,0.05,0.5476802666,4.793689962e-07,-1.438106989e-06,9.587379924e-07,-4.793689962e-07,0.5476802666,-5.992112453e-05,5.500441823e-08,-1.650132547e-07,1.100088365e-07,-5.500441823e-08,0.06284268419,-6.875552278e-06,0,0,0,0,0,0
0.23,1,0.1249444652,5.201153609e-05,3.691141271e-05,-2.636529479e-06,6.519418349e-05,-0.02509137168,-6.663229047e-05,0,0,0,0,0,0,-0.02267065857,0.01039613057,-0.0006587239296,-0.002420713114,-0.0279706843,-0.2042037293,11.54700609,0,-0.0002075728595,0.2042037293,0.8271859677,-0.322977662,1.025091372,-0.005364494865,27.36329973,0.322977662,0.005364494865,28.51882785,28.51882785,0.05,0.570376557,-4.793689962e-07,-4.793689962e-07,9.587379924e-07,-1.917475985e-06,0.570376557,-6.087986252e-05,-5.989450286e-08,-5.989450286e-08,1.197890057e-07,-2.395780114e-07,0.07126539387,-7.606601863e-06,0,0,0,0,0,0
0.24,1,0.1355156863,5.297027408e-05,3.667172821e-05,-2.876213977e-06,6.495449899e-05,-0.02509089232,-6.759102847e-05,0,0,0,0,0,0,-0.02256673068,0.01038940086,-0.000687216352,-0.00252416164,-0.02916773871,-0.2124922819,11.54700602,0,-0.0002020375833,0.2124922819,0.8275560641,-0.3368000545,1.025090892,-0.005582232474,28.47396578,0.3368000545,0.005582232474,29.64390413,29.64390413,0.05,0.5928780826,-2.396844981e-06,-0,1.438106989e-06,-1.438106989e-06,0.5928780826,-5.896238653e-05,-3.248100925e-07,-0,1.948860555e-07,-1.948860555e-07,0.08034428025,-7.990328276e-06,0,0,0,0,0,0
0.25,1,0.1464466094,5.273058958e-05,3.73907817e-05,-2.157160483e-06,6.519418349e-05,-0.02508969389,-6.687197497e-05,0,0.001047197551,0,0,0,0,-0.0224628715,0.01038238631,-0.000715689934,-0.00262682239,-0.03035591407,-0.2207191104,11.54700586,0,-0.0001881993928,0.2207191104,0.8266930952,-0.3505199175,1.025089694,-0.005798340033,29.5763608,0.3505199175,0.005798340033,30.75937215,30.75937215,0.05,0.615187443,-1.917475985e-06,-0.0001061578621,-0,-1.917475985e-06,0.615187443,-6.040049352e-05,-2.808078566e-07,-1.554645897e-05,-0,-2.808078566e-07,0.09009211517,-8.845447483e-06,0,0,0,0,0,0
0.26,1,0.157726447,5.201153609e-05,3.667172821e-05,-2.157160483e-06,6.495449899e-05,-0.02508993358,-6.711165947e-05,0,0,0,0,0,0,-0.0223590839,0.01037508712,-0.000744143895,-0.002730849679,-0.03156009484,-0.2290566135,11.54700589,0,-0.0001909670309,0.2290566135,0.8279433169,-0.364424601,1.025089934,-0.006017370903,30.6935862,0.364424601,0.006017370903,31.89197149,31.89197149,0.05,0.6378394299,-4.793689962e-07,-0,-0,-1.438106989e-06,0.6378394299,-5.992112453e-05,-7.560916859e-08,-0,-0,-2.268275058e-07,0.1006041471,-9.451146074e-06,0,0,0,0,0,0
0.27,1,0.1693440673,5.153216709e-05,3.691141271e-05,-2.396844981e-06,6.615292148e-05,-0.02508945421,-6.567355248e-05,0,0,0,0,0,0,-0.02225537071,0.0103675035,-0.0007725774549,-0.0028340835,-0.03275534795,-0.2373320549,11.54700583,0,-0.0001854317547,0.2373320549,0.8278537198,-0.3782261936,1.025089454,-0.006234762858,31.80249536,0.3782261936,0.006234762858,33.01481003,33.01481003,0.05,0.6602962007,4.793689962e-07,-4.793689962e-07,4.793689962e-07,-3.83495197e-06,0.6602962007,-6.27973385e-05,8.117829557e-08,-8.117829557e-08,8.117829557e-08,-6.494263646e-07,0.1118172443,-1.063435672e-05,0,0,0,0,0,0
0.28,1,0.1812880051,5.177185159e-05,3.667172821e-05,-2.396844981e-06,6.543386798e-05,-0.02508897484,-6.663229047e-05,0,0,0,0,0,0,-0.02215173478,0.01035963565,-0.0008009898342,-0.002937240064,-0.03394995194,-0.2456027881,11.54700576,0,-0.0001798964784,0.2456027881,0.8277025524,-0.3920202908,1.025088975,-0.006452030718,32.9107736,0.3920202908,0.006452030718,34.13694848,34.13694848,0.05,0.6827389695,-0,-0,4.793689962e-07,-2.396844981e-06,0.6827389695,-6.087986252e-05,-0,-0,8.690384904e-08,-4.345192452e-07,0.1237723858,-1.103678883e-05,0,0,0,0,0,0
0.29,1,0.1935464732,5.177185159e-05,3.78701507e-05,-3.115898475e-06,6.423544549e-05,-0.02508897484,-6.639260598e-05,0,0,0,0,0,0,-0.02204817894,0.01035148378,-0.000829380254,-0.003040795897,-0.0351494177,-0.2539069918,11.54700576,0,-0.0001798964784,0.2539069918,0.828205838,-0.4058705288,1.025088975,-0.006670183687,34.0235369,0.4058705288,0.006670183687,35.26428345,35.26428345,0.05,0.705285669,-0,-2.396844981e-06,1.917475985e-06,-0,0.705285669,-6.135923152e-05,-0,-4.639008928e-07,3.711207143e-07,-0,0.1365055538,-1.187586286e-05,0,0,0,0,0,0
0.3,1,0.2061073739,5.08131136e-05,3.667172821e-05,-2.876213977e-06,6.495449899e-05,-0.02508825579,-6.471481449e-05,0,0,0,0,0.001047197551,0,-0.02194470605,0.01034304812,-0.0008577479359,-0.00314354974,-0.03633988259,-0.2611014283,11.54700568,0,-0.0001715935641,0.2621486258,0.8274648435,-0.4196168305,1.026135727,-0.0068731983,34.98759139,0.4196168305,0.0068731983,36.24154626,36.24154626,0.05,0.7248309252,1.917475985e-06,-0,1.438106989e-06,-1.438106989e-06,0.7248309252,-6.471481449e-05,3.952059397e-07,-0,2.964044547e-07,-2.964044547e-07,0.1493929985,-1.333820046e-05,0,0,0,0,0,0
0.31,1,0.2189583111,5.153216709e-05,3.643204371e-05,-2.636529479e-06,6.519418349e-05,-0.02508633831,-6.519418349e-05,0,0,0,0,0,0,-0.02184131892,0.0103343289,-0.0008860921022,-0.003245019385,-0.03751578686,-0.2702891718,11.54700546,0,-0.0001494524592,0.2702891718,0.8250859233,-0.4331949957,1.025086338,-0.007100510065,36.21874902,0.4331949957,0.007100510065,37.48413045,37.48413045,0.05,0.749682609,4.793689962e-07,4.793689962e-07,9.587379924e-07,-1.917475985e-06,0.749682609,-6.37560765e-05,1.049618258e-07,1.049618258e-07,2.099236516e-07,-4.198473032e-07,0.1641492379,-1.395992283e-05,0,0,0,0,0,0
0.32,1,0.2320866025,5.225122059e-05,3.715109721e-05,-2.396844981e-06,6.543386798e-05,-0.02508537957,-6.495449899e-05,0,0,0,0,0,0,-0.02173802041,0.01032532636,-0.0009144119759,-0.003347359159,-0.03870201472,-0.2785010267,11.54700536,0,-0.0001383819067,0.2785010267,0.8242909095,-0.4468923716,1.02508538,-0.007316222218,37.31913758,0.4468923716,0.007316222218,38.59763708,38.59763708,0.05,0.7719527416,-9.587379924e-07,-9.587379924e-07,4.793689962e-07,-2.396844981e-06,0.7719527416,-6.423544549e-05,-2.225102434e-07,-2.225102434e-07,1.112551217e-07,-5.562756084e-07,0.1791598891,-1.490818631e-05,0,0,0,0,0,0
0.33,1,0.2454792921,5.153216709e-05,3.76304662e-05,-2.636529479e-06,6.495449899e-05,-0.02508466052,-6.495449899e-05,0,0,0,0,0,0,-0.02163481334,0.01031604074,-0.0009427067804,-0.003449847177,-0.03989023871,-0.2867264976,11.5470053,0,-0.0001300789924,0.2867264976,0.8239173462,-0.4606127976,1.025084661,-0.007532294779,38.42135068,0.4606127976,0.007532294779,39.71341312,39.71341312,0.05,0.7942682624,4.793689962e-07,-1.917475985e-06,9.587379924e-07,-1.438106989e-06,0.7942682624,-6.423544549e-05,1.176751619e-07,-4.707006474e-07,2.353503237e-07,-3.530254856e-07,0.1949764108,-1.576847169e-05,0,0,0,0,0,0
0.34,1,0.2591231629,5.225122059e-05,3.83495197e-05,-2.636529479e-06,6.543386798e-05,-0.02508418115,-6.495449899e-05,0,0,0,0,0,0,-0.02153170054,0.01030647231,-0.0009709757402,-0.003552480609,-0.04108043421,-0.2949654138,11.54700525,0,-0.0001245437161,0.2949654138,0.8238965633,-0.4743559896,1.025084181,-0.007748723563,39.52536545,0.4743559896,0.007748723563,40.83136672,40,0.05,0.8,-9.587379924e-07,-3.355582973e-06,9.587379924e-07,-2.396844981e-06,0.8,-6.423544549e-05,-2.48431221e-07,-8.695092736e-07,2.48431221e-07,-6.210780526e-07,0.2072985304,-1.664489181e-05,0,0,1,0,0,0
0.35,1,0.2730047501,5.249090509e-05,3.667172821e-05,-2.636529479e-06,6.567355248e-05,-0.02508322241,-6.471481449e-05,0,0,0,0,0,0,-0.02142868484,0.01029662131,-0.0009992180802,-0.003654537574,-0.04226427366,-0.3031600813,11.54700517,0,-0.0001134731636,0.3031600813,0.8230987334,-0.4880257866,1.025083222,-0.007963982085,40.62345089,0.4880257866,0.007963982085,41.94253939,40,0.05,0.8,-1.438106989e-06,-0,9.587379924e-07,-2.876213977e-06,0.8,-6.471481449e-05,-3.926100391e-07,-0,2.617400261e-07,-7.852200782e-07,0.2184038001,-1.766745176e-05,0,0,1,0,0,0
0.36,1,0.2871103542,5.273058958e-05,3.667172821e-05,-2.157160483e-06,6.591323698e-05,-0.02508202399,-6.495449899e-05,0,0,0,0,0,0,-0.02132576906,0.01028648804,-0.001027433026,-0.003756254934,-0.0434445,-0.3113295027,11.54700508,0,-9.963497296e-05,0.3113295027,0.8219101856,-0.5016538623,1.025082024,-0.008178572766,41.71815336,0.5016538623,0.008178572766,43.04989598,40,0.05,0.8,-1.917475985e-06,-0,-0,-3.355582973e-06,0.8,-6.423544549e-05,-5.505272092e-07,-0,-0,-9.634226161e-07,0.2296882834,-1.844266151e-05,0,0,1,0,0,0
0.37,1,0.3014260547,5.201153609e-05,3.691141271e-05,-2.157160483e-06,6.519418349e-05,-0.02508010651,-6.471481449e-05,0,0,0,0,0,0,-0.02122295602,0.01027607275,-0.001055619805,-0.003857150496,-0.0446155532,-0.3194351572,11.54700497,0,-7.749386789e-05,0.3194351572,0.8197686743,-0.5151760143,1.025080107,-0.008391475529,42.80431106,0.5151760143,0.008391475529,44.14764723,40,0.05,0.8,-4.793689962e-07,-4.793689962e-07,-0,-1.917475985e-06,0.8,-6.471481449e-05,-1.444943053e-07,-1.444943053e-07,-0,-5.779772211e-07,0.2411408437,-1.950673121e-05,0,0,1,0,0,0
0.38,1,0.3159377237,5.201153609e-05,3.73907817e-05,-2.396844981e-06,6.519418349e-05,-0.02507890809,-6.495449899e-05,0,0,0,0,0,0,-0.02112024854,0.01026537574,-0.001083777643,-0.003958659551,-0.04579401431,-0.3275919187,11.54700491,0,-6.365567721e-05,0.3275919187,0.8191282896,-0.5287837079,1.025078908,-0.008605731335,43.89731711,0.5287837079,0.008605731335,45.25383483,40,0.05,0.8,-4.793689962e-07,-1.438106989e-06,4.793689962e-07,-1.917475985e-06,0.8,-6.423544549e-05,-1.514507495e-07,-4.543522484e-07,1.514507495e-07,-6.058029978e-07,0.2527501789,-2.029440043e-05,0,0,1,0,0,0
0.39,1,0.3306310399,5.273058958e-05,3.691141271e-05,-2.636529479e-06,6.471481449e-05,-0.02507675093,-6.447512999e-05,0,0,0,0,0,0,-0.02101764944,0.01025439729,-0.001111905768,-0.00405910149,-0.04696048501,-0.3356653935,11.54700483,0,-3.874693397e-05,0.3356653935,0.8170659499,-0.5422529472,1.025076751,-0.008817781735,44.97916273,0.5422529472,0.008817781735,46.34729941,40,0.05,0.8,-1.917475985e-06,-4.793689962e-07,9.587379924e-07,-9.587379924e-07,0.8,-6.519418349e-05,-6.339770788e-07,-1.584942697e-07,3.169885394e-07,-3.169885394e-07,0.2645048319,-2.155522068e-05,0,0,1,0,0,0
0.4,1,0.3454915028,5.201153609e-05,3.691141271e-05,-3.595267472e-06,6.495449899e-05,-0.02507555251,-6.37560765e-05,0,0,0,0,0,0,-0.02091516153,0.01024313772,-0.00114000341,-0.004160390977,-0.04813708152,-0.3438088047,11.5470048,0,-2.490874327e-05,0.3438088047,0.8165627739,-0.5558391115,1.025075553,-0.009031684436,46.07037983,0.5558391115,0.009031684436,47.4518134,40,0.05,0.8,-4.793689962e-07,-4.793689962e-07,2.876213977e-06,-1.438106989e-06,0.8,-6.663229047e-05,-1.656179149e-07,-1.656179149e-07,9.937074894e-07,-4.968537447e-07,0.2763932023,-2.302089017e-05,0,0,1,0,0,0
0.41,1,0.360504447,5.201153609e-05,3.643204371e-05,-2.876213977e-06,6.37560765e-05,-0.02507435408,-6.399576099e-05,0,0,0,0,0,0,-0.02081278762,0.01023159733,-0.001168069799,-0.004261566464,-0.04931270834,-0.3519452812,11.54700479,0,-1.107055256e-05,0.3519452812,0.816079035,-0.5694140793,1.025074354,-0.009245403964,47.16066768,0.5694140793,0.009245403964,48.5554062,40,0.05,0.8,-4.793689962e-07,4.793689962e-07,1.438106989e-06,9.587379924e-07,0.8,-6.615292148e-05,-1.728146549e-07,1.728146549e-07,5.184439646e-07,3.456293098e-07,0.2884035576,-2.384842237e-05,0,0,1,0,0,0
0.42,1,0.3756550564,5.225122059e-05,3.691141271e-05,-2.396844981e-06,6.543386798e-05,-0.02507195724,-6.3516392e-05,0,0,0,0,0,0,-0.02071053052,0.01021977643,-0.001196104164,-0.004361426721,-0.05047350228,-0.3599787751,11.54700479,-0,1.660582885e-05,0.3599787751,0.813608952,-0.5828177727,1.025071957,-0.009456395094,48.23715586,0.5828177727,0.009456395094,49.64303898,40,0.05,0.8,-9.587379924e-07,-4.793689962e-07,4.793689962e-07,-2.396844981e-06,0.8,-6.711165947e-05,-3.601547746e-07,-1.800773873e-07,1.800773873e-07,-9.003869366e-07,0.3005240451,-2.521083422e-05,0,0,1,0,0,0
0.43,1,0.3909283793,5.129248259e-05,3.667172821e-05,-2.396844981e-06,6.471481449e-05,-0.02506884134,-6.423544549e-05,0,0,0,0,0,0,-0.02060839303,0.01020767536,-0.001224105738,-0.004460448315,-0.05162497356,-0.3679474603,11.54700487,-0,5.258512466e-05,0.3679474603,0.8106170236,-0.596113821,1.025068841,-0.009665668218,49.30495968,0.596113821,0.009665668218,50.72135619,40,0.05,0.8,9.587379924e-07,-0,4.793689962e-07,-9.587379924e-07,0.8,-6.567355248e-05,3.747978896e-07,-0,1.873989448e-07,-3.747978896e-07,0.3127427034,-2.567365543e-05,0,0,1,0,0,0
0.44,1,0.4063093427,5.153216709e-05,3.73907817e-05,-3.115898475e-06,6.495449899e-05,-0.02506740323,-6.447512999e-05,0,0,0,0,0,0,-0.02050637794,0.01019529443,-0.001252073751,-0.00456102529,-0.05279477346,-0.3760429126,11.54700493,-0,6.919095349e-05,0.3760429126,0.8103692232,-0.6096215094,1.025067403,-0.009878301177,50.38975029,0.6096215094,0.009878301177,51.81961932,40,0.05,0.8,4.793689962e-07,-1.438106989e-06,1.917475985e-06,-1.438106989e-06,0.8,-6.519418349e-05,1.947721018e-07,-5.843163053e-07,7.790884071e-07,-5.843163053e-07,0.3250474742,-2.648900584e-05,0,0,1,0,0,0
0.45,1,0.4217827675,5.249090509e-05,3.81098352e-05,-3.355582973e-06,6.495449899e-05,-0.02506596513,-6.447512999e-05,0,0,0,0,0,0,-0.02040448807,0.010182634,-0.001280007439,-0.004661477058,-0.05396350335,-0.3841307328,11.54700501,-0,8.57967823e-05,0.3841307328,0.8100942958,-0.6231168434,1.025065965,-0.01009073246,51.4735182,0.6231168434,0.01009073246,52.91682007,40,0.05,0.8,-1.438106989e-06,-2.876213977e-06,2.396844981e-06,-1.438106989e-06,0.8,-6.519418349e-05,-6.065687456e-07,-1.213137491e-06,1.010947909e-06,-6.065687456e-07,0.337426214,-2.749778313e-05,0,0,1,0,0,0
0.46,1,0.4373333832,5.153216709e-05,3.78701507e-05,-2.396844981e-06,6.519418349e-05,-0.02506236986,-6.399576099e-05,0,0,0,0,0,0,-0.0203027262,0.0101696944,-0.001307906035,-0.004759643665,-0.05510622927,-0.392038167,11.54700527,-0,0.0001273113542,0.392038167,0.8066588126,-0.63631192,1.02506237,-0.01029838065,52.53311438,0.63631192,0.01029838065,53.98638349,40,0.05,0.8,4.793689962e-07,-2.396844981e-06,4.793689962e-07,-1.917475985e-06,0.8,-6.615292148e-05,2.096440649e-07,-1.048220325e-06,2.096440649e-07,-8.385762597e-07,0.3498667066,-2.893088096e-05,0,0,1,0,0,0
0.47,1,0.4529458433,5.10527981e-05,3.73907817e-05,-3.115898475e-06,6.495449899e-05,-0.0250602127,-6.37560765e-05,0,0,0,0,0,0,-0.02020109511,0.01015647599,-0.001335768774,-0.004859117588,-0.0562644405,-0.400052669,11.54700549,-0,0.0001522200973,0.400052669,0.8056693772,-0.6496858031,1.025060213,-0.01050886794,53.60705765,0.6496858031,0.01050886794,55.0729217,40,0.05,0.8,1.438106989e-06,-1.438106989e-06,1.917475985e-06,-1.438106989e-06,0.8,-6.663229047e-05,6.513845828e-07,-6.513845828e-07,8.68512777e-07,-6.513845828e-07,0.3623566747,-3.0180819e-05,0,0,1,0,0,0
0.48,1,0.4686047402,5.225122059e-05,3.619235921e-05,-3.595267472e-06,6.495449899e-05,-0.02505685712,-6.423544549e-05,0,0,0,0,0,0,-0.0200995976,0.01014297914,-0.001363594892,-0.004957259513,-0.05740766769,-0.4079631318,11.54700589,-0,0.0001909670309,0.4079631318,0.8029568335,-0.6628866769,1.025056857,-0.01071659544,54.66705967,0.6628866769,0.01071659544,56.14361977,40,0.05,0.8,-9.587379924e-07,9.587379924e-07,2.876213977e-06,-1.438106989e-06,0.8,-6.567355248e-05,-4.492691679e-07,4.492691679e-07,1.347807504e-06,-6.739037518e-07,0.3748837922,-3.0774938e-05,0,0,1,0,0,0
0.49,1,0.4842946205,5.177185159e-05,3.595267472e-05,-3.355582973e-06,6.399576099e-05,-0.0250539809,-6.423544549e-05,0,0,0,0,0,0,-0.01999823646,0.01012920422,-0.001391383626,-0.005055744447,-0.05855525892,-0.4159036083,11.54700631,-0,0.000224178688,0.4159036083,0.8013165647,-0.676137944,1.025053981,-0.01092511885,55.73108351,0.676137944,0.01092511885,57.21946313,40,0.05,0.8,-0,1.438106989e-06,2.396844981e-06,4.793689962e-07,0.8,-6.567355248e-05,-0,6.964674782e-07,1.16077913e-06,2.321558261e-07,0.3874356964,-3.180534817e-05,0,0,1,0,0,0
0.5,1,0.5,5.177185159e-05,3.595267472e-05,-2.636529479e-06,6.495449899e-05,-0.02505062532,-6.3516392e-05,0,0,0,0,0,0,-0.01989701444,0.0101151516,-0.001419134215,-0.005153610875,-0.05969611816,-0.4237972172,11.54700688,-0,0.0002629256211,0.4237972172,0.7991268034,-0.6893114871,1.025050625,-0.01113239837,56.7888271,0.6893114871,0.01113239837,58.28839779,40,0.05,0.8,-0,1.438106989e-06,9.587379924e-07,-1.438106989e-06,0.8,-6.711165947e-05,-0,7.190534943e-07,4.793689962e-07,-7.190534943e-07,0.4,-3.355582973e-05,0,0,1,0,0,0
0.51,1,0.5157053795,5.153216709e-05,3.595267472e-05,-2.876213977e-06,6.471481449e-05,-0.02504679037,-6.423544549e-05,0,0,0,0,0,0,-0.01979593435,0.01010082167,-0.001446845897,-0.00525085602,-0.0608302199,-0.4316437794,11.54700764,-0,0.00030720783,0.4316437794,0.7964089145,-0.7024070142,1.02504679,-0.01133842875,57.84026644,0.7024070142,0.01133842875,59.3504208,40,0.05,0.8,4.793689962e-07,1.438106989e-06,1.438106989e-06,-9.587379924e-07,0.8,-6.567355248e-05,2.472131701e-07,7.416395104e-07,7.416395104e-07,-4.944263403e-07,0.4125643036,-3.386820431e-05,0,0,1,0,0,0
0.52,1,0.5313952598,5.177185159e-05,3.571299022e-05,-2.876213977e-06,6.423544549e-05,-0.02504223636,-6.423544549e-05,0,0,0,0,0,0,-0.01969499893,0.01008621481,-0.001474517914,-0.005347237428,-0.06195477092,-0.4394239381,11.54700871,-0,0.0003597929525,0.4394239381,0.7929865166,-0.7153922792,1.025042236,-0.01154269558,58.88280771,0.7153922792,0.01154269558,60.4027292,40,0.05,0.8,-0,1.917475985e-06,1.438106989e-06,-0,0.8,-6.567355248e-05,-0,1.018937649e-06,7.642032368e-07,-0,0.4251162078,-3.489861448e-05,0,0,1,0,0,0
0.53,1,0.5470541567,5.201153609e-05,3.595267472e-05,-2.636529479e-06,6.423544549e-05,-0.02503744267,-6.3516392e-05,0,0,0,0,0,0,-0.01959421097,0.01007133144,-0.001502149506,-0.005443231699,-0.06307528083,-0.4471758663,11.54701001,-0,0.0004151457122,0.4471758663,0.7897934194,-0.728330899,1.025037443,-0.01174621173,59.92156608,0.728330899,0.01174621173,61.45143661,40,0.05,0.8,-4.793689962e-07,1.438106989e-06,9.587379924e-07,-0,0.8,-6.711165947e-05,-2.62240802e-07,7.867224059e-07,5.244816039e-07,-0,0.4376433253,-3.671371227e-05,0,0,1,0,0,0
0.54,1,0.5626666168,5.249090509e-05,3.715109721e-05,-2.157160483e-06,6.423544549e-05,-0.02503121088,-6.3516392e-05,0,0,0,0,0,0,-0.01949357323,0.01005617196,-0.001529739916,-0.005537637649,-0.06417788573,-0.4548034939,11.54701198,-0,0.0004871042984,0.4548034939,0.7849394554,-0.7410628151,1.025031211,-0.01194642551,60.94366818,0.7410628151,0.01194642551,62.48161688,40,0.05,0.8,-1.438106989e-06,-9.587379924e-07,-0,-0,0.8,-6.711165947e-05,-8.091747939e-07,-5.394498626e-07,-0,-0,0.4501332934,-3.776149038e-05,0,0,1,0,0,0
0.55,1,0.5782172325,5.129248259e-05,3.667172821e-05,-2.157160483e-06,6.447512999e-05,-0.02502234255,-6.3516392e-05,0,0,0,0,0,0,-0.01939308845,0.01004073678,-0.001557288387,-0.005629254096,-0.06524872163,-0.4622107385,11.54701532,-0,0.0005895068985,0.4622107385,0.7768812756,-0.7534279881,1.025022343,-0.01214078319,61.93623896,0.7534279881,0.01214078319,63.478689,40,0.05,0.8,9.587379924e-07,-0,-0,-4.793689962e-07,0.8,-6.711165947e-05,5.543588287e-07,-0,-0,-2.771794143e-07,0.462573786,-3.880511801e-05,0,0,1,0,0,0
0.56,1,0.5936906573,5.129248259e-05,3.499393672e-05,-3.355582973e-06,6.495449899e-05,-0.02501035832,-6.3516392e-05,0,0,0,0,0,0,-0.01929275941,0.01002502634,-0.001584794164,-0.005717598916,-0.06628222737,-0.4693590352,11.54702084,-0,0.0007278887829,0.4693590352,0.7654976426,-0.7653622609,1.025010358,-0.01232825758,62.89411072,0.7653622609,0.01232825758,64.43729888,40,0.05,0.8,9.587379924e-07,3.355582973e-06,2.396844981e-06,-1.438106989e-06,0.8,-6.711165947e-05,5.691937889e-07,1.992178261e-06,1.422984472e-06,-8.537906833e-07,0.4749525258,-3.984356522e-05,0,0,1,0,0,0
0.57,1,0.6090716207,5.153216709e-05,3.571299022e-05,-2.636529479e-06,6.471481449e-05,-0.02499669631,-6.3516392e-05,0,0,0,0,0.001047197551,0,-0.01919258884,0.01000904105,-0.001612256493,-0.005804107465,-0.06729498282,-0.4753160507,11.54702856,-0,0.0008856441183,0.4763632482,0.7536346373,-0.7770570885,1.026044168,-0.01250992198,63.69235079,0.7770570885,0.01250992198,65.23555244,40,0.05,0.8,4.793689962e-07,1.917475985e-06,9.587379924e-07,-9.587379924e-07,0.8,-6.711165947e-05,2.919700514e-07,1.167880206e-06,5.839401029e-07,-5.839401029e-07,0.4872572966,-4.08758072e-05,0,0,1,0,0,0
0.58,1,0.6243449436,5.10527981e-05,3.619235921e-05,-2.876213977e-06,6.591323698e-05,-0.02498782798,-6.423544549e-05,0,0,0,0,0,0,-0.0190925795,0.009992781353,-0.001639674622,-0.005895248479,-0.0683616884,-0.4837410825,11.54703437,-0,0.0009880466958,0.4837410825,0.7507830555,-0.7893747658,1.024987828,-0.01270546011,64.82130506,0.7893747658,0.01270546011,66.37416834,40,0.05,0.8,1.438106989e-06,9.587379924e-07,1.438106989e-06,-3.355582973e-06,0.8,-6.567355248e-05,8.978748267e-07,5.985832178e-07,8.978748267e-07,-2.095041262e-06,0.4994759549,-4.100295042e-05,0,0,1,0,0,0
0.59,1,0.639495553,5.129248259e-05,3.715109721e-05,-2.876213977e-06,6.519418349e-05,-0.02497871997,-6.399576099e-05,0,0,0,0,0.001047197551,0,-0.01899273413,0.009976247703,-0.001667047798,-0.005985985842,-0.06942419755,-0.4900423775,11.54704101,-0,0.001093216902,0.4910895751,0.7477012865,-0.8016440561,1.026026192,-0.01289705469,65.66567859,0.8016440561,0.01289705469,67.22792099,40,0.05,0.8,9.587379924e-07,-9.587379924e-07,1.438106989e-06,-1.917475985e-06,0.8,-6.615292148e-05,6.131086827e-07,-6.131086827e-07,9.19663024e-07,-1.226217365e-06,0.5115964424,-4.23044991e-05,0,0,1,0,0,0
0.6,1,0.6545084972,5.249090509e-05,3.691141271e-05,-3.115898475e-06,6.471481449e-05,-0.02496769448,-6.3516392e-05,0,0,0,0,0.001047197551,0,-0.01889305546,0.009959440549,-0.001694375271,-0.006074639024,-0.07046311059,-0.4972270582,11.54704994,-0,0.001220528193,0.4982742558,0.7422643869,-0.8136410568,1.026015166,-0.01308586163,66.6284258,0.8136410568,0.01308586163,68.19741711,40,0.05,0.8,-1.438106989e-06,-4.793689962e-07,1.917475985e-06,-9.587379924e-07,0.8,-6.711165947e-05,-9.412532439e-07,-3.137510813e-07,1.255004325e-06,-6.275021626e-07,0.5236067977,-4.392515138e-05,0,0,1,0,0,0
0.61,1,0.6693689601,5.201153609e-05,3.619235921e-05,-3.355582973e-06,6.495449899e-05,-0.024956669,-6.447512999e-05,0,0,0,0,0.001047197551,0,-0.01879354623,0.009942360352,-0.001721656292,-0.006163122769,-0.07150054251,-0.5044011961,11.54705985,-0,0.001347839469,0.5054483936,0.7376896273,-0.8256210435,1.026004141,-0.01327438298,67.58976028,0.8256210435,0.01327438298,69.16634533,40,0.05,0.8,-4.793689962e-07,9.587379924e-07,2.396844981e-06,-1.438106989e-06,0.8,-6.519418349e-05,-3.208747265e-07,6.41749453e-07,1.604373633e-06,-9.626241795e-07,0.5354951681,-4.363896281e-05,0,0,1,0,0,0
0.62,1,0.6840622763,5.177185159e-05,3.643204371e-05,-2.396844981e-06,6.543386798e-05,-0.02494396572,-6.423544549e-05,0,0,0,0,0.001047197551,0,-0.01869420916,0.009925007581,-0.001748890113,-0.006249756557,-0.07251709344,-0.511430306,11.54707249,-0,0.001494524179,0.5124775036,0.7312709189,-0.8373601344,1.025991437,-0.01345903557,68.53166101,0.8373601344,0.01345903557,70.1137511,40,0.05,0.8,-0,4.793689962e-07,4.793689962e-07,-2.396844981e-06,0.8,-6.567355248e-05,-0,3.279182468e-07,3.279182468e-07,-1.639591234e-06,0.5472498211,-4.492479981e-05,0,0,1,0,0,0
0.63,1,0.6985739453,5.249090509e-05,3.715109721e-05,-2.636529479e-06,6.471481449e-05,-0.02493150212,-6.32767075e-05,0,0,0,0,0,0,-0.01859504698,0.00990738271,-0.001776075987,-0.006336455141,-0.07353487823,-0.5195148719,11.54708615,-0,0.00163844123,0.5195148719,0.7262814676,-0.8491135742,1.024931502,-0.0136435591,69.61499284,0.8491135742,0.0136435591,71.20403144,40,0.05,0.8,-1.438106989e-06,-9.587379924e-07,9.587379924e-07,-9.587379924e-07,0.8,-6.759102847e-05,-1.004624073e-06,-6.697493819e-07,6.697493819e-07,-6.697493819e-07,0.5588591563,-4.721733142e-05,0,0,1,0,0,0
0.64,1,0.7128896458,5.177185159e-05,3.691141271e-05,-2.636529479e-06,6.495449899e-05,-0.02492191474,-6.32767075e-05,0,0,0,0,0.001047197551,0,-0.01849606241,0.009889486223,-0.001803213169,-0.006425852332,-0.07458431475,-0.5257241898,11.54709752,-0,0.001749146636,0.5267713874,0.7261079296,-0.8612323559,1.025969386,-0.01383460531,70.44704143,0.8612323559,0.01383460531,72.04821633,40,0.05,0.8,-0,-4.793689962e-07,9.587379924e-07,-1.438106989e-06,0.8,-6.759102847e-05,-0,-3.417371939e-07,6.834743878e-07,-1.025211582e-06,0.5703117166,-4.818494434e-05,0,0,1,0,0,0
0.65,1,0.7269952499,5.225122059e-05,3.691141271e-05,-2.396844981e-06,6.471481449e-05,-0.02490825273,-6.37560765e-05,0,0,0,0,0.001047197551,0,-0.01839725816,0.009871318611,-0.001830300915,-0.006510994566,-0.07558511438,-0.5326432154,11.547115,-0,0.001906901813,0.533690413,0.7199528087,-0.8727900082,1.025955724,-0.01401630845,71.37419087,0.8727900082,0.01401630845,72.98094999,40,0.05,0.8,-9.587379924e-07,-4.793689962e-07,4.793689962e-07,-9.587379924e-07,0.8,-6.663229047e-05,-6.969979664e-07,-3.484989832e-07,3.484989832e-07,-6.969979664e-07,0.5815961999,-4.844135866e-05,0,0,1,0,0,0
0.66,1,0.7408768371,5.153216709e-05,3.691141271e-05,-3.355582973e-06,6.519418349e-05,-0.02489890503,-6.399576099e-05,0,0,0,0,0,0,-0.01829863694,0.009852880372,-0.001857338483,-0.00660026809,-0.07663411873,-0.5409433738,11.54712783,-0,0.002014839544,0.5409433738,0.7210819654,-0.8849039654,1.024898905,-0.01420541325,72.48641209,0.8849039654,0.01420541325,74.10660343,40,0.05,0.8,4.793689962e-07,-4.793689962e-07,2.396844981e-06,-1.917475985e-06,0.8,-6.615292148e-05,3.551533857e-07,-3.551533857e-07,1.775766928e-06,-1.420613543e-06,0.5927014696,-4.901116723e-05,0,0,1,0,0,0
0.67,1,0.7545207079,5.153216709e-05,3.691141271e-05,-3.355582973e-06,6.399576099e-05,-0.02488811923,-6.423544549e-05,0,0,0,0,0.001047197551,0,-0.01820020146,0.009834172011,-0.00188432513,-0.006687917775,-0.07766487726,-0.5470223454,11.54714352,-0,0.002139383059,0.548069543,0.7192801511,-0.8968074839,1.025935591,-0.01439412496,73.30099429,0.8968074839,0.01439412496,74.93147605,40,0.05,0.8,4.793689962e-07,-4.793689962e-07,2.396844981e-06,4.793689962e-07,0.8,-6.567355248e-05,3.616938344e-07,-3.616938344e-07,1.808469172e-06,3.616938344e-07,0.6036165663,-4.955205531e-05,0,0,1,0,0,0
0.68,1,0.7679133975,5.153216709e-05,3.667172821e-05,-2.876213977e-06,6.543386798e-05,-0.02487349848,-6.3037023e-05,0,0,0,0,0.002094395102,0,-0.0181019544,0.009815194042,-0.001911260118,-0.006771544075,-0.07864968643,-0.5527823838,11.54716628,-0,0.002308208673,0.5548767789,0.7120490723,-0.9081810068,1.02696899,-0.01457501006,74.07283943,0.9081810068,0.01457501006,75.70764452,40,0.05,0.8,4.793689962e-07,-0,1.438106989e-06,-2.396844981e-06,0.8,-6.807039746e-05,3.681138745e-07,-0,1.104341624e-06,-1.840569373e-06,0.614330718,-5.227217018e-05,0,0,1,0,0,0
0.69,1,0.7810416889,5.177185159e-05,3.715109721e-05,-2.636529479e-06,6.519418349e-05,-0.02485576182,-6.3516392e-05,0,0,0,0,0.001047197551,0,-0.01800389847,0.009795946984,-0.001938142708,-0.006851863351,-0.07959682223,-0.5603752051,11.54719621,-0,0.002513013448,0.5614224026,0.7015562155,-0.9191201236,1.025903234,-0.0147445566,75.09027748,0.9191201236,0.0147445566,76.72569837,40,0.05,0.8,-0,-9.587379924e-07,9.587379924e-07,-1.917475985e-06,0.8,-6.711165947e-05,-0,-7.488143408e-07,7.488143408e-07,-1.497628682e-06,0.6248333511,-5.241700386e-05,0,0,1,0,0,0
0.7,1,0.7938926261,5.08131136e-05,3.691141271e-05,-2.636529479e-06,6.423544549e-05,-0.02483275211,-6.3037023e-05,0,0,0,0,0.003141592654,0,-0.01790603636,0.009776431365,-0.001964972162,-0.006926715755,-0.08048134824,-0.5643917782,11.54723882,-0,0.002778706012,0.5675333709,0.6846569681,-0.9293373489,1.027976812,-0.01491033236,75.62849828,0.9293373489,0.01491033236,77.25740293,40,0.05,0.8,1.917475985e-06,-4.793689962e-07,9.587379924e-07,-0,0.8,-6.807039746e-05,1.522270045e-06,-3.805675113e-07,7.611350226e-07,-0,0.6351141009,-5.40405866e-05,0,0,1,0,0,0
0.71,1,0.8064535268,5.249090509e-05,3.643204371e-05,-2.396844981e-06,6.447512999e-05,-0.02479679944,-6.3037023e-05,0,0,0,0,0.003141592654,0,-0.01780837074,0.00975664772,-0.001991747746,-0.006988428699,-0.08121467002,-0.5694533058,11.54731398,-0,0.003193850342,0.5725948985,0.6520344467,-0.9378112945,1.027940859,-0.01504299757,76.30674298,0.9378112945,0.01504299757,77.91163172,40,0.05,0.8,-1.438106989e-06,4.793689962e-07,4.793689962e-07,-4.793689962e-07,0.8,-6.807039746e-05,-1.159766453e-06,3.865888176e-07,3.865888176e-07,-3.865888176e-07,0.6451628215,-5.489561211e-05,0,0,1,0,0,0
0.72,1,0.8187119949,5.320995858e-05,3.667172821e-05,-2.876213977e-06,6.423544549e-05,-0.02476468171,-6.32767075e-05,0,0,0,0,0.003141592654,0,-0.01771090429,0.009736596592,-0.002018468725,-0.00705377742,-0.0819904987,-0.5748089789,11.54738996,-0,0.003564712264,0.5779505716,0.6308067957,-0.9467762612,1.027908742,-0.01518352718,77.02440318,0.9467762612,0.01518352718,78.61716976,40,0.05,0.8,-2.876213977e-06,-0,1.438106989e-06,-0,0.8,-6.759102847e-05,-2.354790883e-06,-0,1.177395442e-06,-0,0.6549695959,-5.533758575e-05,0,0,1,0,0,0
0.73,1,0.8306559327,5.344964308e-05,3.571299022e-05,-3.115898475e-06,6.471481449e-05,-0.02472848935,-6.32767075e-05,0,0,0,0,0.003141592654,0,-0.0176136397,0.00971627853,-0.002045134367,-0.007114849659,-0.08271747203,-0.5798248894,11.54748556,-0,0.003982623389,0.582966482,0.6071918796,-0.9551788142,1.027872549,-0.01531494347,77.69653518,0.9551788142,0.01531494347,79.27422081,40,0.05,0.8,-3.355582973e-06,1.917475985e-06,1.917475985e-06,-9.587379924e-07,0.8,-6.759102847e-05,-2.787334904e-06,1.592762803e-06,1.592762803e-06,-7.963814013e-07,0.6645247461,-5.614488879e-05,0,0,1,0,0,0
0.74,1,0.842273553,5.153216709e-05,3.595267472e-05,-2.876213977e-06,6.399576099e-05,-0.02468798267,-6.32767075e-05,0,0,0,0,0.003141592654,0,-0.01751657961,0.009695694091,-0.00207174394,-0.007171403063,-0.0833927935,-0.5844814256,11.54760513,-0,0.004450351113,0.5876230182,0.5812410411,-0.9629870498,1.027832043,-0.01543672005,78.32051103,0.9629870498,0.01543672005,79.88017584,40,0.05,0.8,4.793689962e-07,1.438106989e-06,1.438106989e-06,4.793689962e-07,0.8,-6.759102847e-05,4.037598276e-07,1.211279483e-06,1.211279483e-06,4.037598276e-07,0.6738188424,-5.693013569e-05,0,0,1,0,0,0
0.75,1,0.8535533906,5.08131136e-05,3.571299022e-05,-3.355582973e-06,6.447512999e-05,-0.02463788861,-6.231796951e-05,0,0,0,0,0.005235987756,0,-0.0174197267,0.00967484384,-0.002098296716,-0.007218161914,-0.08395554177,-0.5862609634,11.54777133,-0,0.005028782606,0.5914969512,0.5452284111,-0.9694993985,1.02988073,-0.01554550557,78.5589691,0.9694993985,0.01554550557,80.08924241,40,0.05,0.8,1.917475985e-06,1.917475985e-06,2.396844981e-06,-4.793689962e-07,0.8,-6.950850445e-05,1.636668128e-06,1.636668128e-06,2.04583516e-06,-4.091670321e-07,0.6828427125,-5.932921965e-05,0,0,1,0,0,0
0.76,1,0.8644843137,5.129248259e-05,3.667172821e-05,-3.115898475e-06,6.567355248e-05,-0.024562388,-6.27973385e-05,0,0,0,0,0.007330382858,0,-0.01732308362,0.009653728349,-0.002124791965,-0.007239304379,-0.08422300335,-0.5859882115,11.54806017,-0,0.005900578837,0.5933185943,0.4780482069,-0.9726123102,1.031906204,-0.01559945176,78.52242034,0.9726123102,0.01559945176,79.98868031,40,0.05,0.8,9.587379924e-07,-0,1.917475985e-06,-2.876213977e-06,0.8,-6.854976646e-05,8.288139554e-07,-0,1.657627911e-06,-2.486441866e-06,0.691587451,-5.926019781e-05,0,0,1,0,0,0
0.77,1,0.8750555348,5.129248259e-05,3.667172821e-05,-3.115898475e-06,6.447512999e-05,-0.02446196019,-6.27973385e-05,0,0,0,0,0.01047197551,0,-0.01722665301,0.009632348195,-0.002151228963,-0.007235307177,-0.08420066079,-0.5826517789,11.54851578,-0,0.007060200907,0.5931237544,0.3862960403,-0.9723926603,1.034961351,-0.01560261347,78.07533837,0.9723926603,0.01560261347,79.44962968,40,0.05,0.8,9.587379924e-07,-0,1.917475985e-06,-4.793689962e-07,0.8,-6.854976646e-05,8.389489867e-07,-0,1.677897973e-06,-4.194744934e-07,0.7000444279,-5.998485255e-05,0,0,1,0,0,0
0.78,1,0.8852566214,5.153216709e-05,3.73907817e-05,-3.355582973e-06,6.495449899e-05,-0.02433636552,-6.27973385e-05,0,0,0,0,0.01256637061,0,-0.01713043753,0.009610703966,-0.002177606983,-0.007205927981,-0.08388567543,-0.5783234636,11.54920035,-0,0.008510410235,0.5908898342,0.2739612966,-0.9688124719,1.036942215,-0.01554604541,77.49534413,0.9688124719,0.01554604541,78.75366394,40,0.05,0.8,4.793689962e-07,-1.438106989e-06,2.396844981e-06,-1.438106989e-06,0.8,-6.854976646e-05,4.24364578e-07,-1.273093734e-06,2.12182289e-06,-1.273093734e-06,0.7082052971,-6.068413465e-05,0,0,1,0,0,0
0.79,1,0.8950775062,5.129248259e-05,3.78701507e-05,-3.595267472e-06,6.471481449e-05,-0.02418416586,-6.27973385e-05,0,0,0,-0.001047197551,0.01570796327,0,-0.01703443981,0.009588796255,-0.002203925303,-0.007149726045,-0.08326134063,-0.57078923,11.55020089,-0,0.01026780219,0.5864971933,0.1428839292,-0.9616852109,1.039953814,-0.01543276997,76.48575682,0.9616852109,0.01543276997,77.60575873,40,0.05,0.8,9.587379924e-07,-2.396844981e-06,2.876213977e-06,0.0001037610171,0.8,-6.854976646e-05,8.581448114e-07,-2.145362028e-06,2.574434434e-06,9.287415245e-05,0.716062005,-6.135735401e-05,0,0,1,0,0,0
0.8,1,0.9045084972,5.177185159e-05,3.78701507e-05,-3.355582973e-06,6.615292148e-05,-0.0240242963,-6.3037023e-05,0,0,0,0,0.01780235837,0,-0.01693866249,0.009566625662,-0.002230183201,-0.007085633813,-0.08254624827,-0.5636614613,11.55145365,-0,0.01211372994,0.5814638196,0.02527956931,-0.9535291606,1.041905886,-0.01529731936,75.53063581,0.9535291606,0.01529731936,76.52474186,40,0.05,0.8,-0,-2.396844981e-06,2.396844981e-06,-3.83495197e-06,0.8,-6.807039746e-05,-0,-2.167966652e-06,2.167966652e-06,-3.468746643e-06,0.7236067977,-6.157025291e-05,0,0,1,0,0,0
0.81,1,0.9135402871,5.225122059e-05,3.715109721e-05,-3.355582973e-06,6.543386798e-05,-0.02380762151,-6.37560765e-05,0,0,0,0,0.02408554368,0,-0.01684310817,0.009544192794,-0.002256379958,-0.006964513338,-0.08117263678,-0.5477472783,11.55348164,-0,0.01461550675,0.571832822,-0.157380376,-0.9378265686,1.048038194,-0.01504092192,73.3981353,0.9378265686,0.01504092192,74.19362241,40,0.05,0.8,-9.587379924e-07,-9.587379924e-07,2.396844981e-06,-2.396844981e-06,0.8,-6.663229047e-05,-8.758457809e-07,-8.758457809e-07,2.189614452e-06,-2.189614452e-06,0.7308322297,-6.087128177e-05,0,0,1,0,0,0
0.82,1,0.9221639628,5.249090509e-05,3.643204371e-05,-3.595267472e-06,6.519418349e-05,-0.02352311601,-6.37560765e-05,0,0,0,0,0.02932153143,0,-0.0167477795,0.009521498269,-0.002282514855,-0.006775336511,-0.07901262421,-0.527380702,11.55672172,-0,0.01790036649,0.5567022334,-0.4066792942,-0.91312691,1.053059585,-0.01462076625,70.66901407,0.91312691,0.01462076625,71.19008245,40,0.05,0.8,-1.438106989e-06,4.793689962e-07,2.876213977e-06,-1.917475985e-06,0.8,-6.663229047e-05,-1.32617044e-06,4.420568132e-07,2.652340879e-06,-1.768227253e-06,0.7377311702,-6.144589703e-05,0,0,1,0,0,0
0.83,1,0.9303710135,5.225122059e-05,3.643204371e-05,-2.876213977e-06,6.543386798e-05,-0.02321368333,-6.27973385e-05,0,0,0,0,0.03141592654,0,-0.01665267908,0.009498542706,-0.002308587176,-0.006561004247,-0.07656134213,-0.508100248,11.56099022,-0,0.02147286663,0.5395161746,-0.6466922602,-0.885124928,1.05487635,-0.01413489305,68.08543323,0.885124928,0.01413489305,68.3380008,40,0.05,0.8,-9.587379924e-07,4.793689962e-07,1.438106989e-06,-2.396844981e-06,0.8,-6.854976646e-05,-8.919820377e-07,4.459910188e-07,1.337973057e-06,-2.229955094e-06,0.7442968108,-6.37767157e-05,0,0,1,0,0,0
0.84,1,0.93815334,5.249090509e-05,3.667172821e-05,-3.595267472e-06,6.567355248e-05,-0.02284960257,-6.37560765e-05,0,0,0,0,0.03874630939,0,-0.01655780952,0.009475326736,-0.002334596206,-0.006291793058,-0.07347442716,-0.47912112,11.56700708,-0,0.02567603052,0.5178674294,-0.9263587893,-0.8498792189,1.061971231,-0.0135086151,64.20223008,0.8498792189,0.0135086151,64.13925912,40,0.05,0.8,-1.438106989e-06,-0,2.876213977e-06,-2.876213977e-06,0.8,-6.663229047e-05,-1.349164875e-06,-0,2.698329749e-06,-2.698329749e-06,0.750522672,-6.251130586e-05,0,0,1,0,0,0
0.85,1,0.9455032621,5.177185159e-05,3.619235921e-05,-2.876213977e-06,6.567355248e-05,-0.02243662618,-6.255765401e-05,0,0,0,0,0.04398229715,0,-0.01646317341,0.009451850995,-0.002360541231,-0.005973452773,-0.06981704531,-0.4482254285,11.57513539,-0,0.03044325976,0.4922077257,-1.226555389,-0.8081417518,1.066902534,-0.01275516242,60.06220743,0.8081417518,0.01275516242,59.65654895,40,0.05,0.8,-0,9.587379924e-07,1.438106989e-06,-2.876213977e-06,0.8,-6.902913545e-05,-0,9.064898993e-07,1.359734849e-06,-2.719469698e-06,0.7564026097,-6.526727275e-05,0,0,1,0,0,0
0.86,1,0.9524135262,5.201153609e-05,3.547330572e-05,-2.396844981e-06,6.591323698e-05,-0.02197475416,-6.32767075e-05,0,0.001047197551,0,0,0.04817108736,0,-0.01636877336,0.009428116127,-0.002386421541,-0.005605980796,-0.06558739132,-0.4143562045,11.58587053,-0,0.03577430152,0.4625272918,-1.546738768,-0.7598870244,1.070725955,-0.01187600893,55.5237314,0.7598870244,0.01187600893,54.74875566,40,0.05,0.8,-4.793689962e-07,-0.0001023229101,4.793689962e-07,-3.355582973e-06,0.8,-6.759102847e-05,-4.565575161e-07,-9.745372366e-05,4.565575161e-07,-3.195902612e-06,0.761930821,-6.437460976e-05,0,0,1,0,0,0
0.87,1,0.9588773128,5.153216709e-05,3.619235921e-05,-2.876213977e-06,6.543386798e-05,-0.02145511816,-6.3037023e-05,0,0,0,0,0.05550147021,0,-0.01627461195,0.009404122782,-0.002412236426,-0.005180506214,-0.06068017394,-0.3725994841,11.60002947,-0,0.04177115196,0.4281009543,-1.895580084,-0.7038918058,1.077726692,-0.01081930929,49.92833087,0.7038918058,0.01081930929,48.7474619,40,0.05,0.8,4.793689962e-07,9.587379924e-07,1.438106989e-06,-2.396844981e-06,0.8,-6.807039746e-05,4.596560549e-07,9.193121099e-07,1.378968165e-06,-2.298280275e-06,0.7671018503,-6.52711598e-05,0,0,1,0,0,0
0.88,1,0.9648882429,5.225122059e-05,3.691141271e-05,-3.83495197e-06,6.591323698e-05,-0.02088203253,-6.27973385e-05,0,0,0,0,0.05864306287,0,-0.01618069176,0.009379871619,-0.002437985179,-0.004701340765,-0.05514186769,-0.3306334699,11.61820898,-0,0.04838352394,0.3892765328,-2.259245232,-0.6406497425,1.080384848,-0.009648144356,44.30488497,0.6406497425,0.009648144356,42.69593762,40,0.05,0.8,-9.587379924e-07,-4.793689962e-07,3.355582973e-06,-3.355582973e-06,0.8,-6.854976646e-05,-9.25075017e-07,-4.625375085e-07,3.237762559e-06,-3.237762559e-06,0.7719105944,-6.614286371e-05,0,0,1,0,0,0
0.89,1,0.9704403845,5.225122059e-05,3.619235921e-05,-3.595267472e-06,6.567355248e-05,-0.02025429883,-6.255765401e-05,0,0,0,0,0.06492624817,0,-0.01608701537,0.009355363302,-0.002463667092,-0.004167283453,-0.04895401277,-0.2810375764,11.64122234,-0,0.05562460649,0.3459638245,-2.640253171,-0.5698845471,1.086234401,-0.008289942267,37.65903523,0.5698845471,0.008289942267,35.59695655,35.59695655,0.05,0.711939131,-9.587379924e-07,9.587379924e-07,2.876213977e-06,-2.876213977e-06,0.711939131,-6.902913545e-05,-9.30398066e-07,9.30398066e-07,2.791194198e-06,-2.791194198e-06,0.7117784536,-6.698866075e-05,0,0,0,0,1,0
0.9,1,0.9755282581,5.249090509e-05,3.643204371e-05,-3.83495197e-06,6.591323698e-05,-0.01954411366,-6.255765401e-05,0,0,0,0,0.06806784083,0,-0.01599358535,0.009330598502,-0.002489281464,-0.003550528308,-0.04178626238,-0.2278568594,11.67118868,-0,0.06381413611,0.2959247002,-3,-0.4876953525,1.088770262,-0.006752655853,30.53281916,0.4876953525,0.006752655853,28.02726717,28.02726717,0.05,0.5605453434,-1.438106989e-06,4.793689962e-07,3.355582973e-06,-3.355582973e-06,0.5605453434,-6.902913545e-05,-1.402914006e-06,4.676380019e-07,3.273466013e-06,-3.273466013e-06,0.6117784536,-6.733987227e-05,0,1,0,0,1,0
0.91,1,0.9801468428,5.297027408e-05,3.76304662e-05,-2.876213977e-06,6.711165947e-05,-0.01883296975,-6.087986252e-05,0,0,0,0,0.07016223593,0,-0.01590040426,0.0093055779,-0.00251482759,-0.002932565497,-0.03458221604,-0.1756419505,11.70540556,-0,0.07201150284,0.2458041864,-3,-0.4047988641,1.090225891,-0.005219167593,23.53602137,0.4047988641,0.005219167593,20.9460394,20.9460394,0.05,0.418920788,-2.396844981e-06,-1.917475985e-06,1.438106989e-06,-5.752427955e-06,0.418920788,-7.238471843e-05,-2.349260041e-06,-1.879408033e-06,1.409556025e-06,-5.638224098e-06,0.5117784536,-7.094765324e-05,0,1,0,0,1,0
0.92,1,0.9842915806,5.249090509e-05,3.667172821e-05,-2.636529479e-06,6.543386798e-05,-0.01812158616,-6.135923152e-05,0,0,0,0,0.06702064328,0,-0.01580747464,0.00928030218,-0.002540304771,-0.002314111519,-0.02734718319,-0.1286727617,11.74388369,-0,0.08020799824,0.195693405,-3,-0.3211621387,1.086265171,-0.003795756469,17.24215006,0.3211621387,0.003795756469,14.56710796,14.56710796,0.05,0.2913421592,-1.438106989e-06,-0,9.587379924e-07,-2.396844981e-06,0.2913421592,-7.142598044e-05,-1.415516601e-06,-0,9.436777339e-07,-2.359194335e-06,0.4117784536,-7.030399118e-05,0,1,0,0,1,0
0.93,1,0.987958381,5.177185159e-05,3.667172821e-05,-2.396844981e-06,6.567355248e-05,-0.01748546351,-6.111954702e-05,0,0,0,0,0.05969026042,0,-0.01571479906,0.009254772037,-0.002565712308,-0.001770664444,-0.02096779137,-0.09203471341,11.78192259,-0,0.08753392995,0.1517249738,-3,-0.2470408948,1.078066456,-0.002674131373,12.3326516,0.2470408948,0.002674131373,9.582366623,9.582366623,0.05,0.1916473325,-0,-0,4.793689962e-07,-2.876213977e-06,0.1916473325,-7.190534943e-05,-0,-0,4.735966174e-07,-2.841579704e-06,0.3117784536,-7.103949261e-05,0,1,0,0,1,0
0.94,1,0.9911436254,5.177185159e-05,3.595267472e-05,-1.917475985e-06,6.399576099e-05,-0.01697181963,-6.183860051e-05,0,0,0,0,0.0450294947,0,-0.01562238005,0.009228988169,-0.002591049505,-0.001349439577,-0.01600832642,-0.07266796405,11.81516145,-0,0.09344676886,0.1176974587,-3,-0.1891409612,1.062508228,-0.002050914735,9.737507182,0.1891409612,0.002050914735,6.928699058,6.928699058,0.05,0.1385739812,-0,1.438106989e-06,-4.793689962e-07,4.793689962e-07,0.1385739812,-7.046724244e-05,-0,1.425370574e-06,-4.751235248e-07,4.751235248e-07,0.2117784536,-6.984315814e-05,0,1,0,0,1,0
0.95,1,0.9938441703,5.129248259e-05,3.619235921e-05,-9.587379924e-07,6.423544549e-05,-0.01659287843,-6.207828501e-05,0,0,0,0,0.02513274123,0,-0.01553022014,0.009202951283,-0.002616315667,-0.001062658293,-0.01262446245,-0.06942422165,11.84114017,-0,0.09780740577,0.09455696288,-3,-0.1494880294,1.041883533,-0.001884036778,9.302845701,0.1494880294,0.001884036778,6.454217767,6.454217767,0.05,0.1290843553,9.587379924e-07,9.587379924e-07,-2.396844981e-06,-0,0.1290843553,-6.998787345e-05,9.528361646e-07,9.528361646e-07,-2.382090412e-06,-0,0.128289734,-6.955704002e-05,0,1,0,0,0,0
0.96,1,0.9960573507,5.05734291e-05,3.643204371e-05,-4.793689962e-07,6.37560765e-05,-0.01639801494,-6.064017802e-05,0,0,0,0,0.009424777961,0,-0.01543832186,0.009176662094,-0.002641510101,-0.0009596930731,-0.01141153795,-0.07681593944,11.85498359,-0,0.1000492423,0.0862407174,-2.997600351,-0.1352835952,1.025845,-0.002020946639,10.29333588,0.1352835952,0.002020946639,7.433040076,7.433040076,0.05,0.1486608015,2.396844981e-06,4.793689962e-07,-3.355582973e-06,9.587379924e-07,0.1486608015,-7.286408742e-05,2.387395062e-06,4.774790124e-07,-3.342353086e-06,9.549580247e-07,0.1480746841,-7.257680988e-05,0,0,0,0,0,0
0.97,1,0.9977809823,5.03337446e-05,3.76304662e-05,-4.793689962e-07,6.3037023e-05,-0.01636014479,-6.040049352e-05,0,0,0,0,0,0,-0.01534668774,0.009150121323,-0.002666632117,-0.001013457049,-0.01205588677,-0.09054708605,11.85771225,-0,0.1004848816,0.09054708605,-2.367530619,-0.1429552363,1.016360145,-0.002338351206,12.13330953,0.1429552363,0.002338351206,9.9110725,9.9110725,0.05,0.19822145,2.876213977e-06,-1.917475985e-06,-3.355582973e-06,2.396844981e-06,0.19822145,-7.334345642e-05,2.869831608e-06,-1.913221072e-06,-3.348136875e-06,2.39152634e-06,0.1977815931,-7.318070599e-05,0,0,0,0,0,0
0.98,1,0.9990133642,5.153216709e-05,3.691141271e-05,-7.190534943e-07,6.399576099e-05,-0.01636949248,-6.087986252e-05,0,0,0,0,-0.001047197551,0,-0.01525532027,0.009123329696,-0.002691681026,-0.001114172208,-0.01325757281,-0.09968603183,11.85703756,-0,0.1003773517,0.09863883428,-1.786392179,-0.1571955388,1.017416964,-0.002579718194,13.35792827,0.1571955388,0.002579718194,11.73131134,11.73131134,0.05,0.2346262269,4.793689962e-07,-4.793689962e-07,-2.876213977e-06,4.793689962e-07,0.2346262269,-7.238471843e-05,4.788960336e-07,-4.788960336e-07,-2.873376202e-06,4.788960336e-07,0.2343947362,-7.231330107e-05,0,0,0,0,0,0
0.99,1,0.9997532802,5.177185159e-05,3.619235921e-05,-4.793689962e-07,6.3516392e-05,-0.01638123702,-6.111954702e-05,0,0,0,0,0,0,-0.01516422198,0.009096287948,-0.002716656141,-0.001217015045,-0.01448513751,-0.1069074221,11.85619095,-0,0.1002422488,0.1069074221,-1.308758161,-0.1717385563,1.016381237,-0.002760966546,14.32559457,0.1717385563,0.002760966546,13.19133593,13.19133593,0.05,0.2638267186,-0,9.587379924e-07,-3.355582973e-06,1.438106989e-06,0.2638267186,-7.190534943e-05,-0,9.585014528e-07,-3.354755085e-06,1.437752179e-06,0.2637616273,-7.188760896e-05,0,0,0,0,0,0
1,1,1,5.225122059e-05,3.715109721e-05,-1.438106989e-06,6.423544549e-05,-0.01638459261,-6.135923152e-05,0,0,0,0,0,0,-0.01507339535,0.009068996821,-0.002741556778,-0.001311197259,-0.01561067386,-0.1144826141,11.85594928,-0,0.1002036478,0.1144826141,-0.9309185765,-0.1850793575,1.016384593,-0.002956621237,15.34067029,0.1850793575,0.002956621237,14.59778769,14.59778769,0.04999533848,0.2919557537,-9.587379924e-07,-9.587379924e-07,-1.438106989e-06,-0,0.2919557537,-7.142598044e-05,-9.587379924e-07,-9.587379924e-07,-1.438106989e-06,-0,0.2919557537,-7.142598044e-05,0,0,0,0,0,0
1.01,1,1,5.177185159e-05,3.76304662e-05,-2.876213977e-06,6.495449899e-05,-0.01638483229,-6.183860051e-05,0,0,0,0,0,0,-0.01498284287,0.009041457063,-0.002766382254,-0.00140198942,-0.01669667668,-0.1217887978,11.85593203,-0,0.1002008905,0.1217887978,-0.6269200762,-0.1979546638,1.016384832,-0.003142393139,16.31969891,0.1979546638,0.003142393139,15.89387589,15.89387589,0.04994899085,0.3178775177,-0,-1.917475985e-06,1.438106989e-06,-1.438106989e-06,0.3178775177,-7.046724244e-05,-0,-1.917475985e-06,1.438106989e-06,-1.438106989e-06,0.3178775177,-7.046724244e-05,0,0,0,0,0,0
1.02,1,1,5.273058958e-05,3.667172821e-05,-2.876213977e-06,6.471481449e-05,-0.0163831545,-6.183860051e-05,0,0,0,0,0,0,-0.01489256703,0.009013669429,-0.002791131887,-0.001490587467,-0.01775732541,-0.1289221719,11.85605284,-0,0.1002201911,0.1289221719,-0.3816980881,-0.2105317884,1.016383154,-0.00332338105,17.27557104,0.2105317884,0.00332338105,17.10772812,17.10772812,0.04990314407,0.3421545624,-1.917475985e-06,-0,1.438106989e-06,-9.587379924e-07,0.3421545624,-7.046724244e-05,-1.917475985e-06,-0,1.438106989e-06,-9.587379924e-07,0.3421545624,-7.046724244e-05,0,0,0,0,0,0
1.03,1,1,5.273058958e-05,3.715109721e-05,-3.115898475e-06,6.495449899e-05,-0.01638243545,-6.087986252e-05,0,0,0,0,0,0,-0.01480257031,0.00898563468,-0.002815805001,-0.00157986514,-0.0188266909,-0.1361147614,11.85610463,-0,0.1002284627,0.1361147614,-0.1803335894,-0.2232112172,1.016382435,-0.003505597965,18.23937803,0.2232112172,0.003505597965,18.28576125,18.28576125,0.049857823,0.365715225,-1.917475985e-06,-9.587379924e-07,1.917475985e-06,-1.438106989e-06,0.365715225,-7.238471843e-05,-1.917475985e-06,-9.587379924e-07,1.917475985e-06,-1.438106989e-06,0.365715225,-7.238471843e-05,0,0,0,0,0,0
1.04,1,1,5.177185159e-05,3.76304662e-05,-2.636529479e-06,6.471481449e-05,-0.01637955923,-6.135923152e-05,0,0.001047197551,0,0,0,0,-0.01471285516,0.008957353586,-0.002840400918,-0.001666704072,-0.0198678011,-0.1431145089,11.85631182,-0,0.1002615493,0.1431145089,-0.01918642987,-0.235558845,1.016379559,-0.003682539468,19.1773442,0.235558845,0.003682539468,19.39739915,19.39739915,0.04981304345,0.387947983,-0,-0.0001066372311,9.587379924e-07,-9.587379924e-07,0.387947983,-7.142598044e-05,-0,-0.0001066372311,9.587379924e-07,-9.587379924e-07,0.387947983,-7.142598044e-05,0,0,0,0,0,0
1.05,1,1,5.08131136e-05,3.715109721e-05,-2.636529479e-06,6.447512999e-05,-0.01637716239,-6.087986252e-05,0,0,0,0,0,0,-0.01462342405,0.008928826922,-0.002864918963,-0.001753738334,-0.02091188529,-0.1501342652,11.85648454,-0,0.1002891214,0.1501342652,0.1128485505,-0.2479414446,1.016377162,-0.003859716329,20.11799154,0.2479414446,0.003859716329,20.48264125,20.48264125,0.04976882781,0.409652825,1.917475985e-06,-9.587379924e-07,9.587379924e-07,-4.793689962e-07,0.409652825,-7.238471843e-05,1.917475985e-06,-9.587379924e-07,9.587379924e-07,-4.793689962e-07,0.409652825,-7.238471843e-05,0,0,0,0,0,0
1.06,1,1,5.225122059e-05,3.667172821e-05,-2.396844981e-06,6.423544549e-05,-0.01637524491,-6.111954702e-05,0,-0.001047197551,0,0,0,0,-0.01453427944,0.008900055469,-0.002889358466,-0.001840965474,-0.02195891409,-0.1571738921,11.85662275,-0,0.100311179,0.1571738921,0.2210601619,-0.2603585602,1.016375245,-0.00403713243,21.06130154,0.2603585602,0.00403713243,21.54675739,21.54675739,0.04972520325,0.4309351478,-9.587379924e-07,0.0001047197551,4.793689962e-07,-0,0.4309351478,-7.190534943e-05,-9.587379924e-07,0.0001047197551,4.793689962e-07,-0,0.4309351478,-7.190534943e-05,0,0,0,0,0,0
1.07,1,1,5.10527981e-05,3.643204371e-05,-9.587379924e-07,6.447512999e-05,-0.01637164964,-6.135923152e-05,0,0,0,0,0,0,-0.01444542376,0.008871040016,-0.002913718755,-0.001926225887,-0.02298328093,-0.1640585244,11.85688197,-0,0.100352537,0.1640585244,0.3065307535,-0.2725100493,1.01637165,-0.004210289681,21.98384227,0.2725100493,0.004210289681,22.56709336,22.56709336,0.04968219006,0.4513418673,1.438106989e-06,4.793689962e-07,-2.396844981e-06,-4.793689962e-07,0.4513418673,-7.142598044e-05,1.438106989e-06,4.793689962e-07,-2.396844981e-06,-4.793689962e-07,0.4513418673,-7.142598044e-05,0,0,0,0,0,0
1.08,1,1,5.225122059e-05,3.547330572e-05,-2.636529479e-06,6.519418349e-05,-0.01636661627,-6.111954702e-05,0,0,0,0,0,0,-0.01435685945,0.00884178136,-0.002937999163,-0.002009756821,-0.02398779671,-0.1708071728,11.85724508,-0,0.1004104379,0.1708071728,0.3737446121,-0.2844291845,1.016366616,-0.004379693271,22.88816116,0.2844291845,0.004379693271,23.55071465,23.55071465,0.04963979327,0.471014293,-9.587379924e-07,2.396844981e-06,9.587379924e-07,-1.917475985e-06,0.471014293,-7.190534943e-05,-9.587379924e-07,2.396844981e-06,9.587379924e-07,-1.917475985e-06,0.471014293,-7.190534943e-05,0,0,0,0,0,0
1.09,1,1,5.177185159e-05,3.643204371e-05,-2.157160483e-06,6.399576099e-05,-0.01636278132,-6.064017802e-05,0,0,0,0,0,0,-0.01426858894,0.008812280302,-0.002962199025,-0.002094192379,-0.02500369296,-0.1776332296,11.85752188,-0,0.1004545527,0.1776332296,0.4302127562,-0.2964818363,1.016362781,-0.004550849718,23.80285276,0.2964818363,0.004550849718,24.5340982,24.5340982,0.04959803554,0.4906819641,-0,4.793689962e-07,-0,4.793689962e-07,0.4906819641,-7.286408742e-05,-0,4.793689962e-07,-0,4.793689962e-07,0.4906819641,-7.286408742e-05,0,0,0,0,0,0
1.1,1,1,5.201153609e-05,3.571299022e-05,-2.396844981e-06,6.471481449e-05,-0.01635942573,-6.111954702e-05,0,0,0,0,0,0,-0.01418061465,0.00878253765,-0.002986317676,-0.002178811087,-0.02602241438,-0.1844783119,11.85776418,-0,0.1004931531,0.1844783119,0.476641901,-0.3085676532,1.016359426,-0.004722263829,24.72009379,0.3085676532,0.004722263829,25.51002561,25.51002561,0.04955694878,0.5102005122,-4.793689962e-07,1.917475985e-06,4.793689962e-07,-9.587379924e-07,0.5102005122,-7.190534943e-05,-4.793689962e-07,1.917475985e-06,4.793689962e-07,-9.587379924e-07,0.5102005122,-7.190534943e-05,0,0,0,0,0,0
1.11,1,1,5.249090509e-05,3.619235921e-05,-3.355582973e-06,6.543386798e-05,-0.01635319394,-6.087986252e-05,0,0,0,0,0,0,-0.01409293899,0.008752554221,-0.003010354456,-0.00226025495,-0.02700414051,-0.1910699217,11.85821444,-0,0.1005648391,0.1910699217,0.5099961063,-0.3202208889,1.016353194,-0.004886939456,25.60336951,0.3202208889,0.004886939456,26.43847345,26.43847345,0.04951652436,0.528769469,-1.438106989e-06,9.587379924e-07,2.396844981e-06,-2.396844981e-06,0.528769469,-7.238471843e-05,-1.438106989e-06,9.587379924e-07,2.396844981e-06,-2.396844981e-06,0.528769469,-7.238471843e-05,0,0,0,0,0,0
1.12,1,1,5.153216709e-05,3.643204371e-05,-3.355582973e-06,6.495449899e-05,-0.0163428875,-6.207828501e-05,0,0,0,0,0.001047197551,0,-0.01400556436,0.008722330836,-0.003034308706,-0.002337323141,-0.02793462538,-0.1962629892,11.85895984,-0,0.100683396,0.1973101867,0.5308586162,-0.3312756005,1.017390359,-0.005025966637,26.29924055,0.3312756005,0.005025966637,27.16640073,27.16640073,0.04947676204,0.5433280146,4.793689962e-07,4.793689962e-07,2.396844981e-06,-1.438106989e-06,0.5433280146,-6.998787345e-05,4.793689962e-07,4.793689962e-07,2.396844981e-06,-1.438106989e-06,0.5433280146,-6.998787345e-05,0,0,0,0,0,0
1.13,1,1,5.177185159e-05,3.691141271e-05,-3.115898475e-06,6.519418349e-05,-0.01632515085,-6.111954702e-05,0,0,0,0,0.001047197551,0,-0.01391849317,0.008691868324,-0.003058179768,-0.002406657683,-0.02877403211,-0.201878613,11.86024478,-0,0.1008874216,0.2029258106,0.5361601799,-0.341267064,1.017372623,-0.0051654929,27.05173414,0.341267064,0.0051654929,27.93432688,27.93432688,0.04943757865,0.5586865376,-0,-4.793689962e-07,1.917475985e-06,-1.917475985e-06,0.5586865376,-7.190534943e-05,-0,-4.793689962e-07,1.917475985e-06,-1.917475985e-06,0.5586865376,-7.190534943e-05,0,0,0,0,0,0
1.14,1,1,5.10527981e-05,3.619235921e-05,-2.636529479e-06,6.567355248e-05,-0.01629471092,-6.183860051e-05,0,0,0,0,0.003141592654,0,-0.01383172779,0.00866116752,-0.003081966989,-0.002462983129,-0.02945975135,-0.2043456161,11.8624564,-0,0.1012375662,0.2074872087,0.5214718582,-0.349465016,1.019438771,-0.005245756943,27.38231256,0.349465016,0.005245756943,28.25849519,28.25849519,0.04939882833,0.5651699037,1.438106989e-06,9.587379924e-07,9.587379924e-07,-2.876213977e-06,0.5651699037,-7.046724244e-05,1.438106989e-06,9.587379924e-07,9.587379924e-07,-2.876213977e-06,0.5651699037,-7.046724244e-05,0,0,0,0,0,0
1.15,1,1,5.201153609e-05,3.619235921e-05,-2.876213977e-06,6.543386798e-05,-0.0162594773,-6.016080902e-05,0,0,0,0,0.004188790205,0,-0.01374527061,0.008630229266,-0.003105669716,-0.00251420669,-0.03008551801,-0.2074472255,11.86502639,-0,0.1016428401,0.2116360157,0.5015093485,-0.3569654653,1.020452654,-0.005331838931,27.79792822,0.3569654653,0.005331838931,28.66173487,28.66173487,0.04936056165,0.5732346974,-4.793689962e-07,9.587379924e-07,1.438106989e-06,-2.396844981e-06,0.5732346974,-7.382282542e-05,-4.793689962e-07,9.587379924e-07,1.438106989e-06,-2.396844981e-06,0.5732346974,-7.382282542e-05,0,0,0,0,0,0
1.16,1,1,5.129248259e-05,3.547330572e-05,-2.396844981e-06,6.447512999e-05,-0.01619931649,-6.064017802e-05,0,0,0,0,0.007330382858,0,-0.01365912399,0.00859905441,-0.0031292873,-0.002540192496,-0.03041230596,-0.2064037613,11.86943964,-0,0.1023348094,0.2137341441,0.4470450582,-0.3609770299,1.023543133,-0.005333079922,27.65810401,0.3609770299,0.005333079922,28.47145918,28.47145918,0.04932244261,0.5694291836,9.587379924e-07,2.396844981e-06,4.793689962e-07,-4.793689962e-07,0.5694291836,-7.286408742e-05,9.587379924e-07,2.396844981e-06,4.793689962e-07,-4.793689962e-07,0.5694291836,-7.286408742e-05,0,0,0,0,0,0
1.17,1,1,5.201153609e-05,3.619235921e-05,-2.636529479e-06,6.519418349e-05,-0.01612117934,-6.087986252e-05,0,0,0,0,0.007330382858,0,-0.01357329031,0.008567643806,-0.003152819092,-0.002547889037,-0.03052229704,-0.2070147499,11.87521876,-0,0.1032334873,0.2143451327,0.3760301485,-0.3624589544,1.023464996,-0.00534391811,27.73997648,0.3624589544,0.00534391811,28.48380951,28.48380951,0.04928434286,0.5696761901,-4.793689962e-07,9.587379924e-07,9.587379924e-07,-1.917475985e-06,0.5696761901,-7.238471843e-05,-4.793689962e-07,9.587379924e-07,9.587379924e-07,-1.917475985e-06,0.5696761901,-7.238471843e-05,0,0,0,0,0,0
1.18,1,1,5.225122059e-05,3.667172821e-05,-2.396844981e-06,6.423544549e-05,-0.01604064535,-6.111954702e-05,0,0,0,0,0.006283185307,0,-0.0134877719,0.008535998316,-0.003176264449,-0.002552873451,-0.0306002573,-0.2084521938,11.881231,-0,0.1041596664,0.2147353791,0.3146191715,-0.3635687256,1.0223337,-0.005364989732,27.93259397,0.3635687256,0.005364989732,28.61614686,28.61614686,0.04924630466,0.5723229371,-9.587379924e-07,-0,4.793689962e-07,-0,0.5723229371,-7.190534943e-05,-9.587379924e-07,-0,4.793689962e-07,-0,0.5723229371,-7.190534943e-05,0,0,0,0,0,0
1.19,1,1,5.320995858e-05,3.667172821e-05,-2.396844981e-06,6.519418349e-05,-0.01597425275,-6.040049352e-05,0,0,0,0,0.005235987756,0,-0.01340257112,0.008504118807,-0.003199622727,-0.002571681626,-0.03084269595,-0.2110143385,11.88623021,-0,0.1049231624,0.2162503262,0.2854545837,-0.3666033844,1.021217094,-0.005414916331,28.27592136,0.3666033844,0.005414916331,28.93339424,28.93339424,0.04920853568,0.5786678848,-2.876213977e-06,-0,4.793689962e-07,-1.917475985e-06,0.5786678848,-7.334345642e-05,-2.876213977e-06,-0,4.793689962e-07,-1.917475985e-06,0.5786678848,-7.334345642e-05,0,0,0,0,0,0
1.2,1,1,5.297027408e-05,3.715109721e-05,-2.636529479e-06,6.495449899e-05,-0.01593039048,-6.135923152e-05,0,0,0,0,0.003141592654,0,-0.0133176903,0.008472006154,-0.003222893285,-0.002612700181,-0.0313495354,-0.2164318795,11.88955413,-0,0.1054275406,0.2195734721,0.294453261,-0.3727319981,1.019074451,-0.005526462985,29.00187185,0.3727319981,0.005526462985,29.67458357,29.67458357,0.04917127998,0.5934916714,-2.396844981e-06,-9.587379924e-07,9.587379924e-07,-1.438106989e-06,0.5934916714,-7.142598044e-05,-2.396844981e-06,-9.587379924e-07,9.587379924e-07,-1.438106989e-06,0.5934916714,-7.142598044e-05,0,0,0,0,0,0
1.21,1,1,5.249090509e-05,3.78701507e-05,-2.636529479e-06,6.543386798e-05,-0.01590210771,-6.159891601e-05,0,0,0,0,0.002094395102,0,-0.01323313177,0.008439661236,-0.003246075486,-0.00266897594,-0.03203831302,-0.2220460357,11.89170637,-0,0.1057527574,0.2241404308,0.3243868571,-0.3809902109,1.017997599,-0.005653618784,29.75416878,0.3809902109,0.005653618784,30.46519947,30.46519947,0.04913464746,0.6093039894,-1.438106989e-06,-2.396844981e-06,9.587379924e-07,-2.396844981e-06,0.6093039894,-7.094661144e-05,-1.438106989e-06,-2.396844981e-06,9.587379924e-07,-2.396844981e-06,0.6093039894,-7.094661144e-05,0,0,0,0,0,0
1.22,1,1,5.201153609e-05,3.73907817e-05,-2.636529479e-06,6.471481449e-05,-0.01587406463,-6.087986252e-05,0,0,0,0,0.003141592654,0,-0.01314889785,0.008407084941,-0.003269168694,-0.002725166777,-0.03272665804,-0.2255611934,11.8938473,-0,0.1060752099,0.2287027861,0.3484458372,-0.3892458732,1.019018125,-0.005750410547,30.22519992,0.3892458732,0.005750410547,30.96864204,30.96864204,0.04909857617,0.6193728408,-4.793689962e-07,-1.438106989e-06,9.587379924e-07,-9.587379924e-07,0.6193728408,-7.238471843e-05,-4.793689962e-07,-1.438106989e-06,9.587379924e-07,-9.587379924e-07,0.6193728408,-7.238471843e-05,0,0,0,0,0,0
1.23,1,1,5.177185159e-05,3.715109721e-05,-2.157160483e-06,6.423544549e-05,-0.01584793901,-6.064017802e-05,0,0.001047197551,0,0,0.001047197551,0,-0.01306499084,0.008374278161,-0.003292172277,-0.002782948174,-0.03343449992,-0.2323499086,11.89584805,-0,0.1063756068,0.2333971061,0.3707422248,-0.3977317306,1.016895411,-0.005894558606,31.13488775,0.3977317306,0.005894558606,31.90925626,31.90925626,0.04906311609,0.6381851252,-0,-0.0001056784931,-0,-0,0.6381851252,-7.286408742e-05,-0,-0.0001056784931,-0,-0,0.6381851252,-7.286408742e-05,0,0,0,0,0,0
1.24,1,1,5.273058958e-05,3.715109721e-05,-2.396844981e-06,6.495449899e-05,-0.0158203753,-6.064017802e-05,0,0,0,0,0.003141592654,0,-0.01298141305,0.008341241796,-0.003315085603,-0.002838962248,-0.03412189502,-0.2348081806,11.89796543,-0,0.1066925316,0.2379497733,0.3858371943,-0.4059811274,1.018964435,-0.005976930162,31.4642962,0.4059811274,0.005976930162,32.26209146,32.26209146,0.04902822232,0.6452418291,-1.917475985e-06,-9.587379924e-07,4.793689962e-07,-1.438106989e-06,0.6452418291,-7.286408742e-05,-1.917475985e-06,-9.587379924e-07,4.793689962e-07,-1.438106989e-06,0.6452418291,-7.286408742e-05,0,0,0,0,0,0
1.25,1,1,5.201153609e-05,3.667172821e-05,-2.396844981e-06,6.447512999e-05,-0.01578154641,-6.135923152e-05,0,0,0,0,0.004188790205,0,-0.01289816677,0.008307976752,-0.003337908044,-0.002883379642,-0.03467185537,-0.2373700499,11.90095951,-0,0.1071389684,0.2415588401,0.3810979734,-0.4126283469,1.019974723,-0.006049866342,31.80758669,0.4126283469,0.006049866342,32.60736288,32.60736288,0.04899374018,0.6521472576,-4.793689962e-07,-0,4.793689962e-07,-4.793689962e-07,0.6521472576,-7.142598044e-05,-4.793689962e-07,-0,4.793689962e-07,-4.793689962e-07,0.6521472576,-7.142598044e-05,0,0,0,0,0,0
1.26,1,1,5.225122059e-05,3.667172821e-05,-2.636529479e-06,6.447512999e-05,-0.01573001424,-6.064017802e-05,0,0,0,0,0.005235987756,0.001047197551,-0.01281525427,0.00827448394,-0.003360638975,-0.002914759968,-0.03506712777,-0.2388697635,11.90495361,-0,0.1077314369,0.2441057512,0.3577153704,-0.4174725293,1.020972856,-0.006095752214,32.0085483,0.4174725293,0.006095752214,32.78983196,32.78983196,0.04895955794,0.6557966391,-9.587379924e-07,-0,9.587379924e-07,-4.793689962e-07,0.6557966391,-0.0001775838425,-9.587379924e-07,-0,9.587379924e-07,-4.793689962e-07,0.6557966391,-0.0001775838425,0,0,0,0,0,0
1.27,1,1,5.201153609e-05,3.715109721e-05,-2.636529479e-06,6.447512999e-05,-0.01566817564,-5.968144003e-05,0,0,0,0,0.007330382858,0,-0.01273267784,0.00824076428,-0.003383277772,-0.002935497797,-0.03533607383,-0.2384545727,11.90977738,-0,0.1084423615,0.2457849556,0.322409818,-0.4208447729,1.023011992,-0.006105246457,31.95291275,0.4208447729,0.006105246457,32.70227259,32.70227259,0.0489255668,0.6540454517,-4.793689962e-07,-9.587379924e-07,9.587379924e-07,-4.793689962e-07,0.6540454517,-7.478156341e-05,-4.793689962e-07,-9.587379924e-07,9.587379924e-07,-4.793689962e-07,0.6540454517,-7.478156341e-05,0,0,0,0,0,0
1.28,1,1,5.273058958e-05,3.595267472e-05,-4.074636468e-06,6.471481449e-05,-0.01557397963,-5.968144003e-05,0,0,0,0,0.01047197551,0,-0.01265043974,0.008206818694,-0.003405823814,-0.002923539892,-0.03521574478,-0.2343236059,11.91719,-0,0.1095252022,0.2447955814,0.2444791113,-0.4196727214,1.026073371,-0.006031222544,31.39936318,0.4196727214,0.006031222544,32.06954624,32.06954624,0.04889133322,0.6413909248,-1.917475985e-06,1.438106989e-06,3.83495197e-06,-9.587379924e-07,0.6413909248,-7.478156341e-05,-1.917475985e-06,1.438106989e-06,3.83495197e-06,-9.587379924e-07,0.6413909248,-7.478156341e-05,0,0,0,0,0,0
1.29,1,1,5.273058958e-05,3.691141271e-05,-3.595267472e-06,6.567355248e-05,-0.01544598811,-5.968144003e-05,0,0,0,0,0.01256637061,0,-0.01256854222,0.008172648114,-0.003428276485,-0.002877445891,-0.03468822853,-0.2284527699,11.92738763,-0,0.1109963881,0.2410191405,0.1297903577,-0.4137399479,1.028051837,-0.005898612296,30.61267117,0.4137399479,0.005898612296,31.16210008,31.16210008,0.04885648509,0.6232420017,-1.917475985e-06,-4.793689962e-07,2.876213977e-06,-2.876213977e-06,0.6232420017,-7.478156341e-05,-1.917475985e-06,-4.793689962e-07,2.876213977e-06,-2.876213977e-06,0.6232420017,-7.478156341e-05,0,0,0,0,0,0
1.3,1,1,5.225122059e-05,3.73907817e-05,-3.115898475e-06,6.495449899e-05,-0.01529474719,-6.016080902e-05,0,0,0,0,0.01466076572,0,-0.01248698753,0.008138253478,-0.003450635167,-0.002807759667,-0.03387836081,-0.2206557424,11.9396245,-0,0.1127345788,0.2353165082,0.001128674402,-0.4044949068,1.030009247,-0.005714850678,29.56786949,0.4044949068,0.005714850678,29.97920792,29.97920792,0.04882086359,0.5995841584,-9.587379924e-07,-1.438106989e-06,1.917475985e-06,-1.438106989e-06,0.5995841584,-7.382282542e-05,-9.587379924e-07,-1.438106989e-06,1.917475985e-06,-1.438106989e-06,0.5995841584,-7.382282542e-05,0,0,0,0,0,0
1.31,1,1,5.153216709e-05,3.85892042e-05,-2.876213977e-06,6.519418349e-05,-0.01513391889,-5.968144003e-05,0,0,0,0,0.01570796327,0,-0.01240577789,0.008103635726,-0.003472899249,-0.002728141001,-0.03294853313,-0.2130952618,11.95285976,-0,0.1145826747,0.2288032251,-0.1179489637,-0.3938291957,1.030903567,-0.005524514153,28.55476508,0.3938291957,0.005524514153,28.83616983,28.83616983,0.0487844617,0.5767233965,4.793689962e-07,-3.83495197e-06,1.438106989e-06,-1.917475985e-06,0.5767233965,-7.478156341e-05,4.793689962e-07,-3.83495197e-06,1.438106989e-06,-1.917475985e-06,0.5767233965,-7.478156341e-05,0,0,0,0,0,0
1.32,1,1,5.225122059e-05,3.78701507e-05,-2.876213977e-06,6.495449899e-05,-0.01497692555,-5.944175553e-05,0,0,0,0,0.01466076572,0,-0.01232491555,0.00806879581,-0.003495068119,-0.002652009997,-0.03205891569,-0.2079138917,11.96600145,-0,0.1163864187,0.2225746574,-0.2105016504,-0.3836170317,1.029691426,-0.005373444589,27.86046148,0.3836170317,0.005373444589,28.03895031,28.03895031,0.04874744377,0.5607790062,-9.587379924e-07,-2.396844981e-06,1.438106989e-06,-1.438106989e-06,0.5607790062,-7.526093241e-05,-9.587379924e-07,-2.396844981e-06,1.438106989e-06,-1.438106989e-06,0.5607790062,-7.526093241e-05,0,0,0,0,0,0
1.33,1,1,5.249090509e-05,3.76304662e-05,-2.876213977e-06,6.495449899e-05,-0.01480195587,-5.968144003e-05,0,0,0,0,0.01780235837,0,-0.01224440272,0.008033734683,-0.00351714117,-0.00255755315,-0.03094829532,-0.1970495789,11.9809072,-0,0.1183963625,0.2148519373,-0.3140944389,-0.3707886542,1.032683545,-0.005118328104,26.40464358,0.3707886542,0.005118328104,26.46645612,26.46645612,0.04870952462,0.5293291224,-1.438106989e-06,-1.917475985e-06,1.438106989e-06,-1.438106989e-06,0.5293291224,-7.478156341e-05,-1.438106989e-06,-1.917475985e-06,1.438106989e-06,-1.438106989e-06,0.5293291224,-7.478156341e-05,0,0,0,0,0,0
1.34,1,1,5.249090509e-05,3.643204371e-05,-2.636529479e-06,6.519418349e-05,-0.01460900984,-5.992112453e-05,0,0,0,0,0.01780235837,0,-0.01216424159,0.007998453308,-0.003539117798,-0.002444768252,-0.02961578819,-0.1878343258,11.99766234,-0,0.1206123897,0.2056366842,-0.425194743,-0.3553202267,1.032490599,-0.004873249704,25.16979966,0.3553202267,0.004873249704,25.10479839,25.10479839,0.04867057162,0.5020959679,-1.438106989e-06,4.793689962e-07,9.587379924e-07,-1.917475985e-06,0.5020959679,-7.430219441e-05,-1.438106989e-06,4.793689962e-07,9.587379924e-07,-1.917475985e-06,0.5020959679,-7.430219441e-05,0,0,0,0,0,0
1.35,1,1,5.10527981e-05,3.691141271e-05,-2.157160483e-06,6.543386798e-05,-0.01444698312,-5.944175553e-05,0,0,0,0,0.01361356817,0,-0.01208443438,0.007962952651,-0.003560997398,-0.002362548743,-0.02864783481,-0.1853009199,12.01199103,-0,0.1224729581,0.198914488,-0.4690115204,-0.3441175348,1.028106884,-0.00476292302,24.83032326,0.3441175348,0.00476292302,24.7101922,24.7101922,0.04863110305,0.494203844,1.438106989e-06,-4.793689962e-07,-0,-2.396844981e-06,0.494203844,-7.526093241e-05,1.438106989e-06,-4.793689962e-07,-0,-2.396844981e-06,0.494203844,-7.526093241e-05,0,0,0,0,0,0
1.36,1,1,5.201153609e-05,3.643204371e-05,-3.115898475e-06,6.519418349e-05,-0.01433672825,-5.992112453e-05,0,0,0,0,0.007330382858,0,-0.01200498327,0.007927233685,-0.003582779372,-0.002331744987,-0.02829639895,-0.1890513398,12.02187669,-0,0.1237388431,0.1963817227,-0.4281718531,-0.340175819,1.021680545,-0.004794872278,25.33287954,0.340175819,0.004794872278,25.24967838,25.24967838,0.04859168249,0.5049935675,-4.793689962e-07,4.793689962e-07,1.917475985e-06,-1.917475985e-06,0.5049935675,-7.430219441e-05,-4.793689962e-07,4.793689962e-07,1.917475985e-06,-1.917475985e-06,0.5049935675,-7.430219441e-05,0,0,0,0,0,0
1.37,1,1,5.201153609e-05,3.76304662e-05,-2.636529479e-06,6.423544549e-05,-0.01427704681,-5.992112453e-05,0,0,0,0,0.004188790205,0,-0.01192589043,0.007891297391,-0.003604463122,-0.002351156383,-0.02854855484,-0.1937512355,12.02727368,-0,0.12442401,0.1979400257,-0.3206331909,-0.3433612821,1.018470224,-0.004879316558,25.96266556,0.3433612821,0.004879316558,25.99027296,25.99027296,0.04855266955,0.5198054593,-4.793689962e-07,-1.917475985e-06,9.587379924e-07,-0,0.5198054593,-7.430219441e-05,-4.793689962e-07,-1.917475985e-06,9.587379924e-07,-0,0.5198054593,-7.430219441e-05,0,0,0,0,0,0
1.38,1,1,5.153216709e-05,3.85892042e-05,-2.636529479e-06,6.471481449e-05,-0.01425331805,-5.992112453e-05,0,0,0,0,0,0,-0.01184715804,0.007855144752,-0.003626048054,-0.002406160008,-0.02922921626,-0.202400154,12.02942842,-0,0.1246964136,0.202400154,-0.1796760686,-0.3516107648,1.014253318,-0.00505100275,27.12162063,0.3516107648,0.00505100275,27.29860633,27.29860633,0.04851431319,0.5459721266,4.793689962e-07,-3.83495197e-06,9.587379924e-07,-9.587379924e-07,0.5459721266,-7.430219441e-05,4.793689962e-07,-3.83495197e-06,9.587379924e-07,-9.587379924e-07,0.5459721266,-7.430219441e-05,0,0,0,0,0,0
1.39,1,1,5.225122059e-05,3.81098352e-05,-2.396844981e-06,6.423544549e-05,-0.01424684657,-5.944175553e-05,0,0,0,-0.001047197551,0,0,-0.01176878825,0.007818776761,-0.003647533576,-0.002478058314,-0.03011369364,-0.2082407369,12.03001696,-0,0.1247707043,0.2082407369,-0.039828753,-0.3622682454,1.014246847,-0.005192653038,27.90425875,0.3622682454,0.005192653038,28.23189089,28.23189089,0.04847667633,0.5646378179,-9.587379924e-07,-2.876213977e-06,4.793689962e-07,0.0001047197551,0.5646378179,-7.526093241e-05,-9.587379924e-07,-2.876213977e-06,4.793689962e-07,0.0001047197551,0.5646378179,-7.526093241e-05,0,0,0,0,0,0
1.4,1,1,5.129248259e-05,3.83495197e-05,-2.157160483e-06,6.447512999e-05,-0.01424277193,-5.944175553e-05,0,0,0,0,0,0,-0.01169078322,0.007782194414,-0.003668919099,-0.002551988711,-0.03102321913,-0.2142509276,12.03038772,-0,0.1248174796,0.2142509276,0.07738768837,-0.3732213545,1.014242772,-0.005338399693,28.7096243,0.3732213545,0.005338399693,29.16557174,29.16557174,0.04843972641,0.5833114348,9.587379924e-07,-3.355582973e-06,-0,-4.793689962e-07,0.5833114348,-7.526093241e-05,9.587379924e-07,-3.355582973e-06,-0,-4.793689962e-07,0.5833114348,-7.526093241e-05,0,0,0,0,0,0
1.41,1,1,5.273058958e-05,3.73907817e-05,-2.157160483e-06,6.447512999e-05,-0.01423414329,-5.848301754e-05,0,0,0,0,0.001047197551,0,-0.01161314508,0.007745398715,-0.003690204036,-0.002620998212,-0.03187413917,-0.2188160022,12.03117336,-0,0.1249165326,0.2198631998,0.1656215297,-0.3834832939,1.015281615,-0.005459218494,29.3213443,0.3834832939,0.005459218494,29.87590834,29.87590834,0.04840341332,0.5975181668,-1.917475985e-06,-1.438106989e-06,-0,-4.793689962e-07,0.5975181668,-7.717840839e-05,-1.917475985e-06,-1.438106989e-06,-0,-4.793689962e-07,0.5975181668,-7.717840839e-05,0,0,0,0,0,0
1.42,1,1,5.201153609e-05,3.73907817e-05,-2.157160483e-06,6.567355248e-05,-0.0142231178,-5.848301754e-05,0,0,0,0,0.001047197551,0,-0.01153587595,0.007708390671,-0.003711387805,-0.002687241849,-0.03269236704,-0.2242058064,12.0321782,-0,0.1250430989,0.225253004,0.2340215451,-0.3933603861,1.01527059,-0.005589437635,30.04357806,0.3933603861,0.005589437635,30.67654943,30.67654943,0.04836774535,0.6135309885,-4.793689962e-07,-1.438106989e-06,-0,-2.876213977e-06,0.6135309885,-7.717840839e-05,-4.793689962e-07,-1.438106989e-06,-0,-2.876213977e-06,0.6135309885,-7.717840839e-05,0,0,0,0,0,0
1.43,1,1,5.153216709e-05,3.643204371e-05,-2.157160483e-06,6.447512999e-05,-0.01420442241,-5.872270204e-05,0,-0.001047197551,0,0,0.001047197551,0,-0.01145897797,0.007671171298,-0.003732469825,-0.002745444444,-0.03341440981,-0.2289415738,12.03388459,-0,0.125257708,0.2299887714,0.2775295351,-0.4021051513,1.015251894,-0.005703138754,30.67817089,0.4021051513,0.005703138754,31.36350872,31.36350872,0.04833262218,0.6272701743,4.793689962e-07,0.0001051991241,-0,-4.793689962e-07,0.6272701743,-7.669903939e-05,4.793689962e-07,0.0001051991241,-0,-4.793689962e-07,0.6272701743,-7.669903939e-05,0,0,0,0,0,0
1.44,1,1,5.129248259e-05,3.643204371e-05,-2.396844981e-06,6.495449899e-05,-0.01417398248,-5.896238653e-05,0,0,0,0,0.003141592654,0,-0.01138245323,0.007633741615,-0.003753449516,-0.002791529252,-0.03399115227,-0.2305945868,12.03666972,-0,0.1256071263,0.2337361795,0.2950601946,-0.4091402732,1.017318043,-0.005763579141,30.89967463,0.4091402732,0.005763579141,31.60963868,31.60963868,0.04829793851,0.6321927736,9.587379924e-07,4.793689962e-07,4.793689962e-07,-1.438106989e-06,0.6321927736,-7.62196704e-05,9.587379924e-07,4.793689962e-07,4.793689962e-07,-1.438106989e-06,0.6321927736,-7.62196704e-05,0,0,0,0,0,0
1.45,1,1,5.201153609e-05,3.667172821e-05,-2.876213977e-06,6.495449899e-05,-0.01412460747,-5.848301754e-05,0,0,0,0,0.005235987756,0,-0.01130630383,0.00759610265,-0.003774326305,-0.00281830364,-0.03433588403,-0.230669637,12.04120521,-0,0.1261738747,0.2359056248,0.2799202262,-0.4134454256,1.019367449,-0.005784572886,30.90973136,0.4134454256,0.005784572886,31.60888159,31.60888159,0.04826344794,0.6321776318,-4.793689962e-07,-0,1.438106989e-06,-1.438106989e-06,0.6321776318,-7.717840839e-05,-4.793689962e-07,-0,1.438106989e-06,-1.438106989e-06,0.6321776318,-7.717840839e-05,0,0,0,0,0,0
1.46,1,1,5.201153609e-05,3.667172821e-05,-3.595267472e-06,6.471481449e-05,-0.0140469497,-5.896238653e-05,0,0,0,0,0.00837758041,0,-0.01123053187,0.007558255434,-0.003795099619,-0.002816417827,-0.03433569392,-0.2273531273,12.0483835,-0,0.1270652036,0.2357307077,0.224886476,-0.4136896081,1.022442076,-0.005731737968,30.46531906,0.4136896081,0.005731737968,31.10962688,31.10962688,0.04822882679,0.6221925376,-4.793689962e-07,-0,2.876213977e-06,-9.587379924e-07,0.6221925376,-7.62196704e-05,-4.793689962e-07,-0,2.876213977e-06,-9.587379924e-07,0.6221925376,-7.62196704e-05,0,0,0,0,0,0
1.47,1,1,5.225122059e-05,3.667172821e-05,-2.636529479e-06,6.471481449e-05,-0.01395299337,-5.848301754e-05,0,0,0,0,0.01047197551,0,-0.01115513942,0.007520201005,-0.003815768889,-0.002797853958,-0.03413443836,-0.2237188112,12.0571417,-0,0.1281434999,0.2341907868,0.1549634578,-0.41156376,1.024452384,-0.005658228444,29.97832071,0.41156376,0.005658228444,30.55050615,30.55050615,0.04819398268,0.6110101231,-9.587379924e-07,-0,9.587379924e-07,-9.587379924e-07,0.6110101231,-7.717840839e-05,-9.587379924e-07,-0,9.587379924e-07,-9.587379924e-07,0.6110101231,-7.717840839e-05,0,0,0,0,0,0
1.48,1,1,5.225122059e-05,3.595267472e-05,-1.677791487e-06,6.495449899e-05,-0.01383962261,-5.944175553e-05,0,0,0,0,0.01151917306,0,-0.01108012854,0.007481940405,-0.003836333547,-0.002759494069,-0.03369404792,-0.2195114376,12.06781676,-0,0.129444458,0.2310306107,0.06883907939,-0.4066135961,1.025391969,-0.005557938879,29.41453264,0.4066135961,0.005557938879,29.89554326,29.89554326,0.0481587023,0.5979108651,-9.587379924e-07,1.438106989e-06,-9.587379924e-07,-1.438106989e-06,0.5979108651,-7.526093241e-05,-9.587379924e-07,1.438106989e-06,-9.587379924e-07,-1.438106989e-06,0.5979108651,-7.526093241e-05,0,0,0,0,0,0
1.49,1,1,5.177185159e-05,3.643204371e-05,-2.157160483e-06,6.423544549e-05,-0.01372936774,-5.944175553e-05,0,0,0,0,0.01047197551,0,-0.01100550129,0.007443474684,-0.00385679303,-0.002723866445,-0.03328600812,-0.2176214657,12.07831106,-0,0.1307095021,0.2280934412,0.00256239223,-0.4020387598,1.024228759,-0.005493534462,29.1612764,0.4020387598,0.005493534462,29.57137109,29.57137109,0.04812314072,0.5914274218,-0,4.793689962e-07,-0,-0,0.5914274218,-7.526093241e-05,-0,4.793689962e-07,-0,-0,0.5914274218,-7.526093241e-05,0,0,0,0,0,0
1.5,1,1,5.249090509e-05,3.73907817e-05,-3.115898475e-06,6.591323698e-05,-0.01362965898,-5.920207103e-05,-0.001047197551,0,0,0,0.00837758041,0,-0.01093125972,0.007404804897,-0.003877146778,-0.002698399262,-0.03300019148,-0.2176093372,12.08789741,-0,0.1318534064,0.2259869176,-0.03626359485,-0.3989029292,1.022024785,-0.005465553069,29.15965119,0.3989029292,0.005465553069,29.52775607,29.52775607,0.04808741871,0.5905551215,0.0001032816481,-1.438106989e-06,1.917475985e-06,-3.355582973e-06,0.5905551215,-7.57403014e-05,0.0001032816481,-1.438106989e-06,1.917475985e-06,-3.355582973e-06,0.5905551215,-7.57403014e-05,0,0,0,0,0,0
1.51,1,1,5.249090509e-05,3.73907817e-05,-2.396844981e-06,6.543386798e-05,-0.01353330582,-5.896238653e-05,0,0,0,0,0.01047197551,0,-0.01085740587,0.007365932103,-0.003897394231,-0.002675899947,-0.03274987723,-0.2136506413,12.09724785,-0,0.1329586904,0.2241226168,-0.064067507,-0.3961833819,1.024032697,-0.00538321574,28.62918594,0.3961833819,0.00538321574,28.96668503,28.96668503,0.04805154065,0.5793337006,-1.438106989e-06,-1.438106989e-06,4.793689962e-07,-2.396844981e-06,0.5793337006,-7.62196704e-05,-1.438106989e-06,-1.438106989e-06,4.793689962e-07,-2.396844981e-06,0.5793337006,-7.62196704e-05,0,0,0,0,0,0
1.52,1,1,5.249090509e-05,3.667172821e-05,-2.396844981e-06,6.543386798e-05,-0.01343815107,-5.920207103e-05,0,0,0,0,0.01047197551,0,-0.01078394175,0.007326857368,-0.003917534835,-0.002654209317,-0.03250900401,-0.2118519413,12.10656579,-0,0.1340501071,0.2223239168,-0.08532936425,-0.3935723957,1.023937542,-0.005332902506,28.38816013,0.3935723957,0.005332902506,28.70173607,28.70173607,0.04801550133,0.5740347213,-1.438106989e-06,-0,4.793689962e-07,-2.396844981e-06,0.5740347213,-7.57403014e-05,-1.438106989e-06,-0,4.793689962e-07,-2.396844981e-06,0.5740347213,-7.57403014e-05,0,0,0,0,0,0
1.53,1,1,5.201153609e-05,3.715109721e-05,-2.157160483e-06,6.519418349e-05,-0.01333125178,-5.920207103e-05,-0.001047197551,0,0,0,0.01047197551,0,-0.01071086939,0.007287581764,-0.003937568038,-0.002620382393,-0.03212074239,-0.2090599128,12.11713335,-0,0.1352760891,0.2195318883,-0.1210069334,-0.3892113189,1.023830643,-0.005257537258,28.01402831,0.3892113189,0.005257537258,28.28749024,28.28749024,0.04797912002,0.5657498047,0.0001042403861,-9.587379924e-07,-0,-1.917475985e-06,0.5657498047,-7.57403014e-05,0.0001042403861,-9.587379924e-07,-0,-1.917475985e-06,0.5657498047,-7.57403014e-05,0,0,0,0,0,0
1.54,1,1,5.225122059e-05,3.715109721e-05,-1.677791487e-06,6.543386798e-05,-0.01321140954,-5.896238653e-05,0,0,0,0,0.01151917306,0,-0.01063819078,0.007248106368,-0.003957493291,-0.002573218751,-0.03157014117,-0.2041294396,12.12910594,-0,0.1366503262,0.2156486127,-0.1700505068,-0.3829175867,1.024763755,-0.005138963645,27.35334491,0.3829175867,0.005138963645,27.57135096,27.57135096,0.04794229973,0.5514270191,-9.587379924e-07,-9.587379924e-07,-9.587379924e-07,-2.396844981e-06,0.5514270191,-7.62196704e-05,-9.587379924e-07,-9.587379924e-07,-9.587379924e-07,-2.396844981e-06,0.5514270191,-7.62196704e-05,0,0,0,0,0,0
1.55,1,1,5.153216709e-05,3.83495197e-05,-2.876213977e-06,6.543386798e-05,-0.01308893076,-5.848301754e-05,0,0,0,0,0.01047197551,0,-0.01056590793,0.00720843226,-0.003977310047,-0.00252302283,-0.03098182831,-0.2010452861,12.1414794,-0,0.1380545956,0.2115172616,-0.2142399476,-0.3761652302,1.023588322,-0.005045797159,26.94006834,0.3761652302,0.005045797159,27.10703941,27.10703941,0.04790506246,0.5421407883,4.793689962e-07,-3.355582973e-06,1.438106989e-06,-2.396844981e-06,0.5421407883,-7.717840839e-05,4.793689962e-07,-3.355582973e-06,1.438106989e-06,-2.396844981e-06,0.5421407883,-7.717840839e-05,0,0,0,0,0,0
1.56,1,1,5.177185159e-05,3.83495197e-05,-2.396844981e-06,6.471481449e-05,-0.01298946169,-5.848301754e-05,0,0,0,0,0.007330382858,0,-0.0104940228,0.00716856053,-0.003997017763,-0.002495438892,-0.03066733463,-0.2019042856,12.15163082,-0,0.1391948984,0.2092346684,-0.2158730365,-0.3726581288,1.020333278,-0.005031250274,27.05517427,0.3726581288,0.005031250274,27.21699061,27.21699061,0.04786769021,0.5443398122,-0,-3.355582973e-06,4.793689962e-07,-9.587379924e-07,0.5443398122,-7.717840839e-05,-0,-3.355582973e-06,4.793689962e-07,-9.587379924e-07,0.5443398122,-7.717840839e-05,0,0,0,0,0,0
1.57,1,1,5.201153609e-05,3.78701507e-05,-1.917475985e-06,6.567355248e-05,-0.01292666435,-5.896238653e-05,0,0,0,0,0.004188790205,0,-0.01042253737,0.00712849227,-0.004016615899,-0.002504126981,-0.03079343294,-0.2057288219,12.1580871,-0,0.1399147302,0.2099176121,-0.1629805458,-0.3743892398,1.017119841,-0.005090362017,27.56766213,0.3743892398,0.005090362017,27.78416119,27.78416119,0.0478305948,0.5556832237,-4.793689962e-07,-2.396844981e-06,-4.793689962e-07,-2.876213977e-06,0.5556832237,-7.62196704e-05,-4.793689962e-07,-2.396844981e-06,-4.793689962e-07,-2.876213977e-06,0.5556832237,-7.62196704e-05,0,0,0,0,0,0
1.58,1,1,5.177185159e-05,3.73907817e-05,-2.157160483e-06,6.471481449e-05,-0.0128919101,-5.896238653e-05,0,0,0,0,0.002094395102,0,-0.0103514536,0.007088228579,-0.004036103917,-0.002540456495,-0.03125586348,-0.2107672354,12.16167604,-0,0.140313087,0.2128616305,-0.07872163138,-0.3801236858,1.014987402,-0.005189204827,28.24280954,0.3801236858,0.005189204827,28.5494008,28.5494008,0.04779399914,0.570988016,-0,-1.438106989e-06,-0,-9.587379924e-07,0.570988016,-7.62196704e-05,-0,-1.438106989e-06,-0,-9.587379924e-07,0.570988016,-7.62196704e-05,0,0,0,0,0,0
1.59,1,1,5.153216709e-05,3.76304662e-05,-1.917475985e-06,6.471481449e-05,-0.01287033849,-5.800364854e-05,0,0,0,0,0.001047197551,0,-0.01028077345,0.007047770561,-0.004055481283,-0.002589565047,-0.03187414617,-0.2158055188,12.16390932,-0,0.1405603344,0.2168527164,0.00892193599,-0.3877142236,1.01391781,-0.005298051714,28.91793952,0.3877142236,0.005298051714,29.31987373,29.31987373,0.04775794064,0.5863974747,4.793689962e-07,-1.917475985e-06,-4.793689962e-07,-9.587379924e-07,0.5863974747,-7.813714638e-05,4.793689962e-07,-1.917475985e-06,-4.793689962e-07,-9.587379924e-07,0.5863974747,-7.813714638e-05,0,0,0,0,0,0
1.6,1,1,5.10527981e-05,3.81098352e-05,-2.157160483e-06,6.567355248e-05,-0.01285427963,-5.824333304e-05,0,0,0,0,0.001047197551,0,-0.01021049884,0.007007119324,-0.004074747467,-0.002643780796,-0.03255503182,-0.2202168616,12.16557469,-0,0.1407443922,0.2212640592,0.08786008533,-0.3960506712,1.013901751,-0.005402153345,29.50905946,0.3960506712,0.005402153345,29.99837237,29.99837237,0.04772242439,0.5999674474,1.438106989e-06,-2.876213977e-06,-0,-2.876213977e-06,0.5999674474,-7.765777739e-05,1.438106989e-06,-2.876213977e-06,-0,-2.876213977e-06,0.5999674474,-7.765777739e-05,0,0,0,0,0,0
1.61,1,1,5.129248259e-05,3.76304662e-05,-1.677791487e-06,6.519418349e-05,-0.01284133667,-5.800364854e-05,0,0,0,0,0.001047197551,0,-0.0101406317,0.006966275984,-0.004093901939,-0.002700704969,-0.03326935439,-0.2248525528,12.16691869,-0,0.1408927347,0.2258997504,0.1566042061,-0.4047855297,1.013888808,-0.005511684819,30.13024208,0.4047855297,0.005511684819,30.6971435,30.6971435,0.04768747098,0.61394287,9.587379924e-07,-1.917475985e-06,-9.587379924e-07,-1.917475985e-06,0.61394287,-7.813714638e-05,9.587379924e-07,-1.917475985e-06,-9.587379924e-07,-1.917475985e-06,0.61394287,-7.813714638e-05,0,0,0,0,0,0
1.62,1,1,5.201153609e-05,3.73907817e-05,-1.917475985e-06,6.447512999e-05,-0.0128207238,-5.728459505e-05,0,0,0,0,0.002094395102,0,-0.01007117395,0.006925241659,-0.004112944175,-0.002749549849,-0.03388584778,-0.22778148,12.16906236,-0,0.141128979,0.2298758751,0.2003946671,-0.4123589948,1.014916216,-0.00559075386,30.52271832,0.4123589948,0.00559075386,31.14106274,31.14106274,0.04765300803,0.6228212548,-4.793689962e-07,-1.438106989e-06,-4.793689962e-07,-4.793689962e-07,0.6228212548,-7.957525337e-05,-4.793689962e-07,-1.438106989e-06,-4.793689962e-07,-4.793689962e-07,0.6228212548,-7.957525337e-05,0,0,0,0,0,0
1.63,1,1,5.201153609e-05,3.76304662e-05,-2.396844981e-06,6.543386798e-05,-0.01279124261,-5.704491055e-05,0,0,0,0,0.003141592654,0,-0.0100021275,0.006884017476,-0.004131873652,-0.00278911511,-0.03438984373,-0.2299515191,12.17213521,-0,0.141466853,0.2330931117,0.2223299836,-0.4185978277,1.015935303,-0.005651307145,30.81350355,0.4185978277,0.005651307145,31.46008267,31.46008267,0.04761891907,0.6292016535,-4.793689962e-07,-1.917475985e-06,4.793689962e-07,-2.396844981e-06,0.6292016535,-8.005462237e-05,-4.793689962e-07,-1.917475985e-06,4.793689962e-07,-2.396844981e-06,0.6292016535,-8.005462237e-05,0,0,0,0,0,0
1.64,1,1,5.153216709e-05,3.78701507e-05,-3.355582973e-06,6.471481449e-05,-0.01275337246,-5.752427955e-05,0,0,0,0,0.004188790205,0,-0.009933494234,0.006842604564,-0.004150689852,-0.002819878226,-0.03478706551,-0.2314009409,12.17609438,-0,0.1419008521,0.2355897311,0.2271416008,-0.4235705928,1.016946549,-0.005694206915,31.00772608,0.4235705928,0.005694206915,31.66413248,31.66413248,0.04758510911,0.6332826496,4.793689962e-07,-2.396844981e-06,2.396844981e-06,-9.587379924e-07,0.6332826496,-7.909588438e-05,4.793689962e-07,-2.396844981e-06,2.396844981e-06,-9.587379924e-07,0.6332826496,-7.909588438e-05,0,0,0,0,0,0
1.65,1,1,5.201153609e-05,3.78701507e-05,-3.115898475e-06,6.471481449e-05,-0.01269848471,-5.776396404e-05,0,0,0,0,0.006283185307,0,-0.009865276035,0.006801004058,-0.004169392258,-0.002833208675,-0.03497227248,-0.2303737144,12.1818565,-0,0.1425298404,0.2366568998,0.2044632906,-0.4260272047,1.01899154,-0.005687718846,30.87007774,0.4260272047,0.005687718846,31.50625595,31.50625595,0.04755138665,0.630125119,-4.793689962e-07,-2.396844981e-06,1.917475985e-06,-9.587379924e-07,0.630125119,-7.861651538e-05,-4.793689962e-07,-2.396844981e-06,1.917475985e-06,-9.587379924e-07,0.630125119,-7.861651538e-05,0,0,0,0,0,0
1.66,1,1,5.201153609e-05,3.715109721e-05,-2.876213977e-06,6.471481449e-05,-0.0126136364,-5.752427955e-05,0,0,0,0,0.009424777961,0,-0.009797474774,0.0067592171,-0.004187980359,-0.002816161623,-0.03478736075,-0.2258067707,12.19081947,-0,0.1435020792,0.2352315486,0.1400877041,-0.4240864346,1.022060621,-0.005604594359,30.25810727,0.4240864346,0.005604594359,30.827886,30.827886,0.04751739773,0.6165577201,-4.793689962e-07,-9.587379924e-07,1.438106989e-06,-9.587379924e-07,0.6165577201,-7.909588438e-05,-4.793689962e-07,-9.587379924e-07,1.438106989e-06,-9.587379924e-07,0.6165577201,-7.909588438e-05,0,0,0,0,0,0
1.67,1,1,5.153216709e-05,3.691141271e-05,-2.636529479e-06,6.447512999e-05,-0.01249523226,-5.680522605e-05,0,0,0,0,0.01256637061,0,-0.009730092311,0.006717244834,-0.004206453644,-0.002765139945,-0.03418761252,-0.218452112,12.20344017,-0,0.1448586481,0.2310184827,0.0366865164,-0.4172064839,1.025101081,-0.005450390943,29.27258301,0.4172064839,0.005450390943,29.73192641,29.73192641,0.04748277082,0.5946385281,4.793689962e-07,-4.793689962e-07,9.587379924e-07,-4.793689962e-07,0.5946385281,-8.053399136e-05,4.793689962e-07,-4.793689962e-07,9.587379924e-07,-4.793689962e-07,0.5946385281,-8.053399136e-05,0,0,0,0,0,0
1.68,1,1,5.201153609e-05,3.643204371e-05,-3.115898475e-06,6.567355248e-05,-0.01235813272,-5.728459505e-05,0,0,0,0,0.01151917306,0,-0.009663130491,0.006675088411,-0.004224811607,-0.002695002231,-0.03335328846,-0.2137187279,12.21821862,-0,0.1464291609,0.225237901,-0.07571934002,-0.40751777,1.023910479,-0.005315962272,28.63830954,0.40751777,0.005315962272,28.97542393,28.97542393,0.04744744776,0.5795084787,-4.793689962e-07,4.793689962e-07,1.917475985e-06,-2.876213977e-06,0.5795084787,-7.957525337e-05,-4.793689962e-07,4.793689962e-07,1.917475985e-06,-2.876213977e-06,0.5795084787,-7.957525337e-05,0,0,0,0,0,0
1.69,1,1,5.177185159e-05,3.715109721e-05,-2.396844981e-06,6.471481449e-05,-0.01222438877,-5.800364854e-05,0,-0.001047197551,0,0,0.01151917306,0,-0.009596591152,0.006632748988,-0.004243053744,-0.00262779762,-0.03255327534,-0.2081796619,12.23280651,-0,0.1479609723,0.2196988349,-0.1626465566,-0.3982179184,1.023776735,-0.005172920721,27.89607469,0.3982179184,0.005172920721,28.13681897,28.13681897,0.04741153084,0.5627363794,-0,0.0001037610171,4.793689962e-07,-9.587379924e-07,0.5627363794,-7.813714638e-05,-0,0.0001037610171,4.793689962e-07,-9.587379924e-07,0.5627363794,-7.813714638e-05,0,0,0,0,0,0
1.7,1,1,5.201153609e-05,3.667172821e-05,-1.917475985e-06,6.495449899e-05,-0.01211581169,-5.800364854e-05,0,0,0,0,0.009424777961,0,-0.009530476118,0.006590227724,-0.004261179556,-0.002585335577,-0.03205476668,-0.2067636118,12.24477407,-0,0.1492043472,0.2161883897,-0.1963726807,-0.3925033759,1.021562796,-0.005111637504,27.70632398,0.3925033759,0.005111637504,27.90756631,27.90756631,0.04737536734,0.5581513262,-4.793689962e-07,-0,-4.793689962e-07,-1.438106989e-06,0.5581513262,-7.813714638e-05,-4.793689962e-07,-0,-4.793689962e-07,-1.438106989e-06,0.5581513262,-7.813714638e-05,0,0,0,0,0,0
1.71,1,1,5.249090509e-05,3.691141271e-05,-2.157160483e-06,6.447512999e-05,-0.01202928559,-5.728459505e-05,0.001047197551,0,0,0,0.006283185307,0,-0.0094647872,0.006547525786,-0.004279188546,-0.002564498391,-0.03182043876,-0.208166794,12.25439135,-0,0.1501950799,0.2144499793,-0.1916086073,-0.3899401096,1.018322341,-0.005109820423,27.89435039,0.3899401096,0.005109820423,28.09779172,28.09779172,0.04733915605,0.5619558343,-0.0001061578621,-4.793689962e-07,-0,-4.793689962e-07,0.5619558343,-7.957525337e-05,-0.0001061578621,-4.793689962e-07,-0,-4.793689962e-07,0.5619558343,-7.957525337e-05,0,0,0,0,0,0
1.72,1,1,5.201153609e-05,3.78701507e-05,-2.876213977e-06,6.447512999e-05,-0.01196289299,-5.776396404e-05,0,0,0,0,0.005235987756,0,-0.0093995262,0.006504644344,-0.00429708022,-0.002563366785,-0.03182737824,-0.2090901404,12.26181917,-0,0.1509552067,0.2143261282,-0.158555433,-0.3902615568,1.017205735,-0.005117330255,28.01807882,0.3902615568,0.005117330255,28.25490227,28.25490227,0.04730306032,0.5650980454,-4.793689962e-07,-2.396844981e-06,1.438106989e-06,-4.793689962e-07,0.5650980454,-7.861651538e-05,-4.793689962e-07,-2.396844981e-06,1.438106989e-06,-4.793689962e-07,0.5650980454,-7.861651538e-05,0,0,0,0,0,0
1.73,1,1,5.153216709e-05,3.667172821e-05,-2.396844981e-06,6.447512999e-05,-0.01191327829,-5.704491055e-05,0,0,0,0,0.004188790205,0,-0.009334694908,0.006461584574,-0.004314854087,-0.002578583386,-0.03203483579,-0.2113533278,12.26739738,-0,0.1515232008,0.215542118,-0.1068107426,-0.3929840608,1.016106455,-0.005157632835,28.32134592,0.3929840608,0.005157632835,28.61267687,28.61267687,0.047267221,0.5722535374,4.793689962e-07,-0,4.793689962e-07,-4.793689962e-07,0.5722535374,-8.005462237e-05,4.793689962e-07,-0,4.793689962e-07,-4.793689962e-07,0.5722535374,-8.005462237e-05,0,0,0,0,0,0
1.74,1,1,5.10527981e-05,3.78701507e-05,-2.396844981e-06,6.591323698e-05,-0.0118792431,-5.752427955e-05,0,0,0,0,0.002094395102,0,-0.009270295099,0.006418347657,-0.00433250966,-0.002608947996,-0.03242835364,-0.2159060386,12.27123758,-0,0.1519128179,0.2180004337,-0.04220792638,-0.3979360319,1.013974735,-0.005242706533,28.93140918,0.3979360319,0.005242706533,29.29237999,29.29237999,0.04723175389,0.5858475997,1.438106989e-06,-2.396844981e-06,4.793689962e-07,-3.355582973e-06,0.5858475997,-7.909588438e-05,1.438106989e-06,-2.396844981e-06,4.793689962e-07,-3.355582973e-06,0.5858475997,-7.909588438e-05,0,0,0,0,0,0
1.75,1,1,5.201153609e-05,3.73907817e-05,-2.396844981e-06,6.399576099e-05,-0.01183849673,-5.680522605e-05,0,0,0,0.001047197551,0.005235987756,0,-0.009206328541,0.006374934777,-0.004350046455,-0.002632168189,-0.03273447109,-0.2146375342,12.27584957,-0,0.1523792381,0.219873522,-0.0007325386036,-0.4018434428,1.017081338,-0.005239978434,28.76142959,0.4018434428,0.005239978434,29.16778047,29.16778047,0.04719652079,0.5833556094,-4.793689962e-07,-1.438106989e-06,4.793689962e-07,-0.0001042403861,0.5833556094,-8.053399136e-05,-4.793689962e-07,-1.438106989e-06,4.793689962e-07,-0.0001042403861,0.5833556094,-8.053399136e-05,0,0,0,0,0,0
1.76,1,1,5.249090509e-05,3.715109721e-05,-2.876213977e-06,6.495449899e-05,-0.01178408835,-5.752427955e-05,0,0,0,0,0.005235987756,0,-0.009142796986,0.006331347125,-0.004367463991,-0.002641291363,-0.03286769578,-0.2153544463,12.28203271,-0,0.1530020072,0.2205904341,0.01232252425,-0.4036821145,1.01702693,-0.005252999527,28.85749581,0.4036821145,0.005252999527,29.27875345,29.27875345,0.0471613492,0.5855750689,-1.438106989e-06,-9.587379924e-07,1.438106989e-06,-1.438106989e-06,0.5855750689,-7.909588438e-05,-1.438106989e-06,-9.587379924e-07,1.438106989e-06,-1.438106989e-06,0.5855750689,-7.909588438e-05,0,0,0,0,0,0
1.77,1,1,5.177185159e-05,3.691141271e-05,-2.157160483e-06,6.543386798e-05,-0.01172848155,-5.656554155e-05,0,0,0,0,0.005235987756,0,-0.009079702177,0.006287585896,-0.004384761792,-0.002648779369,-0.03298090794,-0.2159371189,12.28838136,-0,0.1536384474,0.2211731066,0.02064216143,-0.4052819742,1.016971323,-0.005262715096,28.93557393,0.4052819742,0.005262715096,29.36676078,29.36676078,0.04712624299,0.5873352156,-0,-4.793689962e-07,-0,-2.396844981e-06,0.5873352156,-8.101336036e-05,-0,-4.793689962e-07,-0,-2.396844981e-06,0.5873352156,-8.101336036e-05,0,0,0,0,0,0
1.78,1,1,5.153216709e-05,3.715109721e-05,-2.636529479e-06,6.471481449e-05,-0.01166640326,-5.680522605e-05,0,0,0,0,0.006283185307,0,-0.009017045843,0.00624365229,-0.004401939381,-0.002649357418,-0.03300921891,-0.2149053785,12.29550392,-0,0.1543489006,0.2211885638,0.01711734298,-0.4058649804,1.017959458,-0.005243845526,28.79732072,0.4058649804,0.005243845526,29.22554689,29.22554689,0.04709114382,0.5845109379,4.793689962e-07,-9.587379924e-07,9.587379924e-07,-9.587379924e-07,0.5845109379,-8.053399136e-05,4.793689962e-07,-9.587379924e-07,9.587379924e-07,-9.587379924e-07,0.5845109379,-8.053399136e-05,0,0,0,0,0,0
1.79,1,1,5.177185159e-05,3.715109721e-05,-2.636529479e-06,6.519418349e-05,-0.01160336624,-5.728459505e-05,0,0,0,0,0.005235987756,0,-0.008954829702,0.006199547511,-0.00441899629,-0.002648536536,-0.03302028106,-0.2158529437,12.30277439,-0,0.155070266,0.2210889315,0.01242336161,-0.4062410681,1.016846208,-0.005251538173,28.92429446,0.4062410681,0.005251538173,29.34821043,29.34821043,0.04705607334,0.5869642085,-0,-9.587379924e-07,9.587379924e-07,-1.917475985e-06,0.5869642085,-7.957525337e-05,-0,-9.587379924e-07,9.587379924e-07,-1.917475985e-06,0.5869642085,-7.957525337e-05,0,0,0,0,0,0
1.8,1,1,5.08131136e-05,3.76304662e-05,-2.636529479e-06,6.3516392e-05,-0.01154536259,-5.656554155e-05,0,0,0,0,0.005235987756,0,-0.008893055459,0.006155272768,-0.004435932049,-0.00265230713,-0.03308780231,-0.2161299254,12.30949813,-0,0.155733978,0.2213659132,0.01523248277,-0.4072942405,1.016788204,-0.005253767145,28.96141001,0.4072942405,0.005253767145,29.3891905,29.3891905,0.04702108362,0.5877838099,1.917475985e-06,-1.917475985e-06,9.587379924e-07,1.438106989e-06,0.5877838099,-8.101336036e-05,1.917475985e-06,-1.917475985e-06,9.587379924e-07,1.438106989e-06,0.5877838099,-8.101336036e-05,0,0,0,0,0,0
1.81,1,1,5.201153609e-05,3.76304662e-05,-2.636529479e-06,6.495449899e-05,-0.01148831768,-5.704491055e-05,0,0,0,0,0.005235987756,0,-0.008831724809,0.006110829276,-0.004452746195,-0.00265659287,-0.03316166881,-0.2164490024,12.31614237,-0,0.1563866691,0.2216849902,0.0182887129,-0.4084238342,1.016731159,-0.005257026301,29.00416632,0.4084238342,0.005257026301,29.4361359,29.4361359,0.04698617046,0.588722718,-4.793689962e-07,-1.917475985e-06,9.587379924e-07,-1.438106989e-06,0.588722718,-8.005462237e-05,-4.793689962e-07,-1.917475985e-06,9.587379924e-07,-1.438106989e-06,0.588722718,-8.005462237e-05,0,0,0,0,0,0
1.82,1,1,5.297027408e-05,3.73907817e-05,-1.917475985e-06,6.447512999e-05,-0.01143750457,-5.776396404e-05,0,0,0,0,0.004188790205,0,-0.008770839432,0.006066218251,-0.004469438267,-0.002666665133,-0.033306844,-0.2182902507,12.32208723,-0,0.1569680155,0.2224790409,0.02967523944,-0.4104098373,1.015630681,-0.005286358682,29.25089359,0.4104098373,0.005286358682,29.69626503,29.69626503,0.04695140507,0.5939253006,-2.396844981e-06,-1.438106989e-06,-4.793689962e-07,-4.793689962e-07,0.5939253006,-7.861651538e-05,-2.396844981e-06,-1.438106989e-06,-4.793689962e-07,-4.793689962e-07,0.5939253006,-7.861651538e-05,0,0,0,0,0,0
1.83,1,1,5.320995858e-05,3.715109721e-05,-1.677791487e-06,6.471481449e-05,-0.01139436136,-5.752427955e-05,0,0,0,0,0.003141592654,0,-0.008710400998,0.006021440919,-0.004486007807,-0.002683960357,-0.03354113514,-0.220724723,12.32715435,-0,0.1574615801,0.2238663157,0.04998062072,-0.4134667501,1.014538421,-0.005329896133,29.57711289,0.4134667501,0.005329896133,30.04589015,30.04589015,0.0469168598,0.6009178031,-2.876213977e-06,-9.587379924e-07,-9.587379924e-07,-9.587379924e-07,0.6009178031,-7.909588438e-05,-2.876213977e-06,-9.587379924e-07,-9.587379924e-07,-9.587379924e-07,0.6009178031,-7.909588438e-05,0,0,0,0,0,0
1.84,1,1,5.249090509e-05,3.73907817e-05,-1.917475985e-06,6.519418349e-05,-0.01136296269,-5.800364854e-05,0,0,0,0,0.003141592654,0,-0.008650411164,0.005976498505,-0.00450245436,-0.002712551522,-0.03391487231,-0.223040299,12.33085342,-0,0.1578207672,0.2261818917,0.08339369042,-0.4181993192,1.014507023,-0.005381551043,29.88740007,0.4181993192,0.005381551043,30.39437463,30.39437463,0.04688268018,0.6078874926,-1.438106989e-06,-1.438106989e-06,-4.793689962e-07,-1.917475985e-06,0.6078874926,-7.813714638e-05,-1.438106989e-06,-1.438106989e-06,-4.793689962e-07,-1.917475985e-06,0.6078874926,-7.813714638e-05,0,0,0,0,0,0
1.85,1,1,5.129248259e-05,3.715109721e-05,-2.396844981e-06,6.519418349e-05,-0.01131957979,-5.776396404e-05,0,0,0,0,0.004188790205,0,-0.008590871575,0.005931392243,-0.004518777477,-0.002728708218,-0.03413547088,-0.2232874822,12.33598006,-0,0.1583170234,0.2274762724,0.09133525199,-0.4210944879,1.015512756,-0.005394281406,29.92052261,0.4210944879,0.005394281406,30.43834663,30.43834663,0.04684863437,0.6087669327,9.587379924e-07,-9.587379924e-07,4.793689962e-07,-1.917475985e-06,0.6087669327,-7.861651538e-05,9.587379924e-07,-9.587379924e-07,4.793689962e-07,-1.917475985e-06,0.6087669327,-7.861651538e-05,0,0,0,0,0,0
1.86,1,1,5.201153609e-05,3.691141271e-05,-2.157160483e-06,6.591323698e-05,-0.01126636983,-5.752427955e-05,0,0,0,0,0.005235987756,0,-0.008531783861,0.005886123369,-0.004534976709,-0.002734585972,-0.03422933999,-0.2226899263,12.3422929,-0,0.158925651,0.2279259141,0.08262297128,-0.42246854,1.016509211,-0.005386496583,29.84045013,0.42246854,0.005386496583,30.35092814,30.35092814,0.04681463357,0.6070185627,-4.793689962e-07,-4.793689962e-07,-0,-3.355582973e-06,0.6070185627,-7.909588438e-05,-4.793689962e-07,-4.793689962e-07,-0,-3.355582973e-06,0.6070185627,-7.909588438e-05,0,0,0,0,0,0
1.87,1,1,5.201153609e-05,3.715109721e-05,-2.636529479e-06,6.519418349e-05,-0.0112018947,-5.632585706e-05,0,0,0,0,0.007330382858,0,-0.008473149645,0.005840693123,-0.004551051612,-0.002728745058,-0.03417850139,-0.2200816941,12.3499791,-0,0.1596630727,0.2274120769,0.05757740289,-0.4221037779,1.018545711,-0.005340871049,29.49094701,0.4221037779,0.005340871049,29.97596906,29.97596906,0.04678055283,0.5995193812,-4.793689962e-07,-9.587379924e-07,9.587379924e-07,-1.917475985e-06,0.5995193812,-8.149272936e-05,-4.793689962e-07,-9.587379924e-07,9.587379924e-07,-1.917475985e-06,0.5995193812,-8.149272936e-05,0,0,0,0,0,0
1.88,1,1,5.320995858e-05,3.667172821e-05,-2.636529479e-06,6.543386798e-05,-0.01111273207,-5.656554155e-05,0,0,0,0,0.01047197551,0,-0.008414970533,0.005795102752,-0.004567001746,-0.002697761537,-0.0338167643,-0.2143592354,12.360675,-0,0.1606827447,0.2248312109,-0.0008731797188,-0.4179980329,1.021612123,-0.005229521239,28.72413754,0.4179980329,0.005229521239,29.14649191,29.14649191,0.04674609733,0.5829298383,-2.876213977e-06,-0,9.587379924e-07,-2.396844981e-06,0.5829298383,-8.101336036e-05,-2.876213977e-06,-0,9.587379924e-07,-2.396844981e-06,0.5829298383,-8.101336036e-05,0,0,0,0,0,0
1.89,1,1,5.320995858e-05,3.643204371e-05,-2.876213977e-06,6.447512999e-05,-0.01099648509,-5.656554155e-05,0,0,0,0,0.01256637061,0,-0.00835724812,0.005749353506,-0.004582826673,-0.002639236969,-0.03311363895,-0.2074207488,12.37473636,-0,0.1620119664,0.2199871194,-0.09004354783,-0.4097725518,1.023602334,-0.005076178981,27.79438034,0.4097725518,0.005076178981,28.11918552,28.11918552,0.04671100762,0.5623837104,-2.876213977e-06,4.793689962e-07,1.438106989e-06,-4.793689962e-07,0.5623837104,-8.101336036e-05,-2.876213977e-06,4.793689962e-07,1.438106989e-06,-4.793689962e-07,0.5623837104,-8.101336036e-05,0,0,0,0,0,0
1.9,1,1,5.273058958e-05,3.73907817e-05,-2.876213977e-06,6.423544549e-05,-0.01086130303,-5.680522605e-05,0,0,0,0,0.01256637061,0,-0.008299983988,0.005703446638,-0.00459852596,-0.002561319044,-0.03216892015,-0.2009849898,12.39125437,-0,0.1635574287,0.2135513604,-0.1910922577,-0.3986132725,1.023467152,-0.004913612657,26.93198863,0.3986132725,0.004913612657,27.14442326,27.14442326,0.04667516729,0.5428884652,-1.917475985e-06,-1.438106989e-06,1.438106989e-06,-0,0.5428884652,-8.053399136e-05,-1.917475985e-06,-1.438106989e-06,1.438106989e-06,-0,0.5428884652,-8.053399136e-05,0,0,0,0,0,0
1.91,1,1,5.201153609e-05,3.73907817e-05,-2.636529479e-06,6.543386798e-05,-0.01074457668,-5.680522605e-05,0,0,0,0,0.00837758041,0,-0.008243179708,0.005657383407,-0.004614099176,-0.002501396973,-0.03144555911,-0.2002176236,12.40566156,-0,0.1648916598,0.208595204,-0.245700742,-0.3901029641,1.019139703,-0.004849777302,26.82916157,0.3901029641,0.004849777302,26.97841357,26.97841357,0.04663890111,0.5395682713,-4.793689962e-07,-1.438106989e-06,9.587379924e-07,-2.396844981e-06,0.5395682713,-8.053399136e-05,-4.793689962e-07,-1.438106989e-06,9.587379924e-07,-2.396844981e-06,0.5395682713,-8.053399136e-05,0,0,0,0,0,0
1.92,1,1,5.129248259e-05,3.715109721e-05,-1.677791487e-06,6.519418349e-05,-0.0106669189,-5.632585706e-05,0,0,0,0,0.005235987756,0,-0.008186836837,0.005611165076,-0.004629545894,-0.002480082067,-0.03120024957,-0.2015725965,12.41532093,-0,0.1657791981,0.2068085843,-0.2326049348,-0.3873611115,1.015909761,-0.004847928255,27.01072793,0.3873611115,0.004847928255,27.17033204,27.17033204,0.04660266599,0.5434066408,9.587379924e-07,-9.587379924e-07,-9.587379924e-07,-1.917475985e-06,0.5434066408,-8.149272936e-05,9.587379924e-07,-9.587379924e-07,-9.587379924e-07,-1.917475985e-06,0.5434066408,-8.149272936e-05,0,0,0,0,0,0
1.93,1,1,5.153216709e-05,3.691141271e-05,-2.157160483e-06,6.495449899e-05,-0.01061970106,-5.680522605e-05,0,0,0,0,0.003141592654,0,-0.008130956919,0.005564792912,-0.004644865691,-0.002488744138,-0.03132691414,-0.2043406609,12.42122315,-0,0.1663187952,0.2074822535,-0.1770471832,-0.3891185912,1.013763761,-0.004889980063,27.38164856,0.3891185912,0.004889980063,27.59860994,27.59860994,0.04656668682,0.5519721989,4.793689962e-07,-4.793689962e-07,-0,-1.438106989e-06,0.5519721989,-8.053399136e-05,4.793689962e-07,-4.793689962e-07,-0,-1.438106989e-06,0.5519721989,-8.053399136e-05,0,0,0,0,0,0
1.94,1,1,5.225122059e-05,3.691141271e-05,-1.917475985e-06,6.3037023e-05,-0.01059549292,-5.704491055e-05,0,0,0,0,0.001047197551,0,-0.008075541487,0.005518268186,-0.004660058146,-0.002519951436,-0.03173374926,-0.2089599167,12.4242577,-0,0.1665954272,0.2100071142,-0.0981564531,-0.3942682786,1.011642965,-0.004975811442,28.00062884,0.3942682786,0.004975811442,28.30171647,28.30171647,0.04653110735,0.5660343295,-9.587379924e-07,-4.793689962e-07,-4.793689962e-07,2.396844981e-06,0.5660343295,-8.005462237e-05,-9.587379924e-07,-4.793689962e-07,-4.793689962e-07,2.396844981e-06,0.5660343295,-8.005462237e-05,0,0,0,0,0,0
1.95,1,1,5.153216709e-05,3.73907817e-05,-1.677791487e-06,6.447512999e-05,-0.01058638491,-5.680522605e-05,0,0,0,0,0,0,-0.00802059206,0.005471592175,-0.004675122844,-0.002565792853,-0.03232265891,-0.2137351303,12.42540091,-0,0.1666995041,0.2137351303,-0.01176293323,-0.4016219954,1.010586385,-0.00507506142,28.64050746,0.4016219954,0.00507506142,29.03544159,29.03544159,0.04649603988,0.5807088317,4.793689962e-07,-1.438106989e-06,-9.587379924e-07,-4.793689962e-07,0.5807088317,-8.053399136e-05,4.793689962e-07,-1.438106989e-06,-9.587379924e-07,-4.793689962e-07,0.5807088317,-8.053399136e-05,0,0,0,0,0,0
1.96,1,1,5.201153609e-05,3.691141271e-05,-1.677791487e-06,6.399576099e-05,-0.01058231028,-5.656554155e-05,0,0,0,0,0,0,-0.007966110144,0.005424766157,-0.00469005937,-0.002616200132,-0.0329685835,-0.2178403496,12.42591261,-0,0.1667460643,0.2178403496,0.06551831924,-0.4096647376,1.01058231,-0.005168645748,29.19060685,0.4096647376,0.005168645748,29.67095855,29.67095855,0.04646147015,0.593419171,-4.793689962e-07,-4.793689962e-07,-9.587379924e-07,4.793689962e-07,0.593419171,-8.101336036e-05,-4.793689962e-07,-4.793689962e-07,-9.587379924e-07,4.793689962e-07,0.593419171,-8.101336036e-05,0,0,0,0,0,0
1.97,1,1,5.273058958e-05,3.667172821e-05,-2.157160483e-06,6.423544549e-05,-0.01057895469,-5.728459505e-05,0,0,0,0,0,0,-0.007912097232,0.005377791416,-0.004704867317,-0.00266685746,-0.03361789173,-0.221968392,12.42633414,-0,0.1667844079,0.221968392,0.1290396321,-0.4177471556,1.010578955,-0.005262687896,29.74376453,0.4177471556,0.005262687896,30.29581401,30.29581401,0.04642739439,0.6059162801,-1.917475985e-06,-0,-0,-0,0.6059162801,-7.957525337e-05,-1.917475985e-06,-0,-0,-0,0.6059162801,-7.957525337e-05,0,0,0,0,0,0
1.98,1,1,5.225122059e-05,3.643204371e-05,-2.157160483e-06,6.471481449e-05,-0.01057464037,-5.752427955e-05,0,0,0,0,0.001047197551,0,-0.007858554807,0.00533066924,-0.004719546277,-0.002716085565,-0.03424970607,-0.2249339111,12.42687626,-0,0.1668337065,0.2259811086,0.178730078,-0.4256168594,1.011622112,-0.005340143084,30.14114408,0.4256168594,0.005340143084,30.75083116,30.75083116,0.04639380721,0.6150166233,-9.587379924e-07,4.793689962e-07,-0,-9.587379924e-07,0.6150166233,-7.909588438e-05,-9.587379924e-07,4.793689962e-07,-0,-9.587379924e-07,0.6150166233,-7.909588438e-05,0,0,0,0,0,0
1.99,1,1,5.225122059e-05,3.715109721e-05,-2.396844981e-06,6.615292148e-05,-0.01056121804,-5.632585706e-05,0,0,0,0.001047197551,0,0,-0.007805484335,0.005283400922,-0.004734095848,-0.002755733705,-0.03476271664,-0.2292073291,12.42856405,-0,0.1669870778,0.2292073291,0.2050055024,-0.4320506503,1.010561218,-0.00542629934,30.7137821,0.4320506503,0.00542629934,31.35626455,31.35626455,0.04636060785,0.6271252911,-9.587379924e-07,-9.587379924e-07,4.793689962e-07,-0.0001085547071,0.6271252911,-8.149272936e-05,-9.587379924e-07,-9.587379924e-07,4.793689962e-07,-0.0001085547071,0.6271252911,-8.149272936e-05,0,0,0,0,0,0
2,1,1,5.177185159e-05,3.73907817e-05,-2.157160483e-06,6.447512999e-05,-0.01054467981,-5.656554155e-05,0,0,0,0,0.001047197551,0,-0.007752887271,0.005235987756,-0.004748515632,-0.002791792538,-0.03523133674,-0.2310921903,12.4306461,-0,0.1671760492,0.2321393878,0.2211327121,-0.4379482785,1.011592152,-0.00547820161,30.9663535,0.4379482785,0.00547820161,31.63091269,31.63091269,0.04632775037,0.6326182538,-0,-1.438106989e-06,-0,-4.793689962e-07,0.6326182538,-8.101336036e-05,-0,-1.438106989e-06,-0,-4.793689962e-07,0.6326182538,-8.101336036e-05,0,0,0,0,0,0
2.01,1,1,5.201153609e-05,3.73907817e-05,-1.917475985e-06,6.447512999e-05,-0.01052454631,-5.656554155e-05,0,0,0,0,0.002094395102,0,-0.007700765058,0.005188431043,-0.004762805232,-0.002823781254,-0.03564955833,-0.2326429304,12.43318442,-0,0.1674060952,0.2347373255,0.227894001,-0.4432375331,1.012620038,-0.005522295699,31.17415268,0.4432375331,0.005522295699,31.85080651,31.85080651,0.04629524041,0.6370161301,-4.793689962e-07,-1.438106989e-06,-4.793689962e-07,-4.793689962e-07,0.6370161301,-8.101336036e-05,-4.793689962e-07,-1.438106989e-06,-4.793689962e-07,-4.793689962e-07,0.6370161301,-8.101336036e-05,0,0,0,0,0,0
2.02,1,1,5.344964308e-05,3.715109721e-05,-1.917475985e-06,6.495449899e-05,-0.0104921889,-5.680522605e-05,0,0,0,0,0.003141592654,0,-0.007649119125,0.005140732087,-0.004776964258,-0.00284306978,-0.03591001353,-0.2331480165,12.43727228,-0,0.167775798,0.2362896091,0.2143265906,-0.4466226157,1.013636249,-0.005541522961,31.24183421,0.4466226157,0.005541522961,31.90832494,31.90832494,0.04626289621,0.6381664987,-3.355582973e-06,-9.587379924e-07,-4.793689962e-07,-1.438106989e-06,0.6381664987,-8.053399136e-05,-3.355582973e-06,-9.587379924e-07,-4.793689962e-07,-1.438106989e-06,0.6381664987,-8.053399136e-05,0,0,0,0,0,0
2.03,1,1,5.177185159e-05,3.78701507e-05,-2.157160483e-06,6.495449899e-05,-0.01044161548,-5.728459505e-05,0,0,0,0,0.005235987756,0,-0.007597950886,0.005092892194,-0.004790992321,-0.002843664589,-0.0359379622,-0.2310654992,12.44368224,-0,0.1683535951,0.236301487,0.174940096,-0.4472005819,1.015684457,-0.005510383082,30.96277689,0.4472005819,0.005510383082,31.59042796,31.59042796,0.0462304982,0.6318085591,-0,-2.396844981e-06,-0,-1.438106989e-06,0.6318085591,-7.957525337e-05,-0,-2.396844981e-06,-0,-1.438106989e-06,0.6318085591,-7.957525337e-05,0,0,0,0,0,0
2.04,1,1,5.249090509e-05,3.76304662e-05,-2.157160483e-06,6.495449899e-05,-0.01037114823,-5.584648806e-05,0,0,0,0,0.007330382858,0,-0.007547261746,0.005044912678,-0.004804889037,-0.002823886487,-0.03571213168,-0.2273037302,12.45265601,-0,0.1691586064,0.2346341131,0.1119469237,-0.444710891,1.017714965,-0.005438525481,30.45869985,0.444710891,0.005438525481,31.02079619,31.02079619,0.04619781386,0.6204159238,-1.438106989e-06,-1.917475985e-06,-0,-1.438106989e-06,0.6204159238,-8.245146735e-05,-1.438106989e-06,-1.917475985e-06,-0,-1.438106989e-06,0.6204159238,-8.245146735e-05,0,0,0,0,0,0
2.05,1,1,5.273058958e-05,3.691141271e-05,-2.157160483e-06,6.471481449e-05,-0.01028797771,-5.656554155e-05,0,0,0,0.001047197551,0.009424777961,0,-0.007497053094,0.004996794853,-0.004818654024,-0.002790924619,-0.03532157582,-0.2224553668,12.46331105,-0,0.1701086323,0.2318801448,0.04079228102,-0.4402237864,1.019734962,-0.005339858268,29.80901915,0.4402237864,0.005339858268,30.29537508,30.29537508,0.0461647927,0.6059075016,-1.917475985e-06,-4.793689962e-07,-0,-0.0001056784931,0.6059075016,-8.101336036e-05,-1.917475985e-06,-4.793689962e-07,-0,-0.0001056784931,0.6059075016,-8.101336036e-05,0,0,0,0,0,0
2.06,1,1,5.225122059e-05,3.715109721e-05,-2.396844981e-06,6.495449899e-05,-0.01019018644,-5.704491055e-05,0,0,0,0,0.009424777961,0.001047197551,-0.007447326306,0.004948540038,-0.004832286905,-0.002742860131,-0.03474193286,-0.2184573682,12.47592741,-0,0.1712255172,0.2278821461,-0.03987783371,-0.4334378324,1.019637171,-0.005239080289,29.27328734,0.4334378324,0.005239080289,29.67208642,29.67208642,0.04613125608,0.5934417283,-9.587379924e-07,-9.587379924e-07,4.793689962e-07,-1.438106989e-06,0.5934417283,-0.0001847743775,-9.587379924e-07,-9.587379924e-07,4.793689962e-07,-1.438106989e-06,0.5934417283,-0.0001847743775,0,0,0,0,0,0
2.07,1,1,5.153216709e-05,3.667172821e-05,-2.636529479e-06,6.519418349e-05,-0.01008544431,-5.680522605e-05,0,0,0,0,0.009424777961,0,-0.007398082745,0.004900149556,-0.004845787307,-0.002687361566,-0.03406840967,-0.2138479144,12.48954656,-0,0.1724216095,0.2232726924,-0.1170700513,-0.4254989887,1.019532429,-0.005123704149,28.65562053,0.4254989887,0.005123704149,28.96917318,28.96917318,0.04609721602,0.5793834635,4.793689962e-07,-0,9.587379924e-07,-1.917475985e-06,0.5793834635,-8.053399136e-05,4.793689962e-07,-0,9.587379924e-07,-1.917475985e-06,0.5793834635,-8.053399136e-05,0,0,0,0,0,0
2.08,1,1,5.201153609e-05,3.78701507e-05,-2.396844981e-06,6.519418349e-05,-0.0099835784,-5.680522605e-05,0,0,0,0,0.007330382858,0,-0.007349323762,0.004851624735,-0.004859154859,-0.002634254637,-0.03342355639,-0.2115308196,12.50289723,-0,0.1735846785,0.2188612025,-0.1754110216,-0.4178912908,1.017327395,-0.005042514451,28.34512983,0.4178912908,0.005042514451,28.59265261,28.59265261,0.04606271159,0.5718530522,-4.793689962e-07,-2.396844981e-06,4.793689962e-07,-1.917475985e-06,0.5718530522,-8.053399136e-05,-4.793689962e-07,-2.396844981e-06,4.793689962e-07,-1.917475985e-06,0.5718530522,-8.053399136e-05,0,0,0,0,0,0
2.09,1,1,5.225122059e-05,3.73907817e-05,-2.396844981e-06,6.567355248e-05,-0.009908077783,-5.656554155e-05,0,0,0,0,0.006283185307,0,-0.007301050694,0.004802966903,-0.004872389195,-0.002607027089,-0.03310140249,-0.2102969449,12.51285975,-0,0.1744466034,0.2165801302,-0.1846154,-0.4141932068,1.016201133,-0.004998253522,28.17979062,0.4141932068,0.004998253522,28.41436668,28.41436668,0.04602812722,0.5682873336,-9.587379924e-07,-1.438106989e-06,4.793689962e-07,-2.876213977e-06,0.5682873336,-8.101336036e-05,-9.587379924e-07,-1.438106989e-06,4.793689962e-07,-2.876213977e-06,0.5682873336,-8.101336036e-05,0,0,0,0,0,0
2.1,1,1,5.225122059e-05,3.76304662e-05,-2.396844981e-06,6.543386798e-05,-0.009840486754,-5.608617256e-05,0,0,0,0,0.006283185307,0,-0.007253264863,0.004754177396,-0.004885489951,-0.002587221891,-0.03287162724,-0.2086265076,12.5218273,-0,0.1752181483,0.2149096929,-0.1813080984,-0.4116128392,1.016133542,-0.004954157958,27.95595202,0.4116128392,0.004954157958,28.19121092,28.19121092,0.04599344707,0.5638242184,-9.587379924e-07,-1.917475985e-06,4.793689962e-07,-2.396844981e-06,0.5638242184,-8.197209835e-05,-9.587379924e-07,-1.917475985e-06,4.793689962e-07,-2.396844981e-06,0.5638242184,-8.197209835e-05,0,0,0,0,0,0
2.11,1,1,5.177185159e-05,3.691141271e-05,-1.917475985e-06,6.495449899e-05,-0.009783202159,-5.632585706e-05,0,0,0,0,0.006283185307,0,-0.00720596758,0.004705257551,-0.00489845677,-0.002577234579,-0.03276444492,-0.2077636546,12.52946356,-0,0.1758719847,0.2140468399,-0.1638276947,-0.4105209187,1.016076257,-0.004929390191,27.84032971,0.4105209187,0.004929390191,28.09195232,28.09195232,0.04595873924,0.5618390465,-0,-4.793689962e-07,-4.793689962e-07,-1.438106989e-06,0.5618390465,-8.149272936e-05,-0,-4.793689962e-07,-4.793689962e-07,-1.438106989e-06,0.5618390465,-8.149272936e-05,0,0,0,0,0,0
2.12,1,1,5.225122059e-05,3.73907817e-05,-2.157160483e-06,6.447512999e-05,-0.009726636618,-5.632585706e-05,0,0,0,0,0.005235987756,0,-0.007159160142,0.004656208708,-0.004911289295,-0.002567476476,-0.03265987178,-0.2079665634,12.53703653,-0,0.1765175581,0.2132025512,-0.14903522,-0.4094580056,1.014969478,-0.004919735905,27.8675195,0.4094580056,0.004919735905,28.13286202,28.13286202,0.04592396821,0.5626572404,-9.587379924e-07,-1.438106989e-06,-0,-4.793689962e-07,0.5626572404,-8.149272936e-05,-9.587379924e-07,-1.438106989e-06,-0,-4.793689962e-07,0.5626572404,-8.149272936e-05,0,0,0,0,0,0
2.13,1,1,5.249090509e-05,3.667172821e-05,-1.917475985e-06,6.423544549e-05,-0.009673906028,-5.680522605e-05,0,0,0,0,0.005235987756,0,-0.007112843832,0.004607032213,-0.004923987174,-0.002561062196,-0.03259698267,-0.2073971203,12.54412526,-0,0.1771193138,0.212633108,-0.1322681998,-0.4089006337,1.014916748,-0.004902042877,27.79121411,0.4089006337,0.004902042877,28.07274859,28.07274859,0.0458892112,0.5614549718,-1.438106989e-06,-0,-4.793689962e-07,-0,0.5614549718,-8.053399136e-05,-1.438106989e-06,-0,-4.793689962e-07,-0,0.5614549718,-8.053399136e-05,0,0,0,0,0,0
2.14,1,1,5.249090509e-05,3.715109721e-05,-1.677791487e-06,6.447512999e-05,-0.009623332599,-5.632585706e-05,0,0,0,0,0.004188790205,0,-0.007067019919,0.004557729415,-0.00493655006,-0.00255631268,-0.03255477359,-0.2080115758,12.5509505,-0,0.1776964066,0.212200366,-0.1159130985,-0.4085933519,1.013816509,-0.004902196139,27.87355116,0.4085933519,0.004902196139,28.17113361,28.17113361,0.04585445707,0.5634226721,-1.438106989e-06,-9.587379924e-07,-9.587379924e-07,-4.793689962e-07,0.5634226721,-8.149272936e-05,-1.438106989e-06,-9.587379924e-07,-9.587379924e-07,-4.793689962e-07,0.5634226721,-8.149272936e-05,0,0,0,0,0,0
2.15,1,1,5.225122059e-05,3.715109721e-05,-2.396844981e-06,6.615292148e-05,-0.009566767057,-5.608617256e-05,0,0,0,0,0.005235987756,0,-0.00702168966,0.004508301663,-0.004948977608,-0.002545077397,-0.03243092218,-0.2059976715,12.5586152,-0,0.1783418224,0.2112336593,-0.1125575043,-0.4072874721,1.014809609,-0.004860555036,27.60368798,0.4072874721,0.004860555036,27.90327851,27.90327851,0.04581960404,0.5580655701,-9.587379924e-07,-9.587379924e-07,4.793689962e-07,-3.83495197e-06,0.5580655701,-8.197209835e-05,-9.587379924e-07,-9.587379924e-07,4.793689962e-07,-3.83495197e-06,0.5580655701,-8.197209835e-05,0,0,0,0,0,0
2.16,1,1,5.225122059e-05,3.691141271e-05,-2.636529479e-06,6.543386798e-05,-0.009508763409,-5.656554155e-05,0,0,0,0,0.005235987756,0,-0.006976854298,0.004458750315,-0.004961269477,-0.002531909111,-0.03228249216,-0.2048716414,12.56650857,-0,0.1790035887,0.2101076291,-0.1125080304,-0.4056782144,1.014751605,-0.004829750148,27.45279994,0.4056782144,0.004829750148,27.75079988,27.75079988,0.04578467514,0.5550159975,-9.587379924e-07,-4.793689962e-07,9.587379924e-07,-2.396844981e-06,0.5550159975,-8.101336036e-05,-9.587379924e-07,-4.793689962e-07,9.587379924e-07,-2.396844981e-06,0.5550159975,-8.101336036e-05,0,0,0,0,0,0
2.17,1,1,5.201153609e-05,3.691141271e-05,-3.355582973e-06,6.543386798e-05,-0.00945555345,-5.608617256e-05,0,0,0,0,0.004188790205,0,-0.006932515061,0.004409076727,-0.004973425331,-0.002523038389,-0.03218778163,-0.2051461467,12.57377976,-0,0.1796106115,0.2093349369,-0.1059502345,-0.404722077,1.01364873,-0.004822029863,27.48958366,0.404722077,0.004822029863,27.79317753,27.79317753,0.04574971539,0.5558635506,-4.793689962e-07,-4.793689962e-07,2.396844981e-06,-2.396844981e-06,0.5558635506,-8.197209835e-05,-4.793689962e-07,-4.793689962e-07,2.396844981e-06,-2.396844981e-06,0.5558635506,-8.197209835e-05,0,0,0,0,0,0
2.18,1,1,5.225122059e-05,3.667172821e-05,-2.876213977e-06,6.591323698e-05,-0.009401145069,-5.584648806e-05,0,0,0,0,0.005235987756,0,-0.006888673166,0.004359282263,-0.004985444835,-0.002512471903,-0.03207148224,-0.203186461,12.58124459,-0,0.1802312542,0.2084224488,-0.10346941,-0.4034991625,1.014643987,-0.004781686583,27.22698577,0.4034991625,0.004781686583,27.53179721,27.53179721,0.04571467406,0.5506359442,-9.587379924e-07,-0,1.438106989e-06,-3.355582973e-06,0.5506359442,-8.245146735e-05,-9.587379924e-07,-0,1.438106989e-06,-3.355582973e-06,0.5506359442,-8.245146735e-05,0,0,0,0,0,0
2.19,1,1,5.225122059e-05,3.73907817e-05,-2.636529479e-06,6.399576099e-05,-0.00934577795,-5.632585706e-05,0,0,0,0,0.004188790205,0,-0.006845329814,0.004309368286,-0.004997327661,-0.002500448136,-0.03193655751,-0.2032010106,12.58887204,-0,0.1808627795,0.2073898008,-0.1032288963,-0.4020452358,1.013538955,-0.004767955565,27.22893542,0.4020452358,0.004767955565,27.53251972,27.53251972,0.04567957887,0.5506503944,-9.587379924e-07,-1.438106989e-06,9.587379924e-07,4.793689962e-07,0.5506503944,-8.149272936e-05,-9.587379924e-07,-1.438106989e-06,9.587379924e-07,4.793689962e-07,0.5506503944,-8.149272936e-05,0,0,0,0,0,0
2.2,1,1,5.225122059e-05,3.73907817e-05,-2.636529479e-06,6.423544549e-05,-0.009301676003,-5.632585706e-05,0,0,0,0,0.004188790205,0,-0.006802486194,0.004259336166,-0.005009073483,-0.002499189808,-0.03193692871,-0.2030538378,12.59497004,-0,0.1813657736,0.207242628,-0.08673124532,-0.4022446601,1.013494853,-0.004760432113,27.20921427,0.4022446601,0.004760432113,27.52948811,27.52948811,0.04564452768,0.5505897622,-9.587379924e-07,-1.438106989e-06,9.587379924e-07,-0,0.5505897622,-8.149272936e-05,-9.587379924e-07,-1.438106989e-06,9.587379924e-07,-0,0.5505897622,-8.149272936e-05,0,0,0,0,0,0
2.21,1,1,5.225122059e-05,3.81098352e-05,-1.917475985e-06,6.37560765e-05,-0.009270996387,-5.584648806e-05,0,0,0,0,0.002094395102,0,-0.00676014348,0.004209187274,-0.005020681978,-0.002510852907,-0.03209995486,-0.2060641113,12.59922388,-0,0.1817156621,0.2081585064,-0.05364610698,-0.4044345179,1.011366488,-0.004807060058,27.61259092,0.4044345179,0.004807060058,27.96818639,27.96818639,0.04560967451,0.5593637277,-9.587379924e-07,-2.876213977e-06,-4.793689962e-07,9.587379924e-07,0.5593637277,-8.245146735e-05,-9.587379924e-07,-2.876213977e-06,-4.793689962e-07,9.587379924e-07,0.5593637277,-8.245146735e-05,0,0,0,0,0,0
2.22,1,1,5.273058958e-05,3.83495197e-05,-2.396844981e-06,6.471481449e-05,-0.009254937525,-5.560680356e-05,0,0,0,0,0.001047197551,0,-0.006718302833,0.004158922985,-0.005032152829,-0.002536634692,-0.03244088408,-0.2091893566,12.60145436,-0,0.1818988001,0.2102365542,-0.005459636603,-0.4088023201,1.010302409,-0.004866011629,28.03137379,0.4088023201,0.004866011629,28.43958249,28.43958249,0.04557513734,0.5687916497,-1.917475985e-06,-3.355582973e-06,4.793689962e-07,-9.587379924e-07,0.5687916497,-8.293083635e-05,-1.917475985e-06,-3.355582973e-06,4.793689962e-07,-9.587379924e-07,0.5687916497,-8.293083635e-05,0,0,0,0,0,0
2.23,1,1,5.129248259e-05,3.715109721e-05,-2.876213977e-06,6.399576099e-05,-0.009247027937,-5.632585706e-05,0,0,0,0,0,0,-0.006676965401,0.004108544677,-0.005043485721,-0.002570062536,-0.03287823529,-0.2129448039,12.60255392,-0,0.1819890007,0.2129448039,0.04521680739,-0.4143497332,1.009247028,-0.004939315903,28.53460372,0.4143497332,0.004939315903,28.99910958,28.99910958,0.04554098015,0.5799821916,9.587379924e-07,-9.587379924e-07,1.438106989e-06,4.793689962e-07,0.5799821916,-8.149272936e-05,9.587379924e-07,-9.587379924e-07,1.438106989e-06,4.793689962e-07,0.5799821916,-8.149272936e-05,0,0,0,0,0,0
2.24,1,1,5.177185159e-05,3.73907817e-05,-2.636529479e-06,6.399576099e-05,-0.009238878664,-5.512743456e-05,0,0,0,0,0.001047197551,0,-0.006636132315,0.004058053732,-0.005054680343,-0.002602746349,-0.03330628412,-0.2145455643,12.60368748,-0,0.1820819335,0.2155927618,0.08522644997,-0.4197819962,1.01028635,-0.004982992763,28.74910562,0.4197819962,0.004982992763,29.25909705,29.25909705,0.04550713757,0.5851819411,-0,-1.438106989e-06,9.587379924e-07,4.793689962e-07,0.5851819411,-8.388957434e-05,-0,-1.438106989e-06,9.587379924e-07,4.793689962e-07,0.5851819411,-8.388957434e-05,0,0,0,0,0,0
2.25,1,1,5.153216709e-05,3.81098352e-05,-2.396844981e-06,6.447512999e-05,-0.009230969076,-5.512743456e-05,0,0,0,0,0.001047197551,0,-0.006595804697,0.004007451533,-0.005065736389,-0.002635164379,-0.033731048,-0.2171725727,12.60478835,-0,0.1821721319,0.2182197703,0.1175429551,-0.4251727209,1.010278441,-0.005040209574,29.10112474,0.4251727209,0.005040209574,29.64888063,29.64888063,0.04547361766,0.5929776126,4.793689962e-07,-2.876213977e-06,4.793689962e-07,-4.793689962e-07,0.5929776126,-8.388957434e-05,4.793689962e-07,-2.876213977e-06,4.793689962e-07,-4.793689962e-07,0.5929776126,-8.388957434e-05,0,0,0,0,0,0
2.26,1,1,5.201153609e-05,3.76304662e-05,-2.876213977e-06,6.447512999e-05,-0.009222100749,-5.536711906e-05,0,0,0,0,0,0,-0.006555983651,0.003956739467,-0.005076653555,-0.002666117098,-0.0341373966,-0.2207269136,12.60602342,-0,0.182273262,0.2207269136,0.1417960857,-0.4303368211,1.009222101,-0.005108257077,29.57740642,0.4303368211,0.005108257077,30.15464758,30.15464758,0.04544042355,0.6030929517,-4.793689962e-07,-1.917475985e-06,1.438106989e-06,-4.793689962e-07,0.6030929517,-8.341020534e-05,-4.793689962e-07,-1.917475985e-06,1.438106989e-06,-4.793689962e-07,0.6030929517,-8.341020534e-05,0,0,0,0,0,0
2.27,1,1,5.273058958e-05,3.691141271e-05,-2.636529479e-06,6.447512999e-05,-0.009214191161,-5.656554155e-05,0,0,0,0,0.001047197551,0,-0.006516670269,0.003905918925,-0.005087431542,-0.002697520892,-0.03454947681,-0.2222249042,12.60712566,-0,0.182363458,0.2232721018,0.1622952819,-0.4355695956,1.010261663,-0.005149794461,29.77813717,0.4355695956,0.005149794461,30.38115184,30.38115184,0.04540754672,0.6076230368,-1.917475985e-06,-4.793689962e-07,9.587379924e-07,-4.793689962e-07,0.6076230368,-8.101336036e-05,-1.917475985e-06,-4.793689962e-07,9.587379924e-07,-4.793689962e-07,0.6076230368,-8.101336036e-05,0,0,0,0,0,0
2.28,1,1,5.177185159e-05,3.667172821e-05,-2.157160483e-06,6.567355248e-05,-0.009200049775,-5.584648806e-05,0,0,0,0,0.001047197551,0,-0.006477865629,0.003854991301,-0.005098070054,-0.002722184146,-0.03487660583,-0.2242148977,12.60909792,-0,0.1825247147,0.2252620952,0.1687826203,-0.439762538,1.010247521,-0.005192026912,30.04479629,0.439762538,0.005192026912,30.65853347,30.65853347,0.04537490446,0.6131706694,-0,-0,-0,-2.876213977e-06,0.6131706694,-8.245146735e-05,-0,-0,-0,-2.876213977e-06,0.6131706694,-8.245146735e-05,0,0,0,0,0,0
2.29,1,1,5.225122059e-05,3.667172821e-05,-2.396844981e-06,6.543386798e-05,-0.009178238486,-5.584648806e-05,0,0,0,0,0.002094395102,0,-0.006439570795,0.00380395799,-0.0051085688,-0.002738667691,-0.03510058608,-0.2244832589,12.61214392,-0,0.1827734256,0.226577654,0.1618018711,-0.4426936432,1.01127373,-0.005205075562,30.08075669,0.4426936432,0.005205075562,30.69045728,30.69045728,0.04534240305,0.6138091455,-9.587379924e-07,-0,4.793689962e-07,-2.396844981e-06,0.6138091455,-8.245146735e-05,-9.587379924e-07,-0,4.793689962e-07,-2.396844981e-06,0.6138091455,-8.245146735e-05,0,0,0,0,0,0
2.3,1,1,5.201153609e-05,3.643204371e-05,-2.396844981e-06,6.471481449e-05,-0.009155708143,-5.512743456e-05,0,0,0,0,0.001047197551,0,-0.006401786817,0.003752820392,-0.005118927492,-0.002753921326,-0.0353090148,-0.2267446718,12.61529547,-0,0.1830303267,0.2277918694,0.1544634544,-0.4454336545,1.01020318,-0.005242641551,30.38378602,0.4454336545,0.005242641551,30.98892577,30.98892577,0.04531007165,0.6197785155,-4.793689962e-07,4.793689962e-07,4.793689962e-07,-9.587379924e-07,0.6197785155,-8.388957434e-05,-4.793689962e-07,4.793689962e-07,4.793689962e-07,-9.587379924e-07,0.6197785155,-8.388957434e-05,0,0,0,0,0,0
2.31,1,1,5.201153609e-05,3.619235921e-05,-2.157160483e-06,6.591323698e-05,-0.009130301586,-5.584648806e-05,0,0,0,0,0.002094395102,0,-0.00636451473,0.003701579908,-0.005129145847,-0.002765786856,-0.03547464179,-0.226632138,12.61885562,-0,0.1833200128,0.2287265331,0.1433353807,-0.4476493831,1.011225793,-0.005246920447,30.36870649,0.4476493831,0.005246920447,30.96493817,30.96493817,0.04527785717,0.6192987635,-4.793689962e-07,9.587379924e-07,-0,-3.355582973e-06,0.6192987635,-8.245146735e-05,-4.793689962e-07,9.587379924e-07,-0,-3.355582973e-06,0.6192987635,-8.245146735e-05,0,0,0,0,0,0
2.32,1,1,5.201153609e-05,3.643204371e-05,-2.876213977e-06,6.3516392e-05,-0.009105853768,-5.584648806e-05,0,0,0,0.001047197551,0.002094395102,0,-0.006327755557,0.003650237944,-0.005139223583,-0.00277809821,-0.03564582059,-0.2276036148,12.62228771,-0,0.1835987564,0.2296980099,0.1347142664,-0.4499318033,1.011201345,-0.005265423965,30.49888438,0.4499318033,0.005265423965,31.08879587,31.08879587,0.04524579132,0.6217759175,-4.793689962e-07,4.793689962e-07,1.438106989e-06,-0.0001032816481,0.6217759175,-8.245146735e-05,-4.793689962e-07,4.793689962e-07,1.438106989e-06,-0.0001032816481,0.6217759175,-8.245146735e-05,0,0,0,0,0,0
2.33,1,1,5.177185159e-05,3.81098352e-05,-1.917475985e-06,6.399576099e-05,-0.009079967842,-5.608617256e-05,0,0,0,0,0.002094395102,0,-0.006291510305,0.003598795906,-0.005149160424,-0.002788457537,-0.0357922767,-0.2284139301,12.62592841,-0,0.1838938848,0.2305083252,0.124781832,-0.4519107231,1.01117546,-0.005280170035,30.60746663,0.4519107231,0.005280170035,31.18943936,31.18943936,0.04521386716,0.6237887871,-0,-2.876213977e-06,-4.793689962e-07,4.793689962e-07,0.6237887871,-8.197209835e-05,-0,-2.876213977e-06,-4.793689962e-07,4.793689962e-07,0.6237887871,-8.197209835e-05,0,0,0,0,0,0
2.34,1,1,5.273058958e-05,3.76304662e-05,-1.917475985e-06,6.519418349e-05,-0.009056478761,-5.560680356e-05,0,0,0,0.001047197551,0.002094395102,0,-0.006255779968,0.003547255206,-0.005158956099,-0.002800698793,-0.0359624058,-0.2293796267,12.62923798,-0,0.1841616761,0.2314740218,0.119664789,-0.4541777813,1.01115197,-0.005298518646,30.73686997,0.4541777813,0.005298518646,31.31601106,31.31601106,0.04518208328,0.6263202212,-1.917475985e-06,-1.917475985e-06,-4.793689962e-07,-0.0001066372311,0.6263202212,-8.293083635e-05,-1.917475985e-06,-1.917475985e-06,-4.793689962e-07,-0.0001066372311,0.6263202212,-8.293083635e-05,0,0,0,0,0,0
2.35,1,1,5.249090509e-05,3.691141271e-05,-2.876213977e-06,6.447512999e-05,-0.009034907156,-5.608617256e-05,0,0,0,0,0.001047197551,0,-0.006220565525,0.003495617256,-0.005168610338,-0.002814341631,-0.03615015432,-0.2315083061,12.63228241,-0,0.1844075981,0.2325555036,0.1175761207,-0.4566589585,1.010082379,-0.005332648081,31.02211301,0.4566589585,0.005332648081,31.60168074,31.60168074,0.04515049032,0.6320336148,-1.438106989e-06,-4.793689962e-07,1.438106989e-06,-4.793689962e-07,0.6320336148,-8.197209835e-05,-1.438106989e-06,-4.793689962e-07,1.438106989e-06,-4.793689962e-07,0.6320336148,-8.197209835e-05,0,0,0,0,0,0
2.36,1,1,5.177185159e-05,3.643204371e-05,-2.396844981e-06,6.519418349e-05,-0.009013575236,-5.536711906e-05,0,0,0,0,0.001047197551,0,-0.006185867942,0.003443883471,-0.005178122878,-0.002827707294,-0.03633431899,-0.2325669449,12.63529774,-0,0.1846507793,0.2336141424,0.1154224245,-0.4590949387,1.010061047,-0.005353074605,31.16397061,0.4590949387,0.005353074605,31.74384105,31.74384105,0.04511904572,0.634876821,-0,4.793689962e-07,4.793689962e-07,-1.917475985e-06,0.634876821,-8.341020534e-05,-0,4.793689962e-07,4.793689962e-07,-1.917475985e-06,0.634876821,-8.341020534e-05,0,0,0,0,0,0
2.37,1,1,5.177185159e-05,3.571299022e-05,-2.636529479e-06,6.471481449e-05,-0.008987449626,-5.488775007e-05,0,0,0,0,0.002094395102,0,-0.00615168817,0.003392055271,-0.005187493456,-0.002835761455,-0.03645126566,-0.2321395496,12.63899708,-0,0.1849485967,0.2342339447,0.1053901393,-0.4607074403,1.011082941,-0.005350335696,31.10669965,0.4607074403,0.005350335696,31.67814756,31.67814756,0.04508770793,0.6335629513,-0,1.917475985e-06,9.587379924e-07,-9.587379924e-07,0.6335629513,-8.436894333e-05,-0,1.917475985e-06,9.587379924e-07,-9.587379924e-07,0.6335629513,-8.436894333e-05,0,0,0,0,0,0
2.38,1,1,5.249090509e-05,3.667172821e-05,-1.677791487e-06,6.495449899e-05,-0.008948620737,-5.488775007e-05,0,0,0,-0.001047197551,0.004188790205,0,-0.006118027147,0.003340134076,-0.005196721817,-0.00283059359,-0.03640091155,-0.2295722894,12.64450824,-0,0.1853912015,0.2337610796,0.07706691183,-0.4602716261,1.013141797,-0.005309033999,30.76268678,0.4602716261,0.005309033999,31.30533435,31.30533435,0.04505626385,0.626106687,-1.438106989e-06,-0,-9.587379924e-07,0.0001032816481,0.626106687,-8.436894333e-05,-1.438106989e-06,-0,-9.587379924e-07,0.0001032816481,0.626106687,-8.436894333e-05,0,0,0,0,0,0
2.39,1,1,5.201153609e-05,3.691141271e-05,-2.157160483e-06,6.495449899e-05,-0.008899485415,-5.560680356e-05,0,0,0,0,0.005235987756,0,-0.006084885794,0.00328812131,-0.005205807707,-0.002814599621,-0.03621334935,-0.2271574732,12.65150463,-0,0.1859512484,0.2323934609,0.03767137322,-0.458153357,1.014142327,-0.005259879592,30.4391014,0.458153357,0.005259879592,30.94018601,30.94018601,0.04502464703,0.6188037203,-4.793689962e-07,-4.793689962e-07,-0,-1.438106989e-06,0.6188037203,-8.293083635e-05,-4.793689962e-07,-4.793689962e-07,-0,-1.438106989e-06,0.6188037203,-8.293083635e-05,0,0,0,0,0,0
2.4,1,1,5.225122059e-05,3.619235921e-05,-2.396844981e-06,6.543386798e-05,-0.008834530916,-5.512743456e-05,0,0,0,0,0.007330382858,0,-0.006052265021,0.003236018398,-0.005214750877,-0.002782265895,-0.03581854746,-0.2223455173,12.66079197,-0,0.1866915354,0.2296759001,-0.01944968261,-0.4534911782,1.016178347,-0.005165485399,29.79429931,0.4534911782,0.005165485399,30.2335063,30.2335063,0.04499267039,0.6046701259,-9.587379924e-07,9.587379924e-07,4.793689962e-07,-2.396844981e-06,0.6046701259,-8.388957434e-05,-9.587379924e-07,9.587379924e-07,4.793689962e-07,-2.396844981e-06,0.6046701259,-8.388957434e-05,0,0,0,0,0,0
2.41,1,1,5.177185159e-05,3.643204371e-05,-2.636529479e-06,6.543386798e-05,-0.008766939887,-5.584648806e-05,0,0,0,0,0.005235987756,0,-0.006020165722,0.003183826769,-0.005223551082,-0.002746774165,-0.03538308517,-0.2214618659,12.67050287,-0,0.1874617887,0.2266978536,-0.07022805068,-0.448321482,1.014009782,-0.005119346317,29.67589003,0.448321482,0.005119346317,30.05910281,30.05910281,0.04496038368,0.6011820561,-0,4.793689962e-07,9.587379924e-07,-2.396844981e-06,0.6011820561,-8.245146735e-05,-0,4.793689962e-07,9.587379924e-07,-2.396844981e-06,0.6011820561,-8.245146735e-05,0,0,0,0,0,0
2.42,1,1,5.129248259e-05,3.73907817e-05,-1.917475985e-06,6.567355248e-05,-0.008705101287,-5.536711906e-05,0,0,0,0,0.006283185307,0.001047197551,-0.005988588777,0.003131547854,-0.005232208081,-0.00271651251,-0.03501323485,-0.2178688487,12.67942899,-0,0.1881664149,0.224152034,-0.1042894301,-0.4439478249,1.014998156,-0.00504246504,29.19442573,0.4439478249,0.00504246504,29.53912659,29.53912659,0.04492784963,0.5907825318,9.587379924e-07,-1.438106989e-06,-4.793689962e-07,-2.876213977e-06,0.5907825318,-0.0001881299605,9.587379924e-07,-1.438106989e-06,-4.793689962e-07,-2.876213977e-06,0.5907825318,-0.0001881299605,0,0,0,0,0,0
2.43,1,1,5.249090509e-05,3.667172821e-05,-2.157160483e-06,6.615292148e-05,-0.008640386472,-5.584648806e-05,0,0,0,0,0.007330382858,0,-0.005957535051,0.003079183085,-0.005240721636,-0.002682851421,-0.03459964661,-0.2139955052,12.68881302,-0,0.1889037387,0.2213258881,-0.1369767378,-0.4390284463,1.015984203,-0.004958823116,28.6753977,0.4390284463,0.004958823116,28.98240823,28.98240823,0.04489500772,0.5796481647,-1.438106989e-06,-0,-0,-3.83495197e-06,0.5796481647,-8.245146735e-05,-1.438106989e-06,-0,-0,-3.83495197e-06,0.5796481647,-8.245146735e-05,0,0,0,0,0,0
2.44,1,1,5.249090509e-05,3.691141271e-05,-2.157160483e-06,6.567355248e-05,-0.008580944717,-5.632585706e-05,0,0,0,0,0.005235987756,0,-0.005927005396,0.0030267339,-0.005249091515,-0.00265393932,-0.0342456973,-0.2136560275,12.69747101,-0,0.1895809157,0.2188920153,-0.1560329119,-0.4348337489,1.013823786,-0.004926295816,28.62990769,0.4348337489,0.004926295816,28.91363482,28.91363482,0.04486196625,0.5782726964,-1.438106989e-06,-4.793689962e-07,-0,-2.876213977e-06,0.5782726964,-8.149272936e-05,-1.438106989e-06,-4.793689962e-07,-0,-2.876213977e-06,0.5782726964,-8.149272936e-05,0,0,0,0,0,0
2.45,1,1,5.225122059e-05,3.715109721e-05,-2.396844981e-06,6.639260598e-05,-0.008544512673,-5.656554155e-05,0,0,0,0,0.002094395102,0,-0.00589700065,0.002974201735,-0.005257317486,-0.002647512023,-0.03417683075,-0.216219116,12.70279582,-0,0.1899959273,0.2183135111,-0.1376250214,-0.4341413028,1.010640004,-0.004950486613,28.97336154,0.4341413028,0.004950486613,29.27482831,29.27482831,0.04482899083,0.5854965661,-9.587379924e-07,-9.587379924e-07,4.793689962e-07,-4.314320966e-06,0.5854965661,-8.101336036e-05,-9.587379924e-07,-9.587379924e-07,4.793689962e-07,-4.314320966e-06,0.5854965661,-8.101336036e-05,0,0,0,0,0,0
2.46,1,1,5.201153609e-05,3.73907817e-05,-1.677791487e-06,6.543386798e-05,-0.008521502961,-5.584648806e-05,0,0,0,0,0.001047197551,0,-0.005867521633,0.00292158803,-0.005265399326,-0.002653981328,-0.03427158281,-0.2177518102,12.70616603,-0,0.190258027,0.2187990078,-0.1033119248,-0.4354604212,1.009568975,-0.00497137351,29.17874257,0.4354604212,0.00497137351,29.51586244,29.51586244,0.04479617224,0.5903172488,-4.793689962e-07,-1.438106989e-06,-9.587379924e-07,-2.396844981e-06,0.5903172488,-8.245146735e-05,-4.793689962e-07,-1.438106989e-06,-9.587379924e-07,-2.396844981e-06,0.5903172488,-8.245146735e-05,0,0,0,0,0,0
2.47,1,1,5.201153609e-05,3.76304662e-05,-2.157160483e-06,6.567355248e-05,-0.008508080629,-5.560680356e-05,0,0,0,0,0,0,-0.005838569156,0.002868894229,-0.005273336812,-0.002669511473,-0.03448133652,-0.2200322455,12.70813455,-0,0.190410914,0.2200322455,-0.06163509849,-0.4381934638,1.008508081,-0.00500923366,29.4843209,0.4381934638,0.00500923366,29.8658885,29.8658885,0.04476356867,0.5973177699,-4.793689962e-07,-1.917475985e-06,-0,-2.876213977e-06,0.5973177699,-8.293083635e-05,-4.793689962e-07,-1.917475985e-06,-0,-2.876213977e-06,0.5973177699,-8.293083635e-05,0,0,0,0,0,0
2.48,1,1,5.201153609e-05,3.76304662e-05,-1.198422491e-06,6.495449899e-05,-0.008499212303,-5.536711906e-05,0,0,0,0,0,0,-0.005810144011,0.002816121776,-0.005281129727,-0.002689068292,-0.03474216075,-0.221598034,12.70943621,-0,0.1905119268,0.221598034,-0.02166895966,-0.441553276,1.008499212,-0.005041143339,29.69413656,0.441553276,0.005041143339,30.11906202,30.11906202,0.04473121588,0.6023812404,-4.793689962e-07,-1.917475985e-06,-1.917475985e-06,-1.438106989e-06,0.6023812404,-8.341020534e-05,-4.793689962e-07,-1.917475985e-06,-1.917475985e-06,-1.438106989e-06,0.6023812404,-8.341020534e-05,0,0,0,0,0,0
2.49,1,1,5.249090509e-05,3.76304662e-05,-1.917475985e-06,6.543386798e-05,-0.008492021768,-5.584648806e-05,0,0,0,0,0.001047197551,0,-0.005782246978,0.002763272117,-0.005288777857,-0.00270977479,-0.03501749789,-0.2222118221,12.71049223,-0,0.1905938279,0.2232590197,0.01261729104,-0.4450896348,1.009539493,-0.005061899305,29.77638416,0.4450896348,0.005061899305,30.23915299,30.23915299,0.04469907155,0.6047830597,-1.438106989e-06,-1.917475985e-06,-4.793689962e-07,-2.396844981e-06,0.6047830597,-8.245146735e-05,-1.438106989e-06,-1.917475985e-06,-4.793689962e-07,-2.396844981e-06,0.6047830597,-8.245146735e-05,0,0,0,0,0,0
2.5,1,1,5.153216709e-05,3.715109721e-05,-3.115898475e-06,6.519418349e-05,-0.008478839121,-5.560680356e-05,0,0,0,0,0.001047197551,0,-0.005754878821,0.002710346702,-0.005296280992,-0.002723960299,-0.03520983685,-0.2233344875,12.71242966,-0,0.1907439775,0.224381685,0.03078728553,-0.4476025743,1.009526311,-0.005083693141,29.92682132,0.4476025743,0.005083693141,30.41029487,30.41029487,0.0446670398,0.6082058975,4.793689962e-07,-9.587379924e-07,1.917475985e-06,-1.917475985e-06,0.6082058975,-8.293083635e-05,4.793689962e-07,-9.587379924e-07,1.917475985e-06,-1.917475985e-06,0.6082058975,-8.293083635e-05,0,0,0,0,0,0
2.51,1,1,5.225122059e-05,3.78701507e-05,-2.636529479e-06,6.543386798e-05,-0.008461102468,-5.560680356e-05,0,0,0,0,0.001047197551,0,-0.005728040291,0.002657346982,-0.005303638928,-0.002733062176,-0.03533741119,-0.2240372709,12.71503927,-0,0.1909459919,0.2250844685,0.03792582133,-0.4493165709,1.009508574,-0.005095867416,30.0209943,0.4493165709,0.005095867416,30.51333256,30.51333256,0.04463513258,0.6102666513,-9.587379924e-07,-2.396844981e-06,9.587379924e-07,-2.396844981e-06,0.6102666513,-8.293083635e-05,-9.587379924e-07,-2.396844981e-06,9.587379924e-07,-2.396844981e-06,0.6102666513,-8.293083635e-05,0,0,0,0,0,0
2.52,1,1,5.177185159e-05,3.691141271e-05,-2.636529479e-06,6.519418349e-05,-0.008442167392,-5.536711906e-05,0,0,0,0,0.001047197551,0,-0.005701732124,0.002604274408,-0.005310851461,-0.002740435268,-0.03544284473,-0.2245971641,12.71782886,-0,0.1911616493,0.2256443617,0.04118468721,-0.4507560335,1.009489639,-0.005104765688,30.09601999,0.4507560335,0.005104765688,30.59306548,30.59306548,0.04460328956,0.6118613096,-0,-4.793689962e-07,9.587379924e-07,-1.917475985e-06,0.6118613096,-8.341020534e-05,-0,-4.793689962e-07,9.587379924e-07,-1.917475985e-06,0.6118613096,-8.341020534e-05,0,0,0,0,0,0
2.53,1,1,5.225122059e-05,3.76304662e-05,-2.396844981e-06,6.543386798e-05,-0.00842179421,-5.560680356e-05,0,0,0,0,0.001047197551,0,-0.005675955041,0.002551130438,-0.005317918395,-0.002745839169,-0.03552306169,-0.2249942547,12.72083452,-0,0.1913936783,0.2260414522,0.040795173,-0.4518829895,1.009469266,-0.005109944356,30.14923013,0.4518829895,0.005109944356,30.64701824,30.64701824,0.04457154318,0.6129403647,-9.587379924e-07,-1.917475985e-06,4.793689962e-07,-2.396844981e-06,0.6129403647,-8.293083635e-05,-9.587379924e-07,-1.917475985e-06,4.793689962e-07,-2.396844981e-06,0.6129403647,-8.293083635e-05,0,0,0,0,0,0
2.54,1,1,5.201153609e-05,3.691141271e-05,-2.396844981e-06,6.519418349e-05,-0.008401660712,-5.464806557e-05,0,0,0,0,0.002094395102,0.001047197551,-0.005650709749,0.002497916527,-0.005324839535,-0.002750950963,-0.03559938071,-0.2243198772,12.72380912,-0,0.1916229698,0.2264142723,0.04011536579,-0.4529597249,1.010497152,-0.00510137928,30.05886354,0.4529597249,0.00510137928,30.55704001,30.55704001,0.04453985067,0.6111408003,-4.793689962e-07,-4.793689962e-07,4.793689962e-07,-1.917475985e-06,0.6111408003,-0.0001895680674,-4.793689962e-07,-4.793689962e-07,4.793689962e-07,-1.917475985e-06,0.6111408003,-0.0001895680674,0,0,0,0,0,0
2.55,1,1,5.177185159e-05,3.76304662e-05,-2.636529479e-06,6.543386798e-05,-0.008379849423,-5.536711906e-05,0,0.001047197551,0,0,0.001047197551,0,-0.005625996939,0.002444634134,-0.005331614692,-0.002753852484,-0.03564738421,-0.2255571057,12.72703642,-0,0.1918713604,0.2266043033,0.03625205946,-0.4536855571,1.009427321,-0.005115022443,30.22465217,0.4536855571,0.005115022443,30.7197048,30.7197048,0.04450821017,0.6143940961,-0,-0.0001066372311,9.587379924e-07,-2.396844981e-06,0.6143940961,-8.341020534e-05,-0,-0.0001066372311,9.587379924e-07,-2.396844981e-06,0.6143940961,-8.341020534e-05,0,0,0,0,0,0
2.56,1,1,5.249090509e-05,3.715109721e-05,-2.636529479e-06,6.543386798e-05,-0.008354682551,-5.608617256e-05,0,0,0,0,0.002094395102,0,-0.00560181729,0.00239128472,-0.00533824368,-0.002752865261,-0.03564568069,-0.2243784054,12.73076646,-0,0.1921579538,0.2264728005,0.02708132917,-0.4537968362,1.010450174,-0.005094990667,30.06670632,0.4537968362,0.005094990667,30.55267948,30.55267948,0.04447660629,0.6110535896,-1.438106989e-06,-9.587379924e-07,9.587379924e-07,-2.396844981e-06,0.6110535896,-8.197209835e-05,-1.438106989e-06,-9.587379924e-07,9.587379924e-07,-2.396844981e-06,0.6110535896,-8.197209835e-05,0,0,0,0,0,0
2.57,1,1,5.225122059e-05,3.619235921e-05,-2.157160483e-06,6.423544549e-05,-0.00832376325,-5.560680356e-05,0,0,0,0,0.003141592654,0,-0.005578171463,0.002337869748,-0.005344726318,-0.002745591787,-0.03556369268,-0.2226800216,12.73535823,-0,0.1925100379,0.2258216143,0.009925793411,-0.4529163663,1.011467823,-0.005063005944,29.8391229,0.4529163663,0.005063005944,30.30702806,30.30702806,0.04444490644,0.6061405613,-9.587379924e-07,9.587379924e-07,-0,-0,0.6061405613,-8.293083635e-05,-9.587379924e-07,9.587379924e-07,-0,-0,0.6061405613,-8.293083635e-05,0,0,0,0,0,0
2.58,1,1,5.273058958e-05,3.73907817e-05,-2.396844981e-06,6.543386798e-05,-0.008284694677,-5.488775007e-05,0,0,0,0,0.004188790205,0,-0.005555060108,0.002284390682,-0.005351062427,-0.002729634569,-0.03537078726,-0.2202639117,12.74117467,-0,0.1929548935,0.2244527019,-0.01717014892,-0.4506653787,1.012477871,-0.00501448483,29.51536417,0.4506653787,0.00501448483,29.95387389,29.95387389,0.04441305181,0.5990774777,-1.917475985e-06,-1.438106989e-06,4.793689962e-07,-2.396844981e-06,0.5990774777,-8.436894333e-05,-1.917475985e-06,-1.438106989e-06,4.793689962e-07,-2.396844981e-06,0.5990774777,-8.436894333e-05,0,0,0,0,0,0
2.59,1,1,5.177185159e-05,3.715109721e-05,-2.157160483e-06,6.495449899e-05,-0.008241311783,-5.464806557e-05,0,0,0,0,0.004188790205,0,-0.005532483858,0.002230848988,-0.005357251834,-0.002708827925,-0.03511569444,-0.2184942947,12.74765232,-0,0.1934488404,0.2226830849,-0.04658596573,-0.4476426639,1.012434488,-0.004970186657,29.27823549,0.4476426639,0.004970186657,29.68426237,29.68426237,0.04438101921,0.5936852475,-0,-9.587379924e-07,-0,-1.438106989e-06,0.5936852475,-8.484831233e-05,-0,-9.587379924e-07,-0,-1.438106989e-06,0.5936852475,-8.484831233e-05,0,0,0,0,0,0
2.6,1,1,5.225122059e-05,3.715109721e-05,-2.396844981e-06,6.543386798e-05,-0.008187382771,-5.512743456e-05,0,0,0,0,0.006283185307,0,-0.005510443332,0.002177246135,-0.00536329437,-0.002676939439,-0.03471882674,-0.2137150464,12.75573244,-0,0.1940628129,0.2199982317,-0.08745196121,-0.4428640646,1.014480438,-0.004877587006,28.63781622,0.4428640646,0.004877587006,28.99810591,28.99810591,0.0443486745,0.5799621182,-9.587379924e-07,-9.587379924e-07,4.793689962e-07,-2.396844981e-06,0.5799621182,-8.388957434e-05,-9.587379924e-07,-9.587379924e-07,4.793689962e-07,-2.396844981e-06,0.5799621182,-8.388957434e-05,0,0,0,0,0,0
2.61,1,1,5.201153609e-05,3.81098352e-05,-2.396844981e-06,6.591323698e-05,-0.00812338701,-5.488775007e-05,0,0,0,0,0.006283185307,0,-0.005488939135,0.002123583591,-0.005369189867,-0.002634447875,-0.03418603188,-0.2101552741,12.76536087,-0,0.1947913218,0.2164384594,-0.1369709427,-0.4363970335,1.014416442,-0.004792200457,28.16080673,0.4363970335,0.004792200457,28.46502503,28.46502503,0.04431592533,0.5693005005,-4.793689962e-07,-2.876213977e-06,4.793689962e-07,-3.355582973e-06,0.5693005005,-8.436894333e-05,-4.793689962e-07,-2.876213977e-06,4.793689962e-07,-3.355582973e-06,0.5693005005,-8.436894333e-05,0,0,0,0,0,0
2.62,1,1,5.177185159e-05,3.667172821e-05,-1.677791487e-06,6.567355248e-05,-0.008048605446,-5.560680356e-05,0,0,0,0,0.007330382858,0,-0.005467971855,0.002069862828,-0.005374938166,-0.002580633592,-0.03350781523,-0.2046150596,12.7766672,-0,0.1956425139,0.2119454424,-0.194280294,-0.4281182038,1.015392422,-0.004671344813,27.41841798,0.4281182038,0.004671344813,27.65692724,27.65692724,0.04428265418,0.5531385447,-0,-0,-9.587379924e-07,-2.876213977e-06,0.5531385447,-8.293083635e-05,-0,-0,-9.587379924e-07,-2.876213977e-06,0.5531385447,-8.293083635e-05,0,0,0,0,0,0
2.63,1,1,5.153216709e-05,3.643204371e-05,-2.396844981e-06,6.543386798e-05,-0.007969030193,-5.512743456e-05,0,0,0,0,0.007330382858,0,-0.005447542067,0.002016085319,-0.005380539109,-0.002521488126,-0.03276042724,-0.1996843636,12.78876371,-0,0.1965481517,0.2070147464,-0.248980526,-0.4189653631,1.015312847,-0.004554591479,26.75770472,0.4189653631,0.004554591479,26.93224414,26.93224414,0.04424887751,0.5386448829,4.793689962e-07,4.793689962e-07,4.793689962e-07,-2.396844981e-06,0.5386448829,-8.388957434e-05,4.793689962e-07,4.793689962e-07,4.793689962e-07,-2.396844981e-06,0.5386448829,-8.388957434e-05,0,0,0,0,0,0
2.64,1,1,5.177185159e-05,3.715109721e-05,-2.157160483e-06,6.591323698e-05,-0.007892570838,-5.464806557e-05,0,0,0,0,0.007330382858,0,-0.005427650332,0.001962252538,-0.005385992541,-0.002464920506,-0.0320449264,-0.1949686444,12.80045025,-0,0.1974182128,0.2022990273,-0.2898588272,-0.4101894862,1.015236387,-0.004442929139,26.12579835,0.4101894862,0.004442929139,26.25057194,26.25057194,0.04421467629,0.5250114387,-0,-9.587379924e-07,-0,-3.355582973e-06,0.5250114387,-8.484831233e-05,-0,-9.587379924e-07,-0,-3.355582973e-06,0.5250114387,-8.484831233e-05,0,0,0,0,0,0
2.65,1,1,5.225122059e-05,3.691141271e-05,-2.157160483e-06,6.495449899e-05,-0.007830013184,-5.488775007e-05,0,0,0,0,0.004188790205,0,-0.005408297196,0.00190836596,-0.005391298313,-0.002421715988,-0.03149957996,-0.1944977083,12.8100585,-0,0.1981299968,0.1986864986,-0.3022002953,-0.403511462,1.01202319,-0.004400753679,26.06269292,0.403511462,0.004400753679,26.16840484,26.16840484,0.04418020527,0.5233680968,-9.587379924e-07,-4.793689962e-07,-0,-1.438106989e-06,0.5233680968,-8.436894333e-05,-9.587379924e-07,-4.793689962e-07,-0,-1.438106989e-06,0.5233680968,-8.436894333e-05,0,0,0,0,0,0
2.66,1,1,5.201153609e-05,3.667172821e-05,-1.917475985e-06,6.519418349e-05,-0.007793820825,-5.536711906e-05,0,0,0,0,0.002094395102,0,-0.005389483188,0.001854427064,-0.00539645628,-0.002404337637,-0.03128451411,-0.1951079772,12.81563645,-0,0.1985417606,0.1972023723,-0.2734742688,-0.4009309595,1.009889313,-0.004392532698,26.14446894,0.4009309595,0.004392532698,26.27631816,26.27631816,0.04414571315,0.5255263633,-4.793689962e-07,-0,-4.793689962e-07,-1.917475985e-06,0.5255263633,-8.341020534e-05,-4.793689962e-07,-0,-4.793689962e-07,-1.917475985e-06,0.5255263633,-8.341020534e-05,0,0,0,0,0,0
2.67,1,1,5.273058958e-05,3.691141271e-05,-1.917475985e-06,6.543386798e-05,-0.007775365119,-5.488775007e-05,0,0,0,0,0,0,-0.005371208824,0.001800437328,-0.005401466301,-0.002404156295,-0.03128955651,-0.1971347906,12.81848625,-0,0.198751723,0.1971347906,-0.2243431213,-0.4010847501,1.007775365,-0.004416161219,26.41606194,0.4010847501,0.004416161219,26.59721973,26.59721973,0.04411135991,0.5319443946,-1.917475985e-06,-4.793689962e-07,-4.793689962e-07,-2.396844981e-06,0.5319443946,-8.436894333e-05,-1.917475985e-06,-4.793689962e-07,-4.793689962e-07,-2.396844981e-06,0.5319443946,-8.436894333e-05,0,0,0,0,0,0
2.68,1,1,5.177185159e-05,3.78701507e-05,-1.677791487e-06,6.519418349e-05,-0.007769612691,-5.464806557e-05,0,0,0.001047197551,0,0,0,-0.005353474606,0.001746398232,-0.005406328237,-0.002416138085,-0.03145032396,-0.1980691004,12.81937525,-0,0.1988171645,0.1980691004,-0.1660593017,-0.4031735046,1.007769613,-0.004433601484,26.54125946,0.4031735046,0.004433601484,26.78280726,26.78280726,0.04407717841,0.5356561452,-0,-2.396844981e-06,-0.0001056784931,-1.917475985e-06,0.5356561452,-8.484831233e-05,-0,-2.396844981e-06,-0.0001056784931,-1.917475985e-06,0.5356561452,-8.484831233e-05,0,0,0,0,0,0
2.69,1,1,5.177185159e-05,3.691141271e-05,-1.677791487e-06,6.519418349e-05,-0.007765777739,-5.488775007e-05,0,0,0,0,0,0,-0.005336281019,0.001692311257,-0.005411041957,-0.00242949672,-0.03162857407,-0.199116885,12.81996811,-0,0.1988607918,0.199116885,-0.1163992952,-0.4054773111,1.007765778,-0.004453577445,26.68166259,0.4054773111,0.004453577445,26.97519419,26.97519419,0.04404313221,0.5395038837,-0,-4.793689962e-07,-9.587379924e-07,-1.917475985e-06,0.5395038837,-8.436894333e-05,-0,-4.793689962e-07,-9.587379924e-07,-1.917475985e-06,0.5395038837,-8.436894333e-05,0,0,0,0,0,0
2.7,1,1,5.201153609e-05,3.595267472e-05,-2.157160483e-06,6.519418349e-05,-0.007763380894,-5.560680356e-05,0,0,0,0,0,0,-0.005319628535,0.001638177887,-0.00541560733,-0.002443752359,-0.03181815336,-0.2002386512,12.82033873,-0,0.1988880587,0.2002386512,-0.07453533849,-0.4079195039,1.007763381,-0.004475197803,26.83197927,0.4079195039,0.004475197803,27.16983863,27.16983863,0.04400923181,0.5433967726,-4.793689962e-07,1.438106989e-06,-0,-1.917475985e-06,0.5433967726,-8.293083635e-05,-4.793689962e-07,1.438106989e-06,-0,-1.917475985e-06,0.5433967726,-8.293083635e-05,0,0,0,0,0,0
2.71,1,1,5.177185159e-05,3.547330572e-05,-2.396844981e-06,6.591323698e-05,-0.007759306257,-5.512743456e-05,0,0,0,0,0,0,-0.005303517611,0.001583999606,-0.005420024231,-0.002455788646,-0.03197910443,-0.2011775584,12.82096893,-0,0.1989344122,0.2011775584,-0.0437773238,-0.4100031043,1.007759306,-0.004492695292,26.95779283,0.4100031043,0.004492695292,27.3285113,27.3285113,0.04397547194,0.546570226,-0,2.396844981e-06,4.793689962e-07,-3.355582973e-06,0.546570226,-8.388957434e-05,-0,2.396844981e-06,4.793689962e-07,-3.355582973e-06,0.546570226,-8.388957434e-05,0,0,0,0,0,0
2.72,1,1,5.273058958e-05,3.715109721e-05,-1.438106989e-06,6.471481449e-05,-0.007753553829,-5.560680356e-05,0,0,0,0,0.001047197551,0,-0.005287948688,0.001529777898,-0.00542429254,-0.002465605142,-0.03211141355,-0.2008862924,12.82185892,-0,0.1989998518,0.2019334899,-0.02204740755,-0.4117280142,1.008801026,-0.004492029687,26.91876318,0.4117280142,0.004492029687,27.31293581,27.31293581,0.04394181547,0.5462587162,-1.917475985e-06,-9.587379924e-07,-1.438106989e-06,-9.587379924e-07,0.5462587162,-8.293083635e-05,-1.917475985e-06,-9.587379924e-07,-1.438106989e-06,-9.587379924e-07,0.5462587162,-8.293083635e-05,0,0,0,0,0,0
2.73,1,1,5.273058958e-05,3.643204371e-05,-2.396844981e-06,6.519418349e-05,-0.007749239508,-5.536711906e-05,0,0,0,0,0,0,-0.005272922193,0.00147551425,-0.005428412139,-0.002476317316,-0.03225502046,-0.2027632386,12.82252664,-0,0.1990489312,0.2027632386,-0.002874953304,-0.4135908592,1.00774924,-0.004521096828,27.17027398,0.4135908592,0.004521096828,27.58551098,27.58551098,0.04390828953,0.5517102196,-1.917475985e-06,4.793689962e-07,4.793689962e-07,-1.917475985e-06,0.5517102196,-8.341020534e-05,-1.917475985e-06,4.793689962e-07,4.793689962e-07,-1.917475985e-06,0.5517102196,-8.341020534e-05,0,0,0,0,0,0
2.74,1,1,5.177185159e-05,3.643204371e-05,-2.396844981e-06,6.591323698e-05,-0.007742048973,-5.512743456e-05,0,0,0,0,0,0,-0.005258438538,0.001421210151,-0.005432382915,-0.002483610436,-0.0323545943,-0.2033110515,12.82363996,-0,0.1991307292,0.2033110515,0.007786578475,-0.4149036685,1.007742049,-0.004529793342,27.2436809,0.4149036685,0.004529793342,27.67090094,27.67090094,0.0438748449,0.5534180187,-0,4.793689962e-07,4.793689962e-07,-3.355582973e-06,0.5534180187,-8.388957434e-05,-0,4.793689962e-07,4.793689962e-07,-3.355582973e-06,0.5534180187,-8.388957434e-05,0,0,0,0,0,0
2.75,1,1,5.177185159e-05,3.73907817e-05,-2.396844981e-06,6.471481449e-05,-0.007735337807,-5.536711906e-05,0,0,0,0,0,0,-0.005244498119,0.001366867089,-0.00543620476,-0.002490839688,-0.03245315108,-0.2038535237,12.82467957,-0,0.1992070732,0.2038535237,0.0161732869,-0.4162012634,1.007735338,-0.004538366359,27.31637217,0.4162012634,0.004538366359,27.75328509,27.75328509,0.04384149628,0.5550657017,-0,-1.438106989e-06,4.793689962e-07,-9.587379924e-07,0.5550657017,-8.341020534e-05,-0,-1.438106989e-06,4.793689962e-07,-9.587379924e-07,0.5550657017,-8.341020534e-05,0,0,0,0,0,0
2.76,1,1,5.249090509e-05,3.78701507e-05,-2.157160483e-06,6.519418349e-05,-0.007729585379,-5.512743456e-05,0,0,0,0,0,0,-0.005231101321,0.001312486553,-0.005439877568,-0.002498484059,-0.0325568313,-0.204430156,12.82557104,-0,0.1992725102,0.204430156,0.02377073285,-0.4175599526,1.007729585,-0.004547700207,27.39364091,0.4175599526,0.004547700207,27.83951929,27.83951929,0.04380825273,0.5567903859,-1.438106989e-06,-2.396844981e-06,-0,-1.917475985e-06,0.5567903859,-8.388957434e-05,-1.438106989e-06,-2.396844981e-06,-0,-1.917475985e-06,0.5567903859,-8.388957434e-05,0,0,0,0,0,0
2.77,1,1,5.225122059e-05,3.76304662e-05,-2.396844981e-06,6.543386798e-05,-0.007724552005,-5.512743456e-05,0,0,0,0,0,0,-0.005218248508,0.001258070034,-0.00544340124,-0.002506303497,-0.03266255442,-0.205021159,12.82635137,-0,0.199329767,0.205021159,0.03029016327,-0.4189413996,1.007724552,-0.004557349917,27.47283531,0.4189413996,0.004557349917,27.92662422,27.92662422,0.04377510161,0.5585324844,-9.587379924e-07,-1.917475985e-06,4.793689962e-07,-2.396844981e-06,0.5585324844,-8.388957434e-05,-9.587379924e-07,-1.917475985e-06,4.793689962e-07,-2.396844981e-06,0.5585324844,-8.388957434e-05,0,0,0,0,0,0
2.78,1,1,5.153216709e-05,3.667172821e-05,-2.876213977e-06,6.519418349e-05,-0.007719998,-5.416869657e-05,0,0,0,0,0,0,-0.005205940035,0.001203619025,-0.005446775677,-0.002514057965,-0.03276723919,-0.2056067368,12.82705762,-0,0.1993815704,0.2056067368,0.03542549111,-0.4203072651,1.007719998,-0.004566873497,27.55130274,0.4203072651,0.004566873497,28.01160237,28.01160237,0.0437420474,0.5602320473,4.793689962e-07,-0,1.438106989e-06,-1.917475985e-06,0.5602320473,-8.580705032e-05,4.793689962e-07,-0,1.438106989e-06,-1.917475985e-06,0.5602320473,-8.580705032e-05,0,0,0,0,0,0
2.79,1,1,5.10527981e-05,3.691141271e-05,-2.396844981e-06,6.447512999e-05,-0.007715923363,-5.488775007e-05,0,0,0,0,0,0,-0.005194176238,0.001149135019,-0.005450000789,-0.002521747125,-0.0328708785,-0.20618686,12.82768971,-0,0.1994279204,0.20618686,0.03953326805,-0.42165743,1.007715923,-0.004576270309,27.62903924,0.42165743,0.004576270309,28.09480621,28.09480621,0.04370908652,0.5618961242,1.438106989e-06,-4.793689962e-07,4.793689962e-07,-4.793689962e-07,0.5618961242,-8.436894333e-05,1.438106989e-06,-4.793689962e-07,4.793689962e-07,-4.793689962e-07,0.5618961242,-8.436894333e-05,0,0,0,0,0,0
2.8,1,1,5.225122059e-05,3.667172821e-05,-2.636529479e-06,6.423544549e-05,-0.007711129673,-5.416869657e-05,0,0,0,0,0,0,-0.00518295744,0.001094619508,-0.005453076486,-0.002528172233,-0.03295809169,-0.2066626295,12.82843358,-0,0.1994824495,0.2066626295,0.04088943887,-0.4228006903,1.00771113,-0.004583335323,27.69279236,0.4228006903,0.004583335323,28.16106582,28.16106582,0.04367620707,0.5632213164,-9.587379924e-07,-0,9.587379924e-07,-0,0.5632213164,-8.580705032e-05,-9.587379924e-07,-0,9.587379924e-07,-0,0.5632213164,-8.580705032e-05,0,0,0,0,0,0
2.81,1,1,5.320995858e-05,3.715109721e-05,-2.396844981e-06,6.519418349e-05,-0.007707534406,-5.512743456e-05,0,0,0,0,0,0,-0.005172283948,0.001040073987,-0.005456002685,-0.002535250458,-0.03305346931,-0.2071921997,12.82899165,-0,0.199523346,0.2071921997,0.04318032755,-0.4240426818,1.007707534,-0.00459159679,27.76375476,0.4240426818,0.00459159679,28.23556937,28.23556937,0.04364341642,0.5647113873,-2.876213977e-06,-9.587379924e-07,4.793689962e-07,-1.917475985e-06,0.5647113873,-8.388957434e-05,-2.876213977e-06,-9.587379924e-07,4.793689962e-07,-1.917475985e-06,0.5647113873,-8.388957434e-05,0,0,0,0,0,0
2.82,1,1,5.249090509e-05,3.73907817e-05,-2.157160483e-06,6.567355248e-05,-0.007702261347,-5.560680356e-05,0,0,0,0,0,0,-0.005162156055,0.0009854999525,-0.005458779304,-0.002540105292,-0.03312010565,-0.2075382339,12.8298104,-0,0.199583327,0.2075382339,0.04164009371,-0.4249246758,1.007702261,-0.00459576857,27.81012334,0.4249246758,0.00459576857,28.28128388,28.28128388,0.04361069633,0.5656256775,-1.438106989e-06,-1.438106989e-06,-0,-2.876213977e-06,0.5656256775,-8.293083635e-05,-1.438106989e-06,-1.438106989e-06,-0,-2.876213977e-06,0.5656256775,-8.293083635e-05,0,0,0,0,0,0
2.83,1,1,5.201153609e-05,3.78701507e-05,-1.917475985e-06,6.543386798e-05,-0.007697947026,-5.536711906e-05,0,0,0,0,0,0,-0.005152574039,0.0009308988999,-0.005461406268,-0.002545372987,-0.03319181835,-0.2079182331,12.8304805,-0,0.199632402,0.2079182331,0.04097022129,-0.4258669782,1.007697947,-0.004600697565,27.86104324,0.4258669782,0.004600697565,28.33248113,28.33248113,0.04357805704,0.5666496227,-4.793689962e-07,-2.396844981e-06,-4.793689962e-07,-2.396844981e-06,0.5666496227,-8.341020534e-05,-4.793689962e-07,-2.396844981e-06,-4.793689962e-07,-2.396844981e-06,0.5666496227,-8.341020534e-05,0,0,0,0,0,0
2.84,1,1,5.201153609e-05,3.691141271e-05,-2.636529479e-06,6.495449899e-05,-0.007693153336,-5.536711906e-05,0,0,0,0,0,0,-0.005143538162,0.0008762723262,-0.005463883505,-0.002549615174,-0.03325015046,-0.2082135068,12.8312253,-0,0.1996869294,0.2082135068,0.03891932873,-0.4266401719,1.007693153,-0.004603743258,27.90060992,0.4266401719,0.004603743258,28.37077316,28.37077316,0.04354548399,0.5674154632,-4.793689962e-07,-4.793689962e-07,9.587379924e-07,-1.438106989e-06,0.5674154632,-8.341020534e-05,-4.793689962e-07,-4.793689962e-07,9.587379924e-07,-1.438106989e-06,0.5674154632,-8.341020534e-05,0,0,0,0,0,0
2.85,1,1,5.225122059e-05,3.691141271e-05,-2.157160483e-06,6.471481449e-05,-0.007688839015,-5.584648806e-05,0,0,0,0,0,0,-0.005135048672,0.0008216217291,-0.005466210947,-0.002553790342,-0.03330739741,-0.2085031423,12.83189583,-0,0.1997360036,0.2085031423,0.03718646706,-0.427397054,1.007688839,-0.004606665512,27.93942107,0.427397054,0.004606665512,28.40861125,28.40861125,0.04351297301,0.5681722251,-9.587379924e-07,-4.793689962e-07,-0,-9.587379924e-07,0.5681722251,-8.245146735e-05,-9.587379924e-07,-4.793689962e-07,-0,-9.587379924e-07,0.5681722251,-8.245146735e-05,0,0,0,0,0,0
2.86,1,1,5.249090509e-05,3.715109721e-05,-2.396844981e-06,6.495449899e-05,-0.007684285009,-5.464806557e-05,0,0,0,0,0,0,-0.005127105802,0.0007669486068,-0.00546838853,-0.002557179207,-0.03335432723,-0.208727777,12.83260383,-0,0.1997878038,0.208727777,0.03437563399,-0.4280228673,1.007684285,-0.004608146977,27.96952212,0.4280228673,0.004608146977,28.43652877,28.43652877,0.04348051849,0.5687305754,-1.438106989e-06,-9.587379924e-07,4.793689962e-07,-1.438106989e-06,0.5687305754,-8.484831233e-05,-1.438106989e-06,-9.587379924e-07,4.793689962e-07,-1.438106989e-06,0.5687305754,-8.484831233e-05,0,0,0,0,0,0
2.87,1,1,5.273058958e-05,3.715109721e-05,-1.438106989e-06,6.471481449e-05,-0.007677094474,-5.464806557e-05,0,0,0,0,0,0,-0.00511970977,0.0007122544582,-0.005470416194,-0.002557384704,-0.03336017413,-0.2086895726,12.83372218,-0,0.1998695928,0.2086895726,0.02733012091,-0.4281352066,1.007677094,-0.004603802019,27.96440272,0.4281352066,0.004603802019,28.42447185,28.42447185,0.04344809418,0.5684894371,-1.917475985e-06,-9.587379924e-07,-1.438106989e-06,-9.587379924e-07,0.5684894371,-8.484831233e-05,-1.917475985e-06,-9.587379924e-07,-1.438106989e-06,-9.587379924e-07,0.5684894371,-8.484831233e-05,0,0,0,0,0,0
2.88,1,1,5.297027408e-05,3.78701507e-05,-2.636529479e-06,6.471481449e-05,-0.007662953089,-5.512743456e-05,0,0,0,0,0,0,-0.005112860778,0.0006575407828,-0.005472293884,-0.002550092311,-0.03326954749,-0.2080324662,12.83592322,-0,0.2000304414,0.2080324662,0.01020451766,-0.4270453572,1.007662953,-0.004585748555,27.87635047,0.4270453572,0.004585748555,28.31818609,28.31818609,0.04341562826,0.5663637218,-2.396844981e-06,-2.396844981e-06,9.587379924e-07,-9.587379924e-07,0.5663637218,-8.388957434e-05,-2.396844981e-06,-2.396844981e-06,9.587379924e-07,-9.587379924e-07,0.5663637218,-8.388957434e-05,0,0,0,0,0,0
2.89,1,1,5.153216709e-05,3.78701507e-05,-2.157160483e-06,6.37560765e-05,-0.007651687918,-5.416869657e-05,0,0,0,0,0,0,-0.005106559015,0.0006028090806,-0.005474021548,-0.002545128903,-0.03320856103,-0.207567465,12.83767814,-0,0.2001585723,0.207567465,8.714038192e-05,-0.426320818,1.007651688,-0.004571972124,27.81404031,0.426320818,0.004571972124,28.24502024,28.24502024,0.04338313491,0.5649004048,4.793689962e-07,-2.396844981e-06,-0,9.587379924e-07,0.5649004048,-8.580705032e-05,4.793689962e-07,-2.396844981e-06,-0,9.587379924e-07,0.5649004048,-8.580705032e-05,0,0,0,0,0,0
2.9,1,1,5.297027408e-05,3.81098352e-05,-2.157160483e-06,6.423544549e-05,-0.007644737067,-5.488775007e-05,0,0,0,0,0,0,-0.005100804652,0.0005480608521,-0.00547559914,-0.002543932415,-0.03319568936,-0.2074131998,12.83876164,-0,0.2002376305,0.2074131998,-0.002733883174,-0.4261915433,1.007644737,-0.00456509405,27.79336877,0.4261915433,0.00456509405,28.22139153,28.22139153,0.04335068458,0.5644278305,-2.396844981e-06,-2.876213977e-06,-0,-0,0.5644278305,-8.436894333e-05,-2.396844981e-06,-2.876213977e-06,-0,-0,0.5644278305,-8.436894333e-05,0,0,0,0,0,0
2.91,1,1,5.225122059e-05,3.85892042e-05,-2.876213977e-06,6.543386798e-05,-0.007641381484,-5.440838107e-05,0,0,0,0,0,0,-0.005095597848,0.0004932975982,-0.005477026615,-0.002545783636,-0.03322171056,-0.2075103127,12.8392849,-0,0.2002757962,0.2075103127,-0.0003964638841,-0.4265430068,1.007641381,-0.004563785171,27.8063819,0.4265430068,0.004563785171,28.23709223,28.23709223,0.04331826376,0.5647418445,-9.587379924e-07,-3.83495197e-06,1.438106989e-06,-2.396844981e-06,0.5647418445,-8.532768133e-05,-9.587379924e-07,-3.83495197e-06,1.438106989e-06,-2.396844981e-06,0.5647418445,-8.532768133e-05,0,0,0,0,0,0
2.92,1,1,5.201153609e-05,3.73907817e-05,-1.438106989e-06,6.471481449e-05,-0.007637306848,-5.512743456e-05,0,0,0,0,0,0,-0.005090938745,0.0004385208204,-0.005478303934,-0.002546368103,-0.03323123273,-0.207502778,12.83992045,-0,0.20032214,0.207502778,-0.0003565312377,-0.4266863846,1.007637307,-0.004560171562,27.80537225,0.4266863846,0.004560171562,28.23626228,28.23626228,0.04328588681,0.5647252456,-4.793689962e-07,-1.438106989e-06,-1.438106989e-06,-9.587379924e-07,0.5647252456,-8.388957434e-05,-4.793689962e-07,-1.438106989e-06,-1.438106989e-06,-9.587379924e-07,0.5647252456,-8.388957434e-05,0,0,0,0,0,0
2.93,1,1,5.177185159e-05,3.715109721e-05,-2.157160483e-06,6.615292148e-05,-0.007633951265,-5.464806557e-05,0,0,0,0.001047197551,0,0,-0.005086827471,0.0003837320202,-0.005479431063,-0.002547123793,-0.03324271747,-0.207509259,12.84044397,-0,0.2003603052,0.207509259,-0.0002461575816,-0.4268512512,1.007633951,-0.004556875547,27.8062407,0.4268512512,0.004556875547,28.23740267,28.23740267,0.04325353853,0.5647480534,-0,-9.587379924e-07,-0,-0.0001085547071,0.5647480534,-8.484831233e-05,-0,-9.587379924e-07,-0,-0.0001085547071,0.5647480534,-8.484831233e-05,0,0,0,0,0,0
2.94,1,1,5.320995858e-05,3.78701507e-05,-2.157160483e-06,6.591323698e-05,-0.007630355997,-5.560680356e-05,0,0,0,0,0,0,-0.00508326414,0.0003289326998,-0.005480407971,-0.002547091858,-0.03324385208,-0.2074506312,12.84100503,-0,0.2004011962,0.2074506312,-0.001432202909,-0.4268844717,1.007630356,-0.004552152817,27.79838458,0.4268844717,0.004552152817,28.228389,28.228389,0.04322123057,0.5645677801,-2.876213977e-06,-2.396844981e-06,-0,-3.355582973e-06,0.5645677801,-8.293083635e-05,-2.876213977e-06,-2.396844981e-06,-0,-3.355582973e-06,0.5645677801,-8.293083635e-05,0,0,0,0,0,0
2.95,1,1,5.297027408e-05,3.76304662e-05,-1.677791487e-06,6.591323698e-05,-0.007627959152,-5.512743456e-05,0,0,0,0,0,0,-0.005080248847,0.0002741243616,-0.00548123463,-0.002547710305,-0.03325310121,-0.207445563,12.84137915,-0,0.2004284568,0.207445563,-0.001321608905,-0.4270156804,1.007627959,-0.004548619998,27.79770544,0.4270156804,0.004548619998,28.22794814,28.22794814,0.04318894895,0.5645589627,-2.396844981e-06,-1.917475985e-06,-9.587379924e-07,-3.355582973e-06,0.5645589627,-8.388957434e-05,-2.396844981e-06,-1.917475985e-06,-9.587379924e-07,-3.355582973e-06,0.5645589627,-8.388957434e-05,0,0,0,0,0,0
2.96,1,1,5.320995858e-05,3.76304662e-05,-1.917475985e-06,6.495449899e-05,-0.007623884516,-5.440838107e-05,0,0.001047197551,0,0,0,0,-0.005077781677,0.0002193085081,-0.005481911019,-0.002546102838,-0.03323352847,-0.2072567009,12.84201528,-0,0.2004747995,0.2072567009,-0.004508106416,-0.4267854805,1.007623885,-0.004541046517,27.77239793,0.4267854805,0.004541046517,28.19921635,28.19921635,0.04315667721,0.563984327,-2.876213977e-06,-0.0001066372311,-4.793689962e-07,-1.438106989e-06,0.563984327,-8.532768133e-05,-2.876213977e-06,-0.0001066372311,-4.793689962e-07,-1.438106989e-06,0.563984327,-8.532768133e-05,0,0,0,0,0,0
2.97,1,1,5.177185159e-05,3.715109721e-05,-2.396844981e-06,6.543386798e-05,-0.007618611457,-5.392901207e-05,0,0,0,0,0,0,-0.005075862697,0.0001644866422,-0.005482437118,-0.002542748759,-0.03319128547,-0.2069236088,12.84283879,-0,0.2005347719,0.2069236088,-0.009718188969,-0.4262703284,1.007618611,-0.004530311319,27.72776358,0.4262703284,0.004530311319,28.14884603,28.14884603,0.0431244085,0.5629769206,-0,-9.587379924e-07,4.793689962e-07,-2.396844981e-06,0.5629769206,-8.628641932e-05,-0,-9.587379924e-07,4.793689962e-07,-2.396844981e-06,0.5629769206,-8.628641932e-05,0,0,0,0,0,0
2.98,1,1,5.201153609e-05,3.691141271e-05,-2.876213977e-06,6.543386798e-05,-0.007614057451,-5.488775007e-05,0,0,0,0,0,0,-0.00507449196,0.0001096602668,-0.005482812914,-0.002539565492,-0.03315099547,-0.206604518,12.84355023,-0,0.2005865658,0.206604518,-0.01370685316,-0.4257764756,1.007614057,-0.004519900673,27.68500541,0.4257764756,0.004519900673,28.10159493,28.10159493,0.0430921462,0.5620318987,-4.793689962e-07,-4.793689962e-07,1.438106989e-06,-2.396844981e-06,0.5620318987,-8.436894333e-05,-4.793689962e-07,-4.793689962e-07,1.438106989e-06,-2.396844981e-06,0.5620318987,-8.436894333e-05,0,0,0,0,0,0
2.99,1,1,5.225122059e-05,3.595267472e-05,-1.917475985e-06,6.519418349e-05,-0.007610941553,-5.392901207e-05,0,0,0,0,0,0,-0.005073669502,5.483088497e-05,-0.005483038395,-0.002537272051,-0.03312189466,-0.2063587558,12.84403714,-0,0.2006220035,0.2063587558,-0.01579617491,-0.4254188453,1.007610942,-0.004511117272,27.65207328,0.4254188453,0.004511117272,28.06620707,28.06620707,0.04305989162,0.5613241414,-9.587379924e-07,1.438106989e-06,-4.793689962e-07,-1.917475985e-06,0.5613241414,-8.628641932e-05,-9.587379924e-07,1.438106989e-06,-4.793689962e-07,-1.917475985e-06,0.5613241414,-8.628641932e-05,0,0,0,0,0,0
3,1,1,5.273058958e-05,3.691141271e-05,-2.157160483e-06,6.543386798e-05,-0.00760758597,-5.464806557e-05,0,0.001047197551,0,0,0,0,-0.005073395347,-5.224065314e-14,-0.005483113556,-0.002534190623,-0.03308243432,-0.2060478841,12.84456163,-0,0.200660167,0.2060478841,-0.01867732413,-0.4249293664,1.007607586,-0.004500917038,27.61041648,0.4249293664,0.004500917038,28.02116943,28.02116943,0.04302763072,0.5604233887,-1.917475985e-06,-0.0001051991241,-0,-2.396844981e-06,0.5604233887,-8.484831233e-05,-1.917475985e-06,-0.0001051991241,-0,-2.396844981e-06,0.5604233887,-8.484831233e-05,0,0,0,0,0,0
3.01,1,1,5.177185159e-05,3.667172821e-05,-1.438106989e-06,6.519418349e-05,-0.007605189125,-5.488775007e-05,0,0,0,0,0,0,-0.005073669502,-5.483088508e-05,-0.005483038395,-0.002531519623,-0.03304800767,-0.2057707873,12.84493633,-0,0.2006874265,0.2057707873,-0.02026279679,-0.4244995544,1.007605189,-0.004491473478,27.5732855,0.4244995544,0.004491473478,27.98201373,27.98201373,0.04299537579,0.5596402745,-0,-0,-1.438106989e-06,-1.917475985e-06,0.5596402745,-8.436894333e-05,-0,-0,-1.438106989e-06,-1.917475985e-06,0.5596402745,-8.436894333e-05,0,0,0,0,0,0
3.02,1,1,5.177185159e-05,3.643204371e-05,-2.157160483e-06,6.591323698e-05,-0.007601833542,-5.512743456e-05,0,0,0,0,0,0,-0.00507449196,-0.0001096602669,-0.005482812914,-0.002527341582,-0.03299398539,-0.2053692708,12.84546102,-0,0.2007255896,0.2053692708,-0.02385726659,-0.4238229532,1.007601834,-0.004479316625,27.51948229,0.4238229532,0.004479316625,27.92392729,27.92392729,0.0429631176,0.5584785458,-0,4.793689962e-07,-0,-3.355582973e-06,0.5584785458,-8.388957434e-05,-0,4.793689962e-07,-0,-3.355582973e-06,0.5584785458,-8.388957434e-05,0,0,0,0,0,0
3.03,1,1,5.225122059e-05,3.73907817e-05,-1.917475985e-06,6.543386798e-05,-0.007599197012,-5.488775007e-05,0,0,0,0,0,0,-0.005075862697,-0.0001644866423,-0.005482437118,-0.002523334315,-0.03294191944,-0.2049817688,12.84587336,-0,0.2007555747,0.2049817688,-0.02672153627,-0.4231677253,1.007599197,-0.00446748451,27.46755702,0.4231677253,0.00446748451,27.8684707,27.8684707,0.04293085582,0.5573694139,-9.587379924e-07,-1.438106989e-06,-4.793689962e-07,-2.396844981e-06,0.5573694139,-8.436894333e-05,-9.587379924e-07,-1.438106989e-06,-4.793689962e-07,-2.396844981e-06,0.5573694139,-8.436894333e-05,0,0,0,0,0,0
3.04,1,1,5.153216709e-05,3.667172821e-05,-2.157160483e-06,6.519418349e-05,-0.007597279537,-5.440838107e-05,0,0,0,0,0,0,-0.005077781677,-0.0002193085082,-0.005481911019,-0.002519497859,-0.03289181161,-0.2046082849,12.84617329,-0,0.200777382,0.2046082849,-0.02870223874,-0.4225339119,1.00759728,-0.004455975771,27.41751018,0.4225339119,0.004455975771,27.81579783,27.81579783,0.04289858375,0.5563159565,4.793689962e-07,-0,-0,-1.917475985e-06,0.5563159565,-8.532768133e-05,4.793689962e-07,-0,-0,-1.917475985e-06,0.5563159565,-8.532768133e-05,0,0,0,0,0,0
3.05,1,1,5.249090509e-05,3.643204371e-05,-1.917475985e-06,6.543386798e-05,-0.007595362061,-5.536711906e-05,0,0.001047197551,0,0,0,0,-0.005080248847,-0.0002741243617,-0.00548123463,-0.002515113213,-0.03283442659,-0.2041895112,12.84647326,-0,0.2007991892,0.2041895112,-0.03114145841,-0.4218065833,1.007595362,-0.004443492856,27.36139451,0.4218065833,0.004443492856,27.75650312,27.75650312,0.04286630233,0.5551300625,-1.438106989e-06,-0.0001042403861,-4.793689962e-07,-2.396844981e-06,0.5551300625,-8.341020534e-05,-1.438106989e-06,-0.0001042403861,-4.793689962e-07,-2.396844981e-06,0.5551300625,-8.341020534e-05,0,0,0,0,0,0
3.06,1,1,5.177185159e-05,3.715109721e-05,-2.157160483e-06,6.543386798e-05,-0.007592725531,-5.440838107e-05,0,0,0,0,0,0,-0.00508326414,-0.0003289326999,-0.005480407971,-0.002509461391,-0.03276052845,-0.2036661558,12.84688579,-0,0.200829174,0.2036661558,-0.03505033522,-0.4208707675,1.007592726,-0.004428741647,27.29126488,0.4208707675,0.004428741647,27.68151405,27.68151405,0.0428340039,0.553630281,-0,-9.587379924e-07,-0,-2.396844981e-06,0.553630281,-8.532768133e-05,-0,-9.587379924e-07,-0,-2.396844981e-06,0.553630281,-8.532768133e-05,0,0,0,0,0,0
3.07,1,1,5.249090509e-05,3.715109721e-05,-1.677791487e-06,6.543386798e-05,-0.007590328686,-5.416869657e-05,0,0,0,0.001047197551,0,0,-0.005086827471,-0.0003837320203,-0.005479431063,-0.002503501215,-0.03268243556,-0.2031173222,12.84726088,-0,0.2008564328,0.2031173222,-0.03853997404,-0.4198797758,1.007590329,-0.004413453375,27.21772118,0.4198797758,0.004413453375,27.60347443,27.60347443,0.04280167737,0.5520694887,-1.438106989e-06,-9.587379924e-07,-9.587379924e-07,-0.0001071166001,0.5520694887,-8.580705032e-05,-1.438106989e-06,-9.587379924e-07,-9.587379924e-07,-0.0001071166001,0.5520694887,-8.580705032e-05,0,0,0,0,0,0
3.08,1,1,5.273058958e-05,3.76304662e-05,-1.677791487e-06,6.519418349e-05,-0.00758841121,-5.416869657e-05,0,0,0,0,0,0,-0.005090938745,-0.0004385208205,-0.005478303934,-0.002497472465,-0.03260322992,-0.2025627938,12.847561,-0,0.2008782397,0.2025627938,-0.04159398467,-0.4188719851,1.007588411,-0.004398061567,27.14341437,0.4188719851,0.004398061567,27.52509044,27.52509044,0.0427693291,0.5505018087,-1.917475985e-06,-1.917475985e-06,-9.587379924e-07,-1.917475985e-06,0.5505018087,-8.580705032e-05,-1.917475985e-06,-1.917475985e-06,-9.587379924e-07,-1.917475985e-06,0.5505018087,-8.580705032e-05,0,0,0,0,0,0
3.09,1,1,5.225122059e-05,3.73907817e-05,-1.917475985e-06,6.543386798e-05,-0.007585295312,-5.440838107e-05,0,0,0,0,0,0,-0.005095597848,-0.0004932975983,-0.005477026615,-0.002489697464,-0.03250135858,-0.2018642328,12.84804877,-0,0.2009136759,0.2018642328,-0.04677215692,-0.4175790401,1.007585295,-0.004379549715,27.04980719,0.4175790401,0.004379549715,27.42499362,27.42499362,0.04273694932,0.5484998725,-9.587379924e-07,-1.438106989e-06,-4.793689962e-07,-2.396844981e-06,0.5484998725,-8.532768133e-05,-9.587379924e-07,-1.438106989e-06,-4.793689962e-07,-2.396844981e-06,0.5484998725,-8.532768133e-05,0,0,0,0,0,0
3.1,1,1,5.201153609e-05,3.73907817e-05,-1.917475985e-06,6.447512999e-05,-0.007584096889,-5.368932758e-05,0,0,0,0,0,0,-0.005100804652,-0.0005480608522,-0.00547559914,-0.002483292237,-0.03241685747,-0.201278606,12.8482364,-0,0.2009273051,0.201278606,-0.04899685824,-0.4164994481,1.007584097,-0.004363522643,26.9713332,0.4164994481,0.004363522643,27.34319931,27.34319931,0.04270453829,0.5468639862,-4.793689962e-07,-1.438106989e-06,-4.793689962e-07,-4.793689962e-07,0.5468639862,-8.676578831e-05,-4.793689962e-07,-1.438106989e-06,-4.793689962e-07,-4.793689962e-07,0.5468639862,-8.676578831e-05,0,0,0,0,0,0
3.11,1,1,5.177185159e-05,3.78701507e-05,-2.396844981e-06,6.495449899e-05,-0.007582419098,-5.416869657e-05,0,0,0,0,0,0,-0.005106559015,-0.0006028090807,-0.005474021548,-0.002475860083,-0.03231893571,-0.2006082895,12.84849911,-0,0.200946386,0.2006082895,-0.05226268789,-0.4152498167,1.007582419,-0.004345672711,26.8815108,0.4152498167,0.004345672711,27.2488436,27.2488436,0.04267209226,0.544976872,-0,-2.396844981e-06,4.793689962e-07,-1.438106989e-06,0.544976872,-8.580705032e-05,-0,-2.396844981e-06,4.793689962e-07,-1.438106989e-06,0.544976872,-8.580705032e-05,0,0,0,0,0,0
3.12,1,1,5.273058958e-05,3.78701507e-05,-2.396844981e-06,6.471481449e-05,-0.007579303199,-5.368932758e-05,0,0,0,0,0,0,-0.005112860778,-0.000657540783,-0.005472293884,-0.002466442421,-0.03219527802,-0.1997742903,12.84898709,-0,0.2009818217,0.1997742903,-0.05789155384,-0.4136767115,1.007579303,-0.004324285066,26.7697549,0.4136767115,0.004324285066,27.12986434,27.12986434,0.04263960024,0.5425972868,-1.917475985e-06,-2.396844981e-06,4.793689962e-07,-9.587379924e-07,0.5425972868,-8.676578831e-05,-1.917475985e-06,-2.396844981e-06,4.793689962e-07,-9.587379924e-07,0.5425972868,-8.676578831e-05,0,0,0,0,0,0
3.13,1,1,5.201153609e-05,3.78701507e-05,-2.636529479e-06,6.543386798e-05,-0.007577146039,-5.560680356e-05,0,0,0,-0.001047197551,0,0,-0.00511970977,-0.0007122544583,-0.005470416194,-0.002457436268,-0.03207668479,-0.1989742435,12.84932498,-0,0.2010063541,0.1989742435,-0.06198308328,-0.4121637471,1.007577146,-0.004303662962,26.66254863,0.4121637471,0.004303662962,27.01703296,27.01703296,0.04260706123,0.5403406591,-4.793689962e-07,-2.396844981e-06,9.587379924e-07,0.0001023229101,0.5403406591,-8.293083635e-05,-4.793689962e-07,-2.396844981e-06,9.587379924e-07,0.0001023229101,0.5403406591,-8.293083635e-05,0,0,0,0,0,0
3.14,1,1,5.225122059e-05,3.76304662e-05,-1.677791487e-06,6.519418349e-05,-0.007573790456,-5.560680356e-05,0,0,0,0,0,0,-0.005127105803,-0.0007669486069,-0.00546838853,-0.002446684653,-0.03193544272,-0.198030373,12.84985068,-0,0.2010445153,0.198030373,-0.06797495726,-0.4103656705,1.00757379,-0.004279943407,26.53606999,0.4103656705,0.004279943407,26.88274064,26.88274064,0.04257446647,0.5376548129,-9.587379924e-07,-1.917475985e-06,-9.587379924e-07,-1.917475985e-06,0.5376548129,-8.293083635e-05,-9.587379924e-07,-1.917475985e-06,-9.587379924e-07,-1.917475985e-06,0.5376548129,-8.293083635e-05,0,0,0,0,0,0
3.15,1,1,5.177185159e-05,3.83495197e-05,-2.157160483e-06,6.495449899e-05,-0.007570674557,-5.488775007e-05,0,0,0,0,0,0,-0.005135048672,-0.0008216217292,-0.005466210947,-0.002435625885,-0.03179003517,-0.1970612615,12.85033895,-0,0.2010799506,0.1970612615,-0.0731879358,-0.4085127272,1.007570675,-0.004255705577,26.40620904,0.4085127272,0.004255705577,26.74578954,26.74578954,0.04254180414,0.5349157908,-0,-3.355582973e-06,-0,-1.438106989e-06,0.5349157908,-8.436894333e-05,-0,-3.355582973e-06,-0,-1.438106989e-06,0.5349157908,-8.436894333e-05,0,0,0,0,0,0
3.16,1,1,5.225122059e-05,3.83495197e-05,-2.157160483e-06,6.543386798e-05,-0.007568038028,-5.488775007e-05,0,0,0,0,0,0,-0.005143538162,-0.0008762723263,-0.005463883505,-0.002424499866,-0.03164354791,-0.1960866895,12.85075218,-0,0.2011099341,0.1960866895,-0.07753049395,-0.4066433923,1.007568038,-0.004231379883,26.27561639,0.4066433923,0.004231379883,26.60896067,26.60896067,0.04250907666,0.5321792135,-9.587379924e-07,-3.355582973e-06,-0,-2.396844981e-06,0.5321792135,-8.436894333e-05,-9.587379924e-07,-3.355582973e-06,-0,-2.396844981e-06,0.5321792135,-8.436894333e-05,0,0,0,0,0,0
3.17,1,1,5.10527981e-05,3.691141271e-05,-2.636529479e-06,6.543386798e-05,-0.007566120552,-5.536711906e-05,0,0,0,0,0,0,-0.005152574039,-0.0009308989,-0.005461406268,-0.002413546513,-0.03149906737,-0.195126428,12.85105276,-0,0.2011317402,0.195126428,-0.08088269636,-0.4047961766,1.007566121,-0.004207395271,26.14694136,0.4047961766,0.004207395271,26.47506223,26.47506223,0.04247628756,0.5295012446,1.438106989e-06,-4.793689962e-07,9.587379924e-07,-2.396844981e-06,0.5295012446,-8.341020534e-05,1.438106989e-06,-4.793689962e-07,9.587379924e-07,-2.396844981e-06,0.5295012446,-8.341020534e-05,0,0,0,0,0,0
3.18,1,1,5.129248259e-05,3.715109721e-05,-1.438106989e-06,6.543386798e-05,-0.007565880867,-5.392901207e-05,0,0,0,0,0,0,-0.005162156055,-0.0009854999526,-0.005458779304,-0.002403724812,-0.0313689211,-0.1942594663,12.85109033,-0,0.2011344659,0.1942594663,-0.08194973864,-0.4031248387,1.007565881,-0.004185461293,26.03076848,0.4031248387,0.004185461293,26.35612905,26.35612905,0.04244344213,0.5271225809,9.587379924e-07,-9.587379924e-07,-1.438106989e-06,-2.396844981e-06,0.5271225809,-8.628641932e-05,9.587379924e-07,-9.587379924e-07,-1.438106989e-06,-2.396844981e-06,0.5271225809,-8.628641932e-05,0,0,0,0,0,0
3.19,1,1,5.129248259e-05,3.78701507e-05,-1.917475985e-06,6.543386798e-05,-0.007565401498,-5.464806557e-05,0,0,0,0,0,0,-0.005172283948,-0.001040073987,-0.005456002685,-0.00239311755,-0.03122847414,-0.193327872,12.85116548,-0,0.2011399175,0.193327872,-0.08407576311,-0.401322289,1.007565401,-0.004162157536,25.90593485,0.401322289,0.004162157536,26.22734354,26.22734354,0.04241054265,0.5245468707,9.587379924e-07,-2.396844981e-06,-4.793689962e-07,-2.396844981e-06,0.5245468707,-8.484831233e-05,9.587379924e-07,-2.396844981e-06,-4.793689962e-07,-2.396844981e-06,0.5245468707,-8.484831233e-05,0,0,0,0,0,0
3.2,1,1,5.249090509e-05,3.76304662e-05,-1.917475985e-06,6.32767075e-05,-0.007563963391,-5.488775007e-05,0,0,0,0,0,0,-0.00518295744,-0.001094619508,-0.005453076486,-0.002381005952,-0.03106849235,-0.1922724875,12.85139096,-0,0.201156272,0.1922724875,-0.08812972455,-0.3992733416,1.007563963,-0.004136207915,25.76451332,0.3992733416,0.004136207915,26.07979314,26.07979314,0.04237757916,0.5215958629,-1.438106989e-06,-1.917475985e-06,-4.793689962e-07,1.917475985e-06,0.5215958629,-8.436894333e-05,-1.438106989e-06,-1.917475985e-06,-4.793689962e-07,1.917475985e-06,0.5215958629,-8.436894333e-05,0,0,0,0,0,0
3.21,1,1,5.201153609e-05,3.715109721e-05,-2.157160483e-06,6.447512999e-05,-0.007563484022,-5.464806557e-05,0,0,0,0,0,0,-0.005194176238,-0.001149135019,-0.005450000789,-0.002369307784,-0.03091362483,-0.1912512689,12.85146612,-0,0.2011617235,0.1912512689,-0.09073538753,-0.397285402,1.007563484,-0.004111029144,25.62767004,0.397285402,0.004111029144,25.93833108,25.93833108,0.04234454557,0.5187666216,-4.793689962e-07,-9.587379924e-07,-0,-4.793689962e-07,0.5187666216,-8.484831233e-05,-4.793689962e-07,-9.587379924e-07,-0,-4.793689962e-07,0.5187666216,-8.484831233e-05,0,0,0,0,0,0
3.22,1,1,5.320995858e-05,3.78701507e-05,-2.157160483e-06,6.471481449e-05,-0.007563244338,-5.368932758e-05,0,0,0,0,0,0,-0.005205940035,-0.001203619025,-0.005446775677,-0.002357304303,-0.03075463833,-0.1902050374,12.8515037,-0,0.2011644492,0.1902050374,-0.09331839317,-0.3952433483,1.007563244,-0.004085342861,25.48747501,0.3952433483,0.004085342861,25.79348531,25.79348531,0.04231144448,0.5158697062,-2.876213977e-06,-2.396844981e-06,-0,-9.587379924e-07,0.5158697062,-8.676578831e-05,-2.876213977e-06,-2.396844981e-06,-0,-9.587379924e-07,0.5158697062,-8.676578831e-05,0,0,0,0,0,0
3.23,1,1,5.201153609e-05,3.78701507e-05,-2.157160483e-06,6.471481449e-05,-0.007562764969,-5.464806557e-05,0,0,0,0,0,0,-0.005218248508,-0.001258070034,-0.00544340124,-0.00234451646,-0.03058538004,-0.1890943796,12.85157886,-0,0.2011699007,0.1890943796,-0.09654139302,-0.3930704237,1.007562765,-0.004058300158,25.33864687,0.3930704237,0.004058300158,25.6392342,25.6392342,0.04227827032,0.5127846841,-4.793689962e-07,-2.396844981e-06,-0,-9.587379924e-07,0.5127846841,-8.484831233e-05,-4.793689962e-07,-2.396844981e-06,-0,-9.587379924e-07,0.5127846841,-8.484831233e-05,0,0,0,0,0,0
3.24,1,1,5.201153609e-05,3.76304662e-05,-2.157160483e-06,6.519418349e-05,-0.007560847493,-5.464806557e-05,0,0,0,0,0,0,-0.005231101321,-0.001312486553,-0.005439877568,-0.002329746172,-0.03039045617,-0.1878207385,12.85187955,-0,0.2011917066,0.1878207385,-0.1021325932,-0.3905744822,1.007560847,-0.004027780495,25.16797896,0.3905744822,0.004027780495,25.46044863,25.46044863,0.04224501345,0.5092089726,-4.793689962e-07,-1.917475985e-06,-0,-1.917475985e-06,0.5092089726,-8.484831233e-05,-4.793689962e-07,-1.917475985e-06,-0,-1.917475985e-06,0.5092089726,-8.484831233e-05,0,0,0,0,0,0
3.25,1,1,5.225122059e-05,3.715109721e-05,-2.157160483e-06,6.495449899e-05,-0.007560847493,-5.440838107e-05,0,0,0,0,0,0,-0.00524449812,-0.001366867089,-0.00543620476,-0.002316349373,-0.03021300034,-0.1866603234,12.85187955,-0,0.2011917066,0.1866603234,-0.1047214225,-0.3882938412,1.007560847,-0.003999737821,25.01248334,0.3882938412,0.003999737821,25.30005549,25.30005549,0.04221167703,0.5060011098,-9.587379924e-07,-9.587379924e-07,-0,-1.438106989e-06,0.5060011098,-8.532768133e-05,-9.587379924e-07,-9.587379924e-07,-0,-1.438106989e-06,0.5060011098,-8.532768133e-05,0,0,0,0,0,0
3.26,1,1,5.201153609e-05,3.715109721e-05,-1.677791487e-06,6.567355248e-05,-0.007559888755,-5.464806557e-05,0,0,0,0,0,0,-0.005258438538,-0.001421210151,-0.005432382915,-0.002301450217,-0.03001605684,-0.1853765034,12.85202991,-0,0.2012026095,0.1853765034,-0.1090196587,-0.3857672602,1.007559889,-0.003969076738,24.84045145,0.3857672602,0.003969076738,25.12116813,25.12116813,0.0421782556,0.5024233625,-4.793689962e-07,-9.587379924e-07,-9.587379924e-07,-2.876213977e-06,0.5024233625,-8.484831233e-05,-4.793689962e-07,-9.587379924e-07,-9.587379924e-07,-2.876213977e-06,0.5024233625,-8.484831233e-05,0,0,0,0,0,0
3.27,1,1,5.225122059e-05,3.78701507e-05,-1.677791487e-06,6.543386798e-05,-0.007560607808,-5.440838107e-05,0,0,0,0,0,0,-0.005272922193,-0.001475514251,-0.005428412139,-0.002287685616,-0.02983351942,-0.1841862296,12.85191714,-0,0.2011944323,0.1841862296,-0.1108166702,-0.3834179196,1.007560608,-0.00394046595,24.68095476,0.3834179196,0.00394046595,24.95749648,24.95749648,0.0421447516,0.4991499296,-9.587379924e-07,-2.396844981e-06,-9.587379924e-07,-2.396844981e-06,0.4991499296,-8.532768133e-05,-9.587379924e-07,-2.396844981e-06,-9.587379924e-07,-2.396844981e-06,0.4991499296,-8.532768133e-05,0,0,0,0,0,0
3.28,1,1,5.225122059e-05,3.81098352e-05,-1.917475985e-06,6.543386798e-05,-0.007560368124,-5.464806557e-05,0,-0.001047197551,0,0,0,0,-0.005287948688,-0.001529777898,-0.00542429254,-0.002272419436,-0.02963151305,-0.1828726804,12.85195473,-0,0.2011971581,0.1828726804,-0.1146235263,-0.3808228643,1.007560368,-0.003909245353,24.50493917,0.3808228643,0.003909245353,24.77504776,24.77504776,0.04211116562,0.4955009551,-9.587379924e-07,0.0001018435411,-4.793689962e-07,-2.396844981e-06,0.4955009551,-8.484831233e-05,-9.587379924e-07,0.0001018435411,-4.793689962e-07,-2.396844981e-06,0.4955009551,-8.484831233e-05,0,0,0,0,0,0
3.29,1,1,5.201153609e-05,3.73907817e-05,-2.636529479e-06,6.519418349e-05,-0.007560607808,-5.464806557e-05,0,0,0,0,0,0,-0.005303517611,-0.001583999606,-0.005420024231,-0.002257090197,-0.02942853008,-0.1815542,12.85191714,-0,0.2011944323,0.1815542,-0.1177921985,-0.3782130301,1.007560608,-0.003877959692,24.32826281,0.3782130301,0.003877959692,24.5925616,24.5925616,0.04207749039,0.4918512319,-4.793689962e-07,-1.438106989e-06,9.587379924e-07,-1.917475985e-06,0.4918512319,-8.484831233e-05,-4.793689962e-07,-1.438106989e-06,9.587379924e-07,-1.917475985e-06,0.4918512319,-8.484831233e-05,0,0,0,0,0,0
3.3,1,1,5.129248259e-05,3.76304662e-05,-2.157160483e-06,6.519418349e-05,-0.007560368124,-5.416869657e-05,0,0,0,0,0,0.001047197551,-0.005319628535,-0.001638177887,-0.00541560733,-0.002240739589,-0.02921225909,-0.1801520242,12.85195473,-0,0.2011971581,0.1801520242,-0.121906137,-0.3754346314,1.007560368,-0.003844920751,24.14037124,0.3754346314,0.003844920751,24.39774466,24.39774466,0.04204372301,0.4879548931,9.587379924e-07,-1.917475985e-06,-0,-1.917475985e-06,0.4879548931,-0.0001905268054,9.587379924e-07,-1.917475985e-06,-0,-1.917475985e-06,0.4879548931,-0.0001905268054,0,0,0,0,0,0
3.31,1,1,5.201153609e-05,3.73907817e-05,-1.917475985e-06,6.567355248e-05,-0.007560368124,-5.392901207e-05,0,0,0,0,0,0,-0.005336281019,-0.001692311257,-0.005411041957,-0.002224087105,-0.02899195188,-0.1787253384,12.85195473,-0,0.2011971581,0.1787253384,-0.125700449,-0.372603253,1.007560368,-0.003811400319,23.94919535,0.372603253,0.003811400319,24.19990956,24.19990956,0.04200985959,0.4839981911,-4.793689962e-07,-1.438106989e-06,-4.793689962e-07,-2.876213977e-06,0.4839981911,-8.628641932e-05,-4.793689962e-07,-1.438106989e-06,-4.793689962e-07,-2.876213977e-06,0.4839981911,-8.628641932e-05,0,0,0,0,0,0
3.32,1,1,5.273058958e-05,3.691141271e-05,-2.157160483e-06,6.567355248e-05,-0.00755964907,-5.416869657e-05,0,0,0,0,0,0,-0.005353474606,-0.001746398232,-0.005406328237,-0.002206174465,-0.02875529765,-0.1771954282,12.8520675,-0,0.2012053353,0.1771954282,-0.130742902,-0.3695650265,1.007559649,-0.00377571514,23.74418738,0.3695650265,0.00377571514,23.98678522,23.98678522,0.04197589691,0.4797357045,-1.917475985e-06,-4.793689962e-07,-0,-2.876213977e-06,0.4797357045,-8.580705032e-05,-1.917475985e-06,-4.793689962e-07,-0,-2.876213977e-06,0.4797357045,-8.580705032e-05,0,0,0,0,0,0
3.33,1,1,5.153216709e-05,3.667172821e-05,-1.917475985e-06,6.567355248e-05,-0.007559888755,-5.464806557e-05,0,0,0,0,0,0,-0.005371208824,-0.001800437328,-0.005401466301,-0.002188679931,-0.02852387067,-0.1757002269,12.85202991,-0,0.2012026095,0.1757002269,-0.1342237556,-0.366589639,1.007559889,-0.003740819776,23.5438304,0.366589639,0.003740819776,23.7799371,23.7799371,0.04194183239,0.4755987421,4.793689962e-07,-0,-4.793689962e-07,-2.876213977e-06,0.4755987421,-8.484831233e-05,4.793689962e-07,-0,-4.793689962e-07,-2.876213977e-06,0.4755987421,-8.484831233e-05,0,0,0,0,0,0
3.34,1,1,5.249090509e-05,3.715109721e-05,-2.396844981e-06,6.543386798e-05,-0.007560128439,-5.464806557e-05,0,0,0,0,0,0,-0.005389483188,-0.001854427064,-0.00539645628,-0.002170645252,-0.02828536077,-0.1741610191,12.85199232,-0,0.2011998838,0.1741610191,-0.1377704195,-0.3635232394,1.007560128,-0.003705030742,23.33757656,0.3635232394,0.003705030742,23.56703441,23.56703441,0.04190766409,0.4713406881,-1.438106989e-06,-9.587379924e-07,4.793689962e-07,-2.396844981e-06,0.4713406881,-8.484831233e-05,-1.438106989e-06,-9.587379924e-07,4.793689962e-07,-2.396844981e-06,0.4713406881,-8.484831233e-05,0,0,0,0,0,0
3.35,1,1,5.177185159e-05,3.85892042e-05,-2.157160483e-06,6.423544549e-05,-0.007561087177,-5.440838107e-05,0,0,0,0,0,0,-0.005408297196,-0.00190836596,-0.005391298313,-0.002152789982,-0.02804902109,-0.17263692,12.85184196,-0,0.2011889809,0.17263692,-0.1403326467,-0.3604815862,1.007561087,-0.003669612435,23.13334728,0.3604815862,0.003669612435,23.35716584,23.35716584,0.04187339327,0.4671433167,-0,-3.83495197e-06,-0,-0,0.4671433167,-8.532768133e-05,-0,-3.83495197e-06,-0,-0,0.4671433167,-8.532768133e-05,0,0,0,0,0,0
3.36,1,1,5.177185159e-05,3.81098352e-05,-2.157160483e-06,6.519418349e-05,-0.007561087177,-5.344964308e-05,0,0,0,0,0,0,-0.005427650332,-0.001962252538,-0.005385992541,-0.002133436845,-0.02779330105,-0.1709902415,12.85184196,-0,0.2011889809,0.1709902415,-0.1447365338,-0.3571951127,1.007561087,-0.003631627739,22.91269236,0.3571951127,0.003631627739,23.12878256,23.12878256,0.04183901898,0.4625756513,-0,-2.876213977e-06,-0,-1.917475985e-06,0.4625756513,-8.724515731e-05,-0,-2.876213977e-06,-0,-1.917475985e-06,0.4625756513,-8.724515731e-05,0,0,0,0,0,0
3.37,1,1,5.225122059e-05,3.73907817e-05,-2.396844981e-06,6.495449899e-05,-0.0075622856,-5.416869657e-05,0,0,0,0,0,0,-0.005447542067,-0.002016085319,-0.005380539109,-0.002114743533,-0.02754593669,-0.1693981515,12.85165403,-0,0.2011753522,0.1693981515,-0.1473511517,-0.3540108483,1.007562286,-0.003594858383,22.69935231,0.3540108483,0.003594858383,22.90960686,22.90960686,0.04180453947,0.4581921372,-9.587379924e-07,-1.438106989e-06,4.793689962e-07,-1.438106989e-06,0.4581921372,-8.580705032e-05,-9.587379924e-07,-1.438106989e-06,4.793689962e-07,-1.438106989e-06,0.4581921372,-8.580705032e-05,0,0,0,0,0,0
3.38,1,1,5.249090509e-05,3.715109721e-05,-2.157160483e-06,6.399576099e-05,-0.007562045915,-5.416869657e-05,0,0,0,0,0,0,-0.005467971855,-0.002069862828,-0.005374938166,-0.002094074061,-0.02727305692,-0.1676443424,12.85169162,-0,0.2011780779,0.1676443424,-0.1524513398,-0.350504917,1.007562046,-0.003554696091,22.46434188,0.350504917,0.003554696091,22.66595015,22.66595015,0.04176995008,0.453319003,-1.438106989e-06,-9.587379924e-07,-0,4.793689962e-07,0.453319003,-8.580705032e-05,-1.438106989e-06,-9.587379924e-07,-0,4.793689962e-07,0.453319003,-8.580705032e-05,0,0,0,0,0,0
3.39,1,1,5.249090509e-05,3.73907817e-05,-2.157160483e-06,6.471481449e-05,-0.0075622856,-5.488775007e-05,0,0,0,0,0,0,-0.005488939135,-0.002123583591,-0.005369189867,-0.002073346465,-0.02699931786,-0.1658862691,12.85165403,-0,0.2011753522,0.1658862691,-0.1567269069,-0.3469858922,1.007562286,-0.003514498789,22.22876005,0.3469858922,0.003514498789,22.42253354,22.42253354,0.04173524663,0.4484506708,-1.438106989e-06,-1.438106989e-06,-0,-9.587379924e-07,0.4484506708,-8.436894333e-05,-1.438106989e-06,-1.438106989e-06,-0,-9.587379924e-07,0.4484506708,-8.436894333e-05,0,0,0,0,0,0
3.4,1,1,5.177185159e-05,3.73907817e-05,-1.677791487e-06,6.471481449e-05,-0.007562045915,-5.416869657e-05,0,0,0,0,0,0,-0.005510443332,-0.002177246135,-0.00536329437,-0.002051602583,-0.02671241168,-0.1640453689,12.85169162,-0,0.2011780779,0.1640453689,-0.1617138014,-0.3432996773,1.007562046,-0.003472596993,21.98207943,0.3432996773,0.003472596993,22.1671379,22.1671379,0.04170042568,0.443342758,-0,-1.438106989e-06,-9.587379924e-07,-9.587379924e-07,0.443342758,-8.580705032e-05,-0,-1.438106989e-06,-9.587379924e-07,-9.587379924e-07,0.443342758,-8.580705032e-05,0,0,0,0,0,0
3.41,1,1,5.201153609e-05,3.691141271e-05,-2.396844981e-06,6.591323698e-05,-0.0075622856,-5.536711906e-05,0,0,0,0,0,0,-0.005532483858,-0.002230848988,-0.005357251834,-0.002029801741,-0.02642467368,-0.1622003595,12.85165403,-0,0.2011753522,0.1622003595,-0.1658178866,-0.339600764,1.007562286,-0.003430666791,21.73484817,0.339600764,0.003430666791,21.91206172,21.91206172,0.04166548525,0.4382412343,-4.793689962e-07,-4.793689962e-07,4.793689962e-07,-3.355582973e-06,0.4382412343,-8.341020534e-05,-4.793689962e-07,-4.793689962e-07,4.793689962e-07,-3.355582973e-06,0.4382412343,-8.341020534e-05,0,0,0,0,0,0
3.42,1,1,5.129248259e-05,3.715109721e-05,-2.157160483e-06,6.591323698e-05,-0.007563484022,-5.440838107e-05,0,0,0,0,0,0,-0.005555060108,-0.002284390682,-0.005351062427,-0.002008423914,-0.02614227861,-0.1603905866,12.85146612,-0,0.2011617235,0.1603905866,-0.1685107902,-0.3359666078,1.007563484,-0.003389543632,21.49233861,0.3359666078,0.003389543632,21.66318397,21.66318397,0.04163042929,0.4332636793,9.587379924e-07,-9.587379924e-07,-0,-3.355582973e-06,0.4332636793,-8.532768133e-05,9.587379924e-07,-9.587379924e-07,-0,-3.355582973e-06,0.4332636793,-8.532768133e-05,0,0,0,0,0,0
3.43,1,1,5.10527981e-05,3.715109721e-05,-1.917475985e-06,6.519418349e-05,-0.007563244338,-5.416869657e-05,0,0,0,0,0,0,-0.005578171463,-0.002337869748,-0.005344726318,-0.001985072875,-0.02583443787,-0.1584196945,12.8515037,-0,0.2011644492,0.1584196945,-0.1737205597,-0.3320113738,1.007563244,-0.003345063632,21.22823906,0.3320113738,0.003345063632,21.38987494,21.38987494,0.04159525531,0.4277974988,1.438106989e-06,-9.587379924e-07,-4.793689962e-07,-1.917475985e-06,0.4277974988,-8.580705032e-05,1.438106989e-06,-9.587379924e-07,-4.793689962e-07,-1.917475985e-06,0.4277974988,-8.580705032e-05,0,0,0,0,0,0
3.44,1,1,5.177185159e-05,3.715109721e-05,-2.396844981e-06,6.567355248e-05,-0.007563484022,-5.464806557e-05,0,0,0,0,0,0,-0.00560181729,-0.00239128472,-0.00533824368,-0.001961666733,-0.02552580881,-0.1564449385,12.85146612,-0,0.2011617235,0.1564449385,-0.1780725524,-0.328044067,1.007563484,-0.003300565892,20.96362176,0.328044067,0.003300565892,21.11689384,21.11689384,0.04155995865,0.4223378768,-0,-9.587379924e-07,4.793689962e-07,-2.876213977e-06,0.4223378768,-8.484831233e-05,-0,-9.587379924e-07,4.793689962e-07,-2.876213977e-06,0.4223378768,-8.484831233e-05,0,0,0,0,0,0
3.45,1,1,5.177185159e-05,3.715109721e-05,-1.917475985e-06,6.519418349e-05,-0.007563723707,-5.488775007e-05,0,0,0,0,0,0,-0.005625996939,-0.002444634134,-0.005331614692,-0.001937726768,-0.02521024599,-0.1544271276,12.85142854,-0,0.2011589977,0.1544271276,-0.1824224299,-0.3239876747,1.007563724,-0.003255221638,20.6932351,0.3239876747,0.003255221638,20.83805557,20.83805557,0.04152453891,0.4167611114,-0,-9.587379924e-07,-4.793689962e-07,-1.917475985e-06,0.4167611114,-8.436894333e-05,-0,-9.587379924e-07,-4.793689962e-07,-1.917475985e-06,0.4167611114,-8.436894333e-05,0,0,0,0,0,0
3.46,1,1,5.10527981e-05,3.73907817e-05,-1.438106989e-06,6.591323698e-05,-0.007563484022,-5.440838107e-05,0,0,0,0,0,0,-0.005650709749,-0.002497916527,-0.005324839535,-0.001912774273,-0.02488160431,-0.1523271198,12.85146612,-0,0.2011617235,0.1523271198,-0.1875299157,-0.3197650948,1.007563484,-0.003208205989,20.41183405,0.3197650948,0.003208205989,20.54727744,20.54727744,0.04148899398,0.4109455487,1.438106989e-06,-1.438106989e-06,-1.438106989e-06,-3.355582973e-06,0.4109455487,-8.532768133e-05,1.438106989e-06,-1.438106989e-06,-1.438106989e-06,-3.355582973e-06,0.4109455487,-8.532768133e-05,0,0,0,0,0,0
3.47,1,1,5.177185159e-05,3.76304662e-05,-2.636529479e-06,6.639260598e-05,-0.007563963391,-5.464806557e-05,0,0,0,0,0,0,-0.005675955041,-0.002551130438,-0.005317918395,-0.00188800835,-0.02455530104,-0.1502431228,12.85139096,-0,0.201156272,0.1502431228,-0.1913453698,-0.3155697737,1.007563963,-0.003161597834,20.13257845,0.3155697737,0.003161597834,20.25996445,20.25996445,0.04145332178,0.4051992891,-0,-1.917475985e-06,9.587379924e-07,-4.314320966e-06,0.4051992891,-8.484831233e-05,-0,-1.917475985e-06,9.587379924e-07,-4.314320966e-06,0.4051992891,-8.484831233e-05,0,0,0,0,0,0
3.48,1,1,5.201153609e-05,3.76304662e-05,-1.917475985e-06,6.543386798e-05,-0.007564922129,-5.488775007e-05,0,0,0,0,0,0,-0.005701732124,-0.002604274409,-0.005310851461,-0.001863190005,-0.02422827186,-0.1481555755,12.85124064,-0,0.201145369,0.1481555755,-0.1944617321,-0.3113633519,1.007564922,-0.00311498397,19.85284712,0.3113633519,0.00311498397,19.97286372,19.97286372,0.041417525,0.3994572745,-4.793689962e-07,-1.917475985e-06,-4.793689962e-07,-2.396844981e-06,0.3994572745,-8.436894333e-05,-4.793689962e-07,-1.917475985e-06,-4.793689962e-07,-2.396844981e-06,0.3994572745,-8.436894333e-05,0,0,0,0,0,0
3.49,1,1,5.225122059e-05,3.715109721e-05,-2.157160483e-06,6.543386798e-05,-0.007565641183,-5.560680356e-05,0,0,0,0,0,0,-0.005728040291,-0.002657346982,-0.005303638928,-0.001837600891,-0.02389129236,-0.146005739,12.85112791,-0,0.2011371917,0.146005739,-0.1981791918,-0.307030054,1.007565641,-0.003067126708,19.56476903,0.307030054,0.003067126708,19.67668702,19.67668702,0.04138160533,0.3935337404,-9.587379924e-07,-9.587379924e-07,-0,-2.396844981e-06,0.3935337404,-8.293083635e-05,-9.587379924e-07,-9.587379924e-07,-0,-2.396844981e-06,0.3935337404,-8.293083635e-05,0,0,0,0,0,0
3.5,1,1,5.225122059e-05,3.667172821e-05,-2.157160483e-06,6.567355248e-05,-0.007565161814,-5.416869657e-05,0,0,0,0,0,0,-0.005754878821,-0.002710346702,-0.005296280992,-0.001810282993,-0.02353205848,-0.1437153572,12.85120306,-0,0.2011426432,0.1437153572,-0.2038472833,-0.3024152619,1.007565162,-0.003016381369,19.25785786,0.3024152619,0.003016381369,19.35944222,19.35944222,0.04134555785,0.3871888444,-9.587379924e-07,-0,-0,-2.876213977e-06,0.3871888444,-8.580705032e-05,-9.587379924e-07,-0,-0,-2.876213977e-06,0.3871888444,-8.580705032e-05,0,0,0,0,0,0
3.51,1,1,5.177185159e-05,3.619235921e-05,-2.396844981e-06,6.3516392e-05,-0.007565641183,-5.440838107e-05,0,0,0,0,0,0,-0.005782246978,-0.002763272118,-0.005288777857,-0.001783394205,-0.02317830926,-0.1414609325,12.85112791,-0,0.2011371917,0.1414609325,-0.2078280675,-0.297867417,1.007565641,-0.002966470269,18.95576496,0.297867417,0.002966470269,19.04877078,19.04877078,0.04130938109,0.3809754156,-0,9.587379924e-07,4.793689962e-07,1.438106989e-06,0.3809754156,-8.532768133e-05,-0,9.587379924e-07,4.793689962e-07,1.438106989e-06,0.3809754156,-8.532768133e-05,0,0,0,0,0,0
3.52,1,1,5.201153609e-05,3.691141271e-05,-2.157160483e-06,6.423544549e-05,-0.007565880867,-5.392901207e-05,0,0,0,0,0,0,-0.005810144011,-0.002816121776,-0.005281129727,-0.001755736856,-0.02281466089,-0.1391445866,12.85109033,-0,0.2011344659,0.1391445866,-0.2122079774,-0.2931932679,1.007565881,-0.002915334057,18.64537461,0.2931932679,0.002915334057,18.72927523,18.72927523,0.04127307632,0.3745855046,-4.793689962e-07,-4.793689962e-07,-0,-0,0.3745855046,-8.628641932e-05,-4.793689962e-07,-4.793689962e-07,-0,-0,0.3745855046,-8.628641932e-05,0,0,0,0,0,0
3.53,1,1,5.225122059e-05,3.691141271e-05,-2.157160483e-06,6.519418349e-05,-0.007568277712,-5.464806557e-05,0,0,0,0,0,0,-0.005838569156,-0.002868894229,-0.005273336812,-0.001729708556,-0.02247193261,-0.1369622004,12.85071461,-0,0.2011072083,0.1369622004,-0.2132697327,-0.2887803928,1.007568278,-0.002867091005,18.35293485,0.2887803928,0.002867091005,18.4313126,18.4313126,0.04123664844,0.3686262521,-9.587379924e-07,-4.793689962e-07,-0,-1.917475985e-06,0.3686262521,-8.484831233e-05,-9.587379924e-07,-4.793689962e-07,-0,-1.917475985e-06,0.3686262521,-8.484831233e-05,0,0,0,0,0,0
3.54,1,1,5.225122059e-05,3.715109721e-05,-1.917475985e-06,6.567355248e-05,-0.007568757081,-5.464806557e-05,0,0,0,0,0,0,-0.005867521633,-0.002921588031,-0.005265399326,-0.001701235448,-0.02209777953,-0.1345810433,12.85063947,-0,0.2011017568,0.1345810433,-0.2178009727,-0.2839705979,1.007568757,-0.002814751884,18.0338598,0.2839705979,0.002814751884,18.10284418,18.10284418,0.04120009835,0.3620568836,-9.587379924e-07,-9.587379924e-07,-4.793689962e-07,-2.876213977e-06,0.3620568836,-8.484831233e-05,-9.587379924e-07,-9.587379924e-07,-4.793689962e-07,-2.876213977e-06,0.3620568836,-8.484831233e-05,0,0,0,0,0,0
3.55,1,1,5.177185159e-05,3.691141271e-05,-1.917475985e-06,6.519418349e-05,-0.007568996766,-5.416869657e-05,0,0,0,0,0,0,-0.00589700065,-0.002974201735,-0.005257317486,-0.001671996116,-0.02171378112,-0.1321383236,12.85060191,-0,0.201099031,0.1321383236,-0.222680133,-0.279035157,1.007568997,-0.002761204714,17.70653536,0.279035157,0.002761204714,17.76565159,17.76565159,0.04116342107,0.3553130318,-0,-4.793689962e-07,-4.793689962e-07,-1.917475985e-06,0.3553130318,-8.580705032e-05,-0,-4.793689962e-07,-4.793689962e-07,-1.917475985e-06,0.3553130318,-8.580705032e-05,0,0,0,0,0,0
3.56,1,1,5.129248259e-05,3.667172821e-05,-2.157160483e-06,6.543386798e-05,-0.007569955504,-5.297027408e-05,0,0,0,0,0,0,-0.005927005396,-0.0030267339,-0.005249091515,-0.001642950107,-0.02133227617,-0.129712395,12.85045164,-0,0.2010881279,0.129712395,-0.2262984344,-0.2741293834,1.007569956,-0.002708094419,17.38146093,0.2741293834,0.002708094419,17.43199997,17.43199997,0.04112661633,0.3486399994,9.587379924e-07,-0,-0,-2.396844981e-06,0.3486399994,-8.82038953e-05,9.587379924e-07,-0,-0,-2.396844981e-06,0.3486399994,-8.82038953e-05,0,0,0,0,0,0
3.57,1,1,5.177185159e-05,3.643204371e-05,-1.917475985e-06,6.591323698e-05,-0.007569715819,-5.297027408e-05,0,0,0,0,0,0,-0.005957535051,-0.003079183085,-0.005240721636,-0.001612180768,-0.02092864293,-0.1271469378,12.85048921,-0,0.2010908537,0.1271469378,-0.2317782159,-0.2689433001,1.007569716,-0.002652149551,17.03768967,0.2689433001,0.002652149551,17.0775069,17.0775069,0.04108968332,0.341550138,-0,4.793689962e-07,-4.793689962e-07,-3.355582973e-06,0.341550138,-8.82038953e-05,-0,4.793689962e-07,-4.793689962e-07,-3.355582973e-06,0.341550138,-8.82038953e-05,0,0,0,0,0,0
3.58,1,1,5.273058958e-05,3.76304662e-05,-2.157160483e-06,6.543386798e-05,-0.007570914242,-5.344964308e-05,0,0,0,0,0,0,-0.005988588777,-0.003131547854,-0.005232208081,-0.001582325465,-0.02053678105,-0.1246571131,12.85030139,-0,0.2010772248,0.1246571131,-0.2351069912,-0.263903826,1.007570914,-0.002597876756,16.70405316,0.263903826,0.002597876756,16.73544787,16.73544787,0.0410526287,0.3347089573,-1.917475985e-06,-1.917475985e-06,-0,-2.396844981e-06,0.3347089573,-8.724515731e-05,-1.917475985e-06,-1.917475985e-06,-0,-2.396844981e-06,0.3347089573,-8.724515731e-05,0,0,0,0,0,0
3.59,1,1,5.249090509e-05,3.78701507e-05,-2.396844981e-06,6.447512999e-05,-0.007572592033,-5.440838107e-05,0,0,0,0,0,0,-0.006020165722,-0.003183826769,-0.005223551082,-0.001552426311,-0.0201443893,-0.1221647824,12.85003847,-0,0.2010581443,0.1221647824,-0.2378915482,-0.2588561774,1.007572592,-0.002543640575,16.37008084,0.2588561774,0.002543640575,16.39358911,16.39358911,0.0410154615,0.3278717822,-1.438106989e-06,-2.396844981e-06,4.793689962e-07,-4.793689962e-07,0.3278717822,-8.532768133e-05,-1.438106989e-06,-2.396844981e-06,4.793689962e-07,-4.793689962e-07,0.3278717822,-8.532768133e-05,0,0,0,0,0,0
3.6,1,1,5.201153609e-05,3.715109721e-05,-2.396844981e-06,6.519418349e-05,-0.007573311087,-5.320995858e-05,0,0,0,0,0,0,-0.006052265021,-0.003236018398,-0.005214750877,-0.001521046066,-0.01973300752,-0.1195528775,12.8499258,-0,0.2010499669,0.1195528775,-0.2421921141,-0.2535676823,1.007573311,-0.002486997903,16.02008559,0.2535676823,0.002486997903,16.03394815,16.03394815,0.0409781628,0.3206789631,-4.793689962e-07,-9.587379924e-07,4.793689962e-07,-1.917475985e-06,0.3206789631,-8.772452631e-05,-4.793689962e-07,-9.587379924e-07,4.793689962e-07,-1.917475985e-06,0.3206789631,-8.772452631e-05,0,0,0,0,0,0
3.61,1,1,5.297027408e-05,3.78701507e-05,-2.396844981e-06,6.543386798e-05,-0.007573071402,-5.392901207e-05,0,0,0,0,0,0,-0.006084885794,-0.00328812131,-0.005205807707,-0.001488185608,-0.01930265591,-0.1168216151,12.84996335,-0,0.2010526927,0.1168216151,-0.2478672234,-0.248038421,1.007573071,-0.002427961232,15.65409642,0.248038421,0.002427961232,15.65669558,15.65669558,0.04094073885,0.3131339117,-2.396844981e-06,-2.396844981e-06,4.793689962e-07,-2.396844981e-06,0.3131339117,-8.628641932e-05,-2.396844981e-06,-2.396844981e-06,4.793689962e-07,-2.396844981e-06,0.3131339117,-8.628641932e-05,0,0,0,0,0,0
3.62,1,1,5.225122059e-05,3.715109721e-05,-2.157160483e-06,6.519418349e-05,-0.007574988878,-5.440838107e-05,0,0,0,0,0,0,-0.006118027147,-0.003340134076,-0.005196721817,-0.001456961731,-0.01889339353,-0.1142248258,12.84966292,-0,0.2010308863,0.1142248258,-0.2499735217,-0.2427737383,1.007574989,-0.002371823685,15.30612666,0.2427737383,0.002371823685,15.3012987,15.3012987,0.04090319384,0.3060259741,-9.587379924e-07,-9.587379924e-07,-0,-1.917475985e-06,0.3060259741,-8.532768133e-05,-9.587379924e-07,-9.587379924e-07,-0,-1.917475985e-06,0.3060259741,-8.532768133e-05,0,0,0,0,0,0
3.63,1,1,5.225122059e-05,3.76304662e-05,-2.157160483e-06,6.591323698e-05,-0.007576187301,-5.344964308e-05,0,0,0,0,0,0,-0.00615168817,-0.003392055271,-0.005187493456,-0.00142449913,-0.01846828168,-0.1115284184,12.84947517,-0,0.2010172573,0.1115284184,-0.2535079076,-0.2373077269,1.007576187,-0.002313708167,14.94480807,0.2373077269,0.002313708167,14.9309216,14.9309216,0.04086553276,0.298618432,-9.587379924e-07,-1.917475985e-06,-0,-3.355582973e-06,0.298618432,-8.724515731e-05,-9.587379924e-07,-1.917475985e-06,-0,-3.355582973e-06,0.298618432,-8.724515731e-05,0,0,0,0,0,0
3.64,1,1,5.201153609e-05,3.715109721e-05,-2.157160483e-06,6.543386798e-05,-0.007577625408,-5.320995858e-05,0,0,0,0.001047197551,0,0,-0.006185867942,-0.003443883471,-0.005178122878,-0.001391757465,-0.01803966059,-0.1088105635,12.84924989,-0,0.2010009025,0.1088105635,-0.2568001325,-0.2317961068,1.007577625,-0.0022552456,14.58061551,0.2317961068,0.0022552456,14.55786673,14.55786673,0.04082775647,0.2911573346,-4.793689962e-07,-9.587379924e-07,-0,-0.0001071166001,0.2911573346,-8.772452631e-05,-4.793689962e-07,-9.587379924e-07,-0,-0.0001071166001,0.2911573346,-8.772452631e-05,0,0,0,0,0,0
3.65,1,1,5.225122059e-05,3.76304662e-05,-2.157160483e-06,6.615292148e-05,-0.007578344461,-5.320995858e-05,0,0,0,0,0,0,-0.006220565525,-0.003495617256,-0.005168610338,-0.001357778936,-0.01759523217,-0.1059934293,12.84913726,-0,0.200992725,0.1059934293,-0.2613223997,-0.2260835532,1.007578344,-0.002194821801,14.20311952,0.2260835532,0.002194821801,14.1700755,14.1700755,0.04078986541,0.28340151,-9.587379924e-07,-1.917475985e-06,-0,-3.83495197e-06,0.28340151,-8.772452631e-05,-9.587379924e-07,-1.917475985e-06,-0,-3.83495197e-06,0.28340151,-8.772452631e-05,0,0,0,0,0,0
3.66,1,1,5.129248259e-05,3.667172821e-05,-2.396844981e-06,6.591323698e-05,-0.007579782568,-5.392901207e-05,0,0,0,0,0,0,-0.006255779968,-0.003547255206,-0.005158956099,-0.0013240026,-0.01715349616,-0.1031940796,12.84891201,-0,0.2009763701,0.1031940796,-0.2645682986,-0.2204037627,1.007579783,-0.002134871102,13.82800666,0.2204037627,0.002134871102,13.785977,13.785977,0.04075185964,0.27571954,9.587379924e-07,-0,4.793689962e-07,-3.355582973e-06,0.27571954,-8.628641932e-05,9.587379924e-07,-0,4.793689962e-07,-3.355582973e-06,0.27571954,-8.628641932e-05,0,0,0,0,0,0
3.67,1,1,5.153216709e-05,3.667172821e-05,-2.157160483e-06,6.591323698e-05,-0.007581220675,-5.416869657e-05,0,0,0,0,0,0,-0.006291510305,-0.003598795906,-0.005149160424,-0.00128971037,-0.01670523468,-0.1003541701,12.84868678,-0,0.2009600151,0.1003541701,-0.2681501442,-0.2146403281,1.007581221,-0.002074184269,13.4474588,0.2146403281,0.002074184269,13.39602317,13.39602317,0.04071374703,0.2679204633,4.793689962e-07,-0,-0,-3.355582973e-06,0.2679204633,-8.580705032e-05,4.793689962e-07,-0,-0,-3.355582973e-06,0.2679204633,-8.580705032e-05,0,0,0,0,0,0
3.68,1,1,5.153216709e-05,3.667172821e-05,-3.595267472e-06,6.471481449e-05,-0.007583138151,-5.392901207e-05,0,0,0,0,0,0,-0.006327755557,-0.003650237944,-0.005139223583,-0.001255382594,-0.01625662862,-0.09751275518,12.84838652,-0,0.2009382085,0.09751275518,-0.270968859,-0.208871448,1.007583138,-0.002013572401,13.06670919,0.208871448,0.002013572401,13.00662536,13.00662536,0.04067552633,0.2601325071,4.793689962e-07,-0,2.876213977e-06,-9.587379924e-07,0.2601325071,-8.628641932e-05,4.793689962e-07,-0,2.876213977e-06,-9.587379924e-07,0.2601325071,-8.628641932e-05,0,0,0,0,0,0
3.69,1,1,5.177185159e-05,3.691141271e-05,-2.157160483e-06,6.567355248e-05,-0.00758361752,-5.344964308e-05,0,0,0,0,0,0,-0.00636451473,-0.003701579908,-0.005129145846,-0.00121910279,-0.01578306347,-0.09451431237,12.84831146,-0,0.2009327568,0.09451431237,-0.2762566213,-0.2027857153,1.007583618,-0.001949820227,12.66491786,0.2027857153,0.001949820227,12.59339677,12.59339677,0.04063720073,0.2518679354,-0,-4.793689962e-07,-0,-2.876213977e-06,0.2518679354,-8.724515731e-05,-0,-4.793689962e-07,-0,-2.876213977e-06,0.2518679354,-8.724515731e-05,0,0,0,0,0,0
3.7,1,1,5.201153609e-05,3.81098352e-05,-2.636529479e-06,6.495449899e-05,-0.007584815943,-5.344964308e-05,0,0,0,0,0,0,-0.006401786817,-0.003752820392,-0.005118927492,-0.001183029126,-0.01531227763,-0.09153411598,12.84812382,-0,0.2009191276,0.09153411598,-0.2802480245,-0.1967340389,1.007584816,-0.001886558434,12.26557154,0.1967340389,0.001886558434,12.18394411,12.18394411,0.04059877039,0.2436788823,-4.793689962e-07,-2.876213977e-06,9.587379924e-07,-1.438106989e-06,0.2436788823,-8.724515731e-05,-4.793689962e-07,-2.876213977e-06,9.587379924e-07,-1.438106989e-06,0.2436788823,-8.724515731e-05,0,0,0,0,0,0
3.71,1,1,5.225122059e-05,3.691141271e-05,-2.157160483e-06,6.471481449e-05,-0.007586493734,-5.344964308e-05,0,-0.001047197551,0,0,0,0,-0.006439570795,-0.00380395799,-0.0051085688,-0.001146922939,-0.01484121373,-0.0885527942,12.84786115,-0,0.2009000466,0.0885527942,-0.283520197,-0.1906778533,1.007586494,-0.001823386634,11.86607442,0.1906778533,0.001823386634,11.77505547,11.77505547,0.04056024017,0.2355011093,-9.587379924e-07,0.0001042403861,-0,-9.587379924e-07,0.2355011093,-8.724515731e-05,-9.587379924e-07,0.0001042403861,-0,-9.587379924e-07,0.2355011093,-8.724515731e-05,0,0,0,0,0,0
3.72,1,1,5.177185159e-05,3.76304662e-05,-2.396844981e-06,6.519418349e-05,-0.007587212788,-5.320995858e-05,0,0,0,0,0,0,-0.006477865629,-0.003854991301,-0.005098070054,-0.001109347158,-0.01435141784,-0.08545388867,12.84774859,-0,0.200891869,0.08545388867,-0.2883409799,-0.1843834083,1.007587213,-0.001757904535,11.45082108,0.1843834083,0.001757904535,11.34862141,11.34862141,0.04052161182,0.2269724283,-0,-1.917475985e-06,4.793689962e-07,-1.917475985e-06,0.2269724283,-8.772452631e-05,-0,-1.917475985e-06,4.793689962e-07,-1.917475985e-06,0.2269724283,-8.772452631e-05,0,0,0,0,0,0
3.73,1,1,5.129248259e-05,3.73907817e-05,-2.157160483e-06,6.543386798e-05,-0.007588171526,-5.297027408e-05,0,0,0,0,0,0,-0.006516670269,-0.003905918925,-0.005087431542,-0.001071501257,-0.01385831021,-0.08233472718,12.84759851,-0,0.2008809656,0.08233472718,-0.2926726581,-0.1780460056,1.007588172,-0.001692124239,11.03285344,0.1780460056,0.001692124239,10.91991891,10.91991891,0.04048288778,0.2183983783,9.587379924e-07,-1.438106989e-06,-0,-2.396844981e-06,0.2183983783,-8.82038953e-05,9.587379924e-07,-1.438106989e-06,-0,-2.396844981e-06,0.2183983783,-8.82038953e-05,0,0,0,0,0,0
3.74,1,1,5.201153609e-05,3.76304662e-05,-3.115898475e-06,6.495449899e-05,-0.007590808055,-5.297027408e-05,0,0,0,0,0,0,-0.006555983651,-0.003956739467,-0.005076653555,-0.001034824404,-0.0133803897,-0.07931186427,12.84718586,-0,0.200850981,0.07931186427,-0.2945245929,-0.1719003533,1.007590808,-0.001628445337,10.62778981,0.1719003533,0.001628445337,10.50679402,10.50679402,0.04044407538,0.2101358804,-4.793689962e-07,-1.917475985e-06,1.917475985e-06,-1.438106989e-06,0.2101358804,-8.82038953e-05,-4.793689962e-07,-1.917475985e-06,1.917475985e-06,-1.438106989e-06,0.2101358804,-8.82038953e-05,0,0,0,0,0,0
3.75,1,1,5.201153609e-05,3.691141271e-05,-2.157160483e-06,6.543386798e-05,-0.007593444585,-5.344964308e-05,0,0,0,0,0,0,-0.006595804697,-0.004007451533,-0.005065736389,-0.0009976398877,-0.01289612369,-0.07624947493,12.84677328,-0,0.2008209963,0.07624947493,-0.2966026699,-0.1656735772,1.007593445,-0.001564070756,10.21742964,0.1656735772,0.001564070756,10.08806462,10.08806462,0.0404051778,0.2017612924,-4.793689962e-07,-4.793689962e-07,-0,-2.396844981e-06,0.2017612924,-8.724515731e-05,-4.793689962e-07,-4.793689962e-07,-0,-2.396844981e-06,0.2017612924,-8.724515731e-05,0,0,0,0,0,0
3.76,1,1,5.153216709e-05,3.667172821e-05,-1.917475985e-06,6.591323698e-05,-0.007595122376,-5.344964308e-05,0,0.001047197551,0,0,0,0,-0.006636132315,-0.004058053732,-0.005054680343,-0.0009589900608,-0.01239321946,-0.07307015185,12.84651076,-0,0.2008019151,0.07307015185,-0.3005048692,-0.1592096271,1.007595122,-0.001497414241,9.791400349,0.1592096271,0.001497414241,9.651602521,9.651602521,0.04036619913,0.1930320504,4.793689962e-07,-0.0001047197551,-4.793689962e-07,-3.355582973e-06,0.1930320504,-8.724515731e-05,4.793689962e-07,-0.0001047197551,-4.793689962e-07,-3.355582973e-06,0.1930320504,-8.724515731e-05,0,0,0,0,0,0
3.77,1,1,5.08131136e-05,3.643204371e-05,-2.396844981e-06,6.471481449e-05,-0.007596320799,-5.440838107e-05,0,0,0,0,0,0,-0.006676965401,-0.004108544678,-0.005043485721,-0.0009193553979,-0.01187785979,-0.06981291171,12.84632327,-0,0.2007882856,0.06981291171,-0.3052042197,-0.1525868267,1.007596321,-0.001429283685,9.35493017,0.1525868267,0.001429283685,9.20374206,9.20374206,0.04032714111,0.1840748412,1.917475985e-06,4.793689962e-07,4.793689962e-07,-9.587379924e-07,0.1840748412,-8.532768133e-05,1.917475985e-06,4.793689962e-07,4.793689962e-07,-9.587379924e-07,0.1840748412,-8.532768133e-05,0,0,0,0,0,0
3.78,1,1,5.153216709e-05,3.78701507e-05,-2.876213977e-06,6.519418349e-05,-0.007600395435,-5.416869657e-05,0,0,0,0,0,0,-0.006718302833,-0.004158922985,-0.005032152829,-0.0008820926016,-0.01139317472,-0.06674913015,12.84568592,-0,0.2007419451,0.06674913015,-0.3054513292,-0.1463531441,1.007600395,-0.001365244084,8.94438344,0.1463531441,0.001365244084,8.786650499,8.786650499,0.0402880101,0.17573301,4.793689962e-07,-2.396844981e-06,1.438106989e-06,-1.917475985e-06,0.17573301,-8.580705032e-05,4.793689962e-07,-2.396844981e-06,1.438106989e-06,-1.917475985e-06,0.17573301,-8.580705032e-05,0,0,0,0,0,0
3.79,1,1,5.177185159e-05,3.81098352e-05,-2.396844981e-06,6.543386798e-05,-0.007603751018,-5.416869657e-05,0,0,0,0,0,0,-0.00676014348,-0.004209187274,-0.005020681978,-0.0008436075377,-0.01089300227,-0.06358822076,12.84516118,-0,0.2007037821,0.06358822076,-0.3074315092,-0.13992237,1.007603751,-0.001299336473,8.520821582,0.13992237,0.001299336473,8.354611779,8.354611779,0.04024881295,0.1670922356,-0,-2.876213977e-06,4.793689962e-07,-2.396844981e-06,0.1670922356,-8.580705032e-05,-0,-2.876213977e-06,4.793689962e-07,-2.396844981e-06,0.1670922356,-8.580705032e-05,0,0,0,0,0,0
3.8,1,1,5.177185159e-05,3.73907817e-05,-2.396844981e-06,6.567355248e-05,-0.007606387547,-5.344964308e-05,0,0,0,0,0,0,-0.006802486194,-0.004259336166,-0.005009073483,-0.0008039013532,-0.01037736814,-0.06033041673,12.84474897,-0,0.2006737967,0.06033041673,-0.3108748468,-0.1332946888,1.007606388,-0.001231572153,8.084275841,0.1332946888,0.001231572153,7.907927255,7.907927255,0.04020955559,0.1581585451,-0,-1.438106989e-06,4.793689962e-07,-2.876213977e-06,0.1581585451,-8.724515731e-05,-0,-1.438106989e-06,4.793689962e-07,-2.876213977e-06,0.1581585451,-8.724515731e-05,0,0,0,0,0,0
3.81,1,1,5.225122059e-05,3.76304662e-05,-1.917475985e-06,6.687197497e-05,-0.00760974313,-5.368932758e-05,0,0,0,0,0,0,-0.006845329814,-0.004309368286,-0.004997327661,-0.0007644133161,-0.009864769502,-0.05709200268,12.84422444,-0,0.2006356334,0.05709200268,-0.3131468554,-0.1267053136,1.007609743,-0.001164332148,7.65032836,0.1267053136,0.001164332148,7.46505115,7.46505115,0.04017023321,0.149301023,-9.587379924e-07,-1.917475985e-06,-4.793689962e-07,-5.273058958e-06,0.149301023,-8.676578831e-05,-9.587379924e-07,-1.917475985e-06,-4.793689962e-07,-5.273058958e-06,0.149301023,-8.676578831e-05,0,0,0,0,0,0
3.82,1,1,5.153216709e-05,3.78701507e-05,-2.157160483e-06,6.567355248e-05,-0.007612619344,-5.344964308e-05,0,0,0,0,0,0,-0.006888673166,-0.004359282263,-0.004985444835,-0.0007239461783,-0.009339838026,-0.05377638724,12.84377495,-0,0.2006029217,0.05377638724,-0.3165542155,-0.1199587777,1.007612619,-0.001095645071,7.20603589,0.1199587777,0.001095645071,7.010536097,7.010536097,0.04013085655,0.1402107219,4.793689962e-07,-2.396844981e-06,-0,-2.876213977e-06,0.1402107219,-8.724515731e-05,4.793689962e-07,-2.396844981e-06,-0,-2.876213977e-06,0.1402107219,-8.724515731e-05,0,0,0,0,0,0
3.83,1,1,5.05734291e-05,3.78701507e-05,-2.636529479e-06,6.567355248e-05,-0.007615735243,-5.392901207e-05,0,0,0,0,0,0,-0.006932515061,-0.004409076727,-0.004973425331,-0.0006832201816,-0.008811834589,-0.05044174825,12.8432881,-0,0.2005674839,0.05044174825,-0.3196171328,-0.1131729303,1.007615735,-0.00102670169,6.759194265,0.1131729303,0.00102670169,6.553776764,6.553776764,0.04009142828,0.1310755353,2.396844981e-06,-2.396844981e-06,9.587379924e-07,-2.876213977e-06,0.1310755353,-8.628641932e-05,2.396844981e-06,-2.396844981e-06,9.587379924e-07,-2.876213977e-06,0.1310755353,-8.628641932e-05,0,0,0,0,0,0
3.84,1,1,5.129248259e-05,3.78701507e-05,-2.157160483e-06,6.567355248e-05,-0.007618851141,-5.416869657e-05,0,0,0,0,0,0,-0.006976854298,-0.004458750315,-0.004961269477,-0.0006419968436,-0.008277706002,-0.04706889983,12.84280135,-0,0.2005320459,0.04706889983,-0.3228915904,-0.1063089338,1.007618851,-0.0009571128652,6.307232578,0.1063089338,0.0009571128652,6.091607034,6.091607034,0.04005195434,0.1218321407,9.587379924e-07,-2.396844981e-06,-0,-2.876213977e-06,0.1218321407,-8.580705032e-05,9.587379924e-07,-2.396844981e-06,-0,-2.876213977e-06,0.1218321407,-8.580705032e-05,0,0,0,0,0,0
3.85,1,1,5.273058958e-05,3.81098352e-05,-2.157160483e-06,6.567355248e-05,-0.007623644831,-5.344964308e-05,0,0,0,0,0,0,-0.00702168966,-0.004508301663,-0.004948977608,-0.0006019551712,-0.007759024352,-0.043793114,12.84205271,-0,0.2004775255,0.043793114,-0.3238766464,-0.09964179969,1.007623645,-0.0008896321829,5.868277276,0.09964179969,0.0008896321829,5.644932062,5.644932062,0.04001244129,0.1128986412,-1.917475985e-06,-2.876213977e-06,-0,-2.876213977e-06,0.1128986412,-8.724515731e-05,-1.917475985e-06,-2.876213977e-06,-0,-2.876213977e-06,0.1128986412,-8.724515731e-05,0,0,0,0,0,0
3.86,1,1,5.249090509e-05,3.78701507e-05,-2.636529479e-06,6.447512999e-05,-0.00762891789,-5.368932758e-05,0,0,0,0,0,0,-0.007067019919,-0.004557729415,-0.00493655006,-0.0005618979713,-0.00724042254,-0.0405178804,12.84122949,-0,0.2004175526,0.0405178804,-0.3245186223,-0.09297592745,1.007628918,-0.0008222929033,5.429395973,0.09297592745,0.0008222929033,5.198675571,5.198675571,0.0399728943,0.1039735114,-1.438106989e-06,-2.396844981e-06,9.587379924e-07,-4.793689962e-07,0.1039735114,-8.676578831e-05,-1.438106989e-06,-2.396844981e-06,9.587379924e-07,-4.793689962e-07,0.1039735114,-8.676578831e-05,0,0,0,0,0,0
3.87,1,1,5.273058958e-05,3.83495197e-05,-2.157160483e-06,6.519418349e-05,-0.007632992527,-5.440838107e-05,0,0,0,0,0,0,-0.007112843832,-0.004607032214,-0.004923987174,-0.0005201486949,-0.006700381733,-0.03710831647,12.84059358,-0,0.2003712095,0.03710831647,-0.3275572727,-0.08603687864,1.007632993,-0.0007523578715,4.972514407,0.08603687864,0.0007523578715,4.731746371,4.731746371,0.03993331864,0.09463492741,-1.917475985e-06,-3.355582973e-06,-0,-1.917475985e-06,0.09463492741,-8.532768133e-05,-1.917475985e-06,-3.355582973e-06,-0,-1.917475985e-06,0.09463492741,-8.532768133e-05,0,0,0,0,0,0
3.88,1,1,5.177185159e-05,3.78701507e-05,-2.157160483e-06,6.663229047e-05,-0.007639943377,-5.440838107e-05,0,0,0,0,-0.001047197551,0,-0.007159160142,-0.004656208708,-0.004911289295,-0.0004807832349,-0.006191248008,-0.03493956874,12.83950919,-0,0.2002921529,0.03389237119,-0.3264724641,-0.07949258571,1.008687415,-0.0007091668461,4.681902211,0.07949258571,0.0007091668461,4.435631499,4.435631499,0.03989372422,0.08871262999,-0,-2.396844981e-06,-0,-4.793689962e-06,0.08871262999,-8.532768133e-05,-0,-2.396844981e-06,-0,-4.793689962e-06,0.08871262999,-8.532768133e-05,0,0,0,0,0,0
3.89,1,1,5.153216709e-05,3.715109721e-05,-1.917475985e-06,6.663229047e-05,-0.007646894228,-5.344964308e-05,0,0,0,0,0,0,-0.00720596758,-0.004705257551,-0.00489845677,-0.0004409266471,-0.005676112945,-0.03063869124,12.83842533,-0,0.2002130953,0.03063869124,-0.3261625534,-0.0728723522,1.007646894,-0.0006199737705,4.105584626,0.0728723522,0.0006199737705,3.852914398,3.852914398,0.03985411672,0.07705828797,4.793689962e-07,-9.587379924e-07,-4.793689962e-07,-4.793689962e-06,0.07705828797,-8.724515731e-05,4.793689962e-07,-9.587379924e-07,-4.793689962e-07,-4.793689962e-06,0.07705828797,-8.724515731e-05,0,0,0,0,0,0
3.9,1,1,5.201153609e-05,3.73907817e-05,-2.396844981e-06,6.495449899e-05,-0.007653845078,-5.440838107e-05,0,0,0,0,0,0,-0.007253264863,-0.004754177396,-0.004885489951,-0.0004005802148,-0.005155003078,-0.02734743423,12.83734199,-0,0.2001340368,0.02734743423,-0.3267607953,-0.06617653745,1.007653845,-0.0005528327485,3.664556187,0.06617653745,0.0005528327485,3.404524762,3.404524762,0.03981449516,0.06809049524,-4.793689962e-07,-1.438106989e-06,4.793689962e-07,-1.438106989e-06,0.06809049524,-8.532768133e-05,-4.793689962e-07,-1.438106989e-06,4.793689962e-07,-1.438106989e-06,0.06809049524,-8.532768133e-05,0,0,0,0,0,0
3.91,1,1,5.177185159e-05,3.81098352e-05,-2.157160483e-06,6.567355248e-05,-0.00766031656,-5.368932758e-05,0,0,0,0,0,0,-0.007301050694,-0.004802966903,-0.004872389195,-0.0003592658656,-0.0046217918,-0.02398026985,12.83633383,-0,0.2000604297,0.02398026985,-0.3283447907,-0.05932686242,1.007660317,-0.0004842887107,3.213356159,0.05932686242,0.0004842887107,2.94482252,2.94482252,0.03977486293,0.0588964504,-0,-2.876213977e-06,-0,-2.876213977e-06,0.0588964504,-8.676578831e-05,-0,-2.876213977e-06,-0,-2.876213977e-06,0.0588964504,-8.676578831e-05,0,0,0,0,0,0
3.92,1,1,5.129248259e-05,3.76304662e-05,-2.157160483e-06,6.615292148e-05,-0.007670383308,-5.344964308e-05,0,0,0,0,0,0,-0.007349323762,-0.004851624735,-0.004859154859,-0.000321059546,-0.004128805754,-0.02086441144,12.83476647,-0,0.1999459282,0.02086441144,-0.3253752423,-0.05299225766,1.007670383,-0.0004209516448,2.795831133,0.05299225766,0.0004209516448,2.523869099,2.523869099,0.03973523344,0.05047738199,9.587379924e-07,-1.917475985e-06,-0,-3.83495197e-06,0.05047738199,-8.724515731e-05,9.587379924e-07,-1.917475985e-06,-0,-3.83495197e-06,0.05047738199,-8.724515731e-05,0,0,0,0,0,0
3.93,1,1,5.201153609e-05,3.715109721e-05,-1.917475985e-06,6.495449899e-05,-0.007679251635,-5.368932758e-05,0,0,0,0,-0.001047197551,0,-0.007398082745,-0.004900149556,-0.004845787307,-0.0002811688896,-0.003614537618,-0.01866227472,12.83338662,-0,0.1998450562,0.01761507716,-0.3251962946,-0.04638675868,1.008726723,-0.0003769358691,2.500744812,0.04638675868,0.0003769358691,2.222312212,2.222312212,0.03969561153,0.04444624424,-4.793689962e-07,-9.587379924e-07,-4.793689962e-07,-1.438106989e-06,0.04444624424,-8.676578831e-05,-4.793689962e-07,-9.587379924e-07,-4.793689962e-07,-1.438106989e-06,0.04444624424,-8.676578831e-05,0,0,0,0,0,0
3.94,1,1,5.249090509e-05,3.715109721e-05,-2.396844981e-06,6.423544549e-05,-0.007694351758,-5.297027408e-05,0,0,0,0,-0.001047197551,0,-0.007447326306,-0.004948540038,-0.004832286905,-0.0002470254525,-0.003174361324,-0.0158754917,12.83103908,-0,0.1996732976,0.01482829415,-0.3166215906,-0.04073035419,1.008741823,-0.0003203388292,2.127315888,0.04073035419,0.0003203388292,1.85174499,1.85174499,0.03965600658,0.03703489981,-1.438106989e-06,-9.587379924e-07,4.793689962e-07,-0,0.03703489981,-8.82038953e-05,-1.438106989e-06,-9.587379924e-07,4.793689962e-07,-0,0.03703489981,-8.82038953e-05,0,0,0,0,0,0
3.95,1,1,5.440838107e-05,3.76304662e-05,-2.157160483e-06,6.567355248e-05,-0.007714005887,-5.320995858e-05,0,0,0,0,-0.001047197551,0,-0.007497053094,-0.004996794853,-0.004818654024,-0.0002169527933,-0.00278673796,-0.0134163033,12.82798723,-0,0.1994497321,0.01236910575,-0.3036930671,-0.03574823896,1.008761478,-0.0002704571766,1.797784642,0.03574823896,0.0002704571766,1.530110271,1.530110271,0.03961642465,0.03060220542,-5.273058958e-06,-1.917475985e-06,-0,-2.876213977e-06,0.03060220542,-8.772452631e-05,-5.273058958e-06,-1.917475985e-06,-0,-2.876213977e-06,0.03060220542,-8.772452631e-05,0,0,0,0,0,0
3.96,1,1,5.320995858e-05,3.643204371e-05,-2.396844981e-06,6.471481449e-05,-0.007731982224,-5.344964308e-05,0,0,0,0,-0.001047197551,0,-0.007547261746,-0.005044912678,-0.004804889037,-0.0001847204783,-0.002371732451,-0.01078515382,12.82519955,-0,0.1992452449,0.009737956269,-0.2960882946,-0.03041794195,1.008779454,-0.0002172068843,1.445210612,0.03041794195,0.0002172068843,1.179757466,1.179757466,0.03957686435,0.02359514932,-2.876213977e-06,4.793689962e-07,4.793689962e-07,-9.587379924e-07,0.02359514932,-8.724515731e-05,-2.876213977e-06,4.793689962e-07,4.793689962e-07,-9.587379924e-07,0.02359514932,-8.724515731e-05,0,0,0,0,0,0
3.97,1,1,5.297027408e-05,3.76304662e-05,-2.876213977e-06,6.495449899e-05,-0.007748999824,-5.320995858e-05,0.001047197551,0,0,0,-0.001047197551,0,-0.007597950886,-0.005092892194,-0.004790992321,-0.0001510489375,-0.001938606766,-0.008039941139,12.82256374,-0,0.1990516578,0.006992743587,-0.2921791404,-0.02485790883,1.008796472,-0.0001617635658,1.077352113,0.02485790883,0.0001617635658,0.8101926446,0.8101926446,0.03953732797,0.01620385289,-0.0001071166001,-1.917475985e-06,1.438106989e-06,-1.438106989e-06,0.01620385289,-8.772452631e-05,-0.0001071166001,-1.917475985e-06,1.438106989e-06,-1.438106989e-06,0.01620385289,-8.772452631e-05,0,0,0,0,0,0
3.98,1,1,5.201153609e-05,3.715109721e-05,-2.636529479e-06,6.591323698e-05,-0.007761463418,-5.320995858e-05,0,0,0,0,-0.001047197551,0,-0.007649119125,-0.005140732087,-0.004776964258,-0.0001123442931,-0.001441303806,-0.004893121042,12.82063527,-0,0.1989098721,0.003845923491,-0.2964458559,-0.01847843041,1.008808935,-9.835361642e-05,0.6556782196,0.01847843041,9.835361642e-05,0.3778091478,0.3778091478,0.03949781803,0.007556182955,-4.793689962e-07,-9.587379924e-07,9.587379924e-07,-3.355582973e-06,0.007556182955,-8.772452631e-05,-4.793689962e-07,-9.587379924e-07,9.587379924e-07,-3.355582973e-06,0.007556182955,-8.772452631e-05,0,0,0,0,0,0
3.99,1,1,5.201153609e-05,3.73907817e-05,-2.636529479e-06,6.591323698e-05,-0.007772009536,-5.392901207e-05,0,0,0,0,0,0,-0.007700765058,-0.005188431043,-0.004762805232,-7.124447733e-05,-0.0009136762004,-0.0005091115812,12.81900479,-0,0.1987898973,0.0005091115812,-0.3033787533,-0.01171241959,1.00777201,-1.020210535e-05,0.06822095188,0.01171241959,1.020210535e-05,-0.2234351798,-0.2234351798,0.03945833974,-0.004468703595,-4.793689962e-07,-1.438106989e-06,9.587379924e-07,-3.355582973e-06,-0.004468703595,-8.628641932e-05,-4.793689962e-07,-1.438106989e-06,9.587379924e-07,-3.355582973e-06,-0.004468703595,-8.628641932e-05,0,0,0,0,0,0
4,1,1,5.297027408e-05,3.73907817e-05,-2.636529479e-06,6.543386798e-05,-0.007783754076,-5.392901207e-05,0,0,0,0,-0.001047197551,0,-0.007752887271,-0.005235987756,-0.004748515631,-3.086680466e-05,-0.0003956993429,0.001720935538,12.81719044,-0,0.1986562863,-0.002768133089,-0.3079392734,-0.005071753834,1.008831226,3.452387754e-05,-0.2306053621,0.005071753834,-3.452387754e-05,-0.5335074055,-0.5335074055,0.03941889963,-0.01067014811,-2.396844981e-06,-1.438106989e-06,9.587379924e-07,-2.396844981e-06,-0.01067014811,-8.628641932e-05,-2.396844981e-06,-1.438106989e-06,9.587379924e-07,-2.396844981e-06,-0.01067014811,-8.628641932e-05,0,0,0,0,0,0
4.01,1,1,5.368932758e-05,3.667172821e-05,-2.636529479e-06,6.495449899e-05,-0.007795498616,-5.297027408e-05,0,0,0,0,0,0,-0.007805484335,-0.005283400922,-0.004734095848,9.985718482e-06,0.0001279630659,0.006081575429,12.81537756,-0,0.1985226727,-0.006081575429,-0.312341758,0.001639895003,1.007795499,0.0001216310849,-0.8149311074,-0.001639895003,-0.0001216310849,-1.129034391,-1.129034391,0.03937950284,-0.02258068783,-3.83495197e-06,-0,9.587379924e-07,-1.438106989e-06,-0.02258068783,-8.82038953e-05,-3.83495197e-06,-0,9.587379924e-07,-1.438106989e-06,-0.02258068783,-8.82038953e-05,0,0,0,0,0,0
4.02,1,1,5.273058958e-05,3.643204371e-05,-2.157160483e-06,6.567355248e-05,-0.007804606627,-5.344964308e-05,0,0,0,0,0,0,-0.007858554807,-0.00533066924,-0.004719546277,5.394817961e-05,0.0006910664139,0.009641670475,12.81397268,-0,0.1984190522,-0.009641670475,-0.3203393014,0.008855306148,1.007804607,0.0001926435429,-1.291983844,-0.008855306148,-0.0001926435429,-1.621371095,-1.621371095,0.03934015658,-0.0324274219,-1.917475985e-06,4.793689962e-07,-0,-2.876213977e-06,-0.0324274219,-8.724515731e-05,-1.917475985e-06,4.793689962e-07,-0,-2.876213977e-06,-0.0324274219,-8.724515731e-05,0,0,0,0,0,0
4.03,1,1,5.297027408e-05,3.667172821e-05,-2.876213977e-06,6.519418349e-05,-0.007812276531,-5.368932758e-05,0,0,0,0,0,0,-0.007912097233,-0.005377791416,-0.004704867317,9.982070128e-05,0.001278215716,0.01335223026,12.81279031,-0,0.1983317915,-0.01335223026,-0.3297458235,0.01637750994,1.007812277,0.0002665192778,-1.789198855,-0.01637750994,-0.0002665192778,-2.135588708,-2.135588708,0.03930086778,-0.04271177416,-2.396844981e-06,-0,1.438106989e-06,-1.917475985e-06,-0.04271177416,-8.676578831e-05,-2.396844981e-06,-0,1.438106989e-06,-1.917475985e-06,-0.04271177416,-8.676578831e-05,0,0,0,0,0,0
4.04,1,1,5.129248259e-05,3.643204371e-05,-2.876213977e-06,6.471481449e-05,-0.007818748013,-5.392901207e-05,0,0,0,0,0,0,-0.007966110144,-0.005424766157,-0.00469005937,0.0001473621311,0.00188630632,0.01719376593,12.81179318,-0,0.1982581644,-0.01719376593,-0.3397754926,0.02416696644,1.007818748,0.0003428607086,-2.303964635,-0.02416696644,-0.0003428607086,-2.668249955,-2.668249955,0.03926164475,-0.05336499909,9.587379924e-07,4.793689962e-07,1.438106989e-06,-9.587379924e-07,-0.05336499909,-8.628641932e-05,9.587379924e-07,4.793689962e-07,1.438106989e-06,-9.587379924e-07,-0.05336499909,-8.628641932e-05,0,0,0,0,0,0
4.05,1,1,5.249090509e-05,3.667172821e-05,-2.157160483e-06,6.567355248e-05,-0.007824260756,-5.344964308e-05,0,0,0,0,0,0,-0.00802059206,-0.005471592175,-0.004675122844,0.0001963313038,0.00251223516,0.0211468242,12.81094412,-0,0.1981954444,-0.0211468242,-0.3500162684,0.03218410426,1.007824261,0.000421272685,-2.833674443,-0.03218410426,-0.000421272685,-3.216296088,-3.216296088,0.03922249518,-0.06432592176,-1.438106989e-06,-0,-0,-2.876213977e-06,-0.06432592176,-8.724515731e-05,-1.438106989e-06,-0,-0,-2.876213977e-06,-0.06432592176,-8.724515731e-05,0,0,0,0,0,0
4.06,1,1,5.249090509e-05,3.715109721e-05,-2.876213977e-06,6.495449899e-05,-0.007836005297,-5.344964308e-05,0,0,0,0,-0.001047197551,0,-0.008075541487,-0.005518268186,-0.004660058146,0.0002395361907,0.003063862251,0.02359080586,12.80913635,-0,0.1980618216,-0.02463800341,-0.3498021024,0.03924542935,1.008883477,0.0004704791554,-3.161167986,-0.03924542935,-0.0004704791554,-3.550685996,-3.550685996,0.03918341756,-0.07101371993,-1.438106989e-06,-9.587379924e-07,1.438106989e-06,-1.438106989e-06,-0.07101371993,-8.724515731e-05,-1.438106989e-06,-9.587379924e-07,1.438106989e-06,-1.438106989e-06,-0.07101371993,-8.724515731e-05,0,0,0,0,0,0
4.07,1,1,5.249090509e-05,3.715109721e-05,-1.677791487e-06,6.519418349e-05,-0.007850146682,-5.392901207e-05,0,0,0,0,-0.001047197551,0,-0.008130956919,-0.005564792912,-0.004644865691,0.0002808102374,0.003590305175,0.02692623314,12.80696162,-0,0.1979009252,-0.02797343069,-0.3466876497,0.04598090057,1.008897618,0.0005364791765,-3.608115241,-0.04598090057,-0.0005364791765,-4.001320271,-4.001320271,0.0391444182,-0.08002640541,-1.438106989e-06,-9.587379924e-07,-9.587379924e-07,-1.917475985e-06,-0.08002640541,-8.628641932e-05,-1.438106989e-06,-9.587379924e-07,-9.587379924e-07,-1.917475985e-06,-0.08002640541,-8.628641932e-05,0,0,0,0,0,0
4.08,1,1,5.225122059e-05,3.73907817e-05,-2.157160483e-06,6.447512999e-05,-0.007865246805,-5.416869657e-05,0,0,0,0,-0.001047197551,0,-0.008186836837,-0.005611165076,-0.004629545894,0.0003215900316,0.004109964556,0.0302205373,12.8046418,-0,0.1977291163,-0.03126773485,-0.3437177692,0.05262662396,1.008912719,0.0006015343642,-4.049551998,-0.05262662396,-0.0006015343642,-4.446497925,-4.446497925,0.03910550418,-0.08892995851,-9.587379924e-07,-1.438106989e-06,-0,-4.793689962e-07,-0.08892995851,-8.580705032e-05,-9.587379924e-07,-1.438106989e-06,-0,-4.793689962e-07,-0.08892995851,-8.580705032e-05,0,0,0,0,0,0
4.09,1,1,5.201153609e-05,3.76304662e-05,-2.636529479e-06,6.543386798e-05,-0.007880346929,-5.344964308e-05,0,0,0,0.001047197551,0,0,-0.008243179708,-0.005657383407,-0.004614099176,0.0003628327794,0.004635091645,0.03459716323,12.80232443,-0,0.197557303,-0.03459716323,-0.3416571342,0.059339947,1.007880347,0.0006865592588,-4.636019873,-0.059339947,-0.0006865592588,-5.037703513,-5.037703513,0.03906667828,-0.1007540703,-4.793689962e-07,-1.917475985e-06,9.587379924e-07,-0.0001071166001,-0.1007540703,-8.724515731e-05,-4.793689962e-07,-1.917475985e-06,9.587379924e-07,-0.0001071166001,-0.1007540703,-8.724515731e-05,0,0,0,0,0,0
4.1,1,1,5.320995858e-05,3.76304662e-05,-2.396844981e-06,6.543386798e-05,-0.007894967683,-5.392901207e-05,0,0,0,0,-0.001047197551,0,-0.008299983988,-0.005703446638,-0.00459852596,0.000405016305,0.005171792843,0.03695248149,12.80008295,-0,0.1973909399,-0.03799967904,-0.3415031667,0.06619937742,1.008942439,0.0007341168248,-4.951632519,-0.06619937742,-0.0007341168248,-5.36006918,-5.36006918,0.03902794998,-0.1072013836,-2.876213977e-06,-1.917475985e-06,4.793689962e-07,-2.396844981e-06,-0.1072013836,-8.628641932e-05,-2.876213977e-06,-1.917475985e-06,4.793689962e-07,-2.396844981e-06,-0.1072013836,-8.628641932e-05,0,0,0,0,0,0
4.11,1,1,5.344964308e-05,3.78701507e-05,-1.677791487e-06,6.519418349e-05,-0.007908150331,-5.368932758e-05,0,0,0,0,-0.001047197551,0,-0.00835724812,-0.005749353506,-0.004582826673,0.0004490977892,0.005732305196,0.0405040799,12.79806391,-0,0.1972409368,-0.04155127746,-0.3440847003,0.07336240826,1.008955622,0.0008038991728,-5.427546707,-0.07336240826,-0.0008038991728,-5.845797715,-5.845797715,0.03898932446,-0.1169159543,-3.355582973e-06,-2.396844981e-06,-9.587379924e-07,-1.917475985e-06,-0.1169159543,-8.676578831e-05,-3.355582973e-06,-2.396844981e-06,-9.587379924e-07,-1.917475985e-06,-0.1169159543,-8.676578831e-05,0,0,0,0,0,0
4.12,1,1,5.320995858e-05,3.73907817e-05,-2.636529479e-06,6.567355248e-05,-0.007923969507,-5.368932758e-05,0,0,0,0,-0.002094395102,0,-0.008414970533,-0.005795102752,-0.004567001746,0.0004910010254,0.00626445137,0.04283343456,12.79564351,-0,0.1970609287,-0.04492782966,-0.3426107744,0.08015768654,1.010019461,0.0008510828247,-5.739680231,-0.08015768654,-0.0008510828247,-6.163299775,-6.163299775,0.03895081318,-0.1232659955,-2.876213977e-06,-1.438106989e-06,9.587379924e-07,-2.876213977e-06,-0.1232659955,-8.676578831e-05,-2.876213977e-06,-1.438106989e-06,9.587379924e-07,-2.876213977e-06,-0.1232659955,-8.676578831e-05,0,0,0,0,0,0
4.13,1,1,5.249090509e-05,3.715109721e-05,-2.876213977e-06,6.519418349e-05,-0.007949376064,-5.416869657e-05,0,0,0,0,-0.002094395102,0,-0.008473149645,-0.005840693123,-0.004551051612,0.0005237735809,0.006679303312,0.04548298803,12.79176181,-0,0.1967718146,-0.04757738313,-0.3283242196,0.08544005701,1.010044868,0.0009028819987,-6.094720396,-0.08544005701,-0.0009028819987,-6.509387554,-6.509387554,0.03891238288,-0.1301877511,-1.438106989e-06,-9.587379924e-07,1.438106989e-06,-1.917475985e-06,-0.1301877511,-8.580705032e-05,-1.438106989e-06,-9.587379924e-07,1.438106989e-06,-1.917475985e-06,-0.1301877511,-8.580705032e-05,0,0,0,0,0,0
4.14,1,1,5.153216709e-05,3.73907817e-05,-1.917475985e-06,6.495449899e-05,-0.007981254102,-5.368932758e-05,0,0,0,0,-0.003141592654,0,-0.008531783862,-0.005886123369,-0.004534976709,0.0005505297591,0.007016784462,0.04660650066,12.78690112,-0,0.1964090406,-0.04974809331,-0.3078674137,0.0897229291,1.011125314,0.0009262513871,-6.245271088,-0.0897229291,-0.0009262513871,-6.643787682,-6.643787682,0.03887403244,-0.1328757536,4.793689962e-07,-1.438106989e-06,-4.793689962e-07,-1.438106989e-06,-0.1328757536,-8.676578831e-05,4.793689962e-07,-1.438106989e-06,-4.793689962e-07,-1.438106989e-06,-0.1328757536,-8.676578831e-05,0,0,0,0,0,0
4.15,1,1,5.201153609e-05,3.715109721e-05,-2.157160483e-06,6.567355248e-05,-0.008015049617,-5.320995858e-05,0,0,0,0,-0.003141592654,0,-0.008590871575,-0.005931392243,-0.004518777477,0.0005758219579,0.007335165409,0.04866021924,12.78175991,-0,0.1960244242,-0.0518018119,-0.289177317,0.09375632312,1.01115911,0.0009661790797,-6.520469378,-0.09375632312,-0.0009661790797,-6.904369198,-6.904369198,0.03883576027,-0.138087384,-4.793689962e-07,-9.587379924e-07,-0,-2.876213977e-06,-0.138087384,-8.772452631e-05,-4.793689962e-07,-9.587379924e-07,-0,-2.876213977e-06,-0.138087384,-8.772452631e-05,0,0,0,0,0,0
4.16,1,1,5.225122059e-05,3.78701507e-05,-2.876213977e-06,6.567355248e-05,-0.008045010179,-5.320995858e-05,0,0.001047197551,0,0,-0.003141592654,0,-0.008650411164,-0.005976498505,-0.00450245436,0.0006054009854,0.00770794266,0.05105343559,12.77721227,-0,0.1956834339,-0.05419502825,-0.2800610431,0.09848601956,1.01118907,0.001012761561,-6.84116037,-0.09848601956,-0.001012761561,-7.220720194,-7.220720194,0.03879759568,-0.1444144039,-9.587379924e-07,-0.0001071166001,1.438106989e-06,-2.876213977e-06,-0.1444144039,-8.772452631e-05,-9.587379924e-07,-0.0001071166001,1.438106989e-06,-2.876213977e-06,-0.1444144039,-8.772452631e-05,0,0,0,0,0,0
4.17,1,1,5.249090509e-05,3.76304662e-05,-2.636529479e-06,6.567355248e-05,-0.008083120014,-5.392901207e-05,0,0,0,0,-0.004188790205,0,-0.008710400999,-0.006021440919,-0.004486007807,0.0006272809844,0.007981966674,0.0517877533,12.7714415,-0,0.1952496693,-0.0559765435,-0.2610930826,0.1019412204,1.012276297,0.001028527996,-6.939558942,-0.1019412204,-0.001028527996,-7.303621773,-7.303621773,0.03875950711,-0.1460724355,-1.438106989e-06,-1.917475985e-06,9.587379924e-07,-2.876213977e-06,-0.1460724355,-8.628641932e-05,-1.438106989e-06,-1.917475985e-06,9.587379924e-07,-2.876213977e-06,-0.1460724355,-8.628641932e-05,0,0,0,0,0,0
4.18,1,1,5.201153609e-05,3.691141271e-05,-2.157160483e-06,6.567355248e-05,-0.008134652181,-5.392901207e-05,0,0,0,0,-0.005235987756,0,-0.008770839432,-0.006066218251,-0.004469438267,0.0006361872512,0.008090041932,0.05149239766,12.76366282,-0,0.1946630881,-0.05672838541,-0.2267855179,0.1032585674,1.013377494,0.00102388198,-6.899981286,-0.1032585674,-0.00102388198,-7.231049253,-7.231049253,0.03872144921,-0.1446209851,-4.793689962e-07,-4.793689962e-07,-0,-2.876213977e-06,-0.1446209851,-8.628641932e-05,-4.793689962e-07,-4.793689962e-07,-0,-2.876213977e-06,-0.1446209851,-8.628641932e-05,0,0,0,0,0,0
4.19,1,1,5.201153609e-05,3.691141271e-05,-2.396844981e-06,6.519418349e-05,-0.008190978038,-5.320995858e-05,0,0,0,0,-0.006283185307,0,-0.008831724809,-0.006110829276,-0.004452746195,0.0006407467709,0.008142504053,0.05085203258,12.75519281,-0,0.1940218831,-0.05713521789,-0.1926560349,0.1038592091,1.014484033,0.001012363405,-6.814172366,-0.1038592091,-0.001012363405,-7.111699973,-7.111699973,0.0386834322,-0.1422339995,-4.793689962e-07,-4.793689962e-07,4.793689962e-07,-1.917475985e-06,-0.1422339995,-8.772452631e-05,-4.793689962e-07,-4.793689962e-07,4.793689962e-07,-1.917475985e-06,-0.1422339995,-8.772452631e-05,0,0,0,0,0,0
4.2,1,1,5.249090509e-05,3.73907817e-05,-2.636529479e-06,6.567355248e-05,-0.008260246858,-5.368932758e-05,0,0,0,0,-0.007330382858,0,-0.00889305546,-0.006155272768,-0.004435932049,0.0006328086013,0.008035576428,0.04922004903,12.74482261,-0,0.1932332547,-0.05655043189,-0.1465386029,0.1024119962,1.015604063,0.0009810737518,-6.59548657,-0.1024119962,-0.0009810737518,-6.845418243,-6.845418243,0.03864541906,-0.1369083649,-1.438106989e-06,-1.438106989e-06,9.587379924e-07,-2.876213977e-06,-0.1369083649,-8.676578831e-05,-1.438106989e-06,-1.438106989e-06,9.587379924e-07,-2.876213977e-06,-0.1369083649,-8.676578831e-05,0,0,0,0,0,0
4.21,1,1,5.201153609e-05,3.715109721e-05,-2.157160483e-06,6.495449899e-05,-0.008339822112,-5.464806557e-05,0,0,0,0,-0.00837758041,0,-0.008954829702,-0.006199547511,-0.00441899629,0.0006150075905,0.007803197777,0.0468051826,12.7329721,-0,0.1923271748,-0.05518276301,-0.09442254353,0.09935789956,1.016734948,0.0009340986804,-6.271894469,-0.09935789956,-0.0009340986804,-6.466609011,-6.466609011,0.03860739613,-0.1293321802,-4.793689962e-07,-9.587379924e-07,-0,-1.438106989e-06,-0.1293321802,-8.484831233e-05,-4.793689962e-07,-9.587379924e-07,-0,-1.438106989e-06,-0.1293321802,-8.484831233e-05,0,0,0,0,0,0
4.22,1,1,5.225122059e-05,3.595267472e-05,-2.396844981e-06,6.543386798e-05,-0.008426348215,-5.392901207e-05,0,0,0,0,-0.007330382858,0,-0.009017045843,-0.00624365229,-0.004401939381,0.0005906976278,0.007488381124,0.04596750872,12.72016229,-0,0.1913418137,-0.05329789158,-0.04263017347,0.09525342317,1.015770165,0.0009147386193,-6.159646169,-0.09525342317,-0.0009147386193,-6.298444504,-6.298444504,0.03856935005,-0.1259688901,-9.587379924e-07,1.438106989e-06,4.793689962e-07,-2.396844981e-06,-0.1259688901,-8.628641932e-05,-9.587379924e-07,1.438106989e-06,4.793689962e-07,-2.396844981e-06,-0.1259688901,-8.628641932e-05,0,0,0,0,0,0
4.23,1,1,5.273058958e-05,3.595267472e-05,-2.157160483e-06,6.543386798e-05,-0.008507361576,-5.344964308e-05,0,0,0,0,-0.006283185307,0,-0.009079702177,-0.006287585897,-0.004384761792,0.0005723406015,0.007249734914,0.0456017047,12.70824006,-0,0.1904191043,-0.05188489001,-0.009319430763,0.09213137163,1.014800416,0.000904834343,-6.11062843,-0.09213137163,-0.000904834343,-6.212984067,-6.212984067,0.03853132041,-0.1242596813,-1.917475985e-06,1.438106989e-06,-0,-2.396844981e-06,-0.1242596813,-8.724515731e-05,-1.917475985e-06,1.438106989e-06,-0,-2.396844981e-06,-0.1242596813,-8.724515731e-05,0,0,0,0,0,0
4.24,1,1,5.249090509e-05,3.643204371e-05,-2.636529479e-06,6.447512999e-05,-0.008568960492,-5.416869657e-05,0,0,0,0,-0.004188790205,0,-0.009142796987,-0.006331347125,-0.004367463991,0.0005738364948,0.007263552203,0.04785908244,12.69922106,-0,0.1897174354,-0.05204787264,-0.01116455191,0.0922414551,1.012762137,0.0009448826321,-6.413117047,-0.0922414551,-0.0009448826321,-6.517467937,-6.517467937,0.03849335916,-0.1303493587,-1.438106989e-06,4.793689962e-07,9.587379924e-07,-4.793689962e-07,-0.1303493587,-8.580705032e-05,-1.438106989e-06,4.793689962e-07,9.587379924e-07,-4.793689962e-07,-0.1303493587,-8.580705032e-05,0,0,0,0,0,0
4.25,1,1,5.273058958e-05,3.76304662e-05,-2.396844981e-06,6.423544549e-05,-0.008602036953,-5.368932758e-05,0,0,0,0,-0.001047197551,0,-0.009206328541,-0.006374934777,-0.004350046455,0.0006042915887,0.007644888645,0.05346250589,12.69439459,-0,0.1893406346,-0.05450970344,-0.05472932519,0.09704723305,1.009649509,0.001048001971,-7.163975789,-0.09704723305,-0.001048001971,-7.316800349,-7.316800349,0.03845553862,-0.146336007,-1.917475985e-06,-1.917475985e-06,4.793689962e-07,-0,-0.146336007,-8.676578831e-05,-1.917475985e-06,-1.917475985e-06,4.793689962e-07,-0,-0.146336007,-8.676578831e-05,0,0,0,0,0,0
4.26,1,1,5.297027408e-05,3.715109721e-05,-2.636529479e-06,6.543386798e-05,-0.008615698969,-5.344964308e-05,0,0,0,0,0,0,-0.0092702951,-0.006418347657,-0.00433250966,0.0006545961306,0.008277690904,0.05854541609,12.69240439,-0,0.1891849936,-0.05854541609,-0.1187803727,0.1050638004,1.008615699,0.001144169553,-7.845085756,-0.1050638004,-0.001144169553,-8.070074099,-8.070074099,0.03841789737,-0.161401482,-2.396844981e-06,-9.587379924e-07,9.587379924e-07,-2.396844981e-06,-0.161401482,-8.724515731e-05,-2.396844981e-06,-9.587379924e-07,9.587379924e-07,-2.396844981e-06,-0.161401482,-8.724515731e-05,0,0,0,0,0,0
4.27,1,1,5.177185159e-05,3.83495197e-05,-2.876213977e-06,6.591323698e-05,-0.008625046664,-5.344964308e-05,0,0,0,0,0,0,-0.009334694908,-0.006461584575,-0.004314854087,0.0007096482435,0.008970159022,0.06295515843,12.6910438,-0,0.1890785003,-0.06295515843,-0.1777244541,0.113840681,1.008625047,0.00122917273,-8.435991229,-0.113840681,-0.00122917273,-8.728785537,-8.728785537,0.03838042706,-0.1745757107,-0,-3.355582973e-06,1.438106989e-06,-3.355582973e-06,-0.1745757107,-8.724515731e-05,-0,-3.355582973e-06,1.438106989e-06,-3.355582973e-06,-0.1745757107,-8.724515731e-05,0,0,0,0,0,0
4.28,1,1,5.201153609e-05,3.715109721e-05,-2.157160483e-06,6.495449899e-05,-0.008630559408,-5.392901207e-05,0,0,0,0,0,0,-0.009399526201,-0.006504644344,-0.00429708022,0.0007689667927,0.009716160986,0.06770011632,12.69024183,-0,0.1890156959,-0.06770011632,-0.232022365,0.1233004326,1.008630559,0.001320546334,-9.071815587,-0.1233004326,-0.001320546334,-9.428458931,-9.428458931,0.0383431571,-0.1885691786,-4.793689962e-07,-9.587379924e-07,-0,-1.438106989e-06,-0.1885691786,-8.628641932e-05,-4.793689962e-07,-9.587379924e-07,-0,-1.438106989e-06,-0.1885691786,-8.628641932e-05,0,0,0,0,0,0
4.29,1,1,5.201153609e-05,3.667172821e-05,-2.876213977e-06,6.567355248e-05,-0.008641105526,-5.368932758e-05,0,0,0,0,-0.001047197551,0,-0.0094647872,-0.006547525786,-0.004279188546,0.0008236816746,0.01040312311,0.07103017108,12.68870851,-0,0.1888955466,-0.07207736863,-0.2695707685,0.1320021968,1.009688577,0.001387066057,-9.518042925,-0.1320021968,-0.001387066057,-9.921002956,-9.921002956,0.03830605424,-0.1984200591,-4.793689962e-07,-0,1.438106989e-06,-2.876213977e-06,-0.1984200591,-8.676578831e-05,-4.793689962e-07,-0,1.438106989e-06,-2.876213977e-06,-0.1984200591,-8.676578831e-05,0,0,0,0,0,0
4.3,1,1,5.344964308e-05,3.643204371e-05,-2.157160483e-06,6.495449899e-05,-0.008654048489,-5.368932758e-05,0,0,0,0,-0.001047197551,0,-0.009530476118,-0.006590227724,-0.004261179556,0.0008764276293,0.01106448605,0.07524890385,12.6868283,-0,0.1887480879,-0.0762961014,-0.2973561755,0.1403732348,1.00970152,0.001468070231,-10.08335312,-0.1403732348,-0.001468070231,-10.5225506,-10.5225506,0.03826915175,-0.2104510119,-3.355582973e-06,4.793689962e-07,-0,-1.438106989e-06,-0.2104510119,-8.676578831e-05,-3.355582973e-06,4.793689962e-07,-0,-1.438106989e-06,-0.2104510119,-8.676578831e-05,0,0,0,0,0,0
4.31,1,1,5.297027408e-05,3.691141271e-05,-1.917475985e-06,6.543386798e-05,-0.008674421671,-5.416869657e-05,0,0,0,0,-0.001047197551,0,-0.009596591153,-0.006632748988,-0.004243053744,0.0009221694816,0.01163638756,0.07891121697,12.68387226,-0,0.1885159706,-0.07995841452,-0.3096859278,0.1475944534,1.009721893,0.001538103566,-10.57410307,-0.1475944534,-0.001538103566,-11.03292156,-11.03292156,0.03823240859,-0.2206584312,-2.396844981e-06,-4.793689962e-07,-4.793689962e-07,-2.396844981e-06,-0.2206584312,-8.580705032e-05,-2.396844981e-06,-4.793689962e-07,-4.793689962e-07,-2.396844981e-06,-0.2206584312,-8.580705032e-05,0,0,0,0,0,0
4.32,1,1,5.201153609e-05,3.715109721e-05,-2.396844981e-06,6.543386798e-05,-0.008705340971,-5.416869657e-05,0,0,0,0,-0.004188790205,0,-0.009663130492,-0.006675088411,-0.004224811607,0.0009577895203,0.01207935373,0.07862992416,12.67939431,-0,0.1881636839,-0.08281871436,-0.3049444447,0.1531588889,1.012898518,0.001540801751,-10.53640984,-0.1531588889,-0.001540801751,-10.99605397,-10.99605397,0.03819578169,-0.2199210794,-4.793689962e-07,-9.587379924e-07,4.793689962e-07,-2.396844981e-06,-0.2199210794,-8.580705032e-05,-4.793689962e-07,-9.587379924e-07,4.793689962e-07,-2.396844981e-06,-0.2199210794,-8.580705032e-05,0,0,0,0,0,0
4.33,1,1,5.129248259e-05,3.667172821e-05,-2.636529479e-06,6.591323698e-05,-0.008750401657,-5.297027408e-05,0,0,0,0,-0.004188790205,0,-0.009730092311,-0.006717244834,-0.004206453644,0.0009796906539,0.0123479312,0.08040486198,12.67288618,-0,0.1876502422,-0.08459365219,-0.2813395528,0.1564839266,1.012943578,0.001574215106,-10.77425151,-0.1564839266,-0.001574215106,-11.2136492,-11.2136492,0.038159239,-0.224272984,9.587379924e-07,-0,9.587379924e-07,-3.355582973e-06,-0.224272984,-8.82038953e-05,9.587379924e-07,-0,9.587379924e-07,-3.355582973e-06,-0.224272984,-8.82038953e-05,0,0,0,0,0,0
4.34,1,1,5.129248259e-05,3.715109721e-05,-2.636529479e-06,6.471481449e-05,-0.008806487829,-5.249090509e-05,0,0,0,0,-0.005235987756,0,-0.009797474774,-0.0067592171,-0.004187980359,0.0009909869449,0.01248182519,0.08029407979,12.66481519,-0,0.1870111188,-0.08553006754,-0.247225067,0.1580800093,1.014049329,0.001573973312,-10.75940669,-0.1580800093,-0.001573973312,-11.16628574,-11.16628574,0.03812274171,-0.2233257148,9.587379924e-07,-9.587379924e-07,9.587379924e-07,-9.587379924e-07,-0.2233257148,-8.91626333e-05,9.587379924e-07,-9.587379924e-07,9.587379924e-07,-9.587379924e-07,-0.2233257148,-8.91626333e-05,0,0,0,0,0,0
4.35,1,1,5.249090509e-05,3.76304662e-05,-2.396844981e-06,6.615292148e-05,-0.00886137558,-5.297027408e-05,0,0,0,0,-0.005235987756,0,-0.009865276035,-0.006801004058,-0.004169392258,0.001003900456,0.01263597603,0.08135808267,12.65694835,-0,0.1863855959,-0.08659407043,-0.2214287317,0.159932896,1.014104217,0.001593479065,-10.90198308,-0.159932896,-0.001593479065,-11.28493819,-11.28493819,0.03808631753,-0.2256987637,-1.438106989e-06,-1.917475985e-06,4.793689962e-07,-3.83495197e-06,-0.2256987637,-8.82038953e-05,-1.438106989e-06,-1.917475985e-06,4.793689962e-07,-3.83495197e-06,-0.2256987637,-8.82038953e-05,0,0,0,0,0,0
4.36,1,1,5.225122059e-05,3.715109721e-05,-2.157160483e-06,6.567355248e-05,-0.008928247554,-5.297027408e-05,0,0,0,0,-0.006283185307,0,-0.009933494234,-0.006842604564,-0.004150689852,0.00100524668,0.0126435836,0.08046062874,12.64740615,-0,0.1856234214,-0.08674381404,-0.1834732374,0.1599085369,1.015221302,0.001577866225,-10.78172425,-0.1599085369,-0.001577866225,-11.12668389,-11.12668389,0.03804992298,-0.2225336778,-9.587379924e-07,-9.587379924e-07,-0,-2.876213977e-06,-0.2225336778,-8.82038953e-05,-9.587379924e-07,-9.587379924e-07,-0,-2.876213977e-06,-0.2225336778,-8.82038953e-05,0,0,0,0,0,0
4.37,1,1,5.249090509e-05,3.643204371e-05,-2.396844981e-06,6.519418349e-05,-0.008992722684,-5.273058958e-05,0,0,0,0,-0.007330382858,0,-0.0100021275,-0.006884017476,-0.004131873652,0.001009404817,0.01268669315,0.07978522556,12.63824986,-0,0.1848884878,-0.08711560842,-0.1565879552,0.1603375978,1.016336539,0.001566563061,-10.69122023,-0.1603375978,-0.001566563061,-11.00971234,-11.00971234,0.03801357961,-0.2201942468,-1.438106989e-06,4.793689962e-07,4.793689962e-07,-1.917475985e-06,-0.2201942468,-8.86832643e-05,-1.438106989e-06,4.793689962e-07,4.793689962e-07,-1.917475985e-06,-0.2201942468,-8.86832643e-05,0,0,0,0,0,0
4.38,1,1,5.153216709e-05,3.667172821e-05,-2.157160483e-06,6.495449899e-05,-0.009065107403,-5.344964308e-05,0,0,0,0,-0.005235987756,0,-0.01007117395,-0.00692524166,-0.004112944175,0.001006066552,0.01263504718,0.08165884422,12.62802156,-0,0.184063305,-0.08689483197,-0.124019859,0.1595556482,1.014307949,0.001595430199,-10.94228513,-0.1595556482,-0.001595430199,-11.22745606,-11.22745606,0.03797724416,-0.2245491213,4.793689962e-07,-0,-0,-1.438106989e-06,-0.2245491213,-8.724515731e-05,4.793689962e-07,-0,-0,-1.438106989e-06,-0.2245491213,-8.724515731e-05,0,0,0,0,0,0
4.39,1,1,5.249090509e-05,3.667172821e-05,-2.157160483e-06,6.567355248e-05,-0.009124069789,-5.344964308e-05,0,0,0,0,-0.005235987756,0,-0.0101406317,-0.006966275984,-0.004093901939,0.001016561912,0.01275802406,0.08253114191,12.61972989,-0,0.1833910661,-0.08776712967,-0.1175466993,0.1610028175,1.014366911,0.001611121334,-11.05917302,-0.1610028175,-0.001611121334,-11.33933365,-11.33933365,0.03794100371,-0.2267866731,-1.438106989e-06,-0,-0,-2.876213977e-06,-0.2267866731,-8.724515731e-05,-1.438106989e-06,-0,-0,-2.876213977e-06,-0.2267866731,-8.724515731e-05,0,0,0,0,0,0
4.4,1,1,5.177185159e-05,3.73907817e-05,-2.396844981e-06,6.471481449e-05,-0.009172725743,-5.392901207e-05,0,0,0,0,-0.003141592654,0,-0.01021049884,-0.007007119324,-0.004074747467,0.001037773095,0.01301595481,0.08634432862,12.61291456,-0,0.1828362852,-0.08948592127,-0.1279924036,0.164169126,1.012316786,0.001677155693,-11.57014003,-0.164169126,-0.001677155693,-11.86397872,-11.86397872,0.03790490739,-0.2372795744,-0,-1.438106989e-06,4.793689962e-07,-9.587379924e-07,-0.2372795744,-8.628641932e-05,-0,-1.438106989e-06,4.793689962e-07,-9.587379924e-07,-0.2372795744,-8.628641932e-05,0,0,0,0,0,0
4.41,1,1,5.201153609e-05,3.73907817e-05,-1.438106989e-06,6.543386798e-05,-0.00920987684,-5.392901207e-05,0,0,0,0,-0.003141592654,0,-0.01028077345,-0.007047770561,-0.004055481283,0.001070896608,0.01342370514,0.08900360386,12.60772715,-0,0.1824126553,-0.09214519652,-0.1531671366,0.1692424117,1.012353937,0.001727297843,-11.92648292,-0.1692424117,-0.001727297843,-12.25061976,-12.25061976,0.03786899487,-0.2450123953,-4.793689962e-07,-1.438106989e-06,-1.438106989e-06,-2.396844981e-06,-0.2450123953,-8.628641932e-05,-4.793689962e-07,-1.438106989e-06,-1.438106989e-06,-2.396844981e-06,-0.2450123953,-8.628641932e-05,0,0,0,0,0,0
4.42,1,1,5.273058958e-05,3.76304662e-05,-2.396844981e-06,6.543386798e-05,-0.009249424782,-5.416869657e-05,0,0,0,0,-0.003141592654,0,-0.0103514536,-0.007088228579,-0.004036103917,0.001102028823,0.01380585805,0.09150472316,12.60222065,-0,0.1819616673,-0.09464631582,-0.1711116061,0.1739844694,1.012393485,0.001774297606,-12.2616329,-0.1739844694,-0.001774297606,-12.60850328,-12.60850328,0.03783321937,-0.2521700655,-1.917475985e-06,-1.917475985e-06,4.793689962e-07,-2.396844981e-06,-0.2521700655,-8.580705032e-05,-1.917475985e-06,-1.917475985e-06,4.793689962e-07,-2.396844981e-06,-0.2521700655,-8.580705032e-05,0,0,0,0,0,0
4.43,1,1,5.297027408e-05,3.715109721e-05,-1.917475985e-06,6.567355248e-05,-0.009273872601,-5.320995858e-05,0,0,0,0,-0.001047197551,0,-0.01042253737,-0.00712849227,-0.004016615899,0.001148664771,0.01438284087,0.09732302967,12.59882468,-0,0.1816828607,-0.09837022722,-0.2082503995,0.1812068904,1.010321344,0.001877632578,-13.04128598,-0.1812068904,-0.001877632578,-13.4326209,-13.4326209,0.03779769157,-0.268652418,-2.396844981e-06,-9.587379924e-07,-4.793689962e-07,-2.876213977e-06,-0.268652418,-8.772452631e-05,-2.396844981e-06,-9.587379924e-07,-4.793689962e-07,-2.876213977e-06,-0.268652418,-8.772452631e-05,0,0,0,0,0,0
4.44,1,1,5.273058958e-05,3.667172821e-05,-2.876213977e-06,6.663229047e-05,-0.009286575879,-5.273058958e-05,0,0,0,0,0,0,-0.0104940228,-0.00716856053,-0.003997017763,0.00120744692,0.01511219661,0.1030503265,12.59706252,-0,0.1815379864,-0.1030503265,-0.2560873752,0.1903692855,1.009286576,0.001982207463,-13.80874375,-0.1903692855,-0.001982207463,-14.25718261,-14.25718261,0.03776247192,-0.2851436523,-1.917475985e-06,-0,1.438106989e-06,-4.793689962e-06,-0.2851436523,-8.86832643e-05,-1.917475985e-06,-0,1.438106989e-06,-4.793689962e-06,-0.2851436523,-8.86832643e-05,0,0,0,0,0,0
4.45,1,1,5.153216709e-05,3.691141271e-05,-2.396844981e-06,6.519418349e-05,-0.009298080735,-5.297027408e-05,0,0,0,0,-0.001047197551,0,-0.01056590793,-0.00720843226,-0.003977310047,0.001267827192,0.01586099049,0.1068063133,12.59546803,-0,0.181406777,-0.1078535109,-0.2970419455,0.1997765987,1.010345552,0.002056863607,-14.31204598,-0.1997765987,-0.002056863607,-14.81092139,-14.81092139,0.03772755115,-0.2962184279,4.793689962e-07,-4.793689962e-07,4.793689962e-07,-1.917475985e-06,-0.2962184279,-8.82038953e-05,4.793689962e-07,-4.793689962e-07,4.793689962e-07,-1.917475985e-06,-0.2962184279,-8.82038953e-05,0,0,0,0,0,0
4.46,1,1,5.201153609e-05,3.715109721e-05,-2.636529479e-06,6.615292148e-05,-0.009309106222,-5.249090509e-05,0,0,0,0,-0.001047197551,0,-0.01063819079,-0.007248106368,-0.003957493291,0.001329084563,0.01662012933,0.1116755707,12.59394126,-0,0.1812810324,-0.1127227683,-0.3318328606,0.2093129325,1.010356578,0.002148706042,-14.96452647,-0.2093129325,-0.002148706042,-15.50782097,-15.50782097,0.03769291361,-0.3101564195,-4.793689962e-07,-9.587379924e-07,9.587379924e-07,-3.83495197e-06,-0.3101564195,-8.91626333e-05,-4.793689962e-07,-9.587379924e-07,9.587379924e-07,-3.83495197e-06,-0.3101564195,-8.91626333e-05,0,0,0,0,0,0
4.47,1,1,5.201153609e-05,3.78701507e-05,-2.157160483e-06,6.615292148e-05,-0.009323247607,-5.273058958e-05,0,0,0,0,-0.001047197551,0,-0.01071086939,-0.007287581764,-0.003937568038,0.001387621784,0.0173443068,0.1163276515,12.59198483,-0,0.1811197482,-0.117374849,-0.356206778,0.2183992481,1.010370719,0.002236237031,-15.5879053,-0.2183992481,-0.002236237031,-16.16474756,-16.16474756,0.03765857809,-0.3232949512,-4.793689962e-07,-2.396844981e-06,-0,-3.83495197e-06,-0.3232949512,-8.86832643e-05,-4.793689962e-07,-2.396844981e-06,-0,-3.83495197e-06,-0.3232949512,-8.86832643e-05,0,0,0,0,0,0
4.48,1,1,5.177185159e-05,3.691141271e-05,-2.396844981e-06,6.567355248e-05,-0.00933619057,-5.368932758e-05,0,0,0,0,0,0,-0.01078394175,-0.007326857369,-0.003917534835,0.001447751184,0.01808782634,0.122149402,12.59019599,-0,0.180972129,-0.122149402,-0.3784788401,0.2277292788,1.009336191,0.002341226729,-16.36801986,-0.2277292788,-0.002341226729,-16.97656921,-16.97656921,0.03762455639,-0.3395313842,-0,-4.793689962e-07,4.793689962e-07,-2.876213977e-06,-0.3395313842,-8.676578831e-05,-0,-4.793689962e-07,4.793689962e-07,-2.876213977e-06,-0.3395313842,-8.676578831e-05,0,0,0,0,0,0
4.49,1,1,5.201153609e-05,3.715109721e-05,-2.636529479e-06,6.495449899e-05,-0.009354646277,-5.297027408e-05,0,0,0,0,-0.002094395102,0,-0.01085740587,-0.007365932103,-0.003897394231,0.001502759593,0.01876616891,0.1244240896,12.58764821,-0,0.1807616297,-0.1265184847,-0.388970576,0.2362219326,1.011450138,0.002392677482,-16.67282801,-0.2362219326,-0.002392677482,-17.30041319,-17.30041319,0.03759082637,-0.3460082639,-4.793689962e-07,-9.587379924e-07,9.587379924e-07,-1.438106989e-06,-0.3460082639,-8.82038953e-05,-4.793689962e-07,-9.587379924e-07,9.587379924e-07,-1.438106989e-06,-0.3460082639,-8.82038953e-05,0,0,0,0,0,0
4.5,1,1,5.129248259e-05,3.78701507e-05,-2.396844981e-06,6.471481449e-05,-0.009377416304,-5.273058958e-05,0,0,0,0,-0.001047197551,0,-0.01093125972,-0.007404804897,-0.003877146778,0.001553843419,0.01939442634,0.1295296394,12.58450966,-0,0.1805019146,-0.130576837,-0.3922539447,0.2440693456,1.010424888,0.002483596285,-17.35697168,-0.2440693456,-0.002483596285,-17.99577857,-17.99577857,0.03755738025,-0.3599155714,9.587379924e-07,-2.396844981e-06,4.793689962e-07,-9.587379924e-07,-0.3599155714,-8.86832643e-05,9.587379924e-07,-2.396844981e-06,4.793689962e-07,-9.587379924e-07,-0.3599155714,-8.86832643e-05,0,0,0,0,0,0
4.51,1,1,5.225122059e-05,3.691141271e-05,-2.876213977e-06,6.471481449e-05,-0.009398748224,-5.297027408e-05,0,0,0,0,-0.002094395102,0,-0.01100550129,-0.007443474684,-0.00385679303,0.001606753067,0.02004497978,0.1326821637,12.58157413,-0,0.1802585941,-0.1347765588,-0.3971216366,0.2521973991,1.01149424,0.002547179325,-17.77940993,-0.2521973991,-0.002547179325,-18.43127615,-18.43127615,0.03752424162,-0.3686255229,-9.587379924e-07,-4.793689962e-07,1.438106989e-06,-9.587379924e-07,-0.3686255229,-8.82038953e-05,-9.587379924e-07,-4.793689962e-07,1.438106989e-06,-9.587379924e-07,-0.3686255229,-8.82038953e-05,0,0,0,0,0,0
4.52,1,1,5.225122059e-05,3.73907817e-05,-2.876213977e-06,6.471481449e-05,-0.009426551626,-5.320995858e-05,0,0,0,0,-0.003141592654,0,-0.01108012854,-0.007481940405,-0.003836333547,0.001653576911,0.02061829561,0.1353548945,12.57775505,-0,0.1799414452,-0.1384964871,-0.3923867821,0.2593318716,1.012570612,0.002601739339,-18.13755586,-0.2593318716,-0.002601739339,-18.79187625,-18.79187625,0.03749135926,-0.375837525,-9.587379924e-07,-1.438106989e-06,1.438106989e-06,-9.587379924e-07,-0.375837525,-8.772452631e-05,-9.587379924e-07,-1.438106989e-06,1.438106989e-06,-9.587379924e-07,-0.375837525,-8.772452631e-05,0,0,0,0,0,0
4.53,1,1,5.225122059e-05,3.73907817e-05,-2.157160483e-06,6.591323698e-05,-0.009463223354,-5.344964308e-05,0,0,0,0,-0.003141592654,0,-0.01115513942,-0.007520201005,-0.003815768889,0.001691916061,0.02108428079,0.1384075309,12.57272988,-0,0.1795231158,-0.1415491236,-0.376323334,0.265086967,1.012607283,0.002658289304,-18.54660914,-0.265086967,-0.002658289304,-19.19067773,-19.19067773,0.03745869873,-0.3838135547,-9.587379924e-07,-1.438106989e-06,-0,-3.355582973e-06,-0.3838135547,-8.724515731e-05,-9.587379924e-07,-1.438106989e-06,-0,-3.355582973e-06,-0.3838135547,-8.724515731e-05,0,0,0,0,0,0
4.54,1,1,5.249090509e-05,3.78701507e-05,-2.636529479e-06,6.615292148e-05,-0.009509482462,-5.344964308e-05,0,0,0,0,-0.003141592654,-0.001047197551,-0.01123053187,-0.007558255434,-0.003795099619,0.001721049407,0.02143400086,0.1407370848,12.56641051,-0,0.1789953854,-0.1438786774,-0.3499311663,0.2693484536,1.012653543,0.002700931403,-18.85876936,-0.2693484536,-0.002700931403,-19.48074991,-19.48074991,0.03742619597,-0.3896149982,-1.438106989e-06,-2.396844981e-06,9.587379924e-07,-3.83495197e-06,-0.3896149982,1.747459781e-05,-1.438106989e-06,-2.396844981e-06,9.587379924e-07,-3.83495197e-06,-0.3896149982,1.747459781e-05,0,0,0,0,0,0
4.55,1,1,5.249090509e-05,3.715109721e-05,-2.636529479e-06,6.519418349e-05,-0.009564849581,-5.297027408e-05,-0.001047197551,0,0,0,-0.006283185307,0,-0.01130630383,-0.00759610265,-0.003774326305,0.001741454252,0.02167362515,0.1392399799,12.55887559,-0,0.1783636999,-0.1455231652,-0.3155819669,0.2721963618,1.015857904,0.002686812292,-18.65815731,-0.2721963618,-0.002686812292,-19.24862245,-19.24862245,0.03739381881,-0.384972449,0.0001032816481,-9.587379924e-07,9.587379924e-07,-1.917475985e-06,-0.384972449,-8.82038953e-05,0.0001032816481,-9.587379924e-07,9.587379924e-07,-1.917475985e-06,-0.384972449,-8.82038953e-05,0,0,0,0,0,0
4.56,1,1,5.392901207e-05,3.715109721e-05,-1.677791487e-06,6.567355248e-05,-0.0096372343,-5.320995858e-05,0,0,0,0,-0.007330382858,0,-0.01138245323,-0.007633741615,-0.003753449516,0.001745218929,0.02170406389,0.1385320487,12.54907178,-0,0.1775377789,-0.1458624315,-0.2635772156,0.2723658557,1.016981051,0.002676745539,-18.56329452,-0.2723658557,-0.002676745539,-19.10191434,-19.10191434,0.03736142576,-0.3820382868,-4.314320966e-06,-9.587379924e-07,-9.587379924e-07,-2.876213977e-06,-0.3820382868,-8.772452631e-05,-4.314320966e-06,-9.587379924e-07,-9.587379924e-07,-2.876213977e-06,-0.3820382868,-8.772452631e-05,0,0,0,0,0,0
4.57,1,1,5.392901207e-05,3.715109721e-05,-2.157160483e-06,6.615292148e-05,-0.009736463682,-5.344964308e-05,0,0,0,0,-0.01047197551,0,-0.01145897797,-0.007671171298,-0.003732469825,0.001722514286,0.02140258601,0.1336531832,12.53571856,-0,0.1764054074,-0.1441251587,-0.1827504164,0.2682967947,1.020235855,0.002596768549,-17.90952655,-0.2682967947,-0.002596768549,-18.36317053,-18.36317053,0.03732886142,-0.3672634106,-4.314320966e-06,-9.587379924e-07,-0,-3.83495197e-06,-0.3672634106,-8.724515731e-05,-4.314320966e-06,-9.587379924e-07,-0,-3.83495197e-06,-0.3672634106,-8.724515731e-05,0,0,0,0,0,0
4.58,1,1,5.249090509e-05,3.76304662e-05,-2.636529479e-06,6.543386798e-05,-0.009862777413,-5.368932758e-05,0,0,0,0,-0.01361356817,0,-0.01153587595,-0.007708390671,-0.003711387805,0.001673098541,0.02076722371,0.1266765335,12.51886482,-0,0.1749637114,-0.1402901016,-0.07836993863,0.2599820664,1.023522678,0.0024749212,-16.97465548,-0.2599820664,-0.0024749212,-17.31548241,-17.31548241,0.03729595431,-0.3463096482,-1.438106989e-06,-1.917475985e-06,9.587379924e-07,-2.396844981e-06,-0.3463096482,-8.676578831e-05,-1.438106989e-06,-1.917475985e-06,9.587379924e-07,-2.396844981e-06,-0.3463096482,-8.676578831e-05,0,0,0,0,0,0
4.59,1,1,5.249090509e-05,3.715109721e-05,-2.157160483e-06,6.615292148e-05,-0.009997719785,-5.368932758e-05,0,0,0,0,-0.01361356817,0,-0.01161314508,-0.007745398715,-0.003690204036,0.001615425292,0.02002998618,0.1221895615,12.50103762,-0,0.1734232277,-0.1358031296,0.01842214019,0.2503956107,1.02365762,0.002385764079,-16.37340124,-0.2503956107,-0.002385764079,-16.60776047,-16.60776047,0.03726276387,-0.3321552094,-1.438106989e-06,-9.587379924e-07,-0,-3.83495197e-06,-0.3321552094,-8.676578831e-05,-1.438106989e-06,-9.587379924e-07,-0,-3.83495197e-06,-0.3321552094,-8.676578831e-05,0,0,0,0,0,0
4.6,1,1,5.273058958e-05,3.81098352e-05,-2.396844981e-06,6.567355248e-05,-0.01012139699,-5.368932758e-05,0,0,0,0,-0.01047197551,0,-0.01169078322,-0.007782194414,-0.003668919099,0.001569386234,0.01943962415,0.1217549144,12.48485941,-0,0.1720110724,-0.1322268899,0.0795814822,0.2427009745,1.020620788,0.002361078044,-16.31515853,-0.2427009745,-0.002361078044,-16.4806391,-16.4806391,0.03722940462,-0.3296127819,-1.917475985e-06,-2.876213977e-06,4.793689962e-07,-2.876213977e-06,-0.3296127819,-8.676578831e-05,-1.917475985e-06,-2.876213977e-06,4.793689962e-07,-2.876213977e-06,-0.3296127819,-8.676578831e-05,0,0,0,0,0,0
4.61,1,1,5.225122059e-05,3.78701507e-05,-2.636529479e-06,6.519418349e-05,-0.01021942795,-5.320995858e-05,0,0,0,0,-0.00837758041,0,-0.01176878825,-0.007818776761,-0.003647533576,0.001549360308,0.01917488954,0.1223164812,12.47214486,-0,0.1708915635,-0.1306940617,0.09262715625,0.2391520001,1.018614554,0.00236053574,-16.39040849,-0.2391520001,-0.00236053574,-16.53929387,-16.53929387,0.03719606023,-0.3307858773,-9.587379924e-07,-2.396844981e-06,9.587379924e-07,-1.917475985e-06,-0.3307858773,-8.772452631e-05,-9.587379924e-07,-2.396844981e-06,9.587379924e-07,-1.917475985e-06,-0.3307858773,-8.772452631e-05,0,0,0,0,0,0
4.62,1,1,5.273058958e-05,3.76304662e-05,-2.876213977e-06,6.591323698e-05,-0.0102990032,-5.368932758e-05,0,0,0,0,-0.007330382858,-0.001047197551,-0.01184715804,-0.007855144753,-0.003626048054,0.001548154841,0.01914515118,0.1233105036,12.46189461,-0,0.1699826989,-0.1306408865,0.07647223293,0.2385848563,1.01764282,0.002373057017,-16.52360748,-0.2385848563,-0.002373057017,-16.68809316,-16.68809316,0.03716280794,-0.3337618633,-1.917475985e-06,-1.917475985e-06,1.438106989e-06,-3.355582973e-06,-0.3337618633,1.79539668e-05,-1.917475985e-06,-1.917475985e-06,1.438106989e-06,-3.355582973e-06,-0.3337618633,1.79539668e-05,0,0,0,0,0,0
4.63,1,1,5.225122059e-05,3.78701507e-05,-2.396844981e-06,6.567355248e-05,-0.01037258634,-5.344964308e-05,0,0,0,-0.001047197551,-0.007330382858,0,-0.01192589043,-0.007891297391,-0.003604463122,0.001553304091,0.01919459214,0.1237569864,12.45247237,-0,0.1691421784,-0.1310873693,0.05409541628,0.2390201283,1.017716403,0.002379867564,-16.58343618,-0.2390201283,-0.002379867564,-16.77074076,-16.77074076,0.03712963834,-0.3354148151,-9.587379924e-07,-2.396844981e-06,4.793689962e-07,0.0001018435411,-0.3354148151,-8.724515731e-05,-9.587379924e-07,-2.396844981e-06,4.793689962e-07,0.0001018435411,-0.3354148151,-8.724515731e-05,0,0,0,0,0,0
4.64,1,1,5.153216709e-05,3.73907817e-05,-2.157160483e-06,6.567355248e-05,-0.01044209484,-5.320995858e-05,0,0,0,0,-0.006283185307,0,-0.01200498327,-0.007927233686,-0.003582779372,0.001562888423,0.01929914698,0.1255993791,12.44362136,-0,0.1683481185,-0.1318825645,0.02933434412,0.2401512776,1.01673515,0.002408493814,-16.83031681,-0.2401512776,-0.002408493814,-17.04354223,-17.04354223,0.03709656553,-0.3408708447,4.793689962e-07,-1.438106989e-06,-0,-2.876213977e-06,-0.3408708447,-8.772452631e-05,4.793689962e-07,-1.438106989e-06,-0,-2.876213977e-06,-0.3408708447,-8.772452631e-05,0,0,0,0,0,0
4.65,1,1,5.201153609e-05,3.73907817e-05,-2.157160483e-06,6.615292148e-05,-0.01050489218,-5.344964308e-05,0,0,0,0,-0.006283185307,0,-0.01208443438,-0.007962952651,-0.003560997398,0.001579542197,0.01949145928,0.1269504494,12.43566618,-0,0.1676306575,-0.1332336347,-0.0005671282707,0.2423892809,1.016797947,0.002432541665,-17.01136022,-0.2423892809,-0.002432541665,-17.25674917,-17.25674917,0.03706364852,-0.3451349834,-4.793689962e-07,-1.438106989e-06,-0,-3.83495197e-06,-0.3451349834,-8.724515731e-05,-4.793689962e-07,-1.438106989e-06,-0,-3.83495197e-06,-0.3451349834,-8.724515731e-05,0,0,0,0,0,0
4.66,1,1,5.201153609e-05,3.73907817e-05,-2.396844981e-06,6.543386798e-05,-0.01057559911,-5.344964308e-05,0,0,0,0,-0.006283185307,0,-0.01216424159,-0.007998453308,-0.003539117797,0.001588642483,0.01958963301,0.1277073041,12.42675577,-0,0.1668227512,-0.1339904894,-0.0144475506,0.2434355851,1.016868654,0.002445213138,-17.11277875,-0.2434355851,-0.002445213138,-17.3731071,-17.3731071,0.03703077252,-0.3474621419,-4.793689962e-07,-1.438106989e-06,4.793689962e-07,-2.396844981e-06,-0.3474621419,-8.724515731e-05,-4.793689962e-07,-1.438106989e-06,4.793689962e-07,-2.396844981e-06,-0.3474621419,-8.724515731e-05,0,0,0,0,0,0
4.67,1,1,5.177185159e-05,3.76304662e-05,-2.157160483e-06,6.447512999e-05,-0.01063384244,-5.344964308e-05,0,0,0,0,-0.005235987756,0,-0.01224440272,-0.008033734684,-0.00351714117,0.001610560273,0.01984684251,0.1305191759,12.41945317,-0,0.1661571938,-0.1357551637,-0.04451372916,0.2464869311,1.015876684,0.002491976223,-17.48956958,-0.2464869311,-0.002491976223,-17.78306221,-17.78306221,0.03699809037,-0.3556612442,-0,-1.917475985e-06,-0,-4.793689962e-07,-0.3556612442,-8.724515731e-05,-0,-1.917475985e-06,-0,-4.793689962e-07,-0.3556612442,-8.724515731e-05,0,0,0,0,0,0
4.68,1,1,5.153216709e-05,3.691141271e-05,-2.396844981e-06,6.591323698e-05,-0.01068513493,-5.392901207e-05,0,0,0,0,-0.004188790205,0,-0.01232491555,-0.00806879581,-0.003495068119,0.001639780627,0.02019434945,0.1339048612,12.41304982,-0,0.165571019,-0.1380936514,-0.07936095828,0.2506734657,1.014878312,0.002549355069,-17.94325139,-0.2506734657,-0.002549355069,-18.27583517,-18.27583517,0.03696562293,-0.3655167035,4.793689962e-07,-4.793689962e-07,4.793689962e-07,-3.355582973e-06,-0.3655167035,-8.628641932e-05,4.793689962e-07,-4.793689962e-07,4.793689962e-07,-3.355582973e-06,-0.3655167035,-8.628641932e-05,0,0,0,0,0,0
4.69,1,1,5.153216709e-05,3.691141271e-05,-2.876213977e-06,6.495449899e-05,-0.01073235277,-5.320995858e-05,0,0,0,0,-0.004188790205,0,-0.01240577789,-0.008103635727,-0.003472899249,0.001673425123,0.02059630145,0.1365905486,12.40717808,-0,0.1650313715,-0.1407793388,-0.1142634811,0.2555419798,1.014925529,0.002598459301,-18.30313351,-0.2555419798,-0.002598459301,-18.67553743,-18.67553743,0.03693338638,-0.3735107487,4.793689962e-07,-4.793689962e-07,1.438106989e-06,-1.438106989e-06,-0.3735107487,-8.772452631e-05,4.793689962e-07,-4.793689962e-07,1.438106989e-06,-1.438106989e-06,-0.3735107487,-8.772452631e-05,0,0,0,0,0,0
4.7,1,1,5.153216709e-05,3.78701507e-05,-2.876213977e-06,6.519418349e-05,-0.01076806576,-5.392901207e-05,0,0,0,0,-0.002094395102,0,-0.01248698753,-0.008138253478,-0.003450635167,0.001718921764,0.02114474618,0.1423011094,12.40275161,-0,0.1646231876,-0.1443955045,-0.1597505901,0.2622530346,1.012863557,0.002693775734,-19.06834866,-0.2622530346,-0.002693775734,-19.49304606,-19.49304606,0.03690149282,-0.3898609212,4.793689962e-07,-2.396844981e-06,1.438106989e-06,-1.917475985e-06,-0.3898609212,-8.628641932e-05,4.793689962e-07,-2.396844981e-06,1.438106989e-06,-1.917475985e-06,-0.3898609212,-8.628641932e-05,0,0,0,0,0,0
4.71,1,1,5.249090509e-05,3.73907817e-05,-2.396844981e-06,6.519418349e-05,-0.01079347232,-5.368932758e-05,0,0,0,0,-0.001047197551,0,-0.01256854222,-0.008172648115,-0.003428276485,0.001775069902,0.02182463908,0.1477995426,12.39961021,-0,0.1643327891,-0.1488467401,-0.2123075709,0.2706170176,1.011840944,0.002789828402,-19.8051387,-0.2706170176,-0.002789828402,-20.29085312,-20.29085312,0.03686999284,-0.4058170624,-1.438106989e-06,-1.438106989e-06,4.793689962e-07,-1.917475985e-06,-0.4058170624,-8.676578831e-05,-1.438106989e-06,-1.438106989e-06,4.793689962e-07,-1.917475985e-06,-0.4058170624,-8.676578831e-05,0,0,0,0,0,0
4.72,1,1,5.225122059e-05,3.78701507e-05,-2.396844981e-06,6.567355248e-05,-0.01081408519,-5.416869657e-05,0,0,0,0,-0.002094395102,0,-0.01265043974,-0.008206818694,-0.003405823814,0.001836354556,0.02256750793,0.151604591,12.3970662,-0,0.1640971751,-0.1536989861,-0.2619901929,0.2797708898,1.012909577,0.00286527878,-20.31501519,-0.2797708898,-0.00286527878,-20.85964155,-20.85964155,0.03683890306,-0.417192831,-9.587379924e-07,-2.396844981e-06,4.793689962e-07,-2.876213977e-06,-0.417192831,-8.580705032e-05,-9.587379924e-07,-2.396844981e-06,4.793689962e-07,-2.876213977e-06,-0.417192831,-8.580705032e-05,0,0,0,0,0,0
4.73,1,1,5.201153609e-05,3.691141271e-05,-2.636529479e-06,6.495449899e-05,-0.01083349963,-5.392901207e-05,0,0,0,0,-0.001047197551,0,-0.01273267784,-0.00824076428,-0.003383277772,0.001899178214,0.02332872197,0.1576222415,12.39467391,-0,0.1638752533,-0.158669439,-0.3050773143,0.2891519017,1.011880971,0.002970483949,-21.12138036,-0.2891519017,-0.002970483949,-21.71858006,-21.71858006,0.03680822887,-0.4343716012,-4.793689962e-07,-4.793689962e-07,9.587379924e-07,-1.438106989e-06,-0.4343716012,-8.628641932e-05,-4.793689962e-07,-4.793689962e-07,9.587379924e-07,-1.438106989e-06,-0.4343716012,-8.628641932e-05,0,0,0,0,0,0
4.74,1,1,5.201153609e-05,3.691141271e-05,-2.876213977e-06,6.519418349e-05,-0.01085387281,-5.344964308e-05,0.001047197551,0,0,0,-0.002094395102,0,-0.01281525427,-0.00827448394,-0.003360638975,0.001961381462,0.02408150928,0.1614942725,12.39216747,-0,0.1636423658,-0.1635886676,-0.3391497658,0.298422096,1.012949365,0.003047375815,-21.64023252,-0.298422096,-0.003047375815,-22.28085176,-22.28085176,0.03677798095,-0.4456170351,-0.0001051991241,-4.793689962e-07,1.438106989e-06,-1.917475985e-06,-0.4456170351,-8.724515731e-05,-0.0001051991241,-4.793689962e-07,1.438106989e-06,-1.917475985e-06,-0.4456170351,-8.724515731e-05,0,0,0,0,0,0
4.75,1,1,5.177185159e-05,3.691141271e-05,-2.396844981e-06,6.519418349e-05,-0.01087736189,-5.344964308e-05,0,0,0,0,-0.002094395102,0,-0.01289816677,-0.008307976752,-0.003337908044,0.002020804874,0.02479912001,0.1661932443,12.38928275,-0,0.1633738519,-0.1682876394,-0.3632054776,0.3072433097,1.012972854,0.003133642988,-22.26989473,-0.3072433097,-0.003133642988,-22.94347716,-22.94347716,0.03674814948,-0.4588695433,-0,-4.793689962e-07,4.793689962e-07,-1.917475985e-06,-0.4588695433,-8.724515731e-05,-0,-4.793689962e-07,4.793689962e-07,-1.917475985e-06,-0.4588695433,-8.724515731e-05,0,0,0,0,0,0
4.76,1,1,5.129248259e-05,3.715109721e-05,-1.917475985e-06,6.567355248e-05,-0.01090372719,-5.344964308e-05,0,0,0,0,-0.003141592654,0,-0.01298141305,-0.008341241796,-0.003315085603,0.002077685862,0.02548451875,0.1696437474,12.38605124,-0,0.1630724482,-0.17278534,-0.3786852637,0.3156525551,1.014047787,0.003202926211,-22.73226215,-0.3156525551,-0.003202926211,-23.42980289,-23.42980289,0.03671872117,-0.4685960579,9.587379924e-07,-9.587379924e-07,-4.793689962e-07,-2.876213977e-06,-0.4685960579,-8.724515731e-05,9.587379924e-07,-9.587379924e-07,-4.793689962e-07,-2.876213977e-06,-0.4685960579,-8.724515731e-05,0,0,0,0,0,0
4.77,1,1,5.177185159e-05,3.643204371e-05,-1.438106989e-06,6.495449899e-05,-0.01094974661,-5.416869657e-05,0,0,0,0,-0.005235987756,0,-0.01306499084,-0.008374278161,-0.003292172277,0.002115244229,0.02592996734,0.1705328998,12.38042712,-0,0.162546335,-0.1757688875,-0.3635181899,0.321024071,1.016192588,0.003230772603,-22.85140857,-0.321024071,-0.003230772603,-23.5391816,-23.5391816,0.03668948532,-0.470783632,-0,4.793689962e-07,-1.438106989e-06,-1.438106989e-06,-0.470783632,-8.580705032e-05,-0,4.793689962e-07,-1.438106989e-06,-1.438106989e-06,-0.470783632,-8.580705032e-05,0,0,0,0,0,0
4.78,1,1,5.249090509e-05,3.715109721e-05,-1.677791487e-06,6.471481449e-05,-0.0109993613,-5.297027408e-05,0,0,0,0,-0.005235987756,0,-0.01314889785,-0.008407084941,-0.003269168694,0.002149536545,0.02633446823,0.1732601959,12.37438685,-0,0.1619790811,-0.1784961837,-0.347173403,0.3258728974,1.016242203,0.003280166325,-23.21686626,-0.3258728974,-0.003280166325,-23.89319272,-23.89319272,0.03666049776,-0.4778638544,-1.438106989e-06,-9.587379924e-07,-9.587379924e-07,-9.587379924e-07,-0.4778638544,-8.82038953e-05,-1.438106989e-06,-9.587379924e-07,-9.587379924e-07,-9.587379924e-07,-0.4778638544,-8.82038953e-05,0,0,0,0,0,0
4.79,1,1,5.225122059e-05,3.81098352e-05,-2.157160483e-06,6.591323698e-05,-0.01105544748,-5.320995858e-05,0,0,0,0,-0.006283185307,0,-0.01323313177,-0.008439661236,-0.003246075486,0.002177684296,0.02666248221,0.1744590723,12.36758771,-0,0.1613377902,-0.1807422576,-0.3240908128,0.3297505872,1.017348502,0.003307459734,-23.37751568,-0.3297505872,-0.003307459734,-24.03466454,-24.03466454,0.03663172815,-0.4806932909,-9.587379924e-07,-2.876213977e-06,-0,-3.355582973e-06,-0.4806932909,-8.772452631e-05,-9.587379924e-07,-2.876213977e-06,-0,-3.355582973e-06,-0.4806932909,-8.772452631e-05,0,0,0,0,0,0
4.8,1,1,5.225122059e-05,3.73907817e-05,-1.917475985e-06,6.567355248e-05,-0.01114868474,-5.320995858e-05,0,0,0,0,-0.009424777961,0,-0.0133176903,-0.008472006154,-0.003222893285,0.002169005556,0.02653496405,0.1706821683,12.35635282,-0,0.1602716018,-0.1801069463,-0.2524534039,0.3278753778,1.020595669,0.003253975291,-22.87141056,-0.3278753778,-0.003253975291,-23.45499331,-23.45499331,0.0366027927,-0.4690998663,-9.587379924e-07,-1.438106989e-06,-4.793689962e-07,-2.876213977e-06,-0.4690998663,-8.772452631e-05,-9.587379924e-07,-1.438106989e-06,-4.793689962e-07,-2.876213977e-06,-0.4690998663,-8.772452631e-05,0,0,0,0,0,0
4.81,1,1,5.320995858e-05,3.667172821e-05,-2.636529479e-06,6.567355248e-05,-0.01128003185,-5.320995858e-05,0,0,0,0,-0.01466076572,0,-0.01340257112,-0.008504118807,-0.003199622727,0.00212253927,0.02594129391,0.1618522681,12.34066941,-0,0.158769386,-0.1765130339,-0.1392897275,0.3201329324,1.025994532,0.003115869825,-21.68820393,-0.3201329324,-0.003115869825,-22.15074246,-22.15074246,0.03657338633,-0.4430148492,-2.876213977e-06,-0,9.587379924e-07,-2.876213977e-06,-0.4430148492,-8.772452631e-05,-2.876213977e-06,-0,9.587379924e-07,-2.876213977e-06,-0.4430148492,-8.772452631e-05,0,0,0,0,0,0
4.82,1,1,5.249090509e-05,3.715109721e-05,-2.636529479e-06,6.543386798e-05,-0.01144853005,-5.368932758e-05,0,0,0,0,-0.01884955592,0,-0.0134877719,-0.008535998316,-0.003176264449,0.002039241848,0.02489502179,0.1511802003,12.32079519,-0,0.1568418777,-0.1700297562,0.005840661122,0.3067264647,1.030386912,0.002932983759,-20.25814684,-0.3067264647,-0.002932983759,-20.56196562,-20.56196562,0.03654330711,-0.4112393125,-1.438106989e-06,-9.587379924e-07,9.587379924e-07,-2.396844981e-06,-0.4112393125,-8.676578831e-05,-1.438106989e-06,-9.587379924e-07,9.587379924e-07,-2.396844981e-06,-0.4112393125,-8.676578831e-05,0,0,0,0,0,0
4.83,1,1,5.320995858e-05,3.78701507e-05,-1.198422491e-06,6.591323698e-05,-0.01163092996,-5.344964308e-05,0,0,0,0,-0.01675516082,0,-0.01357329031,-0.008567643806,-0.003152819092,0.001942360351,0.02368420936,0.1457175909,12.29959058,-0,0.1547548475,-0.1624727517,0.1429583873,0.2913060784,1.028456275,0.002814059871,-19.52615718,-0.2913060784,-0.002814059871,-19.67731893,-19.67731893,0.03651261425,-0.3935463785,-2.876213977e-06,-2.396844981e-06,-1.917475985e-06,-3.355582973e-06,-0.3935463785,-8.724515731e-05,-2.876213977e-06,-2.396844981e-06,-1.917475985e-06,-3.355582973e-06,-0.3935463785,-8.724515731e-05,0,0,0,0,0,0
4.84,1,1,5.273058958e-05,3.73907817e-05,-1.677791487e-06,6.615292148e-05,-0.01180374248,-5.225122059e-05,0,0,0,0,-0.01675516082,0,-0.01365912399,-0.00859905441,-0.0031292873,0.001855381515,0.02259806122,0.1389286113,12.27979588,-0,0.1527770473,-0.1556837721,0.2408488476,0.277499579,1.028629087,0.002681566232,-18.61643391,-0.277499579,-0.002681566232,-18.65576621,-18.65576621,0.03648143168,-0.3731153242,-1.917475985e-06,-1.438106989e-06,-9.587379924e-07,-3.83495197e-06,-0.3731153242,-8.964200229e-05,-1.917475985e-06,-1.438106989e-06,-9.587379924e-07,-3.83495197e-06,-0.3731153242,-8.964200229e-05,0,0,0,0,0,0
4.85,1,1,5.249090509e-05,3.667172821e-05,-2.636529479e-06,6.615292148e-05,-0.01197224068,-5.297027408e-05,0,0,0,0,-0.01675516082,0,-0.01374527061,-0.008630229266,-0.003105669716,0.001773029928,0.02157127442,0.1324954409,12.26077084,-0,0.1508481893,-0.1492506017,0.3146421479,0.2644804524,1.028797585,0.002556021743,-17.75438908,-0.2644804524,-0.002556021743,-17.7067834,-17.7067834,0.03644985755,-0.3541356681,-1.438106989e-06,-0,9.587379924e-07,-3.83495197e-06,-0.3541356681,-8.82038953e-05,-1.438106989e-06,-0,9.587379924e-07,-3.83495197e-06,-0.3541356681,-8.82038953e-05,0,0,0,0,0,0
4.86,1,1,5.273058958e-05,3.691141271e-05,-2.157160483e-06,6.471481449e-05,-0.01213618488,-5.440838107e-05,0,0,0,0,-0.01570796327,0,-0.01383172779,-0.00866116752,-0.003081966989,0.001695542913,0.0206064609,0.1274851649,12.24251997,-0,0.148971056,-0.1431931282,0.367970796,0.2522750091,1.027905833,0.002452954439,-17.0830121,-0.2522750091,-0.002452954439,-16.96976927,-16.96976927,0.03641789622,-0.3393953853,-1.917475985e-06,-4.793689962e-07,-0,-9.587379924e-07,-0.3393953853,-8.532768133e-05,-1.917475985e-06,-4.793689962e-07,-0,-9.587379924e-07,-0.3393953853,-8.532768133e-05,0,0,0,0,0,0
4.87,1,1,5.320995858e-05,3.73907817e-05,-1.917475985e-06,6.519418349e-05,-0.01228359084,-5.368932758e-05,0,0,0,0.001047197551,-0.01151917306,0,-0.01391849317,-0.008691868324,-0.003058179768,0.001634902324,0.0198498142,0.1269371416,12.22632826,-0,0.1472829445,-0.1384563146,0.3865532237,0.2426903442,1.023835937,0.002420965198,-17.00957697,-0.2426903442,-0.002420965198,-16.86813506,-16.86813506,0.0363856969,-0.3373627011,-2.876213977e-06,-1.438106989e-06,-4.793689962e-07,-0.0001066372311,-0.3373627011,-8.676578831e-05,-2.876213977e-06,-1.438106989e-06,-4.793689962e-07,-0.0001066372311,-0.3373627011,-8.676578831e-05,0,0,0,0,0,0
4.88,1,1,5.273058958e-05,3.691141271e-05,-2.876213977e-06,6.591323698e-05,-0.01238617581,-5.368932758e-05,0,0,0,0,-0.007330382858,0,-0.01400556436,-0.008722330836,-0.003034308706,0.001619388554,0.01964590568,0.1299410959,12.21518132,-0,0.1461079417,-0.1372714788,0.3364569553,0.2399783001,1.019729992,0.002456249522,-17.41210686,-0.2399783001,-0.002456249522,-17.31808445,-17.31808445,0.03635359626,-0.346361689,-1.917475985e-06,-4.793689962e-07,1.438106989e-06,-3.355582973e-06,-0.346361689,-8.676578831e-05,-1.917475985e-06,-4.793689962e-07,1.438106989e-06,-3.355582973e-06,-0.346361689,-8.676578831e-05,0,0,0,0,0,0
4.89,1,1,5.225122059e-05,3.73907817e-05,-2.396844981e-06,6.615292148e-05,-0.01245424621,-5.344964308e-05,0,0,0,0,-0.005235987756,0,-0.01409293899,-0.008752554221,-0.003010354456,0.001638692781,0.01986736815,0.1335933521,12.20783962,-0,0.1453281829,-0.1388293399,0.2459677165,0.242537644,1.017697088,0.002513024338,-17.90150919,-0.242537644,-0.002513024338,-17.90059214,-17.90059214,0.03632175906,-0.3580118428,-9.587379924e-07,-1.438106989e-06,4.793689962e-07,-3.83495197e-06,-0.3580118428,-8.724515731e-05,-9.587379924e-07,-1.438106989e-06,4.793689962e-07,-3.83495197e-06,-0.3580118428,-8.724515731e-05,0,0,0,0,0,0
4.9,1,1,5.225122059e-05,3.73907817e-05,-2.636529479e-06,6.615292148e-05,-0.01249427352,-5.320995858e-05,0,0,0,0,-0.002094395102,0,-0.01418061465,-0.00878253765,-0.002986317676,0.001686341129,0.02043442989,0.1405249716,12.2035429,-0,0.1448696316,-0.1426193667,0.1308148474,0.2493724418,1.014589765,0.002625019387,-18.8303462,-0.2493724418,-0.002625019387,-18.95152881,-18.95152881,0.03629031188,-0.3790305763,-9.587379924e-07,-1.438106989e-06,9.587379924e-07,-3.83495197e-06,-0.3790305763,-8.772452631e-05,-9.587379924e-07,-1.438106989e-06,9.587379924e-07,-3.83495197e-06,-0.3790305763,-8.772452631e-05,0,0,0,0,0,0
4.91,1,1,5.273058958e-05,3.76304662e-05,-2.396844981e-06,6.615292148e-05,-0.01252063881,-5.273058958e-05,0,0,0,0,-0.003141592654,0,-0.01426858894,-0.008812280302,-0.002962199025,0.001747950125,0.02117122782,0.144365485,12.20072097,-0,0.1445675793,-0.1475070777,0.01758717491,0.2583042432,1.015664699,0.002700166495,-19.34497499,-0.2583042432,-0.002700166495,-19.58839222,-19.58839222,0.03625930333,-0.3917678445,-1.917475985e-06,-1.917475985e-06,4.793689962e-07,-3.83495197e-06,-0.3917678445,-8.86832643e-05,-1.917475985e-06,-1.917475985e-06,4.793689962e-07,-3.83495197e-06,-0.3917678445,-8.86832643e-05,0,0,0,0,0,0
4.92,1,1,5.249090509e-05,3.715109721e-05,-2.157160483e-06,6.543386798e-05,-0.01254412789,-5.08131136e-05,0,0,0,0,-0.002094395102,0,-0.01435685945,-0.00884178136,-0.002937999163,0.001812731555,0.02194604231,0.1505478198,12.1982124,-0,0.1442984698,-0.1526422149,-0.07980970562,0.2677024853,1.01463962,0.002807744915,-20.17340785,-0.2677024853,-0.002807744915,-20.52372779,-20.52372779,0.03622872937,-0.4104745557,-1.438106989e-06,-9.587379924e-07,-0,-2.396844981e-06,-0.4104745557,-9.251821627e-05,-1.438106989e-06,-9.587379924e-07,-0,-2.396844981e-06,-0.4104745557,-9.251821627e-05,0,0,0,0,0,0
4.93,1,1,5.225122059e-05,3.643204371e-05,-2.157160483e-06,6.543386798e-05,-0.01256545981,-5.153216709e-05,0,0,0,0,-0.001047197551,0,-0.01444542376,-0.008871040016,-0.002913718755,0.001879963944,0.02275005209,0.1569204916,12.1959387,-0,0.1440540676,-0.1579676891,-0.1626984642,0.2774582407,1.013612932,0.00291824467,-21.02734587,-0.2774582407,-0.00291824467,-21.47042082,-21.47042082,0.03619861115,-0.4294084164,-9.587379924e-07,4.793689962e-07,-0,-2.396844981e-06,-0.4294084164,-9.108010928e-05,-9.587379924e-07,4.793689962e-07,-0,-2.396844981e-06,-0.4294084164,-9.108010928e-05,0,0,0,0,0,0
4.94,1,1,5.225122059e-05,3.667172821e-05,-1.917475985e-06,6.567355248e-05,-0.01259422195,-5.129248259e-05,0,0,0,0,-0.003141592654,0,-0.01453427944,-0.008900055469,-0.002889358466,0.001940057484,0.02346630983,0.1595880686,12.19287982,-0,0.1437245262,-0.1627296613,-0.2198766449,0.2861218955,1.015738282,0.002977862799,-21.38480119,-0.2861218955,-0.002977862799,-21.8937776,-21.8937776,0.03616888126,-0.437875552,-9.587379924e-07,-0,-4.793689962e-07,-2.876213977e-06,-0.437875552,-9.155947828e-05,-9.587379924e-07,-0,-4.793689962e-07,-2.876213977e-06,-0.437875552,-9.155947828e-05,0,0,0,0,0,0
4.95,1,1,5.273058958e-05,3.691141271e-05,-1.438106989e-06,6.471481449e-05,-0.01264024138,-5.129248259e-05,0,0,0,0.001047197551,-0.005235987756,0,-0.01462342405,-0.008928826922,-0.002864918963,0.001983182676,0.02397507628,0.1609208533,12.18800177,-0,0.1431972356,-0.166156841,-0.24173903,0.2922082722,1.017883083,0.003012966105,-21.56339434,-0.2922082722,-0.003012966105,-22.1003546,-22.1003546,0.03613938443,-0.4420070921,-1.917475985e-06,-4.793689962e-07,-1.438106989e-06,-0.0001056784931,-0.4420070921,-9.155947828e-05,-1.917475985e-06,-4.793689962e-07,-1.438106989e-06,-0.0001056784931,-0.4420070921,-9.155947828e-05,0,0,0,0,0,0
4.96,1,1,5.320995858e-05,3.73907817e-05,-2.157160483e-06,6.471481449e-05,-0.01272053568,-5.08131136e-05,0,0,0,0,-0.01047197551,0,-0.01471285516,-0.008957353586,-0.002840400918,0.001992319476,0.02406929143,0.1564415345,12.17953819,-0,0.1422771515,-0.1669135101,-0.2102610206,0.2931528542,1.023219927,0.002957476968,-20.96316563,-0.2931528542,-0.002957476968,-21.46953698,-21.46953698,0.03610984248,-0.4293907396,-2.876213977e-06,-1.438106989e-06,-0,-9.587379924e-07,-0.4293907396,-9.251821627e-05,-2.876213977e-06,-1.438106989e-06,-0,-9.587379924e-07,-0.4293907396,-9.251821627e-05,0,0,0,0,0,0
4.97,1,1,5.297027408e-05,3.73907817e-05,-1.677791487e-06,6.471481449e-05,-0.01283822077,-5.08131136e-05,0,0,0,0,-0.01361356817,0,-0.01480257031,-0.00898563468,-0.002815805001,0.001964349534,0.02371187732,0.1511407522,12.16724248,-0,0.1409284465,-0.1647543204,-0.131471539,0.288508161,1.026498121,0.002873231688,-20.2528608,-0.288508161,-0.002873231688,-20.67571373,-20.67571373,0.03608000241,-0.4135142746,-2.396844981e-06,-1.438106989e-06,-9.587379924e-07,-9.587379924e-07,-0.4135142746,-9.251821627e-05,-2.396844981e-06,-1.438106989e-06,-9.587379924e-07,-9.587379924e-07,-0.4135142746,-9.251821627e-05,0,0,0,0,0,0
4.98,1,1,5.273058958e-05,3.667172821e-05,-1.677791487e-06,6.471481449e-05,-0.01298083305,-5.129248259e-05,0.001047197551,0,0,0,-0.01570796327,0,-0.01489256703,-0.009013669429,-0.002791131887,0.001911733984,0.02305562212,0.1449478102,12.15251577,-0,0.1392938098,-0.1606557734,-0.03154616542,0.2801838114,1.028750481,0.002765291347,-19.42300656,-0.2801838114,-0.002765291347,-19.73750183,-19.73750183,0.03604976135,-0.3947500366,-0.0001066372311,-0,-9.587379924e-07,-9.587379924e-07,-0.3947500366,-9.155947828e-05,-0.0001066372311,-0,-9.587379924e-07,-9.587379924e-07,-0.3947500366,-9.155947828e-05,0,0,0,0,0,0
4.99,1,1,5.297027408e-05,3.667172821e-05,-2.396844981e-06,6.519418349e-05,-0.01312272627,-5.153216709e-05,0,0,0,0,-0.01256637061,0,-0.01498284287,-0.009041457063,-0.002766382254,0.001860116599,0.02241283147,0.1440660282,12.13805129,-0,0.1376671366,-0.1566323988,0.04747255812,0.2720480979,1.025728575,0.00273003396,-19.30484778,-0.2720480979,-0.00273003396,-19.53215336,-19.53215336,0.03601925315,-0.3906430671,-2.396844981e-06,-0,4.793689962e-07,-1.917475985e-06,-0.3906430671,-9.108010928e-05,-2.396844981e-06,-0,4.793689962e-07,-1.917475985e-06,-0.3906430671,-9.108010928e-05,0,0,0,0,0,0
5,1,1,5.273058958e-05,3.619235921e-05,-1.917475985e-06,6.471481449e-05,-0.01324208915,-5.10527981e-05,0,0,0,-0.001047197551,-0.01151917306,0,-0.01507339535,-0.009068996821,-0.002741556778,0.001831306196,0.02204787866,0.142882285,12.1260283,-0,0.1362985399,-0.1544014581,0.07910945322,0.2673532006,1.024794435,0.002700380403,-19.1462262,-0.2673532006,-0.002700380403,-19.33717032,-19.33717032,0.03598869312,-0.3867434065,-1.917475985e-06,9.587379924e-07,-4.793689962e-07,0.0001037610171,-0.3867434065,-9.203884727e-05,-1.917475985e-06,9.587379924e-07,-4.793689962e-07,0.0001037610171,-0.3867434065,-9.203884727e-05,0,0,0,0,0,0
5.01,1,1,5.249090509e-05,3.691141271e-05,-1.677791487e-06,6.543386798e-05,-0.0133511456,-5.10527981e-05,0,0,0,0,-0.01047197551,0,-0.01516422198,-0.009096287948,-0.002716656141,0.00181307638,0.02181180307,0.1425303989,12.11515875,-0,0.1350479471,-0.1530023744,0.09014031726,0.2642534569,1.023850537,0.002686484193,-19.09907345,-0.2642534569,-0.002686484193,-19.27587308,-19.27587308,0.0359580936,-0.3855174615,-1.438106989e-06,-4.793689962e-07,-9.587379924e-07,-2.396844981e-06,-0.3855174615,-9.203884727e-05,-1.438106989e-06,-4.793689962e-07,-9.587379924e-07,-2.396844981e-06,-0.3855174615,-9.203884727e-05,0,0,0,0,0,0
5.02,1,1,5.297027408e-05,3.715109721e-05,-2.396844981e-06,6.567355248e-05,-0.01345924331,-5.05734291e-05,0,0,0,0,-0.01151917306,0,-0.01525532027,-0.009123329696,-0.002691681026,0.001796076968,0.02159107377,0.1401802345,12.10449316,-0,0.1338081913,-0.1516994075,0.09789585419,0.2613490047,1.025011589,0.002645927323,-18.78415142,-0.2613490047,-0.002645927323,-18.9502505,-18.9502505,0.03592744893,-0.3790050099,-2.396844981e-06,-9.587379924e-07,4.793689962e-07,-2.876213977e-06,-0.3790050099,-9.299758527e-05,-2.396844981e-06,-9.587379924e-07,4.793689962e-07,-2.876213977e-06,-0.3790050099,-9.299758527e-05,0,0,0,0,0,0
5.03,1,1,5.249090509e-05,3.78701507e-05,-1.917475985e-06,6.495449899e-05,-0.01358651578,-5.05734291e-05,0,0,0,0,-0.01361356817,0,-0.01534668774,-0.009150121323,-0.002666632117,0.001760171963,0.02114214382,0.1352923938,12.09207363,-0,0.1323483248,-0.1489059619,0.1314901878,0.2556523597,1.027246416,0.002562611917,-18.12918077,-0.2556523597,-0.002562611917,-18.25590555,-18.25590555,0.0358965406,-0.365118111,-1.438106989e-06,-2.396844981e-06,-4.793689962e-07,-1.438106989e-06,-0.365118111,-9.299758527e-05,-1.438106989e-06,-2.396844981e-06,-4.793689962e-07,-1.438106989e-06,-0.365118111,-9.299758527e-05,0,0,0,0,0,0
5.04,1,1,5.177185159e-05,3.81098352e-05,-1.917475985e-06,6.519418349e-05,-0.01372313594,-5.129248259e-05,0,0,0,0,-0.01256637061,0,-0.01543832187,-0.009176662094,-0.002641510101,0.001715185926,0.02058437448,0.1328283356,12.07890753,-0,0.1307809999,-0.1453947062,0.1717673697,0.248636756,1.026328985,0.002509269033,-17.79899697,-0.248636756,-0.002509269033,-17.87837562,-17.87837562,0.03586538508,-0.3575675124,-0,-2.876213977e-06,-4.793689962e-07,-1.917475985e-06,-0.3575675124,-9.155947828e-05,-0,-2.876213977e-06,-4.793689962e-07,-1.917475985e-06,-0.3575675124,-9.155947828e-05,0,0,0,0,0,0
5.05,1,1,5.249090509e-05,3.691141271e-05,-2.157160483e-06,6.543386798e-05,-0.0138520862,-5.129248259e-05,0,0,0,0,-0.01151917306,0,-0.01553022014,-0.009202951283,-0.002616315667,0.001678133943,0.02012341391,0.1309876667,12.06663744,-0,0.1293014432,-0.1425068398,0.1928107664,0.2428219396,1.025404432,0.002467885291,-17.55234734,-0.2428219396,-0.002467885291,-17.6048264,-17.6048264,0.03583407622,-0.352096528,-1.438106989e-06,-4.793689962e-07,-0,-2.396844981e-06,-0.352096528,-9.155947828e-05,-1.438106989e-06,-4.793689962e-07,-0,-2.396844981e-06,-0.352096528,-9.155947828e-05,0,0,0,0,0,0
5.06,1,1,5.273058958e-05,3.76304662e-05,-2.396844981e-06,6.37560765e-05,-0.01397216813,-5.08131136e-05,0,0,0,0,-0.01047197551,0,-0.01562238005,-0.009228988169,-0.002591049505,0.001650211917,0.0197733784,0.1298656296,12.05534778,-0,0.1279234485,-0.1403376051,0.1966664562,0.2383749534,1.024471559,0.002440156789,-17.40199436,-0.2383749534,-0.002440156789,-17.44614302,-17.44614302,0.03580268737,-0.3489228604,-1.917475985e-06,-1.917475985e-06,4.793689962e-07,9.587379924e-07,-0.3489228604,-9.251821627e-05,-1.917475985e-06,-1.917475985e-06,4.793689962e-07,9.587379924e-07,-0.3489228604,-9.251821627e-05,0,0,0,0,0,0
5.07,1,1,5.249090509e-05,3.81098352e-05,-1.438106989e-06,6.447512999e-05,-0.01407307531,-5.201153609e-05,0,0,0,0,-0.00837758041,0,-0.01571479906,-0.009254772037,-0.002565712308,0.001641723756,0.01965806879,0.1313235099,12.04596246,-0,0.1267653514,-0.1397010903,0.1721433419,0.2368003587,1.022468202,0.00245575726,-17.59735033,-0.2368003587,-0.00245575726,-17.6644631,-17.6644631,0.03577135327,-0.353289262,-1.438106989e-06,-2.876213977e-06,-1.438106989e-06,-4.793689962e-07,-0.353289262,-9.012137129e-05,-1.438106989e-06,-2.876213977e-06,-1.438106989e-06,-4.793689962e-07,-0.353289262,-9.012137129e-05,0,0,0,0,0,0
5.08,1,1,5.320995858e-05,3.643204371e-05,-1.917475985e-06,6.471481449e-05,-0.01416391573,-5.201153609e-05,0,0,0,0,-0.009424777961,0,-0.01580747464,-0.00928030218,-0.002540304771,0.001643558914,0.01966726416,0.1304542756,12.03759263,-0,0.1257226794,-0.1398790536,0.1374010525,0.2367465142,1.0236109,0.002442822752,-17.48087294,-0.2367465142,-0.002442822752,-17.58266122,-17.58266122,0.03574010431,-0.3516532244,-2.876213977e-06,4.793689962e-07,-4.793689962e-07,-9.587379924e-07,-0.3516532244,-9.012137129e-05,-2.876213977e-06,4.793689962e-07,-4.793689962e-07,-9.587379924e-07,-0.3516532244,-9.012137129e-05,0,0,0,0,0,0
5.09,1,1,5.297027408e-05,3.76304662e-05,-2.157160483e-06,6.495449899e-05,-0.01425187994,-5.177185159e-05,0,0,0,0,-0.007330382858,0,-0.01590040426,-0.0093055779,-0.00251482759,0.001648524316,0.01971417476,0.1329735439,12.02955918,-0,0.1247129227,-0.1403039267,0.10455131,0.2371528319,1.021595696,0.002478039096,-17.81845488,-0.2371528319,-0.002478039096,-17.95353444,-17.95353444,0.03570894146,-0.3590706887,-2.396844981e-06,-1.917475985e-06,-0,-1.438106989e-06,-0.3590706887,-9.060074028e-05,-2.396844981e-06,-1.917475985e-06,-0,-1.438106989e-06,-0.3590706887,-9.060074028e-05,0,0,0,0,0,0
5.1,1,1,5.225122059e-05,3.715109721e-05,-1.917475985e-06,6.471481449e-05,-0.01432857898,-5.153216709e-05,0,0,0,0,-0.006283185307,0,-0.01599358535,-0.009330598502,-0.002489281463,0.001665006371,0.01989955044,0.1353545965,12.02261173,-0,0.1238324026,-0.1416377818,0.06090504624,0.2392445685,1.020621634,0.002515415462,-18.13751593,-0.2392445685,-0.002515415462,-18.31837087,-18.31837087,0.03567792184,-0.3663674174,-9.587379924e-07,-9.587379924e-07,-4.793689962e-07,-9.587379924e-07,-0.3663674174,-9.108010928e-05,-9.587379924e-07,-9.587379924e-07,-4.793689962e-07,-9.587379924e-07,-0.3663674174,-9.108010928e-05,0,0,0,0,0,0
5.11,1,1,5.273058958e-05,3.76304662e-05,-1.917475985e-06,6.495449899e-05,-0.01440503834,-5.129248259e-05,0,0,0,0,-0.006283185307,0,-0.01608701537,-0.009355363302,-0.002463667092,0.001681977039,0.02009063878,0.1367269028,12.01573894,-0,0.1229545623,-0.1430100881,0.02455043913,0.2414038708,1.020698093,0.002539097808,-18.32140497,-0.2414038708,-0.002539097808,-18.5407975,-18.5407975,0.03564702936,-0.37081595,-1.917475985e-06,-1.917475985e-06,-4.793689962e-07,-1.438106989e-06,-0.37081595,-9.155947828e-05,-1.917475985e-06,-1.917475985e-06,-4.793689962e-07,-1.438106989e-06,-0.37081595,-9.155947828e-05,0,0,0,0,0,0
5.12,1,1,5.225122059e-05,3.667172821e-05,-2.396844981e-06,6.519418349e-05,-0.01446999284,-5.10527981e-05,0,0,0,0,-0.006283185307,0,-0.01618069176,-0.009379871619,-0.002437985179,0.001710698928,0.02042269073,0.139026591,12.00994178,-0,0.1222087547,-0.1453097763,-0.02226127136,0.2452753266,1.020763048,0.00257991188,-18.6295632,-0.2452753266,-0.00257991188,-18.89967971,-18.89967971,0.03561638375,-0.3779935942,-9.587379924e-07,-0,4.793689962e-07,-1.917475985e-06,-0.3779935942,-9.203884727e-05,-9.587379924e-07,-0,4.793689962e-07,-1.917475985e-06,-0.3779935942,-9.203884727e-05,0,0,0,0,0,0
5.13,1,1,5.225122059e-05,3.691141271e-05,-1.198422491e-06,6.471481449e-05,-0.01452392185,-5.03337446e-05,0,0,0,0,-0.003141592654,0,-0.01627461195,-0.009404122783,-0.002412236426,0.001750690103,0.02088972026,0.1453568661,12.00515754,-0,0.1215895028,-0.1484984588,-0.07688452815,0.2507843828,1.017667982,0.002678762668,-19.47782006,-0.2507843828,-0.002678762668,-19.80816773,-19.80816773,0.03558604351,-0.3961633546,-9.587379924e-07,-4.793689962e-07,-1.917475985e-06,-9.587379924e-07,-0.3961633546,-9.347695426e-05,-9.587379924e-07,-4.793689962e-07,-1.917475985e-06,-9.587379924e-07,-0.3961633546,-9.347695426e-05,0,0,0,0,0,0
5.14,1,1,5.201153609e-05,3.691141271e-05,-1.677791487e-06,6.447512999e-05,-0.01456299042,-4.985437561e-05,0,0,0,0,-0.003141592654,0,-0.01636877336,-0.009428116127,-0.002386421541,0.001805782939,0.02153756463,0.1497362467,12.00170799,-0,0.1211408674,-0.1528778393,-0.1431545467,0.2584875616,1.01770705,0.002757357356,-20.06465706,-0.2584875616,-0.002757357356,-20.46905652,-20.46905652,0.03555610667,-0.4093811304,-4.793689962e-07,-4.793689962e-07,-9.587379924e-07,-4.793689962e-07,-0.4093811304,-9.443569225e-05,-4.793689962e-07,-4.793689962e-07,-9.587379924e-07,-4.793689962e-07,-0.4093811304,-9.443569225e-05,0,0,0,0,0,0
5.15,1,1,5.201153609e-05,3.691141271e-05,-2.157160483e-06,6.543386798e-05,-0.01459798436,-5.03337446e-05,0,0,0,0,-0.003141592654,0,-0.01646317341,-0.009451850995,-0.002360541231,0.001865189054,0.02223662116,0.1544544955,11.99862988,-0,0.1207390065,-0.1575960881,-0.2031785118,0.266808987,1.017742044,0.002842073453,-20.6969024,-0.266808987,-0.002842073453,-21.16973197,-21.16973197,0.03552658216,-0.4233946394,-4.793689962e-07,-4.793689962e-07,-0,-2.396844981e-06,-0.4233946394,-9.347695426e-05,-4.793689962e-07,-4.793689962e-07,-0,-2.396844981e-06,-0.4233946394,-9.347695426e-05,0,0,0,0,0,0
5.16,1,1,5.297027408e-05,3.73907817e-05,-2.157160483e-06,6.543386798e-05,-0.01462962271,-5.10527981e-05,0,0,0,0,-0.002094395102,0,-0.01655780952,-0.009475326736,-0.002334596205,0.001928186805,0.02297819796,0.160501573,11.9958564,-0,0.1203756676,-0.1625959681,-0.2577350766,0.2756431631,1.016725114,0.002945028129,-21.50721078,-0.2756431631,-0.002945028129,-22.04353404,-22.04353404,0.03549749942,-0.4408706809,-2.396844981e-06,-1.438106989e-06,-0,-2.396844981e-06,-0.4408706809,-9.203884727e-05,-2.396844981e-06,-1.438106989e-06,-0,-2.396844981e-06,-0.4408706809,-9.203884727e-05,0,0,0,0,0,0
5.17,1,1,5.225122059e-05,3.73907817e-05,-1.917475985e-06,6.447512999e-05,-0.01466413728,-5.10527981e-05,0,0,0,0.001047197551,-0.003141592654,0,-0.01665267908,-0.009498542706,-0.002308587176,0.001988541801,0.02368750008,0.164244421,11.99284106,-0,0.1199792842,-0.1673860136,-0.2981990076,0.2840804235,1.017808197,0.003017687837,-22.00875241,-0.2840804235,-0.003017687837,-22.59404953,-22.59404953,0.03546883434,-0.4518809906,-9.587379924e-07,-1.438106989e-06,-4.793689962e-07,-0.0001051991241,-0.4518809906,-9.203884727e-05,-9.587379924e-07,-1.438106989e-06,-4.793689962e-07,-0.0001051991241,-0.4518809906,-9.203884727e-05,0,0,0,0,0,0
5.18,1,1,5.177185159e-05,3.715109721e-05,-2.157160483e-06,6.543386798e-05,-0.01469649469,-5.08131136e-05,0,0,0,0,-0.003141592654,0,-0.0167477795,-0.009521498269,-0.002282514855,0.002051284816,0.02442487432,0.1692210998,11.99002389,-0,0.1196076619,-0.1723626924,-0.3345198263,0.2928548265,1.017840555,0.003106846209,-22.67562737,-0.2928548265,-0.003106846209,-23.30610887,-23.30610887,0.03544062675,-0.4661221774,-0,-9.587379924e-07,-0,-2.396844981e-06,-0.4661221774,-9.251821627e-05,-0,-9.587379924e-07,-0,-2.396844981e-06,-0.4661221774,-9.251821627e-05,0,0,0,0,0,0
5.19,1,1,5.225122059e-05,3.691141271e-05,-2.396844981e-06,6.543386798e-05,-0.01474634906,-5.153216709e-05,0,0,0,0,-0.006283185307,0,-0.01684310818,-0.009544192795,-0.002256379958,0.002096759114,0.02495468895,0.1696951785,11.98570175,-0,0.119035064,-0.1759783638,-0.3389060974,0.299099459,1.021039404,0.003132692977,-22.73915392,-0.299099459,-0.003132692977,-23.38029217,-23.38029217,0.03541270434,-0.4676058434,-9.587379924e-07,-4.793689962e-07,4.793689962e-07,-2.396844981e-06,-0.4676058434,-9.108010928e-05,-9.587379924e-07,-4.793689962e-07,4.793689962e-07,-2.396844981e-06,-0.4676058434,-9.108010928e-05,0,0,0,0,0,0
5.2,1,1,5.225122059e-05,3.715109721e-05,-2.157160483e-06,6.519418349e-05,-0.01481298135,-5.153216709e-05,0,0,0,0,-0.006283185307,0,-0.01693866249,-0.009566625662,-0.002230183201,0.002125681134,0.02528575587,0.1720073094,11.97995985,-0,0.1182697191,-0.1782904947,-0.3190933275,0.30292234,1.021106036,0.003173298622,-23.04897946,-0.30292234,-0.003173298622,-23.67416843,-23.67416843,0.03538493345,-0.4734833685,-9.587379924e-07,-9.587379924e-07,-0,-1.917475985e-06,-0.4734833685,-9.108010928e-05,-9.587379924e-07,-9.587379924e-07,-0,-1.917475985e-06,-0.4734833685,-9.108010928e-05,0,0,0,0,0,0
5.21,1,1,5.273058958e-05,3.78701507e-05,-1.677791487e-06,6.495449899e-05,-0.01489183755,-5.201153609e-05,0,0,0,0,-0.009424777961,0,-0.01703443981,-0.009588796255,-0.002203925303,0.002142602262,0.02547285861,0.1702330395,11.97321594,-0,0.1173639017,-0.1796578175,-0.2850784107,0.3049920369,1.024338822,0.003158014712,-22.81122729,-0.3049920369,-0.003158014712,-23.40445576,-23.40445576,0.03535728682,-0.4680891151,-1.917475985e-06,-2.396844981e-06,-9.587379924e-07,-1.438106989e-06,-0.4680891151,-9.012137129e-05,-1.917475985e-06,-2.396844981e-06,-9.587379924e-07,-1.438106989e-06,-0.4680891151,-9.012137129e-05,0,0,0,0,0,0
5.22,1,1,5.297027408e-05,3.715109721e-05,-2.157160483e-06,6.519418349e-05,-0.01501263854,-5.201153609e-05,0,0,0,0,-0.01361356817,0,-0.01713043753,-0.009610703966,-0.002177606983,0.002117798996,0.02516062441,0.1641263218,11.96299266,-0,0.1159761263,-0.17773989,-0.1964444534,0.3009963651,1.028672539,0.003068120574,-21.99292712,-0.3009963651,-0.003068120574,-22.49343606,-22.49343606,0.03532931507,-0.4498687212,-2.396844981e-06,-9.587379924e-07,-0,-1.917475985e-06,-0.4498687212,-9.012137129e-05,-2.396844981e-06,-9.587379924e-07,-0,-1.917475985e-06,-0.4498687212,-9.012137129e-05,0,0,0,0,0,0
5.23,1,1,5.249090509e-05,3.715109721e-05,-2.157160483e-06,6.615292148e-05,-0.01517993832,-5.249090509e-05,0,0,0,0,-0.01884955592,0,-0.01722665302,-0.009632348195,-0.002151228963,0.002046714696,0.02429587661,0.1533245043,11.94904914,-0,0.1140538902,-0.1721740602,-0.05746005975,0.2903126235,1.034118321,0.00289428203,-20.54548357,-0.2903126235,-0.00289428203,-20.89615054,-20.89615054,0.03530068321,-0.4179230108,-1.438106989e-06,-9.587379924e-07,-0,-3.83495197e-06,-0.4179230108,-8.91626333e-05,-1.438106989e-06,-9.587379924e-07,-0,-3.83495197e-06,-0.4179230108,-8.91626333e-05,0,0,0,0,0,0
5.24,1,1,5.153216709e-05,3.643204371e-05,-1.677791487e-06,6.519418349e-05,-0.01537240497,-5.10527981e-05,0,0,0,0,-0.01884955592,0,-0.01732308362,-0.009653728349,-0.002124791965,0.001950678648,0.02313502839,0.1457853908,11.93331591,-0,0.1118421006,-0.1646349467,0.09117049476,0.2760776024,1.034310787,0.002750710219,-19.53524236,-0.2760776024,-0.002750710219,-19.72290018,-19.72290018,0.03527136688,-0.3944580036,4.793689962e-07,4.793689962e-07,-9.587379924e-07,-1.917475985e-06,-0.3944580036,-9.203884727e-05,4.793689962e-07,4.793689962e-07,-9.587379924e-07,-1.917475985e-06,-0.3944580036,-9.203884727e-05,0,0,0,0,0,0
5.25,1,1,5.320995858e-05,3.667172821e-05,-1.917475985e-06,6.591323698e-05,-0.01557949238,-5.05734291e-05,0,0,0,0,-0.02094395102,0,-0.0174197267,-0.009674843841,-0.002098296716,0.001840234323,0.02180484638,0.1350058909,11.91675402,-0,0.1094618325,-0.1559498419,0.2338037804,0.2598429908,1.036633106,0.002556598219,-18.09078938,-0.2598429908,-0.002556598219,-18.11938519,-18.11938519,0.03524132372,-0.3623877037,-2.876213977e-06,-0,-4.793689962e-07,-3.355582973e-06,-0.3623877037,-9.299758527e-05,-2.876213977e-06,-0,-4.793689962e-07,-3.355582973e-06,-0.3623877037,-9.299758527e-05,0,0,0,0,0,0
5.26,1,1,5.273058958e-05,3.691141271e-05,-1.438106989e-06,6.471481449e-05,-0.01581510224,-5.10527981e-05,0,0,0,0,-0.02303834613,0,-0.01751657961,-0.009695694091,-0.00207174394,0.001701477372,0.02014053548,0.1219779674,11.89837126,-0,0.1067531597,-0.1450163136,0.3917444565,0.2396395685,1.03898614,0.002318360532,-16.34504764,-0.2396395685,-0.002318360532,-16.19526111,-16.19526111,0.03521045126,-0.3239052222,-1.917475985e-06,-4.793689962e-07,-1.438106989e-06,-9.587379924e-07,-0.3239052222,-9.203884727e-05,-1.917475985e-06,-4.793689962e-07,-1.438106989e-06,-9.587379924e-07,-0.3239052222,-9.203884727e-05,0,0,0,0,0,0
5.27,1,1,5.273058958e-05,3.667172821e-05,-2.157160483e-06,6.495449899e-05,-0.01605238989,-5.153216709e-05,0,0,0,0,-0.01989675347,0,-0.0176136397,-0.00971627853,-0.002045134367,0.001561249804,0.01846242076,0.1140549267,11.88035068,-0,0.1040246028,-0.1339516802,0.5219770511,0.2193400331,1.036048114,0.002153599587,-15.28336018,-0.2193400331,-0.002153599587,-14.98287677,-14.98287677,0.03517887398,-0.2996575353,-1.917475985e-06,-0,-0,-1.438106989e-06,-0.2996575353,-9.108010928e-05,-1.917475985e-06,-0,-0,-1.438106989e-06,-0.2996575353,-9.108010928e-05,0,0,0,0,0,0
5.28,1,1,5.320995858e-05,3.81098352e-05,-1.917475985e-06,6.615292148e-05,-0.01622711989,-5.03337446e-05,0,0,0,0,-0.01361356817,0,-0.01771090429,-0.009736596592,-0.002018468725,0.001483784403,0.01753260501,0.1142315897,11.86739613,-0,0.1020150194,-0.1278451579,0.5366336758,0.2080663688,1.02988702,0.002129436155,-15.30703302,-0.2080663688,-0.002129436155,-14.98059515,-14.98059515,0.03514714661,-0.299611903,-2.876213977e-06,-2.876213977e-06,-4.793689962e-07,-3.83495197e-06,-0.299611903,-9.347695426e-05,-2.876213977e-06,-2.876213977e-06,-4.793689962e-07,-3.83495197e-06,-0.299611903,-9.347695426e-05,0,0,0,0,0,0
5.29,1,1,5.297027408e-05,3.78701507e-05,-2.396844981e-06,6.519418349e-05,-0.01635798763,-5.05734291e-05,0,0,0,-0.001047197551,-0.01047197551,0,-0.01780837074,-0.00975664772,-0.001991747746,0.001450383111,0.0171268741,0.1147536886,11.85786806,-0,0.1005096961,-0.1252256641,0.4855996534,0.2030882134,1.026857379,0.002124683914,-15.37699427,-0.2030882134,-0.002124683914,-15.09660752,-15.09660752,0.03511545309,-0.3019321504,-2.396844981e-06,-2.396844981e-06,4.793689962e-07,0.0001028022791,-0.3019321504,-9.299758527e-05,-2.396844981e-06,-2.396844981e-06,4.793689962e-07,0.0001028022791,-0.3019321504,-9.299758527e-05,0,0,0,0,0,0
5.3,1,1,5.201153609e-05,3.643204371e-05,-2.396844981e-06,6.519418349e-05,-0.0164588948,-5.08131136e-05,0,0,0,0,-0.009424777961,0,-0.01790603636,-0.009776431365,-0.001964972162,0.001447141556,0.01707917363,0.1155702865,11.85062315,-0,0.09934888095,-0.1249950645,0.4008091212,0.2023988504,1.025905879,0.002133918343,-15.48641839,-0.2023988504,-0.002133918343,-15.29014204,-15.29014204,0.03508386923,-0.3058028408,-4.793689962e-07,4.793689962e-07,4.793689962e-07,-1.917475985e-06,-0.3058028408,-9.251821627e-05,-4.793689962e-07,4.793689962e-07,4.793689962e-07,-1.917475985e-06,-0.3058028408,-9.251821627e-05,0,0,0,0,0,0
5.31,1,1,5.320995858e-05,3.715109721e-05,-2.636529479e-06,6.663229047e-05,-0.01654781775,-5.153216709e-05,0,0,0,0,-0.00837758041,0,-0.01800389847,-0.009795946984,-0.001938142708,0.001456080722,0.0171758865,0.117351949,11.84431205,-0,0.0983258464,-0.1257295294,0.3137063771,0.2034365594,1.024942944,0.002160808492,-15.72516116,-0.2034365594,-0.002160808492,-15.61705215,-15.61705215,0.0350523901,-0.312341043,-2.876213977e-06,-9.587379924e-07,9.587379924e-07,-4.793689962e-06,-0.312341043,-9.108010928e-05,-2.876213977e-06,-9.587379924e-07,9.587379924e-07,-4.793689962e-06,-0.312341043,-9.108010928e-05,0,0,0,0,0,0
5.32,1,1,5.320995858e-05,3.73907817e-05,-2.636529479e-06,6.567355248e-05,-0.01663242638,-5.153216709e-05,0,0,0,0,-0.00837758041,0,-0.0181019544,-0.009815194042,-0.001911260118,0.001469528024,0.0173259514,0.1184435545,11.83837085,-0,0.0973523751,-0.1268211349,0.2363744387,0.205111038,1.025027553,0.002179315315,-15.8714363,-0.205111038,-0.002179315315,-15.84235222,-15.84235222,0.03502101216,-0.3168470444,-2.876213977e-06,-1.438106989e-06,9.587379924e-07,-2.876213977e-06,-0.3168470444,-9.108010928e-05,-2.876213977e-06,-1.438106989e-06,9.587379924e-07,-2.876213977e-06,-0.3168470444,-9.108010928e-05,0,0,0,0,0,0
5.33,1,1,5.297027408e-05,3.715109721e-05,-2.636529479e-06,6.567355248e-05,-0.01670984447,-5.129248259e-05,0,0,0,0,-0.006283185307,0,-0.01820020146,-0.009834172011,-0.00188432513,0.001490356985,0.01756329323,0.1222144375,11.83298893,-0,0.09646157429,-0.1284976228,0.1622128,0.2078262543,1.023002899,0.002237826361,-16.37673462,-0.2078262543,-0.002237826361,-16.4245859,-16.4245859,0.03498980787,-0.328491718,-2.396844981e-06,-9.587379924e-07,9.587379924e-07,-2.876213977e-06,-0.328491718,-9.155947828e-05,-2.396844981e-06,-9.587379924e-07,9.587379924e-07,-2.876213977e-06,-0.328491718,-9.155947828e-05,0,0,0,0,0,0
5.34,1,1,5.201153609e-05,3.643204371e-05,-1.917475985e-06,6.543386798e-05,-0.01677264181,-5.177185159e-05,0,0,0,0,-0.005235987756,0,-0.01829863694,-0.009852880372,-0.001857338482,0.001525995134,0.01797565271,0.1261115028,11.82866152,-0,0.09573896292,-0.1313474905,0.08024645777,0.2126279114,1.022015483,0.00230268982,-16.89894137,-0.2126279114,-0.00230268982,-17.03362551,-17.03362551,0.03495888019,-0.3406725103,-4.793689962e-07,4.793689962e-07,-4.793689962e-07,-2.396844981e-06,-0.3406725103,-9.060074028e-05,-4.793689962e-07,4.793689962e-07,-4.793689962e-07,-2.396844981e-06,-0.3406725103,-9.060074028e-05,0,0,0,0,0,0
5.35,1,1,5.129248259e-05,3.667172821e-05,-2.157160483e-06,6.567355248e-05,-0.01683232325,-5.10527981e-05,0,0,0,0,-0.005235987756,0,-0.01839725816,-0.009871318611,-0.001830300915,0.001564934914,0.0184267664,0.1292226297,11.82458043,-0,0.09505217147,-0.1344586175,0.008564753772,0.2178887812,1.022075165,0.00235769919,-17.31583239,-0.2178887812,-0.00235769919,-17.52751411,-17.52751411,0.03492819432,-0.3505502822,9.587379924e-07,-0,-0,-2.876213977e-06,-0.3505502822,-9.203884727e-05,9.587379924e-07,-0,-0,-2.876213977e-06,-0.3505502822,-9.203884727e-05,0,0,0,0,0,0
5.36,1,1,5.177185159e-05,3.73907817e-05,-1.917475985e-06,6.567355248e-05,-0.01688936816,-5.05734291e-05,0,0,0,0,-0.005235987756,0,-0.01849606241,-0.009889486223,-0.001803213169,0.001606694253,0.0189109012,0.1325567268,11.82070839,-0,0.0943956887,-0.1377927146,-0.05445767193,0.2235402484,1.02213221,0.002416691229,-17.7626014,-0.2235402484,-0.002416691229,-18.04301601,-18.04301601,0.03489775757,-0.3608603201,-0,-1.438106989e-06,-4.793689962e-07,-2.876213977e-06,-0.3608603201,-9.299758527e-05,-0,-1.438106989e-06,-4.793689962e-07,-2.876213977e-06,-0.3608603201,-9.299758527e-05,0,0,0,0,0,0
5.37,1,1,5.273058958e-05,3.73907817e-05,-2.157160483e-06,6.567355248e-05,-0.01694353686,-5.10527981e-05,0,0,0,0,-0.005235987756,0,-0.01859504698,-0.00990738271,-0.001776075987,0.001651510128,0.01943083069,0.136132468,11.81705757,-0,0.09377227759,-0.1413684558,-0.1098595992,0.2296152449,1.022186379,0.002479999621,-18.24175072,-0.2296152449,-0.002479999621,-18.58370556,-18.58370556,0.03486762056,-0.3716741112,-1.917475985e-06,-1.438106989e-06,-0,-2.876213977e-06,-0.3716741112,-9.203884727e-05,-1.917475985e-06,-1.438106989e-06,-0,-2.876213977e-06,-0.3716741112,-9.203884727e-05,0,0,0,0,0,0
5.38,1,1,5.297027408e-05,3.73907817e-05,-1.677791487e-06,6.567355248e-05,-0.01700489609,-5.177185159e-05,0,0,0,0,-0.006283185307,0,-0.01869420916,-0.009925007581,-0.001748890113,0.001689313074,0.0198675741,0.1381052143,11.8129527,-0,0.09306607972,-0.1443883996,-0.144814875,0.234694713,1.023297951,0.002519249063,-18.50609872,-0.234694713,-0.002519249063,-18.88812756,-18.88812756,0.03483771075,-0.3777625511,-2.396844981e-06,-1.438106989e-06,-9.587379924e-07,-2.876213977e-06,-0.3777625511,-9.060074028e-05,-2.396844981e-06,-1.438106989e-06,-9.587379924e-07,-2.876213977e-06,-0.3777625511,-9.060074028e-05,0,0,0,0,0,0
5.39,1,1,5.225122059e-05,3.76304662e-05,-2.396844981e-06,6.543386798e-05,-0.01708063639,-5.225122059e-05,0,0,0,0,-0.00837758041,0,-0.01879354623,-0.009942360352,-0.001721656292,0.001712909839,0.0201362845,0.1379056498,11.80793047,-0,0.09219431863,-0.1462832302,-0.1523915282,0.2377678473,1.025475763,0.002524165437,-18.47935708,-0.2377678473,-0.002524165437,-18.87204062,-18.87204062,0.03480789487,-0.3774408124,-9.587379924e-07,-1.917475985e-06,4.793689962e-07,-2.396844981e-06,-0.3774408124,-8.964200229e-05,-9.587379924e-07,-1.917475985e-06,4.793689962e-07,-2.396844981e-06,-0.3774408124,-8.964200229e-05,0,0,0,0,0,0
5.4,1,1,5.201153609e-05,3.715109721e-05,-2.636529479e-06,6.567355248e-05,-0.01718058482,-5.10527981e-05,0,0,0,0,-0.01047197551,0,-0.01889305546,-0.009959440549,-0.001694375271,0.001712470635,0.02012117224,0.1358026851,11.80137858,-0,0.09104384453,-0.1462746606,-0.1236769351,0.237457571,1.027679976,0.002494230265,-18.1975598,-0.237457571,-0.002494230265,-18.56118854,-18.56118854,0.03477803526,-0.3712237708,-4.793689962e-07,-9.587379924e-07,9.587379924e-07,-2.876213977e-06,-0.3712237708,-9.203884727e-05,-4.793689962e-07,-9.587379924e-07,9.587379924e-07,-2.876213977e-06,-0.3712237708,-9.203884727e-05,0,0,0,0,0,0
5.41,1,1,5.177185159e-05,3.73907817e-05,-2.876213977e-06,6.591323698e-05,-0.01730258423,-5.08131136e-05,0,0,0,0,-0.01466076572,0,-0.01899273413,-0.009976247703,-0.001667047798,0.001690149895,0.01984811787,0.1298718541,11.79349749,-0,0.08963942616,-0.1445326198,-0.06833981994,0.2340787282,1.032017084,0.002403402968,-17.40282845,-0.2340787282,-0.002403402968,-17.7076504,-17.7076504,0.03474801143,-0.3541530081,-0,-1.438106989e-06,1.438106989e-06,-3.355582973e-06,-0.3541530081,-9.251821627e-05,-0,-1.438106989e-06,1.438106989e-06,-3.355582973e-06,-0.3541530081,-9.251821627e-05,0,0,0,0,0,0
5.42,1,1,5.201153609e-05,3.715109721e-05,-1.677791487e-06,6.471481449e-05,-0.01745358547,-5.177185159e-05,0,0,0,0,-0.01466076572,0,-0.0190925795,-0.009992781353,-0.001639674622,0.001638994034,0.01923569043,0.1258438476,11.78391963,-0,0.08790096423,-0.1405046133,0.01814988935,0.22667183,1.032168086,0.00232750651,-16.86307558,-0.22667183,-0.00232750651,-17.07392503,-17.07392503,0.03471761663,-0.3414785006,-4.793689962e-07,-9.587379924e-07,-9.587379924e-07,-9.587379924e-07,-0.3414785006,-9.060074028e-05,-4.793689962e-07,-9.587379924e-07,-9.587379924e-07,-9.587379924e-07,-0.3414785006,-9.060074028e-05,0,0,0,0,0,0
5.43,1,1,5.297027408e-05,3.78701507e-05,-2.396844981e-06,6.591323698e-05,-0.01760530575,-5.05734291e-05,0,0,0,0,-0.01361356817,0,-0.01919258884,-0.01000904105,-0.001612256493,0.001587283088,0.01861765674,0.1228164244,11.77449265,-0,0.08615402283,-0.1364299926,0.08868531639,0.2192134624,1.031265206,0.002265542002,-16.45740088,-0.2192134624,-0.002265542002,-16.59019456,-16.59019456,0.03468698266,-0.3318038913,-2.396844981e-06,-2.396844981e-06,4.793689962e-07,-3.355582973e-06,-0.3318038913,-9.299758527e-05,-2.396844981e-06,-2.396844981e-06,4.793689962e-07,-3.355582973e-06,-0.3318038913,-9.299758527e-05,0,0,0,0,0,0
5.44,1,1,5.273058958e-05,3.691141271e-05,-1.677791487e-06,6.495449899e-05,-0.01773809097,-5.08131136e-05,0,0,0,0,-0.01151917306,0,-0.01929275941,-0.01002502634,-0.001584794164,0.001554668441,0.01822522801,0.122348293,11.76640345,-0,0.08462494187,-0.133867466,0.1190671426,0.2144453858,1.029290437,0.002246281871,-16.39467126,-0.2144453858,-0.002246281871,-16.49229578,-16.49229578,0.03465628406,-0.3298459157,-1.917475985e-06,-4.793689962e-07,-9.587379924e-07,-1.438106989e-06,-0.3298459157,-9.251821627e-05,-1.917475985e-06,-4.793689962e-07,-9.587379924e-07,-1.438106989e-06,-0.3298459157,-9.251821627e-05,0,0,0,0,0,0
5.45,1,1,5.177185159e-05,3.619235921e-05,-2.396844981e-06,6.591323698e-05,-0.01785745385,-5.03337446e-05,0,0,0,0,-0.01151917306,0,-0.01939308845,-0.01004073678,-0.001557288387,0.001535634606,0.01799307149,0.1208618137,11.75926017,-0,0.08325029808,-0.1323809868,0.1247601318,0.211585209,1.0294098,0.00221753843,-16.19548304,-0.211585209,-0.00221753843,-16.28452566,-16.28452566,0.03462556501,-0.3256905132,-0,9.587379924e-07,4.793689962e-07,-3.355582973e-06,-0.3256905132,-9.347695426e-05,-0,9.587379924e-07,4.793689962e-07,-3.355582973e-06,-0.3256905132,-9.347695426e-05,0,0,0,0,0,0
5.46,1,1,5.05734291e-05,3.643204371e-05,-2.396844981e-06,6.495449899e-05,-0.01799095811,-5.05734291e-05,0,0,0,0,-0.01361356817,0,-0.01949357323,-0.01005617196,-0.001529739916,0.001502615114,0.01759692406,0.1161703399,11.75141418,-0,0.08171265494,-0.129783908,0.1496996921,0.2067887428,1.031650859,0.002138842294,-15.56682554,-0.2067887428,-0.002138842294,-15.62605343,-15.62605343,0.03459466166,-0.3125210687,2.396844981e-06,4.793689962e-07,4.793689962e-07,-1.438106989e-06,-0.3125210687,-9.299758527e-05,2.396844981e-06,4.793689962e-07,4.793689962e-07,-1.438106989e-06,-0.3125210687,-9.299758527e-05,0,0,0,0,0,0
5.47,1,1,5.177185159e-05,3.73907817e-05,-2.636529479e-06,6.567355248e-05,-0.01812398301,-5.177185159e-05,0,0,0,0,-0.01256637061,0,-0.01959421097,-0.01007133144,-0.001502149506,0.001470227964,0.01720876852,0.1146692752,11.74374687,-0,0.08018038858,-0.1272356459,0.1690183487,0.2020954215,1.030729832,0.002105547907,-15.36568288,-0.2020954215,-0.002105547907,-15.4008655,-15.4008655,0.03456362784,-0.3080173101,-0,-1.438106989e-06,9.587379924e-07,-2.876213977e-06,-0.3080173101,-9.060074028e-05,-0,-1.438106989e-06,9.587379924e-07,-2.876213977e-06,-0.3080173101,-9.060074028e-05,0,0,0,0,0,0
5.48,1,1,5.320995858e-05,3.78701507e-05,-1.917475985e-06,6.567355248e-05,-0.01825197453,-5.129248259e-05,0,0,0,0,-0.01047197551,0,-0.01969499893,-0.01008621481,-0.001474517914,0.001443024404,0.01688199566,0.1146256781,11.73651126,-0,0.07870596634,-0.1250976536,0.1763411477,0.1981357321,1.028751366,0.002094787085,-15.35984086,-0.1981357321,-0.002094787085,-15.38373023,-15.38373023,0.03453250287,-0.3076746047,-2.876213977e-06,-2.396844981e-06,-4.793689962e-07,-2.876213977e-06,-0.3076746047,-9.155947828e-05,-2.876213977e-06,-2.396844981e-06,-4.793689962e-07,-2.876213977e-06,-0.3076746047,-9.155947828e-05,0,0,0,0,0,0
5.49,1,1,5.249090509e-05,3.715109721e-05,-2.636529479e-06,6.543386798e-05,-0.01834688959,-5.10527981e-05,0,0,0,0,-0.007330382858,0,-0.01979593435,-0.01010082167,-0.001446845897,0.001449044756,0.01694541109,0.1182667356,11.73123503,-0,0.07761249142,-0.1255971184,0.1343058179,0.1987906002,1.025690706,0.002146558599,-15.84774257,-0.1987906002,-0.002146558599,-15.91437391,-15.91437391,0.03450154103,-0.3182874782,-1.438106989e-06,-9.587379924e-07,9.587379924e-07,-2.396844981e-06,-0.3182874782,-9.203884727e-05,-1.438106989e-06,-9.587379924e-07,9.587379924e-07,-2.396844981e-06,-0.3182874782,-9.203884727e-05,0,0,0,0,0,0
5.5,1,1,5.249090509e-05,3.691141271e-05,-2.636529479e-06,6.591323698e-05,-0.01841256314,-5.129248259e-05,0,0,0,0,-0.004188790205,0,-0.01989701445,-0.0101151516,-0.001419134215,0.001484451301,0.01735348176,0.1242411325,11.72762888,-0,0.07685585428,-0.1284299227,0.05711103829,0.2035151938,1.02260574,0.002239457419,-16.64831175,-0.2035151938,-0.002239457419,-16.79695536,-16.79695536,0.03447089852,-0.3359391073,-1.438106989e-06,-4.793689962e-07,9.587379924e-07,-3.355582973e-06,-0.3359391073,-9.155947828e-05,-1.438106989e-06,-4.793689962e-07,9.587379924e-07,-3.355582973e-06,-0.3359391073,-9.155947828e-05,0,0,0,0,0,0
5.51,1,1,5.153216709e-05,3.73907817e-05,-2.636529479e-06,6.567355248e-05,-0.01845139203,-5.129248259e-05,0,0,0,0,-0.002094395102,0,-0.01999823646,-0.01012920422,-0.001391383626,0.001546844422,0.01807775823,0.1313105495,11.7255139,-0,0.07640848391,-0.1334049446,-0.04488377351,0.2119710055,1.020546884,0.002355294623,-17.59561364,-0.2119710055,-0.002355294623,-17.85482371,-17.85482371,0.03444069646,-0.3570964742,4.793689962e-07,-1.438106989e-06,9.587379924e-07,-2.876213977e-06,-0.3570964742,-9.155947828e-05,4.793689962e-07,-1.438106989e-06,9.587379924e-07,-2.876213977e-06,-0.3570964742,-9.155947828e-05,0,0,0,0,0,0
5.52,1,1,5.177185159e-05,3.691141271e-05,-2.636529479e-06,6.495449899e-05,-0.01847847638,-5.10527981e-05,0,0,0,0,-0.002094395102,0,-0.0200995976,-0.01014297914,-0.001363594892,0.001621121222,0.0189410031,0.1372277718,11.72404617,-0,0.07609642246,-0.139322167,-0.1450299778,0.2220651949,1.020573968,0.002459434779,-18.38852143,-0.2220651949,-0.002459434779,-18.75807604,-18.75807604,0.03441098292,-0.3751615207,-0,-4.793689962e-07,9.587379924e-07,-1.438106989e-06,-0.3751615207,-9.203884727e-05,-0,-4.793689962e-07,9.587379924e-07,-1.438106989e-06,-0.3751615207,-9.203884727e-05,0,0,0,0,0,0
5.53,1,1,5.201153609e-05,3.73907817e-05,-2.157160483e-06,6.591323698e-05,-0.01850484168,-5.10527981e-05,0,0,0,0,-0.002094395102,0,-0.02020109511,-0.01015647599,-0.001335768774,0.001696253435,0.01981388805,0.1432114905,11.72262336,-0,0.07579264048,-0.1453058856,-0.2279545705,0.2322707469,1.020600333,0.00256462426,-19.19033973,-0.2322707469,-0.00256462426,-19.65312967,-19.65312967,0.03438173432,-0.3930625934,-4.793689962e-07,-1.438106989e-06,-0,-3.355582973e-06,-0.3930625934,-9.203884727e-05,-4.793689962e-07,-1.438106989e-06,-0,-3.355582973e-06,-0.3930625934,-9.203884727e-05,0,0,0,0,0,0
5.54,1,1,5.153216709e-05,3.83495197e-05,-2.396844981e-06,6.567355248e-05,-0.01853935624,-5.05734291e-05,-0.001047197551,0,0,0,-0.003141592654,0,-0.0203027262,-0.0101696944,-0.001307906035,0.001763369952,0.02059243876,0.1475109327,11.72076962,-0,0.07539495432,-0.1506525253,-0.2839513013,0.2413592306,1.021683416,0.00264500304,-19.76646498,-0.2413592306,-0.00264500304,-20.29442051,-20.29442051,0.03435286962,-0.4058884103,0.0001051991241,-3.355582973e-06,4.793689962e-07,-2.876213977e-06,-0.4058884103,-9.299758527e-05,0.0001051991241,-3.355582973e-06,4.793689962e-07,-2.876213977e-06,-0.4058884103,-9.299758527e-05,0,0,0,0,0,0
5.55,1,1,5.320995858e-05,3.78701507e-05,-2.396844981e-06,6.519418349e-05,-0.01857674703,-5.153216709e-05,0,0,0,0,-0.004188790205,0,-0.02040448807,-0.010182634,-0.001280007439,0.001827741044,0.02133846786,0.1515917423,11.71877273,-0,0.07496411754,-0.1557805325,-0.3254192073,0.2500606553,1.022769924,0.002721701585,-20.31329346,-0.2500606553,-0.002721701585,-20.89149503,-20.89149503,0.03432442202,-0.4178299005,-2.876213977e-06,-2.396844981e-06,4.793689962e-07,-1.917475985e-06,-0.4178299005,-9.108010928e-05,-2.876213977e-06,-2.396844981e-06,4.793689962e-07,-1.917475985e-06,-0.4178299005,-9.108010928e-05,0,0,0,0,0,0
5.56,1,1,5.273058958e-05,3.691141271e-05,-2.157160483e-06,6.519418349e-05,-0.01864889206,-5.177185159e-05,0,0,0,0,-0.00837758041,0,-0.02050637794,-0.01019529443,-0.001252073751,0.001857485885,0.02167849035,0.1497849583,11.71495305,-0,0.07413279402,-0.1581625387,-0.3085640605,0.2539624966,1.027044018,0.00270954632,-20.07118442,-0.2539624966,-0.00270954632,-20.63642052,-20.63642052,0.0342960669,-0.4127284104,-1.917475985e-06,-4.793689962e-07,-0,-1.917475985e-06,-0.4127284104,-9.060074028e-05,-1.917475985e-06,-4.793689962e-07,-0,-1.917475985e-06,-0.4127284104,-9.060074028e-05,0,0,0,0,0,0
5.57,1,1,5.201153609e-05,3.619235921e-05,-2.636529479e-06,6.543386798e-05,-0.01874668333,-5.177185159e-05,0,0,0,0,-0.01047197551,0,-0.02060839303,-0.01020767536,-0.001224105737,0.001861709692,0.02171952623,0.1480489317,11.70984548,-0,0.07300588882,-0.1585209073,-0.257876855,0.254332296,1.029246074,0.002687411612,-19.83855685,-0.254332296,-0.002687411612,-20.35345342,-20.35345342,0.03426765562,-0.4070690683,-4.793689962e-07,9.587379924e-07,9.587379924e-07,-2.396844981e-06,-0.4070690683,-9.060074028e-05,-4.793689962e-07,9.587379924e-07,9.587379924e-07,-2.396844981e-06,-0.4070690683,-9.060074028e-05,0,0,0,0,0,0
5.58,1,1,5.297027408e-05,3.667172821e-05,-2.396844981e-06,6.423544549e-05,-0.01887515423,-5.129248259e-05,0,0,0,0.001047197551,-0.01256637061,0,-0.02071053052,-0.01021977643,-0.001196104164,0.001835376293,0.02140302713,0.1438890947,11.7032577,-0,0.07152533908,-0.1564554653,-0.1724262005,0.2504851421,1.031481003,0.002621066795,-19.28113869,-0.2504851421,-0.002621066795,-19.7066711,-19.7066711,0.03423901717,-0.394133422,-2.396844981e-06,-0,4.793689962e-07,-0.0001047197551,-0.394133422,-9.155947828e-05,-2.396844981e-06,-0,4.793689962e-07,-0.0001047197551,-0.394133422,-9.155947828e-05,0,0,0,0,0,0
5.59,1,1,5.249090509e-05,3.715109721e-05,-1.917475985e-06,6.471481449e-05,-0.01902447767,-5.10527981e-05,0,0,0,0,-0.01466076572,0,-0.02081278762,-0.01023159733,-0.001168069799,0.001788309953,0.02084448769,0.138082959,11.69577472,-0,0.06980432843,-0.1527437247,-0.07280998998,0.2437924322,1.033738978,0.002524190154,-18.5031165,-0.2437924322,-0.002524190154,-18.82224311,-18.82224311,0.03421001228,-0.3764448623,-1.438106989e-06,-9.587379924e-07,-4.793689962e-07,-9.587379924e-07,-0.3764448623,-9.203884727e-05,-1.438106989e-06,-9.587379924e-07,-4.793689962e-07,-9.587379924e-07,-0.3764448623,-9.203884727e-05,0,0,0,0,0,0
5.6,1,1,5.201153609e-05,3.667172821e-05,-1.677791487e-06,6.567355248e-05,-0.01917763606,-5.03337446e-05,0,0,0,0,-0.01466076572,0,-0.02091516153,-0.01024313772,-0.00114000341,0.001737525468,0.02024322196,0.1340737893,11.68829365,-0,0.0680389572,-0.148734555,0.01387105496,0.2366087227,1.033892136,0.002449532837,-17.96588776,-0.2366087227,-0.002449532837,-18.19107496,-18.19107496,0.03418074979,-0.3638214992,-4.793689962e-07,-0,-9.587379924e-07,-2.876213977e-06,-0.3638214992,-9.347695426e-05,-4.793689962e-07,-0,-9.587379924e-07,-2.876213977e-06,-0.3638214992,-9.347695426e-05,0,0,0,0,0,0
5.61,1,1,5.225122059e-05,3.643204371e-05,-2.396844981e-06,6.543386798e-05,-0.01933199288,-5.153216709e-05,0,0,0,-0.001047197551,-0.01570796327,0,-0.02101764944,-0.01025439729,-0.001111905768,0.001685656561,0.01963005793,0.1289288501,11.68095254,-0,0.06625961133,-0.1446368134,0.08627897207,0.2292977752,1.035101641,0.002359010881,-17.27646592,-0.2292977752,-0.002359010881,-17.42184373,-17.42184373,0.03415120773,-0.3484368746,-9.587379924e-07,4.793689962e-07,4.793689962e-07,0.0001023229101,-0.3484368746,-9.108010928e-05,-9.587379924e-07,4.793689962e-07,4.793689962e-07,0.0001023229101,-0.3484368746,-9.108010928e-05,0,0,0,0,0,0
5.62,1,1,5.249090509e-05,3.667172821e-05,-2.396844981e-06,6.543386798e-05,-0.01949210212,-5.08131136e-05,0,0,0,0,-0.01466076572,0,-0.02112024854,-0.01026537574,-0.001083777642,0.001628146416,0.01895180445,0.1254276374,11.67354804,-0,0.06441378805,-0.1400884031,0.153565909,0.2212347997,1.034206602,0.002288981607,-16.80730341,-0.2212347997,-0.002288981607,-16.87726128,-16.87726128,0.03412136274,-0.3375452256,-1.438106989e-06,-0,4.793689962e-07,-2.396844981e-06,-0.3375452256,-9.251821627e-05,-1.438106989e-06,-0,4.793689962e-07,-2.396844981e-06,-0.3375452256,-9.251821627e-05,0,0,0,0,0,0
5.63,1,1,5.320995858e-05,3.667172821e-05,-2.636529479e-06,6.591323698e-05,-0.01964981452,-5.03337446e-05,0,0,0,0,-0.01466076572,0,-0.02122295602,-0.01027607275,-0.001055619804,0.001573141493,0.01830360181,0.1210755923,11.66646327,-0,0.06259543573,-0.135736358,0.2050514773,0.2135382982,1.034364315,0.002208285587,-16.22412937,-0.2135382982,-0.002208285587,-16.23482448,-16.23482448,0.03409126657,-0.3246964896,-2.876213977e-06,-0,9.587379924e-07,-3.355582973e-06,-0.3246964896,-9.347695426e-05,-2.876213977e-06,-0,9.587379924e-07,-3.355582973e-06,-0.3246964896,-9.347695426e-05,0,0,0,0,0,0
5.64,1,1,5.320995858e-05,3.595267472e-05,-2.157160483e-06,6.663229047e-05,-0.01977109488,-5.153216709e-05,0,0,0,0,-0.00837758041,0,-0.02132576906,-0.01028648804,-0.001027433026,0.001554674176,0.01808220633,0.1259092668,11.66115588,-0,0.06119702239,-0.1342868472,0.1928944696,0.2108594267,1.028166221,0.002267007418,-16.87184175,-0.2108594267,-0.002267007418,-16.89207371,-16.89207371,0.03406124271,-0.3378414742,-2.876213977e-06,1.438106989e-06,-0,-4.793689962e-06,-0.3378414742,-9.108010928e-05,-2.876213977e-06,1.438106989e-06,-0,-4.793689962e-06,-0.3378414742,-9.108010928e-05,0,0,0,0,0,0
5.65,1,1,5.225122059e-05,3.643204371e-05,-2.396844981e-06,6.567355248e-05,-0.01984084307,-5.10527981e-05,0,0,0,0,-0.004188790205,0,-0.02142868484,-0.01029662131,-0.0009992180802,0.001587841769,0.01846303108,0.132753211,11.65815898,-0,0.06039275572,-0.1369420013,0.108133948,0.2152449515,1.02403402,0.002368992004,-17.78893028,-0.2152449515,-0.002368992004,-17.89841028,-17.89841028,0.03403159083,-0.3579682055,-9.587379924e-07,4.793689962e-07,4.793689962e-07,-2.876213977e-06,-0.3579682055,-9.203884727e-05,-9.587379924e-07,4.793689962e-07,4.793689962e-07,-2.876213977e-06,-0.3579682055,-9.203884727e-05,0,0,0,0,0,0
5.66,1,1,5.225122059e-05,3.667172821e-05,-2.636529479e-06,6.591323698e-05,-0.01988398628,-5.177185159e-05,0,0,0,0,-0.003141592654,0,-0.02153170054,-0.01030647231,-0.0009709757402,0.001647714262,0.01915501028,0.1385783067,11.65632544,-0,0.05989525647,-0.1417198993,0.0005024706831,0.2232770337,1.023028046,0.002465965215,-18.56949309,-0.2232770337,-0.002465965215,-18.79473362,-18.79473362,0.034002402,-0.3758946724,-9.587379924e-07,-0,9.587379924e-07,-3.355582973e-06,-0.3758946724,-9.060074028e-05,-9.587379924e-07,-0,9.587379924e-07,-3.355582973e-06,-0.3758946724,-9.060074028e-05,0,0,0,0,0,0
5.67,1,1,5.249090509e-05,3.715109721e-05,-2.396844981e-06,6.567355248e-05,-0.01990603725,-5.10527981e-05,0,0,0,0,0,0,-0.02163481334,-0.01031604074,-0.0009427067804,0.001728776089,0.02009371799,0.148181236,11.65539427,-0,0.05964097478,-0.148181236,-0.1182912449,0.2342002056,1.019906037,0.002618566396,-19.85628563,-0.2342002056,-0.002618566396,-20.21139565,-20.21139565,0.03397378356,-0.4042279129,-1.438106989e-06,-9.587379924e-07,4.793689962e-07,-2.876213977e-06,-0.4042279129,-9.203884727e-05,-1.438106989e-06,-9.587379924e-07,4.793689962e-07,-2.876213977e-06,-0.4042279129,-9.203884727e-05,0,0,0,0,0,0
5.68,1,1,5.225122059e-05,3.715109721e-05,-2.636529479e-06,6.687197497e-05,-0.01991538495,-5.08131136e-05,0,0,0,0,0,0,-0.02173802041,-0.01032532636,-0.0009144119758,0.001822635465,0.02118129566,0.1556581044,11.65500075,-0,0.05953318057,-0.1556581044,-0.2337322941,0.2468680168,1.019915385,0.002748473915,-20.85818599,-0.2468680168,-0.002748473915,-21.34153477,-21.34153477,0.03394581357,-0.4268306954,-9.587379924e-07,-9.587379924e-07,9.587379924e-07,-5.273058958e-06,-0.4268306954,-9.251821627e-05,-9.587379924e-07,-9.587379924e-07,9.587379924e-07,-5.273058958e-06,-0.4268306954,-9.251821627e-05,0,0,0,0,0,0
5.69,1,1,5.177185159e-05,3.667172821e-05,-2.636529479e-06,6.543386798e-05,-0.01992401359,-5.08131136e-05,0,0,0,0,-0.001047197551,0,-0.02184131893,-0.0103343289,-0.0008860921022,0.001917305335,0.02227802881,0.1621504817,11.65463815,-0,0.05943367777,-0.1631976793,-0.328783215,0.2596423644,1.020971485,0.002866730105,-21.72816455,-0.2596423644,-0.002866730105,-22.31945686,-22.31945686,0.03391850293,-0.4463891372,-0,-0,9.587379924e-07,-2.396844981e-06,-0.4463891372,-9.251821627e-05,-0,-0,9.587379924e-07,-2.396844981e-06,-0.4463891372,-9.251821627e-05,0,0,0,0,0,0
5.7,1,1,5.153216709e-05,3.691141271e-05,-2.157160483e-06,6.519418349e-05,-0.0199362375,-5.03337446e-05,0,0,0,0,-0.001047197551,0,-0.02194470605,-0.01034304812,-0.0008577479359,0.002008468547,0.02333361207,0.1694100388,11.65412552,-0,0.05929271471,-0.1704572364,-0.4012593283,0.2719328438,1.020983709,0.002992786097,-22.7009452,-0.2719328438,-0.002992786097,-23.37713016,-23.37713016,0.03389183307,-0.4675426032,4.793689962e-07,-4.793689962e-07,-0,-1.917475985e-06,-0.4675426032,-9.347695426e-05,4.793689962e-07,-4.793689962e-07,-0,-1.917475985e-06,-0.4675426032,-9.347695426e-05,0,0,0,0,0,0
5.71,1,1,5.273058958e-05,3.83495197e-05,-1.917475985e-06,6.567355248e-05,-0.01996236311,-4.985437561e-05,0,0,0,0,-0.003141592654,0,-0.02204817894,-0.01035148378,-0.000829380254,0.002085815833,0.02422792299,0.1734772958,11.65303405,-0,0.05899143777,-0.1766188884,-0.4401298758,0.2823288116,1.023106423,0.003075015764,-23.24595764,-0.2823288116,-0.003075015764,-23.97149134,-23.97149134,0.0338656756,-0.4794298268,-1.917475985e-06,-3.355582973e-06,-4.793689962e-07,-2.876213977e-06,-0.4794298268,-9.443569225e-05,-1.917475985e-06,-3.355582973e-06,-4.793689962e-07,-2.876213977e-06,-0.4794298268,-9.443569225e-05,0,0,0,0,0,0
5.72,1,1,5.225122059e-05,3.76304662e-05,-2.157160483e-06,6.543386798e-05,-0.02001701117,-5.03337446e-05,0,0,0,0,-0.006283185307,0,-0.02215173478,-0.01035963565,-0.0008009898342,0.002134723601,0.02479063495,0.1742397828,11.65076928,-0,0.05836123081,-0.1805229681,-0.4301861776,0.2888299682,1.026310066,0.003105525457,-23.34813089,-0.2888299682,-0.003105525457,-24.07025256,-24.07025256,0.03383977135,-0.4814050512,-9.587379924e-07,-1.917475985e-06,-0,-2.396844981e-06,-0.4814050512,-9.347695426e-05,-9.587379924e-07,-1.917475985e-06,-0,-2.396844981e-06,-0.4814050512,-9.347695426e-05,0,0,0,0,0,0
5.73,1,1,5.225122059e-05,3.715109721e-05,-1.677791487e-06,6.615292148e-05,-0.02009251179,-5.05734291e-05,0,0,0,0,-0.00837758041,0,-0.02225537071,-0.0103675035,-0.0007725774549,0.002162858917,0.02511125081,0.1744010209,11.64768104,-0,0.05749052156,-0.1827786013,-0.3921403127,0.29248784,1.028487638,0.003119226973,-23.3697368,-0.29248784,-0.003119226973,-24.05748418,-24.05748418,0.03381401161,-0.4811496836,-9.587379924e-07,-9.587379924e-07,-9.587379924e-07,-3.83495197e-06,-0.4811496836,-9.299758527e-05,-9.587379924e-07,-9.587379924e-07,-9.587379924e-07,-3.83495197e-06,-0.4811496836,-9.299758527e-05,0,0,0,0,0,0
5.74,1,1,5.225122059e-05,3.691141271e-05,-2.396844981e-06,6.591323698e-05,-0.02020276666,-5.129248259e-05,0,0,0,0,-0.01256637061,0,-0.0223590839,-0.01037508712,-0.0007441438949,0.002156317238,0.02502807046,0.1697156393,11.64325605,-0,0.056218951,-0.1822820099,-0.3104567437,0.2914082328,1.032808616,0.003058641476,-22.74189567,-0.2914082328,-0.003058641476,-23.34681929,-23.34681929,0.03378807439,-0.4669363857,-9.587379924e-07,-4.793689962e-07,4.793689962e-07,-3.355582973e-06,-0.4669363857,-9.155947828e-05,-9.587379924e-07,-4.793689962e-07,4.793689962e-07,-3.355582973e-06,-0.4669363857,-9.155947828e-05,0,0,0,0,0,0
5.75,1,1,5.273058958e-05,3.715109721e-05,-1.677791487e-06,6.591323698e-05,-0.02036119811,-5.08131136e-05,-0.001047197551,0,0,0,-0.01780235837,0,-0.0224628715,-0.01038238631,-0.0007156899339,0.002101673389,0.02438531805,0.1601631036,11.6370736,-0,0.05439164032,-0.177965462,-0.1735755311,0.2837737408,1.038242787,0.002914657269,-21.46185588,-0.2837737408,-0.002914657269,-21.92211981,-21.92211981,0.03376156959,-0.4384423963,0.0001028022791,-9.587379924e-07,-9.587379924e-07,-3.355582973e-06,-0.4384423963,-9.251821627e-05,0.0001028022791,-9.587379924e-07,-9.587379924e-07,-3.355582973e-06,-0.4384423963,-9.251821627e-05,0,0,0,0,0,0
5.76,1,1,5.416869657e-05,3.76304662e-05,-1.677791487e-06,6.615292148e-05,-0.02056253309,-5.03337446e-05,0,0,0,0,-0.01884955592,0,-0.02256673068,-0.01038940086,-0.0006872163519,0.002004197583,0.02324514797,0.1513933314,11.6295161,-0,0.05206929448,-0.1702428874,-0.0001439747122,0.2703298225,1.039500915,0.002759517275,-20.28670641,-0.2703298225,-0.002759517275,-20.55993973,-20.55993973,0.03373425738,-0.4111987946,-4.793689962e-06,-1.917475985e-06,-9.587379924e-07,-3.83495197e-06,-0.4111987946,-9.347695426e-05,-4.793689962e-06,-1.917475985e-06,-9.587379924e-07,-3.83495197e-06,-0.4111987946,-9.347695426e-05,0,0,0,0,0,0
5.77,1,1,5.320995858e-05,3.73907817e-05,-2.157160483e-06,6.567355248e-05,-0.02077225703,-5.00940601e-05,0,0,0,0,-0.02094395102,0,-0.02267065857,-0.01039613057,-0.0006587239296,0.001898401542,0.02200954425,0.1409086248,11.62199917,-0,0.04964996024,-0.1618525759,0.1535075049,0.2557949049,1.04182587,0.002577774069,-18.88175573,-0.2557949049,-0.002577774069,-18.9866209,-18.9866209,0.03370625524,-0.3797324181,-2.876213977e-06,-1.438106989e-06,-0,-2.876213977e-06,-0.3797324181,-9.395632326e-05,-2.876213977e-06,-1.438106989e-06,-0,-2.876213977e-06,-0.3797324181,-9.395632326e-05,0,0,0,0,0,0
5.78,1,1,5.249090509e-05,3.691141271e-05,-2.157160483e-06,6.663229047e-05,-0.02099204771,-5.03337446e-05,0,0,0,0,-0.02199114858,0,-0.02277465234,-0.01040257528,-0.0006302134479,0.001782604624,0.02065910887,0.1306687271,11.61450996,-0,0.04711426407,-0.1526598757,0.294426436,0.2399454256,1.043104099,0.002394279843,-17.50960943,-0.2399454256,-0.002394279843,-17.4575227,-17.4575227,0.03367755068,-0.349150454,-1.438106989e-06,-4.793689962e-07,-0,-4.793689962e-06,-0.349150454,-9.347695426e-05,-1.438106989e-06,-4.793689962e-07,-0,-4.793689962e-06,-0.349150454,-9.347695426e-05,0,0,0,0,0,0
5.79,1,1,5.273058958e-05,3.691141271e-05,-1.917475985e-06,6.615292148e-05,-0.02121543367,-5.10527981e-05,0,0,0,0,-0.01884955592,0,-0.02287870913,-0.01040873479,-0.0006016856887,0.00166327546,0.01926907198,0.1243290935,11.60730496,-0,0.04453685688,-0.1431786494,0.4135521564,0.2236619948,1.040153816,0.002263276482,-16.66009853,-0.2236619948,-0.002263276482,-16.47247164,-16.47247164,0.03364818713,-0.3294494329,-1.917475985e-06,-4.793689962e-07,-4.793689962e-07,-3.83495197e-06,-0.3294494329,-9.203884727e-05,-1.917475985e-06,-4.793689962e-07,-4.793689962e-07,-3.83495197e-06,-0.3294494329,-9.203884727e-05,0,0,0,0,0,0
5.8,1,1,5.297027408e-05,3.691141271e-05,-2.876213977e-06,6.639260598e-05,-0.02139447799,-5.10527981e-05,0,0,0,-0.001047197551,-0.01466076572,0,-0.02298282608,-0.01041460893,-0.0005731414339,0.001588348096,0.01839551695,0.1225661695,11.60182569,-0,0.04247089858,-0.1372269352,0.4452628536,0.2134215811,1.036108978,0.002211919149,-16.42386671,-0.2134215811,-0.002211919149,-16.19423736,-16.19423736,0.03361859298,-0.3238847472,-2.396844981e-06,-4.793689962e-07,1.438106989e-06,0.0001004054342,-0.3238847472,-9.203884727e-05,-2.396844981e-06,-4.793689962e-07,1.438106989e-06,0.0001004054342,-0.3238847472,-9.203884727e-05,0,0,0,0,0,0
5.81,1,1,5.273058958e-05,3.76304662e-05,-2.636529479e-06,6.639260598e-05,-0.02151503929,-4.961469111e-05,0,0,0,0,-0.009424777961,0,-0.02308700035,-0.01042019756,-0.0005445814662,0.001571961064,0.01820165229,0.1265108925,11.59828412,-0,0.04107968765,-0.1359356705,0.3864687734,0.2111079347,1.030962024,0.002258500636,-16.9524596,-0.2111079347,-0.002258500636,-16.77935726,-16.77935726,0.0335891508,-0.3355871452,-1.917475985e-06,-1.917475985e-06,9.587379924e-07,-4.314320966e-06,-0.3355871452,-9.491506125e-05,-1.917475985e-06,-1.917475985e-06,9.587379924e-07,-4.314320966e-06,-0.3355871452,-9.491506125e-05,0,0,0,0,0,0
5.82,1,1,5.201153609e-05,3.715109721e-05,-3.595267472e-06,6.471481449e-05,-0.02159916855,-4.985437561e-05,0,0,0,0,-0.006283185307,0,-0.02319122908,-0.01042550051,-0.0005160065685,0.001592060534,0.01843110565,0.1312674498,11.59588325,-0,0.04010884694,-0.1375506351,0.2855419699,0.2137249493,1.027892223,0.002327456364,-17.58983827,-0.2137249493,-0.002327456364,-17.52034871,-17.52034871,0.03355998767,-0.3504069742,-4.793689962e-07,-9.587379924e-07,2.876213977e-06,-9.587379924e-07,-0.3504069742,-9.443569225e-05,-4.793689962e-07,-9.587379924e-07,2.876213977e-06,-9.587379924e-07,-0.3504069742,-9.443569225e-05,0,0,0,0,0,0
5.83,1,1,5.129248259e-05,3.715109721e-05,-3.115898475e-06,6.543386798e-05,-0.02164638639,-4.985437561e-05,0,0,0,0,-0.003141592654,0,-0.02329550941,-0.01043051765,-0.0004874175242,0.001649123017,0.01908914236,0.138968654,11.59456112,-0,0.03956394666,-0.1421102466,0.1497664621,0.2213302278,1.024790446,0.002447055205,-18.62179963,-0.2213302278,-0.002447055205,-18.69581046,-18.69581046,0.03353126293,-0.3739162091,9.587379924e-07,-9.587379924e-07,1.917475985e-06,-2.396844981e-06,-0.3739162091,-9.443569225e-05,9.587379924e-07,-9.587379924e-07,1.917475985e-06,-2.396844981e-06,-0.3739162091,-9.443569225e-05,0,0,0,0,0,0
5.84,1,1,5.249090509e-05,3.667172821e-05,-3.355582973e-06,6.543386798e-05,-0.0216895296,-5.00940601e-05,0,0,0,0,-0.003141592654,0,-0.02339983848,-0.01043524882,-0.0004588151171,0.001710308878,0.01979488655,0.143856658,11.59336902,-0,0.03906606053,-0.1469982507,0.03274611091,0.2294894245,1.02483359,0.002531199433,-19.27679218,-0.2294894245,-0.002531199433,-19.47606669,-19.47606669,0.03350296958,-0.3895213338,-1.438106989e-06,-0,2.396844981e-06,-2.396844981e-06,-0.3895213338,-9.395632326e-05,-1.438106989e-06,-0,2.396844981e-06,-2.396844981e-06,-0.3895213338,-9.395632326e-05,0,0,0,0,0,0
5.85,1,1,5.129248259e-05,3.643204371e-05,-3.115898475e-06,6.519418349e-05,-0.02173003628,-4.985437561e-05,0,0,0,0,-0.004188790205,0,-0.02350421343,-0.01043969391,-0.0004302001313,0.00177417715,0.02053162796,0.1479110431,11.59226362,-0,0.03859859415,-0.1520998333,-0.0662817127,0.2380080439,1.025923213,0.002605903495,-19.82007977,-0.2380080439,-0.002605903495,-20.12697543,-20.12697543,0.03347511274,-0.4025395086,9.587379924e-07,4.793689962e-07,1.917475985e-06,-1.917475985e-06,-0.4025395086,-9.443569225e-05,9.587379924e-07,4.793689962e-07,1.917475985e-06,-1.917475985e-06,-0.4025395086,-9.443569225e-05,0,0,0,0,0,0
5.86,1,1,5.249090509e-05,3.715109721e-05,-3.355582973e-06,6.519418349e-05,-0.02177341918,-4.985437561e-05,0,0,0,0.001047197551,-0.004188790205,0,-0.0236086314,-0.01044385278,-0.0004015733514,0.001835212228,0.02123543414,0.1527869401,11.5910946,-0,0.03809792788,-0.1569757303,-0.1431903698,0.246141926,1.025966596,0.002689823815,-20.47344997,-0.246141926,-0.002689823815,-20.86547209,-20.86547209,0.0334476569,-0.4173094419,-1.438106989e-06,-9.587379924e-07,2.396844981e-06,-0.0001066372311,-0.4173094419,-9.443569225e-05,-1.438106989e-06,-9.587379924e-07,2.396844981e-06,-0.0001066372311,-0.4173094419,-9.443569225e-05,0,0,0,0,0,0
5.87,1,1,5.225122059e-05,3.643204371e-05,-2.636529479e-06,6.37560765e-05,-0.02184340705,-4.985437561e-05,0,0,0,-0.001047197551,-0.00837758041,0,-0.02371308953,-0.01044772534,-0.0003729355622,0.001869682483,0.02163128469,0.1513585794,11.58924109,-0,0.03729020812,-0.1597361598,-0.1666968789,0.2506901732,1.030238533,0.002684721262,-20.28204963,-0.2506901732,-0.002684721262,-20.70212141,-20.70212141,0.03342035387,-0.4140424281,-9.587379924e-07,4.793689962e-07,9.587379924e-07,0.0001056784931,-0.4140424281,-9.443569225e-05,-9.587379924e-07,4.793689962e-07,9.587379924e-07,0.0001056784931,-0.4140424281,-9.443569225e-05,0,0,0,0,0,0
5.88,1,1,5.225122059e-05,3.667172821e-05,-1.917475985e-06,6.471481449e-05,-0.02193832211,-5.10527981e-05,0,0,0,0,-0.009424777961,0,-0.02381758496,-0.01045131146,-0.0003442875488,0.001879262845,0.02173874032,0.1510896516,11.58679132,-0,0.03619477825,-0.1605144296,-0.1499675672,0.2518822476,1.031385307,0.002683723927,-20.24601332,-0.2518822476,-0.002683723927,-20.65054686,-20.65054686,0.03339302002,-0.4130109371,-9.587379924e-07,-0,-4.793689962e-07,-9.587379924e-07,-0.4130109371,-9.203884727e-05,-9.587379924e-07,-0,-4.793689962e-07,-9.587379924e-07,-0.4130109371,-9.203884727e-05,0,0,0,0,0,0
5.89,1,1,5.249090509e-05,3.691141271e-05,-1.917475985e-06,6.471481449e-05,-0.02205456909,-5.05734291e-05,0,0,0,0,-0.01047197551,0,-0.02392211481,-0.01045461106,-0.0003156300965,0.001867545715,0.02159959959,0.149124088,11.58389114,-0,0.034853109,-0.1595960635,-0.1056565377,0.2502074103,1.03255396,0.002652634597,-19.98262779,-0.2502074103,-0.002652634597,-20.34114438,-20.34114438,0.0333655582,-0.4068228875,-1.438106989e-06,-4.793689962e-07,-4.793689962e-07,-9.587379924e-07,-0.4068228875,-9.299758527e-05,-1.438106989e-06,-4.793689962e-07,-4.793689962e-07,-9.587379924e-07,-0.4068228875,-9.299758527e-05,0,0,0,0,0,0
5.9,1,1,5.177185159e-05,3.73907817e-05,-1.917475985e-06,6.519418349e-05,-0.02217009702,-4.985437561e-05,0,0,0,0,-0.01047197551,0,-0.02402667622,-0.01045762403,-0.0002869639911,0.001856579201,0.02146937991,0.148264938,11.58111809,-0,0.0335196921,-0.1587369135,-0.07058020692,0.2486394241,1.032669488,0.002635769209,-19.86750169,-0.2486394241,-0.002635769209,-20.18935709,-20.18935709,0.033338068,-0.4037871418,-0,-1.438106989e-06,-4.793689962e-07,-1.917475985e-06,-0.4037871418,-9.443569225e-05,-0,-1.438106989e-06,-4.793689962e-07,-1.917475985e-06,-0.4037871418,-9.443569225e-05,0,0,0,0,0,0
5.91,1,1,5.249090509e-05,3.691141271e-05,-1.917475985e-06,6.639260598e-05,-0.02229185675,-4.985437561e-05,0,0,0,0,-0.01256637061,0,-0.02413126633,-0.01046035031,-0.0002582900184,0.001839409587,0.02126755909,0.1448164829,11.5783132,-0,0.03211429978,-0.1573828535,-0.03244552481,0.2462424602,1.034897706,0.002583447452,-19.40540871,-0.2462424602,-0.002583447452,-19.68668015,-19.68668015,0.03331046332,-0.3937336029,-1.438106989e-06,-4.793689962e-07,-4.793689962e-07,-4.314320966e-06,-0.3937336029,-9.443569225e-05,-1.438106989e-06,-4.793689962e-07,-4.793689962e-07,-4.314320966e-06,-0.3937336029,-9.443569225e-05,0,0,0,0,0,0
5.92,1,1,5.344964308e-05,3.667172821e-05,-3.355582973e-06,6.567355248e-05,-0.02243159281,-5.05734291e-05,0,0,0,0,-0.01466076572,0,-0.02423588227,-0.01046278981,-0.0002296089646,0.001804289464,0.02085820349,0.1399364056,11.57524301,-0,0.03050135992,-0.1545971713,0.02497115788,0.2414387742,1.037146093,0.00250515424,-18.75147834,-0.2414387742,-0.00250515424,-18.97045112,-18.97045112,0.03328260571,-0.3794090223,-3.355582973e-06,-0,2.396844981e-06,-2.876213977e-06,-0.3794090223,-9.299758527e-05,-3.355582973e-06,-0,2.396844981e-06,-2.876213977e-06,-0.3794090223,-9.299758527e-05,0,0,0,0,0,0
5.93,1,1,5.368932758e-05,3.715109721e-05,-2.636529479e-06,6.37560765e-05,-0.02258834647,-5.03337446e-05,0.001047197551,0,0,0,-0.01361356817,0,-0.02434052117,-0.01046494247,-0.0002009216159,0.001752174702,0.02025252649,0.136841442,11.57198804,-0,0.0286919193,-0.1504550101,0.09617283276,0.2343619944,1.036248247,0.002443437068,-18.33675322,-0.2343619944,-0.002443437068,-18.47738582,-18.47738582,0.0332543932,-0.3695477164,-0.0001085547071,-9.587379924e-07,9.587379924e-07,9.587379924e-07,-0.3695477164,-9.347695426e-05,-0.0001085547071,-9.587379924e-07,9.587379924e-07,9.587379924e-07,-0.3695477164,-9.347695426e-05,0,0,0,0,0,0
5.94,1,1,5.273058958e-05,3.619235921e-05,-2.157160483e-06,6.495449899e-05,-0.02273671117,-5.00940601e-05,0,0,0,0,-0.01256637061,0,-0.02444518017,-0.01046680822,-0.0001722287589,0.001708468991,0.01974456317,0.1344150978,11.56909134,-0,0.0269792492,-0.1469814684,0.1419053617,0.2284266548,1.03534256,0.002393875536,-18.01162311,-0.2284266548,-0.002393875536,-18.10053827,-18.10053827,0.03322601622,-0.3620107655,-1.917475985e-06,9.587379924e-07,-0,-1.438106989e-06,-0.3620107655,-9.395632326e-05,-1.917475985e-06,9.587379924e-07,-0,-1.438106989e-06,-0.3620107655,-9.395632326e-05,0,0,0,0,0,0
5.95,1,1,5.273058958e-05,3.643204371e-05,-2.876213977e-06,6.615292148e-05,-0.02285799153,-5.00940601e-05,0,0,0,0,-0.01047197551,0,-0.02454985638,-0.01046838703,-0.0001435311801,0.00169186485,0.01955043384,0.1351963695,11.56685633,-0,0.02557918704,-0.145668345,0.1393394877,0.2261370593,1.033357383,0.002396518219,-18.11631352,-0.2261370593,-0.002396518219,-18.20550761,-18.20550761,0.03319766665,-0.3641101522,-1.917475985e-06,4.793689962e-07,1.438106989e-06,-3.83495197e-06,-0.3641101522,-9.395632326e-05,-1.917475985e-06,4.793689962e-07,1.438106989e-06,-3.83495197e-06,-0.3641101522,-9.395632326e-05,0,0,0,0,0,0
5.96,1,1,5.249090509e-05,3.76304662e-05,-3.355582973e-06,6.615292148e-05,-0.02294547637,-5.00940601e-05,0,0,0,0,-0.006283185307,0,-0.02465454695,-0.01046967883,-0.0001148296663,0.001709070577,0.0197475338,0.140768847,11.56531829,-0,0.02456923731,-0.1470520323,0.08753539411,0.2283865138,1.029238531,0.002473344903,-18.8630255,-0.2283865138,-0.002473344903,-19.00634997,-19.00634997,0.03316954323,-0.3801269993,-1.438106989e-06,-1.917475985e-06,2.396844981e-06,-3.83495197e-06,-0.3801269993,-9.395632326e-05,-1.438106989e-06,-1.917475985e-06,2.396844981e-06,-3.83495197e-06,-0.3801269993,-9.395632326e-05,0,0,0,0,0,0
5.97,1,1,5.320995858e-05,3.715109721e-05,-2.396844981e-06,6.615292148e-05,-0.02300587687,-4.985437561e-05,0,0,0,0,-0.005235987756,0,-0.024759249,-0.01047068361,-8.612500443e-05,0.001753372135,0.02025806632,0.1453615944,11.56429267,-0,0.02387194594,-0.1505975821,0.006472401266,0.234270208,1.028248719,0.002546998317,-19.47845365,-0.234270208,-0.002546998317,-19.70879845,-19.70879845,0.03314183182,-0.3941759691,-2.876213977e-06,-9.587379924e-07,4.793689962e-07,-3.83495197e-06,-0.3941759691,-9.443569225e-05,-2.876213977e-06,-9.587379924e-07,4.793689962e-07,-3.83495197e-06,-0.3941759691,-9.443569225e-05,0,0,0,0,0,0
5.98,1,1,5.320995858e-05,3.619235921e-05,-2.396844981e-06,6.567355248e-05,-0.02306028525,-5.10527981e-05,0,-0.001047197551,0,0,-0.004188790205,0,-0.02486395966,-0.01047140133,-5.741798139e-05,0.001803674417,0.02083802038,0.1504333548,11.56339416,-0,0.02324382283,-0.154622145,-0.06862858783,0.2409582431,1.027253462,0.002628590495,-20.15806954,-0.2409582431,-0.002628590495,-20.47028496,-20.47028496,0.03311448149,-0.4094056992,-2.876213977e-06,0.0001056784931,4.793689962e-07,-2.876213977e-06,-0.4094056992,-9.203884727e-05,-2.876213977e-06,0.0001056784931,4.793689962e-07,-2.876213977e-06,-0.4094056992,-9.203884727e-05,0,0,0,0,0,0
5.99,1,1,5.273058958e-05,3.619235921e-05,-2.876213977e-06,6.567355248e-05,-0.02311277615,-5.03337446e-05,0,0,0,0,-0.004188790205,0,-0.02496867607,-0.01047183196,-2.870938421e-05,0.001855899918,0.02144024129,0.1546116517,11.56255007,-0,0.0226378297,-0.1588004419,-0.1325258546,0.2479038635,1.027305953,0.002699670846,-20.71796132,-0.2479038635,-0.002699670846,-21.10109071,-21.10109071,0.03308749053,-0.4220218143,-1.917475985e-06,9.587379924e-07,1.438106989e-06,-2.876213977e-06,-0.4220218143,-9.347695426e-05,-1.917475985e-06,9.587379924e-07,1.438106989e-06,-2.876213977e-06,-0.4220218143,-9.347695426e-05,0,0,0,0,0,0
6,1,1,5.273058958e-05,3.643204371e-05,-3.115898475e-06,6.543386798e-05,-0.02317365601,-5.00940601e-05,0,0.001047197551,0,0,-0.007330382858,0,-0.02507339535,-0.01047197551,5.693673632e-14,0.001899739332,0.02194553949,0.1549796138,11.56159909,-0,0.02193498055,-0.1623099966,-0.1719504334,0.2537255294,1.030517473,0.002720843041,-20.76726825,-0.2537255294,-0.002720843041,-21.19566505,-21.19566505,0.03306078309,-0.423913301,-1.917475985e-06,-0.0001042403861,1.917475985e-06,-2.396844981e-06,-0.423913301,-9.395632326e-05,-1.917475985e-06,-0.0001042403861,1.917475985e-06,-2.396844981e-06,-0.423913301,-9.395632326e-05,0,0,0,0,0,0
6.01,1,1,5.249090509e-05,3.667172821e-05,-2.157160483e-06,6.423544549e-05,-0.02326449644,-5.08131136e-05,0,0,0,0,-0.01047197551,0,-0.02517811462,-0.01047183196,2.870938432e-05,0.001913618184,0.02210453687,0.1529573616,11.56023601,-0,0.02088622605,-0.1634293371,-0.1601211228,0.2555336631,1.033763888,0.002700103558,-20.49628645,-0.2555336631,-0.002700103558,-20.91464134,-20.91464134,0.03303407157,-0.4182928268,-1.438106989e-06,-0,-0,-0,-0.4182928268,-9.251821627e-05,-1.438106989e-06,-0,-0,-0,-0.4182928268,-9.251821627e-05,0,0,0,0,0,0
6.02,1,1,5.249090509e-05,3.643204371e-05,-1.917475985e-06,6.519418349e-05,-0.02337235446,-5.03337446e-05,0,0,0,0,-0.01151917306,0,-0.02528283103,-0.01047140133,5.74179815e-05,0.001910476566,0.02206692776,0.1516712091,11.55870446,-0,0.01964098071,-0.1631903822,-0.126032541,0.2550650964,1.0349247,0.002681241792,-20.32394202,-0.2550650964,-0.002681241792,-20.7077209,-20.7077209,0.0330072996,-0.414154418,-1.438106989e-06,4.793689962e-07,-4.793689962e-07,-1.917475985e-06,-0.414154418,-9.347695426e-05,-1.438106989e-06,4.793689962e-07,-4.793689962e-07,-1.917475985e-06,-0.414154418,-9.347695426e-05,0,0,0,0,0,0
6.03,1,1,5.201153609e-05,3.76304662e-05,-2.396844981e-06,6.471481449e-05,-0.02348572523,-5.08131136e-05,0,0,0,0,-0.01047197551,0,-0.02538754169,-0.01047068361,8.612500454e-05,0.001901816462,0.02196571897,0.1520386093,11.55719629,-0,0.0183320649,-0.1625105848,-0.09069266354,0.2538621257,1.033985116,0.0026806787,-20.37317364,-0.2538621257,-0.0026806787,-20.72040911,-20.72040911,0.03298048216,-0.4144081822,-4.793689962e-07,-1.917475985e-06,4.793689962e-07,-9.587379924e-07,-0.4144081822,-9.251821627e-05,-4.793689962e-07,-1.917475985e-06,4.793689962e-07,-9.587379924e-07,-0.4144081822,-9.251821627e-05,0,0,0,0,0,0
6.04,1,1,5.225122059e-05,3.619235921e-05,-2.636529479e-06,6.591323698e-05,-0.02358639272,-5.00940601e-05,0,0,0,0,-0.009424777961,0,-0.02549224374,-0.01046967883,0.0001148296664,0.001905851024,0.02201140105,0.1534189389,11.5559444,-0,0.01716979428,-0.1628437169,-0.0803703167,0.2543625268,1.033033377,0.002697851464,-20.55813782,-0.2543625268,-0.002697851464,-20.89556851,-20.89556851,0.03295377654,-0.4179113702,-9.587379924e-07,9.587379924e-07,9.587379924e-07,-3.355582973e-06,-0.4179113702,-9.395632326e-05,-9.587379924e-07,9.587379924e-07,9.587379924e-07,-3.355582973e-06,-0.4179113702,-9.395632326e-05,0,0,0,0,0,0
6.05,1,1,5.249090509e-05,3.691141271e-05,-1.917475985e-06,6.567355248e-05,-0.0236702823,-5.08131136e-05,0.001047197551,0,0,0,-0.007330382858,0,-0.02559693431,-0.01046838703,0.0001435311802,0.001926652018,0.02225097615,0.1571849046,11.55496388,-0,0.01620122209,-0.1645152875,-0.09666780659,0.2571092256,1.031014099,0.002751064837,-21.06277722,-0.2571092256,-0.002751064837,-21.41930532,-21.41930532,0.03292729132,-0.4283861063,-0.0001061578621,-4.793689962e-07,-4.793689962e-07,-2.876213977e-06,-0.4283861063,-9.251821627e-05,-0.0001061578621,-4.793689962e-07,-4.793689962e-07,-2.876213977e-06,-0.4283861063,-9.251821627e-05,0,0,0,0,0,0
6.06,1,1,5.249090509e-05,3.667172821e-05,-2.636529479e-06,6.519418349e-05,-0.02375177502,-5.05734291e-05,0,0,0,0,-0.007330382858,0,-0.02570161053,-0.01046680822,0.000172228759,0.001949835504,0.02251820502,0.1590468381,11.55406594,-0,0.01526031247,-0.1663772209,-0.113185174,0.2601768256,1.031095592,0.002781869117,-21.3122763,-0.2601768256,-0.002781869117,-21.68842017,-21.68842017,0.03290101018,-0.4337684034,-1.438106989e-06,-0,9.587379924e-07,-1.917475985e-06,-0.4337684034,-9.299758527e-05,-1.438106989e-06,-0,9.587379924e-07,-1.917475985e-06,-0.4337684034,-9.299758527e-05,0,0,0,0,0,0
6.07,1,1,5.177185159e-05,3.73907817e-05,-2.636529479e-06,6.615292148e-05,-0.02382775501,-5.03337446e-05,0,-0.001047197551,0,0.001047197551,-0.007330382858,-0.001047197551,-0.02580626952,-0.01046494247,0.000200921616,0.001978514511,0.02284905171,0.1613477822,11.55327718,-0,0.01438304347,-0.168678165,-0.1345508113,0.2639814278,1.031171571,0.002820293429,-21.62060281,-0.2639814278,-0.002820293429,-22.02195535,-22.02195535,0.03287495287,-0.4404391069,-0,0.0001032816481,9.587379924e-07,-0.0001085547071,-0.4404391069,1.124280086e-05,-0,0.0001032816481,9.587379924e-07,-0.0001085547071,-0.4404391069,1.124280086e-05,0,0,0,0,0,0
6.08,1,1,5.177185159e-05,3.78701507e-05,-2.157160483e-06,6.615292148e-05,-0.02392482723,-5.05734291e-05,0,0,0,0,-0.009424777961,0,-0.02591090842,-0.01046278981,0.0002296089647,0.00198608119,0.02293612268,0.1598685246,11.55233746,-0,0.01326223038,-0.1692933026,-0.1204916765,0.2649658292,1.033371812,0.00280415166,-21.4223823,-0.2649658292,-0.00280415166,-21.81064396,-21.81064396,0.03284890481,-0.4362128792,-0,-2.396844981e-06,-0,-3.83495197e-06,-0.4362128792,-9.299758527e-05,-0,-2.396844981e-06,-0,-3.83495197e-06,-0.4362128792,-9.299758527e-05,0,0,0,0,0,0
6.09,1,1,5.225122059e-05,3.73907817e-05,-2.876213977e-06,6.519418349e-05,-0.02405042191,-5.00940601e-05,0,0,0,0,-0.01361356817,0,-0.02601552436,-0.01046035031,0.0002582900185,0.001965102452,0.02269361711,0.1540146247,11.55123479,-0,0.01181207357,-0.1676281928,-0.06714697854,0.2621392994,1.037710322,0.002722028177,-20.63795971,-0.2621392994,-0.002722028177,-20.96996801,-20.96996801,0.03282263132,-0.4193993602,-9.587379924e-07,-1.438106989e-06,1.438106989e-06,-1.917475985e-06,-0.4193993602,-9.395632326e-05,-9.587379924e-07,-1.438106989e-06,1.438106989e-06,-1.917475985e-06,-0.4193993602,-9.395632326e-05,0,0,0,0,0,0
6.1,1,1,5.273058958e-05,3.619235921e-05,-2.157160483e-06,6.471481449e-05,-0.02420573746,-5.129248259e-05,0,0,0,0,-0.01466076572,-0.001047197551,-0.02612011447,-0.01045762403,0.0002869639912,0.001914377008,0.02210774632,0.148924728,11.55004769,-0,0.01001872437,-0.1635854938,0.01948147947,0.2553455243,1.038920238,0.002636068058,-19.95591356,-0.2553455243,-0.002636068058,-20.19441367,-20.19441367,0.03279592464,-0.4038882734,-1.917475985e-06,9.587379924e-07,-0,-9.587379924e-07,-0.4038882734,1.316027684e-05,-1.917475985e-06,9.587379924e-07,-0,-9.587379924e-07,-0.4038882734,1.316027684e-05,0,0,0,0,0,0
6.11,1,1,5.273058958e-05,3.73907817e-05,-2.157160483e-06,6.591323698e-05,-0.02436824355,-5.05734291e-05,0,0,0,0,-0.01466076572,0,-0.02622467589,-0.01045461106,0.0003156300966,0.001856432333,0.02143876208,0.1443031375,11.54901452,-0,0.008142323934,-0.1589639032,0.100380325,0.2475965745,1.039082744,0.002552956644,-19.33662042,-0.2475965745,-0.002552956644,-19.48638963,-19.48638963,0.03276886613,-0.3897277925,-1.917475985e-06,-1.438106989e-06,-0,-3.355582973e-06,-0.3897277925,-9.299758527e-05,-1.917475985e-06,-1.438106989e-06,-0,-3.355582973e-06,-0.3897277925,-9.299758527e-05,0,0,0,0,0,0
6.12,1,1,5.297027408e-05,3.78701507e-05,-2.157160483e-06,6.591323698e-05,-0.02452787343,-5.03337446e-05,0,0,0,0,-0.01675516082,0,-0.02632920574,-0.01045131146,0.0003442875489,0.001801332308,0.02080288062,0.1378124129,11.54820755,-0,0.006299113166,-0.1545675737,0.1627300476,0.2402359831,1.041353218,0.002446749452,-18.46686333,-0.2402359831,-0.002446749452,-18.54681601,-18.54681601,0.03274148929,-0.3709363202,-2.396844981e-06,-2.396844981e-06,-0,-3.355582973e-06,-0.3709363202,-9.347695426e-05,-2.396844981e-06,-2.396844981e-06,-0,-3.355582973e-06,-0.3709363202,-9.347695426e-05,0,0,0,0,0,0
6.13,1,1,5.201153609e-05,3.76304662e-05,-2.157160483e-06,6.543386798e-05,-0.02469709068,-5.10527981e-05,0,0,0,0,-0.01570796327,0,-0.02643370116,-0.01044772534,0.0003729355623,0.001736610476,0.02005611353,0.1336919636,11.54757709,-0,0.004345181627,-0.1493999269,0.2274507543,0.231599517,1.040466739,0.002367547194,-17.91472313,-0.231599517,-0.002367547194,-17.92123944,-17.92123944,0.0327137195,-0.3584247888,-4.793689962e-07,-1.917475985e-06,-0,-2.396844981e-06,-0.3584247888,-9.203884727e-05,-4.793689962e-07,-1.917475985e-06,-0,-2.396844981e-06,-0.3584247888,-9.203884727e-05,0,0,0,0,0,0
6.14,1,1,5.344964308e-05,3.691141271e-05,-1.917475985e-06,6.543386798e-05,-0.02487301911,-5.153216709e-05,0,0,0,0,-0.01570796327,0,-0.02653815929,-0.01044385278,0.0004015733516,0.001665140183,0.01923162773,0.127982348,11.54716705,-0,0.002313743938,-0.1436903112,0.2904153101,0.222070818,1.040642667,0.002265252885,-17.14963463,-0.222070818,-0.002265252885,-17.08355539,-17.08355539,0.03268555157,-0.3416711078,-3.355582973e-06,-4.793689962e-07,-4.793689962e-07,-2.396844981e-06,-0.3416711078,-9.108010928e-05,-3.355582973e-06,-4.793689962e-07,-4.793689962e-07,-2.396844981e-06,-0.3416711078,-9.108010928e-05,0,0,0,0,0,0
6.15,1,1,5.273058958e-05,3.715109721e-05,-3.115898475e-06,6.711165947e-05,-0.02501898697,-5.05734291e-05,0,0,0,-0.001047197551,-0.01361356817,0,-0.02664257726,-0.01043969391,0.0004302001315,0.001623590296,0.0187528122,0.1267582819,11.54701675,-0,0.000628253827,-0.14037185,0.2970510021,0.2165390366,1.038678887,0.002233194374,-16.98560977,-0.2165390366,-0.002233194374,-16.907331,-16.907331,0.03265727174,-0.33814662,-1.917475985e-06,-9.587379924e-07,1.917475985e-06,9.896732717e-05,-0.33814662,-9.299758527e-05,-1.917475985e-06,-9.587379924e-07,1.917475985e-06,9.896732717e-05,-0.33814662,-9.299758527e-05,0,0,0,0,0,0
6.16,1,1,5.320995858e-05,3.76304662e-05,-3.355582973e-06,6.615292148e-05,-0.02511557982,-5.03337446e-05,0,0,0,0,-0.007330382858,0,-0.02674695221,-0.01043524882,0.0004588151172,0.001631372395,0.0188437816,0.1336685677,11.54701198,0,-0.0004871042984,-0.1409989505,0.230024185,0.2175893719,1.032459396,0.00232482096,-17.91158807,-0.2175893719,-0.00232482096,-17.90147807,-17.90147807,0.03262925496,-0.3580295615,-2.876213977e-06,-1.917475985e-06,2.396844981e-06,-3.83495197e-06,-0.3580295615,-9.347695426e-05,-2.876213977e-06,-1.917475985e-06,2.396844981e-06,-3.83495197e-06,-0.3580295615,-9.347695426e-05,0,0,0,0,0,0
6.17,1,1,5.249090509e-05,3.78701507e-05,-3.595267472e-06,6.567355248e-05,-0.02517262473,-5.177185159e-05,0,0,0,0,-0.003141592654,0,-0.02685128128,-0.01043051765,0.0004874175243,0.001678656555,0.01939102753,0.1416449579,11.54704458,0,-0.001145802002,-0.1447865506,0.1177877353,0.2239090592,1.028316685,0.002441750114,-18.98042436,-0.2239090592,-0.002441750114,-19.08898743,-19.08898743,0.03260167861,-0.3817797487,-1.438106989e-06,-2.396844981e-06,2.876213977e-06,-2.876213977e-06,-0.3817797487,-9.060074028e-05,-1.438106989e-06,-2.396844981e-06,2.876213977e-06,-2.876213977e-06,-0.3817797487,-9.060074028e-05,0,0,0,0,0,0
6.18,1,1,5.225122059e-05,3.81098352e-05,-3.83495197e-06,6.663229047e-05,-0.02519922971,-5.129248259e-05,0,0,0,0,-0.001047197551,0,-0.02695556161,-0.01042550051,0.0005160065686,0.001756331905,0.0202893564,0.149959192,11.54706878,0,-0.001453009641,-0.1510063895,-0.01817382937,0.2342825938,1.026246701,0.002572545195,-20.09453172,-0.2342825938,-0.002572545195,-20.34956069,-20.34956069,0.0325747305,-0.4069912138,-9.587379924e-07,-2.876213977e-06,3.355582973e-06,-4.793689962e-06,-0.4069912138,-9.155947828e-05,-9.587379924e-07,-2.876213977e-06,3.355582973e-06,-4.793689962e-06,-0.4069912138,-9.155947828e-05,0,0,0,0,0,0
6.19,1,1,5.249090509e-05,3.73907817e-05,-3.355582973e-06,6.591323698e-05,-0.0252116933,-5.05734291e-05,0,0,0,0,0,0,-0.02705979034,-0.01042019756,0.0005445814663,0.00184809704,0.02135054538,0.1583544625,11.54708208,0,-0.001596926698,-0.1583544625,-0.1495847406,0.2465365,1.025211693,0.002708894408,-21.21949798,-0.2465365,-0.002708894408,-21.61832811,-21.61832811,0.03254842845,-0.4323665622,-1.438106989e-06,-1.438106989e-06,2.396844981e-06,-3.355582973e-06,-0.4323665622,-9.299758527e-05,-1.438106989e-06,-1.438106989e-06,2.396844981e-06,-3.355582973e-06,-0.4323665622,-9.299758527e-05,0,0,0,0,0,0
6.2,1,1,5.225122059e-05,3.78701507e-05,-2.876213977e-06,6.471481449e-05,-0.0252224791,-5.08131136e-05,0,0,0,0,-0.001047197551,0,-0.02716396461,-0.01041460893,0.000573141434,0.001941485508,0.02243065268,0.1647861921,11.54709461,0,-0.001721470286,-0.1658333897,-0.2589477605,0.2590088686,1.026269951,0.002822511797,-22.08134974,-0.2590088686,-0.002822511797,-22.60212889,-22.60212889,0.0325227929,-0.4520425777,-9.587379924e-07,-2.396844981e-06,1.438106989e-06,-9.587379924e-07,-0.4520425777,-9.251821627e-05,-9.587379924e-07,-2.396844981e-06,1.438106989e-06,-9.587379924e-07,-0.4520425777,-9.251821627e-05,0,0,0,0,0,0
6.21,1,1,5.297027408e-05,3.667172821e-05,-2.157160483e-06,6.543386798e-05,-0.02523662049,-5.05734291e-05,0,0,0,0,-0.001047197551,0,-0.02726808157,-0.01040873479,0.0006016856888,0.002031461079,0.02347153327,0.1719930459,11.54711246,0,-0.001884760737,-0.1730402435,-0.3433070125,0.2710284342,1.026284092,0.00294376373,-23.04706816,-0.2710284342,-0.00294376373,-23.66434737,-23.66434737,0.03249779101,-0.4732869474,-2.396844981e-06,-0,-0,-2.396844981e-06,-0.4732869474,-9.299758527e-05,-2.396844981e-06,-0,-0,-2.396844981e-06,-0.4732869474,-9.299758527e-05,0,0,0,0,0,0
6.22,1,1,5.249090509e-05,3.691141271e-05,-2.876213977e-06,6.615292148e-05,-0.0252627461,-5.05734291e-05,0,0,0,0,-0.003141592654,0,-0.02737213836,-0.01040257528,0.000630213448,0.002109392257,0.02437352661,0.1761427435,11.54714969,0,-0.002186432825,-0.1792843361,-0.394341018,0.2814447602,1.028406806,0.003024989173,-23.60312762,-0.2814447602,-0.003024989173,-24.28193839,-24.28193839,0.03247332203,-0.4856387678,-1.438106989e-06,-4.793689962e-07,1.438106989e-06,-3.83495197e-06,-0.4856387678,-9.299758527e-05,-1.438106989e-06,-4.793689962e-07,1.438106989e-06,-3.83495197e-06,-0.4856387678,-9.299758527e-05,0,0,0,0,0,0
6.23,1,1,5.297027408e-05,3.73907817e-05,-2.396844981e-06,6.663229047e-05,-0.02531331953,-5.05734291e-05,0,0,0,0,-0.006283185307,0,-0.02747613212,-0.01039613057,0.0006587239297,0.002162812594,0.02499268706,0.1772846974,11.54723743,0,-0.002770403121,-0.1835678827,-0.3998572857,0.2885964913,1.031606374,0.003061294764,-23.75614946,-0.2885964913,-0.003061294764,-24.44766453,-24.44766453,0.03244917202,-0.4889532906,-2.396844981e-06,-1.438106989e-06,4.793689962e-07,-4.793689962e-06,-0.4889532906,-9.299758527e-05,-2.396844981e-06,-1.438106989e-06,4.793689962e-07,-4.793689962e-06,-0.4889532906,-9.299758527e-05,0,0,0,0,0,0
6.24,1,1,5.273058958e-05,3.78701507e-05,-2.396844981e-06,6.567355248e-05,-0.02540392027,-5.10527981e-05,0,0,0,0,-0.01151917306,0,-0.02758006002,-0.01038940086,0.0006872163521,0.002176139749,0.02514907948,0.1731239821,11.54744631,0,-0.003816566048,-0.1846431552,-0.3450096473,0.290407645,1.036956266,0.00301828839,-23.19861361,-0.290407645,-0.00301828839,-23.83704919,-23.83704919,0.03242499928,-0.4767409838,-1.917475985e-06,-2.396844981e-06,4.793689962e-07,-2.876213977e-06,-0.4767409838,-9.203884727e-05,-1.917475985e-06,-2.396844981e-06,4.793689962e-07,-2.876213977e-06,-0.4767409838,-9.203884727e-05,0,0,0,0,0,0
6.25,1,1,5.225122059e-05,3.81098352e-05,-2.396844981e-06,6.615292148e-05,-0.02554605318,-5.177185159e-05,0,0,0,0,-0.01675516082,0,-0.02768391919,-0.01038238631,0.0007156899341,0.002137866014,0.02470979001,0.1648322739,11.5479077,0,-0.005457762093,-0.1815874348,-0.224289518,0.2853463743,1.042371398,0.00290161999,-22.08752471,-0.2853463743,-0.00290161999,-22.60006222,-22.60006222,0.03240035503,-0.4520012444,-9.587379924e-07,-2.876213977e-06,4.793689962e-07,-3.83495197e-06,-0.4520012444,-9.060074028e-05,-9.587379924e-07,-2.876213977e-06,4.793689962e-07,-3.83495197e-06,-0.4520012444,-9.060074028e-05,0,0,0,0,0,0
6.26,1,1,5.249090509e-05,3.78701507e-05,-2.876213977e-06,6.495449899e-05,-0.02574954532,-5.08131136e-05,0,0,0,0,-0.02199114858,0,-0.0277877068,-0.01037508712,0.0007441438951,0.00203816148,0.02356120416,0.1516197617,11.54885259,0,-0.007807447706,-0.1736109103,-0.03622504033,0.2721048737,1.047861597,0.00269509988,-20.31704807,-0.2721048737,-0.00269509988,-20.62807308,-20.62807308,0.03237473604,-0.4125614617,-1.438106989e-06,-2.396844981e-06,1.438106989e-06,-1.438106989e-06,-0.4125614617,-9.251821627e-05,-1.438106989e-06,-2.396844981e-06,1.438106989e-06,-1.438106989e-06,-0.4125614617,-9.251821627e-05,0,0,0,0,0,0
6.27,1,1,5.225122059e-05,3.691141271e-05,-2.636529479e-06,6.471481449e-05,-0.02598036149,-5.10527981e-05,0,-0.001047197551,0,0,-0.02199114858,0,-0.02789141999,-0.0103675035,0.000772577455,0.001911058498,0.02209616834,0.1414449008,11.55032968,0,-0.01047259915,-0.1634360494,0.1571089447,0.255218029,1.048092413,0.002513291263,-18.95361671,-0.255218029,-0.002513291263,-19.05423908,-19.05423908,0.03234821438,-0.3810847816,-9.587379924e-07,0.0001042403861,9.587379924e-07,-9.587379924e-07,-0.3810847816,-9.203884727e-05,-9.587379924e-07,0.0001042403861,9.587379924e-07,-9.587379924e-07,-0.3810847816,-9.203884727e-05,0,0,0,0,0,0
6.28,1,1,5.297027408e-05,3.667172821e-05,-2.157160483e-06,6.543386798e-05,-0.02623874138,-5.10527981e-05,0,0,0,0,-0.02617993878,0,-0.02799505592,-0.01035963565,0.0008009898343,0.001756314542,0.02031166658,0.1248622445,11.55249443,0,-0.01345595209,-0.1510421832,0.3562157033,0.234650415,1.052590027,0.002235823726,-16.73154076,-0.234650415,-0.002235823726,-16.61221129,-16.61221129,0.03232066498,-0.3322442259,-2.396844981e-06,-0,-0,-2.396844981e-06,-0.3322442259,-9.203884727e-05,-2.396844981e-06,-0,-0,-2.396844981e-06,-0.3322442259,-9.203884727e-05,0,0,0,0,0,0
6.29,1,1,5.297027408e-05,3.691141271e-05,-2.157160483e-06,6.591323698e-05,-0.02652156908,-5.129248259e-05,0,0,0,0,-0.02617993878,0,-0.02809861175,-0.01035148378,0.0008293802541,0.001577042668,0.01824335928,0.1104981005,11.55548347,0,-0.01672148519,-0.1366780393,0.5532816083,0.2108108366,1.052872855,0.001977932029,-14.80674547,-0.2108108366,-0.001977932029,-14.46625263,-14.46625263,0.03229206423,-0.2893250526,-2.396844981e-06,-4.793689962e-07,-0,-3.355582973e-06,-0.2893250526,-9.155947828e-05,-2.396844981e-06,-4.793689962e-07,-0,-3.355582973e-06,-0.2893250526,-9.155947828e-05,0,0,0,0,0,0
6.3,1,1,5.297027408e-05,3.643204371e-05,-2.396844981e-06,6.567355248e-05,-0.02675046778,-5.03337446e-05,0,0,0,0,-0.01989675347,0,-0.02820208465,-0.01034304812,0.000857747936,0.001451616868,0.01679676885,0.1067285141,11.55837692,0,-0.01936425637,-0.1266252676,0.6346123586,0.1941433854,1.046746191,0.00188659137,-14.30162089,-0.1941433854,-0.00188659137,-13.86303851,-13.86303851,0.03226304588,-0.2772607702,-2.396844981e-06,4.793689962e-07,4.793689962e-07,-2.876213977e-06,-0.2772607702,-9.347695426e-05,-2.396844981e-06,4.793689962e-07,4.793689962e-07,-2.876213977e-06,-0.2772607702,-9.347695426e-05,0,0,0,0,0,0
6.31,1,1,5.273058958e-05,3.667172821e-05,-2.636529479e-06,6.543386798e-05,-0.02694221538,-5.03337446e-05,0,0,0,0,-0.01780235837,0,-0.02830547177,-0.0103343289,0.0008860921023,0.001363256391,0.01577826417,0.1017386391,11.56112763,0,-0.02157801861,-0.1195409974,0.647488898,0.1824145258,1.044823805,0.001790163189,-13.63297763,-0.1824145258,-0.001790163189,-13.16969342,-13.16969342,0.03223375874,-0.2633938685,-1.917475985e-06,-0,9.587379924e-07,-2.396844981e-06,-0.2633938685,-9.347695426e-05,-1.917475985e-06,-0,9.587379924e-07,-2.396844981e-06,-0.2633938685,-9.347695426e-05,0,0,0,0,0,0
6.32,1,1,5.201153609e-05,3.571299022e-05,-2.396844981e-06,6.495449899e-05,-0.02710160557,-5.03337446e-05,0,0,0,0,-0.01361356817,0,-0.02840877028,-0.01032532636,0.0009144119759,0.001307164712,0.01513263461,0.1014282623,11.56364112,0,-0.02341814844,-0.1150418304,0.6103958257,0.1749883557,1.040761506,0.001769234829,-13.59138714,-0.1749883557,-0.001769234829,-13.15774891,-13.15774891,0.03220433789,-0.2631549781,-4.793689962e-07,1.917475985e-06,4.793689962e-07,-1.438106989e-06,-0.2631549781,-9.347695426e-05,-4.793689962e-07,1.917475985e-06,4.793689962e-07,-1.438106989e-06,-0.2631549781,-9.347695426e-05,0,0,0,0,0,0
6.33,1,1,5.201153609e-05,3.667172821e-05,-2.876213977e-06,6.543386798e-05,-0.02722552246,-4.937500661e-05,0,0,0,0,-0.01047197551,0,-0.02851197735,-0.01031604074,0.0009427067805,0.001286454897,0.01489610246,0.1029061353,11.56573766,0,-0.02484870477,-0.1133781109,0.5281516036,0.1722844132,1.037724914,0.001782926511,-13.78942214,-0.1722844132,-0.001782926511,-13.43533787,-13.43533787,0.03217496622,-0.2687067574,-4.793689962e-07,-0,1.438106989e-06,-2.396844981e-06,-0.2687067574,-9.539443025e-05,-4.793689962e-07,-0,1.438106989e-06,-2.396844981e-06,-0.2687067574,-9.539443025e-05,0,0,0,0,0,0
6.34,1,1,5.273058958e-05,3.76304662e-05,-2.396844981e-06,6.639260598e-05,-0.02730198181,-5.00940601e-05,0,0,0,0,-0.004188790205,0,-0.02861509015,-0.01030647231,0.0009709757403,0.001313108343,0.01520747284,0.111322533,11.56709348,0,-0.02573136957,-0.1155113232,0.3910604522,0.1759062598,1.031495159,0.001903933844,-14.91721942,-0.1759062598,-0.001903933844,-14.70396916,-14.70396916,0.03214588628,-0.2940793832,-1.917475985e-06,-1.917475985e-06,4.793689962e-07,-4.314320966e-06,-0.2940793832,-9.395632326e-05,-1.917475985e-06,-1.917475985e-06,4.793689962e-07,-4.314320966e-06,-0.2940793832,-9.395632326e-05,0,0,0,0,0,0
6.35,1,1,5.225122059e-05,3.78701507e-05,-2.876213977e-06,6.663229047e-05,-0.02733817417,-4.985437561e-05,0,0,0,0,-0.001047197551,0,-0.02871810586,-0.01029662131,0.0009992180803,0.001379931687,0.01598373054,0.1198187754,11.56775181,0,-0.02614917748,-0.1208659729,0.2205017504,0.1848958279,1.028385646,0.002035091828,-16.0557159,-0.1848958279,-0.002035091828,-16.02214507,-16.02214507,0.03211728446,-0.3204429015,-9.587379924e-07,-2.396844981e-06,1.438106989e-06,-4.793689962e-06,-0.3204429015,-9.443569225e-05,-9.587379924e-07,-2.396844981e-06,1.438106989e-06,-4.793689962e-06,-0.3204429015,-9.443569225e-05,0,0,0,0,0,0
6.36,1,1,5.273058958e-05,3.76304662e-05,-2.157160483e-06,6.567355248e-05,-0.02735255524,-5.08131136e-05,0,0,0,0,0,0,-0.02882102164,-0.01028648804,0.001027433026,0.001468466399,0.01701143652,0.1279630168,11.56801636,0,-0.02631519291,-0.1279630168,0.05024489377,0.1967885759,1.027352555,0.002167157542,-17.14704426,-0.1967885759,-0.002167157542,-17.2957551,-17.2957551,0.03208923871,-0.3459151019,-1.917475985e-06,-1.917475985e-06,-0,-2.876213977e-06,-0.3459151019,-9.251821627e-05,-1.917475985e-06,-1.917475985e-06,-0,-2.876213977e-06,-0.3459151019,-9.251821627e-05,0,0,0,0,0,0
6.37,1,1,5.320995858e-05,3.78701507e-05,-2.157160483e-06,6.543386798e-05,-0.02736142357,-5.05734291e-05,0,0,0,0.001047197551,0,0,-0.02892383468,-0.01027607275,0.001055619805,0.001562411112,0.01810204115,0.1354956733,11.56818033,0,-0.02641756883,-0.1354956733,-0.09676002801,0.2094076764,1.027361424,0.002292799175,-18.15642022,-0.2094076764,-0.002292799175,-18.46488072,-18.46488072,0.03206174879,-0.3692976144,-2.876213977e-06,-2.396844981e-06,-0,-0.0001071166001,-0.3692976144,-9.299758527e-05,-2.876213977e-06,-2.396844981e-06,-0,-0.0001071166001,-0.3692976144,-9.299758527e-05,0,0,0,0,0,0
6.38,1,1,5.297027408e-05,3.667172821e-05,-2.157160483e-06,6.543386798e-05,-0.02737364748,-5.10527981e-05,0,0,0,0,-0.001047197551,0.001047197551,-0.02902654215,-0.01026537574,0.001083777643,0.001652894679,0.01915293067,0.1417052787,11.5684074,0,-0.02655868124,-0.1427524762,-0.2115546381,0.2215689049,1.028421119,0.002400800476,-18.98850734,-0.2215689049,-0.002400800476,-19.42403168,-19.42403168,0.03203478615,-0.3884806337,-2.396844981e-06,-0,-0,-2.396844981e-06,-0.3884806337,-0.0001967586024,-2.396844981e-06,-0,-0,-2.396844981e-06,-0.3884806337,-0.0001967586024,0,0,0,0,0,0
6.39,1,1,5.320995858e-05,3.595267472e-05,-1.917475985e-06,6.543386798e-05,-0.02739857466,-5.05734291e-05,0,0,0,0,-0.003141592654,0,-0.02912914125,-0.01025439729,0.001111905768,0.001730566591,0.02005593644,0.1458414462,11.56887419,0,-0.02684643865,-0.1489830389,-0.2863923524,0.2320246055,1.030542635,0.002479025571,-19.54275379,-0.2320246055,-0.002479025571,-20.06364978,-20.06364978,0.03200828041,-0.4012729955,-2.876213977e-06,1.438106989e-06,-4.793689962e-07,-2.396844981e-06,-0.4012729955,-9.299758527e-05,-2.876213977e-06,1.438106989e-06,-4.793689962e-07,-2.396844981e-06,-0.4012729955,-9.299758527e-05,0,0,0,0,0,0
6.4,1,1,5.368932758e-05,3.643204371e-05,-1.677791487e-06,6.591323698e-05,-0.02743692418,-5.00940601e-05,0,0,0,0,-0.003141592654,0,-0.02923162916,-0.01024313772,0.00114000341,0.001794704981,0.02080269644,0.1509873982,11.5696022,0,-0.02728913909,-0.1541289909,-0.3278742694,0.2406789225,1.030580984,0.002564589422,-20.23231136,-0.2406789225,-0.002564589422,-20.80342914,-20.80342914,0.03198215173,-0.4160685829,-3.83495197e-06,4.793689962e-07,-9.587379924e-07,-3.355582973e-06,-0.4160685829,-9.395632326e-05,-3.83495197e-06,4.793689962e-07,-9.587379924e-07,-3.355582973e-06,-0.4160685829,-9.395632326e-05,0,0,0,0,0,0
6.41,1,1,5.368932758e-05,3.667172821e-05,-2.636529479e-06,6.615292148e-05,-0.02748941509,-5.00940601e-05,0,0,0,0,-0.007330382858,0,-0.02933400307,-0.01023159733,0.001168069799,0.001844587985,0.02138483597,0.150801538,11.57061804,0,-0.0278950788,-0.1581319209,-0.3405731,0.2474357689,1.034833232,0.002580526804,-20.20740609,-0.2474357689,-0.002580526804,-20.79799549,-20.79799549,0.03195631608,-0.4159599098,-3.83495197e-06,-0,9.587379924e-07,-3.83495197e-06,-0.4159599098,-9.395632326e-05,-3.83495197e-06,-0,9.587379924e-07,-3.83495197e-06,-0.4159599098,-9.395632326e-05,0,0,0,0,0,0
6.42,1,1,5.273058958e-05,3.76304662e-05,-1.438106989e-06,6.519418349e-05,-0.02757522214,-5.03337446e-05,0,0,0,0,-0.009424777961,0,-0.02943626018,-0.01021977643,0.001196104164,0.001861038037,0.02158039276,0.1500269813,11.57232688,0,-0.02888559376,-0.1594517593,-0.3018092166,0.2497353593,1.037022207,0.00257606052,-20.10361549,-0.2497353593,-0.00257606052,-20.65773613,-20.65773613,0.03193047453,-0.4131547226,-1.917475985e-06,-1.917475985e-06,-1.438106989e-06,-1.917475985e-06,-0.4131547226,-9.347695426e-05,-1.917475985e-06,-1.917475985e-06,-1.438106989e-06,-1.917475985e-06,-0.4131547226,-9.347695426e-05,0,0,0,0,0,0
6.43,1,1,5.297027408e-05,3.691141271e-05,-1.917475985e-06,6.567355248e-05,-0.02769841997,-4.985437561e-05,0,0,0,0,-0.01361356817,0,-0.02953839767,-0.01020767536,0.001224105738,0.001839977697,0.0213420014,0.1441463864,11.57488507,0,-0.03030769241,-0.1577599546,-0.2147887347,0.2470312132,1.04135832,0.002493791427,-19.31561578,-0.2470312132,-0.002493791427,-19.77992952,-19.77992952,0.03190437325,-0.3955985903,-2.396844981e-06,-4.793689962e-07,-4.793689962e-07,-2.876213977e-06,-0.3955985903,-9.443569225e-05,-2.396844981e-06,-4.793689962e-07,-4.793689962e-07,-2.876213977e-06,-0.3955985903,-9.443569225e-05,0,0,0,0,0,0
6.44,1,1,5.344964308e-05,3.715109721e-05,-1.438106989e-06,6.543386798e-05,-0.02786140543,-4.961469111e-05,0,0,0,0,-0.01780235837,0,-0.02964041275,-0.01019529443,0.001252073752,0.00177900732,0.02064158078,0.1350602906,11.57845924,0,-0.03218899704,-0.1528626489,-0.08504624732,0.2389977018,1.045742995,0.00235435653,-18.09807894,-0.2389977018,-0.00235435653,-18.42447724,-18.42447724,0.03187777354,-0.3684895448,-3.355582973e-06,-9.587379924e-07,-1.438106989e-06,-2.396844981e-06,-0.3684895448,-9.491506125e-05,-3.355582973e-06,-9.587379924e-07,-1.438106989e-06,-2.396844981e-06,-0.3684895448,-9.491506125e-05,0,0,0,0,0,0
6.45,1,1,5.297027408e-05,3.691141271e-05,-2.157160483e-06,6.495449899e-05,-0.02802079562,-4.937500661e-05,0,-0.001047197551,0,0,-0.01466076572,0,-0.02974230262,-0.01018263399,0.001280007439,0.001721507004,0.01998113112,0.1335818027,11.58216384,0,-0.03402871969,-0.1482425685,0.01451348735,0.2314247343,1.042735296,0.002313255058,-17.89996157,-0.2314247343,-0.002313255058,-18.11918607,-18.11918607,0.03185086632,-0.3623837214,-2.396844981e-06,0.0001042403861,-0,-1.438106989e-06,-0.3623837214,-9.539443025e-05,-2.396844981e-06,0.0001042403861,-0,-1.438106989e-06,-0.3623837214,-9.539443025e-05,0,0,0,0,0,0
6.46,1,1,5.344964308e-05,3.667172821e-05,-1.917475985e-06,6.543386798e-05,-0.02815597768,-5.03337446e-05,0,0,0,0,-0.01256637061,0,-0.0298440645,-0.0101696944,0.001307906035,0.001688086822,0.01959944916,0.1329887644,11.5854681,0,-0.03558895829,-0.145555135,0.0603016742,0.227068793,1.040761827,0.002292332189,-17.82049443,-0.227068793,-0.002292332189,-17.98955388,-17.98955388,0.03182387005,-0.3597910777,-3.355582973e-06,-0,-4.793689962e-07,-2.396844981e-06,-0.3597910777,-9.347695426e-05,-3.355582973e-06,-0,-4.793689962e-07,-2.396844981e-06,-0.3597910777,-9.347695426e-05,0,0,0,0,0,0
6.47,1,1,5.249090509e-05,3.619235921e-05,-1.438106989e-06,6.615292148e-05,-0.02826815002,-4.985437561e-05,0,0,0,0,-0.01047197551,0,-0.02994569558,-0.01015647599,0.001335768774,0.001677545561,0.0194828408,0.1342325146,11.58832312,0,-0.03688357514,-0.1447044901,0.06443868771,0.2257734545,1.038767541,0.002302960925,-17.98715696,-0.2257734545,-0.002302960925,-18.15079469,-18.15079469,0.03179693837,-0.3630158937,-1.438106989e-06,9.587379924e-07,-1.438106989e-06,-3.83495197e-06,-0.3630158937,-9.443569225e-05,-1.438106989e-06,9.587379924e-07,-1.438106989e-06,-3.83495197e-06,-0.3630158937,-9.443569225e-05,0,0,0,0,0,0
6.48,1,1,5.177185159e-05,3.595267472e-05,-1.917475985e-06,6.639260598e-05,-0.02837528899,-5.03337446e-05,0,0,0,0,-0.01047197551,0,-0.03004719309,-0.01014297914,0.001363594892,0.001671904098,0.0194231035,0.1337749832,11.59114595,0,-0.03812005693,-0.1442469587,0.0609906799,0.2251360274,1.03887468,0.00229364127,-17.92584774,-0.2251360274,-0.00229364127,-18.09228673,-18.09228673,0.03177001581,-0.3618457347,-0,1.438106989e-06,-4.793689962e-07,-4.314320966e-06,-0.3618457347,-9.347695426e-05,-0,1.438106989e-06,-4.793689962e-07,-4.314320966e-06,-0.3618457347,-9.347695426e-05,0,0,0,0,0,0
6.49,1,1,5.201153609e-05,3.595267472e-05,-2.157160483e-06,6.639260598e-05,-0.02847979143,-5.08131136e-05,0,0,0,0,-0.01047197551,0,-0.03014855424,-0.01012920422,0.001391383626,0.001668762805,0.01939245549,0.133517916,11.59398966,0,-0.03932606864,-0.1439898915,0.05412312686,0.2248359285,1.038979183,0.002287755621,-17.89140074,-0.2248359285,-0.002287755621,-18.0644013,-18.0644013,0.03174311486,-0.3612880259,-4.793689962e-07,1.438106989e-06,-0,-4.314320966e-06,-0.3612880259,-9.251821627e-05,-4.793689962e-07,1.438106989e-06,-0,-4.314320966e-06,-0.3612880259,-9.251821627e-05,0,0,0,0,0,0
6.5,1,1,5.249090509e-05,3.667172821e-05,-2.157160483e-06,6.543386798e-05,-0.02858021924,-5.05734291e-05,0,0,0,0,-0.007330382858,0,-0.03024977625,-0.0101151516,0.001419134215,0.00166955701,0.01940756194,0.1367183141,11.59680663,0,-0.04048501654,-0.144048697,0.04267413309,0.225065743,1.035924036,0.002326864355,-18.32025409,-0.225065743,-0.002326864355,-18.50497257,-18.50497257,0.03171626104,-0.3700994513,-1.438106989e-06,-0,-0,-2.396844981e-06,-0.3700994513,-9.299758527e-05,-1.438106989e-06,-0,-0,-2.396844981e-06,-0.3700994513,-9.299758527e-05,0,0,0,0,0,0
6.51,1,1,5.297027408e-05,3.619235921e-05,-1.917475985e-06,6.567355248e-05,-0.0286689025,-5.03337446e-05,0,0,0,0,-0.007330382858,0,-0.03035085635,-0.01010082167,0.001446845897,0.001681953843,0.01955739033,0.137709279,11.59936277,0,-0.04150839727,-0.1450396619,0.01640233353,0.2268532654,1.036012719,0.002342155701,-18.45304339,-0.2268532654,-0.002342155701,-18.66583648,-18.66583648,0.031689539,-0.3733167296,-2.396844981e-06,9.587379924e-07,-4.793689962e-07,-2.876213977e-06,-0.3733167296,-9.347695426e-05,-2.396844981e-06,9.587379924e-07,-4.793689962e-07,-2.876213977e-06,-0.3733167296,-9.347695426e-05,0,0,0,0,0,0
6.52,1,1,5.297027408e-05,3.667172821e-05,-2.636529479e-06,6.567355248e-05,-0.02873169984,-5.10527981e-05,0,0,0,0,-0.005235987756,0,-0.03045179176,-0.01008621481,0.001474517914,0.001720091918,0.02000605946,0.1428636386,11.60121174,0,-0.04223304178,-0.1480996264,-0.04292166578,0.2320945319,1.033974541,0.002418254657,-19.14372758,-0.2320945319,-0.002418254657,-19.42116203,-19.42116203,0.031663191,-0.3884232406,-2.396844981e-06,-0,9.587379924e-07,-2.876213977e-06,-0.3884232406,-9.203884727e-05,-2.396844981e-06,-0,9.587379924e-07,-2.876213977e-06,-0.3884232406,-9.203884727e-05,0,0,0,0,0,0
6.53,1,1,5.344964308e-05,3.643204371e-05,-1.917475985e-06,6.567355248e-05,-0.02878443043,-4.985437561e-05,0,-0.001047197551,0,0,-0.004188790205,0,-0.03055257972,-0.01007133144,0.001502149506,0.00176814929,0.02057014192,0.1477689031,11.60278925,0,-0.04284150907,-0.1519576933,-0.1058345848,0.2386710214,1.032977607,0.002494412079,-19.80103302,-0.2386710214,-0.002494412079,-20.14803304,-20.14803304,0.03163718962,-0.4029606607,-3.355582973e-06,0.0001051991241,-4.793689962e-07,-2.876213977e-06,-0.4029606607,-9.443569225e-05,-3.355582973e-06,0.0001051991241,-4.793689962e-07,-2.876213977e-06,-0.4029606607,-9.443569225e-05,0,0,0,0,0,0
6.54,1,1,5.320995858e-05,3.619235921e-05,-1.917475985e-06,6.471481449e-05,-0.02882541648,-4.985437561e-05,0,0,0,0,-0.003141592654,0,-0.03065321747,-0.01005617196,0.001529739916,0.001827800988,0.02126912754,0.1536074469,11.60403114,0,-0.04331444588,-0.1567490395,-0.1743356773,0.2468076182,1.031969477,0.002585816959,-20.58339788,-0.2468076182,-0.002585816959,-21.007127,-21.007127,0.03161163795,-0.4201425399,-2.876213977e-06,9.587379924e-07,-4.793689962e-07,-9.587379924e-07,-0.4201425399,-9.443569225e-05,-2.876213977e-06,9.587379924e-07,-4.793689962e-07,-9.587379924e-07,-0.4201425399,-9.443569225e-05,0,0,0,0,0,0
6.55,1,1,5.320995858e-05,3.619235921e-05,-1.917475985e-06,6.591323698e-05,-0.02885082304,-5.03337446e-05,0.001047197551,0,0,0,-0.002094395102,0,-0.03075370224,-0.01004073678,0.001557288387,0.001902879204,0.02214753779,0.1606881163,11.60480787,0,-0.04360760775,-0.1627825114,-0.2529906263,0.2570179209,1.030946315,0.002697513596,-21.53220758,-0.2570179209,-0.002697513596,-22.04491364,-22.04491364,0.03158666533,-0.4408982728,-0.0001075959691,9.587379924e-07,-4.793689962e-07,-3.355582973e-06,-0.4408982728,-9.347695426e-05,-0.0001075959691,9.587379924e-07,-4.793689962e-07,-3.355582973e-06,-0.4408982728,-9.347695426e-05,0,0,0,0,0,0
6.56,1,1,5.249090509e-05,3.643204371e-05,-1.917475985e-06,6.567355248e-05,-0.02887886612,-5.129248259e-05,0,0,0,0,-0.003141592654,-0.001047197551,-0.03085403129,-0.01002502634,0.001584794164,0.001975165163,0.02299397886,0.1654517287,11.60567136,0,-0.04393118881,-0.1685933214,-0.3128425658,0.2668605619,1.032022926,0.002781128102,-22.17053165,-0.2668605619,-0.002781128102,-22.75301591,-22.75301591,0.03156222326,-0.4550603181,-1.438106989e-06,4.793689962e-07,-4.793689962e-07,-2.876213977e-06,-0.4550603181,1.316027684e-05,-1.438106989e-06,4.793689962e-07,-4.793689962e-07,-2.876213977e-06,-0.4550603181,1.316027684e-05,0,0,0,0,0,0
6.57,1,1,5.297027408e-05,3.81098352e-05,-1.198422491e-06,6.543386798e-05,-0.02891098385,-5.03337446e-05,0,0,0,0,-0.003141592654,0,-0.03095420185,-0.01000904105,0.001612256493,0.002043218006,0.02379172622,0.1709238207,11.60666823,0,-0.04430178168,-0.1740654133,-0.3554686575,0.276142673,1.032055044,0.002871103538,-22.90379197,-0.276142673,-0.002871103538,-23.5382744,-23.5382744,0.03153826643,-0.470765488,-2.396844981e-06,-2.876213977e-06,-1.917475985e-06,-2.396844981e-06,-0.470765488,-9.347695426e-05,-2.396844981e-06,-2.876213977e-06,-1.917475985e-06,-2.396844981e-06,-0.470765488,-9.347695426e-05,0,0,0,0,0,0
6.58,1,1,5.320995858e-05,3.73907817e-05,-2.157160483e-06,6.471481449e-05,-0.02896011917,-4.961469111e-05,0,0,0,0,-0.005235987756,0,-0.03105421119,-0.009992781353,0.001639674622,0.002094092024,0.02439049946,0.1729206661,11.60820967,0,-0.0448687246,-0.1781566539,-0.3649121044,0.2831300317,1.034202961,0.002914562053,-23.17136926,-0.2831300317,-0.002914562053,-23.82232596,-23.82232596,0.03151464616,-0.4764465192,-2.876213977e-06,-1.438106989e-06,-0,-9.587379924e-07,-0.4764465192,-9.491506125e-05,-2.876213977e-06,-1.438106989e-06,-0,-9.587379924e-07,-0.4764465192,-9.491506125e-05,0,0,0,0,0,0
6.59,1,1,5.320995858e-05,3.76304662e-05,-1.917475985e-06,6.519418349e-05,-0.02902986736,-5.03337446e-05,0,0,0,0.001047197551,-0.007330382858,0,-0.03115405657,-0.009976247703,0.001667047798,0.002124189208,0.02474845026,0.1732461641,11.61043178,0,-0.04567348839,-0.180576547,-0.3417156073,0.2873401934,1.036373684,0.002930135269,-23.21498599,-0.2873401934,-0.002930135269,-23.84697193,-23.84697193,0.03149118243,-0.4769394386,-2.876213977e-06,-1.917475985e-06,-4.793689962e-07,-0.0001066372311,-0.4769394386,-9.347695426e-05,-2.876213977e-06,-1.917475985e-06,-4.793689962e-07,-0.0001066372311,-0.4769394386,-9.347695426e-05,0,0,0,0,0,0
6.6,1,1,5.368932758e-05,3.715109721e-05,-1.917475985e-06,6.567355248e-05,-0.02914132065,-5.08131136e-05,0,0,0,0,-0.01256637061,0,-0.03125373523,-0.009959440549,0.001694375271,0.002112414586,0.02462045268,0.1670593674,11.61406547,0,-0.0469594049,-0.179625738,-0.2606933125,0.2859435493,1.04174717,0.002852725953,-22.38595524,-0.2859435493,-0.002852725953,-22.93544482,-22.93544482,0.03146745187,-0.4587088965,-3.83495197e-06,-9.587379924e-07,-4.793689962e-07,-2.876213977e-06,-0.4587088965,-9.251821627e-05,-3.83495197e-06,-9.587379924e-07,-4.793689962e-07,-2.876213977e-06,-0.4587088965,-9.251821627e-05,0,0,0,0,0,0
6.61,1,1,5.201153609e-05,3.691141271e-05,-9.587379924e-07,6.471481449e-05,-0.02930142989,-5.05734291e-05,0,0,0,0,-0.01780235837,0,-0.03135324447,-0.009942360352,0.001721656292,0.002051814573,0.02392524782,0.156940578,11.61946411,0,-0.04880659764,-0.1747429363,-0.1222046268,0.2779985583,1.047183019,0.002705891709,-21.03003745,-0.2779985583,-0.002705891709,-21.43294652,-21.43294652,0.03144313732,-0.4286589305,-4.793689962e-07,-4.793689962e-07,-2.396844981e-06,-9.587379924e-07,-0.4286589305,-9.299758527e-05,-4.793689962e-07,-4.793689962e-07,-2.396844981e-06,-9.587379924e-07,-0.4286589305,-9.299758527e-05,0,0,0,0,0,0
6.62,1,1,5.201153609e-05,3.715109721e-05,-9.587379924e-07,6.567355248e-05,-0.02949078065,-5.00940601e-05,0,0,0,0,-0.01989675347,0,-0.03145258153,-0.009925007581,0.001748890113,0.001961800886,0.02288770441,0.1475936564,11.62612093,0,-0.05099099027,-0.1674904099,0.03323888783,0.2660952192,1.049486504,0.002553914716,-19.77754996,-0.2660952192,-0.002553914716,-20.0129602,-20.0129602,0.03141809424,-0.4002592041,-4.793689962e-07,-9.587379924e-07,-2.396844981e-06,-2.876213977e-06,-0.4002592041,-9.395632326e-05,-4.793689962e-07,-9.587379924e-07,-2.396844981e-06,-2.876213977e-06,-0.4002592041,-9.395632326e-05,0,0,0,0,0,0
6.63,1,1,5.344964308e-05,3.76304662e-05,-1.198422491e-06,6.591323698e-05,-0.02968156951,-5.03337446e-05,0,0,0,0,-0.01884955592,0,-0.03155174371,-0.00990738271,0.001776075987,0.001870174204,0.0218306093,0.1412571335,11.63312711,0,-0.05319178853,-0.1601066894,0.1618476272,0.2539582529,1.048619952,0.002438246706,-18.92845589,-0.2539582529,-0.002438246706,-19.02300476,-19.02300476,0.03139244749,-0.3804600952,-3.355582973e-06,-1.917475985e-06,-1.917475985e-06,-3.355582973e-06,-0.3804600952,-9.347695426e-05,-3.355582973e-06,-1.917475985e-06,-1.917475985e-06,-3.355582973e-06,-0.3804600952,-9.347695426e-05,0,0,0,0,0,0
6.64,1,1,5.225122059e-05,3.73907817e-05,-1.917475985e-06,6.471481449e-05,-0.02986732499,-5.00940601e-05,0,0,0,0,-0.01570796327,0,-0.03165072828,-0.009889486223,0.001803213169,0.001783403288,0.02082917898,0.1374048729,11.64023712,0,-0.05533433984,-0.1531128362,0.2601004535,0.2424565822,1.045636973,0.002356318262,-18.41225297,-0.2424565822,-0.002356318262,-18.39696542,-18.39696542,0.03136632667,-0.3679393084,-9.587379924e-07,-1.438106989e-06,-4.793689962e-07,-9.587379924e-07,-0.3679393084,-9.395632326e-05,-9.587379924e-07,-1.438106989e-06,-4.793689962e-07,-9.587379924e-07,-0.3679393084,-9.395632326e-05,0,0,0,0,0,0
6.65,1,1,5.177185159e-05,3.667172821e-05,-1.438106989e-06,6.615292148e-05,-0.03004325342,-5.03337446e-05,0,0,0,0,-0.01570796327,0,-0.03174953253,-0.009871318611,0.001830300915,0.001706279117,0.01993927502,0.131186778,11.64723402,0,-0.05736336762,-0.1468947412,0.3260119013,0.2322374023,1.045812902,0.002248543159,-17.57902825,-0.2322374023,-0.002248543159,-17.48750229,-17.48750229,0.03133980262,-0.3497500458,-0,-0,-1.438106989e-06,-3.83495197e-06,-0.3497500458,-9.347695426e-05,-0,-0,-1.438106989e-06,-3.83495197e-06,-0.3497500458,-9.347695426e-05,0,0,0,0,0,0
6.66,1,1,5.201153609e-05,3.571299022e-05,-2.157160483e-06,6.591323698e-05,-0.03018754348,-5.05734291e-05,0,0,0,0,-0.01256637061,0,-0.03184815375,-0.009852880372,0.001857338483,0.001660610269,0.01941521237,0.130641928,11.65316393,0,-0.05902737009,-0.1432082986,0.332485716,0.2262486525,1.042793393,0.00222439937,-17.50601836,-0.2262486525,-0.00222439937,-17.40200569,-17.40200569,0.03131314147,-0.3480401138,-4.793689962e-07,1.917475985e-06,-0,-3.355582973e-06,-0.3480401138,-9.299758527e-05,-4.793689962e-07,1.917475985e-06,-0,-3.355582973e-06,-0.3480401138,-9.299758527e-05,0,0,0,0,0,0
6.67,1,1,5.368932758e-05,3.667172821e-05,-2.396844981e-06,6.471481449e-05,-0.0302831776,-4.985437561e-05,0,0,0,0,-0.006283185307,0,-0.03194658924,-0.009834172011,0.00188432513,0.001663411641,0.0194558841,0.1371405995,11.65718935,0,-0.06013018806,-0.1434237848,0.2662411577,0.226800925,1.036576233,0.002305339306,-18.37684033,-0.226800925,-0.002305339306,-18.33970544,-18.33970544,0.03128670987,-0.3667941088,-3.83495197e-06,-0,4.793689962e-07,-9.587379924e-07,-0.3667941088,-9.443569225e-05,-3.83495197e-06,-0,4.793689962e-07,-9.587379924e-07,-0.3667941088,-9.443569225e-05,0,0,0,0,0,0
6.68,1,1,5.249090509e-05,3.715109721e-05,-1.677791487e-06,6.543386798e-05,-0.0303325526,-5.03337446e-05,0,0,0,0,-0.002094395102,0,-0.03204483629,-0.009815194042,0.001911260118,0.001712283689,0.02003389561,0.1452550644,11.65929736,0,-0.06069954133,-0.1473494595,0.1447937986,0.2335811462,1.032428044,0.002420226494,-19.46417863,-0.2335811462,-0.002420226494,-19.5553862,-19.5553862,0.03126075889,-0.391107724,-1.438106989e-06,-9.587379924e-07,-9.587379924e-07,-2.396844981e-06,-0.391107724,-9.347695426e-05,-1.438106989e-06,-9.587379924e-07,-9.587379924e-07,-2.396844981e-06,-0.391107724,-9.347695426e-05,0,0,0,0,0,0
6.69,1,1,5.320995858e-05,3.619235921e-05,-1.677791487e-06,6.615292148e-05,-0.03034429714,-5.08131136e-05,0,0,0,0,0,0,-0.03214289222,-0.009795946984,0.001938142708,0.001798595078,0.0210489037,0.1542926023,11.65980176,0,-0.06083496785,-0.1542926023,-0.009277121503,0.2454260444,1.030344297,0.002558369953,-20.67520871,-0.2454260444,-0.002558369953,-20.93247025,-20.93247025,0.0312355277,-0.4186494049,-2.876213977e-06,9.587379924e-07,-9.587379924e-07,-3.83495197e-06,-0.4186494049,-9.251821627e-05,-2.876213977e-06,9.587379924e-07,-9.587379924e-07,-3.83495197e-06,-0.4186494049,-9.251821627e-05,0,0,0,0,0,0
6.7,1,1,5.201153609e-05,3.595267472e-05,-2.157160483e-06,6.591323698e-05,-0.03034933052,-5.03337446e-05,0,0.001047197551,0,0,0,0,-0.03224075434,-0.009776431365,0.001964972162,0.001891423819,0.02214043916,0.1617639529,11.66001828,0,-0.06089300753,-0.1617639529,-0.1443276416,0.2581579253,1.030349331,0.00268016519,-21.67636969,-0.2581579253,-0.00268016519,-22.08153543,-22.08153543,0.03121095466,-0.4416307085,-4.793689962e-07,-0.0001032816481,-0,-3.355582973e-06,-0.4416307085,-9.347695426e-05,-4.793689962e-07,-0.0001032816481,-0,-3.355582973e-06,-0.4416307085,-9.347695426e-05,0,0,0,0,0,0
6.71,1,1,5.225122059e-05,3.595267472e-05,-1.917475985e-06,6.615292148e-05,-0.03035148768,-5.00940601e-05,0,0,0,0,0,0,-0.03233841996,-0.00975664772,0.001991747746,0.001986932277,0.02326376377,0.169454695,11.66011114,0,-0.06091788164,-0.169454695,-0.2585595959,0.271258071,1.030351488,0.002805445323,-22.70692912,-0.271258071,-0.002805445323,-23.23955224,-23.23955224,0.03118706998,-0.4647910447,-9.587379924e-07,1.438106989e-06,-4.793689962e-07,-3.83495197e-06,-0.4647910447,-9.395632326e-05,-9.587379924e-07,1.438106989e-06,-4.793689962e-07,-3.83495197e-06,-0.4647910447,-9.395632326e-05,0,0,0,0,0,0
6.72,1,1,5.320995858e-05,3.619235921e-05,-1.677791487e-06,6.615292148e-05,-0.03035628137,-4.985437561e-05,0,0,0,0,0,-0.001047197551,-0.0324358864,-0.009736596592,0.002018468725,0.002079605031,0.02435457163,0.1769202629,11.66031763,0,-0.06097315732,-0.1769202629,-0.34774893,0.283982041,1.030356281,0.002926887056,-23.70731523,-0.283982041,-0.002926887056,-24.34197309,-24.34197309,0.03116389147,-0.4868394618,-2.876213977e-06,9.587379924e-07,-9.587379924e-07,-3.83495197e-06,-0.4868394618,1.028406287e-05,-2.876213977e-06,9.587379924e-07,-9.587379924e-07,-3.83495197e-06,-0.4868394618,1.028406287e-05,0,0,0,0,0,0
6.73,1,1,5.297027408e-05,3.571299022e-05,-1.677791487e-06,6.615292148e-05,-0.03036562907,-4.913532211e-05,0,0,0,0,-0.001047197551,0,-0.032533151,-0.00971627853,0.002045134367,0.002167521934,0.02539047497,0.1829583456,11.66072084,0,-0.06108094449,-0.1840055431,-0.4134359126,0.2960712407,1.031413101,0.003030794031,-24.51641831,-0.2960712407,-0.003030794031,-25.22895626,-25.22895626,0.03114138268,-0.5045791251,-2.396844981e-06,1.917475985e-06,-9.587379924e-07,-3.83495197e-06,-0.5045791251,-9.587379924e-05,-2.396844981e-06,1.917475985e-06,-9.587379924e-07,-3.83495197e-06,-0.5045791251,-9.587379924e-05,0,0,0,0,0,0
6.74,1,1,5.249090509e-05,3.595267472e-05,-1.438106989e-06,6.543386798e-05,-0.03038528319,-4.985437561e-05,0,0,0,0,-0.002094395102,0,-0.03263021108,-0.009695694091,0.00207174394,0.00224492789,0.02630435948,0.1881513153,11.66157098,0,-0.0613075722,-0.1902457104,-0.4516240467,0.3067501553,1.032480775,0.003121070787,-25.21227625,-0.3067501553,-0.003121070787,-25.97377153,-25.97377153,0.03111946653,-0.5194754305,-1.438106989e-06,1.438106989e-06,-1.438106989e-06,-2.396844981e-06,-0.5194754305,-9.443569225e-05,-1.438106989e-06,1.438106989e-06,-1.438106989e-06,-2.396844981e-06,-0.5194754305,-9.443569225e-05,0,0,0,0,0,0
6.75,1,1,5.249090509e-05,3.667172821e-05,-1.677791487e-06,6.591323698e-05,-0.03041524376,-5.08131136e-05,0,0,0,-0.001047197551,-0.003141592654,0,-0.03272706399,-0.00967484384,0.002098296716,0.002311820238,0.02709617154,0.1924981864,11.66287311,0,-0.06165303671,-0.1956397791,-0.4675206501,0.3160192105,1.033559304,0.003197645067,-25.79475698,-0.3160192105,-0.003197645067,-26.58149449,-26.58149449,0.03109805283,-0.5316298897,-1.438106989e-06,-0,-9.587379924e-07,0.0001013641721,-0.5316298897,-9.251821627e-05,-1.438106989e-06,-0,-9.587379924e-07,0.0001013641721,-0.5316298897,-9.251821627e-05,0,0,0,0,0,0
6.76,1,1,5.249090509e-05,3.571299022e-05,-1.438106989e-06,6.735134397e-05,-0.03047109024,-4.985437561e-05,0,0,0,0,-0.007330382858,0,-0.03282370708,-0.009653728349,0.002124791965,0.002352616832,0.0275841089,0.1915983418,11.6653202,0,-0.0622969678,-0.1989287247,-0.4413353005,0.3217774626,1.037814907,0.003206777248,-25.6741778,-0.3217774626,-0.003206777248,-26.44049734,-26.44049734,0.03107689473,-0.5288099468,-1.438106989e-06,1.917475985e-06,-1.438106989e-06,-6.231796951e-06,-0.5288099468,-9.443569225e-05,-1.438106989e-06,1.917475985e-06,-1.438106989e-06,-6.231796951e-06,-0.5288099468,-9.443569225e-05,0,0,0,0,0,0
6.77,1,1,5.177185159e-05,3.595267472e-05,-1.438106989e-06,6.567355248e-05,-0.0305614513,-5.08131136e-05,0,0,0,0,-0.009424777961,0,-0.03292013768,-0.009632348195,0.002151228963,0.002358686379,0.02766726335,0.1899890983,11.6693346,0,-0.06333882372,-0.1994138763,-0.3684583957,0.3228585535,1.040008436,0.00319112082,-25.45853917,-0.3228585535,-0.00319112082,-26.15304724,-26.15304724,0.03105568089,-0.5230609448,-0,1.438106989e-06,-1.438106989e-06,-2.876213977e-06,-0.5230609448,-9.251821627e-05,-0,1.438106989e-06,-1.438106989e-06,-2.876213977e-06,-0.5230609448,-9.251821627e-05,0,0,0,0,0,0
6.78,1,1,5.225122059e-05,3.643204371e-05,-2.157160483e-06,6.495449899e-05,-0.03069567462,-5.00940601e-05,0,0,0,0,-0.01570796327,0,-0.03301635316,-0.009610703966,0.002177606983,0.002320678541,0.027236048,0.1806305212,11.67542314,0,-0.06488631258,-0.1963384845,-0.2435338932,0.3179923852,1.046465323,0.003069579453,-24.20448984,-0.3179923852,-0.003069579453,-24.7690857,-24.7690857,0.03103395496,-0.4953817139,-9.587379924e-07,4.793689962e-07,-0,-1.438106989e-06,-0.4953817139,-9.395632326e-05,-9.587379924e-07,4.793689962e-07,-0,-1.438106989e-06,-0.4953817139,-9.395632326e-05,0,0,0,0,0,0
6.79,1,1,5.201153609e-05,3.76304662e-05,-1.677791487e-06,6.543386798e-05,-0.03087783484,-5.05734291e-05,0,0,0,0,-0.01989675347,0,-0.03311235088,-0.009588796255,0.002203925303,0.002234516043,0.02624200336,0.1694756657,11.68392649,0,-0.06698628892,-0.1893724191,-0.07041645039,0.3066096383,1.050873559,0.002902226771,-22.7097392,-0.3066096383,-0.002902226771,-23.08966752,-23.08966752,0.03101135447,-0.4617933503,-4.793689962e-07,-1.917475985e-06,-9.587379924e-07,-2.396844981e-06,-0.4617933503,-9.299758527e-05,-4.793689962e-07,-1.917475985e-06,-9.587379924e-07,-2.396844981e-06,-0.4617933503,-9.299758527e-05,0,0,0,0,0,0
6.8,1,1,5.225122059e-05,3.715109721e-05,-1.677791487e-06,6.591323698e-05,-0.03108516193,-4.985437561e-05,0,0,0,0,-0.01989675347,0,-0.03320812821,-0.009566625661,0.002230183202,0.00212296628,0.02495010738,0.1604582616,11.69394202,0,-0.06937612334,-0.1803550151,0.1076759414,0.2917651092,1.051080886,0.002746810033,-21.50140705,-0.2917651092,-0.002746810033,-21.68824303,-21.68824303,0.03098780369,-0.4337648606,-9.587379924e-07,-9.587379924e-07,-9.587379924e-07,-3.355582973e-06,-0.4337648606,-9.443569225e-05,-9.587379924e-07,-9.587379924e-07,-9.587379924e-07,-3.355582973e-06,-0.4337648606,-9.443569225e-05,0,0,0,0,0,0
6.81,1,1,5.10527981e-05,3.595267472e-05,-1.917475985e-06,6.543386798e-05,-0.03129608429,-5.00940601e-05,0,0,0.001047197551,0,-0.02094395102,0,-0.03330368252,-0.009544192794,0.002256379958,0.002007598232,0.02361199669,0.1500850283,11.70450067,0,-0.07180709463,-0.1710289794,0.2587761714,0.2763666309,1.052349698,0.002573426832,-20.1113938,-0.2763666309,-0.002573426832,-20.13155768,-20.13155768,0.03096346845,-0.4026311537,1.438106989e-06,1.438106989e-06,-0.0001051991241,-2.396844981e-06,-0.4026311537,-9.395632326e-05,1.438106989e-06,1.438106989e-06,-0.0001051991241,-2.396844981e-06,-0.4026311537,-9.395632326e-05,0,0,0,0,0,0
6.82,1,1,5.177185159e-05,3.643204371e-05,-1.198422491e-06,6.591323698e-05,-0.03151659403,-5.00940601e-05,0,0,0,0,-0.02408554368,0,-0.03339901119,-0.009521498269,0.002282514855,0.001882417167,0.02215724861,0.1368253997,11.71593866,0,-0.07434822376,-0.1609109434,0.3964478099,0.2595929656,1.055747166,0.002359329755,-18.33460357,-0.2595929656,-0.002359329755,-18.20010805,-18.20010805,0.03093826518,-0.364002161,-0,4.793689962e-07,-1.917475985e-06,-3.355582973e-06,-0.364002161,-9.395632326e-05,-0,4.793689962e-07,-1.917475985e-06,-3.355582973e-06,-0.3657236871,-9.395632326e-05,0,0,0,0,1,0
6.83,1,1,5.153216709e-05,3.667172821e-05,-9.587379924e-07,6.591323698e-05,-0.03171553216,-5.00940601e-05,0,0,0,0,-0.01675516082,0,-0.03349411161,-0.009498542706,0.002308587176,0.001778579456,0.02095083162,0.1357612559,11.72660897,0,-0.07664045517,-0.1525164167,0.4761908191,0.2456822099,1.048540877,0.002307209793,-18.19200829,-0.2456822099,-0.002307209793,-17.96380689,-17.96380689,0.03091250425,-0.3592761378,4.793689962e-07,-0,-2.396844981e-06,-3.355582973e-06,-0.3592761378,-9.395632326e-05,4.793689962e-07,-0,-2.396844981e-06,-3.355582973e-06,-0.3592761378,-9.395632326e-05,0,0,0,0,0,0
6.84,1,1,5.225122059e-05,3.595267472e-05,-1.677791487e-06,6.591323698e-05,-0.03184927611,-5.03337446e-05,0,0,0,0,-0.00837758041,0,-0.03358898118,-0.009475326736,0.002334596206,0.00173970507,0.02050525985,0.1409872809,11.73397023,0,-0.07818132804,-0.1493648613,0.4449151271,0.2406081086,1.040244402,0.002356293338,-18.89229564,-0.2406081086,-0.002356293338,-18.69034492,-18.69034492,0.03088678966,-0.3738068983,-9.587379924e-07,1.438106989e-06,-9.587379924e-07,-3.355582973e-06,-0.3738068983,-9.347695426e-05,-9.587379924e-07,1.438106989e-06,-9.587379924e-07,-3.355582973e-06,-0.3738068983,-9.347695426e-05,0,0,0,0,0,0
6.85,1,1,5.201153609e-05,3.643204371e-05,-3.115898475e-06,6.615292148e-05,-0.03191015597,-5.05734291e-05,0,0,0,0,-0.003141592654,0,-0.03368361728,-0.009451850995,0.002360541231,0.001773461312,0.02091194378,0.1489335971,11.73737113,0,-0.07888268294,-0.1520751897,0.3125819341,0.2454512452,1.035054216,0.002462306612,-19.95710201,-0.2454512452,-0.002462306612,-19.89243363,-19.89243363,0.03086158162,-0.3978486725,-4.793689962e-07,4.793689962e-07,1.917475985e-06,-3.83495197e-06,-0.3978486725,-9.299758527e-05,-4.793689962e-07,4.793689962e-07,1.917475985e-06,-3.83495197e-06,-0.3978486725,-9.299758527e-05,0,0,0,0,0,0
6.86,1,1,5.320995858e-05,3.619235921e-05,-2.876213977e-06,6.639260598e-05,-0.03193100852,-4.961469111e-05,0,0,0,0,-0.001047197551,0,-0.03377801733,-0.009428116127,0.002386421541,0.001847008812,0.02178616709,0.1569522534,11.73854322,0,-0.07912290412,-0.157999451,0.1463626743,0.2557378639,1.03297848,0.002582419787,-21.03160196,-0.2557378639,-0.002582419787,-21.14355957,-21.14355957,0.03083703092,-0.4228711913,-2.876213977e-06,9.587379924e-07,1.438106989e-06,-4.314320966e-06,-0.4228711913,-9.491506125e-05,-2.876213977e-06,9.587379924e-07,1.438106989e-06,-4.314320966e-06,-0.4228711913,-9.491506125e-05,0,0,0,0,0,0
6.87,1,1,5.320995858e-05,3.691141271e-05,-3.355582973e-06,6.639260598e-05,-0.03193484347,-5.05734291e-05,0,0,0,0,0,0,-0.03387217874,-0.009404122782,0.002412236426,0.00193733527,0.02285795125,0.1652820236,11.73875917,0,-0.07916708235,-0.1652820236,-0.01368114465,0.2683239849,1.031934843,0.002711876712,-22.14779117,-0.2683239849,-0.002711876712,-22.43250817,-22.43250817,0.03081318428,-0.4486501634,-2.876213977e-06,-4.793689962e-07,2.396844981e-06,-4.314320966e-06,-0.4486501634,-9.299758527e-05,-2.876213977e-06,-4.793689962e-07,2.396844981e-06,-4.314320966e-06,-0.4486501634,-9.299758527e-05,0,0,0,0,0,0
6.88,1,1,5.249090509e-05,3.643204371e-05,-2.636529479e-06,6.639260598e-05,-0.03193652127,-5.05734291e-05,0,0,0,0,0,0,-0.03396609893,-0.009379871619,0.002437985179,0.002029577665,0.02395284071,0.1727233344,11.73885369,0,-0.07918641029,-0.1727233344,-0.1472190836,0.2811788927,1.031936521,0.002831843266,-23.14492681,-0.2811788927,-0.002831843266,-23.57615663,-23.57615663,0.03079002209,-0.4715231327,-1.438106989e-06,4.793689962e-07,9.587379924e-07,-4.314320966e-06,-0.4715231327,-9.299758527e-05,-1.438106989e-06,4.793689962e-07,9.587379924e-07,-4.314320966e-06,-0.4715231327,-9.299758527e-05,0,0,0,0,0,0
6.89,1,1,5.201153609e-05,3.715109721e-05,-2.157160483e-06,6.567355248e-05,-0.03194155464,-5.10527981e-05,0,0,0,0,0,0,-0.03405977532,-0.009355363302,0.002463667092,0.002118220679,0.02500609374,0.1798776358,11.7391374,0,-0.07924439398,-0.1798776358,-0.2511368923,0.2935499702,1.031941555,0.002947009919,-24.10360319,-0.2935499702,-0.002947009919,-24.65123707,-24.65123707,0.03076755232,-0.4930247413,-4.793689962e-07,-9.587379924e-07,-0,-2.876213977e-06,-0.4930247413,-9.203884727e-05,-4.793689962e-07,-9.587379924e-07,-0,-2.876213977e-06,-0.4930247413,-9.203884727e-05,0,0,0,0,0,0
6.9,1,1,5.225122059e-05,3.667172821e-05,-1.677791487e-06,6.495449899e-05,-0.03195114202,-5.00940601e-05,0,0,0,0,-0.001047197551,0,-0.03415320534,-0.009330598502,0.002489281464,0.002202063322,0.02600361001,0.1856002345,11.73967838,0,-0.07935483854,-0.1866474321,-0.3288299477,0.3052740182,1.032998614,0.003044830963,-24.87043142,-0.3052740182,-0.003044830963,-25.50758022,-25.50758022,0.03074572471,-0.5101516044,-9.587379924e-07,-0,-9.587379924e-07,-1.438106989e-06,-0.5101516044,-9.395632326e-05,-9.587379924e-07,-0,-9.587379924e-07,-1.438106989e-06,-0.5101516044,-9.395632326e-05,0,0,0,0,0,0
6.91,1,1,5.344964308e-05,3.643204371e-05,-7.190534943e-07,6.567355248e-05,-0.03196791994,-5.05734291e-05,0,0,0,0,-0.002094395102,0,-0.03424638644,-0.0093055779,0.00251482759,0.002278466502,0.02691439929,0.1907242983,11.74062697,0,-0.07954811479,-0.1928186934,-0.3812205227,0.3159919222,1.034063412,0.00313317596,-25.55705597,-0.3159919222,-0.00313317596,-26.25740159,-26.25740159,0.03072449305,-0.5251480318,-3.355582973e-06,4.793689962e-07,-2.876213977e-06,-2.876213977e-06,-0.5251480318,-9.299758527e-05,-3.355582973e-06,4.793689962e-07,-2.876213977e-06,-2.876213977e-06,-0.5251480318,-9.299758527e-05,0,0,0,0,0,0
6.92,1,1,5.225122059e-05,3.619235921e-05,-9.587379924e-07,6.543386798e-05,-0.03200171545,-4.985437561e-05,0,0,0,0,-0.004188790205,0,-0.03433931605,-0.00928030218,0.002540304771,0.0023376006,0.0276230205,0.1934061592,11.74254494,0,-0.07993742158,-0.1975949494,-0.398305578,0.3243645595,1.036194892,0.003188182227,-25.91642533,-0.3243645595,-0.003188182227,-26.64228365,-26.64228365,0.03070369959,-0.532845673,-9.587379924e-07,9.587379924e-07,-2.396844981e-06,-2.396844981e-06,-0.532845673,-9.443569225e-05,-9.587379924e-07,9.587379924e-07,-2.396844981e-06,-2.396844981e-06,-0.532845673,-9.443569225e-05,0,0,0,0,0,0
6.93,1,1,5.273058958e-05,3.691141271e-05,-4.793689962e-07,6.543386798e-05,-0.03206475247,-4.985437561e-05,0,0,0,0,-0.007330382858,0,-0.03443199163,-0.009254772037,0.002565712308,0.00236723916,0.02798576704,0.1926543178,11.74614829,0,-0.08066355102,-0.1999847007,-0.3681463533,0.3287249696,1.039408569,0.003193371095,-25.81567859,-0.3287249696,-0.003193371095,-26.51574328,-26.51574328,0.03068306998,-0.5303148656,-1.917475985e-06,-4.793689962e-07,-3.355582973e-06,-2.396844981e-06,-0.5303148656,-9.443569225e-05,-1.917475985e-06,-4.793689962e-07,-3.355582973e-06,-2.396844981e-06,-0.5303148656,-9.443569225e-05,0,0,0,0,0,0
6.94,1,1,5.273058958e-05,3.595267472e-05,-1.438106989e-06,6.639260598e-05,-0.03216685807,-5.08131136e-05,0.001047197551,0,0,0,-0.01151917306,0,-0.03452441064,-0.009228988169,0.002591049505,0.002357552576,0.02788680584,0.1876708879,11.7520564,0,-0.08183964716,-0.1991900609,-0.2850259408,0.3277273152,1.043719204,0.003134494674,-25.14789897,-0.3277273152,-0.003134494674,-25.76378672,-25.76378672,0.03066220825,-0.5152757345,-0.0001066372311,1.438106989e-06,-1.438106989e-06,-4.314320966e-06,-0.5152757345,-9.251821627e-05,-0.0001066372311,1.438106989e-06,-1.438106989e-06,-4.314320966e-06,-0.5152757345,-9.251821627e-05,0,0,0,0,0,0
6.95,1,1,5.201153609e-05,3.619235921e-05,-1.677791487e-06,6.591323698e-05,-0.0323133053,-5.05734291e-05,0,0,0,0,-0.01675516082,0,-0.03461657055,-0.009202951283,0.002616315667,0.002303265256,0.02726339066,0.1780274169,11.76068484,0,-0.08352634052,-0.1947825777,-0.1508282628,0.3206361451,1.04913865,0.003002289413,-23.85567386,-0.3206361451,-0.003002289413,-24.33014056,-24.33014056,0.03064070945,-0.4866028112,-4.793689962e-07,9.587379924e-07,-9.587379924e-07,-3.355582973e-06,-0.4866028112,-9.299758527e-05,-4.793689962e-07,9.587379924e-07,-9.587379924e-07,-3.355582973e-06,-0.4866028112,-9.299758527e-05,0,0,0,0,0,0
6.96,1,1,5.225122059e-05,3.691141271e-05,-1.677791487e-06,6.591323698e-05,-0.03248563845,-5.00940601e-05,0,0,0,0,-0.01675516082,0,-0.03470846883,-0.009176662094,0.002641510101,0.002222830378,0.02633156826,0.1715016673,11.77107219,0,-0.08551094389,-0.1882568281,-0.003345204705,0.3099507908,1.049310983,0.002891093926,-22.98122342,-0.3099507908,-0.002891093926,-23.29741051,-23.29741051,0.0306184686,-0.4659482102,-9.587379924e-07,-4.793689962e-07,-9.587379924e-07,-3.355582973e-06,-0.4659482102,-9.395632326e-05,-9.587379924e-07,-4.793689962e-07,-9.587379924e-07,-3.355582973e-06,-0.4659482102,-9.395632326e-05,0,0,0,0,0,0
6.97,1,1,5.249090509e-05,3.643204371e-05,-1.438106989e-06,6.663229047e-05,-0.03266947646,-4.985437561e-05,0,0,0,0,-0.01884955592,0,-0.03480010296,-0.009150121323,0.002666632117,0.002130626495,0.02525990839,0.1619283149,11.78243228,0,-0.0876277591,-0.1807778708,0.1342649637,0.2976231601,1.051607859,0.002739622955,-21.6983942,-0.2976231601,-0.002739622955,-21.86449202,-21.86449202,0.03059547558,-0.4372898403,-1.438106989e-06,4.793689962e-07,-1.438106989e-06,-4.793689962e-06,-0.4372898403,-9.443569225e-05,-1.438106989e-06,4.793689962e-07,-1.438106989e-06,-4.793689962e-06,-0.4372898403,-9.443569225e-05,0,0,0,0,0,0
6.98,1,1,5.249090509e-05,3.643204371e-05,-1.198422491e-06,6.567355248e-05,-0.03286481933,-5.00940601e-05,0,0,0,0,-0.01884955592,0,-0.03489147042,-0.009123329696,0.002691681026,0.002026651093,0.02404793652,0.1534967319,11.7948201,0,-0.08987672431,-0.1723462878,0.2641737547,0.2836410849,1.051803202,0.002595925491,-20.56856208,-0.2836410849,-0.002595925491,-20.59062533,-20.59062533,0.03057172427,-0.4118125066,-1.438106989e-06,4.793689962e-07,-1.917475985e-06,-2.876213977e-06,-0.4118125066,-9.395632326e-05,-1.438106989e-06,4.793689962e-07,-1.917475985e-06,-2.876213977e-06,-0.4118125066,-9.395632326e-05,0,0,0,0,0,0
6.99,1,1,5.249090509e-05,3.643204371e-05,-1.198422491e-06,6.519418349e-05,-0.03307406389,-5.08131136e-05,0,0,0,0,-0.01884955592,0,-0.03498256872,-0.009096287948,0.002716656141,0.001908504822,0.02266682892,0.1439194523,11.80845263,0,-0.09228535945,-0.1627690082,0.3908943756,0.2676601756,1.052012446,0.002432971722,-19.2852066,-0.2676601756,-0.002432971722,-19.16440537,-19.16440537,0.03054713749,-0.3832881075,-1.438106989e-06,4.793689962e-07,-1.917475985e-06,-1.917475985e-06,-0.3832881075,-9.251821627e-05,-1.438106989e-06,4.793689962e-07,-1.917475985e-06,-1.917475985e-06,-0.3832881075,-9.251821627e-05,0,0,0,0,0,0
7,1,1,5.297027408e-05,3.667172821e-05,-1.198422491e-06,6.567355248e-05,-0.03326509244,-5.00940601e-05,0,0,0,0,-0.01675516082,0,-0.03507339535,-0.009068996821,0.002741556778,0.001808302908,0.02149561447,0.1378899754,11.82122736,0,-0.09448395708,-0.1546451362,0.466984851,0.2541045459,1.050090437,0.002320624302,-18.4772567,-0.2541045459,-0.002320624302,-18.26669702,-18.26669702,0.03052198377,-0.3653339404,-2.396844981e-06,-0,-1.917475985e-06,-2.876213977e-06,-0.3653339404,-9.395632326e-05,-2.396844981e-06,-0,-1.917475985e-06,-2.876213977e-06,-0.3653339404,-9.395632326e-05,0,0,0,0,0,0
7.01,1,1,5.201153609e-05,3.667172821e-05,-1.677791487e-06,6.567355248e-05,-0.0334141762,-5.03337446e-05,0,0,0,0,-0.01256637061,0,-0.03516394782,-0.009041457063,0.002766382254,0.001749771627,0.02081566547,0.1373259862,11.83141589,0,-0.09619956308,-0.1498923568,0.4674398225,0.2462787951,1.046020025,0.002291349309,-18.40168215,-0.2462787951,-0.002291349309,-18.18281247,-18.18281247,0.03049667469,-0.3636562494,-4.793689962e-07,-0,-9.587379924e-07,-2.876213977e-06,-0.3636562494,-9.347695426e-05,-4.793689962e-07,-0,-9.587379924e-07,-2.876213977e-06,-0.3636562494,-9.347695426e-05,0,0,0,0,0,0
7.02,1,1,5.273058958e-05,3.667172821e-05,-1.677791487e-06,6.567355248e-05,-0.0335285057,-5.00940601e-05,0,0,0,0,-0.009424777961,0,-0.03525422366,-0.009013669429,0.002791131887,0.00172571796,0.02054307309,0.1385028099,11.83935953,0,-0.09751508479,-0.1479275878,0.4170105612,0.2432168282,1.04297549,0.002295645426,-18.55937652,-0.2432168282,-0.002295645426,-18.38787844,-18.38787844,0.03047137274,-0.3677575687,-1.917475985e-06,-0,-9.587379924e-07,-2.876213977e-06,-0.3677575687,-9.395632326e-05,-1.917475985e-06,-0,-9.587379924e-07,-2.876213977e-06,-0.3677575687,-9.395632326e-05,0,0,0,0,0,0
7.03,1,1,5.225122059e-05,3.667172821e-05,-2.157160483e-06,6.495449899e-05,-0.03362509855,-5.10527981e-05,0,0,0,0,-0.00837758041,0,-0.03534422039,-0.00898563468,0.002815805001,0.001719121833,0.02047703844,0.138996656,11.84615913,0,-0.09862642257,-0.1473742364,0.3506825131,0.2425742559,1.042020225,0.002297706853,-18.6255519,-0.2425742559,-0.002297706853,-18.51974135,-18.51974135,0.03044612427,-0.3703948271,-9.587379924e-07,-0,-0,-1.438106989e-06,-0.3703948271,-9.203884727e-05,-9.587379924e-07,-0,-0,-1.438106989e-06,-0.3703948271,-9.203884727e-05,0,0,0,0,0,0
7.04,1,1,5.225122059e-05,3.73907817e-05,-1.917475985e-06,6.543386798e-05,-0.03370922781,-5.00940601e-05,0,0,0,0,-0.00837758041,0,-0.03543393553,-0.008957353586,0.002840400918,0.001724707721,0.02055538955,0.1394283207,11.85214735,0,-0.09959428735,-0.1478059011,0.2788550628,0.2436255058,1.042104354,0.002303311511,-18.68339498,-0.2436255058,-0.002303311511,-18.65046873,-18.65046873,0.03042099111,-0.3730093747,-9.587379924e-07,-1.438106989e-06,-4.793689962e-07,-2.396844981e-06,-0.3730093747,-9.395632326e-05,-9.587379924e-07,-1.438106989e-06,-4.793689962e-07,-2.396844981e-06,-0.3730093747,-9.395632326e-05,0,0,0,0,0,0
7.05,1,1,5.225122059e-05,3.76304662e-05,-2.636529479e-06,6.639260598e-05,-0.03378808401,-5.05734291e-05,0,0,0,0,-0.007330382858,0,-0.03552336664,-0.008928826922,0.002864918963,0.001735282628,0.02069305321,0.1413106493,11.85781612,0,-0.1005014246,-0.1486410322,0.211934293,0.2453744199,1.041131901,0.002328133776,-18.93562701,-0.2453744199,-0.002328133776,-18.97139527,-18.97139527,0.03039595747,-0.3794279054,-9.587379924e-07,-1.917475985e-06,9.587379924e-07,-4.314320966e-06,-0.3794279054,-9.299758527e-05,-9.587379924e-07,-1.917475985e-06,9.587379924e-07,-4.314320966e-06,-0.3794279054,-9.299758527e-05,0,0,0,0,0,0
7.06,1,1,5.225122059e-05,3.667172821e-05,-2.396844981e-06,6.519418349e-05,-0.03385399725,-5.05734291e-05,0,0,0,0,-0.006283185307,0,-0.03561251126,-0.008900055469,0.002889358466,0.001758514006,0.02098107227,0.14421711,11.86259598,0,-0.1012596223,-0.1505002953,0.1389650018,0.2488899836,1.040147052,0.002369587771,-19.32509273,-0.2488899836,-0.002369587771,-19.4373873,-19.4373873,0.03037114288,-0.3887477461,-9.587379924e-07,-0,4.793689962e-07,-1.917475985e-06,-0.3887477461,-9.299758527e-05,-9.587379924e-07,-0,4.793689962e-07,-1.917475985e-06,-0.3887477461,-9.299758527e-05,0,0,0,0,0,0
7.07,1,1,5.249090509e-05,3.595267472e-05,-1.917475985e-06,6.543386798e-05,-0.03390648816,-4.961469111e-05,0,0,0,0,-0.003141592654,0,-0.03570136694,-0.008871040016,0.002913718755,0.001794878782,0.02142528837,0.1502814016,11.86642958,0,-0.1018633921,-0.1534229942,0.05963158272,0.2542416757,1.037050548,0.002452565086,-20.13770781,-0.2542416757,-0.002452565086,-20.33477047,-20.33477047,0.03034664666,-0.4066954094,-1.438106989e-06,1.438106989e-06,-4.793689962e-07,-2.396844981e-06,-0.4066954094,-9.491506125e-05,-1.438106989e-06,1.438106989e-06,-4.793689962e-07,-2.396844981e-06,-0.4066954094,-9.491506125e-05,0,0,0,0,0,0
7.08,1,1,5.225122059e-05,3.643204371e-05,-1.677791487e-06,6.567355248e-05,-0.03394723452,-4.961469111e-05,-0.001047197551,0,0,0,-0.002094395102,0,-0.03578993125,-0.00884178136,0.002937999163,0.001842696726,0.0220059104,0.1551796159,11.86942199,0,-0.1023320526,-0.157274011,-0.02199354199,0.2611974369,1.036042726,0.002525571691,-20.79406853,-0.2611974369,-0.002525571691,-21.07978508,-21.07978508,0.03032253567,-0.4215957016,0.0001037610171,4.793689962e-07,-9.587379924e-07,-2.876213977e-06,-0.4215957016,-9.491506125e-05,0.0001037610171,4.793689962e-07,-9.587379924e-07,-2.876213977e-06,-0.4215957016,-9.491506125e-05,0,0,0,0,0,0
7.09,1,1,5.201153609e-05,3.667172821e-05,-1.438106989e-06,6.495449899e-05,-0.0339800713,-4.961469111e-05,0,0,0,0,-0.002094395102,0,-0.03587820176,-0.008812280302,0.002962199025,0.00189813046,0.02267748584,0.1596490817,11.87184408,0,-0.1027097255,-0.1617434768,-0.09989097146,0.2692235759,1.036075563,0.00259644348,-21.39297695,-0.2692235759,-0.00259644348,-21.76468794,-21.76468794,0.0302988368,-0.4352937588,-4.793689962e-07,-0,-1.438106989e-06,-1.438106989e-06,-0.4352937588,-9.491506125e-05,-4.793689962e-07,-0,-1.438106989e-06,-1.438106989e-06,-0.4352937588,-9.491506125e-05,0,0,0,0,0,0
7.1,1,1,5.249090509e-05,3.78701507e-05,-1.438106989e-06,6.471481449e-05,-0.0340047588,-5.00940601e-05,0,0,0,0,-0.002094395102,0,-0.03596617605,-0.00878253765,0.002986317676,0.001961417248,0.02344288783,0.1647569647,11.87367126,0,-0.1029936622,-0.1668513598,-0.1751682165,0.2783531434,1.036100251,0.002677587846,-22.07743327,-0.2783531434,-0.002677587846,-22.53363222,-22.53363222,0.03027564488,-0.4506726443,-1.438106989e-06,-2.396844981e-06,-1.438106989e-06,-9.587379924e-07,-0.4506726443,-9.395632326e-05,-1.438106989e-06,-2.396844981e-06,-1.438106989e-06,-9.587379924e-07,-0.4506726443,-9.395632326e-05,0,0,0,0,0,0
7.11,1,1,5.344964308e-05,3.691141271e-05,-1.917475985e-06,6.519418349e-05,-0.0340356781,-5.03337446e-05,0,0,0,0,-0.003141592654,0,-0.03605385171,-0.008752554221,0.003010354456,0.002018173607,0.02413134945,0.1682907453,11.87596719,0,-0.1033492633,-0.171432338,-0.2266973992,0.2865831142,1.037179738,0.002738653242,-22.55095987,-0.2865831142,-0.002738653242,-23.06697904,-23.06697904,0.03025284787,-0.4613395808,-3.355582973e-06,-4.793689962e-07,-4.793689962e-07,-1.917475985e-06,-0.4613395808,-9.347695426e-05,-3.355582973e-06,-4.793689962e-07,-4.793689962e-07,-1.917475985e-06,-0.4613395808,-9.347695426e-05,0,0,0,0,0,0
7.12,1,1,5.297027408e-05,3.571299022e-05,-1.917475985e-06,6.567355248e-05,-0.03407187046,-4.913532211e-05,0,0,0,0,-0.004188790205,0,-0.03614122633,-0.008722330836,0.003034308706,0.002069355873,0.02475418599,0.1713745731,11.87866528,0,-0.1037654971,-0.1755633633,-0.2604393136,0.2940466897,1.038265047,0.002792604045,-22.96419279,-0.2940466897,-0.002792604045,-23.5214714,-23.5214714,0.03023043831,-0.4704294279,-2.396844981e-06,1.917475985e-06,-4.793689962e-07,-2.876213977e-06,-0.4704294279,-9.587379924e-05,-2.396844981e-06,1.917475985e-06,-4.793689962e-07,-2.876213977e-06,-0.4704294279,-9.587379924e-05,0,0,0,0,0,0
7.13,1,1,5.320995858e-05,3.619235921e-05,-1.917475985e-06,6.543386798e-05,-0.0341207661,-4.913532211e-05,0,0,-0.001047197551,0,-0.006283185307,0,-0.03622829753,-0.008691868324,0.003058179768,0.00210753143,0.02522303796,0.1723577466,11.88232859,0,-0.1043278048,-0.1786409319,-0.2686146818,0.2997084252,1.040413821,0.002818194736,-23.09593804,-0.2997084252,-0.002818194736,-23.66707934,-23.66707934,0.03020828627,-0.4733415868,-2.876213977e-06,9.587379924e-07,0.0001042403861,-2.396844981e-06,-0.4733415868,-9.587379924e-05,-2.876213977e-06,9.587379924e-07,0.0001042403861,-2.396844981e-06,-0.4733415868,-9.587379924e-05,0,0,0,0,0,0
7.14,1,1,5.273058958e-05,3.547330572e-05,-2.157160483e-06,6.567355248e-05,-0.03418548091,-4.985437561e-05,0,0,0,0,-0.007330382858,0,-0.0363150629,-0.00866116752,0.003081966989,0.002129581993,0.02550069545,0.1730806323,11.88720929,0,-0.1050719974,-0.1804110152,-0.2515181952,0.3031321037,1.041529297,0.002834015096,-23.19280473,-0.3031321037,-0.002834015096,-23.75028904,-23.75028904,0.03018623559,-0.4750057808,-1.917475985e-06,2.396844981e-06,-0,-2.876213977e-06,-0.4750057808,-9.443569225e-05,-1.917475985e-06,2.396844981e-06,-0,-2.876213977e-06,-0.4750057808,-9.443569225e-05,0,0,0,0,0,0
7.15,1,1,5.225122059e-05,3.643204371e-05,-1.677791487e-06,6.543386798e-05,-0.03427104828,-4.985437561e-05,0,0,0,0,-0.00837758041,0,-0.03640152009,-0.008630229266,0.003105669716,0.002130471808,0.02552702939,0.1720863956,11.89371901,0,-0.1060559181,-0.180463976,-0.2060026131,0.3036113147,1.042666175,0.002821823258,-23.05957701,-0.3036113147,-0.002821823258,-23.57201276,-23.57201276,0.03016413345,-0.4714402551,-9.587379924e-07,4.793689962e-07,-9.587379924e-07,-2.396844981e-06,-0.4714402551,-9.443569225e-05,-9.587379924e-07,4.793689962e-07,-9.587379924e-07,-2.396844981e-06,-0.4714402551,-9.443569225e-05,0,0,0,0,0,0
7.16,1,1,5.201153609e-05,3.667172821e-05,-9.587379924e-07,6.543386798e-05,-0.03438154283,-5.00940601e-05,0,0,0,0,-0.01256637061,0,-0.0364876667,-0.00859905441,0.0031292873,0.00210612387,0.02525309964,0.1659018458,11.90222023,0,-0.1073263568,-0.1784682165,-0.1305590002,0.3005679536,1.046987392,0.002740977506,-22.23084734,-0.3005679536,-0.002740977506,-22.66471527,-22.66471527,0.03014177209,-0.4532943055,-4.793689962e-07,-0,-2.396844981e-06,-2.396844981e-06,-0.4532943055,-9.395632326e-05,-4.793689962e-07,-0,-2.396844981e-06,-2.396844981e-06,-0.4532943055,-9.395632326e-05,0,0,0,0,0,0
7.17,1,1,5.153216709e-05,3.691141271e-05,-1.438106989e-06,6.591323698e-05,-0.03453685839,-5.05734291e-05,0,0,0,0,-0.01570796327,0,-0.03657350039,-0.008567643806,0.003152819092,0.002036642002,0.02444122099,0.1571012117,11.91435152,0,-0.1091119156,-0.172809175,-0.00263798538,0.2912012985,1.050306507,0.002610067858,-21.05156237,-0.2912012985,-0.002610067858,-21.34801172,-21.34801172,0.03011872137,-0.4269602345,4.793689962e-07,-4.793689962e-07,-1.438106989e-06,-3.355582973e-06,-0.4269602345,-9.299758527e-05,4.793689962e-07,-4.793689962e-07,-1.438106989e-06,-3.355582973e-06,-0.4269602345,-9.299758527e-05,0,0,0,0,0,0
7.18,1,1,5.273058958e-05,3.619235921e-05,-9.587379924e-07,6.495449899e-05,-0.03471710113,-5.03337446e-05,0,0,0,0,-0.01780235837,0,-0.03665901879,-0.008535998316,0.003176264449,0.001941917666,0.0233270178,0.1473004646,11.9286966,0,-0.1111837172,-0.165102823,0.139256273,0.278260918,1.05259869,0.002455998302,-19.73826226,-0.278260918,-0.002455998302,-19.8797229,-19.8797229,0.03009494346,-0.397594458,-1.917475985e-06,9.587379924e-07,-2.396844981e-06,-1.438106989e-06,-0.397594458,-9.347695426e-05,-1.917475985e-06,9.587379924e-07,-2.396844981e-06,-1.438106989e-06,-0.397594458,-9.347695426e-05,0,0,0,0,0,0
7.19,1,1,5.249090509e-05,3.691141271e-05,-7.190534943e-07,6.543386798e-05,-0.03490525346,-5.05734291e-05,0,0,0,0,-0.01675516082,0,-0.03674421957,-0.008504118807,0.003199622727,0.001838966115,0.02211260328,0.1399760184,11.94397794,0,-0.1133460527,-0.1567311793,0.2668236357,0.2641124457,1.051730598,0.002328137378,-18.75678647,-0.2641124457,-0.002328137378,-18.75640342,-18.75640342,0.03007047848,-0.3751280684,-1.438106989e-06,-4.793689962e-07,-2.876213977e-06,-2.396844981e-06,-0.3751280684,-9.299758527e-05,-1.438106989e-06,-4.793689962e-07,-2.876213977e-06,-2.396844981e-06,-0.3751280684,-9.299758527e-05,0,0,0,0,0,0
7.2,1,1,5.201153609e-05,3.73907817e-05,-1.438106989e-06,6.639260598e-05,-0.03508741368,-4.889563761e-05,0,0,0,0.001047197551,-0.01780235837,0,-0.03682910039,-0.008472006154,0.003222893285,0.001741686715,0.02096378454,0.1310194389,11.95907216,0,-0.1154391441,-0.1488217972,0.362822308,0.2507074121,1.052969003,0.002182489076,-17.55660481,-0.2507074121,-0.002182489076,-17.4466724,-17.4466724,0.03004544301,-0.3489334481,-4.793689962e-07,-1.438106989e-06,-1.438106989e-06,-0.0001090340761,-0.3489334481,-9.635316824e-05,-4.793689962e-07,-1.438106989e-06,-1.438106989e-06,-0.0001090340761,-0.3489334481,-9.635316824e-05,0,0,0,0,0,0
7.21,1,1,5.177185159e-05,3.715109721e-05,-1.438106989e-06,6.615292148e-05,-0.03527676443,-4.961469111e-05,0,0,0,0,-0.01780235837,0,-0.03691365892,-0.008439661236,0.003246075486,0.001636894492,0.01972289262,0.1225039409,11.97507571,0,-0.1176144542,-0.1403062993,0.452150104,0.2361831324,1.053158354,0.002039635925,-16.41552808,-0.2361831324,-0.002039635925,-16.20160074,-16.20160074,0.03001980197,-0.3240320149,-0,-9.587379924e-07,-1.438106989e-06,-3.83495197e-06,-0.3240320149,-9.491506125e-05,-0,-9.587379924e-07,-1.438106989e-06,-3.83495197e-06,-0.3240320149,-9.491506125e-05,0,0,0,0,0,0
7.22,1,1,5.273058958e-05,3.81098352e-05,-2.157160483e-06,6.591323698e-05,-0.03544502295,-5.00940601e-05,0,0,0,0,-0.01361356817,0,-0.03699789285,-0.008407084941,0.003269168695,0.001552869897,0.01872862378,0.1198619317,11.98956568,0,-0.1195471001,-0.1334754999,0.4931032368,0.2245480649,1.049104923,0.001978600132,-16.06149885,-0.2245480649,-0.001978600132,-15.79492228,-15.79492228,0.0299937798,-0.3158984455,-1.917475985e-06,-2.876213977e-06,-0,-3.355582973e-06,-0.3158984455,-9.395632326e-05,-1.917475985e-06,-2.876213977e-06,-0,-3.355582973e-06,-0.3158984455,-9.395632326e-05,0,0,0,0,0,0
7.23,1,1,5.297027408e-05,3.715109721e-05,-2.396844981e-06,6.591323698e-05,-0.03555312066,-5.03337446e-05,0,0,0,0,-0.007330382858,0,-0.03708179985,-0.008374278161,0.003292172277,0.001528679196,0.01845067175,0.1241596664,11.99900878,0,-0.1207885518,-0.1314900493,0.4376580397,0.2213897722,1.042896937,0.002023608105,-16.6373953,-0.2213897722,-0.002023608105,-16.42315064,-16.42315064,0.02996785976,-0.3284630128,-2.396844981e-06,-9.587379924e-07,4.793689962e-07,-3.355582973e-06,-0.3284630128,-9.347695426e-05,-2.396844981e-06,-9.587379924e-07,4.793689962e-07,-3.355582973e-06,-0.3284630128,-9.347695426e-05,0,0,0,0,0,0
7.24,1,1,5.153216709e-05,3.667172821e-05,-2.396844981e-06,6.687197497e-05,-0.03560057819,-5.00940601e-05,0,0,0,0,-0.002094395102,-0.001047197551,-0.03716537764,-0.008341241796,0.003315085603,0.001564799456,0.01889644739,0.1322934363,12.00318771,0,-0.1213335352,-0.1343878314,0.3033052254,0.226817605,1.03769607,0.002132905482,-17.72732047,-0.226817605,-0.002132905482,-17.65296576,-17.65296576,0.02994238339,-0.3530593151,4.793689962e-07,-0,4.793689962e-07,-5.273058958e-06,-0.3530593151,1.076343186e-05,4.793689962e-07,-0,4.793689962e-07,-5.273058958e-06,-0.3530593151,1.076343186e-05,0,0,0,0,0,0
7.25,1,1,5.177185159e-05,3.667172821e-05,-1.917475985e-06,6.639260598e-05,-0.03561136399,-5.05734291e-05,0,0,0,0.001047197551,0,0,-0.03724862393,-0.008307976752,0.003337908044,0.001637259937,0.01977898146,0.1402309555,12.0041403,0,-0.1214573912,-0.1402309555,0.140505191,0.2374296684,1.035611364,0.002249927433,-18.79094804,-0.2374296684,-0.002249927433,-18.89012244,-18.89012244,0.02991749458,-0.3778024489,-0,-0,-4.793689962e-07,-0.0001090340761,-0.3778024489,-9.299758527e-05,-0,-0,-4.793689962e-07,-0.0001090340761,-0.3778024489,-9.299758527e-05,0,0,0,0,0,0
7.26,1,1,5.225122059e-05,3.643204371e-05,-2.157160483e-06,6.567355248e-05,-0.03561256241,-5.08131136e-05,0,0,0,0,0,0,-0.03733153642,-0.00827448394,0.003360638975,0.001718974007,0.02077325283,0.1468278491,12.0042462,0,-0.1214711529,-0.1468278491,-0.005856057169,0.2493672414,1.035612562,0.002353854461,-19.67493177,-0.2493672414,-0.002353854461,-19.93250893,-19.93250893,0.02989313835,-0.3986501785,-9.587379924e-07,4.793689962e-07,-0,-2.876213977e-06,-0.3986501785,-9.251821627e-05,-9.587379924e-07,4.793689962e-07,-0,-2.876213977e-06,-0.3986501785,-9.251821627e-05,0,0,0,0,0,0
7.27,1,1,5.273058958e-05,3.619235921e-05,-1.677791487e-06,6.567355248e-05,-0.03561328147,-5.03337446e-05,0,0,0,0,0,0,-0.03741411285,-0.008240764279,0.003383277772,0.001800831383,0.02176990185,0.1534407546,12.00430975,0,-0.12147941,-0.1534407546,-0.1257853237,0.2613326451,1.035613281,0.002457908071,-20.56106112,-0.2613326451,-0.002457908071,-20.95063699,-20.95063699,0.02986932647,-0.4190127399,-1.917475985e-06,9.587379924e-07,-9.587379924e-07,-2.876213977e-06,-0.4190127399,-9.347695426e-05,-1.917475985e-06,9.587379924e-07,-9.587379924e-07,-2.876213977e-06,-0.4190127399,-9.347695426e-05,0,0,0,0,0,0
7.28,1,1,5.249090509e-05,3.667172821e-05,-1.438106989e-06,6.567355248e-05,-0.03561639737,-4.937500661e-05,0,0,0,0,0,0,-0.03749635095,-0.008206818694,0.003405823815,0.001879953588,0.02273437018,0.1598360505,12.00458519,0,-0.1215151903,-0.1598360505,-0.219739051,0.2729166837,1.035616397,0.002558369475,-21.41803077,-0.2729166837,-0.002558369475,-21.91324487,-21.91324487,0.0298460746,-0.4382648975,-1.438106989e-06,-0,-1.438106989e-06,-2.876213977e-06,-0.4382648975,-9.539443025e-05,-1.438106989e-06,-0,-1.438106989e-06,-2.876213977e-06,-0.4382648975,-9.539443025e-05,0,0,0,0,0,0
7.29,1,1,5.297027408e-05,3.715109721e-05,-1.677791487e-06,6.567355248e-05,-0.03562382758,-4.913532211e-05,0,0,0,0,0,0,-0.03757824847,-0.008172648114,0.003428276485,0.001954420889,0.02364360518,0.1658574469,12.00524237,0,-0.1216005121,-0.1658574469,-0.2896084707,0.2838472106,1.035623828,0.002652762387,-22.22489788,-0.2838472106,-0.002652762387,-22.80100632,-22.80100632,0.02982336284,-0.4560201265,-2.396844981e-06,-9.587379924e-07,-9.587379924e-07,-2.876213977e-06,-0.4560201265,-9.587379924e-05,-2.396844981e-06,-9.587379924e-07,-9.587379924e-07,-2.876213977e-06,-0.4560201265,-9.587379924e-05,0,0,0,0,0,0
7.3,1,1,5.368932758e-05,3.715109721e-05,-1.917475985e-06,6.759102847e-05,-0.03563820865,-4.985437561e-05,0,0,0,0,-0.002094395102,0,-0.03765980317,-0.008138253478,0.003450635167,0.002021594514,0.024465912,0.1691955018,12.00651572,0,-0.1217656492,-0.1712898969,-0.3355885942,0.2937503571,1.0377337,0.002715159848,-22.67219725,-0.2937503571,-0.002715159848,-23.30425136,-23.30425136,0.02980111712,-0.4660850272,-3.83495197e-06,-9.587379924e-07,-4.793689962e-07,-6.711165947e-06,-0.4660850272,-9.443569225e-05,-3.83495197e-06,-9.587379924e-07,-4.793689962e-07,-6.711165947e-06,-0.4660850272,-9.443569225e-05,0,0,0,0,0,0
7.31,1,1,5.344964308e-05,3.73907817e-05,-1.677791487e-06,6.591323698e-05,-0.03566768985,-4.985437561e-05,0,0,0,0,-0.004188790205,0,-0.0377410128,-0.008103635726,0.003472899249,0.002073322952,0.02510337012,0.1712809967,12.00913193,0,-0.1221041724,-0.1754697869,-0.3500138364,0.3014696838,1.039860867,0.00275787739,-22.95165355,-0.3014696838,-0.00275787739,-23.60589495,-23.60589495,0.02977922794,-0.472117899,-3.355582973e-06,-1.438106989e-06,-9.587379924e-07,-3.355582973e-06,-0.472117899,-9.443569225e-05,-3.355582973e-06,-1.438106989e-06,-9.587379924e-07,-3.355582973e-06,-0.472117899,-9.443569225e-05,0,0,0,0,0,0
7.32,1,1,5.201153609e-05,3.691141271e-05,-1.677791487e-06,6.519418349e-05,-0.03571562675,-5.05734291e-05,0,0,0,0,-0.004188790205,0,-0.03782187514,-0.00806879581,0.003495068119,0.002106248395,0.02551551805,0.173933672,12.01340266,0,-0.1226545942,-0.1781224622,-0.3341304662,0.3065281926,1.039908803,0.002798803375,-23.30711205,-0.3065281926,-0.002798803375,-23.95056951,-23.95056951,0.02975751866,-0.4790113902,-4.793689962e-07,-4.793689962e-07,-9.587379924e-07,-1.917475985e-06,-0.4790113902,-9.299758527e-05,-4.793689962e-07,-4.793689962e-07,-9.587379924e-07,-1.917475985e-06,-0.4790113902,-9.299758527e-05,0,0,0,0,0,0
7.33,1,1,5.344964308e-05,3.619235921e-05,-1.917475985e-06,6.591323698e-05,-0.03578297809,-5.03337446e-05,0,0,0,0,-0.007330382858,0,-0.03790238798,-0.008033734683,0.003517141171,0.002119409887,0.02569056341,0.1718379406,12.01943808,0,-0.1234278895,-0.1791683235,-0.2915487059,0.3087861362,1.043126795,0.002780195956,-23.02628405,-0.3087861362,-0.002780195956,-23.62939909,-23.62939909,0.02973585575,-0.4725879817,-3.355582973e-06,9.587379924e-07,-4.793689962e-07,-3.355582973e-06,-0.4725879817,-9.347695426e-05,-3.355582973e-06,9.587379924e-07,-4.793689962e-07,-3.355582973e-06,-0.4725879817,-9.347695426e-05,0,0,0,0,0,0
7.34,1,1,5.320995858e-05,3.619235921e-05,-2.396844981e-06,6.639260598e-05,-0.03588748053,-5.05734291e-05,0,0,0,0,-0.01151917306,0,-0.0379825491,-0.007998453308,0.003539117798,0.002095068569,0.02541478243,0.1656443173,12.02888381,0,-0.1246276255,-0.1771634903,-0.2005982151,0.3057114649,1.047439826,0.00270020225,-22.19633851,-0.3057114649,-0.00270020225,-22.7053484,-22.7053484,0.02971386539,-0.4541069679,-2.876213977e-06,9.587379924e-07,4.793689962e-07,-4.314320966e-06,-0.4541069679,-9.299758527e-05,-2.876213977e-06,9.587379924e-07,4.793689962e-07,-4.314320966e-06,-0.4541069679,-9.299758527e-05,0,0,0,0,0,0
7.35,1,1,5.273058958e-05,3.595267472e-05,-4.793689962e-07,6.495449899e-05,-0.03603153092,-4.961469111e-05,0,0,0,0,-0.01570796327,0,-0.03806235631,-0.007962952651,0.003560997398,0.002030825398,0.02465821602,0.1562051853,12.04206636,0,-0.1262811683,-0.1719131486,-0.06686169184,0.2969358736,1.051801179,0.002565635199,-20.93149483,-0.2969358736,-0.002565635199,-21.29785803,-21.29785803,0.0296912572,-0.4259571606,-1.917475985e-06,1.438106989e-06,-3.355582973e-06,-1.438106989e-06,-0.4259571606,-9.491506125e-05,-1.917475985e-06,1.438106989e-06,-3.355582973e-06,-1.438106989e-06,-0.4259571606,-9.491506125e-05,0,0,0,0,0,0
7.36,1,1,5.344964308e-05,3.571299022e-05,-1.198422491e-06,6.567355248e-05,-0.03620290533,-5.00940601e-05,0,0,0,0,-0.01675516082,0,-0.03814180743,-0.007927233685,0.003582779372,0.001938902095,0.02356664145,0.1476582642,12.05799498,0,-0.1282480227,-0.164413425,0.08290071441,0.2841664443,1.05302825,0.002429011383,-19.78620741,-0.2841664443,-0.002429011383,-19.98990215,-19.98990215,0.02966792405,-0.399798043,-3.355582973e-06,1.917475985e-06,-1.917475985e-06,-2.876213977e-06,-0.399798043,-9.395632326e-05,-3.355582973e-06,1.917475985e-06,-1.917475985e-06,-2.876213977e-06,-0.399798043,-9.395632326e-05,0,0,0,0,0,0
7.37,1,1,5.344964308e-05,3.595267472e-05,-1.438106989e-06,6.639260598e-05,-0.03637427975,-5.00940601e-05,0,0,0,0,-0.01780235837,0,-0.03822090026,-0.007891297391,0.003604463122,0.001846620515,0.02246862525,0.1390847108,12.07419135,0,-0.1302145035,-0.1568870692,0.2053925716,0.2712904805,1.054255869,0.002291465898,-18.63735125,-0.2712904805,-0.002291465898,-18.70554063,-18.70554063,0.02964397173,-0.3741108125,-3.355582973e-06,1.438106989e-06,-1.438106989e-06,-4.314320966e-06,-0.3741108125,-9.395632326e-05,-3.355582973e-06,1.438106989e-06,-1.438106989e-06,-4.314320966e-06,-0.3741108125,-9.395632326e-05,0,0,0,0,0,0
7.38,1,1,5.249090509e-05,3.643204371e-05,-1.198422491e-06,6.567355248e-05,-0.03654373669,-4.961469111e-05,0,0,0,0,-0.01675516082,0,-0.03829963265,-0.007855144752,0.003626048054,0.001755895965,0.02138727339,0.1327346958,12.09047073,0,-0.1321586089,-0.1494898566,0.3035402528,0.2585822029,1.053369081,0.002181372052,-17.78644924,-0.2585822029,-0.002181372052,-17.74367256,-17.74367256,0.02961951087,-0.3548734512,-1.438106989e-06,4.793689962e-07,-1.917475985e-06,-2.876213977e-06,-0.3548734512,-9.491506125e-05,-1.438106989e-06,4.793689962e-07,-1.917475985e-06,-2.876213977e-06,-0.3548734512,-9.491506125e-05,0,0,0,0,0,0
7.39,1,1,5.177185159e-05,3.691141271e-05,-1.677791487e-06,6.663229047e-05,-0.03671295394,-5.00940601e-05,0,0,0,0,-0.01675516082,0,-0.03837800244,-0.007818776761,0.003647533576,0.001665048496,0.02030229058,0.1253303054,12.10699024,0,-0.1340995891,-0.1420854663,0.3831386136,0.2457996339,1.053538299,0.002058614577,-16.79426093,-0.2457996339,-0.002058614577,-16.65898056,-16.65898056,0.02959451657,-0.3331796113,-0,-4.793689962e-07,-9.587379924e-07,-4.793689962e-06,-0.3331796113,-9.395632326e-05,-0,-4.793689962e-07,-9.587379924e-07,-4.793689962e-06,-0.3331796113,-9.395632326e-05,0,0,0,0,0,0
7.4,1,1,5.225122059e-05,3.715109721e-05,-2.157160483e-06,6.567355248e-05,-0.03686850918,-5.00940601e-05,0,0,0,0,-0.01466076572,0,-0.03845600747,-0.007782194414,0.003668919099,0.001587498291,0.01937633262,0.1211019221,12.12240885,0,-0.1358835258,-0.1357626878,0.4277811925,0.234887826,1.051583009,0.001980087541,-16.22765756,-0.234887826,-0.001980087541,-16.03674428,-16.03674428,0.02956914404,-0.3207348856,-9.587379924e-07,-9.587379924e-07,-0,-2.876213977e-06,-0.3207348856,-9.395632326e-05,-9.587379924e-07,-9.587379924e-07,-0,-2.876213977e-06,-0.3207348856,-9.395632326e-05,0,0,0,0,0,0
7.41,1,1,5.225122059e-05,3.667172821e-05,-2.157160483e-06,6.567355248e-05,-0.03697684658,-5.03337446e-05,0,0,0,0,-0.006283185307,0,-0.03853364562,-0.007745398714,0.003690204036,0.001556799041,0.01901716388,0.1269581415,12.13327942,0,-0.1371257671,-0.1332413268,0.3939626385,0.2307405631,1.043269901,0.002041396254,-17.01239096,-0.2307405631,-0.002041396254,-16.85121028,-16.85121028,0.02954380393,-0.3370242056,-9.587379924e-07,-0,-0,-2.876213977e-06,-0.3370242056,-9.347695426e-05,-9.587379924e-07,-0,-0,-2.876213977e-06,-0.3370242056,-9.347695426e-05,0,0,0,0,0,0
7.42,1,1,5.297027408e-05,3.715109721e-05,-1.438106989e-06,6.615292148e-05,-0.0370305359,-4.985437561e-05,0,0,0,0,-0.002094395102,0,-0.03861091474,-0.007708390671,0.003711387805,0.001580378837,0.01931647362,0.1330281366,12.13870692,0,-0.1377413321,-0.1351225318,0.2862919016,0.2344770119,1.039126028,0.002120240916,-17.82577031,-0.2344770119,-0.002120240916,-17.77607566,-17.77607566,0.02951881027,-0.3555215132,-2.396844981e-06,-9.587379924e-07,-1.438106989e-06,-3.83495197e-06,-0.3555215132,-9.443569225e-05,-2.396844981e-06,-9.587379924e-07,-1.438106989e-06,-3.83495197e-06,-0.3555215132,-9.443569225e-05,0,0,0,0,0,0
7.43,1,1,5.392901207e-05,3.73907817e-05,-1.917475985e-06,6.639260598e-05,-0.03704395824,-5.05734291e-05,0,0,0,0,0,0,-0.03868781273,-0.007671171297,0.003732469825,0.00164385449,0.02010053973,0.1402421081,12.14006797,0,-0.1378952172,-0.1402421081,0.1397406317,0.2440219186,1.037043958,0.002224423176,-18.79244249,-0.2440219186,-0.002224423176,-18.8989482,-18.8989482,0.0294943615,-0.3779789639,-4.314320966e-06,-1.438106989e-06,-4.793689962e-07,-4.314320966e-06,-0.3779789639,-9.299758527e-05,-4.314320966e-06,-1.438106989e-06,-4.793689962e-07,-4.314320966e-06,-0.3779789639,-9.299758527e-05,0,0,0,0,0,0
7.44,1,1,5.225122059e-05,3.715109721e-05,-1.917475985e-06,6.639260598e-05,-0.03704563603,-4.985437561e-05,0,0,0,0,0,0,-0.03876433747,-0.007633741615,0.003753449516,0.001718701438,0.02102326654,0.1462882608,12.14023822,0,-0.1379144527,-0.1462882608,0.003532362094,0.255227464,1.037045636,0.002318443352,-19.60262695,-0.255227464,-0.002318443352,-19.8566405,-19.8566405,0.02947041957,-0.3971328099,-9.587379924e-07,-9.587379924e-07,-4.793689962e-07,-4.314320966e-06,-0.3971328099,-9.443569225e-05,-9.587379924e-07,-9.587379924e-07,-4.793689962e-07,-4.314320966e-06,-0.3971328099,-9.443569225e-05,0,0,0,0,0,0
7.45,1,1,5.177185159e-05,3.643204371e-05,-1.917475985e-06,6.663229047e-05,-0.03704587571,-5.03337446e-05,0,0,0,0,0,0,-0.03884048686,-0.00759610265,0.003774326306,0.001794611149,0.02195951102,0.1524248912,12.14026254,0,-0.1379172006,-0.1524248912,-0.1093208622,0.2665942291,1.037045876,0.002413775495,-20.42493541,-0.2665942291,-0.002413775495,-20.80326428,-20.80326428,0.02944698398,-0.4160652856,-0,4.793689962e-07,-4.793689962e-07,-4.793689962e-06,-0.4160652856,-9.347695426e-05,-0,4.793689962e-07,-4.793689962e-07,-4.793689962e-06,-0.4160652856,-9.347695426e-05,0,0,0,0,0,0
7.46,1,1,5.177185159e-05,3.571299022e-05,-1.677791487e-06,6.639260598e-05,-0.03704731382,-5.03337446e-05,0,0,0,0,0,0,-0.03891625882,-0.007558255434,0.00379509962,0.001868945006,0.02287723344,0.1584375955,12.1404085,0,-0.1379336881,-0.1584375955,-0.1992655119,0.2777389592,1.037047314,0.002507041951,-21.2306378,-0.2777389592,-0.002507041951,-21.71014932,-21.71014932,0.02942406982,-0.4342029863,-0,1.917475985e-06,-9.587379924e-07,-4.314320966e-06,-0.4342029863,-9.347695426e-05,-0,1.917475985e-06,-9.587379924e-07,-4.314320966e-06,-0.4342029863,-9.347695426e-05,0,0,0,0,0,0
7.47,1,1,5.225122059e-05,3.667172821e-05,-1.917475985e-06,6.543386798e-05,-0.0370506694,-5.05734291e-05,0,0,0,0,0,0,-0.03899165128,-0.007520201005,0.003815768889,0.001940981877,0.02376767183,0.1642674728,12.14074913,0,-0.1379721588,-0.1642674728,-0.2694869158,0.288557341,1.037050669,0.00259732569,-22.01184136,-0.288557341,-0.00259732569,-22.57248294,-22.57248294,0.02940168116,-0.4514496589,-9.587379924e-07,-0,-4.793689962e-07,-2.396844981e-06,-0.4514496589,-9.299758527e-05,-9.587379924e-07,-0,-4.793689962e-07,-2.396844981e-06,-0.4514496589,-9.299758527e-05,0,0,0,0,0,0
7.48,1,1,5.201153609e-05,3.643204371e-05,-1.677791487e-06,6.615292148e-05,-0.03705809962,-5.00940601e-05,0,0,0,0,0,0,-0.03906666216,-0.007481940405,0.003836333547,0.002008562536,0.02460460162,0.1697383959,12.14150375,0,-0.1380573435,-0.1697383959,-0.3202256401,0.2987368629,1.0370581,0.002681865259,-22.74494505,-0.2987368629,-0.002681865259,-23.36658942,-23.36658942,0.02937979089,-0.4673317885,-4.793689962e-07,4.793689962e-07,-9.587379924e-07,-3.83495197e-06,-0.4673317885,-9.395632326e-05,-4.793689962e-07,4.793689962e-07,-9.587379924e-07,-3.83495197e-06,-0.4673317885,-9.395632326e-05,0,0,0,0,0,0
7.49,1,1,5.273058958e-05,3.667172821e-05,-1.198422491e-06,6.615292148e-05,-0.03707248069,-4.961469111e-05,0,0,0,0,-0.002094395102,0,-0.0391412894,-0.007443474684,0.00385679303,0.002068808712,0.02535305659,0.1725208884,12.14296577,0,-0.1382222149,-0.1746152835,-0.3505180348,0.3078612983,1.039167972,0.002734929596,-23.11779905,-0.3078612983,-0.002734929596,-23.77891331,-23.77891331,0.02935833416,-0.4755782662,-1.917475985e-06,-0,-1.917475985e-06,-3.83495197e-06,-0.4755782662,-9.491506125e-05,-1.917475985e-06,-0,-1.917475985e-06,-3.83495197e-06,-0.4755782662,-9.491506125e-05,0,0,0,0,0,0
7.5,1,1,5.225122059e-05,3.715109721e-05,-1.438106989e-06,6.639260598e-05,-0.03709980472,-5.03337446e-05,0,0,0,0,-0.002094395102,0,-0.03921553097,-0.007404804897,0.003877146778,0.002115726247,0.02594019766,0.1763142966,12.1457489,0,-0.1385354627,-0.1784086917,-0.3556162777,0.3150631272,1.039195296,0.002793198097,-23.62611574,-0.3150631272,-0.002793198097,-24.29958835,-24.29958835,0.0293372129,-0.4859917669,-9.587379924e-07,-9.587379924e-07,-1.438106989e-06,-4.314320966e-06,-0.4859917669,-9.347695426e-05,-9.587379924e-07,-9.587379924e-07,-1.438106989e-06,-4.314320966e-06,-0.4859917669,-9.347695426e-05,0,0,0,0,0,0
7.51,1,1,5.249090509e-05,3.667172821e-05,-1.677791487e-06,6.639260598e-05,-0.03714007172,-5.05734291e-05,0,0,0,0,-0.004188790205,0,-0.03928938482,-0.007365932103,0.003897394231,0.002149313105,0.02636588483,0.1769282684,12.14986301,0,-0.1389970725,-0.1811170586,-0.3394222423,0.320341889,1.041333248,0.002812463679,-23.70838797,-0.320341889,-0.002812463679,-24.37096457,-24.37096457,0.02931631375,-0.4874192913,-1.438106989e-06,-0,-9.587379924e-07,-4.314320966e-06,-0.4874192913,-9.299758527e-05,-1.438106989e-06,-0,-9.587379924e-07,-4.314320966e-06,-0.4874192913,-9.299758527e-05,0,0,0,0,0,0
7.52,1,1,5.249090509e-05,3.691141271e-05,-1.917475985e-06,6.639260598e-05,-0.03720694369,-4.961469111e-05,0,0,0,0,-0.009424777961,0,-0.03936284894,-0.007326857368,0.003917534835,0.002155905245,0.02646385016,0.1722003011,12.15672873,0,-0.139763625,-0.1816250791,-0.2858206218,0.3217138475,1.046653928,0.002763379006,-23.07484035,-0.3217138475,-0.002763379006,-23.6851382,-23.6851382,0.02929536648,-0.4737027639,-1.438106989e-06,-4.793689962e-07,-4.793689962e-07,-4.314320966e-06,-0.4737027639,-9.491506125e-05,-1.438106989e-06,-4.793689962e-07,-4.793689962e-07,-4.314320966e-06,-0.4737027639,-9.491506125e-05,0,0,0,0,0,0
7.53,1,1,5.225122059e-05,3.619235921e-05,-2.396844981e-06,6.663229047e-05,-0.0373073715,-5.00940601e-05,0,0,0,0,-0.01047197551,0,-0.0394359213,-0.007287581764,0.003937568038,0.002128549803,0.02614894121,0.168892857,12.16711793,0,-0.1409147112,-0.1793648325,-0.1917365365,0.3181572515,1.047806763,0.002714303489,-22.63164284,-0.3181572515,-0.002714303489,-23.14425093,-23.14425093,0.02927405658,-0.4628850185,-9.587379924e-07,9.587379924e-07,4.793689962e-07,-4.793689962e-06,-0.4628850185,-9.395632326e-05,-9.587379924e-07,9.587379924e-07,4.793689962e-07,-4.793689962e-06,-0.4628850185,-9.395632326e-05,0,0,0,0,0,0
7.54,1,1,5.297027408e-05,3.643204371e-05,-1.198422491e-06,6.639260598e-05,-0.03743368523,-5.03337446e-05,0,0,0,-0.001047197551,-0.01466076572,0,-0.03950859991,-0.007248106367,0.003957493291,0.002074914679,0.02551349436,0.1603012488,12.18031885,0,-0.1423622975,-0.1749620146,-0.07518762678,0.3107624963,1.052148185,0.002595693667,-21.48036734,-0.3107624963,-0.002595693667,-21.86891316,-21.86891316,0.0292522875,-0.4373782632,-2.396844981e-06,4.793689962e-07,-1.917475985e-06,0.0001004054342,-0.4373782632,-9.347695426e-05,-2.396844981e-06,4.793689962e-07,-1.917475985e-06,0.0001004054342,-0.4373782632,-9.347695426e-05,0,0,0,0,0,0
7.55,1,1,5.249090509e-05,3.595267472e-05,-7.190534943e-07,6.615292148e-05,-0.03758971984,-4.961469111e-05,0,0,0,0,-0.01570796327,0,-0.03958088277,-0.00720843226,0.003977310047,0.001991162929,0.02450965925,0.1523978934,12.19683234,0,-0.1441501816,-0.1681058567,0.06428136304,0.2989402045,1.053359368,0.002471505183,-20.42131771,-0.2989402045,-0.002471505183,-20.65844806,-20.65844806,0.02922978184,-0.4131689612,-1.438106989e-06,1.438106989e-06,-2.876213977e-06,-3.83495197e-06,-0.4131689612,-9.491506125e-05,-1.438106989e-06,1.438106989e-06,-2.876213977e-06,-3.83495197e-06,-0.4131689612,-9.491506125e-05,0,0,0,0,0,0
7.56,1,1,5.201153609e-05,3.643204371e-05,-9.587379924e-07,6.519418349e-05,-0.03775030845,-4.985437561e-05,0,0,0,0,-0.01570796327,0,-0.0396527679,-0.00716856053,0.003997017763,0.001902459444,0.0234433183,0.1451410933,12.21406691,0,-0.1459898839,-0.1608490565,0.1848857588,0.2863382584,1.053519957,0.002352678813,-19.4489065,-0.2863382584,-0.002352678813,-19.55271168,-19.55271168,0.02920666529,-0.3910542335,-4.793689962e-07,4.793689962e-07,-2.396844981e-06,-1.917475985e-06,-0.3910542335,-9.443569225e-05,-4.793689962e-07,4.793689962e-07,-2.396844981e-06,-1.917475985e-06,-0.3910542335,-9.443569225e-05,0,0,0,0,0,0
7.57,1,1,5.273058958e-05,3.619235921e-05,-1.438106989e-06,6.519418349e-05,-0.03789148262,-5.00940601e-05,0,0,0,0,-0.01256637061,0,-0.03972425332,-0.00712849227,0.004016615899,0.001832770702,0.02260731698,0.1425765137,12.22941899,0,-0.147606867,-0.1551428843,0.2547369902,0.2764743515,1.050497332,0.002296020142,-19.10525283,-0.2764743515,-0.002296020142,-19.12928621,-19.12928621,0.02918318616,-0.3825857243,-1.917475985e-06,9.587379924e-07,-1.438106989e-06,-1.917475985e-06,-0.3825857243,-9.395632326e-05,-1.917475985e-06,9.587379924e-07,-1.438106989e-06,-1.917475985e-06,-0.3825857243,-9.395632326e-05,0,0,0,0,0,0
7.58,1,1,5.344964308e-05,3.667172821e-05,-1.917475985e-06,6.543386798e-05,-0.03801420108,-5.00940601e-05,0,0,0,0,-0.01151917306,0,-0.03979533709,-0.007088228579,0.004036103917,0.001781136005,0.02199075274,0.1393881035,12.24291746,0,-0.1490122255,-0.1509072766,0.2854446538,0.2692309708,1.049566547,0.002238880999,-18.67800587,-0.2692309708,-0.002238880999,-18.66403107,-18.66403107,0.02915948671,-0.3732806214,-3.355582973e-06,-0,-4.793689962e-07,-2.396844981e-06,-0.3732806214,-9.395632326e-05,-3.355582973e-06,-0,-4.793689962e-07,-2.396844981e-06,-0.3732806214,-9.395632326e-05,0,0,0,0,0,0
7.59,1,1,5.201153609e-05,3.73907817e-05,-1.438106989e-06,6.543386798e-05,-0.03813955608,-4.961469111e-05,0,0,0,0,-0.01047197551,0,-0.03986601725,-0.007047770561,0.004055481284,0.00172646117,0.02133582359,0.1359531198,12.2568537,0,-0.1504475481,-0.1464250954,0.3150615417,0.2615100682,1.048638947,0.002178057101,-18.21771806,-0.2615100682,-0.002178057101,-18.16634464,-18.16634464,0.02913548513,-0.3633268929,-4.793689962e-07,-1.438106989e-06,-1.438106989e-06,-2.396844981e-06,-0.3633268929,-9.491506125e-05,-4.793689962e-07,-1.438106989e-06,-1.438106989e-06,-2.396844981e-06,-0.3633268929,-9.491506125e-05,0,0,0,0,0,0
7.6,1,1,5.273058958e-05,3.667172821e-05,-1.917475985e-06,6.591323698e-05,-0.03825316653,-5.03337446e-05,0,0,0,0,-0.01047197551,0,-0.03993629186,-0.007007119324,0.004074747467,0.001683125328,0.02081883075,0.1323938399,12.26961361,0,-0.1517481931,-0.1428658154,0.32280873,0.2554390091,1.048752558,0.002119734323,-17.74077455,-0.2554390091,-0.002119734323,-17.67552456,-17.67552456,0.02911128272,-0.3535104913,-1.917475985e-06,-0,-4.793689962e-07,-3.355582973e-06,-0.3535104913,-9.347695426e-05,-1.917475985e-06,-0,-4.793689962e-07,-3.355582973e-06,-0.3535104913,-9.347695426e-05,0,0,0,0,0,0
7.61,1,1,5.153216709e-05,3.667172821e-05,-1.917475985e-06,6.591323698e-05,-0.03835359433,-5.10527981e-05,0,0,0,0,-0.00837758041,0,-0.04000615899,-0.006966275984,0.004093901939,0.001652564659,0.02045783947,0.1319679379,12.28099567,0,-0.1528977582,-0.1403455183,0.3091424336,0.2512426379,1.046748721,0.002103089574,-17.68370368,-0.2512426379,-0.002103089574,-17.62790697,-17.62790697,0.02908694765,-0.3525581394,4.793689962e-07,-0,-4.793689962e-07,-3.355582973e-06,-0.3525581394,-9.203884727e-05,4.793689962e-07,-0,-4.793689962e-07,-3.355582973e-06,-0.3525581394,-9.203884727e-05,0,0,0,0,0,0
7.62,1,1,5.225122059e-05,3.571299022e-05,-1.917475985e-06,6.687197497e-05,-0.03842334252,-5.08131136e-05,0,0,0,0,-0.005235987756,0,-0.04007561674,-0.006925241659,0.004112944175,0.001652274217,0.02046829541,0.135050092,12.28895748,0,-0.1536960539,-0.1402860798,0.2530314249,0.251534012,1.043666184,0.002137769039,-18.09671233,-0.251534012,-0.002137769039,-18.09735269,-18.09735269,0.02906274691,-0.3619470538,-9.587379924e-07,1.917475985e-06,-4.793689962e-07,-5.273058958e-06,-0.3619470538,-9.251821627e-05,-9.587379924e-07,1.917475985e-06,-4.793689962e-07,-5.273058958e-06,-0.3619470538,-9.251821627e-05,0,0,0,0,0,0
7.63,1,1,5.320995858e-05,3.571299022e-05,-1.917475985e-06,6.615292148e-05,-0.03846313015,-5.05734291e-05,0,0,0,0,-0.001047197551,0,-0.04014466319,-0.006884017476,0.004131873652,0.001681533044,0.02084205594,0.1415822383,12.29352018,0,-0.154151406,-0.1426294359,0.162912115,0.2562222353,1.039510602,0.002221526638,-18.97201994,-0.2562222353,-0.002221526638,-19.06755158,-19.06755158,0.02903886034,-0.3813510317,-2.876213977e-06,1.917475985e-06,-4.793689962e-07,-3.83495197e-06,-0.3813510317,-9.299758527e-05,-2.876213977e-06,1.917475985e-06,-4.793689962e-07,-3.83495197e-06,-0.3813510317,-9.299758527e-05,0,0,0,0,0,0
7.64,1,1,5.273058958e-05,3.643204371e-05,-1.677791487e-06,6.591323698e-05,-0.03847439532,-5.00940601e-05,0,0,0,0,0,0,-0.04021329646,-0.006842604564,0.004150689852,0.00173890114,0.02156181735,0.1472606929,12.2948148,0,-0.1542803266,-0.1472606929,0.04816483749,0.265098551,1.038474395,0.002304161416,-19.73293285,-0.265098551,-0.002304161416,-19.95217073,-19.95217073,0.029015482,-0.3990434146,-1.917475985e-06,4.793689962e-07,-9.587379924e-07,-3.355582973e-06,-0.3990434146,-9.395632326e-05,-1.917475985e-06,4.793689962e-07,-9.587379924e-07,-3.355582973e-06,-0.3990434146,-9.395632326e-05,0,0,0,0,0,0
7.65,1,1,5.10527981e-05,3.595267472e-05,-1.438106989e-06,6.591323698e-05,-0.03847823027,-5.00940601e-05,0,0,0,-0.001047197551,0,0,-0.04028151466,-0.006801004058,0.004169392258,0.001803284387,0.02236834989,0.1524658467,12.29525579,0,-0.1543242141,-0.1524658467,-0.05587266631,0.2750245836,1.03847823,0.002383734472,-20.43042346,-0.2750245836,-0.002383734472,-20.76370445,-20.76370445,0.02899255339,-0.4152740889,1.438106989e-06,1.438106989e-06,-1.438106989e-06,0.0001013641721,-0.4152740889,-9.395632326e-05,1.438106989e-06,1.438106989e-06,-1.438106989e-06,0.0001013641721,-0.4152740889,-9.395632326e-05,0,0,0,0,0,0
7.66,1,1,5.10527981e-05,3.691141271e-05,-1.438106989e-06,6.615292148e-05,-0.03848230491,-4.985437561e-05,0,0,0,0,0,0,-0.04034931592,-0.0067592171,0.004187980359,0.001867011011,0.02316732828,0.157620866,12.29572451,0,-0.1543708442,-0.157620866,-0.1400135834,0.2848590861,1.038482305,0.00246243565,-21.12119604,-0.2848590861,-0.00246243565,-21.54853115,-21.54853115,0.02897007268,-0.430970623,1.438106989e-06,-4.793689962e-07,-1.438106989e-06,-3.83495197e-06,-0.430970623,-9.443569225e-05,1.438106989e-06,-4.793689962e-07,-1.438106989e-06,-3.83495197e-06,-0.430970623,-9.443569225e-05,0,0,0,0,0,0
7.67,1,1,5.249090509e-05,3.667172821e-05,-1.198422491e-06,6.591323698e-05,-0.03848997481,-4.961469111e-05,0,0,0,0,-0.001047197551,0,-0.04041669838,-0.006717244834,0.004206453644,0.00192672357,0.02391745907,0.1614047633,12.29660723,0,-0.1544586179,-0.1624519608,-0.2026366516,0.2941036001,1.039537447,0.002524750521,-21.62823828,-0.2941036001,-0.002524750521,-22.12750328,-22.12750328,0.02894802706,-0.4425500656,-1.438106989e-06,-0,-1.917475985e-06,-3.355582973e-06,-0.4425500656,-9.491506125e-05,-1.438106989e-06,-0,-1.917475985e-06,-3.355582973e-06,-0.4425500656,-9.491506125e-05,0,0,0,0,0,0
7.68,1,1,5.320995858e-05,3.667172821e-05,-1.677791487e-06,6.567355248e-05,-0.03850507494,-5.05734291e-05,0,0,0,0,-0.001047197551,0,-0.0404836602,-0.006675088411,0.004224811607,0.001978585266,0.02457153863,0.1655984478,12.29834673,0,-0.1546314198,-0.1666456453,-0.2422209071,0.3021893019,1.039552547,0.002588479374,-22.190192,-0.3021893019,-0.002588479374,-22.73719069,-22.73719069,0.02892632366,-0.4547438138,-2.876213977e-06,-0,-9.587379924e-07,-2.876213977e-06,-0.4547438138,-9.299758527e-05,-2.876213977e-06,-0,-9.587379924e-07,-2.876213977e-06,-0.4547438138,-9.299758527e-05,0,0,0,0,0,0
7.69,1,1,5.273058958e-05,3.691141271e-05,-1.677791487e-06,6.615292148e-05,-0.0385242497,-5.00940601e-05,0,0,0,0,-0.002094395102,0,-0.04055019954,-0.006632748988,0.004243053744,0.002025949845,0.02517077296,0.1683802299,12.30055879,0,-0.1548508457,-0.170474625,-0.2675902015,0.3096145726,1.040619741,0.002635420004,-22.56295081,-0.3096145726,-0.002635420004,-23.142791,-23.142791,0.0289049828,-0.46285582,-1.917475985e-06,-4.793689962e-07,-9.587379924e-07,-3.83495197e-06,-0.46285582,-9.395632326e-05,-1.917475985e-06,-4.793689962e-07,-9.587379924e-07,-3.83495197e-06,-0.46285582,-9.395632326e-05,0,0,0,0,0,0
7.7,1,1,5.320995858e-05,3.691141271e-05,-1.438106989e-06,6.687197497e-05,-0.03855468963,-5.00940601e-05,0,0,0,0,-0.002094395102,0,-0.04061631458,-0.006590227724,0.004261179556,0.002061624949,0.02562663371,0.1712568631,12.3040777,0,-0.1551991728,-0.1733512582,-0.2710773762,0.3153120924,1.040650181,0.002678642733,-22.94841965,-0.3153120924,-0.002678642733,-23.53748776,-23.53748776,0.02888389669,-0.4707497553,-2.876213977e-06,-4.793689962e-07,-1.438106989e-06,-5.273058958e-06,-0.4707497553,-9.395632326e-05,-2.876213977e-06,-4.793689962e-07,-1.438106989e-06,-5.273058958e-06,-0.4707497553,-9.395632326e-05,0,0,0,0,0,0
7.71,1,1,5.273058958e-05,3.691141271e-05,-1.198422491e-06,6.591323698e-05,-0.03859399789,-5.03337446e-05,0,0,0,0,-0.003141592654,0,-0.04068200349,-0.006547525786,0.004279188546,0.002088005609,0.02596847257,0.1723284473,12.30863501,0,-0.1556489599,-0.17547004,-0.2601140995,0.3196364507,1.041738058,0.002699082939,-23.09201194,-0.3196364507,-0.002699082939,-23.67446158,-23.67446158,0.0288629609,-0.4734892315,-1.917475985e-06,-4.793689962e-07,-1.917475985e-06,-3.355582973e-06,-0.4734892315,-9.347695426e-05,-1.917475985e-06,-4.793689962e-07,-1.917475985e-06,-3.355582973e-06,-0.4734892315,-9.347695426e-05,0,0,0,0,0,0
7.72,1,1,5.153216709e-05,3.73907817e-05,-1.198422491e-06,6.567355248e-05,-0.0386416951,-5.00940601e-05,0,0,0,0,-0.004188790205,0,-0.04074726449,-0.006504644344,0.00429708022,0.002105569393,0.0262020395,0.1726804986,12.31418492,0,-0.1561947064,-0.1768692888,-0.2378324887,0.3226567597,1.042834872,0.002708341544,-23.13918681,-0.3226567597,-0.002708341544,-23.7023844,-23.7023844,0.02884216243,-0.4740476881,4.793689962e-07,-1.438106989e-06,-1.917475985e-06,-2.876213977e-06,-0.4740476881,-9.395632326e-05,4.793689962e-07,-1.438106989e-06,-1.917475985e-06,-2.876213977e-06,-0.4740476881,-9.395632326e-05,0,0,0,0,0,0
7.73,1,1,5.273058958e-05,3.76304662e-05,-1.677791487e-06,6.591323698e-05,-0.03870137654,-5.05734291e-05,0,0,0,0,-0.006283185307,0,-0.04081209579,-0.006461584574,0.004314854087,0.002110719246,0.02628286544,0.1709714846,12.32116021,0,-0.1568775255,-0.1772546699,-0.201148029,0.3238353959,1.044994431,0.002690712757,-22.91017893,-0.3238353959,-0.002690712757,-23.43785307,-23.43785307,0.02882134817,-0.4687570614,-1.917475985e-06,-1.917475985e-06,-9.587379924e-07,-3.355582973e-06,-0.4687570614,-9.299758527e-05,-1.917475985e-06,-1.917475985e-06,-9.587379924e-07,-3.355582973e-06,-0.4687570614,-9.299758527e-05,0,0,0,0,0,0
7.74,1,1,5.368932758e-05,3.715109721e-05,-1.198422491e-06,6.567355248e-05,-0.03877328189,-5.00940601e-05,0,0,0,0,-0.006283185307,0,-0.04087649559,-0.006418347657,0.00433250966,0.002103213705,0.02620771108,0.170322865,12.32960992,0,-0.1577001259,-0.1766060503,-0.1523332732,0.3231308545,1.045066337,0.002678930931,-22.82326391,-0.3231308545,-0.002678930931,-23.30140697,-23.30140697,0.02880045533,-0.4660281395,-3.83495197e-06,-9.587379924e-07,-1.917475985e-06,-2.876213977e-06,-0.4660281395,-9.395632326e-05,-3.83495197e-06,-9.587379924e-07,-1.917475985e-06,-2.876213977e-06,-0.4660281395,-9.395632326e-05,0,0,0,0,0,0
7.75,1,1,5.297027408e-05,3.619235921e-05,-1.677791487e-06,6.543386798e-05,-0.03885693178,-5.05734291e-05,0,-0.001047197551,0,0,-0.009424777961,-0.001047197551,-0.04094046215,-0.006374934777,0.004350046455,0.002083530373,0.02598214693,0.1655375677,12.33950276,0,-0.158656983,-0.1749623456,-0.09369905037,0.3206067739,1.048303916,0.002617910339,-22.18203407,-0.3206067739,-0.002617910339,-22.5989578,-22.5989578,0.02877939813,-0.451979156,-2.396844981e-06,0.0001056784931,-9.587379924e-07,-2.396844981e-06,-0.451979156,1.172216985e-05,-2.396844981e-06,0.0001056784931,-9.587379924e-07,-2.396844981e-06,-0.451979156,1.172216985e-05,0,0,0,0,0,0
7.76,1,1,5.225122059e-05,3.715109721e-05,-9.587379924e-07,6.591323698e-05,-0.03896311201,-5.00940601e-05,0,0,0,0,-0.01151917306,0,-0.04100399371,-0.006331347125,0.004367463991,0.002040881695,0.02547256661,0.1599236302,12.35215799,0,-0.159871403,-0.1714428032,-0.01111507061,0.3146411672,1.050515458,0.002537921451,-21.42976644,-0.3146411672,-0.002537921451,-21.7580606,-21.7580606,0.02875794592,-0.435161212,-9.587379924e-07,-9.587379924e-07,-2.396844981e-06,-3.355582973e-06,-0.435161212,-9.395632326e-05,-9.587379924e-07,-9.587379924e-07,-2.396844981e-06,-3.355582973e-06,-0.435161212,-9.395632326e-05,0,0,0,0,0,0
7.77,1,1,5.129248259e-05,3.78701507e-05,-1.438106989e-06,6.591323698e-05,-0.03909086385,-5.03337446e-05,0,0,0,0,-0.01256637061,0,-0.04106708852,-0.006287585896,0.004384761792,0.001976224667,0.02468992863,0.1535606717,12.36752973,0,-0.1613323088,-0.1661270423,0.08838730087,0.3053534263,1.051696713,0.002440563366,-20.57713001,-0.3053534263,-0.002440563366,-20.79653669,-20.79653669,0.02873594414,-0.4159307339,9.587379924e-07,-2.396844981e-06,-1.438106989e-06,-3.355582973e-06,-0.4159307339,-9.347695426e-05,9.587379924e-07,-2.396844981e-06,-1.438106989e-06,-3.355582973e-06,-0.4159307339,-9.347695426e-05,0,0,0,0,0,0
7.78,1,1,5.177185159e-05,3.667172821e-05,-1.438106989e-06,6.591323698e-05,-0.03921142515,-5.05734291e-05,0,0,0,0,-0.01047197551,0,-0.04112974485,-0.00624365229,0.004401939381,0.001918319699,0.02398937476,0.1508919304,12.38218243,0,-0.162710749,-0.1613639059,0.1586832372,0.2970408147,1.049710816,0.002387243659,-20.21951867,-0.2970408147,-0.002387243659,-20.3602635,-20.3602635,0.02871358638,-0.4072052699,-0,-0,-1.438106989e-06,-3.355582973e-06,-0.4072052699,-9.299758527e-05,-0,-0,-1.438106989e-06,-3.355582973e-06,-0.4072052699,-9.299758527e-05,0,0,0,0,0,0
7.79,1,1,5.273058958e-05,3.595267472e-05,-1.917475985e-06,6.639260598e-05,-0.03930897674,-5.03337446e-05,0,0,0,0,-0.007330382858,0,-0.04119196099,-0.006199547511,0.00441899629,0.001882984249,0.02356725359,0.1511126074,12.3941428,0,-0.1638259365,-0.1584429903,0.1821208882,0.2920959064,1.046652793,0.002374962564,-20.2490894,-0.2920959064,-0.002374962564,-20.36143938,-20.36143938,0.02869107534,-0.4072287875,-1.917475985e-06,1.438106989e-06,-4.793689962e-07,-4.314320966e-06,-0.4072287875,-9.347695426e-05,-1.917475985e-06,1.438106989e-06,-4.793689962e-07,-4.314320966e-06,-0.4072287875,-9.347695426e-05,0,0,0,0,0,0
7.8,1,1,5.273058958e-05,3.667172821e-05,-2.157160483e-06,6.567355248e-05,-0.0393684185,-4.937500661e-05,0,0,0,0,-0.004188790205,0,-0.04125373523,-0.006155272768,0.004435932049,0.001885316736,0.0236116281,0.1544059832,12.4014765,0,-0.1645053857,-0.1585947734,0.1452370402,0.292819051,1.043561595,0.002410533119,-20.69040175,-0.292819051,-0.002410533119,-20.8403943,-20.8403943,0.02866877912,-0.416807886,-1.917475985e-06,-0,-0,-2.876213977e-06,-0.416807886,-9.539443025e-05,-1.917475985e-06,-0,-0,-2.876213977e-06,-0.416807886,-9.539443025e-05,0,0,0,0,0,0
7.81,1,1,5.297027408e-05,3.715109721e-05,-1.917475985e-06,6.591323698e-05,-0.03939502348,-5.03337446e-05,0,0,0,0,-0.001047197551,0,-0.04131506588,-0.006110829275,0.004452746195,0.001920042407,0.02405789336,0.1603424804,12.40477018,0,-0.1648094754,-0.1613896779,0.066968991,0.2984326382,1.040442495,0.002486366198,-21.48589237,-0.2984326382,-0.002486366198,-21.71984238,-21.71984238,0.0286468876,-0.4343968477,-2.396844981e-06,-9.587379924e-07,-4.793689962e-07,-3.355582973e-06,-0.4343968477,-9.347695426e-05,-2.396844981e-06,-9.587379924e-07,-4.793689962e-07,-3.355582973e-06,-0.4343968477,-9.347695426e-05,0,0,0,0,0,0
7.82,1,1,5.177185159e-05,3.715109721e-05,-1.677791487e-06,6.639260598e-05,-0.03941228076,-5.00940601e-05,0,0,0,0,-0.001047197551,0,-0.04137595126,-0.006066218251,0.004469438267,0.0019636705,0.02461494994,0.1638653042,12.40691035,0,-0.1650067167,-0.1649125017,-0.009845425436,0.3053954773,1.040459752,0.002539166466,-21.95795076,-0.3053954773,-0.002539166466,-22.27573083,-22.27573083,0.02862537498,-0.4455146165,-0,-9.587379924e-07,-9.587379924e-07,-4.314320966e-06,-0.4455146165,-9.395632326e-05,-0,-9.587379924e-07,-9.587379924e-07,-4.314320966e-06,-0.4455146165,-9.395632326e-05,0,0,0,0,0,0
7.83,1,1,5.249090509e-05,3.76304662e-05,-1.677791487e-06,6.639260598e-05,-0.03942378562,-5.00940601e-05,0,0,0,0,0,0,-0.0414363897,-0.006021440919,0.004486007807,0.002012604078,0.0252382168,0.1688704025,12.40833876,0,-0.1651382081,-0.1688704025,-0.08063106076,0.3131643437,1.039423786,0.002609584483,-22.62863393,-0.3131643437,-0.002609584483,-23.02503892,-23.02503892,0.02860426416,-0.4605007784,-1.438106989e-06,-1.917475985e-06,-9.587379924e-07,-4.314320966e-06,-0.4605007784,-9.395632326e-05,-1.438106989e-06,-1.917475985e-06,-9.587379924e-07,-4.314320966e-06,-0.4605007784,-9.395632326e-05,0,0,0,0,0,0
7.84,1,1,5.201153609e-05,3.667172821e-05,-2.396844981e-06,6.615292148e-05,-0.03943385237,-4.961469111e-05,0,0,0,0,-0.001047197551,0,-0.04149637953,-0.005976498505,0.00450245436,0.002062527163,0.02587415034,0.171864079,12.40958969,0,-0.1652532614,-0.1729112766,-0.1397278018,0.3210875892,1.040481324,0.002659321454,-23.02978659,-0.3210875892,-0.002659321454,-23.4932613,-23.4932613,0.02858352947,-0.469865226,-4.793689962e-07,-0,4.793689962e-07,-3.83495197e-06,-0.469865226,-9.491506125e-05,-4.793689962e-07,-0,4.793689962e-07,-3.83495197e-06,-0.469865226,-9.491506125e-05,0,0,0,0,0,0
7.85,1,1,5.129248259e-05,3.691141271e-05,-1.677791487e-06,6.639260598e-05,-0.03944895249,-5.00940601e-05,0,0,0,0,-0.001047197551,0,-0.04155591912,-0.005931392243,0.004518777477,0.00210696663,0.02644240765,0.1754587331,12.41146795,0,-0.1654258382,-0.1765059307,-0.1799097921,0.3281890951,1.040496424,0.002713082124,-23.51147024,-0.3281890951,-0.002713082124,-24.02228221,-24.02228221,0.02856314338,-0.4804456441,9.587379924e-07,-4.793689962e-07,-9.587379924e-07,-4.314320966e-06,-0.4804456441,-9.395632326e-05,9.587379924e-07,-4.793689962e-07,-9.587379924e-07,-4.314320966e-06,-0.4804456441,-9.395632326e-05,0,0,0,0,0,0
7.86,1,1,5.201153609e-05,3.715109721e-05,-1.677791487e-06,6.639260598e-05,-0.03946692883,-5.00940601e-05,0,0,0,0,-0.001047197551,0,-0.04161500683,-0.005886123368,0.004534976709,0.002148078005,0.02696970874,0.1787828813,12.41370691,0,-0.1656312819,-0.1798300788,-0.2078750698,0.3347940597,1.040514401,0.002762633046,-23.95690609,-0.3347940597,-0.002762633046,-24.50233786,-24.50233786,0.02854307822,-0.4900467571,-4.793689962e-07,-9.587379924e-07,-9.587379924e-07,-4.314320966e-06,-0.4900467571,-9.395632326e-05,-4.793689962e-07,-9.587379924e-07,-9.587379924e-07,-4.314320966e-06,-0.4900467571,-9.395632326e-05,0,0,0,0,0,0
7.87,1,1,5.225122059e-05,3.691141271e-05,-1.677791487e-06,6.519418349e-05,-0.03949856718,-5.00940601e-05,0,0,0,0,-0.004188790205,0,-0.04167364105,-0.005840693123,0.004551051612,0.002175073868,0.02732207697,0.1778117893,12.41765522,0,-0.1659928501,-0.1820005795,-0.2089342894,0.3392761317,1.043691744,0.002762507004,-23.82677976,-0.3392761317,-0.002762507004,-24.37775269,-24.37775269,0.02852318466,-0.4875550538,-9.587379924e-07,-4.793689962e-07,-9.587379924e-07,-1.917475985e-06,-0.4875550538,-9.395632326e-05,-9.587379924e-07,-4.793689962e-07,-9.587379924e-07,-1.917475985e-06,-0.4875550538,-9.395632326e-05,0,0,0,0,0,0
7.88,1,1,5.225122059e-05,3.667172821e-05,-1.198422491e-06,6.687197497e-05,-0.03955920736,-4.937500661e-05,0,0,0,0,-0.007330382858,0,-0.04173182016,-0.005795102752,0.004567001746,0.002172612802,0.02730873389,0.1744303877,12.42525044,0,-0.1666858098,-0.1817607705,-0.165624492,0.3393178578,1.046903024,0.002724762688,-23.37367195,-0.3393178578,-0.002724762688,-23.88133906,-23.88133906,0.02850315247,-0.4776267812,-9.587379924e-07,-0,-1.917475985e-06,-5.273058958e-06,-0.4776267812,-9.539443025e-05,-9.587379924e-07,-0,-1.917475985e-06,-5.273058958e-06,-0.4776267812,-9.539443025e-05,0,0,0,0,0,0
7.89,1,1,5.177185159e-05,3.547330572e-05,-4.793689962e-07,6.663229047e-05,-0.03964477472,-5.00940601e-05,0,0,0,0,-0.01047197551,0,-0.04178954257,-0.005749353505,0.004582826674,0.00214476785,0.02697965912,0.1689714864,12.43602968,0,-0.1676635197,-0.1794434619,-0.09212570963,0.3355198416,1.050144166,0.002653967398,-22.64217917,-0.3355198416,-0.002653967398,-23.07247869,-23.07247869,0.02848281295,-0.4614495739,-0,2.396844981e-06,-3.355582973e-06,-4.793689962e-06,-0.4614495739,-9.395632326e-05,-0,2.396844981e-06,-3.355582973e-06,-4.793689962e-06,-0.4614495739,-9.395632326e-05,0,0,0,0,0,0
7.9,1,1,5.129248259e-05,3.667172821e-05,-1.198422491e-06,6.687197497e-05,-0.03976293918,-5.03337446e-05,0,0,0,0,-0.01151917306,0,-0.04184680671,-0.005703446637,0.00459852596,0.002083867524,0.02623851523,0.1629030254,12.45103464,0,-0.1690134914,-0.1744221985,0.01690590767,0.3266966621,1.051315285,0.002562483876,-21.8290054,-0.3266966621,-0.002562483876,-22.14135864,-22.14135864,0.02846189335,-0.4428271729,9.587379924e-07,-0,-1.917475985e-06,-5.273058958e-06,-0.4428271729,-9.347695426e-05,9.587379924e-07,-0,-1.917475985e-06,-5.273058958e-06,-0.4428271729,-9.347695426e-05,0,0,0,0,0,0
7.91,1,1,5.320995858e-05,3.73907817e-05,-1.677791487e-06,6.711165947e-05,-0.03989812124,-4.985437561e-05,0,0,0,0,-0.01256637061,0,-0.04190361099,-0.005657383407,0.004614099176,0.002005489747,0.02527805344,0.1554075432,12.46837086,0,-0.1705575955,-0.1679739138,0.1317097672,0.3151761449,1.05250397,0.002448260405,-20.82461078,-0.3151761449,-0.002448260405,-21.01052542,-21.01052542,0.02844034147,-0.4202105084,-2.876213977e-06,-1.438106989e-06,-9.587379924e-07,-5.752427955e-06,-0.4202105084,-9.443569225e-05,-2.876213977e-06,-1.438106989e-06,-9.587379924e-07,-5.752427955e-06,-0.4202105084,-9.443569225e-05,0,0,0,0,0,0
7.92,1,1,5.392901207e-05,3.643204371e-05,-1.198422491e-06,6.543386798e-05,-0.0400301874,-4.961469111e-05,0,0,0,0,-0.01256637061,0,-0.04195995386,-0.005611165076,0.004629545894,0.001929766459,0.02434873672,0.1491793799,12.48548362,0,-0.172065812,-0.1617457505,0.2210764822,0.3040057534,1.052636036,0.002348914042,-19.99003691,-0.3040057534,-0.002348914042,-20.07531509,-20.07531509,0.02841828362,-0.4015063018,-4.314320966e-06,4.793689962e-07,-1.917475985e-06,-2.396844981e-06,-0.4015063018,-9.491506125e-05,-4.314320966e-06,4.793689962e-07,-1.917475985e-06,-2.396844981e-06,-0.4015063018,-9.491506125e-05,0,0,0,0,0,0
7.93,1,1,5.320995858e-05,3.619235921e-05,-1.198422491e-06,6.663229047e-05,-0.04014523596,-4.985437561e-05,0,0,0,0,-0.009424777961,0,-0.04201583377,-0.005564792912,0.004644865691,0.001870597818,0.02362446387,0.1474475126,12.50053366,0,-0.1733794439,-0.1568722906,0.2693541714,0.2953184059,1.049592221,0.002306423333,-19.75796669,-0.2953184059,-0.002306423333,-19.78623735,-19.78623735,0.02839592941,-0.395724747,-2.876213977e-06,9.587379924e-07,-1.917475985e-06,-4.793689962e-06,-0.395724747,-9.443569225e-05,-2.876213977e-06,9.587379924e-07,-1.917475985e-06,-4.793689962e-06,-0.395724747,-9.443569225e-05,0,0,0,0,0,0
7.94,1,1,5.368932758e-05,3.643204371e-05,-1.198422491e-06,6.687197497e-05,-0.04024206849,-4.913532211e-05,0,0,0,0,-0.00837758041,0,-0.04207124921,-0.005518268186,0.004660058146,0.001829180713,0.0231209544,0.1450718154,12.51330386,0,-0.1744849089,-0.1534493958,0.2826330956,0.289319528,1.048637195,0.002263338027,-19.43962327,-0.289319528,-0.002263338027,-19.44857304,-19.44857304,0.02837339332,-0.3889714608,-3.83495197e-06,4.793689962e-07,-1.917475985e-06,-5.273058958e-06,-0.3889714608,-9.587379924e-05,-3.83495197e-06,4.793689962e-07,-1.917475985e-06,-5.273058958e-06,-0.3889714608,-9.587379924e-05,0,0,0,0,0,0
7.95,1,1,5.344964308e-05,3.619235921e-05,-1.438106989e-06,6.735134397e-05,-0.04032955334,-4.937500661e-05,0,0,0,0,-0.00837758041,0,-0.04212619863,-0.005471592175,0.004675122844,0.001796645298,0.02272779742,0.1423743112,12.52492253,0,-0.1754835197,-0.1507518916,0.2801030521,0.2846639021,1.04872468,0.002219849024,-19.0781577,-0.2846639021,-0.002219849024,-19.0849384,-19.0849384,0.02835070921,-0.3816987679,-3.355582973e-06,9.587379924e-07,-1.438106989e-06,-6.231796951e-06,-0.3816987679,-9.539443025e-05,-3.355582973e-06,9.587379924e-07,-1.438106989e-06,-6.231796951e-06,-0.3816987679,-9.539443025e-05,0,0,0,0,0,0
7.96,1,1,5.225122059e-05,3.715109721e-05,-1.438106989e-06,6.711165947e-05,-0.04040840954,-4.961469111e-05,0,0,0,0,-0.007330382858,0,-0.04218068055,-0.005424766157,0.00469005937,0.001772271014,0.02243626911,0.1413901086,12.53546151,0,-0.1763835241,-0.1487204914,0.2659247084,0.2812489878,1.047752226,0.002198648874,-18.94627455,-0.2812489878,-0.002198648874,-18.96379748,-18.96379748,0.02832791697,-0.3792759495,-9.587379924e-07,-9.587379924e-07,-1.438106989e-06,-5.752427955e-06,-0.3792759495,-9.491506125e-05,-9.587379924e-07,-9.587379924e-07,-1.438106989e-06,-5.752427955e-06,-0.3792759495,-9.491506125e-05,0,0,0,0,0,0
7.97,1,1,5.297027408e-05,3.76304662e-05,-1.198422491e-06,6.711165947e-05,-0.04046761161,-5.05734291e-05,0,0,0,0,-0.004188790205,0,-0.04223469346,-0.005377791416,0.004704867317,0.001767081855,0.02238491365,0.1440655045,12.54341512,0,-0.1770591404,-0.1482542947,0.2253408626,0.2807832644,1.044660788,0.002225265025,-19.3047776,-0.2807832644,-0.002225265025,-19.36244527,-19.36244527,0.02830521141,-0.3872489053,-2.396844981e-06,-1.917475985e-06,-1.917475985e-06,-5.752427955e-06,-0.3872489053,-9.299758527e-05,-2.396844981e-06,-1.917475985e-06,-1.917475985e-06,-5.752427955e-06,-0.3872489053,-9.299758527e-05,0,0,0,0,0,0
7.98,1,1,5.320995858e-05,3.76304662e-05,-1.917475985e-06,6.663229047e-05,-0.0405109945,-5.03337446e-05,0,0,0,0,-0.003141592654,0,-0.04228823589,-0.00533066924,0.004719546277,0.001777241386,0.02252604385,0.1458987011,12.54926604,0,-0.1775541888,-0.1490402938,0.169372039,0.2826853171,1.043655055,0.002247448636,-19.55042595,-0.2826853171,-0.002247448636,-19.66598667,-19.66598667,0.02828263395,-0.3933197335,-2.876213977e-06,-1.917475985e-06,-4.793689962e-07,-4.793689962e-06,-0.3933197335,-9.347695426e-05,-2.876213977e-06,-1.917475985e-06,-4.793689962e-07,-4.793689962e-06,-0.3933197335,-9.347695426e-05,0,0,0,0,0,0
7.99,1,1,5.249090509e-05,3.667172821e-05,-1.438106989e-06,6.639260598e-05,-0.04053376453,-5.05734291e-05,0,0,0,0,-0.001047197551,0,-0.04234130636,-0.005283400922,0.004734095848,0.001807541831,0.02292008122,0.1504230813,12.55234461,0,-0.1778140077,-0.1514702788,0.0936969148,0.287700758,1.041581236,0.002306122481,-20.15669289,-0.287700758,-0.002306122481,-20.35300285,-20.35300285,0.02826035344,-0.4070600571,-1.438106989e-06,-0,-1.438106989e-06,-4.314320966e-06,-0.4070600571,-9.299758527e-05,-1.438106989e-06,-0,-1.438106989e-06,-4.314320966e-06,-0.4070600571,-9.299758527e-05,0,0,0,0,0,0
8,1,1,5.201153609e-05,3.73907817e-05,-1.438106989e-06,6.687197497e-05,-0.04054886465,-5.03337446e-05,0,0,0,0,0,0,-0.04239390342,-0.005235987756,0.004748515632,0.001845038771,0.02340470761,0.1544887792,12.55438909,0,-0.1779863037,-0.1544887792,0.0212109355,0.293831806,1.040548865,0.002361920684,-20.70149641,-0.293831806,-0.002361920684,-20.97647921,-20.97647921,0.02823838848,-0.4195295841,-4.793689962e-07,-1.438106989e-06,-1.438106989e-06,-5.273058958e-06,-0.4195295841,-9.347695426e-05,-4.793689962e-07,-1.438106989e-06,-1.438106989e-06,-5.273058958e-06,-0.4195295841,-9.347695426e-05,0,0,0,0,0,0
8.01,1,1,5.129248259e-05,3.667172821e-05,-1.198422491e-06,6.639260598e-05,-0.04055845203,-5.03337446e-05,0,0,0,0,-0.001047197551,0,-0.04244602564,-0.005188431043,0.004762805232,0.001887573604,0.02395285721,0.1568729665,12.55568838,0,-0.1780956959,-0.157920164,-0.04547537758,0.3007446109,1.041605924,0.002401403394,-21.02097751,-0.3007446109,-0.002401403394,-21.3695989,-21.3695989,0.02821674845,-0.4273919779,9.587379924e-07,-0,-1.917475985e-06,-4.314320966e-06,-0.4273919779,-9.347695426e-05,9.587379924e-07,-0,-1.917475985e-06,-4.314320966e-06,-0.4273919779,-9.347695426e-05,0,0,0,0,0,0
8.02,1,1,5.177185159e-05,3.643204371e-05,-1.917475985e-06,6.639260598e-05,-0.04056612194,-4.961469111e-05,0,0,0,0,0,0,-0.04249767157,-0.005140732086,0.004776964258,0.001931549634,0.02451937923,0.1614709964,12.55672849,0,-0.1781832085,-0.1614709964,-0.1021425583,0.3078831877,1.040566122,0.002464990675,-21.63711352,-0.3078831877,-0.002464990675,-22.04960426,-22.04960426,0.02819543673,-0.4409920852,-0,4.793689962e-07,-4.793689962e-07,-4.314320966e-06,-0.4409920852,-9.491506125e-05,-0,4.793689962e-07,-4.793689962e-07,-4.314320966e-06,-0.4409920852,-9.491506125e-05,0,0,0,0,0,0
8.03,1,1,5.249090509e-05,3.691141271e-05,-1.198422491e-06,6.663229047e-05,-0.040575949,-5.03337446e-05,-0.001047197551,0,0,0,0,0,-0.04254883981,-0.005092892194,0.004790992321,0.001972890808,0.02505308307,0.164808096,12.55806199,0,-0.1782953324,-0.164808096,-0.1446769469,0.3146181703,1.040575949,0.002514105087,-22.08428486,-0.3146181703,-0.002514105087,-22.54609409,-22.54609409,0.02817443497,-0.4509218817,0.0001032816481,-4.793689962e-07,-1.917475985e-06,-4.793689962e-06,-0.4509218817,-9.347695426e-05,0.0001032816481,-4.793689962e-07,-1.917475985e-06,-4.793689962e-06,-0.4509218817,-9.347695426e-05,0,0,0,0,0,0
8.04,1,1,5.320995858e-05,3.691141271e-05,-9.587379924e-07,6.687197497e-05,-0.04058793322,-5.00940601e-05,0,0,0,0,-0.001047197551,0,-0.04259952895,-0.005044912678,0.004804889037,0.002011595723,0.02555393204,0.1668838583,12.55968955,0,-0.1784320667,-0.1679310558,-0.1752195188,0.3209494532,1.041635405,0.002549078388,-22.36243701,-0.3209494532,-0.002549078388,-22.86115506,-22.86115506,0.02815370855,-0.4572231012,-2.876213977e-06,-4.793689962e-07,-2.396844981e-06,-5.273058958e-06,-0.4572231012,-9.395632326e-05,-2.876213977e-06,-4.793689962e-07,-2.396844981e-06,-5.273058958e-06,-0.4572231012,-9.395632326e-05,0,0,0,0,0,0
8.05,1,1,5.320995858e-05,3.691141271e-05,-1.198422491e-06,6.639260598e-05,-0.04060519051,-4.985437561e-05,0,0,0,0,-0.002094395102,0,-0.0426497376,-0.004996794853,0.004818654024,0.002044547092,0.02598274635,0.1684900585,12.5620358,0,-0.1786289597,-0.1705844537,-0.1913536923,0.3263961898,1.042700682,0.002577002326,-22.57766785,-0.3263961898,-0.002577002326,-23.09799473,-23.09799473,0.02813323603,-0.4619598946,-2.876213977e-06,-4.793689962e-07,-1.917475985e-06,-4.314320966e-06,-0.4619598946,-9.443569225e-05,-2.876213977e-06,-4.793689962e-07,-1.917475985e-06,-4.314320966e-06,-0.4619598946,-9.443569225e-05,0,0,0,0,0,0
8.06,1,1,5.225122059e-05,3.715109721e-05,-9.587379924e-07,6.663229047e-05,-0.04063251454,-4.913532211e-05,0,0,0,0,-0.003141592654,0,-0.04269946439,-0.004948540038,0.004832286905,0.002066949847,0.02627922631,0.1692335858,12.5657569,0,-0.1789406961,-0.1723751785,-0.1888271937,0.3302183694,1.043776575,0.002591844574,-22.6773005,-0.3302183694,-0.002591844574,-23.19893791,-23.19893791,0.02811291768,-0.4639787582,-9.587379924e-07,-9.587379924e-07,-2.396844981e-06,-4.793689962e-06,-0.4639787582,-9.587379924e-05,-9.587379924e-07,-9.587379924e-07,-2.396844981e-06,-4.793689962e-06,-0.4639787582,-9.587379924e-05,0,0,0,0,0,0
8.07,1,1,5.225122059e-05,3.691141271e-05,-1.438106989e-06,6.591323698e-05,-0.04066942595,-4.937500661e-05,0,0,0,0,-0.003141592654,0,-0.04274870795,-0.004900149556,0.004845787307,0.002079281995,0.0264492578,0.1702000624,12.57079573,0,-0.1793617929,-0.173341655,-0.171958879,0.332488217,1.043813486,0.002604951009,-22.80680836,-0.332488217,-0.002604951009,-23.31386041,-23.31386041,0.02809265594,-0.4662772081,-9.587379924e-07,-4.793689962e-07,-1.438106989e-06,-3.355582973e-06,-0.4662772081,-9.539443025e-05,-9.587379924e-07,-4.793689962e-07,-1.438106989e-06,-3.355582973e-06,-0.4662772081,-9.539443025e-05,0,0,0,0,0,0
8.08,1,1,5.153216709e-05,3.643204371e-05,-1.198422491e-06,6.687197497e-05,-0.04070370084,-4.985437561e-05,0,0,0,0,-0.002094395102,0,-0.04279746693,-0.004851624734,0.004859154859,0.002093766094,0.02664639978,0.1723900267,12.57548709,0,-0.1797527898,-0.1744844218,-0.1616106417,0.3350914565,1.042799193,0.002631456354,-23.10026358,-0.3350914565,-0.002631456354,-23.59959713,-23.59959713,0.02807254099,-0.4719919427,4.793689962e-07,4.793689962e-07,-1.917475985e-06,-5.273058958e-06,-0.4719919427,-9.443569225e-05,4.793689962e-07,4.793689962e-07,-1.917475985e-06,-5.273058958e-06,-0.4719919427,-9.443569225e-05,0,0,0,0,0,0
8.09,1,1,5.201153609e-05,3.691141271e-05,-1.438106989e-06,6.663229047e-05,-0.0407274296,-4.985437561e-05,0,0,0,0,-0.001047197551,0,-0.04284574,-0.004802966903,0.004872389195,0.002118310397,0.02697015869,0.1754042547,12.57874198,0,-0.1800234678,-0.1764514522,-0.1685248549,0.3392506675,1.041774901,0.002670315063,-23.50417013,-0.3392506675,-0.002670315063,-24.01461597,-24.01461597,0.02805266268,-0.4802923193,-4.793689962e-07,-4.793689962e-07,-1.438106989e-06,-4.793689962e-06,-0.4802923193,-9.443569225e-05,-4.793689962e-07,-4.793689962e-07,-1.438106989e-06,-4.793689962e-06,-0.4802923193,-9.443569225e-05,0,0,0,0,0,0
8.1,1,1,5.177185159e-05,3.78701507e-05,-1.677791487e-06,6.519418349e-05,-0.04074468689,-5.00940601e-05,0,0,0,0,-0.001047197551,0,-0.04289352583,-0.004754177396,0.004885489951,0.002148838944,0.02736934795,0.1778622323,12.58111279,0,-0.1802203182,-0.1789094299,-0.1827628292,0.3443368536,1.041792159,0.002705932384,-23.83353913,-0.3443368536,-0.002705932384,-24.36334475,-24.36334475,0.02803308508,-0.4872668949,-0,-2.396844981e-06,-9.587379924e-07,-1.917475985e-06,-0.4872668949,-9.395632326e-05,-0,-2.396844981e-06,-9.587379924e-07,-1.917475985e-06,-0.4872668949,-9.395632326e-05,0,0,0,0,0,0
8.11,1,1,5.177185159e-05,3.715109721e-05,-1.438106989e-06,6.639260598e-05,-0.04076122512,-4.985437561e-05,0,0,0,0,-0.001047197551,0,-0.04294082311,-0.00470525755,0.00489845677,0.002179597997,0.02777160388,0.18033995,12.58338767,0,-0.1804089616,-0.1813871475,-0.1944934798,0.3494608578,1.041808697,0.002741821976,-24.1655533,-0.3494608578,-0.002741821976,-24.71224946,-24.71224946,0.02801377242,-0.4942449891,-0,-9.587379924e-07,-1.438106989e-06,-4.314320966e-06,-0.4942449891,-9.443569225e-05,-0,-9.587379924e-07,-1.438106989e-06,-4.314320966e-06,-0.4942449891,-9.443569225e-05,0,0,0,0,0,0
8.12,1,1,5.249090509e-05,3.667172821e-05,-1.438106989e-06,6.615292148e-05,-0.04077944114,-4.961469111e-05,0,0,0,0,-0.001047197551,0,-0.04298763055,-0.004656208708,0.004911289295,0.002208189413,0.02814673856,0.1826407503,12.58589657,0,-0.1806167371,-0.1836879479,-0.2010087849,0.3542519405,1.041826913,0.002775006659,-24.47386055,-0.3542519405,-0.002775006659,-25.03189628,-25.03189628,0.02799469945,-0.5006379256,-1.438106989e-06,-0,-1.438106989e-06,-3.83495197e-06,-0.5006379256,-9.491506125e-05,-1.438106989e-06,-0,-1.438106989e-06,-3.83495197e-06,-0.5006379256,-9.491506125e-05,0,0,0,0,0,0
8.13,1,1,5.297027408e-05,3.73907817e-05,-1.917475985e-06,6.639260598e-05,-0.04080005401,-4.961469111e-05,0,0,0,0,-0.001047197551,0,-0.04303394686,-0.004607032213,0.004923987175,0.002233892857,0.02848566086,0.1847053602,12.58873969,0,-0.1808518444,-0.1857525578,-0.2020164144,0.3585985695,1.041847526,0.002804593664,-24.75051827,-0.3585985695,-0.002804593664,-25.31393784,-25.31393784,0.0279758349,-0.5062787569,-2.396844981e-06,-1.438106989e-06,-4.793689962e-07,-4.314320966e-06,-0.5062787569,-9.491506125e-05,-2.396844981e-06,-1.438106989e-06,-4.793689962e-07,-4.314320966e-06,-0.5062787569,-9.491506125e-05,0,0,0,0,0,0
8.14,1,1,5.273058958e-05,3.643204371e-05,-1.677791487e-06,6.615292148e-05,-0.04081898908,-4.961469111e-05,0,0,0,0,-0.001047197551,0,-0.04307977078,-0.004557729415,0.00493655006,0.002260781694,0.02883963021,0.1868678264,12.59135523,0,-0.1810678084,-0.1879150239,-0.2046536091,0.3631300286,1.041866461,0.002835644115,-25.04028874,-0.3631300286,-0.002835644115,-25.61090802,-25.61090802,0.02795724419,-0.5122181603,-1.917475985e-06,4.793689962e-07,-9.587379924e-07,-3.83495197e-06,-0.5122181603,-9.491506125e-05,-1.917475985e-06,4.793689962e-07,-9.587379924e-07,-3.83495197e-06,-0.5122181603,-9.491506125e-05,0,0,0,0,0,0
8.15,1,1,5.297027408e-05,3.715109721e-05,-1.198422491e-06,6.711165947e-05,-0.0408372051,-4.937500661e-05,0,0,0,0,-0.001047197551,0,-0.04312510103,-0.004508301663,0.004948977608,0.002287895931,0.0291965594,0.1890494359,12.59387491,0,-0.1812755652,-0.1900966334,-0.2071368811,0.3676978168,1.041884677,0.002866962265,-25.33262441,-0.3676978168,-0.002866962265,-25.91032607,-25.91032607,0.02793887601,-0.5182065214,-2.396844981e-06,-9.587379924e-07,-1.917475985e-06,-5.752427955e-06,-0.5182065214,-9.539443025e-05,-2.396844981e-06,-9.587379924e-07,-1.917475985e-06,-5.752427955e-06,-0.5182065214,-9.539443025e-05,0,0,0,0,0,0
8.16,1,1,5.225122059e-05,3.715109721e-05,-1.438106989e-06,6.591323698e-05,-0.04086069418,-5.00940601e-05,0,0,0,0,-0.003141592654,0,-0.0431699364,-0.004458750315,0.004961269477,0.002309242213,0.02948094691,0.1886636754,12.59712899,0,-0.1815434534,-0.1918052681,-0.2001242111,0.3713752908,1.044004754,0.002870896035,-25.28093251,-0.3713752908,-0.002870896035,-25.8553029,-25.8553029,0.02792067236,-0.5171060581,-9.587379924e-07,-9.587379924e-07,-1.438106989e-06,-3.355582973e-06,-0.5171060581,-9.395632326e-05,-9.587379924e-07,-9.587379924e-07,-1.438106989e-06,-3.355582973e-06,-0.5171060581,-9.395632326e-05,0,0,0,0,0,0
8.17,1,1,5.201153609e-05,3.667172821e-05,-1.198422491e-06,6.639260598e-05,-0.04089425001,-5.00940601e-05,0,0,0,0,-0.002094395102,0,-0.04321427563,-0.004409076727,0.004973425331,0.002320025619,0.02963230786,0.1905523617,12.60178749,0,-0.1819261337,-0.1926467569,-0.1787364508,0.3734200465,1.042989742,0.002892120094,-25.53401647,-0.3734200465,-0.002892120094,-26.08906509,-26.08906509,0.02790254693,-0.5217813018,-4.793689962e-07,-0,-1.917475985e-06,-4.314320966e-06,-0.5217813018,-9.395632326e-05,-4.793689962e-07,-0,-1.917475985e-06,-4.314320966e-06,-0.5217813018,-9.395632326e-05,0,0,0,0,0,0
8.18,1,1,5.249090509e-05,3.667172821e-05,-1.198422491e-06,6.615292148e-05,-0.04093643449,-4.937500661e-05,0,0,0,0,-0.004188790205,0.001047197551,-0.04325811753,-0.004359282263,0.004985444835,0.002321683043,0.02966860687,0.1885498875,12.6076603,0,-0.182407189,-0.1927386777,-0.1475734558,0.3740517171,1.045129611,0.002871612651,-25.26568492,-0.3740517171,-0.002871612651,-25.79018171,-25.79018171,0.02788437789,-0.5158036342,-1.438106989e-06,-0,-1.917475985e-06,-3.83495197e-06,-0.5158036342,-0.0002001141854,-1.438106989e-06,-0,-1.917475985e-06,-3.83495197e-06,-0.5158036342,-0.0002001141854,0,0,0,0,0,0
8.19,1,1,5.273058958e-05,3.73907817e-05,-1.198422491e-06,6.735134397e-05,-0.04099371908,-4.937500661e-05,0,0,0,0,-0.006283185307,0,-0.04330146088,-0.004309368286,0.004997327661,0.0023077418,0.0295080266,0.1852660723,12.61566461,0,-0.183060389,-0.1915492576,-0.09830213771,0.3722633669,1.047286774,0.002831402543,-24.82565369,-0.3722633669,-0.002831402543,-25.2990506,-25.2990506,0.02786606962,-0.505981012,-1.917475985e-06,-1.438106989e-06,-1.917475985e-06,-6.231796951e-06,-0.505981012,-9.539443025e-05,-1.917475985e-06,-1.438106989e-06,-1.917475985e-06,-6.231796951e-06,-0.505981012,-9.539443025e-05,0,0,0,0,0,0
8.2,1,1,5.249090509e-05,3.667172821e-05,-1.198422491e-06,6.591323698e-05,-0.04107041812,-4.889563761e-05,0,0,0,0,-0.00837758041,0,-0.0433443045,-0.004259336166,0.005009073483,0.00227388638,0.02909570396,0.1803468524,12.6264346,0,-0.183934874,-0.1887244329,-0.02799083009,0.3673750033,1.049465544,0.002765851749,-24.16647823,-0.3673750033,-0.002765851749,-24.56460991,-24.56460991,0.02784738971,-0.4912921982,-1.438106989e-06,-0,-1.917475985e-06,-3.355582973e-06,-0.4912921982,-9.635316824e-05,-1.438106989e-06,-0,-1.917475985e-06,-3.355582973e-06,-0.4912921982,-9.635316824e-05,0,0,0,0,0,0
8.21,1,1,5.273058958e-05,3.643204371e-05,-1.677791487e-06,6.687197497e-05,-0.04116677129,-4.937500661e-05,0,0,0,0,-0.01047197551,0,-0.04338664721,-0.004209187274,0.005020681978,0.002219875926,0.02842795198,0.1737737598,12.64005048,0,-0.1850332948,-0.1842457353,0.05974439604,0.359330748,1.051666162,0.00267439711,-23.28568381,-0.359330748,-0.00267439711,-23.58794456,-23.58794456,0.02782822398,-0.4717588912,-1.917475985e-06,4.793689962e-07,-9.587379924e-07,-5.273058958e-06,-0.4717588912,-9.539443025e-05,-1.917475985e-06,4.793689962e-07,-9.587379924e-07,-5.273058958e-06,-0.4717588912,-9.539443025e-05,0,0,0,0,0,0
8.22,1,1,5.273058958e-05,3.643204371e-05,-1.438106989e-06,6.663229047e-05,-0.04127918332,-4.937500661e-05,0,0,0,0,-0.01151917306,0,-0.04342848786,-0.004158922985,0.005032152829,0.002149304543,0.02754943608,0.1668910913,12.65605715,0,-0.1863145723,-0.1784102644,0.1561059834,0.3486672375,1.052831529,0.002572342493,-22.36340623,-0.3486672375,-0.002572342493,-22.55853983,-22.55853983,0.02780843134,-0.4511707966,-1.917475985e-06,4.793689962e-07,-1.438106989e-06,-4.793689962e-06,-0.4511707966,-9.539443025e-05,-1.917475985e-06,4.793689962e-07,-1.438106989e-06,-4.793689962e-06,-0.4511707966,-9.539443025e-05,0,0,0,0,0,0
8.23,1,1,5.225122059e-05,3.667172821e-05,-1.438106989e-06,6.615292148e-05,-0.04139806683,-4.985437561e-05,0,0,0,0,-0.009424777961,0,-0.04346982529,-0.004108544677,0.005043485721,0.002071758465,0.02658085413,0.1625815223,12.67312812,0,-0.1876693604,-0.1720063002,0.2443909604,0.33686257,1.050845051,0.002494642653,-21.78592398,-0.33686257,-0.002494642653,-21.88089023,-21.88089023,0.02778803007,-0.4376178047,-9.587379924e-07,-0,-1.438106989e-06,-3.83495197e-06,-0.4376178047,-9.443569225e-05,-9.587379924e-07,-0,-1.438106989e-06,-3.83495197e-06,-0.4376178047,-9.443569225e-05,0,0,0,0,0,0
8.24,1,1,5.177185159e-05,3.643204371e-05,-1.917475985e-06,6.663229047e-05,-0.04150065179,-4.985437561e-05,0,0,0,0,-0.00837758041,0,-0.04351065838,-0.004058053732,0.005054680343,0.002010006585,0.02581077607,0.1585224015,12.68797711,0,-0.1888382019,-0.1668999819,0.2928334784,0.327486536,1.049895778,0.002426157886,-21.2420018,-0.327486536,-0.002426157886,-21.27908101,-21.27908101,0.02776728599,-0.4255816203,-0,4.793689962e-07,-4.793689962e-07,-4.793689962e-06,-0.4255816203,-9.443569225e-05,-0,4.793689962e-07,-4.793689962e-07,-4.793689962e-06,-0.4255816203,-9.443569225e-05,0,0,0,0,0,0
8.25,1,1,5.10527981e-05,3.643204371e-05,-2.636529479e-06,6.663229047e-05,-0.04158645884,-5.03337446e-05,0,0,0,0,-0.007330382858,0,-0.043550986,-0.004007451532,0.005065736389,0.001964527153,0.02524598041,0.155797962,12.70048202,0,-0.1898157279,-0.1631283448,0.3078281739,0.3206361204,1.048930275,0.002378281335,-20.8769269,-0.3206361204,-0.002378281335,-20.89211313,-20.89211313,0.02774630964,-0.4178422626,1.438106989e-06,4.793689962e-07,9.587379924e-07,-4.793689962e-06,-0.4178422626,-9.347695426e-05,1.438106989e-06,4.793689962e-07,9.587379924e-07,-4.793689962e-06,-0.4178422626,-9.347695426e-05,0,0,0,0,0,0
8.26,1,1,5.08131136e-05,3.73907817e-05,-2.157160483e-06,6.615292148e-05,-0.04165596735,-4.937500661e-05,0,0,0,0,-0.005235987756,0,-0.04359080704,-0.003956739467,0.005076653555,0.001934839695,0.0248809726,0.1554144736,12.71066828,0,-0.190607478,-0.1606504613,0.2963917766,0.3162537893,1.046898809,0.002361449891,-20.82553946,-0.3162537893,-0.002361449891,-20.84776292,-20.84776292,0.02772520667,-0.4169552585,1.917475985e-06,-1.438106989e-06,-0,-3.83495197e-06,-0.4169552585,-9.539443025e-05,1.917475985e-06,-1.438106989e-06,-0,-3.83495197e-06,-0.4169552585,-9.539443025e-05,0,0,0,0,0,0
8.27,1,1,5.273058958e-05,3.715109721e-05,-1.917475985e-06,6.639260598e-05,-0.04171900437,-4.937500661e-05,0,0,0,0,-0.004188790205,0,-0.04363012043,-0.003905918925,0.005087431542,0.001911116054,0.0245912306,0.1544721902,12.71995005,0,-0.1913254353,-0.1586609804,0.2781224423,0.3127992248,1.045912181,0.002340916615,-20.69927349,-0.3127992248,-0.002340916615,-20.73629119,-20.73629119,0.02770396896,-0.4147258237,-1.917475985e-06,-9.587379924e-07,-4.793689962e-07,-4.314320966e-06,-0.4147258237,-9.539443025e-05,-1.917475985e-06,-9.587379924e-07,-4.793689962e-07,-4.314320966e-06,-0.4147258237,-9.539443025e-05,0,0,0,0,0,0
8.28,1,1,5.273058958e-05,3.691141271e-05,-1.917475985e-06,6.567355248e-05,-0.04177101591,-4.961469111e-05,0,0,0,0,-0.004188790205,0,-0.04366892506,-0.003854991301,0.005098070054,0.001897909157,0.02443487176,0.1533434082,12.72763988,0,-0.1919177621,-0.1575321984,0.2476723743,0.3109982483,1.045964193,0.002322259491,-20.5480167,-0.3109982483,-0.002322259491,-20.61366483,-20.61366483,0.02768271327,-0.4122732967,-1.917475985e-06,-4.793689962e-07,-4.793689962e-07,-2.876213977e-06,-0.4122732967,-9.491506125e-05,-1.917475985e-06,-4.793689962e-07,-4.793689962e-07,-2.876213977e-06,-0.4122732967,-9.491506125e-05,0,0,0,0,0,0
8.29,1,1,5.201153609e-05,3.643204371e-05,-2.157160483e-06,6.543386798e-05,-0.04181008448,-4.985437561e-05,0,0,0,0,-0.004188790205,0,-0.0437072199,-0.00380395799,0.0051085688,0.001897135418,0.02443654202,0.1532319275,12.73343487,0,-0.192362656,-0.1574207177,0.2041751586,0.3111611161,1.046003261,0.002318966735,-20.53307828,-0.3111611161,-0.002318966735,-20.64238321,-20.64238321,0.02766150624,-0.4128476642,-4.793689962e-07,4.793689962e-07,-0,-2.396844981e-06,-0.4128476642,-9.443569225e-05,-4.793689962e-07,4.793689962e-07,-0,-2.396844981e-06,-0.4128476642,-9.443569225e-05,0,0,0,0,0,0
8.3,1,1,5.177185159e-05,3.667172821e-05,-9.587379924e-07,6.591323698e-05,-0.04184699589,-4.961469111e-05,0,0,0,0,-0.003141592654,0,-0.04374500388,-0.003752820392,0.005118927492,0.001898007984,0.02445905181,0.1543022065,12.73892468,0,-0.1927829588,-0.1574437991,0.1665046134,0.3115820189,1.044991056,0.002328864006,-20.67649567,-0.3115820189,-0.002328864006,-20.82390194,-20.82390194,0.02764035538,-0.4164780387,-0,-0,-2.396844981e-06,-3.355582973e-06,-0.4164780387,-9.491506125e-05,-0,-0,-2.396844981e-06,-3.355582973e-06,-0.4164780387,-9.491506125e-05,0,0,0,0,0,0
8.31,1,1,5.153216709e-05,3.73907817e-05,-1.677791487e-06,6.711165947e-05,-0.04188270888,-4.961469111e-05,0,0,0,0,-0.003141592654,0,-0.04378227596,-0.003701579908,0.005129145847,0.00189956708,0.02449019509,0.154381319,12.74424997,0,-0.1931895909,-0.1575229117,0.1345510098,0.312109168,1.045026769,0.002328436002,-20.68709675,-0.312109168,-0.002328436002,-20.86698334,-20.86698334,0.02761922728,-0.4173396669,4.793689962e-07,-1.438106989e-06,-9.587379924e-07,-5.752427955e-06,-0.4173396669,-9.491506125e-05,4.793689962e-07,-1.438106989e-06,-9.587379924e-07,-5.752427955e-06,-0.4173396669,-9.491506125e-05,0,0,0,0,0,0
8.32,1,1,5.225122059e-05,3.78701507e-05,-1.677791487e-06,6.591323698e-05,-0.04191386787,-4.937500661e-05,0,0,0,0,-0.002094395102,0,-0.04381903514,-0.003650237944,0.005139223583,0.001905167268,0.0245727489,0.1558382496,12.74890721,0,-0.1935443508,-0.1579326447,0.1022811805,0.3132756956,1.04400936,0.002344048716,-20.88232544,-0.3132756956,-0.002344048716,-21.09566401,-21.09566401,0.02759820049,-0.4219132802,-9.587379924e-07,-2.396844981e-06,-9.587379924e-07,-3.355582973e-06,-0.4219132802,-9.539443025e-05,-9.587379924e-07,-2.396844981e-06,-9.587379924e-07,-3.355582973e-06,-0.4219132802,-9.539443025e-05,0,0,0,0,0,0
8.33,1,1,5.177185159e-05,3.83495197e-05,-1.438106989e-06,6.615292148e-05,-0.04194646496,-4.961469111e-05,0,0,0,0,-0.003141592654,0,-0.04385528039,-0.003598795906,0.005149160424,0.001908815429,0.02463033486,0.1550408927,12.7537904,0,-0.1939154645,-0.1581824853,0.07916798183,0.3141301283,1.045090525,0.002335109996,-20.77547962,-0.3141301283,-0.002335109996,-21.01277688,-21.01277688,0.02757719961,-0.4202555375,-0,-3.355582973e-06,-1.438106989e-06,-3.83495197e-06,-0.4202555375,-9.491506125e-05,-0,-3.355582973e-06,-1.438106989e-06,-3.83495197e-06,-0.4202555375,-9.491506125e-05,0,0,0,0,0,0
8.34,1,1,5.225122059e-05,3.83495197e-05,-1.677791487e-06,6.639260598e-05,-0.04198864943,-4.913532211e-05,0,0,0,0,-0.004188790205,0,-0.04389101073,-0.003547255206,0.005158956099,0.001902361294,0.02455892877,0.1534164136,12.76012655,0,-0.1943956993,-0.1576052038,0.07575788673,0.3133750391,1.046181826,0.002313703202,-20.55779942,-0.3133750391,-0.002313703202,-20.79773028,-20.79773028,0.02755612798,-0.4159546055,-9.587379924e-07,-3.355582973e-06,-9.587379924e-07,-4.314320966e-06,-0.4159546055,-9.587379924e-05,-9.587379924e-07,-3.355582973e-06,-9.587379924e-07,-4.314320966e-06,-0.4159546055,-9.587379924e-05,0,0,0,0,0,0
8.35,1,1,5.225122059e-05,3.83495197e-05,-1.677791487e-06,6.663229047e-05,-0.04203874349,-4.841626862e-05,0,0,0,0,-0.003141592654,0,-0.04392622517,-0.003495617255,0.005168610338,0.001887481677,0.02437974753,0.1531965201,12.76767526,0,-0.194965934,-0.1563381127,0.08480394596,0.3112726995,1.045182804,0.002304203294,-20.52833369,-0.3112726995,-0.002304203294,-20.75710665,-20.75710665,0.02753493497,-0.415142133,-9.587379924e-07,-3.355582973e-06,-9.587379924e-07,-4.793689962e-06,-0.415142133,-9.731190623e-05,-9.587379924e-07,-3.355582973e-06,-9.587379924e-07,-4.793689962e-06,-0.415142133,-9.731190623e-05,0,0,0,0,0,0
8.36,1,1,5.201153609e-05,3.73907817e-05,-1.917475985e-06,6.615292148e-05,-0.04207661364,-4.865595312e-05,0,0,0,0,-0.003141592654,0,-0.04396092275,-0.003443883471,0.005178122878,0.001884309109,0.02434979306,0.1528875167,12.77339965,0,-0.1953969887,-0.1560291094,0.07483682879,0.3110296382,1.045220674,0.002297956838,-20.48692724,-0.3110296382,-0.002297956838,-20.72541801,-20.72541801,0.02751379515,-0.4145083602,-4.793689962e-07,-1.438106989e-06,-4.793689962e-07,-3.83495197e-06,-0.4145083602,-9.683253724e-05,-4.793689962e-07,-1.438106989e-06,-4.793689962e-07,-3.83495197e-06,-0.4145083602,-9.683253724e-05,0,0,0,0,0,0
8.37,1,1,5.129248259e-05,3.667172821e-05,-1.438106989e-06,6.639260598e-05,-0.04210345831,-4.889563761e-05,0,0,0,0,-0.001047197551,0,-0.04399510252,-0.003392055271,0.005187493456,0.001891644217,0.02445394071,0.1555328349,12.77746669,0,-0.1957025298,-0.1565800324,0.05055517122,0.3124594128,1.04315093,0.002326685635,-20.84139987,-0.3124594128,-0.002326685635,-21.1056308,-21.1056308,0.02749275622,-0.422112616,9.587379924e-07,-0,-1.438106989e-06,-4.314320966e-06,-0.422112616,-9.635316824e-05,9.587379924e-07,-0,-1.438106989e-06,-4.314320966e-06,-0.422112616,-9.635316824e-05,0,0,0,0,0,0
8.38,1,1,5.225122059e-05,3.619235921e-05,-1.677791487e-06,6.711165947e-05,-0.04212023622,-4.841626862e-05,0,0,0,0,-0.001047197551,0,-0.04402876355,-0.003340134076,0.005196721817,0.001908527326,0.02468005117,0.1568654077,12.78001248,0,-0.195893486,-0.1579126053,0.01681117117,0.315411362,1.043167708,0.002344915579,-21.01996464,-0.315411362,-0.002344915579,-21.32090974,-21.32090974,0.02747191327,-0.4264181949,-9.587379924e-07,9.587379924e-07,-9.587379924e-07,-5.752427955e-06,-0.4264181949,-9.731190623e-05,-9.587379924e-07,9.587379924e-07,-9.587379924e-07,-5.752427955e-06,-0.4264181949,-9.731190623e-05,0,0,0,0,0,0
8.39,1,1,5.225122059e-05,3.547330572e-05,-1.917475985e-06,6.543386798e-05,-0.04213773319,-4.769721512e-05,0,-0.001047197551,0,-0.001047197551,-0.002094395102,0,-0.0440619049,-0.00328812131,0.005205807707,0.00192417171,0.02489031802,0.1570495356,12.78267058,0,-0.1960926202,-0.1591439307,-0.008560652762,0.3181647359,1.044233225,0.002350691809,-21.04463777,-0.3181647359,-0.002350691809,-21.37371385,-21.37371385,0.02745119307,-0.4274742771,-9.587379924e-07,0.0001071166001,-4.793689962e-07,0.0001023229101,-0.4274742771,-9.875001322e-05,-9.587379924e-07,0.0001071166001,-4.793689962e-07,0.0001023229101,-0.4274742771,-9.875001322e-05,0,0,0,0,0,0
8.4,1,1,5.225122059e-05,3.619235921e-05,-1.438106989e-06,6.567355248e-05,-0.04216218101,-4.889563761e-05,0,0,0,0,-0.002094395102,0,-0.04409452567,-0.003236018398,0.005214750877,0.001932344664,0.02500503582,0.1576690601,12.7863901,0,-0.1963708527,-0.1597634552,-0.01813962318,0.3197241424,1.044257673,0.002358297093,-21.12765405,-0.3197241424,-0.002358297093,-21.46787611,-21.46787611,0.02743051626,-0.4293575222,-9.587379924e-07,9.587379924e-07,-1.438106989e-06,-2.876213977e-06,-0.4293575222,-9.635316824e-05,-9.587379924e-07,9.587379924e-07,-1.438106989e-06,-2.876213977e-06,-0.4293575222,-9.635316824e-05,0,0,0,0,0,0
8.41,1,1,5.225122059e-05,3.691141271e-05,-1.438106989e-06,6.591323698e-05,-0.04218758757,-4.865595312e-05,0,0,0,0,-0.002094395102,0,-0.04412662497,-0.003183826769,0.005223551082,0.001939037407,0.02510075009,0.1581672914,12.79026224,0,-0.1966599841,-0.1602616865,-0.02385779332,0.3210451762,1.044283079,0.002364086301,-21.19441705,-0.3210451762,-0.002364086301,-21.5416841,-21.5416841,0.02740990546,-0.430833682,-9.587379924e-07,-4.793689962e-07,-1.438106989e-06,-3.355582973e-06,-0.430833682,-9.683253724e-05,-9.587379924e-07,-4.793689962e-07,-1.438106989e-06,-3.355582973e-06,-0.430833682,-9.683253724e-05,0,0,0,0,0,0
8.42,1,1,5.225122059e-05,3.78701507e-05,-1.677791487e-06,6.615292148e-05,-0.04220676233,-4.745753063e-05,0,0,0,0,-0.001047197551,0,-0.04415820192,-0.003131547853,0.005232208081,0.001951439592,0.02526942347,0.160180379,12.79318918,0,-0.1968781882,-0.1612275765,-0.03727983093,0.323276515,1.043254234,0.002387673107,-21.46417078,-0.323276515,-0.002387673107,-21.8271148,-21.8271148,0.02738942236,-0.4365422961,-9.587379924e-07,-2.396844981e-06,-9.587379924e-07,-3.83495197e-06,-0.4365422961,-9.922938222e-05,-9.587379924e-07,-2.396844981e-06,-9.587379924e-07,-3.83495197e-06,-0.4365422961,-9.922938222e-05,0,0,0,0,0,0
8.43,1,1,5.297027408e-05,3.691141271e-05,-1.917475985e-06,6.639260598e-05,-0.04221850687,-4.841626862e-05,0,0,0,0,0,0,-0.04418925564,-0.003079183085,0.005240721636,0.001970748777,0.02552642489,0.1627594919,12.79498387,0,-0.1970118347,-0.1627594919,-0.05873222134,0.3266101948,1.042218507,0.00241950642,-21.80977191,-0.3266101948,-0.00241950642,-22.19753383,-22.19753383,0.02736912235,-0.4439506767,-2.396844981e-06,-4.793689962e-07,-4.793689962e-07,-4.314320966e-06,-0.4439506767,-9.731190623e-05,-2.396844981e-06,-4.793689962e-07,-4.793689962e-07,-4.314320966e-06,-0.4439506767,-9.731190623e-05,0,0,0,0,0,0
8.44,1,1,5.249090509e-05,3.691141271e-05,-2.396844981e-06,6.543386798e-05,-0.04222785456,-4.865595312e-05,0.001047197551,0,0,0,-0.001047197551,0,-0.0442197853,-0.0030267339,0.005249091515,0.001991930737,0.02580736778,0.163397995,12.79641335,0,-0.1971182045,-0.1644451925,-0.07874027649,0.3302417456,1.043275326,0.002432135205,-21.89533133,-0.3302417456,-0.002432135205,-22.30674548,-22.30674548,0.02734898538,-0.4461349097,-0.0001061578621,-4.793689962e-07,4.793689962e-07,-2.396844981e-06,-0.4461349097,-9.683253724e-05,-0.0001061578621,-4.793689962e-07,4.793689962e-07,-2.396844981e-06,-0.4461349097,-9.683253724e-05,0,0,0,0,0,0
8.45,1,1,5.201153609e-05,3.715109721e-05,-2.157160483e-06,6.567355248e-05,-0.04223408636,-4.865595312e-05,0,0,0,0,0,0,-0.04424979004,-0.002974201735,0.005257317486,0.002015703686,0.02612144539,0.1663436823,12.79736686,0,-0.1971891168,-0.1663436823,-0.09916730741,0.3342857195,1.042234086,0.002469240351,-22.29005343,-0.3342857195,-0.002469240351,-22.7259757,-22.7259757,0.02732908013,-0.454519514,-4.793689962e-07,-9.587379924e-07,-0,-2.876213977e-06,-0.454519514,-9.683253724e-05,-4.793689962e-07,-9.587379924e-07,-0,-2.876213977e-06,-0.454519514,-9.683253724e-05,0,0,0,0,0,0
8.46,1,1,5.273058958e-05,3.667172821e-05,-2.157160483e-06,6.591323698e-05,-0.04224055784,-4.841626862e-05,0,0,0,0,0,0,-0.04427926906,-0.00292158803,0.005265399326,0.002038711221,0.02642570277,0.1681798715,12.79835748,0,-0.1972627556,-0.1681798715,-0.1146134939,0.3382055905,1.042240558,0.002494724916,-22.53610278,-0.3382055905,-0.002494724916,-22.99141659,-22.99141659,0.02730935789,-0.4598283319,-1.917475985e-06,-0,-0,-3.355582973e-06,-0.4598283319,-9.731190623e-05,-1.917475985e-06,-0,-0,-3.355582973e-06,-0.4598283319,-9.731190623e-05,0,0,0,0,0,0
8.47,1,1,5.201153609e-05,3.595267472e-05,-1.917475985e-06,6.711165947e-05,-0.04225254206,-4.865595312e-05,0,0,0,0,-0.001047197551,0,-0.04430822154,-0.002868894229,0.005273336812,0.002055679474,0.02665262667,0.1684738846,12.80019314,0,-0.1973991218,-0.1695210822,-0.1180386652,0.341158769,1.043300014,0.002502371421,-22.57550054,-0.341158769,-0.002502371421,-23.03720034,-23.03720034,0.0272897534,-0.4607440069,-4.793689962e-07,1.438106989e-06,-4.793689962e-07,-5.752427955e-06,-0.4607440069,-9.683253724e-05,-4.793689962e-07,1.438106989e-06,-4.793689962e-07,-5.752427955e-06,-0.4607440069,-9.683253724e-05,0,0,0,0,0,0
8.48,1,1,5.153216709e-05,3.619235921e-05,-1.677791487e-06,6.615292148e-05,-0.0422642866,-4.889563761e-05,0,0,0,0,-0.001047197551,0,-0.04433664668,-0.002816121776,0.005281129727,0.002072360078,0.0268758136,0.1697916873,12.80199358,0,-0.1975327579,-0.1708388849,-0.1205693799,0.3440639931,1.043311758,0.002520202286,-22.7520861,-0.3440639931,-0.002520202286,-23.21923967,-23.21923967,0.0272702947,-0.4643847935,4.793689962e-07,9.587379924e-07,-9.587379924e-07,-3.83495197e-06,-0.4643847935,-9.635316824e-05,4.793689962e-07,9.587379924e-07,-9.587379924e-07,-3.83495197e-06,-0.4643847935,-9.635316824e-05,0,0,0,0,0,0
8.49,1,1,5.201153609e-05,3.667172821e-05,-1.438106989e-06,6.615292148e-05,-0.04227770894,-4.817658412e-05,0,0,0,0,-0.001047197551,0,-0.04436454372,-0.002763272117,0.005288777857,0.00208683478,0.02707069576,0.1709286493,12.80405303,0,-0.1976854816,-0.1719758468,-0.1194284686,0.3466146241,1.043325181,0.002535341792,-22.904439,-0.3466146241,-0.002535341792,-23.37301743,-23.37301743,0.02725094151,-0.4674603487,-4.793689962e-07,-0,-1.438106989e-06,-3.83495197e-06,-0.4674603487,-9.779127523e-05,-4.793689962e-07,-0,-1.438106989e-06,-3.83495197e-06,-0.4674603487,-9.779127523e-05,0,0,0,0,0,0
8.5,1,1,5.273058958e-05,3.619235921e-05,-9.587379924e-07,6.567355248e-05,-0.04229137095,-4.793689962e-05,0,0,0,0,0,0,-0.04439191187,-0.002710346702,0.005296280992,0.00210054092,0.0272556619,0.1730498375,12.80615124,0,-0.197840929,-0.1730498375,-0.1171218327,0.3490401286,1.042291371,0.002559912303,-23.18867823,-0.3490401286,-0.002559912303,-23.6574001,-23.6574001,0.02723172434,-0.473148002,-1.917475985e-06,9.587379924e-07,-2.396844981e-06,-2.876213977e-06,-0.473148002,-9.827064422e-05,-1.917475985e-06,9.587379924e-07,-2.396844981e-06,-2.876213977e-06,-0.473148002,-9.827064422e-05,0,0,0,0,0,0
8.51,1,1,5.320995858e-05,3.547330572e-05,-7.190534943e-07,6.567355248e-05,-0.04230359486,-4.769721512e-05,0,0,0,0,-0.001047197551,0,-0.0444187504,-0.002657346982,0.005303638928,0.00211515554,0.02745218262,0.1731512951,12.80803029,0,-0.1979800104,-0.1741984927,-0.11673377,0.3516083864,1.043351067,0.00256482243,-23.20227355,-0.3516083864,-0.00256482243,-23.67318052,-23.67318052,0.02721261115,-0.4734636105,-2.876213977e-06,2.396844981e-06,-2.876213977e-06,-2.876213977e-06,-0.4734636105,-9.875001322e-05,-2.876213977e-06,2.396844981e-06,-2.876213977e-06,-2.876213977e-06,-0.4734636105,-9.875001322e-05,0,0,0,0,0,0
8.52,1,1,5.177185159e-05,3.571299022e-05,-1.438106989e-06,6.663229047e-05,-0.04231438066,-4.865595312e-05,0,0,0,0,-0.001047197551,0,-0.04444505857,-0.002604274408,0.005310851461,0.002130677905,0.02766024897,0.1743745951,12.8096896,0,-0.1981027268,-0.1754217927,-0.1177344829,0.3543192034,1.043361852,0.002581196468,-23.36619575,-0.3543192034,-0.002581196468,-23.84083063,-23.84083063,0.02719366368,-0.4768166126,-0,1.917475985e-06,-1.438106989e-06,-4.793689962e-06,-0.4768166126,-9.683253724e-05,-0,1.917475985e-06,-1.438106989e-06,-4.793689962e-06,-0.4768166126,-9.683253724e-05,0,0,0,0,0,0
8.53,1,1,5.225122059e-05,3.595267472e-05,-1.198422491e-06,6.663229047e-05,-0.04232660457,-4.889563761e-05,0,0,0,0,-0.001047197551,0,-0.04447083565,-0.002551130438,0.005317918395,0.002144231079,0.0278430032,0.1754363199,12.81157165,0,-0.1982418028,-0.1764835174,-0.1155234583,0.3567126306,1.043374076,0.002595176203,-23.50846687,-0.3567126306,-0.002595176203,-23.98329813,-23.98329813,0.02717485331,-0.4796659626,-9.587379924e-07,1.438106989e-06,-1.917475985e-06,-4.793689962e-06,-0.4796659626,-9.635316824e-05,-9.587379924e-07,1.438106989e-06,-1.917475985e-06,-4.793689962e-06,-0.4796659626,-9.635316824e-05,0,0,0,0,0,0
8.54,1,1,5.201153609e-05,3.643204371e-05,-1.438106989e-06,6.591323698e-05,-0.04234002691,-4.817658412e-05,0,0,0,0,-0.001047197551,0,-0.04449608095,-0.002497916526,0.005324839535,0.002156054039,0.028003492,0.1763560129,12.81364007,0,-0.1983945102,-0.1774032104,-0.1111719686,0.3588266674,1.043387499,0.002607048042,-23.63170572,-0.3588266674,-0.002607048042,-24.10431141,-24.10431141,0.02715611295,-0.4820862282,-4.793689962e-07,4.793689962e-07,-1.438106989e-06,-3.355582973e-06,-0.4820862282,-9.779127523e-05,-4.793689962e-07,4.793689962e-07,-1.438106989e-06,-3.355582973e-06,-0.4820862282,-9.779127523e-05,0,0,0,0,0,0
8.55,1,1,5.177185159e-05,3.619235921e-05,-2.157160483e-06,6.591323698e-05,-0.04235392861,-4.817658412e-05,0,0,0,0,-0.002094395102,0,-0.04452079376,-0.002444634134,0.005331614692,0.002166865148,0.02815090708,0.1761454206,12.81578441,0,-0.1985526679,-0.1782398157,-0.105989369,0.360775956,1.04444942,0.002607447457,-23.60348636,-0.360775956,-0.002607447457,-24.07285913,-24.07285913,0.02713747824,-0.4814571827,-0,9.587379924e-07,-0,-3.355582973e-06,-0.4814571827,-9.779127523e-05,-0,9.587379924e-07,-0,-3.355582973e-06,-0.4814571827,-9.779127523e-05,0,0,0,0,0,0
8.56,1,1,5.201153609e-05,3.595267472e-05,-1.917475985e-06,6.591323698e-05,-0.04237765737,-4.913532211e-05,0,0,0,0,-0.002094395102,0,-0.0445449734,-0.00239128472,0.00533824368,0.002167316032,0.02816540397,0.1761309041,12.81944935,0,-0.1988226179,-0.1782252992,-0.08608489967,0.3610649697,1.044473149,0.002605560428,-23.60154115,-0.3610649697,-0.002605560428,-24.05129658,-24.05129658,0.02711884192,-0.4810259315,-4.793689962e-07,1.438106989e-06,-4.793689962e-07,-3.355582973e-06,-0.4810259315,-9.587379924e-05,-4.793689962e-07,1.438106989e-06,-4.793689962e-07,-3.355582973e-06,-0.4810259315,-9.587379924e-05,0,0,0,0,0,0
8.57,1,1,5.201153609e-05,3.715109721e-05,-1.917475985e-06,6.495449899e-05,-0.04241528784,-4.889563761e-05,0,0,0.001047197551,0,-0.004188790205,0,-0.04456861923,-0.002337869748,0.005344726318,0.002153331392,0.02799460192,0.1728360376,12.82527384,0,-0.1992506979,-0.1770248278,-0.0481712401,0.3590384357,1.046608465,0.002565506349,-23.16002903,-0.3590384357,-0.002565506349,-23.56980422,-23.56980422,0.02710004306,-0.4713960843,-4.793689962e-07,-9.587379924e-07,-0.0001051991241,-1.438106989e-06,-0.4713960843,-9.635316824e-05,-4.793689962e-07,-9.587379924e-07,-0.0001051991241,-1.438106989e-06,-0.4713960843,-9.635316824e-05,0,0,0,0,0,0
8.58,1,1,5.225122059e-05,3.691141271e-05,-1.917475985e-06,6.567355248e-05,-0.04245699294,-4.889563761e-05,0,0,0,0,-0.003141592654,0,-0.04459173059,-0.002284390682,0.005351062427,0.002134737645,0.02776434807,0.1723041965,12.83174681,0,-0.1997250983,-0.1754457891,-0.01049741797,0.3562650847,1.045601053,0.002550906795,-23.08876233,-0.3562650847,-0.002550906795,-23.45807574,-23.45807574,0.02708109928,-0.4691615148,-9.587379924e-07,-4.793689962e-07,-4.793689962e-07,-2.876213977e-06,-0.4691615148,-9.635316824e-05,-9.587379924e-07,-4.793689962e-07,-4.793689962e-07,-2.876213977e-06,-0.4691615148,-9.635316824e-05,0,0,0,0,0,0
8.59,1,1,5.225122059e-05,3.715109721e-05,-1.438106989e-06,6.567355248e-05,-0.04249989647,-4.937500661e-05,0,0,0,0,-0.004188790205,0,-0.04461430684,-0.002230848988,0.005357251834,0.002114410369,0.02751147435,0.1695357033,12.83842533,0,-0.2002130953,-0.1737244935,0.02327588092,0.3532040091,1.046693073,0.002513395154,-22.71778424,-0.3532040091,-0.002513395154,-23.05022576,-23.05022576,0.02706201303,-0.4610045153,-9.587379924e-07,-9.587379924e-07,-1.438106989e-06,-2.876213977e-06,-0.4610045153,-9.539443025e-05,-9.587379924e-07,-9.587379924e-07,-1.438106989e-06,-2.876213977e-06,-0.4610045153,-9.539443025e-05,0,0,0,0,0,0
8.6,1,1,5.225122059e-05,3.715109721e-05,-1.198422491e-06,6.639260598e-05,-0.04255214769,-4.865595312e-05,0,0,0,0,-0.005235987756,0,-0.04463634736,-0.002177246135,0.00536329437,0.002084199675,0.02713125622,0.1659560301,12.84658576,0,-0.2008073669,-0.1711920179,0.0656042897,0.3485440099,1.047794989,0.002463749417,-22.23810804,-0.3485440099,-0.002463749417,-22.52351151,-22.52351151,0.02704266989,-0.4504702301,-9.587379924e-07,-9.587379924e-07,-1.917475985e-06,-4.314320966e-06,-0.4504702301,-9.683253724e-05,-9.587379924e-07,-9.587379924e-07,-1.917475985e-06,-4.314320966e-06,-0.4504702301,-9.683253724e-05,0,0,0,0,0,0
8.61,1,1,5.225122059e-05,3.78701507e-05,-1.438106989e-06,6.591323698e-05,-0.04261302755,-4.913532211e-05,0,0,0,0,-0.007330382858,0,-0.04465785156,-0.002123583591,0.005369189867,0.00204482401,0.02663269329,0.1605776722,12.85613101,0,-0.2014997073,-0.1679080551,0.1141133445,0.3423933941,1.049956844,0.002392013816,-21.51740808,-0.3423933941,-0.002392013816,-21.74808014,-21.74808014,0.02702300325,-0.4349616028,-9.587379924e-07,-2.396844981e-06,-1.438106989e-06,-3.355582973e-06,-0.4349616028,-9.587379924e-05,-9.587379924e-07,-2.396844981e-06,-1.438106989e-06,-3.355582973e-06,-0.4349616028,-9.587379924e-05,0,0,0,0,0,0
8.62,1,1,5.201153609e-05,3.667172821e-05,-1.917475985e-06,6.567355248e-05,-0.04268756943,-4.865595312e-05,0.001047197551,0,0,0,-0.007330382858,0,-0.04467881884,-0.002069862828,0.005374938166,0.001991249411,0.02595075525,0.1561303222,12.86787294,0,-0.2023473158,-0.1634607051,0.1747932898,0.3339310213,1.050031386,0.00232437068,-20.92146318,-0.3339310213,-0.00232437068,-21.08292528,-21.08292528,0.02700293322,-0.4216585056,-0.0001051991241,-0,-4.793689962e-07,-2.876213977e-06,-0.4216585056,-9.683253724e-05,-0.0001051991241,-0,-4.793689962e-07,-2.876213977e-06,-0.4216585056,-9.683253724e-05,0,0,0,0,0,0
8.63,1,1,5.201153609e-05,3.667172821e-05,-1.677791487e-06,6.543386798e-05,-0.04277337648,-4.913532211e-05,0,0,0,0,-0.00837758041,0,-0.04469924863,-0.002016085319,0.005380539109,0.001925872148,0.02511581788,0.1496707532,12.88146405,0,-0.203322883,-0.1580483336,0.241950841,0.323528505,1.051168503,0.002231335995,-20.05588093,-0.323528505,-0.002231335995,-20.13968993,-20.13968993,0.0269823563,-0.4027937987,-4.793689962e-07,-0,-9.587379924e-07,-2.396844981e-06,-0.4027937987,-9.587379924e-05,-4.793689962e-07,-0,-9.587379924e-07,-2.396844981e-06,-0.4027937987,-9.587379924e-05,0,0,0,0,0,0
8.64,1,1,5.225122059e-05,3.547330572e-05,-1.677791487e-06,6.663229047e-05,-0.04286253911,-4.937500661e-05,0,0,0,0,-0.007330382858,0,-0.04471914036,-0.001962252538,0.005385992541,0.00185660125,0.02422940603,0.1449902621,12.89567153,0,-0.2043364456,-0.1523206449,0.3022838879,0.3124544615,1.050206356,0.002155924036,-19.42869512,-0.3124544615,-0.002155924036,-19.44102162,-19.44102162,0.0269613253,-0.3888204323,-9.587379924e-07,2.396844981e-06,-9.587379924e-07,-4.793689962e-06,-0.3888204323,-9.539443025e-05,-9.587379924e-07,2.396844981e-06,-9.587379924e-07,-4.793689962e-06,-0.3888204323,-9.539443025e-05,0,0,0,0,0,0
8.65,1,1,5.225122059e-05,3.571299022e-05,-1.438106989e-06,6.639260598e-05,-0.04293420478,-4.913532211e-05,0,0,0,0,-0.005235987756,0,-0.0447384935,-0.00190836596,0.005391298313,0.001804288721,0.02356053805,0.1427487915,12.90715387,0,-0.2051509948,-0.1479847793,0.3259694325,0.3040994899,1.048177046,0.002112731171,-19.12833807,-0.3040994899,-0.002112731171,-19.10858086,-19.10858086,0.02694003133,-0.3821716171,-9.587379924e-07,1.917475985e-06,-1.438106989e-06,-4.314320966e-06,-0.3821716171,-9.587379924e-05,-9.587379924e-07,1.917475985e-06,-1.438106989e-06,-4.314320966e-06,-0.3821716171,-9.587379924e-05,0,0,0,0,0,0
8.66,1,1,5.225122059e-05,3.571299022e-05,-1.917475985e-06,6.735134397e-05,-0.04299340685,-4.889563761e-05,0,0,0,0,-0.004188790205,0,-0.04475730751,-0.001854427064,0.00539645628,0.001763900658,0.02304478725,0.1404378106,12.91668165,0,-0.2058238055,-0.1446266008,0.3272290076,0.2976621807,1.047186584,0.002072948214,-18.81866663,-0.2976621807,-0.002072948214,-18.79117275,-18.79117275,0.02691854311,-0.3758234549,-9.587379924e-07,1.917475985e-06,-4.793689962e-07,-6.231796951e-06,-0.3758234549,-9.635316824e-05,-9.587379924e-07,1.917475985e-06,-4.793689962e-07,-6.231796951e-06,-0.3758234549,-9.635316824e-05,0,0,0,0,0,0
8.67,1,1,5.273058958e-05,3.595267472e-05,-1.677791487e-06,6.663229047e-05,-0.04303607069,-4.841626862e-05,0,0,0,0,-0.003141592654,0,-0.04477558187,-0.001800437328,0.005401466301,0.001739511182,0.0227351554,0.1394364473,12.92357164,0,-0.2063086213,-0.14257804,0.3045304433,0.2938194096,1.046180131,0.002052568523,-18.68448394,-0.2938194096,-0.002052568523,-18.67582548,-18.67582548,0.02689698336,-0.3735165096,-1.917475985e-06,1.438106989e-06,-9.587379924e-07,-4.793689962e-06,-0.3735165096,-9.731190623e-05,-1.917475985e-06,1.438106989e-06,-9.587379924e-07,-4.793689962e-06,-0.3735165096,-9.731190623e-05,0,0,0,0,0,0
8.68,1,1,5.177185159e-05,3.595267472e-05,-1.438106989e-06,6.615292148e-05,-0.04306387409,-4.793689962e-05,0,0,0,0,-0.001047197551,0,-0.04479331609,-0.001746398232,0.005406328237,0.001729441998,0.02261028101,0.140653639,12.92807249,0,-0.2066245489,-0.1417008366,0.2643109043,0.292307352,1.044111346,0.002060652453,-18.84758763,-0.292307352,-0.002060652453,-18.87764473,-18.87764473,0.02687543019,-0.3775528946,-0,1.438106989e-06,-1.438106989e-06,-3.83495197e-06,-0.3775528946,-9.827064422e-05,-0,1.438106989e-06,-1.438106989e-06,-3.83495197e-06,-0.3775528946,-9.827064422e-05,0,0,0,0,0,0
8.69,1,1,5.249090509e-05,3.619235921e-05,-1.677791487e-06,6.615292148e-05,-0.04307561863,-4.841626862e-05,0,0,0,0,0,0,-0.04481050968,-0.001692311257,0.005411041957,0.001734891044,0.02268584849,0.1420926096,12.92997627,0,-0.2067579964,-0.1420926096,0.2086630588,0.2933274826,1.043075619,0.002075949091,-19.04040969,-0.2933274826,-0.002075949091,-19.12715007,-19.12715007,0.02685400504,-0.3825430013,-1.438106989e-06,9.587379924e-07,-9.587379924e-07,-3.83495197e-06,-0.3825430013,-9.731190623e-05,-1.438106989e-06,9.587379924e-07,-9.587379924e-07,-3.83495197e-06,-0.3825430013,-9.731190623e-05,0,0,0,0,0,0
8.7,1,1,5.273058958e-05,3.667172821e-05,-1.438106989e-06,6.567355248e-05,-0.04308017264,-4.865595312e-05,0,0,0,0,0,0,-0.04482716216,-0.001638177887,0.00541560733,0.001746989523,0.02284727084,0.1430281893,12.93071487,0,-0.2068097406,-0.1430281893,0.153324656,0.2954315448,1.043080173,0.002087976868,-19.16577736,-0.2954315448,-0.002087976868,-19.30997223,-19.30997223,0.02683269117,-0.3861994446,-1.917475985e-06,-0,-1.438106989e-06,-2.876213977e-06,-0.3861994446,-9.683253724e-05,-1.917475985e-06,-0,-1.438106989e-06,-2.876213977e-06,-0.3861994446,-9.683253724e-05,0,0,0,0,0,0
8.71,1,1,5.249090509e-05,3.667172821e-05,-1.677791487e-06,6.519418349e-05,-0.04308352822,-4.817658412e-05,0,0,0,0,0,0,-0.04484327308,-0.001583999605,0.005420024231,0.001759744864,0.02301707041,0.1440175676,12.93125926,0,-0.2068478676,-0.1440175676,0.1071930342,0.2976397048,1.043083528,0.002100770709,-19.29835405,-0.2976397048,-0.002100770709,-19.4909015,-19.4909015,0.02681147518,-0.3898180299,-1.438106989e-06,-0,-9.587379924e-07,-1.917475985e-06,-0.3898180299,-9.779127523e-05,-1.438106989e-06,-0,-9.587379924e-07,-1.917475985e-06,-0.3898180299,-9.779127523e-05,0,0,0,0,0,0
8.72,1,1,5.320995858e-05,3.643204371e-05,-1.438106989e-06,6.591323698e-05,-0.0430854457,-4.913532211e-05,0,0,0,0,0,0,-0.04485884201,-0.001529777898,0.00542429254,0.001773396311,0.02319833812,0.1450803443,12.93157039,0,-0.2068696544,-0.1450803443,0.06818414361,0.2999909422,1.043085446,0.002114613893,-19.44076613,-0.2999909422,-0.002114613893,-19.67468754,-19.67468754,0.02679036174,-0.3934937509,-2.876213977e-06,4.793689962e-07,-1.438106989e-06,-3.355582973e-06,-0.3934937509,-9.587379924e-05,-2.876213977e-06,4.793689962e-07,-1.438106989e-06,-3.355582973e-06,-0.3934937509,-9.587379924e-05,0,0,0,0,0,0
8.73,1,1,5.225122059e-05,3.76304662e-05,-1.438106989e-06,6.591323698e-05,-0.04308808222,-4.889563761e-05,0,0,0,0,0,0,-0.0448738685,-0.00147551425,0.005428412139,0.001785786277,0.02336316905,0.1460399916,12.93199826,0,-0.2068996111,-0.1460399916,0.0382837822,0.3021324614,1.043088082,0.002126941894,-19.56935887,-0.3021324614,-0.002126941894,-19.83533449,-19.83533449,0.02676935058,-0.3967066899,-9.587379924e-07,-1.917475985e-06,-1.438106989e-06,-3.355582973e-06,-0.3967066899,-9.635316824e-05,-9.587379924e-07,-1.917475985e-06,-1.438106989e-06,-3.355582973e-06,-0.3967066899,-9.635316824e-05,0,0,0,0,0,0
8.74,1,1,5.201153609e-05,3.667172821e-05,-1.677791487e-06,6.591323698e-05,-0.04309647118,-4.841626862e-05,0,0,0,0,-0.001047197551,0,-0.04488835216,-0.001421210151,0.005432382915,0.001791880974,0.02344645602,0.145437292,12.93336017,0,-0.2069949269,-0.1464844895,0.02334616127,0.3032414605,1.044143943,0.002120793177,-19.48859712,-0.3032414605,-0.002120793177,-19.77061321,-19.77061321,0.02674839425,-0.3954122643,-4.793689962e-07,-0,-9.587379924e-07,-3.355582973e-06,-0.3954122643,-9.731190623e-05,-4.793689962e-07,-0,-9.587379924e-07,-3.355582973e-06,-0.3954122643,-9.731190623e-05,0,0,0,0,0,0
8.75,1,1,5.225122059e-05,3.619235921e-05,-2.157160483e-06,6.543386798e-05,-0.04310965383,-4.865595312e-05,0,0,0,0,-0.001047197551,0,-0.04490229257,-0.001366867088,0.00543620476,0.001792638745,0.02346056782,0.1454449506,12.93550189,0,-0.2071447059,-0.1464921481,0.01897976143,0.3034742193,1.044157126,0.002119297677,-19.48962337,-0.3034742193,-0.002119297677,-19.77623713,-19.77623713,0.0267274505,-0.3955247426,-9.587379924e-07,9.587379924e-07,-0,-2.396844981e-06,-0.3955247426,-9.683253724e-05,-9.587379924e-07,9.587379924e-07,-0,-2.396844981e-06,-0.3955247426,-9.683253724e-05,0,0,0,0,0,0
8.76,1,1,5.201153609e-05,3.619235921e-05,-1.438106989e-06,6.495449899e-05,-0.0431240349,-4.817658412e-05,0,0,0,0,-0.001047197551,0,-0.04491568937,-0.001312486553,0.005439877568,0.001791654474,0.02345198047,0.1453099495,12.93784049,0,-0.2073080973,-0.146357147,0.01803960695,0.3034179825,1.044171507,0.002115728724,-19.47153323,-0.3034179825,-0.002115728724,-19.75902733,-19.75902733,0.02670649399,-0.3951805467,-4.793689962e-07,9.587379924e-07,-1.438106989e-06,-1.438106989e-06,-0.3951805467,-9.779127523e-05,-4.793689962e-07,9.587379924e-07,-1.438106989e-06,-1.438106989e-06,-0.3951805467,-9.779127523e-05,0,0,0,0,0,0
8.77,1,1,5.249090509e-05,3.643204371e-05,-1.438106989e-06,6.663229047e-05,-0.04313961439,-4.865595312e-05,0,0,0,0,-0.001047197551,0,-0.04492854219,-0.001258070034,0.00544340124,0.001788927794,0.02342067672,0.1450322617,12.94037654,0,-0.2074850999,-0.1460794592,0.0197497781,0.3030723756,1.044187086,0.002110092299,-19.43432307,-0.3030723756,-0.002110092299,-19.71975576,-19.71975576,0.02668554597,-0.3943951151,-1.438106989e-06,4.793689962e-07,-1.438106989e-06,-4.793689962e-06,-0.3943951151,-9.683253724e-05,-1.438106989e-06,4.793689962e-07,-1.438106989e-06,-4.793689962e-06,-0.3943951151,-9.683253724e-05,0,0,0,0,0,0
8.78,1,1,5.297027408e-05,3.595267472e-05,-1.917475985e-06,6.567355248e-05,-0.04315519388,-4.793689962e-05,0,0,0,0,-0.001047197551,0,-0.04494085066,-0.001203619025,0.005446775677,0.001785656775,0.0233821501,0.144709944,12.94291527,0,-0.2076620975,-0.1457571416,0.02225239439,0.3026331874,1.044202666,0.002103813339,-19.3911325,-0.3026331874,-0.002103813339,-19.6736171,-19.6736171,0.02666460136,-0.393472342,-2.396844981e-06,1.438106989e-06,-4.793689962e-07,-2.876213977e-06,-0.393472342,-9.827064422e-05,-2.396844981e-06,1.438106989e-06,-4.793689962e-07,-2.876213977e-06,-0.393472342,-9.827064422e-05,0,0,0,0,0,0
8.79,1,1,5.273058958e-05,3.475425223e-05,-1.917475985e-06,6.615292148e-05,-0.04317604644,-4.913532211e-05,0,0,0,0,-0.001047197551,0,-0.04495261446,-0.001149135018,0.005450000789,0.001776568021,0.02326812801,0.1439114777,12.94631744,0,-0.2078989943,-0.1449586752,0.03298517576,0.3012365714,1.044223518,0.002090640356,-19.28413801,-0.3012365714,-0.002090640356,-19.55448004,-19.55448004,0.02664358884,-0.3910896008,-1.917475985e-06,3.83495197e-06,-4.793689962e-07,-3.83495197e-06,-0.3910896008,-9.587379924e-05,-1.917475985e-06,3.83495197e-06,-4.793689962e-07,-3.83495197e-06,-0.3910896008,-9.587379924e-05,0,0,0,0,0,0
8.8,1,1,5.225122059e-05,3.643204371e-05,-1.677791487e-06,6.687197497e-05,-0.04319689899,-4.817658412e-05,0,0,0,0,-0.001047197551,0,-0.04496383325,-0.001094619507,0.005453076486,0.001766934268,0.02314683569,0.1430684051,12.9497244,0,-0.2081358823,-0.1441156027,0.0423040498,0.299745143,1.044244371,0.002076834401,-19.17116629,-0.299745143,-0.002076834401,-19.43068421,-19.43068421,0.02662254161,-0.3886136843,-9.587379924e-07,4.793689962e-07,-9.587379924e-07,-5.273058958e-06,-0.3886136843,-9.779127523e-05,-9.587379924e-07,4.793689962e-07,-9.587379924e-07,-5.273058958e-06,-0.3886136843,-9.779127523e-05,0,0,0,0,0,0
8.81,1,1,5.10527981e-05,3.691141271e-05,-2.157160483e-06,6.591323698e-05,-0.04321247848,-4.841626862e-05,0,0,0,0,-0.001047197551,0,-0.04497450675,-0.001040073987,0.005456002685,0.001762028267,0.02308656598,0.1426121229,12.95227297,0,-0.2083128617,-0.1436593204,0.04270028273,0.2990235044,1.04425995,0.002068635373,-19.11002447,-0.2990235044,-0.002068635373,-19.36841632,-19.36841632,0.02660148455,-0.3873683265,1.438106989e-06,-4.793689962e-07,-0,-3.355582973e-06,-0.3873683265,-9.731190623e-05,1.438106989e-06,-4.793689962e-07,-0,-3.355582973e-06,-0.3873683265,-9.731190623e-05,0,0,0,0,0,0
8.82,1,1,5.225122059e-05,3.643204371e-05,-1.677791487e-06,6.567355248e-05,-0.04322254523,-4.793689962e-05,0,0,0,0,-0.001047197551,0,-0.04498463464,-0.0009854999524,0.005458779304,0.001762089411,0.02309045693,0.1425621598,12.95392116,0,-0.2084272151,-0.1436093573,0.03566518359,0.2991119585,1.044270017,0.002066315574,-19.10332941,-0.2991119585,-0.002066315574,-19.3688425,-19.3688425,0.02658045327,-0.38737685,-9.587379924e-07,4.793689962e-07,-9.587379924e-07,-2.876213977e-06,-0.38737685,-9.827064422e-05,-9.587379924e-07,4.793689962e-07,-9.587379924e-07,-2.876213977e-06,-0.38737685,-9.827064422e-05,0,0,0,0,0,0
8.83,1,1,5.297027408e-05,3.667172821e-05,-1.677791487e-06,6.639260598e-05,-0.04323405008,-4.865595312e-05,0,0,0,0,-0.001047197551,0,-0.04499421666,-0.0009308988998,0.005461406268,0.001760166571,0.02306847915,0.1423497995,12.95580617,0,-0.2085579021,-0.1433969971,0.03314049697,0.2988707445,1.044281522,0.002061652377,-19.07487314,-0.2988707445,-0.002061652377,-19.34266504,-19.34266504,0.02655944466,-0.3868533007,-2.396844981e-06,-0,-9.587379924e-07,-4.314320966e-06,-0.3868533007,-9.683253724e-05,-2.396844981e-06,-0,-9.587379924e-07,-4.314320966e-06,-0.3868533007,-9.683253724e-05,0,0,0,0,0,0
8.84,1,1,5.392901207e-05,3.73907817e-05,-1.198422491e-06,6.615292148e-05,-0.04324531526,-4.889563761e-05,0,0,0,0,0,0,-0.04500325253,-0.0008762723261,0.005463883505,0.001757937277,0.02304235861,0.143159492,12.95765333,0,-0.2086858638,-0.143159492,0.0315605183,0.2985748949,1.043245315,0.00206763013,-19.18337192,-0.2985748949,-0.00206763013,-19.45245393,-19.45245393,0.02653844714,-0.3890490786,-4.314320966e-06,-1.438106989e-06,-1.917475985e-06,-3.83495197e-06,-0.3890490786,-9.635316824e-05,-4.314320966e-06,-1.438106989e-06,-1.917475985e-06,-3.83495197e-06,-0.3890490786,-9.635316824e-05,0,0,0,0,0,0
8.85,1,1,5.368932758e-05,3.667172821e-05,-1.438106989e-06,6.639260598e-05,-0.04325634074,-4.841626862e-05,0,0,0,0,-0.001047197551,0,-0.04501174202,-0.000821621729,0.005466210947,0.001755401279,0.02301209061,0.1418496279,12.95946255,0,-0.2088111005,-0.1428968255,0.0308237165,0.2982243266,1.044303812,0.002051248085,-19.00785014,-0.2982243266,-0.002051248085,-19.277302,-19.277302,0.02651745311,-0.3855460399,-3.83495197e-06,-0,-1.438106989e-06,-4.314320966e-06,-0.3855460399,-9.731190623e-05,-3.83495197e-06,-0,-1.438106989e-06,-4.314320966e-06,-0.3855460399,-9.731190623e-05,0,0,0,0,0,0
8.86,1,1,5.297027408e-05,3.547330572e-05,-1.677791487e-06,6.639260598e-05,-0.04326425033,-4.889563761e-05,0,0,0,0,0,0,-0.04501968489,-0.0007669486067,0.00546838853,0.001755434561,0.02301494941,0.1428442823,12.9607613,0,-0.2089009426,-0.1428442823,0.02623746739,0.2982912657,1.04326425,0.002059890538,-19.14113383,-0.2982912657,-0.002059890538,-19.41524752,-19.41524752,0.02649648682,-0.3883049504,-2.396844981e-06,2.396844981e-06,-9.587379924e-07,-4.314320966e-06,-0.3883049504,-9.635316824e-05,-2.396844981e-06,2.396844981e-06,-9.587379924e-07,-4.314320966e-06,-0.3883049504,-9.635316824e-05,0,0,0,0,0,0
8.87,1,1,5.297027408e-05,3.547330572e-05,-1.677791487e-06,6.663229047e-05,-0.04327120118,-4.817658412e-05,0,0,0,0,0,0,-0.04502708092,-0.0007122544581,0.005470416194,0.001755879742,0.02302298134,0.1428253664,12.96190319,0,-0.2089798937,-0.1428253664,0.0217064897,0.2984216553,1.043271201,0.002058017117,-19.1385991,-0.2984216553,-0.002058017117,-19.41737228,-19.41737228,0.02647554243,-0.3883474456,-2.396844981e-06,2.396844981e-06,-9.587379924e-07,-4.793689962e-06,-0.3883474456,-9.779127523e-05,-2.396844981e-06,2.396844981e-06,-9.587379924e-07,-4.793689962e-06,-0.3883474456,-9.779127523e-05,0,0,0,0,0,0
8.88,1,1,5.201153609e-05,3.643204371e-05,-1.677791487e-06,6.615292148e-05,-0.04328270604,-4.841626862e-05,0,0,0,0,-0.001047197551,0,-0.04503392992,-0.0006575407827,0.005472293884,0.001751223878,0.02296472116,0.1413418748,12.9637944,0,-0.2091105693,-0.1423890723,0.02585563133,0.2977099235,1.044330178,0.002039160746,-18.93981122,-0.2977099235,-0.002039160746,-19.21370467,-19.21370467,0.02645455529,-0.3842740934,-4.793689962e-07,4.793689962e-07,-9.587379924e-07,-3.83495197e-06,-0.3842740934,-9.731190623e-05,-4.793689962e-07,4.793689962e-07,-9.587379924e-07,-3.83495197e-06,-0.3842740934,-9.731190623e-05,0,0,0,0,0,0
8.89,1,1,5.273058958e-05,3.643204371e-05,-1.677791487e-06,6.639260598e-05,-0.04329492995,-4.817658412e-05,0,0,0,0,-0.001047197551,0,-0.04504023168,-0.0006028090805,0.005474021548,0.001745301733,0.02288986293,0.1408019512,12.96580541,0,-0.2092494091,-0.1418491488,0.03097015852,0.2967855085,1.044342402,0.002029806407,-18.86746146,-0.2967855085,-0.002029806407,-19.13530662,-19.13530662,0.02643355464,-0.3827061324,-1.917475985e-06,4.793689962e-07,-9.587379924e-07,-4.314320966e-06,-0.3827061324,-9.779127523e-05,-1.917475985e-06,4.793689962e-07,-9.587379924e-07,-4.314320966e-06,-0.3827061324,-9.779127523e-05,0,0,0,0,0,0
8.9,1,1,5.153216709e-05,3.571299022e-05,-2.157160483e-06,6.591323698e-05,-0.04330883165,-4.865595312e-05,0,0,0,-0.001047197551,-0.001047197551,0,-0.04504598604,-0.000548060852,0.00547559914,0.001737154395,0.02278596514,0.14007999,12.96809445,0,-0.2094073017,-0.1411271875,0.03858545849,0.295490548,1.044356303,0.002017844775,-18.77071866,-0.295490548,-0.002017844775,-19.02964159,-19.02964159,0.02641250727,-0.3805928318,4.793689962e-07,1.917475985e-06,-0,0.0001013641721,-0.3805928318,-9.683253724e-05,4.793689962e-07,1.917475985e-06,-0,0.0001013641721,-0.3805928318,-9.683253724e-05,0,0,0,0,0,0
8.91,1,1,5.05734291e-05,3.619235921e-05,-1.677791487e-06,6.663229047e-05,-0.04332201429,-4.817658412e-05,0,0,0,0,0,0,-0.04505119285,-0.0004932975981,0.005477026615,0.001729178551,0.02268410062,0.1404192542,12.97026706,0,-0.2095570237,-0.1404192542,0.04443723386,0.2942188431,1.043322014,0.002017117421,-18.81618007,-0.2942188431,-0.002017117421,-19.0679788,-19.0679788,0.026391445,-0.3813595759,2.396844981e-06,9.587379924e-07,-9.587379924e-07,-4.793689962e-06,-0.3813595759,-9.779127523e-05,2.396844981e-06,9.587379924e-07,-9.587379924e-07,-4.793689962e-06,-0.3813595759,-9.779127523e-05,0,0,0,0,0,0
8.92,1,1,5.201153609e-05,3.667172821e-05,-1.677791487e-06,6.663229047e-05,-0.04333663505,-4.817658412e-05,0,0,0,0,-0.001047197551,0,-0.04505585195,-0.0004385208202,0.005478303934,0.0017192169,0.02255628677,0.138501734,12.97267895,0,-0.2097230749,-0.1395489315,0.05221497458,0.2926154666,1.044384107,0.001992031584,-18.55923235,-0.2926154666,-0.001992031584,-18.80162487,-18.80162487,0.02637033699,-0.3760324975,-4.793689962e-07,-0,-9.587379924e-07,-4.793689962e-06,-0.3760324975,-9.779127523e-05,-4.793689962e-07,-0,-9.587379924e-07,-4.793689962e-06,-0.3760324975,-9.779127523e-05,0,0,0,0,0,0
8.93,1,1,5.273058958e-05,3.643204371e-05,-1.917475985e-06,6.591323698e-05,-0.04334861927,-4.889563761e-05,0,0,0,0,0,0,-0.04505996322,-0.0003837320201,0.005479431063,0.001711343948,0.02245537845,0.1388494354,12.97465767,0,-0.2098591792,-0.1388494354,0.05532195207,0.2913508482,1.043348619,0.001991477428,-18.60582435,-0.2913508482,-0.001991477428,-18.84384472,-18.84384472,0.02634920951,-0.3768768944,-1.917475985e-06,4.793689962e-07,-4.793689962e-07,-3.355582973e-06,-0.3768768944,-9.635316824e-05,-1.917475985e-06,4.793689962e-07,-4.793689962e-07,-3.355582973e-06,-0.3768768944,-9.635316824e-05,0,0,0,0,0,0
8.94,1,1,5.297027408e-05,3.643204371e-05,-1.438106989e-06,6.615292148e-05,-0.04335916539,-4.865595312e-05,0,0,0,0,0,0,-0.04506352655,-0.0003289326997,0.005480407971,0.001704361162,0.02236583743,0.1382227268,12.97640026,0,-0.2099789485,-0.1382227268,0.05678818124,0.2902280587,1.043359165,0.00198093723,-18.52184539,-0.2902280587,-0.00198093723,-18.7572662,-18.7572662,0.02632805207,-0.375145324,-2.396844981e-06,4.793689962e-07,-1.438106989e-06,-3.83495197e-06,-0.375145324,-9.683253724e-05,-2.396844981e-06,4.793689962e-07,-1.438106989e-06,-3.83495197e-06,-0.375145324,-9.683253724e-05,0,0,0,0,0,0
8.95,1,1,5.225122059e-05,3.571299022e-05,-1.677791487e-06,6.591323698e-05,-0.04337234804,-4.841626862e-05,0,0,0,0,-0.001047197551,0,-0.04506654185,-0.0002741243615,0.00548123463,0.001694193807,0.02223478724,0.1362884722,12.97858024,0,-0.2101286569,-0.1373356697,0.06279598543,0.2885759702,1.04441982,0.001955615212,-18.26265527,-0.2885759702,-0.001955615212,-18.49039087,-18.49039087,0.02630685922,-0.3698078174,-9.587379924e-07,1.917475985e-06,-9.587379924e-07,-3.355582973e-06,-0.3698078174,-9.731190623e-05,-9.587379924e-07,1.917475985e-06,-9.587379924e-07,-3.355582973e-06,-0.3698078174,-9.731190623e-05,0,0,0,0,0,0
8.96,1,1,5.177185159e-05,3.619235921e-05,-1.917475985e-06,6.639260598e-05,-0.04339344028,-4.817658412e-05,0,0,0,0,-0.002094395102,0,-0.04506900902,-0.000219308508,0.005481911019,0.001675568741,0.02199375564,0.1336629683,12.98207221,0,-0.210368183,-0.1357573634,0.08034543335,0.2855245239,1.045488932,0.001920312526,-17.91083776,-0.2855245239,-0.001920312526,-18.11793716,-18.11793716,0.02628551948,-0.3623587432,-0,9.587379924e-07,-4.793689962e-07,-4.314320966e-06,-0.3623587432,-9.779127523e-05,-0,9.587379924e-07,-4.793689962e-07,-4.314320966e-06,-0.3623587432,-9.779127523e-05,0,0,0,0,0,0
8.97,1,1,5.249090509e-05,3.643204371e-05,-1.917475985e-06,6.567355248e-05,-0.04341764841,-4.865595312e-05,0,0,0,0,-0.002094395102,0,-0.045070928,-0.0001644866421,0.005482437118,0.001653279587,0.02170491119,0.1317855583,12.98608613,0,-0.2106430823,-0.1338799534,0.1002692662,0.2818618462,1.04551314,0.001891884584,-17.65926481,-0.2818618462,-0.001891884584,-17.84274928,-17.84274928,0.0262640828,-0.3568549856,-1.438106989e-06,4.793689962e-07,-4.793689962e-07,-2.876213977e-06,-0.3568549856,-9.683253724e-05,-1.438106989e-06,4.793689962e-07,-4.793689962e-07,-2.876213977e-06,-0.3568549856,-9.683253724e-05,0,0,0,0,0,0
8.98,1,1,5.297027408e-05,3.571299022e-05,-1.917475985e-06,6.567355248e-05,-0.04345264235,-4.865595312e-05,0,0,0,0,-0.003141592654,0,-0.04507229873,-0.0001096602667,0.005482812914,0.001619656388,0.02126857319,0.1279355962,12.99189995,0,-0.2110404401,-0.1310771889,0.1333636256,0.2763191749,1.046596702,0.001838907324,-17.1433699,-0.2763191749,-0.001838907324,-17.28816435,-17.28816435,0.02624240917,-0.345763287,-2.396844981e-06,1.917475985e-06,-4.793689962e-07,-2.876213977e-06,-0.345763287,-9.683253724e-05,-2.396844981e-06,1.917475985e-06,-4.793689962e-07,-2.876213977e-06,-0.345763287,-9.683253724e-05,0,0,0,0,0,0
8.99,1,1,5.249090509e-05,3.595267472e-05,-1.677791487e-06,6.567355248e-05,-0.04348979344,-4.841626862e-05,0,0,0,0,-0.003141592654,0,-0.04507312119,-5.483088486e-05,0.005483038395,0.001583327748,0.0207967141,0.1249130259,12.99808706,0,-0.211462265,-0.1280546185,0.1641934324,0.2703175006,1.046633853,0.001794094046,-16.73834547,-0.2703175006,-0.001794094046,-16.84626363,-16.84626363,0.02622053581,-0.3369252726,-1.438106989e-06,1.438106989e-06,-9.587379924e-07,-2.876213977e-06,-0.3369252726,-9.731190623e-05,-1.438106989e-06,1.438106989e-06,-9.587379924e-07,-2.876213977e-06,-0.3369252726,-9.731190623e-05,0,0,0,0,0,0
9,1,1,5.201153609e-05,3.643204371e-05,-1.677791487e-06,6.687197497e-05,-0.04351591905,-4.865595312e-05,0,0,0,0,-0.002094395102,0,-0.04507339535,1.628024768e-13,0.005483113556,0.001557476293,0.02046071397,0.1237939928,13.00244721,0,-0.211758886,-0.1258883879,0.1735517729,0.2660393534,1.045611411,0.001773063837,-16.58839503,-0.2660393534,-0.001773063837,-16.68265567,-16.68265567,0.02619857569,-0.3336531135,-4.793689962e-07,4.793689962e-07,-9.587379924e-07,-5.273058958e-06,-0.3336531135,-9.683253724e-05,-4.793689962e-07,4.793689962e-07,-9.587379924e-07,-5.273058958e-06,-0.3336531135,-9.683253724e-05,0,0,0,0,0,0
9.01,1,1,5.08131136e-05,3.667172821e-05,-1.677791487e-06,6.567355248e-05,-0.04353485413,-4.937500661e-05,0,0,0,0,-0.001047197551,0,-0.04507312119,5.483088519e-05,0.005483038395,0.001538267063,0.02021084191,0.123217573,13.00561208,0,-0.2119738594,-0.1242647705,0.1713349646,0.2628543697,1.044582326,0.001759855742,-16.51115478,-0.2628543697,-0.001759855742,-16.60443404,-16.60443404,0.02617655608,-0.3320886808,1.917475985e-06,-0,-9.587379924e-07,-2.876213977e-06,-0.3320886808,-9.539443025e-05,1.917475985e-06,-0,-9.587379924e-07,-2.876213977e-06,-0.3320886808,-9.539443025e-05,0,0,0,0,0,0
9.02,1,1,5.225122059e-05,3.667172821e-05,-1.438106989e-06,6.615292148e-05,-0.04354707804,-4.865595312e-05,0,0,0,0,0,0,-0.04507229873,0.000109660267,0.005482812914,0.001525220696,0.02004093084,0.12314428,13.00765734,0,-0.2121126357,-0.12314428,0.1601923773,0.2606855611,1.043547078,0.001753845317,-16.50133352,-0.2606855611,-0.001753845317,-16.60358055,-16.60358055,0.02615449688,-0.332071611,-9.587379924e-07,-0,-1.438106989e-06,-3.83495197e-06,-0.332071611,-9.683253724e-05,-9.587379924e-07,-0,-1.438106989e-06,-3.83495197e-06,-0.332071611,-9.683253724e-05,0,0,0,0,0,0
9.03,1,1,5.249090509e-05,3.667172821e-05,-1.677791487e-06,6.591323698e-05,-0.04355714479,-4.889563761e-05,0,0,0,0,-0.001047197551,0,-0.045070928,0.0001644866424,0.005482437118,0.001513783209,0.01989177955,0.1211079844,13.00934293,0,-0.2122269198,-0.122155182,0.1490680908,0.2587789817,1.044604616,0.00172688373,-16.22846991,-0.2587789817,-0.00172688373,-16.33990769,-16.33990769,0.02613242144,-0.3267981537,-1.438106989e-06,-0,-9.587379924e-07,-3.355582973e-06,-0.3267981537,-9.635316824e-05,-1.438106989e-06,-0,-9.587379924e-07,-3.355582973e-06,-0.3267981537,-9.635316824e-05,0,0,0,0,0,0
9.04,1,1,5.320995858e-05,3.667172821e-05,-1.438106989e-06,6.591323698e-05,-0.04356481469,-4.817658412e-05,0,0,0,0,0,0,-0.04506900902,0.0002193085083,0.005481911019,0.001504194325,0.01976651833,0.1213169748,13.01062795,0,-0.2123139919,-0.1213169748,0.1370068134,0.2571748159,1.043564815,0.001724961214,-16.25647462,-0.2571748159,-0.001724961214,-16.37836758,-16.37836758,0.02611031648,-0.3275673516,-2.876213977e-06,-0,-1.438106989e-06,-3.355582973e-06,-0.3275673516,-9.779127523e-05,-2.876213977e-06,-0,-1.438106989e-06,-3.355582973e-06,-0.3275673516,-9.779127523e-05,0,0,0,0,0,0
9.05,1,1,5.320995858e-05,3.667172821e-05,-2.636529479e-06,6.639260598e-05,-0.04356697185,-4.841626862e-05,0,0,0,0,0,0,-0.04506654185,0.0002741243618,0.00548123463,0.001499569995,0.01970569942,0.1208837288,13.01098948,0,-0.2123384808,-0.1208837288,0.1198224985,0.2563906479,1.043566972,0.001717352855,-16.19841966,-0.2563906479,-0.001717352855,-16.33670516,-16.33670516,0.02608820658,-0.3267341032,-2.876213977e-06,-0,9.587379924e-07,-4.314320966e-06,-0.3267341032,-9.731190623e-05,-2.876213977e-06,-0,9.587379924e-07,-4.314320966e-06,-0.3267341032,-9.731190623e-05,0,0,0,0,0,0
9.06,1,1,5.249090509e-05,3.667172821e-05,-2.157160483e-06,6.543386798e-05,-0.04356721154,-4.913532211e-05,0,0,0,-0.001047197551,0,0,-0.04506352655,0.0003289327,0.005480407971,0.001496315018,0.0196625534,0.12056216,13.01102965,0,-0.2123412017,-0.12056216,0.1038447236,0.2558300653,1.043567212,0.00171133372,-16.15532944,-0.2558300653,-0.00171133372,-16.30902611,-16.30902611,0.02606609624,-0.3261805223,-1.438106989e-06,-0,-0,0.0001023229101,-0.3261805223,-9.587379924e-05,-1.438106989e-06,-0,-0,0.0001023229101,-0.3261805223,-9.587379924e-05,0,0,0,0,0,0
9.07,1,1,5.249090509e-05,3.73907817e-05,-2.636529479e-06,6.639260598e-05,-0.04356769091,-4.889563761e-05,0,0,0,0.001047197551,0,0,-0.04505996322,0.0003837320204,0.005479431063,0.001492272317,0.01960901585,0.1201763455,13.01111,0,-0.2123466437,-0.1201763455,0.09194213241,0.2551350622,1.043567691,0.001704411846,-16.1036303,-0.2551350622,-0.001704411846,-16.26852764,-16.26852764,0.02604398414,-0.3253705528,-1.438106989e-06,-1.438106989e-06,9.587379924e-07,-0.0001090340761,-0.3253705528,-9.635316824e-05,-1.438106989e-06,-1.438106989e-06,9.587379924e-07,-0.0001090340761,-0.3253705528,-9.635316824e-05,0,0,0,0,0,0
9.08,1,1,5.249090509e-05,3.715109721e-05,-1.677791487e-06,6.687197497e-05,-0.04356840996,-4.889563761e-05,0,0,0,0,-0.001047197551,0,-0.04505585195,0.0004385208206,0.005478303934,0.00148744199,0.01954508908,0.1186791096,13.01123053,0,-0.2123548066,-0.1197263071,0.08346090143,0.2543056597,1.044615882,0.001685128085,-15.90300068,-0.2543056597,-0.001685128085,-16.07553057,-16.07553057,0.02602186179,-0.3215106113,-1.438106989e-06,-9.587379924e-07,-9.587379924e-07,-5.273058958e-06,-0.3215106113,-9.635316824e-05,-1.438106989e-06,-9.587379924e-07,-9.587379924e-07,-5.273058958e-06,-0.3215106113,-9.635316824e-05,0,0,0,0,0,0
9.09,1,1,5.297027408e-05,3.715109721e-05,-1.438106989e-06,6.615292148e-05,-0.04357008775,-4.889563761e-05,0,0,0,0,0,0,-0.04505119285,0.0004932975985,0.005477026615,0.001481105096,0.01946141983,0.1191534415,13.01151178,0,-0.2123738534,-0.1191534415,0.07866073286,0.2532224934,1.043570088,0.001687041177,-15.96656116,-0.2532224934,-0.001687041177,-16.14280996,-16.14280996,0.02599973185,-0.3228561991,-2.396844981e-06,-9.587379924e-07,-1.438106989e-06,-3.83495197e-06,-0.3228561991,-9.635316824e-05,-2.396844981e-06,-9.587379924e-07,-1.438106989e-06,-3.83495197e-06,-0.3228561991,-9.635316824e-05,0,0,0,0,0,0
9.1,1,1,5.249090509e-05,3.619235921e-05,-2.157160483e-06,6.615292148e-05,-0.04357224491,-4.793689962e-05,0,0,0,-0.001047197551,0,0,-0.04504598604,0.0005480608523,0.00547559914,0.001473741131,0.01936424791,0.1184968755,13.01187344,0,-0.2123983419,-0.1184968755,0.076323375,0.251965143,1.043572245,0.001676323198,-15.87858132,-0.251965143,-0.001676323198,-16.05589941,-16.05589941,0.0259775848,-0.3211179883,-1.438106989e-06,9.587379924e-07,-0,0.0001008848031,-0.3211179883,-9.827064422e-05,-1.438106989e-06,9.587379924e-07,-0,0.0001008848031,-0.3211179883,-9.827064422e-05,0,0,0,0,0,0
9.11,1,1,5.273058958e-05,3.643204371e-05,-1.677791487e-06,6.615292148e-05,-0.04357344333,-4.817658412e-05,0,0,0,0,0,0,-0.04504023168,0.0006028090809,0.005474021548,0.001466788346,0.01927228919,0.1178738811,13.01207438,0,-0.2124119467,-0.1178738811,0.07378700421,0.2507724604,1.043573443,0.001666091179,-15.79510007,-0.2507724604,-0.001666091179,-15.97375162,-15.97375162,0.02595541863,-0.3194750324,-1.917475985e-06,4.793689962e-07,-9.587379924e-07,-3.83495197e-06,-0.3194750324,-9.779127523e-05,-1.917475985e-06,4.793689962e-07,-9.587379924e-07,-3.83495197e-06,-0.3194750324,-9.779127523e-05,0,0,0,0,0,0
9.12,1,1,5.249090509e-05,3.73907817e-05,-1.438106989e-06,6.687197497e-05,-0.04357512112,-4.913532211e-05,-0.001047197551,0,0,0,0,0,-0.04503392992,0.0006575407831,0.005472293884,0.001458808791,0.0191668351,0.1171672428,13.01235573,0,-0.2124309932,-0.1171672428,0.073253503,0.2494056764,1.043575121,0.00165469312,-15.70041053,-0.2494056764,-0.00165469312,-15.8782174,-15.8782174,0.02593323172,-0.317564348,0.0001032816481,-1.438106989e-06,-1.438106989e-06,-5.273058958e-06,-0.317564348,-9.587379924e-05,0.0001032816481,-1.438106989e-06,-1.438106989e-06,-5.273058958e-06,-0.317564348,-9.587379924e-05,0,0,0,0,0,0
9.13,1,1,5.225122059e-05,3.78701507e-05,-1.917475985e-06,6.591323698e-05,-0.04357847671,-4.841626862e-05,0,0,0,0.001047197551,0,0,-0.04502708092,0.0007122544585,0.005470416194,0.001448604216,0.01903229457,0.1162793341,13.01291852,0,-0.2124690862,-0.1162793341,0.07606644349,0.2476656985,1.043578477,0.001640757686,-15.58143077,-0.2476656985,-0.001640757686,-15.75467078,-15.75467078,0.02591101457,-0.3150934157,-9.587379924e-07,-2.396844981e-06,-4.793689962e-07,-0.0001080753381,-0.3150934157,-9.731190623e-05,-9.587379924e-07,-2.396844981e-06,-4.793689962e-07,-0.0001080753381,-0.3150934157,-9.731190623e-05,0,0,0,0,0,0
9.14,1,1,5.249090509e-05,3.667172821e-05,-1.917475985e-06,6.615292148e-05,-0.04357895608,-4.817658412e-05,0,0,0,0,0,0,-0.04501968489,0.000766948607,0.00546838853,0.001440728815,0.01892793236,0.1155813433,13.01299892,0,-0.2124745281,-0.1155813433,0.07486677192,0.2463091634,1.043578956,0.001629510299,-15.4879,-0.2463091634,-0.001629510299,-15.6609719,-15.6609719,0.02588876969,-0.313219438,-1.438106989e-06,-0,-4.793689962e-07,-3.83495197e-06,-0.313219438,-9.779127523e-05,-1.438106989e-06,-0,-4.793689962e-07,-3.83495197e-06,-0.313219438,-9.779127523e-05,0,0,0,0,0,0
9.15,1,1,5.129248259e-05,3.595267472e-05,-1.917475985e-06,6.591323698e-05,-0.04358039418,-4.817658412e-05,0,0,0,0,0,0,-0.04501174202,0.0008216217293,0.005466210947,0.001431347838,0.01880385014,0.11476075,13.01324017,0,-0.2124908535,-0.11476075,0.07617685975,0.244699018,1.043580394,0.001616554232,-15.37794051,-0.244699018,-0.001616554232,-15.54807922,-15.54807922,0.02586649966,-0.3109615844,9.587379924e-07,1.438106989e-06,-4.793689962e-07,-3.355582973e-06,-0.3109615844,-9.779127523e-05,9.587379924e-07,1.438106989e-06,-4.793689962e-07,-3.355582973e-06,-0.3109615844,-9.779127523e-05,0,0,0,0,0,0
9.16,1,1,5.249090509e-05,3.619235921e-05,-1.917475985e-06,6.591323698e-05,-0.04358111324,-4.889563761e-05,0,0,0,0,0,0,-0.04500325253,0.0008762723264,0.005463883505,0.001422139295,0.01868188646,0.113954309,13.01336079,0,-0.2124990162,-0.113954309,0.07706626747,0.2431141289,1.043581113,0.001603813275,-15.26987741,-0.2431141289,-0.001603813275,-15.43752908,-15.43752908,0.02584420255,-0.3087505816,-1.438106989e-06,9.587379924e-07,-4.793689962e-07,-3.355582973e-06,-0.3087505816,-9.635316824e-05,-1.438106989e-06,9.587379924e-07,-4.793689962e-07,-3.355582973e-06,-0.3087505816,-9.635316824e-05,0,0,0,0,0,0
9.17,1,1,5.249090509e-05,3.643204371e-05,-1.198422491e-06,6.687197497e-05,-0.04358255134,-4.961469111e-05,0,0,0,0,0,0,-0.04499421666,0.0009308989001,0.005461406268,0.001411665311,0.01854333244,0.113044891,13.01360207,0,-0.2125153417,-0.113044891,0.07961741591,0.2413155494,1.043582551,0.001589644038,-15.14801539,-0.2413155494,-0.001589644038,-15.31130317,-15.31130317,0.0258218732,-0.3062260633,-1.438106989e-06,4.793689962e-07,-1.917475985e-06,-5.273058958e-06,-0.3062260633,-9.491506125e-05,-1.438106989e-06,4.793689962e-07,-1.917475985e-06,-5.273058958e-06,-0.3062260633,-9.491506125e-05,0,0,0,0,0,0
9.18,1,1,5.225122059e-05,3.715109721e-05,-2.157160483e-06,6.687197497e-05,-0.04358422914,-4.865595312e-05,0,0,0,0,0,0,-0.04498463464,0.0009854999527,0.005458779304,0.001400405503,0.01839443203,0.1120716052,13.01388359,0,-0.2125343879,-0.1120716052,0.0829044094,0.2393829971,1.043584229,0.001574598093,-15.0175951,-0.2393829971,-0.001574598093,-15.17564828,-15.17564828,0.02579950863,-0.3035129657,-9.587379924e-07,-9.587379924e-07,-0,-5.273058958e-06,-0.3035129657,-9.683253724e-05,-9.587379924e-07,-9.587379924e-07,-0,-5.273058958e-06,-0.3035129657,-9.683253724e-05,0,0,0,0,0,0
9.19,1,1,5.273058958e-05,3.667172821e-05,-1.438106989e-06,6.567355248e-05,-0.0435847085,-4.817658412e-05,0,0,0,0,0,0,-0.04497450675,0.001040073987,0.005456002685,0.001389798241,0.01825390703,0.1111516141,13.01396403,0,-0.2125398297,-0.1111516141,0.08456786331,0.2375556894,1.043584709,0.001560318107,-14.89431629,-0.2375556894,-0.001560318107,-15.04886443,-15.04886443,0.02577710808,-0.3009772886,-1.917475985e-06,-0,-1.438106989e-06,-2.876213977e-06,-0.3009772886,-9.779127523e-05,-1.917475985e-06,-0,-1.438106989e-06,-2.876213977e-06,-0.3009772886,-9.779127523e-05,0,0,0,0,0,0
9.2,1,1,5.177185159e-05,3.73907817e-05,-1.677791487e-06,6.639260598e-05,-0.04358590693,-4.817658412e-05,0,0,0,0,-0.001047197551,0,-0.04496383325,0.001094619508,0.005453076486,0.001377926327,0.0180968104,0.1090815995,13.01416514,0,-0.2125534341,-0.110128797,0.087863238,0.235514879,1.044633379,0.001533003623,-14.61693433,-0.235514879,-0.001533003623,-14.76611897,-14.76611897,0.02575466617,-0.2953223794,-0,-1.438106989e-06,-9.587379924e-07,-4.314320966e-06,-0.2953223794,-9.779127523e-05,-0,-1.438106989e-06,-9.587379924e-07,-4.314320966e-06,-0.2953223794,-9.779127523e-05,0,0,0,0,0,0
9.21,1,1,5.273058958e-05,3.73907817e-05,-1.198422491e-06,6.711165947e-05,-0.04358710535,-4.865595312e-05,0,0,0,0,0,0,-0.04495261446,0.001149135019,0.005450000789,0.001365509106,0.01793250687,0.1090617658,13.01436626,0,-0.2125670385,-0.1090617658,0.09125414922,0.2333802124,1.043587105,0.001528321126,-14.61427662,-0.2333802124,-0.001528321126,-14.75793101,-14.75793101,0.02573218782,-0.2951586201,-1.917475985e-06,-1.438106989e-06,-1.917475985e-06,-5.752427955e-06,-0.2951586201,-9.683253724e-05,-1.917475985e-06,-1.438106989e-06,-1.917475985e-06,-5.752427955e-06,-0.2951586201,-9.683253724e-05,0,0,0,0,0,0
9.22,1,1,5.249090509e-05,3.643204371e-05,-1.677791487e-06,6.591323698e-05,-0.04358806409,-4.961469111e-05,0,0,0,0,0,0,-0.04494085066,0.001203619026,0.005446775677,0.001352786571,0.01776412323,0.1079700795,13.01452718,0,-0.212577922,-0.1079700795,0.09444751928,0.2311916645,1.043588064,0.0015117019,-14.46799065,-0.2311916645,-0.0015117019,-14.6062465,-14.6062465,0.02570966732,-0.2921249299,-1.438106989e-06,4.793689962e-07,-9.587379924e-07,-3.355582973e-06,-0.2921249299,-9.491506125e-05,-1.438106989e-06,4.793689962e-07,-9.587379924e-07,-3.355582973e-06,-0.2921249299,-9.491506125e-05,0,0,0,0,0,0
9.23,1,1,5.297027408e-05,3.571299022e-05,-1.917475985e-06,6.639260598e-05,-0.04358710535,-4.937500661e-05,0,0,0,0,0,0,-0.04492854219,0.001258070035,0.00544340124,0.001341436836,0.01761350301,0.1069903169,13.01436626,0,-0.2125670385,-0.1069903169,0.09514022153,0.2292285794,1.043587105,0.001496667442,-14.33670247,-0.2292285794,-0.001496667442,-14.47228749,-14.47228749,0.02568711099,-0.2894457498,-2.396844981e-06,1.917475985e-06,-4.793689962e-07,-4.314320966e-06,-0.2894457498,-9.539443025e-05,-2.396844981e-06,1.917475985e-06,-4.793689962e-07,-4.314320966e-06,-0.2894457498,-9.539443025e-05,0,0,0,0,0,0
9.24,1,1,5.344964308e-05,3.619235921e-05,-1.917475985e-06,6.759102847e-05,-0.04358806409,-4.841626862e-05,0,0.001047197551,0,0,0,0,-0.04491568937,0.001312486553,0.005439877568,0.001327625285,0.01743074458,0.1058104196,13.01452718,0,-0.212577922,-0.1058104196,0.09932066955,0.226852899,1.043588064,0.001478863018,-14.17859623,-0.226852899,-0.001478863018,-14.30760732,-14.30760732,0.025664513,-0.2861521464,-3.355582973e-06,-0.0001037610171,-4.793689962e-07,-6.711165947e-06,-0.2861521464,-9.731190623e-05,-3.355582973e-06,-0.0001037610171,-4.793689962e-07,-6.711165947e-06,-0.2861521464,-9.731190623e-05,0,0,0,0,0,0
9.25,1,1,5.225122059e-05,3.73907817e-05,-1.677791487e-06,6.711165947e-05,-0.04358902283,-4.865595312e-05,0,0,0.001047197551,0,0,0,-0.04490229257,0.001366867089,0.00543620476,0.001313269749,0.01724081115,0.104586514,13.0146881,0,-0.2125888055,-0.104586514,0.103698992,0.2243837797,1.043589023,0.001460470506,-14.01459287,-0.2243837797,-0.001460470506,-14.13673813,-14.13673813,0.02564187077,-0.2827347626,-9.587379924e-07,-1.438106989e-06,-0.0001056784931,-5.752427955e-06,-0.2827347626,-9.683253724e-05,-9.587379924e-07,-1.438106989e-06,-0.0001056784931,-5.752427955e-06,-0.2827347626,-9.683253724e-05,0,0,0,0,0,0
9.26,1,1,5.201153609e-05,3.691141271e-05,-1.677791487e-06,6.687197497e-05,-0.04358854346,-4.865595312e-05,0,0,0,0,0,0,-0.04488835216,0.001421210151,0.005432382915,0.0012998087,0.01706242812,0.1034356245,13.01460764,0,-0.2125833637,-0.1034356245,0.1058800211,0.2220608073,1.043588543,0.001443120243,-13.86037369,-0.2220608073,-0.001443120243,-13.97799759,-13.97799759,0.0256191829,-0.2795599519,-4.793689962e-07,-4.793689962e-07,-9.587379924e-07,-5.273058958e-06,-0.2795599519,-9.683253724e-05,-4.793689962e-07,-4.793689962e-07,-9.587379924e-07,-5.273058958e-06,-0.2795599519,-9.683253724e-05,0,0,0,0,0,0
9.27,1,1,5.153216709e-05,3.619235921e-05,-1.677791487e-06,6.591323698e-05,-0.04358878314,-4.817658412e-05,0,0,0,0,0,0,-0.0448738685,0.001475514251,0.005428412139,0.00128508536,0.01686753005,0.1021823275,13.01464787,0,-0.2125860846,-0.1021823275,0.1095056215,0.219524964,1.043588783,0.001424370739,-13.69243189,-0.219524964,-0.001424370739,-13.8038756,-13.8038756,0.02559645579,-0.2760775121,4.793689962e-07,9.587379924e-07,-9.587379924e-07,-3.355582973e-06,-0.2760775121,-9.779127523e-05,4.793689962e-07,9.587379924e-07,-9.587379924e-07,-3.355582973e-06,-0.2760775121,-9.779127523e-05,0,0,0,0,0,0
9.28,1,1,5.273058958e-05,3.619235921e-05,-2.157160483e-06,6.615292148e-05,-0.04358878314,-4.841626862e-05,0,0,0,0,0,0,-0.04485884201,0.001529777898,0.00542429254,0.001270058865,0.01666860409,0.1009046657,13.01464787,0,-0.2125860846,-0.1009046657,0.1128944231,0.2169360126,1.043588783,0.001405309266,-13.52122521,-0.2169360126,-0.001405309266,-13.62667211,-13.62667211,0.02557367422,-0.2725334422,-1.917475985e-06,9.587379924e-07,-0,-3.83495197e-06,-0.2725334422,-9.731190623e-05,-1.917475985e-06,9.587379924e-07,-0,-3.83495197e-06,-0.2725334422,-9.731190623e-05,0,0,0,0,0,0
9.29,1,1,5.320995858e-05,3.571299022e-05,-2.157160483e-06,6.519418349e-05,-0.04358878314,-4.841626862e-05,0,0,0,0,0,0,-0.04484327308,0.001583999606,0.005420024231,0.001254489942,0.0164625407,0.09958320801,13.01464787,0,-0.2125860846,-0.09958320801,0.1164026203,0.2142541703,1.043588783,0.001385667395,-13.34414987,-0.2142541703,-0.001385667395,-13.44338709,-13.44338709,0.02555084301,-0.2688677418,-2.876213977e-06,1.917475985e-06,-0,-1.917475985e-06,-0.2688677418,-9.731190623e-05,-2.876213977e-06,1.917475985e-06,-0,-1.917475985e-06,-0.2688677418,-9.731190623e-05,0,0,0,0,0,0
9.3,1,1,5.249090509e-05,3.523362122e-05,-1.198422491e-06,6.639260598e-05,-0.04358878314,-4.841626862e-05,0,0,0,0,0,0,-0.04482716216,0.001638177887,0.00541560733,0.001238379018,0.01624935013,0.09821801983,13.01464787,0,-0.2125860846,-0.09821801983,0.1200728227,0.2114795699,1.043588783,0.001365447759,-13.16121466,-0.2114795699,-0.001365447759,-13.25398685,-13.25398685,0.02552796187,-0.265079737,-1.438106989e-06,2.876213977e-06,-1.917475985e-06,-4.314320966e-06,-0.265079737,-9.731190623e-05,-1.438106989e-06,2.876213977e-06,-1.917475985e-06,-4.314320966e-06,-0.265079737,-9.731190623e-05,0,0,0,0,0,0
9.31,1,1,5.249090509e-05,3.667172821e-05,-1.917475985e-06,6.639260598e-05,-0.04358854346,-4.865595312e-05,0,0,0,0,0,0,-0.04481050968,0.001692311257,0.005411041957,0.001221966218,0.01603216232,0.09682864281,13.01460764,0,-0.2125833637,-0.09682864281,0.123474011,0.2086523021,1.043588543,0.001344922836,-12.97503814,-0.2086523021,-0.001344922836,-13.06156135,-13.06156135,0.02550502939,-0.261231227,-1.438106989e-06,-0,-4.793689962e-07,-4.314320966e-06,-0.261231227,-9.683253724e-05,-1.438106989e-06,-0,-4.793689962e-07,-4.314320966e-06,-0.261231227,-9.683253724e-05,0,0,0,0,0,0
9.32,1,1,5.153216709e-05,3.643204371e-05,-1.198422491e-06,6.639260598e-05,-0.04358830377,-4.793689962e-05,0,0,0,0,0,0,-0.04479331609,0.001746398232,0.005406328237,0.001205012316,0.01580786877,0.09539566362,13.01456741,0,-0.2125806429,-0.09539566362,0.1271172149,0.2057325737,1.043588304,0.001323824925,-12.78301892,-0.2057325737,-0.001323824925,-12.86295811,-12.86295811,0.02548204634,-0.2572591622,4.793689962e-07,4.793689962e-07,-1.917475985e-06,-4.314320966e-06,-0.2572591622,-9.827064422e-05,4.793689962e-07,4.793689962e-07,-1.917475985e-06,-4.314320966e-06,-0.2572591622,-9.827064422e-05,0,0,0,0,0,0
9.33,1,1,5.153216709e-05,3.571299022e-05,-1.438106989e-06,6.639260598e-05,-0.0435878244,-4.865595312e-05,0,0,0,0,0,0,-0.04477558187,0.001800437328,0.005401466301,0.001187757467,0.01557960011,0.09393861868,13.01448695,0,-0.2125752011,-0.09393861868,0.1304873211,0.2027605023,1.043587824,0.001302425935,-12.5877749,-0.2027605023,-0.001302425935,-12.66135051,-12.66135051,0.02545901057,-0.2532270102,4.793689962e-07,1.917475985e-06,-1.438106989e-06,-4.314320966e-06,-0.2532270102,-9.683253724e-05,4.793689962e-07,1.917475985e-06,-1.438106989e-06,-4.314320966e-06,-0.2532270102,-9.683253724e-05,0,0,0,0,0,0
9.34,1,1,5.225122059e-05,3.643204371e-05,-2.157160483e-06,6.711165947e-05,-0.0435878244,-4.769721512e-05,0,0,0,0,0,0,-0.04475730751,0.001854427064,0.00539645628,0.001169483103,0.01533800979,0.09239918606,13.01448695,0,-0.2125752011,-0.09239918606,0.1347756369,0.1996163282,1.043587824,0.001279920791,-12.38149093,-0.1996163282,-0.001279920791,-12.44761154,-12.44761154,0.02543592139,-0.2489522309,-9.587379924e-07,4.793689962e-07,-0,-5.752427955e-06,-0.2489522309,-9.875001322e-05,-9.587379924e-07,4.793689962e-07,-0,-5.752427955e-06,-0.2489522309,-9.875001322e-05,0,0,0,0,0,0
9.35,1,1,5.320995858e-05,3.691141271e-05,-1.198422491e-06,6.591323698e-05,-0.0435878244,-4.793689962e-05,0,0,0,0,0,0,-0.0447384935,0.001908365961,0.005391298313,0.001150669095,0.01508934848,0.09081638099,13.01448695,0,-0.2125752011,-0.09081638099,0.1392219932,0.1963801288,1.043587824,0.001256851456,-12.16939505,-0.1963801288,-0.001256851456,-12.22781004,-12.22781004,0.02541277878,-0.2445562008,-2.876213977e-06,-4.793689962e-07,-1.917475985e-06,-3.355582973e-06,-0.2445562008,-9.827064422e-05,-2.876213977e-06,-4.793689962e-07,-1.917475985e-06,-3.355582973e-06,-0.2445562008,-9.827064422e-05,0,0,0,0,0,0
9.36,1,1,5.297027408e-05,3.643204371e-05,-1.677791487e-06,6.639260598e-05,-0.04358686567,-4.793689962e-05,0,0,0,0,0,0,-0.04471914036,0.001962252538,0.005385992541,0.001132274696,0.01484610585,0.08926808362,13.01432604,0,-0.2125643176,-0.08926808362,0.1421224862,0.1932120619,1.043586866,0.001234294165,-11.96192321,-0.1932120619,-0.001234294165,-12.01424708,-12.01424708,0.0253895808,-0.2402849415,-2.396844981e-06,4.793689962e-07,-9.587379924e-07,-4.314320966e-06,-0.2402849415,-9.827064422e-05,-2.396844981e-06,4.793689962e-07,-9.587379924e-07,-4.314320966e-06,-0.2402849415,-9.827064422e-05,0,0,0,0,0,0
9.37,1,1,5.320995858e-05,3.667172821e-05,-1.677791487e-06,6.639260598e-05,-0.04358710535,-4.817658412e-05,0,0,0,0,0,0,-0.04469924863,0.002016085319,0.005380539109,0.001112143277,0.01458022033,0.08757930318,13.01436626,0,-0.2125670385,-0.08757930318,0.1469201829,0.1897523275,1.043587105,0.001209835463,-11.73562663,-0.1897523275,-0.001209835463,-11.77966861,-11.77966861,0.0253663252,-0.2355933721,-2.876213977e-06,-0,-9.587379924e-07,-4.314320966e-06,-0.2355933721,-9.779127523e-05,-2.876213977e-06,-0,-9.587379924e-07,-4.314320966e-06,-0.2355933721,-9.779127523e-05,0,0,0,0,0,0
9.38,1,1,5.249090509e-05,3.619235921e-05,-1.677791487e-06,6.615292148e-05,-0.04358758472,-4.769721512e-05,0,0,0,0,0,0,-0.04467881884,0.002069862828,0.005374938166,0.001091234121,0.0143041822,0.08582796,13.01444672,0,-0.2125724802,-0.08582796,0.1520982914,0.1861610171,1.043587585,0.001184554161,-11.50094664,-0.1861610171,-0.001184554161,-11.53619392,-11.53619392,0.02534301765,-0.2307238784,-1.438106989e-06,9.587379924e-07,-9.587379924e-07,-3.83495197e-06,-0.2307238784,-9.875001322e-05,-1.438106989e-06,9.587379924e-07,-9.587379924e-07,-3.83495197e-06,-0.2307238784,-9.875001322e-05,0,0,0,0,0,0
9.39,1,1,5.201153609e-05,3.619235921e-05,-2.157160483e-06,6.615292148e-05,-0.04358662598,-4.817658412e-05,0,0,0,0,0,0,-0.04465785156,0.002123583591,0.005369189867,0.001071225579,0.01403984016,0.08415019764,13.01428581,0,-0.2125615967,-0.08415019764,0.155048649,0.1827184926,1.043586626,0.00116032583,-11.27612648,-0.1827184926,-0.00116032583,-11.30495665,-11.30495665,0.02531964903,-0.2260991331,-4.793689962e-07,9.587379924e-07,-0,-3.83495197e-06,-0.2260991331,-9.779127523e-05,-4.793689962e-07,9.587379924e-07,-0,-3.83495197e-06,-0.2260991331,-9.779127523e-05,0,0,0,0,0,0
9.4,1,1,5.201153609e-05,3.619235921e-05,-1.917475985e-06,6.663229047e-05,-0.04358590693,-4.817658412e-05,0,0,0,0,0,0,-0.04463634736,0.002177246135,0.00536329437,0.001050440434,0.01376537226,0.08240999917,13.01416514,0,-0.2125534341,-0.08240999917,0.158527289,0.1791448278,1.043585907,0.001135278175,-11.04293989,-0.1791448278,-0.001135278175,-11.06469271,-11.06469271,0.02529622449,-0.2212938541,-4.793689962e-07,9.587379924e-07,-4.793689962e-07,-4.793689962e-06,-0.2212938541,-9.779127523e-05,-4.793689962e-07,9.587379924e-07,-4.793689962e-07,-4.793689962e-06,-0.2212938541,-9.779127523e-05,0,0,0,0,0,0
9.41,1,1,5.273058958e-05,3.547330572e-05,-1.917475985e-06,6.639260598e-05,-0.04358590693,-4.817658412e-05,0,0,0,0,0,0,-0.04461430684,0.002230848989,0.005357251834,0.001028399908,0.0134745539,0.08056861977,13.01416514,0,-0.2125534341,-0.08056861977,0.1632344919,0.1753600697,1.043585907,0.001108881443,-10.79619505,-0.1753600697,-0.001108881443,-10.80942951,-10.80942951,0.02527274306,-0.2161885902,-1.917475985e-06,2.396844981e-06,-4.793689962e-07,-4.314320966e-06,-0.2161885902,-9.779127523e-05,-1.917475985e-06,2.396844981e-06,-4.793689962e-07,-4.314320966e-06,-0.2161885902,-9.779127523e-05,0,0,0,0,0,0
9.42,1,1,5.249090509e-05,3.595267472e-05,-1.438106989e-06,6.591323698e-05,-0.04358566724,-4.745753063e-05,0,0,0,0,0,0,-0.04459173059,0.002284390682,0.005351062427,0.001006063343,0.01317987653,0.07870387211,13.01412491,0,-0.2125507132,-0.07870387211,0.1675125296,0.1715245595,1.043585667,0.001082207492,-10.54631886,-0.1715245595,-0.001082207492,-10.5514131,-10.5514131,0.02524920392,-0.211028262,-1.438106989e-06,1.438106989e-06,-1.438106989e-06,-3.355582973e-06,-0.211028262,-9.922938222e-05,-1.438106989e-06,1.438106989e-06,-1.438106989e-06,-3.355582973e-06,-0.211028262,-9.922938222e-05,0,0,0,0,0,0
9.43,1,1,5.368932758e-05,3.667172821e-05,-1.917475985e-06,6.615292148e-05,-0.0435847085,-4.769721512e-05,0,0,0,0,0,0,-0.04456861923,0.002337869748,0.005344726318,0.0009839107259,0.01288759315,0.07685465476,13.01396403,0,-0.2125398297,-0.07685465476,0.1706468012,0.1677186736,1.043584709,0.001055790868,-10.29852374,-0.1677186736,-0.001055790868,-10.2966514,-10.2966514,0.02522560811,-0.205933028,-3.83495197e-06,-0,-4.793689962e-07,-3.83495197e-06,-0.205933028,-9.875001322e-05,-3.83495197e-06,-0,-4.793689962e-07,-3.83495197e-06,-0.205933028,-9.875001322e-05,0,0,0,0,0,0
9.44,1,1,5.368932758e-05,3.619235921e-05,-1.677791487e-06,6.519418349e-05,-0.0435847085,-4.817658412e-05,0,0,0,0,0,0,-0.0445449734,0.00239128472,0.00533824368,0.0009602648996,0.01257588378,0.07488516355,13.01396403,0,-0.2125398297,-0.07488516355,0.1753753503,0.1636620992,1.043584709,0.001027770721,-10.03461192,-0.1636620992,-0.001027770721,-10.02392644,-10.02392644,0.0252019555,-0.2004785287,-3.83495197e-06,9.587379924e-07,-9.587379924e-07,-1.917475985e-06,-0.2004785287,-9.779127523e-05,-3.83495197e-06,9.587379924e-07,-9.587379924e-07,-1.917475985e-06,-0.2004785287,-9.779127523e-05,0,0,0,0,0,0
9.45,1,1,5.297027408e-05,3.619235921e-05,-1.438106989e-06,6.591323698e-05,-0.04358446882,-4.769721512e-05,0,0,0,0,0,0,-0.04452079375,0.002444634134,0.005331614692,0.0009363249346,0.01226035991,0.07289256667,13.01392381,0,-0.2125371088,-0.07289256667,0.1797041615,0.1595553898,1.043584469,0.0009994817657,-9.767603934,-0.1595553898,-0.0009994817657,-9.748454644,-9.748454644,0.02517824631,-0.1949690929,-2.396844981e-06,9.587379924e-07,-1.438106989e-06,-3.355582973e-06,-0.1949690929,-9.875001322e-05,-2.396844981e-06,9.587379924e-07,-1.438106989e-06,-3.355582973e-06,-0.1949690929,-9.875001322e-05,0,0,0,0,0,0
9.46,1,1,5.320995858e-05,3.619235921e-05,-2.157160483e-06,6.543386798e-05,-0.04358231166,-4.841626862e-05,0,0,0,0,0,0,-0.04449608095,0.002497916527,0.005324839535,0.0009137692853,0.01196287127,0.07101270083,13.01356186,0,-0.2125126208,-0.07101270083,0.1811282857,0.1556795652,1.043582312,0.0009727830633,-9.515701911,-0.1556795652,-0.0009727830633,-9.491225973,-9.491225973,0.02515448823,-0.1898245195,-2.876213977e-06,9.587379924e-07,-0,-2.396844981e-06,-0.1898245195,-9.731190623e-05,-2.876213977e-06,9.587379924e-07,-0,-2.396844981e-06,-0.1898245195,-9.731190623e-05,0,0,0,0,0,0
9.47,1,1,5.320995858e-05,3.667172821e-05,-2.396844981e-06,6.567355248e-05,-0.04358255134,-4.913532211e-05,0,0.001047197551,0,0,0,-0.001047197551,-0.04447083565,0.002551130438,0.005317918395,0.0008882843083,0.01162728826,0.06889653471,13.01360207,0,-0.2125153417,-0.06889653471,0.1865802877,0.1513129026,1.043582551,0.0009429014301,-9.232135652,-0.1513129026,-0.0009429014301,-9.197811168,-9.197811168,0.0251306716,-0.1839562234,-2.876213977e-06,-0.0001047197551,4.793689962e-07,-2.876213977e-06,-0.1839562234,8.845955877e-06,-2.876213977e-06,-0.0001047197551,4.793689962e-07,-2.876213977e-06,-0.1839562234,8.845955877e-06,0,0,0,0,0,0
9.48,1,1,5.249090509e-05,3.619235921e-05,-1.677791487e-06,6.639260598e-05,-0.04358279103,-4.865595312e-05,0,0,0,0,0,0,-0.04444505857,0.002604274409,0.005310851461,0.0008622675407,0.01128481887,0.0667381733,13.01364229,0,-0.2125180626,-0.0667381733,0.1918792479,0.146856596,1.043582791,0.0009124956957,-8.942915222,-0.146856596,-0.0009124956957,-8.898805066,-8.898805066,0.02510679943,-0.1779761013,-1.438106989e-06,9.587379924e-07,-9.587379924e-07,-4.314320966e-06,-0.1779761013,-9.683253724e-05,-1.438106989e-06,9.587379924e-07,-9.587379924e-07,-4.314320966e-06,-0.1779761013,-9.683253724e-05,0,0,0,0,0,0
9.49,1,1,5.153216709e-05,3.619235921e-05,-2.396844981e-06,6.615292148e-05,-0.04358303071,-4.769721512e-05,0,0,0,0,0,0,-0.0444187504,0.002657346982,0.005303638928,0.0008357196891,0.01093547951,0.06453772019,13.0136825,0,-0.2125207835,-0.06453772019,0.1970436709,0.1423108583,1.043583031,0.0008815691484,-8.648054505,-0.1423108583,-0.0008815691484,-8.594203262,-8.594203262,0.02508287268,-0.1718840652,4.793689962e-07,9.587379924e-07,4.793689962e-07,-3.83495197e-06,-0.1718840652,-9.875001322e-05,4.793689962e-07,9.587379924e-07,4.793689962e-07,-3.83495197e-06,-0.1718840652,-9.875001322e-05,0,0,0,0,0,0
9.5,1,1,5.297027408e-05,3.571299022e-05,-1.917475985e-06,6.783071296e-05,-0.04358231166,-4.817658412e-05,0,0,0,0,0,0,-0.04439191187,0.002710346703,0.005296280992,0.0008096002129,0.01059176357,0.06237275039,13.01356186,0,-0.2125126208,-0.06237275039,0.2006179883,0.1378365704,1.043582312,0.0008511807691,-8.357948552,-0.1378365704,-0.0008511807691,-8.296018315,-8.296018315,0.02505889341,-0.1659203663,-2.396844981e-06,1.917475985e-06,-4.793689962e-07,-7.190534943e-06,-0.1659203663,-9.779127523e-05,-2.396844981e-06,1.917475985e-06,-4.793689962e-07,-7.190534943e-06,-0.1659203663,-9.779127523e-05,0,0,0,0,0,0
9.51,1,1,5.273058958e-05,3.547330572e-05,-1.917475985e-06,6.615292148e-05,-0.04358183229,-4.889563761e-05,0,0,0,0,0,0,-0.04436454372,0.002763272118,0.005288777857,0.0007827114252,0.01023809218,0.06014648547,13.01348143,0,-0.212507179,-0.06014648547,0.2046876079,0.1332332225,1.043581832,0.0008200120534,-8.059629054,-0.1332332225,-0.0008200120534,-7.98899468,-7.98899468,0.02503486384,-0.1597798936,-1.917475985e-06,2.396844981e-06,-4.793689962e-07,-3.83495197e-06,-0.1597798936,-9.635316824e-05,-1.917475985e-06,2.396844981e-06,-4.793689962e-07,-3.83495197e-06,-0.1597798936,-9.635316824e-05,0,0,0,0,0,0
9.52,1,1,5.344964308e-05,3.571299022e-05,-1.677791487e-06,6.663229047e-05,-0.04358135292,-4.841626862e-05,0,0,0,0,0,0,-0.04433664668,0.002816121776,0.005281129727,0.000755293761,0.009877601834,0.05787840761,13.01340101,0,-0.2125017372,-0.05787840761,0.2087906114,0.1285411936,1.043581353,0.000788330571,-7.75570662,-0.1285411936,-0.000788330571,-7.676245533,-7.676245533,0.02501078492,-0.1535249107,-3.355582973e-06,1.917475985e-06,-9.587379924e-07,-4.793689962e-06,-0.1535249107,-9.731190623e-05,-3.355582973e-06,1.917475985e-06,-9.587379924e-07,-4.793689962e-06,-0.1535249107,-9.731190623e-05,0,0,0,0,0,0
9.53,1,1,5.344964308e-05,3.523362122e-05,-1.438106989e-06,6.615292148e-05,-0.04358111324,-4.745753063e-05,0,0,0,0,0,0,-0.04430822154,0.00286889423,0.005273336812,0.0007271083006,0.009507191045,0.05554928013,13.01336079,0,-0.2124990162,-0.05554928013,0.2132431684,0.1237205072,1.043581113,0.0007558767675,-7.443603538,-0.1237205072,-0.0007558767675,-7.354836753,-7.354836753,0.02498665756,-0.1470967351,-3.355582973e-06,2.876213977e-06,-1.438106989e-06,-3.83495197e-06,-0.1470967351,-9.922938222e-05,-3.355582973e-06,2.876213977e-06,-1.438106989e-06,-3.83495197e-06,-0.1470967351,-9.922938222e-05,0,0,0,0,0,0
9.54,1,1,5.344964308e-05,3.571299022e-05,-1.677791487e-06,6.567355248e-05,-0.04358063387,-4.793689962e-05,0,0,0,0,0,0,-0.04427926906,0.002921588031,0.005265399326,0.0006986351921,0.009133115928,0.05319791471,13.01328037,0,-0.2124935744,-0.05319791471,0.2172795544,0.1188517983,1.043580634,0.0007231801883,-7.128520571,-0.1188517983,-0.0007231801883,-7.030815995,-7.030815995,0.02496248365,-0.1406163199,-3.355582973e-06,1.917475985e-06,-9.587379924e-07,-2.876213977e-06,-0.1406163199,-9.827064422e-05,-3.355582973e-06,1.917475985e-06,-9.587379924e-07,-2.876213977e-06,-0.1406163199,-9.827064422e-05,0,0,0,0,0,0
9.55,1,1,5.225122059e-05,3.667172821e-05,-1.917475985e-06,6.639260598e-05,-0.04358063387,-4.817658412e-05,0,0,0,0,0,0,-0.04424979004,0.002974201735,0.005257317486,0.0006691561759,0.008746037421,0.05076640773,13.01328037,0,-0.2124935744,-0.05076640773,0.2220465934,0.1138146371,1.043580634,0.0006894565478,-6.802698636,-0.1138146371,-0.0006894565478,-6.695156137,-6.695156137,0.02493826472,-0.1339031227,-9.587379924e-07,-0,-4.793689962e-07,-4.314320966e-06,-0.1339031227,-9.779127523e-05,-9.587379924e-07,-0,-4.793689962e-07,-4.314320966e-06,-0.1339031227,-9.779127523e-05,0,0,0,0,0,0
9.56,1,1,5.177185159e-05,3.715109721e-05,-1.917475985e-06,6.543386798e-05,-0.04357967513,-4.841626862e-05,0,0,0,0,0,0,-0.0442197853,0.0030267339,0.005249091515,0.0006401101672,0.008364688438,0.04837086436,13.01311954,0,-0.2124826908,-0.04837086436,0.2253590443,0.1088506906,1.043579675,0.000656282657,-6.481695824,-0.1088506906,-0.000656282657,-6.365843753,-6.365843753,0.024914004,-0.1273168751,-0,-9.587379924e-07,-4.793689962e-07,-2.396844981e-06,-0.1273168751,-9.731190623e-05,-0,-9.587379924e-07,-4.793689962e-07,-2.396844981e-06,-0.1273168751,-9.731190623e-05,0,0,0,0,0,0
9.57,1,1,5.177185159e-05,3.691141271e-05,-1.917475985e-06,6.615292148e-05,-0.04357775765,-4.865595312e-05,0,0,0,0,0,0,-0.04418925564,0.003079183086,0.005240721636,0.0006114979885,0.007989087289,0.04601131172,13.01279791,0,-0.2124609235,-0.04601131172,0.2274087861,0.1039603784,1.043577758,0.0006236578955,-6.16551577,-0.1039603784,-0.0006236578955,-6.042691021,-6.042691021,0.02488970514,-0.1208538204,-0,-4.793689962e-07,-4.793689962e-07,-3.83495197e-06,-0.1208538204,-9.683253724e-05,-0,-4.793689962e-07,-4.793689962e-07,-3.83495197e-06,-0.1208538204,-9.683253724e-05,0,0,0,0,0,0
9.58,1,1,5.153216709e-05,3.691141271e-05,-1.917475985e-06,6.639260598e-05,-0.04357751797,-4.793689962e-05,0,0,0,0,0,0,-0.04415820192,0.003131547854,0.005232208081,0.0005806839474,0.007584944164,0.04347537514,13.01275771,0,-0.2124582025,-0.04347537514,0.232236318,0.09870104062,1.043577518,0.0005887083671,-5.825700269,-0.09870104062,-0.0005887083671,-5.6927537,-5.6927537,0.02486536875,-0.113855074,4.793689962e-07,-4.793689962e-07,-4.793689962e-07,-4.314320966e-06,-0.113855074,-9.827064422e-05,4.793689962e-07,-4.793689962e-07,-4.793689962e-07,-4.314320966e-06,-0.113855074,-9.827064422e-05,0,0,0,0,0,0
9.59,1,1,5.177185159e-05,3.619235921e-05,-1.677791487e-06,6.591323698e-05,-0.0435770386,-4.721784613e-05,0,0,0,0,0,0,-0.04412662497,0.003183826769,0.005223551082,0.0005495863711,0.007177230404,0.04091774729,13.01267731,0,-0.2124527607,-0.04091774729,0.2365889608,0.0933949832,1.043577039,0.0005535315768,-5.482978137,-0.0933949832,-0.0005535315768,-5.340337691,-5.340337691,0.02484099664,-0.1068067538,-0,9.587379924e-07,-9.587379924e-07,-3.355582973e-06,-0.1068067538,-9.970875121e-05,-0,9.587379924e-07,-9.587379924e-07,-3.355582973e-06,-0.1068067538,-9.970875121e-05,0,0,0,0,0,0
9.6,1,1,5.344964308e-05,3.643204371e-05,-1.438106989e-06,6.543386798e-05,-0.04357631955,-4.961469111e-05,0,0,0,0,0,-0.001047197551,-0.04409452567,0.003236018398,0.005214750877,0.0005182061254,0.006765965565,0.03833852639,13.01255671,0,-0.2124445979,-0.03833852639,0.2404802934,0.0880425106,1.04357632,0.0005181299709,-5.137362536,-0.0880425106,-0.0005181299709,-4.985442883,-4.985442883,0.02481659148,-0.09970885766,-3.355582973e-06,4.793689962e-07,-1.438106989e-06,-2.396844981e-06,-0.09970885766,9.804693869e-06,-3.355582973e-06,4.793689962e-07,-1.438106989e-06,-2.396844981e-06,-0.09970885766,9.804693869e-06,0,0,0,0,0,0
9.61,1,1,5.320995858e-05,3.619235921e-05,-1.438106989e-06,6.663229047e-05,-0.04357536081,-4.985437561e-05,0,0,0,0,0,0,-0.0440619049,0.00328812131,0.005205807707,0.0004865440904,0.006351169446,0.03573781175,13.01239592,0,-0.2124337142,-0.03573781175,0.2440409995,0.0826439314,1.043575361,0.0004825060095,-4.788866774,-0.0826439314,-0.0004825060095,-4.627952212,-4.627952212,0.02479215678,-0.09255904425,-2.876213977e-06,9.587379924e-07,-1.438106989e-06,-4.793689962e-06,-0.09255904425,-9.443569225e-05,-2.876213977e-06,9.587379924e-07,-1.438106989e-06,-4.793689962e-06,-0.09255904425,-9.443569225e-05,0,0,0,0,0,0
9.62,1,1,5.201153609e-05,3.595267472e-05,-1.917475985e-06,6.687197497e-05,-0.04357440207,-4.817658412e-05,0,0,0,0,0,0,-0.04402876355,0.003340134076,0.005196721817,0.0004543614757,0.005929743264,0.03309642675,13.01223515,0,-0.2124228304,-0.03309642675,0.2477723518,0.07715921371,1.043574402,0.0004464023442,-4.434921185,-0.07715921371,-0.0004464023442,-4.264754449,-4.264754449,0.0247676961,-0.08529508898,-4.793689962e-07,1.438106989e-06,-4.793689962e-07,-5.273058958e-06,-0.08529508898,-9.779127523e-05,-4.793689962e-07,1.438106989e-06,-4.793689962e-07,-5.273058958e-06,-0.08529508898,-9.779127523e-05,0,0,0,0,0,0
9.63,1,1,5.129248259e-05,3.643204371e-05,-2.396844981e-06,6.639260598e-05,-0.04357368302,-4.745753063e-05,0,0,0,0,0,0,-0.04399510252,0.003392055271,0.005187493456,0.0004214195055,0.00549858865,0.03039522888,13.01211457,0,-0.2124146676,-0.03039522888,0.251876311,0.07154826549,1.043573683,0.0004095630048,-4.072960669,-0.07154826549,-0.0004095630048,-3.893042187,-3.893042187,0.02474321172,-0.07786084374,9.587379924e-07,4.793689962e-07,4.793689962e-07,-4.314320966e-06,-0.07786084374,-9.922938222e-05,9.587379924e-07,4.793689962e-07,4.793689962e-07,-4.314320966e-06,-0.07786084374,-9.922938222e-05,0,0,0,0,0,0
9.64,1,1,5.153216709e-05,3.691141271e-05,-2.157160483e-06,6.663229047e-05,-0.04357200523,-4.841626862e-05,0,0,0,0,0,0,-0.04396092275,0.003443883472,0.005178122878,0.0003889175252,0.005073320179,0.0277306726,13.01183325,0,-0.212395621,-0.0277306726,0.2544655219,0.0660131962,1.043572005,0.0003732880316,-3.715910129,-0.0660131962,-0.0003732880316,-3.527831091,-3.527831091,0.02471870723,-0.07055662182,4.793689962e-07,-4.793689962e-07,-0,-4.793689962e-06,-0.07055662182,-9.731190623e-05,4.793689962e-07,-4.793689962e-07,-0,-4.793689962e-06,-0.07055662182,-9.731190623e-05,0,0,0,0,0,0
9.65,1,1,5.201153609e-05,3.667172821e-05,-1.917475985e-06,6.591323698e-05,-0.04357056712,-4.865595312e-05,0,0,0,0,0,0,-0.04392622517,0.003495617256,0.005168610338,0.0003556580493,0.004638364736,0.02500652669,13.01159214,0,-0.2123792953,-0.02500652669,0.257693053,0.06035251016,1.043570567,0.0003362829987,-3.350874576,-0.06035251016,-0.0003362829987,-3.153870317,-3.153870317,0.02469418841,-0.06307740633,-4.793689962e-07,-0,-4.793689962e-07,-3.355582973e-06,-0.06307740633,-9.683253724e-05,-4.793689962e-07,-0,-4.793689962e-07,-3.355582973e-06,-0.06307740633,-9.683253724e-05,0,0,0,0,0,0
9.66,1,1,5.153216709e-05,3.595267472e-05,-1.438106989e-06,6.615292148e-05,-0.0435693687,-4.865595312e-05,0,0,0,0,0,0,-0.04389101073,0.003547255206,0.005158956099,0.000321642029,0.004193743713,0.02222294662,13.01139124,0,-0.2123656905,-0.02222294662,0.2615360616,0.05456644021,1.043569369,0.000298552407,-2.977874847,-0.05456644021,-0.000298552407,-2.771203778,-2.771203778,0.02466965571,-0.05542407556,4.793689962e-07,1.438106989e-06,-1.438106989e-06,-3.83495197e-06,-0.05542407556,-9.683253724e-05,4.793689962e-07,1.438106989e-06,-1.438106989e-06,-3.83495197e-06,-0.05542407556,-9.683253724e-05,0,0,0,0,0,0
9.67,1,1,5.273058958e-05,3.643204371e-05,-1.677791487e-06,6.663229047e-05,-0.0435693687,-4.865595312e-05,0,0,0,-0.001047197551,0,0,-0.04385528039,0.003598795906,0.005149160424,0.0002859116918,0.003727004291,0.01930315241,13.01139124,0,-0.2123656905,-0.01930315241,0.2671744203,0.04849351098,1.043569369,0.0002590687089,-2.586622423,-0.04849351098,-0.0002590687089,-2.368200583,-2.368200583,0.02464511323,-0.04736401165,-1.917475985e-06,4.793689962e-07,-9.587379924e-07,9.992606516e-05,-0.04736401165,-9.683253724e-05,-1.917475985e-06,4.793689962e-07,-9.587379924e-07,9.992606516e-05,-0.04736401165,-9.683253724e-05,0,0,0,0,0,0
9.68,1,1,5.225122059e-05,3.643204371e-05,-1.438106989e-06,6.639260598e-05,-0.04356864964,-4.889563761e-05,0,0,0,0,0,0,-0.04381903514,0.003650237944,0.005139223583,0.0002503854933,0.003263117309,0.01640121623,13.01127071,0,-0.2123575276,-0.01640121623,0.2714450911,0.04245730265,1.04356865,0.0002199021226,-2.197762975,-0.04245730265,-0.0002199021226,-1.968995089,-1.968995089,0.02462056486,-0.03937990178,-9.587379924e-07,4.793689962e-07,-1.438106989e-06,-4.314320966e-06,-0.03937990178,-9.635316824e-05,-9.587379924e-07,4.793689962e-07,-1.438106989e-06,-4.314320966e-06,-0.03937990178,-9.635316824e-05,0,0,0,0,0,0
9.69,1,1,5.273058958e-05,3.619235921e-05,-1.198422491e-06,6.639260598e-05,-0.04356793059,-4.841626862e-05,0,0,0,0,0,0,-0.04378227596,0.003701579908,0.005129145846,0.0002143453735,0.00279274882,0.01345954417,13.01115018,0,-0.2123493647,-0.01345954417,0.2756450697,0.0363368743,1.043567931,0.0001802809764,-1.803578918,-0.0363368743,-0.0001802809764,-1.564451004,-1.564451004,0.02459601514,-0.03128902008,-1.917475985e-06,9.587379924e-07,-1.917475985e-06,-4.314320966e-06,-0.03128902008,-9.731190623e-05,-1.917475985e-06,9.587379924e-07,-1.917475985e-06,-4.314320966e-06,-0.03128902008,-9.731190623e-05,0,0,0,0,0,0
9.7,1,1,5.249090509e-05,3.619235921e-05,-1.438106989e-06,6.591323698e-05,-0.04356793059,-4.793689962e-05,0,0,0,0,0,0,-0.04374500388,0.003752820392,0.005118927492,0.0001770732869,0.002306565383,0.01042065262,13.01115018,0,-0.2123493647,-0.01042065262,0.2808526752,0.03001106859,1.043567931,0.0001394379086,-1.396367451,-0.03001106859,-0.0001394379086,-1.145665282,-1.145665282,0.02457146828,-0.02291330565,-1.438106989e-06,9.587379924e-07,-1.438106989e-06,-3.355582973e-06,-0.02291330565,-9.827064422e-05,-1.438106989e-06,9.587379924e-07,-1.438106989e-06,-3.355582973e-06,-0.02291330565,-9.827064422e-05,0,0,0,0,0,0
9.71,1,1,5.297027408e-05,3.691141271e-05,-2.157160483e-06,6.663229047e-05,-0.04356745122,-4.817658412e-05,0,0,0,0,0,0,-0.0437072199,0.00380395799,0.0051085688,0.0001397686776,0.001820182354,0.007380753126,13.01106983,0,-0.2123439227,-0.007380753126,0.2850352251,0.0236825197,1.043567451,9.866254238e-05,-0.9890209188,-0.0236825197,-9.866254238e-05,-0.7277668759,-0.7277668759,0.02454692883,-0.01455533752,-2.396844981e-06,-4.793689962e-07,-0,-4.793689962e-06,-0.01455533752,-9.779127523e-05,-2.396844981e-06,-4.793689962e-07,-0,-4.793689962e-06,-0.01455533752,-9.779127523e-05,0,0,0,0,0,0
9.72,1,1,5.177185159e-05,3.691141271e-05,-1.677791487e-06,6.663229047e-05,-0.04356673217,-4.817658412e-05,0,0,0,0,0,0,-0.04366892506,0.003854991301,0.005098070054,0.0001021928972,0.001330503817,0.004320742037,13.01094931,0,-0.2123357598,-0.004320742037,0.2888525385,0.01731111772,1.043566732,5.76999217e-05,-0.5789794329,-0.01731111772,-5.76999217e-05,-0.3074957121,-0.3074957121,0.02452240197,-0.006149914242,-0,-4.793689962e-07,-9.587379924e-07,-4.793689962e-06,-0.006149914242,-9.779127523e-05,-0,-4.793689962e-07,-9.587379924e-07,-4.793689962e-06,-0.006149914242,-9.779127523e-05,0,0,0,0,0,0
9.73,1,1,5.201153609e-05,3.715109721e-05,-1.438106989e-06,6.639260598e-05,-0.04356505438,-4.793689962e-05,0,0,0,0,0,0,-0.04363012042,0.003905918926,0.005087431542,6.506604889e-05,0.0008469080539,0.001298268944,13.01066812,0,-0.2123167129,-0.001298268944,0.2913472075,0.01101883962,1.043565054,1.731992023e-05,-0.1739680384,-0.01101883962,-1.731992023e-05,0.1063430095,0.1063430095,0.02449789274,0.00212686019,-4.793689962e-07,-9.587379924e-07,-1.438106989e-06,-4.314320966e-06,0.00212686019,-9.827064422e-05,-4.793689962e-07,-9.587379924e-07,-1.438106989e-06,-4.314320966e-06,0.00212686019,-9.827064422e-05,0,0,0,0,0,0
9.74,1,1,5.249090509e-05,3.667172821e-05,-2.157160483e-06,6.639260598e-05,-0.04356385595,-4.841626862e-05,0,0,0,0,0,0,-0.04359080704,0.003956739467,0.005076653555,2.69510896e-05,0.0003507071768,-0.001801652504,13.01046729,0,-0.212303108,0.001801652504,0.2947406458,0.00456286425,1.043563856,-2.401136994e-05,0.2414214356,-0.00456286425,2.401136994e-05,0.5316232286,0.5316232286,0.02447340613,0.01063246457,-1.438106989e-06,-0,-0,-4.314320966e-06,0.01063246457,-9.731190623e-05,-1.438106989e-06,-0,-0,-4.314320966e-06,0.01063246457,-9.731190623e-05,0,0,0,0,0,0
9.75,1,1,5.249090509e-05,3.595267472e-05,-1.917475985e-06,6.615292148e-05,-0.04356289722,-4.841626862e-05,0,0,0,0,0,0,-0.043550986,0.004007451533,0.005065736389,-1.191121838e-05,-0.0001549567253,-0.004959661439,13.01030663,0,-0.212292224,0.004959661439,0.2986337103,-0.002016034511,1.043562897,-6.603328154e-05,0.6645946329,0.002016034511,6.603328154e-05,0.965310411,0.965310411,0.02444894734,0.01930620822,-1.438106989e-06,1.438106989e-06,-4.793689962e-07,-3.83495197e-06,0.01930620822,-9.731190623e-05,-1.438106989e-06,1.438106989e-06,-4.793689962e-07,-3.83495197e-06,0.01930620822,-9.731190623e-05,0,0,0,0,0,0
9.76,1,1,5.129248259e-05,3.643204371e-05,-1.438106989e-06,6.687197497e-05,-0.04356145911,-4.913532211e-05,0,0,0,0,0,0,-0.04351065838,0.004058053732,0.005054680343,-5.080072985e-05,-0.0006607049039,-0.008118133996,13.01006567,0,-0.212275898,0.008118133996,0.30177365,-0.008595814191,1.043561459,-0.0001079771231,1.087829955,0.008595814191,0.0001079771231,1.398307397,1.398307397,0.02442452183,0.02796614794,9.587379924e-07,4.793689962e-07,-1.438106989e-06,-5.273058958e-06,0.02796614794,-9.587379924e-05,9.587379924e-07,4.793689962e-07,-1.438106989e-06,-5.273058958e-06,0.02796614794,-9.587379924e-05,0,0,0,0,0,0
9.77,1,1,5.201153609e-05,3.715109721e-05,-4.793689962e-07,6.663229047e-05,-0.04355906226,-4.793689962e-05,0,0,0,0,0,0,-0.04346982529,0.004108544678,0.005043485721,-8.923697021e-05,-0.001160277374,-0.01123870218,13.00966413,0,-0.2122486879,0.01123870218,0.3036865656,-0.01509481893,1.043559062,-0.0001493330141,1.505986093,0.01509481893,0.0001493330141,1.82491681,1.82491681,0.02440013479,0.0364983362,-4.793689962e-07,-9.587379924e-07,-3.355582973e-06,-4.793689962e-06,0.0364983362,-9.827064422e-05,-4.793689962e-07,-9.587379924e-07,-3.355582973e-06,-4.793689962e-06,0.0364983362,-9.827064422e-05,0,0,0,0,0,0
9.78,1,1,5.273058958e-05,3.715109721e-05,-1.438106989e-06,6.543386798e-05,-0.04355786384,-4.865595312e-05,0,0,0,0,0,0,-0.04342848786,0.004158922986,0.005032152829,-0.0001293759805,-0.001681714296,-0.01449350783,13.00946337,0,-0.2122350828,0.01449350783,0.3077261395,-0.02187820055,1.043557864,-0.0001923882962,1.942130049,0.02187820055,0.0001923882962,2.271926778,2.271926778,0.02437579197,0.04543853556,-1.917475985e-06,-9.587379924e-07,-1.438106989e-06,-2.396844981e-06,0.04543853556,-9.683253724e-05,-1.917475985e-06,-9.587379924e-07,-1.438106989e-06,-2.396844981e-06,0.04543853556,-9.683253724e-05,0,0,0,0,0,0
9.79,1,1,5.273058958e-05,3.667172821e-05,-1.198422491e-06,6.543386798e-05,-0.043555467,-4.793689962e-05,0,0,0,0,0,0,-0.04338664721,0.004209187274,0.005020681978,-0.0001688197824,-0.002193809436,-0.01769105207,13.00906192,0,-0.2122078726,0.01769105207,0.3099564542,-0.0285394028,1.043555467,-0.000234597678,2.370600978,0.0285394028,0.000234597678,2.709331433,2.709331433,0.02435149838,0.05418662865,-1.917475985e-06,-0,-1.917475985e-06,-2.396844981e-06,0.05418662865,-9.827064422e-05,-1.917475985e-06,-0,-1.917475985e-06,-2.396844981e-06,0.05418662865,-9.827064422e-05,0,0,0,0,0,0
9.8,1,1,5.249090509e-05,3.691141271e-05,-1.198422491e-06,6.639260598e-05,-0.04355163204,-4.793689962e-05,0,-0.001047197551,0,0,0,0,-0.0433443045,0.004259336166,0.005009073483,-0.0002073275444,-0.002693421772,-0.02081222322,13.00841973,0,-0.2121643359,0.02081222322,0.3104005732,-0.03503716093,1.043551632,-0.00027571016,2.788837912,0.03503716093,0.00027571016,3.134551356,3.134551356,0.02432725942,0.06269102712,-1.438106989e-06,0.0001042403861,-1.917475985e-06,-4.314320966e-06,0.06269102712,-9.827064422e-05,-1.438106989e-06,0.0001042403861,-1.917475985e-06,-4.314320966e-06,0.06269102712,-9.827064422e-05,0,0,0,0,0,0
9.81,1,1,5.225122059e-05,3.595267472e-05,-1.917475985e-06,6.663229047e-05,-0.04354731772,-4.793689962e-05,0,0,0,0,0,0,-0.04330146088,0.004309368286,0.004997327661,-0.0002458568435,-0.003193000215,-0.02393345031,13.00769746,0,-0.2121153568,0.02393345031,0.3108181694,-0.0415335808,1.043547318,-0.0003167408647,3.207082341,0.0415335808,0.0003167408647,3.559750832,3.559750832,0.02430308111,0.07119501664,-9.587379924e-07,1.438106989e-06,-4.793689962e-07,-4.793689962e-06,0.07119501664,-9.827064422e-05,-9.587379924e-07,1.438106989e-06,-4.793689962e-07,-4.793689962e-06,0.07119501664,-9.827064422e-05,0,0,0,0,0,0
9.82,1,1,5.153216709e-05,3.595267472e-05,-1.438106989e-06,6.639260598e-05,-0.04354492088,-4.841626862e-05,0,0,0,0,0,0,-0.04325811753,0.004359282263,0.004985444835,-0.0002868033503,-0.003723696829,-0.02724555243,13.00729629,0,-0.212088146,0.02724555243,0.3145717777,-0.04843522796,1.043544921,-0.0003602145421,3.650904025,0.04843522796,0.0003602145421,4.014271246,4.014271246,0.02427896963,0.08028542491,4.793689962e-07,1.438106989e-06,-1.438106989e-06,-4.314320966e-06,0.08028542491,-9.731190623e-05,4.793689962e-07,1.438106989e-06,-1.438106989e-06,-4.314320966e-06,0.08028542491,-9.731190623e-05,0,0,0,0,0,0
9.83,1,1,5.153216709e-05,3.643204371e-05,-1.677791487e-06,6.639260598e-05,-0.04354108593,-4.793689962e-05,0,0,0,0,0,0,-0.04321427563,0.004409076727,0.004973425331,-0.0003268102935,-0.004241838281,-0.03048100671,13.00665455,0,-0.2120446085,0.03048100671,0.3160278457,-0.05517212519,1.043541086,-0.0004025885822,4.084454899,0.05517212519,0.0004025885822,4.456057458,4.456057458,0.02425493186,0.08912114916,4.793689962e-07,4.793689962e-07,-9.587379924e-07,-4.314320966e-06,0.08912114916,-9.827064422e-05,4.793689962e-07,4.793689962e-07,-9.587379924e-07,-4.314320966e-06,0.08912114916,-9.827064422e-05,0,0,0,0,0,0
9.84,1,1,5.225122059e-05,3.595267472e-05,-1.917475985e-06,6.615292148e-05,-0.04353797003,-4.793689962e-05,0,0,0,0,0,0,-0.0431699364,0.004458750315,0.004961269477,-0.0003680336315,-0.004775457888,-0.03381147741,13.00613326,0,-0.212009234,0.03381147741,0.3191354076,-0.06211024168,1.04353797,-0.00044613303,4.530737972,0.06211024168,0.00044613303,4.912429755,4.912429755,0.02423097225,0.09824859509,-9.587379924e-07,1.438106989e-06,-4.793689962e-07,-3.83495197e-06,0.09824859509,-9.827064422e-05,-9.587379924e-07,1.438106989e-06,-4.793689962e-07,-3.83495197e-06,0.09824859509,-9.827064422e-05,0,0,0,0,0,0
9.85,1,1,5.273058958e-05,3.691141271e-05,-1.917475985e-06,6.615292148e-05,-0.04353629224,-4.793689962e-05,0,0,0,0,0,0,-0.04312510103,0.004508301664,0.004948977608,-0.0004111912023,-0.005333880809,-0.03729389753,13.00585261,0,-0.2119901862,0.03729389753,0.3244327352,-0.06937166764,1.043536292,-0.0004915960765,4.997382268,0.06937166764,0.0004915960765,5.391678267,5.391678267,0.02420709993,0.1078335653,-1.917475985e-06,-4.793689962e-07,-4.793689962e-07,-3.83495197e-06,0.1078335653,-9.827064422e-05,-1.917475985e-06,-4.793689962e-07,-4.793689962e-07,-3.83495197e-06,0.1078335653,-9.827064422e-05,0,0,0,0,0,0
9.86,1,1,5.225122059e-05,3.691141271e-05,-1.677791487e-06,6.591323698e-05,-0.04353365571,-4.769721512e-05,0,0,0,0,0,0,-0.04307977077,0.004557729415,0.00493655006,-0.0004538849318,-0.00588590762,-0.04073742733,13.00541165,0,-0.2119602537,0.04073742733,0.328062316,-0.07654865154,1.043533656,-0.0005364572289,5.458815262,0.07654865154,0.0005364572289,5.863962687,5.863962687,0.02418332196,0.1172792537,-9.587379924e-07,-4.793689962e-07,-9.587379924e-07,-3.355582973e-06,0.1172792537,-9.875001322e-05,-9.587379924e-07,-4.793689962e-07,-9.587379924e-07,-3.355582973e-06,0.1172792537,-9.875001322e-05,0,0,0,0,0,0
9.87,1,1,5.225122059e-05,3.691141271e-05,-1.677791487e-06,6.615292148e-05,-0.04352886202,-4.841626862e-05,0,0,0,0,0,0,-0.04303394686,0.004607032214,0.004923987174,-0.0004949151547,-0.006415928483,-0.04404684204,13.00461011,0,-0.2119058306,0.04404684204,0.3286293442,-0.08343664838,1.043528862,-0.0005794643139,5.902276833,0.08343664838,0.0005794643139,6.31492229,6.31492229,0.02415964237,0.1262984458,-9.587379924e-07,-4.793689962e-07,-9.587379924e-07,-3.83495197e-06,0.1262984458,-9.731190623e-05,-9.587379924e-07,-4.793689962e-07,-9.587379924e-07,-3.83495197e-06,0.1262984458,-9.731190623e-05,0,0,0,0,0,0
9.88,1,1,5.225122059e-05,3.595267472e-05,-2.157160483e-06,6.567355248e-05,-0.04352550643,-4.865595312e-05,0,0,0,0,0,0,-0.04298763055,0.004656208708,0.004911289295,-0.0005378758821,-0.006970674379,-0.04750769327,13.00404918,0,-0.2118677342,0.04750769327,0.3317505819,-0.09064699241,1.043525506,-0.0006243798847,6.366030898,0.09064699241,0.0006243798847,6.789052852,6.789052852,0.02413606637,0.135781057,-9.587379924e-07,1.438106989e-06,-0,-2.876213977e-06,0.135781057,-9.683253724e-05,-9.587379924e-07,1.438106989e-06,-0,-2.876213977e-06,0.135781057,-9.683253724e-05,0,0,0,0,0,0
9.89,1,1,5.129248259e-05,3.667172821e-05,-2.396844981e-06,6.591323698e-05,-0.04352263022,-4.769721512e-05,0,0,0,0,0,0,-0.04294082311,0.004705257551,0.00489845677,-0.0005818071064,-0.007537649448,-0.05104356107,13.00356848,0,-0.2118350799,0.05104356107,0.3357772872,-0.09801634077,1.04352263,-0.0006701947624,6.839837183,0.09801634077,0.0006701947624,7.274301006,7.274301006,0.02411260668,0.1454860201,9.587379924e-07,-0,4.793689962e-07,-3.355582973e-06,0.1454860201,-9.875001322e-05,9.587379924e-07,-0,4.793689962e-07,-3.355582973e-06,0.1454860201,-9.875001322e-05,0,0,0,0,0,0
9.9,1,1,5.225122059e-05,3.619235921e-05,-2.157160483e-06,6.495449899e-05,-0.04351496032,-4.697816163e-05,0,0,0,0,0,0,-0.04289352583,0.004754177396,0.004885489951,-0.0006214344852,-0.008048262317,-0.05423606338,13.00228707,0,-0.2117480011,0.05423606338,0.3326952378,-0.1046458171,1.04351496,-0.0007114116864,7.267632494,0.1046458171,0.0007114116864,7.70568496,7.70568496,0.02408926137,0.1541136992,-9.587379924e-07,9.587379924e-07,-0,-1.438106989e-06,0.1541136992,-0.0001001881202,-9.587379924e-07,9.587379924e-07,-0,-1.438106989e-06,0.1541136992,-0.0001001881202,0,0,0,0,0,0
9.91,1,1,5.249090509e-05,3.571299022e-05,-2.636529479e-06,6.639260598e-05,-0.04350824915,-4.841626862e-05,0,0,0,0,0,0,-0.04284574,0.004802966903,0.004872389195,-0.00066250915,-0.008577290208,-0.05754159202,13.00116638,0,-0.211671806,0.05754159202,0.3322946982,-0.1115147771,1.043508249,-0.0007540323033,7.71057333,0.1115147771,0.0007540323033,8.155136838,8.155136838,0.02406603233,0.1631027368,-1.438106989e-06,1.917475985e-06,9.587379924e-07,-4.314320966e-06,0.1631027368,-9.731190623e-05,-1.438106989e-06,1.917475985e-06,9.587379924e-07,-4.314320966e-06,0.1631027368,-9.731190623e-05,0,0,0,0,0,0
9.92,1,1,5.177185159e-05,3.667172821e-05,-1.917475985e-06,6.615292148e-05,-0.04350297609,-4.697816163e-05,0,0,0,0,0,0,-0.04279746693,0.004851624735,0.004859154859,-0.0007055091595,-0.00913093492,-0.06099784219,13.00028619,0,-0.2116119379,0.06099784219,0.3347804061,-0.1187047671,1.043502976,-0.0007985478614,8.173710854,0.1187047671,0.0007985478614,8.627994575,8.627994575,0.02404293534,0.1725598915,-0,-0,-4.793689962e-07,-3.83495197e-06,0.1725598915,-0.0001001881202,-0,-0,-4.793689962e-07,-3.83495197e-06,0.1725598915,-0.0001001881202,0,0,0,0,0,0
9.93,1,1,5.225122059e-05,3.667172821e-05,-1.438106989e-06,6.591323698e-05,-0.04349482682,-4.697816163e-05,0,0,0,0,0.001047197551,0,-0.04274870795,0.004900149556,0.004845787307,-0.0007461188694,-0.009653082496,-0.06321568704,12.9989265,0,-0.2115194132,0.06426288459,0.3331773567,-0.1254797099,1.044542299,-0.0008284393839,8.470902063,0.1254797099,0.0008284393839,8.930387569,8.930387569,0.02401996371,0.1786077514,-9.587379924e-07,-0,-1.438106989e-06,-3.355582973e-06,0.1786077514,-0.0001001881202,-9.587379924e-07,-0,-1.438106989e-06,-3.355582973e-06,0.1786077514,-0.0001001881202,0,0,0,0,0,0
9.94,1,1,5.225122059e-05,3.73907817e-05,-1.677791487e-06,6.615292148e-05,-0.0434842807,-4.865595312e-05,0,0,0,0,0.001047197551,0,-0.04269946439,0.004948540038,0.004832286905,-0.000784816312,-0.01014994785,-0.06632765762,12.997168,0,-0.2113996734,0.06737485517,0.3291470637,-0.1319205774,1.044531752,-0.0008683772407,8.887906121,0.1319205774,0.0008683772407,9.34984214,9.34984214,0.02399712506,0.1869968428,-9.587379924e-07,-1.438106989e-06,-9.587379924e-07,-3.83495197e-06,0.1869968428,-9.683253724e-05,-9.587379924e-07,-1.438106989e-06,-9.587379924e-07,-3.83495197e-06,0.1869968428,-9.683253724e-05,0,0,0,0,0,0
9.95,1,1,5.249090509e-05,3.667172821e-05,-1.677791487e-06,6.543386798e-05,-0.04347397427,-4.865595312e-05,0,0,0,0,0,0,-0.0426497376,0.004996794853,0.004818654024,-0.0008242366666,-0.01065577852,-0.07054242371,12.99545067,0,-0.2112826527,0.07054242371,0.3268405675,-0.1384766441,1.043473974,-0.0009208157281,9.452684777,0.1384766441,0.0009208157281,9.918922805,9.918922805,0.02397442093,0.1983784561,-1.438106989e-06,-0,-9.587379924e-07,-2.396844981e-06,0.1983784561,-9.683253724e-05,-1.438106989e-06,-0,-9.587379924e-07,-2.396844981e-06,0.1983784561,-9.683253724e-05,0,0,0,0,0,0
9.96,1,1,5.249090509e-05,3.667172821e-05,-1.917475985e-06,6.567355248e-05,-0.04346366783,-4.817658412e-05,0,0,0,0,0,0,-0.04259952895,0.005044912678,0.004804889037,-0.0008641388856,-0.01116743129,-0.07374645569,12.99373452,0,-0.2111656298,0.07374645569,0.3256273349,-0.1451066375,1.043463668,-0.0009617137749,9.882025062,0.1451066375,0.0009617137749,10.35372075,10.35372075,0.02395186131,0.207074415,-1.438106989e-06,-0,-4.793689962e-07,-2.876213977e-06,0.207074415,-9.779127523e-05,-1.438106989e-06,-0,-4.793689962e-07,-2.876213977e-06,0.207074415,-9.779127523e-05,0,0,0,0,0,0
9.97,1,1,5.201153609e-05,3.667172821e-05,-1.677791487e-06,6.567355248e-05,-0.04344425339,-4.817658412e-05,0,0,0,0,0.002094395102,0,-0.04254883981,0.005092892195,0.004790992321,-0.0008954135814,-0.01156655387,-0.07417269012,12.99050498,0,-0.2109451854,0.07626708522,0.31195311,-0.1502553757,1.045539745,-0.0009702140487,9.939140476,0.1502553757,0.0009702140487,10.40231918,10.40231918,0.02392939551,0.2080463835,-4.793689962e-07,-0,-9.587379924e-07,-2.876213977e-06,0.2080463835,-9.779127523e-05,-4.793689962e-07,-0,-9.587379924e-07,-2.876213977e-06,0.2080463835,-9.779127523e-05,0,0,0,0,0,0
9.98,1,1,5.225122059e-05,3.691141271e-05,-1.917475985e-06,6.615292148e-05,-0.04341956589,-4.841626862e-05,0,0,0,0,0.003141592654,0,-0.04249767157,0.005140732087,0.004776964258,-0.0009218943164,-0.01190300753,-0.07526638678,12.98640434,0,-0.2106648559,0.07840797943,0.2938715994,-0.1545772687,1.046563626,-0.0009855272914,10.08569583,0.1545772687,0.0009855272914,10.53513022,10.53513022,0.02390703386,0.2107026045,-9.587379924e-07,-4.793689962e-07,-4.793689962e-07,-3.83495197e-06,0.2107026045,-9.731190623e-05,-9.587379924e-07,-4.793689962e-07,-4.793689962e-07,-3.83495197e-06,0.2107026045,-9.731190623e-05,0,0,0,0,0,0
9.99,1,1,5.177185159e-05,3.667172821e-05,-2.157160483e-06,6.615292148e-05,-0.04338960532,-4.817658412e-05,0,0,0,0,0.002094395102,0,-0.04244602564,0.005188431043,0.004762805232,-0.0009435796878,-0.01217682892,-0.07807501227,12.98143694,0,-0.2103246334,0.08016940737,0.2723068038,-0.1580727368,1.045485097,-0.001019245945,10.46205164,0.1580727368,0.001019245945,10.89345043,10.89345043,0.02388475721,0.2178690086,-0,-0,-0,-3.83495197e-06,0.2178690086,-9.779127523e-05,-0,-0,-0,-3.83495197e-06,0.2178690086,-9.779127523e-05,0,0,0,0,0,0
10,1,1,5.297027408e-05,3.595267472e-05,-9.587379924e-07,6.615292148e-05,-0.04335844634,-4.865595312e-05,0,0,0,0,0.003141592654,0,-0.04239390342,0.005235987756,0.004748515631,-0.0009645429161,-0.01244094039,-0.07873169862,12.97628141,0,-0.2099707825,0.08187329128,0.2537013273,-0.1614371435,1.046502506,-0.001028863305,10.55004762,0.1614371435,0.001028863305,10.96621495,10.96621495,0.02386256717,0.219324299,-2.396844981e-06,1.438106989e-06,-2.396844981e-06,-3.83495197e-06,0.219324299,-9.683253724e-05,-2.396844981e-06,1.438106989e-06,-2.396844981e-06,-3.83495197e-06,0.219324299,-9.683253724e-05,0,0,0,0,0,0
10.01,1,1,5.201153609e-05,3.691141271e-05,-1.917475985e-06,6.567355248e-05,-0.04331746029,-4.985437561e-05,0,0,0,0,0.003141592654,0,-0.04234130636,0.005283400922,0.004734095848,-0.0009761539305,-0.01258341634,-0.07969680486,12.96951631,0,-0.209505302,0.08283839752,0.2249497275,-0.1632008234,1.04646152,-0.00104042671,10.67937185,0.1632008234,0.00104042671,11.06856283,11.06856283,0.0238404137,0.2213712566,-4.793689962e-07,-4.793689962e-07,-4.793689962e-07,-2.876213977e-06,0.2213712566,-9.443569225e-05,-4.793689962e-07,-4.793689962e-07,-4.793689962e-07,-2.876213977e-06,0.2213712566,-9.443569225e-05,0,0,0,0,0,0
10.02,1,1,5.129248259e-05,3.619235921e-05,-2.636529479e-06,6.735134397e-05,-0.04328054888,-4.793689962e-05,0,0,0,0,0.002094395102,0,-0.04228823589,0.00533066924,0.004719546277,-0.0009923129898,-0.0127846249,-0.08206789576,12.96343968,0,-0.2090860678,0.08416229086,0.208293614,-0.1657327138,1.045376041,-0.001068169829,10.99709803,0.1657327138,0.001068169829,11.37219253,11.37219253,0.02381835937,0.2274438506,9.587379924e-07,9.587379924e-07,9.587379924e-07,-6.231796951e-06,0.2274438506,-9.827064422e-05,9.587379924e-07,9.587379924e-07,9.587379924e-07,-6.231796951e-06,0.2274438506,-9.827064422e-05,0,0,0,0,0,0
10.03,1,1,5.201153609e-05,3.595267472e-05,-1.438106989e-06,6.663229047e-05,-0.04324219936,-4.745753063e-05,0,0,0,0,0.004188790205,0,-0.04223469346,0.005377791416,0.004704867317,-0.001007505896,-0.01297303072,-0.08122082426,12.95714228,0,-0.2086504704,0.08540961447,0.1927105073,-0.1680934048,1.047435376,-0.001060334217,10.88359045,0.1680934048,0.001060334217,11.2454547,11.2454547,0.02379637337,0.2249090939,-4.793689962e-07,1.438106989e-06,-1.438106989e-06,-4.793689962e-06,0.2249090939,-9.922938222e-05,-4.793689962e-07,1.438106989e-06,-1.438106989e-06,-4.793689962e-06,0.2249090939,-9.922938222e-05,0,0,0,0,0,0
10.04,1,1,5.273058958e-05,3.643204371e-05,-1.198422491e-06,6.615292148e-05,-0.04319881646,-4.841626862e-05,0,0,0,0,0.004188790205,-0.001047197551,-0.04218068055,0.005424766157,0.00469005937,-0.001018135913,-0.01310207166,-0.08210780649,12.95003793,0,-0.2081576646,0.08629659669,0.173387136,-0.1696723249,1.047391993,-0.001070836399,11.00244607,0.1696723249,0.001070836399,11.34657637,11.34657637,0.02377443022,0.2269315273,-1.917475985e-06,4.793689962e-07,-1.917475985e-06,-3.83495197e-06,0.2269315273,7.407848888e-06,-1.917475985e-06,4.793689962e-07,-1.917475985e-06,-3.83495197e-06,0.2269315273,7.407848888e-06,0,0,0,0,0,0
10.05,1,1,5.225122059e-05,3.595267472e-05,-1.917475985e-06,6.567355248e-05,-0.04315063988,-4.817658412e-05,0,0,0,0,0.004188790205,0,-0.04212619863,0.005471592175,0.004675122844,-0.001024441245,-0.01317492724,-0.08265336203,12.9421729,0,-0.2076103602,0.08684215223,0.1517973556,-0.1705121862,1.047343817,-0.001076859112,11.07555051,0.1705121862,0.001076859112,11.39893691,11.39893691,0.02375252626,0.2279787382,-9.587379924e-07,1.438106989e-06,-4.793689962e-07,-2.876213977e-06,0.2279787382,-9.779127523e-05,-9.587379924e-07,1.438106989e-06,-4.793689962e-07,-2.876213977e-06,0.2279787382,-9.779127523e-05,0,0,0,0,0,0
10.06,1,1,5.129248259e-05,3.619235921e-05,-1.677791487e-06,6.615292148e-05,-0.04309431402,-4.841626862e-05,0,0,0,0,0.005235987756,0,-0.04207124921,0.005518268186,0.004660058146,-0.001023064815,-0.01314828158,-0.08154544216,12.93300989,0,-0.2069704172,0.08678142992,0.1227946917,-0.1700468558,1.048337156,-0.00106345889,10.92708925,0.1700468558,0.00106345889,11.22099426,11.22099426,0.02373061344,0.2244198851,9.587379924e-07,9.587379924e-07,-9.587379924e-07,-3.83495197e-06,0.2244198851,-9.731190623e-05,9.587379924e-07,9.587379924e-07,-9.587379924e-07,-3.83495197e-06,0.2244198851,-9.731190623e-05,0,0,0,0,0,0
10.07,1,1,5.10527981e-05,3.595267472e-05,-2.636529479e-06,6.591323698e-05,-0.04304709618,-4.865595312e-05,0,0,0,0,0.003141592654,0,-0.04201583377,0.005564792912,0.004644865691,-0.001031262401,-0.01324535998,-0.08433445723,12.92535545,0,-0.2064339048,0.08747604988,0.1131893418,-0.1712009858,1.046191156,-0.001094324686,11.30081727,0.1712009858,0.001094324686,11.58630192,11.58630192,0.02370877865,0.2317260384,1.438106989e-06,1.438106989e-06,9.587379924e-07,-3.355582973e-06,0.2317260384,-9.683253724e-05,1.438106989e-06,1.438106989e-06,9.587379924e-07,-3.355582973e-06,0.2317260384,-9.683253724e-05,0,0,0,0,0,0
10.08,1,1,5.177185159e-05,3.715109721e-05,-1.677791487e-06,6.639260598e-05,-0.04301378003,-4.769721512e-05,0,0,0,0,0.003141592654,0,-0.04195995386,0.005611165076,0.004629545894,-0.001053826173,-0.01352785528,-0.08616228827,12.91996933,0,-0.2060553233,0.08930388093,0.1260638431,-0.1747794752,1.04615784,-0.001116948242,11.54574663,0.1747794752,0.001116948242,11.8477069,11.8477069,0.02368708862,0.2369541379,-0,-9.587379924e-07,-9.587379924e-07,-4.314320966e-06,0.2369541379,-9.875001322e-05,-0,-9.587379924e-07,-9.587379924e-07,-4.314320966e-06,0.2369541379,-9.875001322e-05,0,0,0,0,0,0
10.09,1,1,5.297027408e-05,3.619235921e-05,-1.677791487e-06,6.687197497e-05,-0.04298549726,-4.769721512e-05,0,0,0,0,0.002094395102,0,-0.04190361099,0.005657383407,0.004614099176,-0.001081886274,-0.01388096855,-0.08947022278,12.91540649,0,-0.2057339199,0.09156461789,0.1445538112,-0.1792783512,1.045080989,-0.001156389618,11.98900985,0.1792783512,0.001156389618,12.3139984,12.3139984,0.02366553599,0.2462799681,-2.396844981e-06,9.587379924e-07,-9.587379924e-07,-5.273058958e-06,0.2462799681,-9.875001322e-05,-2.396844981e-06,9.587379924e-07,-9.587379924e-07,-5.273058958e-06,0.2462799681,-9.875001322e-05,0,0,0,0,0,0
10.1,1,1,5.297027408e-05,3.667172821e-05,-1.438106989e-06,6.639260598e-05,-0.04296823998,-4.769721512e-05,-0.001047197551,0,0,0,0.001047197551,0,-0.04184680671,0.005703446638,0.00459852596,-0.00112143327,-0.01438197215,-0.09368282272,12.91262669,0,-0.2055378015,0.09473002027,0.1762880306,-0.1857090375,1.044015712,-0.00120727847,12.55349824,0.1857090375,0.00120727847,12.91670259,12.91670259,0.02364418647,0.2583340518,0.0001023229101,-0,-1.438106989e-06,-4.314320966e-06,0.2583340518,-9.875001322e-05,0.0001023229101,-0,-1.438106989e-06,-4.314320966e-06,0.2583340518,-9.875001322e-05,0,0,0,0,0,0
10.11,1,1,5.273058958e-05,3.643204371e-05,-9.587379924e-07,6.639260598e-05,-0.04295817323,-4.769721512e-05,0,0,0,0,0.001047197551,0,-0.04178954257,0.005749353506,0.004582826673,-0.001168630653,-0.01498123016,-0.09744937485,12.91100665,0,-0.2054233963,0.09849657241,0.2130121101,-0.1934227622,1.044005645,-0.00125467043,13.05821623,0.1934227622,0.00125467043,13.46590577,13.46590577,0.02362306433,0.2693181155,-1.917475985e-06,4.793689962e-07,-2.396844981e-06,-4.314320966e-06,0.2693181155,-9.875001322e-05,-1.917475985e-06,4.793689962e-07,-2.396844981e-06,-4.314320966e-06,0.2693181155,-9.875001322e-05,0,0,0,0,0,0
10.12,1,1,5.225122059e-05,3.691141271e-05,-1.677791487e-06,6.639260598e-05,-0.04294642869,-4.889563761e-05,0,0,0,0,0,0,-0.04173182016,0.005795102752,0.004567001746,-0.001214608525,-0.01556418928,-0.10216496,12.909118,0,-0.205289921,0.10216496,0.241193766,-0.200919956,1.042946429,-0.001311553936,13.69010464,0.200919956,0.001311553936,14.13352992,14.13352992,0.02360217195,0.2826705983,-9.587379924e-07,-4.793689962e-07,-9.587379924e-07,-4.314320966e-06,0.2826705983,-9.635316824e-05,-9.587379924e-07,-4.793689962e-07,-9.587379924e-07,-4.314320966e-06,0.2826705983,-9.635316824e-05,0,0,0,0,0,0
10.13,1,1,5.201153609e-05,3.643204371e-05,-1.677791487e-06,6.37560765e-05,-0.04293468415,-4.817658412e-05,0,0,0,0,0.001047197551,0,-0.04167364105,0.005840693123,0.004551051612,-0.001261043097,-0.01615248457,-0.1048200537,12.90723087,0,-0.205156443,0.1058672512,0.2646574233,-0.2084838474,1.043982156,-0.001347130962,14.04588719,0.2084838474,0.001347130962,14.52037559,14.52037559,0.02358149673,0.2904075119,-4.793689962e-07,4.793689962e-07,-9.587379924e-07,9.587379924e-07,0.2904075119,-9.779127523e-05,-4.793689962e-07,4.793689962e-07,-9.587379924e-07,9.587379924e-07,0.2904075119,-9.779127523e-05,0,0,0,0,0,0
10.14,1,1,5.225122059e-05,3.643204371e-05,-1.438106989e-06,6.639260598e-05,-0.04292126181,-4.841626862e-05,0,0,0,0,0.001047197551,0,-0.04161500683,0.005886123369,0.004534976709,-0.001306254982,-0.01672443382,-0.1084241376,12.90507599,0,-0.2050038932,0.1094713352,0.2821094182,-0.2158300893,1.043968734,-0.001392204832,14.52883444,0.2158300893,0.001392204832,15.02816616,15.02816616,0.0235610502,0.3005633231,-9.587379924e-07,4.793689962e-07,-1.438106989e-06,-4.314320966e-06,0.3005633231,-9.731190623e-05,-9.587379924e-07,4.793689962e-07,-1.438106989e-06,-4.314320966e-06,0.3005633231,-9.731190623e-05,0,0,0,0,0,0
10.15,1,1,5.249090509e-05,3.78701507e-05,-2.157160483e-06,6.639260598e-05,-0.042896814,-4.841626862e-05,0,0,0,0,0.002094395102,0,-0.04155591912,0.005931392243,0.004518777477,-0.001340894876,-0.01715941473,-0.1101481248,12.90115609,0,-0.2047260254,0.1122425199,0.2808243903,-0.2213762878,1.044992306,-0.001415894758,14.75984872,0.2213762878,0.001415894758,15.26346529,15.26346529,0.02354075326,0.3052693058,-1.438106989e-06,-2.396844981e-06,-0,-4.314320966e-06,0.3052693058,-9.731190623e-05,-1.438106989e-06,-2.396844981e-06,-0,-4.314320966e-06,0.3052693058,-9.731190623e-05,0,0,0,0,0,0
10.16,1,1,5.201153609e-05,3.715109721e-05,-1.438106989e-06,6.471481449e-05,-0.04286709312,-4.817658412e-05,0,0,0,0,0.003141592654,0,-0.04149637953,0.005976498505,0.00450245436,-0.001370713588,-0.01753170957,-0.1114921648,12.89639951,0,-0.2043882093,0.1146337574,0.2730777873,-0.2260959308,1.046011153,-0.001434737325,14.93995008,0.2260959308,0.001434737325,15.44055853,15.44055853,0.02352059266,0.3088111707,-4.793689962e-07,-9.587379924e-07,-1.438106989e-06,-9.587379924e-07,0.3088111707,-9.779127523e-05,-4.793689962e-07,-9.587379924e-07,-1.438106989e-06,-9.587379924e-07,0.3088111707,-9.779127523e-05,0,0,0,0,0,0
10.17,1,1,5.297027408e-05,3.619235921e-05,-1.438106989e-06,6.687197497e-05,-0.04283617382,-4.793689962e-05,0,0,0,0,0.002094395102,0,-0.0414363897,0.006021440919,0.004486007807,-0.001399784122,-0.01789388975,-0.1148710096,12.89146137,0,-0.2040367527,0.1169654047,0.2659488667,-0.2306783885,1.044931666,-0.001473912822,15.39271529,0.2306783885,0.001473912822,15.89081646,15.89081646,0.02350059179,0.3178163292,-2.396844981e-06,9.587379924e-07,-1.438106989e-06,-5.273058958e-06,0.3178163292,-9.827064422e-05,-2.396844981e-06,9.587379924e-07,-1.438106989e-06,-5.273058958e-06,0.3178163292,-9.827064422e-05,0,0,0,0,0,0
10.18,1,1,5.297027408e-05,3.619235921e-05,-2.157160483e-06,6.663229047e-05,-0.04281052758,-4.817658412e-05,0,0,0,0,0.002094395102,0,-0.04137595126,0.006066218251,0.004469438267,-0.001434576315,-0.01832933944,-0.1176511689,12.8873733,0,-0.20374522,0.119745564,0.2680801032,-0.2362170398,1.044906019,-0.001508238198,15.76525663,0.2362170398,0.001508238198,16.27106201,16.27106201,0.02348079406,0.3254212402,-2.396844981e-06,9.587379924e-07,-0,-4.793689962e-06,0.3254212402,-9.779127523e-05,-2.396844981e-06,9.587379924e-07,-0,-4.793689962e-06,0.3254212402,-9.779127523e-05,0,0,0,0,0,0
10.19,1,1,5.273058958e-05,3.619235921e-05,-1.677791487e-06,6.639260598e-05,-0.04277601301,-4.889563761e-05,0,0,0,0,0.003141592654,0,-0.04131506588,0.006110829276,0.004452746195,-0.001460947124,-0.01865577979,-0.1187220191,12.88188292,0,-0.2033528562,0.1218636118,0.2574184696,-0.240321571,1.045920073,-0.001523644214,15.90875056,0.240321571,0.001523644214,16.40801425,16.40801425,0.02346113382,0.328160285,-1.917475985e-06,9.587379924e-07,-9.587379924e-07,-4.314320966e-06,0.328160285,-9.635316824e-05,-1.917475985e-06,9.587379924e-07,-9.587379924e-07,-4.314320966e-06,0.328160285,-9.635316824e-05,0,0,0,0,0,0
10.2,1,1,5.225122059e-05,3.667172821e-05,-1.677791487e-06,6.639260598e-05,-0.04273862223,-4.769721512e-05,0,0,0,0,0.003141592654,0,-0.04125373523,0.006155272768,0.004435932049,-0.001484886992,-0.01895047717,-0.1206486775,12.87594963,0,-0.2029277686,0.1237902701,0.2456246296,-0.2440053895,1.045882682,-0.001546970041,16.16692278,0.2440053895,0.001546970041,16.65809977,16.65809977,0.02344160439,0.3331619954,-9.587379924e-07,-0,-9.587379924e-07,-4.314320966e-06,0.3331619954,-9.875001322e-05,-9.587379924e-07,-0,-9.587379924e-07,-4.314320966e-06,0.3331619954,-9.875001322e-05,0,0,0,0,0,0
10.21,1,1,5.273058958e-05,3.73907817e-05,-2.396844981e-06,6.591323698e-05,-0.04270314892,-4.769721512e-05,0,0,0,0,0.003141592654,0,-0.04119196099,0.006199547511,0.00441899629,-0.001511187929,-0.01927514621,-0.1227600641,12.87033466,0,-0.2025244547,0.1259016568,0.2391537328,-0.2480775823,1.045847209,-0.001572634011,16.44984859,0.2480775823,0.001572634011,16.93865254,16.93865254,0.02342223203,0.3387730508,-1.917475985e-06,-1.438106989e-06,4.793689962e-07,-3.355582973e-06,0.3387730508,-9.875001322e-05,-1.917475985e-06,-1.438106989e-06,4.793689962e-07,-3.355582973e-06,0.3387730508,-9.875001322e-05,0,0,0,0,0,0
10.22,1,1,5.153216709e-05,3.691141271e-05,-1.917475985e-06,6.543386798e-05,-0.04265497234,-4.721784613e-05,0,0,0,0,0.005235987756,0,-0.04112974485,0.00624365229,0.004401939381,-0.001525227486,-0.01944164379,-0.1218147039,12.8627308,0,-0.2019766709,0.1270506916,0.2161081406,-0.2500726302,1.047897814,-0.001565356919,16.32317032,0.2500726302,0.001565356919,16.79091644,16.79091644,0.023402913,0.3358183289,4.793689962e-07,-4.793689962e-07,-4.793689962e-07,-2.396844981e-06,0.3358183289,-9.970875121e-05,4.793689962e-07,-4.793689962e-07,-4.793689962e-07,-2.396844981e-06,0.3358183289,-9.970875121e-05,0,0,0,0,0,0
10.23,1,1,5.249090509e-05,3.691141271e-05,-1.438106989e-06,6.663229047e-05,-0.04259696869,-4.817658412e-05,0,0,0,0,0.006283185307,0,-0.04106708852,0.006287585897,0.004384761792,-0.001529880172,-0.01948719668,-0.1211800465,12.85360927,0,-0.2013170892,0.1274632318,0.1839609679,-0.250480812,1.048890024,-0.00155886423,16.23812624,0.250480812,0.00155886423,16.67412688,16.67412688,0.02338359782,0.3334825376,-1.438106989e-06,-4.793689962e-07,-1.438106989e-06,-4.793689962e-06,0.3334825376,-9.779127523e-05,-1.438106989e-06,-4.793689962e-07,-1.438106989e-06,-4.793689962e-06,0.3334825376,-9.779127523e-05,0,0,0,0,0,0
10.24,1,1,5.344964308e-05,3.643204371e-05,-1.917475985e-06,6.687197497e-05,-0.04252554271,-4.841626862e-05,0,0,0,0,0.007330382858,0,-0.04100399371,0.006331347126,0.004367463991,-0.001521549,-0.01936586783,-0.1195266895,12.842427,0,-0.2005047858,0.1268570723,0.1390324921,-0.2487047438,1.049869359,-0.001539192768,16.01657639,0.2487047438,0.001539192768,16.40585282,16.40585282,0.02336423056,0.3281170564,-3.355582973e-06,4.793689962e-07,-4.793689962e-07,-5.273058958e-06,0.3281170564,-9.731190623e-05,-3.355582973e-06,4.793689962e-07,-4.793689962e-07,-5.273058958e-06,0.3281170564,-9.731190623e-05,0,0,0,0,0,0
10.25,1,1,5.320995858e-05,3.547330572e-05,-1.677791487e-06,6.615292148e-05,-0.0424452484,-4.817658412e-05,0,0,0,0.001047197551,0.009424777961,0,-0.04094046215,0.006374934777,0.004350046455,-0.001504786248,-0.01913649841,-0.116164174,12.82992207,0,-0.1995915062,0.125588952,0.08997923147,-0.2455197833,1.051892233,-0.00150041159,15.56599931,0.2455197833,0.00150041159,15.90299874,15.90299874,0.02334474924,0.3180599748,-2.876213977e-06,2.396844981e-06,-9.587379924e-07,-0.0001085547071,0.3180599748,-9.779127523e-05,-2.876213977e-06,2.396844981e-06,-9.587379924e-07,-0.0001085547071,0.3180599748,-9.779127523e-05,0,0,0,0,0,0
10.26,1,1,5.273058958e-05,3.595267472e-05,-1.438106989e-06,6.567355248e-05,-0.04235009366,-4.721784613e-05,0,0,0,0,0.009424777961,0,-0.04087649559,0.006418347657,0.00433250966,-0.001473598061,-0.01872259165,-0.1137629257,12.81519266,0,-0.1985090386,0.1231877037,0.02962126767,-0.2399336191,1.051797078,-0.00146789393,15.24423205,0.2399336191,0.00146789393,15.51525483,15.51525483,0.02332508474,0.3103050966,-1.917475985e-06,1.438106989e-06,-1.438106989e-06,-2.876213977e-06,0.3103050966,-9.970875121e-05,-1.917475985e-06,1.438106989e-06,-1.438106989e-06,-2.876213977e-06,0.3103050966,-9.970875121e-05,0,0,0,0,0,0
10.27,1,1,5.273058958e-05,3.523362122e-05,-1.198422491e-06,6.591323698e-05,-0.04223983879,-4.817658412e-05,0,0,0,0,0.009424777961,0,-0.04081209579,0.006461584575,0.004314854087,-0.001427743,-0.01812169606,-0.1102079803,12.79824738,0,-0.1972545736,0.1196327583,-0.04091133603,-0.2319259492,1.051686823,-0.001420513131,14.76786936,0.2319259492,0.001420513131,14.96030449,14.96030449,0.02330516416,0.2992060898,-1.917475985e-06,2.876213977e-06,-1.917475985e-06,-3.355582973e-06,0.2992060898,-9.779127523e-05,-1.917475985e-06,2.876213977e-06,-1.917475985e-06,-3.355582973e-06,0.2992060898,-9.779127523e-05,0,0,0,0,0,0
10.28,1,1,5.225122059e-05,3.523362122e-05,-1.917475985e-06,6.543386798e-05,-0.0421545111,-4.817658412e-05,0,0,0,0,0.005235987756,0,-0.04074726449,0.006504644345,0.00429708022,-0.001407246611,-0.01784616971,-0.1128324734,12.78522251,0,-0.1962835653,0.1180684611,-0.06076484675,-0.2281672507,1.047397353,-0.00144126845,15.11955143,0.2281672507,0.00144126845,15.2883951,15.2883951,0.02328524995,0.3057679021,-9.587379924e-07,2.876213977e-06,-4.793689962e-07,-2.396844981e-06,0.3057679021,-9.779127523e-05,-9.587379924e-07,2.876213977e-06,-4.793689962e-07,-2.396844981e-06,0.3057679021,-9.779127523e-05,0,0,0,0,0,0
10.29,1,1,5.273058958e-05,3.619235921e-05,-1.917475985e-06,6.591323698e-05,-0.04210705357,-4.817658412e-05,0,0,0,0,0.003141592654,0,-0.04068200349,0.006547525786,0.004279188546,-0.00142505008,-0.01806037263,-0.1163722008,12.77801196,0,-0.1957434494,0.1195137934,-0.02265948881,-0.2307756575,1.045251114,-0.00147914498,15.59387491,0.2307756575,0.00147914498,15.80347022,15.80347022,0.02326556948,0.3160694044,-1.917475985e-06,9.587379924e-07,-4.793689962e-07,-3.355582973e-06,0.3160694044,-9.779127523e-05,-1.917475985e-06,9.587379924e-07,-4.793689962e-07,-3.355582973e-06,0.3160694044,-9.779127523e-05,0,0,0,0,0,0
10.3,1,1,5.273058958e-05,3.571299022e-05,-1.198422491e-06,6.591323698e-05,-0.04208907724,-4.841626862e-05,0,0,0,0,0,0,-0.04061631458,0.006590227724,0.004261179556,-0.001472762661,-0.01865627553,-0.1233082827,12.77528696,0,-0.1955388488,0.1233082827,0.0514553315,-0.2383392735,1.042089077,-0.00155654147,16.52330988,0.2383392735,0.00155654147,16.81466103,16.81466103,0.023246257,0.3362932205,-1.917475985e-06,1.917475985e-06,-1.917475985e-06,-3.355582973e-06,0.3362932205,-9.731190623e-05,-1.917475985e-06,1.917475985e-06,-1.917475985e-06,-3.355582973e-06,0.3362932205,-9.731190623e-05,0,0,0,0,0,0
10.31,1,1,5.225122059e-05,3.619235921e-05,-1.917475985e-06,6.615292148e-05,-0.04208452323,-4.817658412e-05,0,0,0,0,0,0,-0.04055019954,0.006632748988,0.004243053744,-0.00153432369,-0.01942844083,-0.1281877272,12.77459718,0,-0.1954870156,0.1281877272,0.1314339272,-0.2481905054,1.042084523,-0.001616801365,17.17715544,0.2481905054,0.001616801365,17.55839667,17.55839667,0.02322732696,0.3511679335,-9.587379924e-07,9.587379924e-07,-4.793689962e-07,-3.83495197e-06,0.3511679335,-9.779127523e-05,-9.587379924e-07,9.587379924e-07,-4.793689962e-07,-3.83495197e-06,0.3511679335,-9.779127523e-05,0,0,0,0,0,0
10.32,1,1,5.201153609e-05,3.715109721e-05,-1.677791487e-06,6.567355248e-05,-0.04208260576,-4.817658412e-05,0,0,0,0,0,0,-0.0404836602,0.006675088412,0.004224811607,-0.001598945553,-0.02023901951,-0.1333038594,12.77430681,0,-0.195465191,0.1333038594,0.2011159579,-0.2585394446,1.042082606,-0.001679977471,17.86271716,0.2585394446,0.001679977471,18.32405254,18.32405254,0.02320876508,0.3664810507,-4.793689962e-07,-9.587379924e-07,-9.587379924e-07,-2.876213977e-06,0.3664810507,-9.779127523e-05,-4.793689962e-07,-9.587379924e-07,-9.587379924e-07,-2.876213977e-06,0.3664810507,-9.779127523e-05,0,0,0,0,0,0
10.33,1,1,5.129248259e-05,3.643204371e-05,-1.677791487e-06,6.567355248e-05,-0.04207805175,-4.745753063e-05,0,0,0,0,0,0,-0.04041669838,0.006717244834,0.004206453644,-0.001661353367,-0.02102061979,-0.1382428146,12.77361733,0,-0.1954133573,0.1382428146,0.2546532623,-0.2685093533,1.042078052,-0.001740838776,18.52453716,0.2685093533,0.001740838776,19.04944061,19.04944061,0.02319058835,0.3809888123,9.587379924e-07,4.793689962e-07,-9.587379924e-07,-2.876213977e-06,0.3809888123,-9.922938222e-05,9.587379924e-07,4.793689962e-07,-9.587379924e-07,-2.876213977e-06,0.3809888123,-9.922938222e-05,0,0,0,0,0,0
10.34,1,1,5.225122059e-05,3.619235921e-05,-1.917475985e-06,6.639260598e-05,-0.04207229932,-4.769721512e-05,0,0,0,0,0,0,-0.04034931592,0.0067592171,0.004187980359,-0.001722983402,-0.02179158419,-0.1431174716,12.77274674,0,-0.1953478826,0.1431174716,0.2970631416,-0.2783383858,1.042072299,-0.001800817296,19.1777412,0.2783383858,0.001800817296,19.75494354,19.75494354,0.02317278758,0.3950988709,-9.587379924e-07,9.587379924e-07,-4.793689962e-07,-4.314320966e-06,0.3950988709,-9.875001322e-05,-9.587379924e-07,9.587379924e-07,-4.793689962e-07,-4.314320966e-06,0.3950988709,-9.875001322e-05,0,0,0,0,0,0
10.35,1,1,5.297027408e-05,3.667172821e-05,-2.396844981e-06,6.591323698e-05,-0.04206079447,-4.769721512e-05,0,0,0,0,0.001047197551,0,-0.04028151466,0.006801004059,0.004169392258,-0.001779279807,-0.02249372362,-0.1465242934,12.7710066,0,-0.1952169312,0.1475714909,0.3239452746,-0.2872674928,1.043108266,-0.001845957743,19.63425531,0.2872674928,0.001845957743,20.24731404,20.24731404,0.02315532405,0.4049462807,-2.396844981e-06,-0,4.793689962e-07,-3.355582973e-06,0.4049462807,-9.875001322e-05,-2.396844981e-06,-0,4.793689962e-07,-3.355582973e-06,0.4049462807,-9.875001322e-05,0,0,0,0,0,0
10.36,1,1,5.368932758e-05,3.691141271e-05,-1.917475985e-06,6.567355248e-05,-0.04204497529,-4.817658412e-05,0,0,0,0,0.002094395102,0,-0.04021329646,0.006842604564,0.004150689852,-0.001831678829,-0.02314539913,-0.14962365,12.7686162,0,-0.195036869,0.1517180451,0.3405395015,-0.2955347184,1.044140467,-0.00188733727,20.0495691,0.2955347184,0.00188733727,20.68753066,20.68753066,0.02313819265,0.4137506132,-3.83495197e-06,-4.793689962e-07,-4.793689962e-07,-2.876213977e-06,0.4137506132,-9.779127523e-05,-3.83495197e-06,-4.793689962e-07,-4.793689962e-07,-2.876213977e-06,0.4137506132,-9.779127523e-05,0,0,0,0,0,0
10.37,1,1,5.297027408e-05,3.73907817e-05,-1.917475985e-06,6.687197497e-05,-0.04202364337,-4.745753063e-05,0,0,0,0,0.002094395102,0,-0.04014466319,0.006884017476,0.004131873652,-0.001878980176,-0.02373131168,-0.1533694974,12.76539701,0,-0.1947940501,0.1554638925,0.3468072826,-0.3029396152,1.044119135,-0.001933099413,20.55151265,0.3029396152,0.001933099413,21.20319265,21.20319265,0.02312137676,0.424063853,-2.396844981e-06,-1.438106989e-06,-4.793689962e-07,-5.273058958e-06,0.424063853,-9.922938222e-05,-2.396844981e-06,-1.438106989e-06,-4.793689962e-07,-5.273058958e-06,0.424063853,-9.922938222e-05,0,0,0,0,0,0
10.38,1,1,5.320995858e-05,3.691141271e-05,-1.917475985e-06,6.639260598e-05,-0.04199751776,-4.865595312e-05,0,0,0,0,0.002094395102,0,-0.04007561674,0.00692524166,0.004112944174,-0.001921901019,-0.02426065903,-0.1567713305,12.76146099,0,-0.1944966535,0.1588657256,0.3455262397,-0.3096014537,1.044093009,-0.001974461617,21.00735828,0.3096014537,0.001974461617,21.66446044,21.66446044,0.02310483279,0.4332892088,-2.876213977e-06,-4.793689962e-07,-4.793689962e-07,-4.314320966e-06,0.4332892088,-9.683253724e-05,-2.876213977e-06,-4.793689962e-07,-4.793689962e-07,-4.314320966e-06,0.4332892088,-9.683253724e-05,0,0,0,0,0,0
10.39,1,1,5.273058958e-05,3.643204371e-05,-1.198422491e-06,6.567355248e-05,-0.04196995404,-4.769721512e-05,0,0,0,0,0.002094395102,0,-0.04000615899,0.006966275984,0.004093901939,-0.001963795049,-0.02477627342,-0.1600915531,12.75731616,0,-0.1941828722,0.1621859482,0.3429861499,-0.3160787532,1.044065446,-0.002014750734,21.45226812,0.3160787532,0.002014750734,22.11334778,22.11334778,0.02308857669,0.4422669555,-1.917475985e-06,4.793689962e-07,-1.917475985e-06,-2.876213977e-06,0.4422669555,-9.875001322e-05,-1.917475985e-06,4.793689962e-07,-1.917475985e-06,-2.876213977e-06,0.4422669555,-9.875001322e-05,0,0,0,0,0,0
10.4,1,1,5.320995858e-05,3.715109721e-05,-1.917475985e-06,6.687197497e-05,-0.04193591884,-4.745753063e-05,0,0,0,0,0.003141592654,0,-0.03993629186,0.007007119324,0.004074747467,-0.001999626986,-0.02521395241,-0.1618900529,12.75220931,0,-0.1937954006,0.1650316455,0.3321275768,-0.3215335988,1.045079979,-0.002039929872,21.69326709,0.3215335988,0.002039929872,22.34896819,22.34896819,0.0230725742,0.4469793638,-2.876213977e-06,-9.587379924e-07,-4.793689962e-07,-5.273058958e-06,0.4469793638,-9.922938222e-05,-2.876213977e-06,-9.587379924e-07,-4.793689962e-07,-5.273058958e-06,0.4469793638,-9.922938222e-05,0,0,0,0,0,0
10.41,1,1,5.344964308e-05,3.643204371e-05,-1.438106989e-06,6.687197497e-05,-0.04188750257,-4.769721512e-05,0,0,0,0,0.005235987756,0,-0.03986601725,0.007047770561,0.004055481283,-0.002021485327,-0.02547295101,-0.1615499573,12.7449658,0,-0.1932441706,0.166785945,0.3030716282,-0.3246518894,1.047130344,-0.002042230673,21.64769428,0.3246518894,0.002042230673,22.27746002,22.27746002,0.02305666539,0.4455492005,-3.355582973e-06,4.793689962e-07,-1.438106989e-06,-5.273058958e-06,0.4455492005,-9.875001322e-05,-3.355582973e-06,4.793689962e-07,-1.438106989e-06,-5.273058958e-06,0.4455492005,-9.875001322e-05,0,0,0,0,0,0
10.42,1,1,5.320995858e-05,3.571299022e-05,-1.917475985e-06,6.591323698e-05,-0.04182470524,-4.697816163e-05,0,0,0,0,0.006283185307,0,-0.03979533709,0.007088228579,0.004036103917,-0.002029368146,-0.02555354875,-0.1611661477,12.73560768,0,-0.1925291427,0.167449333,0.2597149242,-0.3254399718,1.04811776,-0.002039814627,21.59626379,0.3254399718,0.002039814627,22.1834585,22.1834585,0.0230407561,0.4436691701,-2.876213977e-06,1.917475985e-06,-4.793689962e-07,-3.355582973e-06,0.4436691701,-0.0001001881202,-2.876213977e-06,1.917475985e-06,-4.793689962e-07,-3.355582973e-06,0.4436691701,-0.0001001881202,0,0,0,0,0,0
10.43,1,1,5.273058958e-05,3.595267472e-05,-2.157160483e-06,6.615292148e-05,-0.04173913787,-4.793689962e-05,0,0,0,0,0.009424777961,0,-0.03972425332,0.00712849227,0.004016615899,-0.002014884547,-0.02534937766,-0.1569420331,12.72292338,0,-0.1915547291,0.166366811,0.1918997228,-0.3225181896,1.051186122,-0.001996605783,21.03023243,0.3225181896,0.001996605783,21.54664695,21.54664695,0.02302465924,0.430932939,-1.917475985e-06,1.438106989e-06,-0,-3.83495197e-06,0.430932939,-9.827064422e-05,-1.917475985e-06,1.438106989e-06,-0,-3.83495197e-06,0.430932939,-9.827064422e-05,0,0,0,0,0,0
10.44,1,1,5.320995858e-05,3.619235921e-05,-2.396844981e-06,6.711165947e-05,-0.04162936237,-4.745753063e-05,0,0,0,0,0.01047197551,0,-0.0396527679,0.00716856053,0.003997017763,-0.001976594474,-0.02484299141,-0.1529524089,12.70676341,0,-0.1903044395,0.1634243844,0.1025776454,-0.3156740143,1.052128753,-0.00194795269,20.4956228,0.3156740143,0.00194795269,20.91582241,20.91582241,0.0230082236,0.4183164482,-2.876213977e-06,9.587379924e-07,4.793689962e-07,-5.752427955e-06,0.4183164482,-9.922938222e-05,-2.876213977e-06,9.587379924e-07,4.793689962e-07,-5.752427955e-06,0.4183164482,-9.922938222e-05,0,0,0,0,0,0
10.45,1,1,5.273058958e-05,3.595267472e-05,-2.157160483e-06,6.639260598e-05,-0.04151167728,-4.793689962e-05,0,0,0,0,0.01047197551,0,-0.03958088277,0.00720843226,0.003977310047,-0.001930794514,-0.02424231944,-0.1494207738,12.68957957,0,-0.1889638135,0.1598927493,0.01933074145,-0.3076248416,1.052011068,-0.001901166355,20.02238368,0.3076248416,0.001901166355,20.35124043,20.35124043,0.02299147074,0.4070248087,-1.917475985e-06,1.438106989e-06,-0,-4.314320966e-06,0.4070248087,-9.827064422e-05,-1.917475985e-06,1.438106989e-06,-0,-4.314320966e-06,0.4070248087,-9.827064422e-05,0,0,0,0,0,0
10.46,1,1,5.201153609e-05,3.595267472e-05,-2.396844981e-06,6.687197497e-05,-0.04139902557,-4.721784613e-05,0,0,0,0,0.01047197551,0,-0.03950859991,0.007248106368,0.003957493291,-0.001890425658,-0.0237117382,-0.1463110172,12.67326639,0,-0.187680285,0.1567829927,-0.04092888446,-0.3005051748,1.051898417,-0.001859827895,19.6056763,0.3005051748,0.001859827895,19.86711242,19.86711242,0.02297449018,0.3973422484,-4.793689962e-07,1.438106989e-06,4.793689962e-07,-5.273058958e-06,0.3973422484,-9.970875121e-05,-4.793689962e-07,1.438106989e-06,4.793689962e-07,-5.273058958e-06,0.3973422484,-9.970875121e-05,0,0,0,0,0,0
10.47,1,1,5.177185159e-05,3.619235921e-05,-2.876213977e-06,6.543386798e-05,-0.04130147398,-4.697816163e-05,0,0,0,0,0.006283185307,0,-0.0394359213,0.007287581765,0.003937568038,-0.001865552674,-0.02337838491,-0.1486003242,12.65924676,0,-0.1865686149,0.1548835095,-0.0674846762,-0.2959527434,1.047594529,-0.001872111703,19.91244345,0.2959527434,0.001872111703,20.14278363,20.14278363,0.02295744662,0.4028556725,-0,9.587379924e-07,1.438106989e-06,-2.396844981e-06,0.4028556725,-0.0001001881202,-0,9.587379924e-07,1.438106989e-06,-2.396844981e-06,0.4028556725,-0.0001001881202,0,0,0,0,0,0
10.48,1,1,5.249090509e-05,3.643204371e-05,-1.438106989e-06,6.567355248e-05,-0.04124442907,-4.697816163e-05,0,0,0,0,0.004188790205,0,-0.03936284894,0.007326857369,0.003917534835,-0.001881580126,-0.02356295753,-0.1519949631,12.6510944,0,-0.1859184664,0.1561837533,-0.03077042761,-0.2980972,1.045437606,-0.00190560654,20.36732505,0.2980972,0.00190560654,20.63655743,20.63655743,0.02294068155,0.4127311487,-1.438106989e-06,4.793689962e-07,-1.438106989e-06,-2.876213977e-06,0.4127311487,-0.0001001881202,-1.438106989e-06,4.793689962e-07,-1.438106989e-06,-2.876213977e-06,0.4127311487,-0.0001001881202,0,0,0,0,0,0
10.49,1,1,5.297027408e-05,3.667172821e-05,-1.198422491e-06,6.591323698e-05,-0.04119960806,-4.721784613e-05,0,0,0,0,0.004188790205,0,-0.03928938482,0.007365932103,0.003897394231,-0.00191022324,-0.02390674591,-0.1542818997,12.64471266,0,-0.1854075937,0.1584706899,0.01687719642,-0.3022939326,1.045392785,-0.0019327195,20.67377456,0.3022939326,0.0019327195,20.9948784,20.9948784,0.02292417624,0.4198975681,-2.396844981e-06,-0,-1.917475985e-06,-3.355582973e-06,0.4198975681,-9.970875121e-05,-2.396844981e-06,-0,-1.917475985e-06,-3.355582973e-06,0.4198975681,-9.970875121e-05,0,0,0,0,0,0
10.5,1,1,5.273058958e-05,3.73907817e-05,-1.438106989e-06,6.519418349e-05,-0.04116245697,-4.793689962e-05,0,0.001047197551,0,0,0.003141592654,0,-0.03921553097,0.007404804897,0.003877146778,-0.001946925996,-0.02435192175,-0.1582457234,12.63943876,0,-0.1849841154,0.1613873161,0.06730750842,-0.3077946236,1.044306517,-0.001976856152,21.20492694,0.3077946236,0.001976856152,21.58200593,21.58200593,0.02290797065,0.4316401186,-1.917475985e-06,-0.0001061578621,-1.438106989e-06,-1.917475985e-06,0.4316401186,-9.827064422e-05,-1.917475985e-06,-0.0001061578621,-1.438106989e-06,-1.917475985e-06,0.4316401186,-9.827064422e-05,0,0,0,0,0,0
10.51,1,1,5.249090509e-05,3.691141271e-05,-9.587379924e-07,6.639260598e-05,-0.04113081861,-4.697816163e-05,0,0,0,0,0.003141592654,0,-0.0391412894,0.007443474684,0.00385679303,-0.00198952921,-0.02487107548,-0.161622612,12.6349587,0,-0.184623456,0.1647642047,0.116778923,-0.3142450116,1.044274879,-0.002017515326,21.65743001,0.3142450116,0.002017515326,22.09047146,22.09047146,0.02289207367,0.4418094292,-1.438106989e-06,-4.793689962e-07,-2.396844981e-06,-4.314320966e-06,0.4418094292,-0.0001001881202,-1.438106989e-06,-4.793689962e-07,-2.396844981e-06,-4.314320966e-06,0.4418094292,-0.0001001881202,0,0,0,0,0,0
10.52,1,1,5.201153609e-05,3.715109721e-05,-1.677791487e-06,6.567355248e-05,-0.04109462625,-4.841626862e-05,0,0,0,0.001047197551,0.004188790205,0,-0.03906666216,0.007481940405,0.003836333547,-0.002027964097,-0.02533695235,-0.1636253975,12.62984648,0,-0.1842108612,0.1678141877,0.1509498856,-0.3200018185,1.045287803,-0.002045082331,21.92580327,0.3200018185,0.002045082331,22.39880005,22.39880005,0.02287645703,0.447976001,-4.793689962e-07,-9.587379924e-07,-9.587379924e-07,-0.0001075959691,0.447976001,-9.731190623e-05,-4.793689962e-07,-9.587379924e-07,-9.587379924e-07,-0.0001075959691,0.447976001,-9.731190623e-05,0,0,0,0,0,0
10.53,1,1,5.249090509e-05,3.643204371e-05,-2.157160483e-06,6.639260598e-05,-0.04104477188,-4.865595312e-05,0,0,0,0,0.005235987756,0,-0.03899165128,0.007520201005,0.003815768889,-0.0020531206,-0.02563461534,-0.1645901312,12.62282664,0,-0.1836424799,0.169826119,0.1598681455,-0.3235813054,1.046287614,-0.002059680722,22.05507758,0.3235813054,0.002059680722,22.54058671,22.54058671,0.02286096683,0.4508117343,-1.438106989e-06,4.793689962e-07,-0,-4.314320966e-06,0.4508117343,-9.683253724e-05,-1.438106989e-06,4.793689962e-07,-0,-4.314320966e-06,0.4508117343,-9.683253724e-05,0,0,0,0,0,0
10.54,1,1,5.225122059e-05,3.643204371e-05,-1.917475985e-06,6.567355248e-05,-0.04098053643,-4.889563761e-05,0,0,0,0,0.007330382858,0,-0.03891625882,0.007558255434,0.003795099619,-0.002064277609,-0.02575524904,-0.1634139628,12.61381963,0,-0.1829100763,0.1707443457,0.1469097589,-0.3248720658,1.048324353,-0.00205154506,21.89747102,0.3248720658,0.00205154506,22.37130439,22.37130439,0.02284552067,0.4474260878,-9.587379924e-07,4.793689962e-07,-4.793689962e-07,-2.876213977e-06,0.4474260878,-9.635316824e-05,-9.587379924e-07,4.793689962e-07,-4.793689962e-07,-2.876213977e-06,0.4474260878,-9.635316824e-05,0,0,0,0,0,0
10.55,1,1,5.320995858e-05,3.667172821e-05,-2.876213977e-06,6.639260598e-05,-0.04089305159,-4.889563761e-05,0.001047197551,0,0,0.001047197551,0.01047197551,0,-0.03884048686,0.00759610265,0.003774326305,-0.00205256473,-0.02558744669,-0.1594040321,12.60162092,0,-0.1819124669,0.1698760076,0.1036252766,-0.3224433034,1.051392443,-0.002011560596,21.36014029,0.3224433034,0.002011560596,21.78822044,21.78822044,0.0228299015,0.4357644087,-0.0001075959691,-0,1.438106989e-06,-0.0001090340761,0.4357644087,-9.635316824e-05,-0.0001075959691,-0,1.438106989e-06,-0.0001090340761,0.4357644087,-9.635316824e-05,0,0,0,0,0,0
10.56,1,1,5.273058958e-05,3.73907817e-05,-2.636529479e-06,6.663229047e-05,-0.04078303641,-4.889563761e-05,0,0,0,0,0.01047197551,0,-0.03876433747,0.007633741616,0.003753449516,-0.002018698941,-0.02514107013,-0.156803809,12.58639215,0,-0.1806577448,0.1672757845,0.03694072069,-0.3164353678,1.051282427,-0.001976953787,21.01171041,0.3164353678,0.001976953787,21.36706345,21.36706345,0.02281395579,0.427341269,-1.917475985e-06,-1.438106989e-06,9.587379924e-07,-4.793689962e-06,0.427341269,-9.635316824e-05,-1.917475985e-06,-1.438106989e-06,9.587379924e-07,-4.793689962e-06,0.427341269,-9.635316824e-05,0,0,0,0,0,0
10.57,1,1,5.153216709e-05,3.619235921e-05,-1.677791487e-06,6.663229047e-05,-0.04067733554,-4.769721512e-05,0,-0.001047197551,0,0,0.009424777961,0,-0.03868781273,0.007671171298,0.003732469825,-0.001989522817,-0.02475454114,-0.155615716,12.57187729,0,-0.1794520248,0.1650404939,-0.01024883661,-0.3112110536,1.05012432,-0.001956273029,20.85250594,0.3112110536,0.001956273029,21.15542443,21.15542443,0.02279784839,0.4231084886,4.793689962e-07,0.0001056784931,-9.587379924e-07,-4.793689962e-06,0.4231084886,-9.875001322e-05,4.793689962e-07,0.0001056784931,-9.587379924e-07,-4.793689962e-06,0.4231084886,-9.875001322e-05,0,0,0,0,0,0
10.58,1,1,5.249090509e-05,3.643204371e-05,-1.438106989e-06,6.567355248e-05,-0.04060758735,-4.793689962e-05,0,0,0,0,0.004188790205,0,-0.03861091474,0.007708390671,0.003711387805,-0.001996672613,-0.02482501257,-0.1614564875,12.56236191,0,-0.1786563055,0.1656452777,0.0036129501,-0.3118607923,1.044800764,-0.002007770541,21.63516932,0.3118607923,0.002007770541,21.95265083,21.95265083,0.02278199439,0.4390530167,-1.438106989e-06,4.793689962e-07,-1.438106989e-06,-2.876213977e-06,0.4390530167,-9.827064422e-05,-1.438106989e-06,4.793689962e-07,-1.438106989e-06,-2.876213977e-06,0.4390530167,-9.827064422e-05,0,0,0,0,0,0
10.59,1,1,5.249090509e-05,3.691141271e-05,-2.157160483e-06,6.591323698e-05,-0.04056324572,-4.841626862e-05,0,0,0,0,0.002094395102,0,-0.03853364562,0.007745398715,0.003690204036,-0.002029600105,-0.0252189935,-0.1661712692,12.55633838,0,-0.1781503914,0.1682656643,0.05159363623,-0.3166582159,1.042658737,-0.002056532292,22.26695007,0.3166582159,0.002056532292,22.63725845,22.63725845,0.02276649126,0.452745169,-1.438106989e-06,-4.793689962e-07,-0,-3.355582973e-06,0.452745169,-9.731190623e-05,-1.438106989e-06,-4.793689962e-07,-0,-3.355582973e-06,0.452745169,-9.731190623e-05,0,0,0,0,0,0
10.6,1,1,5.249090509e-05,3.643204371e-05,-1.438106989e-06,6.519418349e-05,-0.04054359159,-4.793689962e-05,0,0,0,0,0.001047197551,0,-0.03845600747,0.007782194414,0.003668919099,-0.002087584119,-0.02592696512,-0.1717963266,12.55367488,0,-0.1779261373,0.1728435242,0.1262845349,-0.3254786909,1.041591063,-0.00212039513,23.02070777,0.3254786909,0.00212039513,23.47459139,23.47459139,0.0227515128,0.4694918278,-1.438106989e-06,4.793689962e-07,-1.438106989e-06,-1.917475985e-06,0.4694918278,-9.827064422e-05,-1.438106989e-06,4.793689962e-07,-1.438106989e-06,-1.917475985e-06,0.4694918278,-9.827064422e-05,0,0,0,0,0,0
10.61,1,1,5.177185159e-05,3.715109721e-05,-1.438106989e-06,6.615292148e-05,-0.04053664074,-4.841626862e-05,0,0,0,0,0,0,-0.03837800244,0.007818776761,0.003647533576,-0.002158638303,-0.02679825386,-0.1784395687,12.55273386,0,-0.1778468263,0.1784395687,0.2057973205,-0.3363913486,1.040536641,-0.002196537176,23.91090221,0.3363913486,0.002196537176,24.45528741,24.45528741,0.022737131,0.4891057483,-0,-9.587379924e-07,-1.438106989e-06,-3.83495197e-06,0.4891057483,-9.731190623e-05,-0,-9.587379924e-07,-1.438106989e-06,-3.83495197e-06,0.4891057483,-9.731190623e-05,0,0,0,0,0,0
10.62,1,1,5.249090509e-05,3.715109721e-05,-1.438106989e-06,6.687197497e-05,-0.04053016926,-4.841626862e-05,0,0,0,0,0,0,-0.03829963265,0.007855144753,0.003626048054,-0.002230536608,-0.02767934942,-0.1840977476,12.55185817,0,-0.1777729843,0.1840977476,0.2715944719,-0.3474272681,1.040530169,-0.002264776927,24.66909818,0.3474272681,0.002264776927,25.2903847,25.2903847,0.02272331563,0.5058076939,-1.438106989e-06,-9.587379924e-07,-1.438106989e-06,-5.273058958e-06,0.5058076939,-9.731190623e-05,-1.438106989e-06,-9.587379924e-07,-1.438106989e-06,-5.273058958e-06,0.5058076939,-9.731190623e-05,0,0,0,0,0,0
10.63,1,1,5.225122059e-05,3.81098352e-05,-2.157160483e-06,6.663229047e-05,-0.04052106125,-4.745753063e-05,0,0,0,0,0.001047197551,0,-0.03822090026,0.007891297391,0.003604463122,-0.002300160987,-0.02853111191,-0.1885276764,12.55062644,0,-0.1776690573,0.189574874,0.322094522,-0.3580833275,1.041568533,-0.002322543725,25.26270864,0.3580833275,0.002322543725,25.94520903,25.94520903,0.02271004952,0.5189041806,-9.587379924e-07,-2.876213977e-06,-0,-4.793689962e-06,0.5189041806,-9.922938222e-05,-9.587379924e-07,-2.876213977e-06,-0,-4.793689962e-06,0.5189041806,-9.922938222e-05,0,0,0,0,0,0
10.64,1,1,5.297027408e-05,3.73907817e-05,-2.876213977e-06,6.615292148e-05,-0.04050883734,-4.817658412e-05,0,0,0,0,0.001047197551,0,-0.03814180743,0.007927233686,0.003582779372,-0.002367029914,-0.02934750399,-0.1937866693,12.54897466,0,-0.1775295739,0.1948338668,0.3590773137,-0.3682810838,1.041556309,-0.002385931131,25.96741368,0.3682810838,0.002385931131,26.69715801,26.69715801,0.02269731839,0.5339431603,-2.396844981e-06,-1.438106989e-06,1.438106989e-06,-3.83495197e-06,0.5339431603,-9.779127523e-05,-2.396844981e-06,-1.438106989e-06,1.438106989e-06,-3.83495197e-06,0.5339431603,-9.779127523e-05,0,0,0,0,0,0
10.65,1,1,5.297027408e-05,3.667172821e-05,-2.157160483e-06,6.567355248e-05,-0.04049181974,-4.721784613e-05,0,0,0,0,0.001047197551,0,-0.03806235631,0.007962952651,0.003560997398,-0.002429463428,-0.03010745876,-0.1986972315,12.54667764,0,-0.1773353869,0.1997444291,0.3832485855,-0.3777485797,1.041539291,-0.002444984948,26.62542902,0.3777485797,0.002444984948,27.38887117,27.38887117,0.02268506983,0.5477774235,-2.396844981e-06,-0,-0,-2.876213977e-06,0.5477774235,-9.970875121e-05,-2.396844981e-06,-0,-0,-2.876213977e-06,0.5477774235,-9.970875121e-05,0,0,0,0,0,0
10.66,1,1,5.225122059e-05,3.691141271e-05,-1.917475985e-06,6.591323698e-05,-0.04046857034,-4.745753063e-05,0,0,0,0,0.002094395102,0,-0.0379825491,0.007998453308,0.003539117797,-0.002486021244,-0.03079293869,-0.2021008067,12.54354422,0,-0.177070081,0.2041952018,0.3942742364,-0.386252588,1.042564062,-0.002490464815,27.0815081,0.386252588,0.002490464815,27.86452539,27.86452539,0.0226732975,0.5572905077,-9.587379924e-07,-4.793689962e-07,-4.793689962e-07,-3.355582973e-06,0.5572905077,-9.922938222e-05,-9.587379924e-07,-4.793689962e-07,-4.793689962e-07,-3.355582973e-06,0.5572905077,-9.922938222e-05,0,0,0,0,0,0
10.67,1,1,5.344964308e-05,3.691141271e-05,-1.677791487e-06,6.663229047e-05,-0.04042542714,-4.841626862e-05,0,0,0,0,0.005235987756,0,-0.03790238798,0.008033734684,0.00351714117,-0.002523039157,-0.03123266747,-0.2018882658,12.53774413,0,-0.1765777359,0.2071242536,0.3751868893,-0.3915871933,1.045668269,-0.002501409077,27.05302762,0.3915871933,0.002501409077,27.82230311,27.82230311,0.02266176345,0.5564460623,-3.355582973e-06,-4.793689962e-07,-9.587379924e-07,-4.793689962e-06,0.5564460623,-9.731190623e-05,-3.355582973e-06,-4.793689962e-07,-9.587379924e-07,-4.793689962e-06,0.5564460623,-9.731190623e-05,0,0,0,0,0,0
10.68,1,1,5.344964308e-05,3.643204371e-05,-1.438106989e-06,6.687197497e-05,-0.04036550601,-4.769721512e-05,0,0,0.001047197551,0,0.005235987756,0,-0.03782187514,0.00806879581,0.003495068119,-0.002543630869,-0.03146599953,-0.203539263,12.52971974,0,-0.1758938694,0.2087752507,0.3368524838,-0.3942601554,1.045608348,-0.002520300356,27.27426124,0.3942601554,0.002520300356,28.00789418,28.00789418,0.02265031756,0.5601578836,-3.355582973e-06,4.793689962e-07,-0.0001061578621,-5.273058958e-06,0.5601578836,-9.875001322e-05,-3.355582973e-06,4.793689962e-07,-0.0001061578621,-5.273058958e-06,0.5601578836,-9.875001322e-05,0,0,0,0,0,0
10.69,1,1,5.416869657e-05,3.667172821e-05,-1.677791487e-06,6.567355248e-05,-0.04029479908,-4.817658412e-05,0,0,0,0,0.006283185307,0,-0.0377410128,0.008103635727,0.003472899249,-0.002553786285,-0.03156832571,-0.2033313415,12.52029765,0,-0.1750868271,0.2096145268,0.2902459994,-0.3952448342,1.046587854,-0.002521177419,27.24639976,0.3952448342,0.002521177419,27.93441177,27.93441177,0.02263893461,0.5586882354,-4.793689962e-06,-0,-9.587379924e-07,-2.876213977e-06,0.5586882354,-9.779127523e-05,-4.793689962e-06,-0,-9.587379924e-07,-2.876213977e-06,0.5586882354,-9.779127523e-05,0,0,0,0,0,0
10.7,1,1,5.320995858e-05,3.715109721e-05,-1.917475985e-06,6.639260598e-05,-0.04021114919,-4.793689962e-05,0,0,0,0,0.009424777961,0,-0.03765980317,0.008138253478,0.003450635167,-0.002551346026,-0.03151293123,-0.2000492915,12.50921599,0,-0.1741319437,0.2094740695,0.2342538377,-0.3942020632,1.049658134,-0.002493796998,26.80660506,0.3942020632,0.002493796998,27.43755476,27.43755476,0.02262747277,0.5487510953,-2.876213977e-06,-9.587379924e-07,-4.793689962e-07,-4.314320966e-06,0.5487510953,-9.827064422e-05,-2.876213977e-06,-9.587379924e-07,-4.793689962e-07,-4.314320966e-06,0.5487510953,-9.827064422e-05,0,0,0,0,0,0
10.71,1,1,5.320995858e-05,3.667172821e-05,-2.157160483e-06,6.687197497e-05,-0.04010976265,-4.793689962e-05,0,0,0,0.001047197551,0.01047197551,0,-0.03757824847,0.008172648115,0.003428276485,-0.002531514178,-0.03124030619,-0.1975081846,12.49587906,0,-0.1729744314,0.2079801601,0.1635950123,-0.3903750882,1.050609154,-0.002465309221,26.46609674,0.3903750882,0.002465309221,27.02253215,27.02253215,0.02261575954,0.5404506429,-2.876213977e-06,-0,-0,-0.0001099928141,0.5404506429,-9.827064422e-05,-2.876213977e-06,-0,-0,-0.0001099928141,0.5404506429,-9.827064422e-05,0,0,0,0,0,0
10.72,1,1,5.297027408e-05,3.643204371e-05,-2.636529479e-06,6.615292148e-05,-0.03999759031,-4.793689962e-05,0,0,0,0,0.01151917306,0,-0.03749635095,0.008206818694,0.003405823814,-0.002501239354,-0.03083787027,-0.1941530806,12.48124356,0,-0.1716935754,0.2056722537,0.0915783891,-0.3848949697,1.051549936,-0.002426487413,26.0165128,0.3848949697,0.002426487413,26.49541265,26.49541265,0.02260375232,0.529908253,-2.396844981e-06,4.793689962e-07,9.587379924e-07,-3.83495197e-06,0.529908253,-9.827064422e-05,-2.396844981e-06,4.793689962e-07,9.587379924e-07,-3.83495197e-06,0.529908253,-9.827064422e-05,0,0,0,0,0,0
10.73,1,1,5.297027408e-05,3.691141271e-05,-2.157160483e-06,6.591323698e-05,-0.03988302112,-4.817658412e-05,0,0,0,0,0.01047197551,0,-0.03741411285,0.00824076428,0.003383277772,-0.002468908267,-0.03041062734,-0.1927304918,12.46642533,0,-0.170385131,0.2032024674,0.02965126162,-0.3791118149,1.050382412,-0.002402058684,25.82588591,0.3791118149,0.002402058684,26.23705104,26.23705104,0.02259147368,0.5247410209,-2.396844981e-06,-4.793689962e-07,-0,-3.355582973e-06,0.5247410209,-9.779127523e-05,-2.396844981e-06,-4.793689962e-07,-0,-3.355582973e-06,0.5247410209,-9.779127523e-05,0,0,0,0,0,0
10.74,1,1,5.273058958e-05,3.691141271e-05,-1.438106989e-06,6.687197497e-05,-0.03977636151,-4.817658412e-05,0,0,0,0,0.01047197551,0,-0.03733153642,0.00827448394,0.003360638974,-0.002444825095,-0.03008697449,-0.1909016825,12.45274783,0,-0.1691668204,0.201373658,-0.008924784506,-0.3746655063,1.050275753,-0.002377474774,25.58082545,0.3746655063,0.002377474774,25.94894365,25.94894365,0.02257903508,0.5189788729,-1.917475985e-06,-4.793689962e-07,-1.438106989e-06,-5.273058958e-06,0.5189788729,-9.779127523e-05,-1.917475985e-06,-4.793689962e-07,-1.438106989e-06,-5.273058958e-06,0.5189788729,-9.779127523e-05,0,0,0,0,0,0
10.75,1,1,5.320995858e-05,3.667172821e-05,-1.438106989e-06,6.687197497e-05,-0.03967713213,-4.769721512e-05,0,0,0,0,0.00837758041,0,-0.03724862393,0.008307976752,0.003337908044,-0.002428508205,-0.02986058054,-0.1917715368,12.44012477,0,-0.1680332105,0.2001491172,-0.02940569384,-0.3714693475,1.048072259,-0.00237697834,25.69738594,0.3714693475,0.00237697834,26.04182657,26.04182657,0.02256652173,0.5208365313,-2.876213977e-06,-0,-1.438106989e-06,-5.273058958e-06,0.5208365313,-9.875001322e-05,-2.876213977e-06,-0,-1.438106989e-06,-5.273058958e-06,0.5208365313,-9.875001322e-05,0,0,0,0,0,0
10.76,1,1,5.297027408e-05,3.643204371e-05,-1.917475985e-06,6.591323698e-05,-0.03958125833,-4.721784613e-05,0,0,0,0,0.01047197551,0,-0.03716537764,0.008341241796,0.003315085603,-0.002415880689,-0.02968048263,-0.1887395575,12.42802135,0,-0.1669377802,0.199211533,-0.04159029767,-0.3688696719,1.050080649,-0.002347065917,25.29110071,0.3688696719,0.002347065917,25.62072715,25.62072715,0.022553945,0.512414543,-2.396844981e-06,4.793689962e-07,-4.793689962e-07,-3.355582973e-06,0.512414543,-9.970875121e-05,-2.396844981e-06,4.793689962e-07,-4.793689962e-07,-3.355582973e-06,0.512414543,-9.970875121e-05,0,0,0,0,0,0
10.77,1,1,5.273058958e-05,3.643204371e-05,-1.677791487e-06,6.615292148e-05,-0.03947268126,-4.793689962e-05,0,0,0,0,0.01047197551,0,-0.03708179985,0.008374278161,0.003292172277,-0.002390881402,-0.02934714164,-0.1868362393,12.41442405,0,-0.1656970228,0.1973082148,-0.06903456025,-0.3643278609,1.049972072,-0.002321598191,25.03605606,0.3643278609,0.002321598191,25.33367096,25.33367096,0.02254112282,0.5066734193,-1.917475985e-06,4.793689962e-07,-9.587379924e-07,-3.83495197e-06,0.5066734193,-9.827064422e-05,-1.917475985e-06,4.793689962e-07,-9.587379924e-07,-3.83495197e-06,0.5066734193,-9.827064422e-05,0,0,0,0,0,0
10.78,1,1,5.249090509e-05,3.643204371e-05,-2.157160483e-06,6.615292148e-05,-0.03934492942,-4.745753063e-05,0,0,0,0,0.01256637061,0,-0.03699789285,0.008407084941,0.003269168694,-0.002347036572,-0.02878079226,-0.181366148,12.39857436,0,-0.1642369005,0.1939325186,-0.1186780364,-0.3568407929,1.051950778,-0.00226080534,24.30306383,0.3568407929,0.00226080534,24.54348739,24.54348739,0.02252787409,0.4908697478,-1.438106989e-06,4.793689962e-07,-0,-3.83495197e-06,0.4908697478,-9.922938222e-05,-1.438106989e-06,4.793689962e-07,-0,-3.83495197e-06,0.4908697478,-9.922938222e-05,0,0,0,0,0,0
10.79,1,1,5.225122059e-05,3.667172821e-05,-2.636529479e-06,6.543386798e-05,-0.03921502042,-4.769721512e-05,0,0,0,0,0.01151917306,0,-0.03691365892,0.008439661236,0.003246075486,-0.002301361497,-0.02819299902,-0.1788918037,12.38262158,0,-0.162751852,0.1904109767,-0.161141259,-0.349103238,1.050767366,-0.002223605166,23.97150169,0.349103238,0.002223605166,24.16168727,24.16168727,0.02251426029,0.4832337455,-9.587379924e-07,-0,9.587379924e-07,-2.396844981e-06,0.4832337455,-9.875001322e-05,-9.587379924e-07,-0,9.587379924e-07,-2.396844981e-06,0.4832337455,-9.875001322e-05,0,0,0,0,0,0
10.8,1,1,5.273058958e-05,3.76304662e-05,-1.677791487e-06,6.663229047e-05,-0.03911531167,-4.817658412e-05,-0.001047197551,0,0,0,0.00837758041,0,-0.03682910039,0.008472006154,0.003222893285,-0.002286211276,-0.02798402647,-0.1808946351,12.37048956,0,-0.1616118523,0.1892722155,-0.1518715441,-0.3461761074,1.047510438,-0.002233235077,24.23988111,0.3461761074,0.002233235077,24.43641891,24.43641891,0.02250069462,0.4887283781,0.0001028022791,-1.917475985e-06,-9.587379924e-07,-4.793689962e-06,0.4887283781,-9.779127523e-05,0.0001028022791,-1.917475985e-06,-9.587379924e-07,-4.793689962e-06,0.4887283781,-9.779127523e-05,0,0,0,0,0,0
10.81,1,1,5.368932758e-05,3.691141271e-05,-1.677791487e-06,6.639260598e-05,-0.03904460474,-4.769721512e-05,0,0,0,0,0.005235987756,0,-0.03674421957,0.008504118807,0.003199622727,-0.002300385168,-0.02813791876,-0.1851886536,12.36194522,0,-0.1608033428,0.1904246414,-0.1021264131,-0.3478394105,1.044287446,-0.00227085136,24.81527959,0.3478394105,0.00227085136,25.06326343,25.06326343,0.02248737908,0.5012652687,-3.83495197e-06,-4.793689962e-07,-9.587379924e-07,-4.314320966e-06,0.5012652687,-9.875001322e-05,-3.83495197e-06,-4.793689962e-07,-9.587379924e-07,-4.314320966e-06,0.5012652687,-9.875001322e-05,0,0,0,0,0,0
10.82,1,1,5.344964308e-05,3.691141271e-05,-1.917475985e-06,6.615292148e-05,-0.03900649491,-4.769721512e-05,0,0,0,0,0.002094395102,0,-0.03665901879,0.008535998316,0.003176264449,-0.002347476113,-0.02869832477,-0.1920543553,12.3573602,0,-0.160367537,0.1941487504,-0.01463457444,-0.3546355363,1.041101987,-0.00233935991,25.73528361,0.3546355363,0.00233935991,26.07762393,26.07762393,0.02247461241,0.5215524785,-3.355582973e-06,-4.793689962e-07,-4.793689962e-07,-3.83495197e-06,0.5215524785,-9.875001322e-05,-3.355582973e-06,-4.793689962e-07,-4.793689962e-07,-3.83495197e-06,0.5215524785,-9.875001322e-05,0,0,0,0,0,0
10.83,1,1,5.344964308e-05,3.643204371e-05,-1.438106989e-06,6.639260598e-05,-0.0389786915,-4.817658412e-05,0,0,0,0,0.002094395102,0,-0.03657350039,0.008567643806,0.003152819092,-0.002405191117,-0.02938935527,-0.1966068526,12.35402408,0,-0.1600495761,0.1987012477,0.0713719507,-0.3630768027,1.041074183,-0.002393377236,26.34531824,0.3630768027,0.002393377236,26.78216037,26.78216037,0.02246239015,0.5356432075,-3.355582973e-06,4.793689962e-07,-1.438106989e-06,-4.314320966e-06,0.5356432075,-9.779127523e-05,-3.355582973e-06,4.793689962e-07,-1.438106989e-06,-4.314320966e-06,0.5356432075,-9.779127523e-05,0,0,0,0,0,0
10.84,1,1,5.320995858e-05,3.643204371e-05,-1.677791487e-06,6.567355248e-05,-0.03894992936,-4.913532211e-05,0,0,0,0,0.002094395102,0,-0.0364876667,0.00859905441,0.0031292873,-0.002462262665,-0.03007173731,-0.2011073055,12.35058084,0,-0.1597206381,0.2032017006,0.1408452987,-0.3714034228,1.041045421,-0.002446743835,26.94837894,0.3714034228,0.002446743835,27.4630744,27.4630744,0.02245065733,0.5492614881,-2.876213977e-06,4.793689962e-07,-9.587379924e-07,-2.876213977e-06,0.5492614881,-9.587379924e-05,-2.876213977e-06,4.793689962e-07,-9.587379924e-07,-2.876213977e-06,0.5492614881,-9.587379924e-05,0,0,0,0,0,0
10.85,1,1,5.344964308e-05,3.691141271e-05,-1.677791487e-06,6.687197497e-05,-0.03892883713,-4.793689962e-05,0,0,0,0,0.002094395102,0,-0.03640152009,0.008630229266,0.003105669716,-0.002527317044,-0.03085199268,-0.2062285879,12.34806092,0,-0.1594794087,0.208322983,0.2088822982,-0.380962285,1.041024329,-0.002507696674,27.63463078,0.380962285,0.002507696674,28.22698306,28.22698306,0.0224395035,0.5645396612,-3.355582973e-06,-4.793689962e-07,-9.587379924e-07,-5.273058958e-06,0.5645396612,-9.827064422e-05,-3.355582973e-06,-4.793689962e-07,-9.587379924e-07,-5.273058958e-06,0.5645396612,-9.827064422e-05,0,0,0,0,0,0
10.86,1,1,5.297027408e-05,3.667172821e-05,-1.198422491e-06,6.711165947e-05,-0.03889168603,-4.817658412e-05,0,0,0,0,0.003141592654,0,-0.0363150629,0.00866116752,0.003081966989,-0.002576623128,-0.03143710016,-0.2090727437,12.34363293,0,-0.1590544989,0.2122143364,0.2415813384,-0.3880480248,1.042035746,-0.002545998256,28.01574766,0.3880480248,0.002545998256,28.64792302,28.64792302,0.02242874584,0.5729584604,-2.396844981e-06,-0,-1.917475985e-06,-5.752427955e-06,0.5729584604,-9.779127523e-05,-2.396844981e-06,-0,-1.917475985e-06,-5.752427955e-06,0.5729584604,-9.779127523e-05,0,0,0,0,0,0
10.87,1,1,5.225122059e-05,3.667172821e-05,-2.157160483e-06,6.615292148e-05,-0.03883631891,-4.865595312e-05,0,0,0,0,0.006283185307,0,-0.03622829753,0.008691868324,0.003058179768,-0.002608021387,-0.03180062881,-0.2084258137,12.33705868,0,-0.158421206,0.214708999,0.2423786301,-0.3923262238,1.045129374,-0.002552010523,27.92905903,0.3923262238,0.002552010523,28.5663159,28.5663159,0.02241818212,0.5713263179,-9.587379924e-07,-0,-0,-3.83495197e-06,0.5713263179,-9.683253724e-05,-9.587379924e-07,-0,-0,-3.83495197e-06,0.5713263179,-9.683253724e-05,0,0,0,0,0,0
10.88,1,1,5.225122059e-05,3.571299022e-05,-1.917475985e-06,6.591323698e-05,-0.03873876732,-4.865595312e-05,0,0,0,0,0.01047197551,0,-0.03614122633,0.008722330836,0.003034308705,-0.002597540991,-0.03164744765,-0.2034673479,12.32554782,0,-0.1573052878,0.2139393234,0.1829106256,-0.3900721293,1.049238158,-0.00250971351,27.26462462,0.3900721293,0.00250971351,27.84011709,27.84011709,0.02240732015,0.5568023418,-9.587379924e-07,1.917475985e-06,-4.793689962e-07,-3.355582973e-06,0.5568023418,-9.683253724e-05,-9.587379924e-07,1.917475985e-06,-4.793689962e-07,-3.355582973e-06,0.5568023418,-9.683253724e-05,0,0,0,0,0,0
10.89,1,1,5.201153609e-05,3.667172821e-05,-1.917475985e-06,6.687197497e-05,-0.03861005675,-4.817658412e-05,0,0,0,0,0.01466076572,0,-0.03605385171,0.008752554221,0.003010354456,-0.00255620504,-0.03111469391,-0.1961017655,12.31050112,0,-0.1558327076,0.2107625312,0.09031669811,-0.3830374743,1.053324557,-0.002436510853,26.27763658,0.3830374743,0.002436510853,26.75342726,26.75342726,0.02239595967,0.5350685452,-4.793689962e-07,-0,-4.793689962e-07,-5.273058958e-06,0.5350685452,-9.779127523e-05,-4.793689962e-07,-0,-4.793689962e-07,-5.273058958e-06,0.5350685452,-9.779127523e-05,0,0,0,0,0,0
10.9,1,1,5.273058958e-05,3.667172821e-05,-2.396844981e-06,6.735134397e-05,-0.03845450151,-4.769721512e-05,0,0,0,0,0.01466076572,0,-0.03596617605,0.00878253765,0.002986317676,-0.00248832546,-0.03025675443,-0.1908500322,12.29252939,0,-0.154052657,0.2055107979,-0.02264808284,-0.3719320431,1.053169002,-0.002369288346,25.57390431,0.3719320431,0.002369288346,25.92555756,25.92555756,0.02238389734,0.5185111512,-1.917475985e-06,-0,4.793689962e-07,-6.231796951e-06,0.5185111512,-9.875001322e-05,-1.917475985e-06,-0,4.793689962e-07,-6.231796951e-06,0.5185111512,-9.875001322e-05,0,0,0,0,0,0
10.91,1,1,5.273058958e-05,3.619235921e-05,-1.917475985e-06,6.711165947e-05,-0.03830733523,-4.769721512e-05,0,0,0,0,0.01361356817,0,-0.03587820176,0.008812280302,0.002962199025,-0.002429133469,-0.02950745715,-0.1873185848,12.27574087,0,-0.1523682638,0.200932153,-0.1017187788,-0.3622258977,1.051967236,-0.002318849359,25.10069037,0.3622258977,0.002318849359,25.36351633,25.36351633,0.0223713736,0.5072703267,-1.917475985e-06,9.587379924e-07,-4.793689962e-07,-5.752427955e-06,0.5072703267,-9.875001322e-05,-1.917475985e-06,9.587379924e-07,-4.793689962e-07,-5.752427955e-06,0.5072703267,-9.875001322e-05,0,0,0,0,0,0
10.92,1,1,5.344964308e-05,3.595267472e-05,-1.917475985e-06,6.711165947e-05,-0.0381855755,-4.769721512e-05,0,0,0,0,0.01047197551,0,-0.03578993125,0.00884178136,0.002937999163,-0.002395644254,-0.02907497255,-0.1878867836,12.26200743,0,-0.1509744149,0.1983587591,-0.1295736341,-0.3565175293,1.048684967,-0.002310086114,25.176829,0.3565175293,0.002310086114,25.40608298,25.40608298,0.02235873712,0.5081216596,-3.355582973e-06,1.438106989e-06,-4.793689962e-07,-5.752427955e-06,0.5081216596,-9.875001322e-05,-3.355582973e-06,1.438106989e-06,-4.793689962e-07,-5.752427955e-06,0.5081216596,-9.875001322e-05,0,0,0,0,0,0
10.93,1,1,5.273058958e-05,3.667172821e-05,-1.917475985e-06,6.711165947e-05,-0.03806932852,-4.817658412e-05,0,0,0,0,0.01047197551,0,-0.03570136694,0.008871040016,0.002913718755,-0.002367961582,-0.02871450364,-0.1857656704,12.24902779,0,-0.1496434668,0.1962376459,-0.1444328391,-0.351724753,1.04856872,-0.002282191635,24.89259983,0.351724753,0.002282191635,25.10217394,25.10217394,0.02234590016,0.5020434788,-1.917475985e-06,-0,-4.793689962e-07,-5.752427955e-06,0.5020434788,-9.779127523e-05,-1.917475985e-06,-0,-4.793689962e-07,-5.752427955e-06,0.5020434788,-9.779127523e-05,0,0,0,0,0,0
10.94,1,1,5.129248259e-05,3.619235921e-05,-1.438106989e-06,6.687197497e-05,-0.03795499901,-4.745753063e-05,0.001047197551,0,0,0,0.01047197551,0,-0.03561251126,0.008900055469,0.002889358466,-0.002342487757,-0.02838179709,-0.1838159344,12.23638766,0,-0.1483342774,0.1942879099,-0.1535665931,-0.3472906718,1.04845439,-0.002256434301,24.63133521,0.3472906718,0.002256434301,24.82731572,24.82731572,0.02233289753,0.4965463144,-0.0001037610171,9.587379924e-07,-1.438106989e-06,-5.273058958e-06,0.4965463144,-9.922938222e-05,-0.0001037610171,9.587379924e-07,-1.438106989e-06,-5.273058958e-06,0.4965463144,-9.922938222e-05,0,0,0,0,0,0
10.95,1,1,5.129248259e-05,3.619235921e-05,-1.677791487e-06,6.663229047e-05,-0.03783515676,-4.769721512e-05,0,0,0,0,0.01151917306,0,-0.03552336664,0.008928826922,0.002864918963,-0.002311790123,-0.02798591159,-0.1804087209,12.2232712,0,-0.1469617557,0.191927894,-0.1689145459,-0.342079387,1.049387503,-0.002217239444,24.1747686,0.342079387,0.002217239444,24.35015068,24.35015068,0.0223196455,0.4870030137,9.587379924e-07,9.587379924e-07,-9.587379924e-07,-4.793689962e-06,0.4870030137,-9.875001322e-05,9.587379924e-07,9.587379924e-07,-9.587379924e-07,-4.793689962e-06,0.4870030137,-9.875001322e-05,0,0,0,0,0,0
10.96,1,1,5.368932758e-05,3.691141271e-05,-1.677791487e-06,6.759102847e-05,-0.03772634,-4.841626862e-05,0,0,0,0,0.009424777961,0,-0.03543393553,0.008957353586,0.002840400917,-0.002292404468,-0.0277289595,-0.1810274094,12.21147915,0,-0.145715325,0.1904521874,-0.1646363214,-0.3386116109,1.047173325,-0.002214139774,24.25767286,0.3386116109,0.002214139774,24.43386229,24.43386229,0.02230630374,0.4886772458,-3.83495197e-06,-4.793689962e-07,-9.587379924e-07,-6.711165947e-06,0.4886772458,-9.731190623e-05,-3.83495197e-06,-4.793689962e-07,-9.587379924e-07,-6.711165947e-06,0.4886772458,-9.731190623e-05,0,0,0,0,0,0
10.97,1,1,5.344964308e-05,3.619235921e-05,-1.677791487e-06,6.663229047e-05,-0.03763909484,-4.721784613e-05,0,0,0,0,0.006283185307,0,-0.03534422039,0.008985634681,0.002815805001,-0.002294874457,-0.02773918765,-0.1844044464,12.20210546,0,-0.1447158608,0.1906876317,-0.1296479968,-0.3384764932,1.04393215,-0.00224017378,24.71019582,0.3384764932,0.00224017378,24.92126449,24.92126449,0.02229309613,0.4984252898,-3.355582973e-06,9.587379924e-07,-9.587379924e-07,-4.793689962e-06,0.4984252898,-9.970875121e-05,-3.355582973e-06,9.587379924e-07,-9.587379924e-07,-4.793689962e-06,0.4984252898,-9.970875121e-05,0,0,0,0,0,0
10.98,1,1,5.249090509e-05,3.643204371e-05,-7.190534943e-07,6.495449899e-05,-0.03757557845,-4.745753063e-05,0,0,0,0,0.005235987756,0,-0.03525422366,0.009013669429,0.002791131887,-0.002321354791,-0.02804226006,-0.1875676156,12.1953263,0,-0.1439881603,0.1928036033,-0.06637240878,-0.3419845117,1.04281842,-0.002272422908,25.13406049,0.3419845117,0.002272422908,25.41194501,25.41194501,0.02228020189,0.5082389003,-1.438106989e-06,4.793689962e-07,-2.876213977e-06,-1.438106989e-06,0.5082389003,-9.922938222e-05,-1.438106989e-06,4.793689962e-07,-2.876213977e-06,-1.438106989e-06,0.5082389003,-9.922938222e-05,0,0,0,0,0,0
10.99,1,1,5.225122059e-05,3.691141271e-05,-1.677791487e-06,6.711165947e-05,-0.0375269225,-4.769721512e-05,0,0,0,0,0.004188790205,0,-0.03516394782,0.009041457063,0.002766382254,-0.002362974677,-0.02852955123,-0.1919160922,12.19015887,0,-0.1434306753,0.1961048824,0.006398149208,-0.347779762,1.041720099,-0.002318909368,25.71675635,0.347779762,0.002318909368,26.07325317,26.07325317,0.0222677506,0.5214650635,-9.587379924e-07,-4.793689962e-07,-9.587379924e-07,-5.752427955e-06,0.5214650635,-9.875001322e-05,-9.587379924e-07,-4.793689962e-07,-9.587379924e-07,-5.752427955e-06,0.5214650635,-9.875001322e-05,0,0,0,0,0,0
11,1,1,5.177185159e-05,3.73907817e-05,-1.677791487e-06,6.591323698e-05,-0.03748473803,-4.817658412e-05,0,0,0,0,0.003141592654,0,-0.03507339535,0.009068996821,0.002741556778,-0.002411342681,-0.02909857111,-0.1967921412,12.18569673,0,-0.1429473113,0.1999337339,0.07548712816,-0.3545863629,1.040628798,-0.00237156177,26.37014692,0.3545863629,0.00237156177,26.80259197,26.80259197,0.02225573968,0.5360518395,-0,-1.438106989e-06,-9.587379924e-07,-3.355582973e-06,0.5360518395,-9.779127523e-05,-0,-1.438106989e-06,-9.587379924e-07,-3.355582973e-06,0.5360518395,-9.779127523e-05,0,0,0,0,0,0
11.01,1,1,5.273058958e-05,3.906857319e-05,-9.587379924e-07,6.615292148e-05,-0.03744063608,-4.841626862e-05,0,0,0,0,0.005235987756,0,-0.03498256872,0.009096287948,0.002716656141,-0.002458067365,-0.02964701299,-0.1983971086,12.18104961,0,-0.1424419494,0.2036330963,0.1289314594,-0.3611317362,1.042683478,-0.002399099744,26.58521255,0.3611317362,0.002399099744,27.07767484,27.07767484,0.0222441305,0.5415534969,-1.917475985e-06,-4.793689962e-06,-2.396844981e-06,-3.83495197e-06,0.5415534969,-9.731190623e-05,-1.917475985e-06,-4.793689962e-06,-2.396844981e-06,-3.83495197e-06,0.5415534969,-9.731190623e-05,0,0,0,0,0,0
11.02,1,1,5.344964308e-05,3.76304662e-05,-1.438106989e-06,6.854976646e-05,-0.03738119432,-4.769721512e-05,0,0,0,0,0.005235987756,0,-0.03489147042,0.009123329696,0.002691681026,-0.002489723906,-0.03001144967,-0.2009170028,12.17481495,0,-0.141760766,0.2061529906,0.151272574,-0.3653838462,1.042624036,-0.002428045802,26.92287838,0.3653838462,0.002428045802,27.44196285,27.44196285,0.02223272586,0.5488392569,-3.355582973e-06,-1.917475985e-06,-1.438106989e-06,-8.628641932e-06,0.5488392569,-9.875001322e-05,-3.355582973e-06,-1.917475985e-06,-1.438106989e-06,-8.628641932e-06,0.5488392569,-9.875001322e-05,0,0,0,0,0,0
11.03,1,1,5.225122059e-05,3.715109721e-05,-2.636529479e-06,6.711165947e-05,-0.03729514759,-4.841626862e-05,0,0,0,0,0.009424777961,0,-0.03480010296,0.009150121323,0.002666632117,-0.002495044635,-0.03005507974,-0.197187754,12.16584834,0,-0.1407746104,0.2066125319,0.1311729693,-0.3656455421,1.046742132,-0.002400602951,26.42315903,0.3656455421,0.002400602951,26.92237814,26.92237814,0.02222124386,0.5384475629,-9.587379924e-07,-9.587379924e-07,9.587379924e-07,-5.752427955e-06,0.5384475629,-9.731190623e-05,-9.587379924e-07,-9.587379924e-07,9.587379924e-07,-5.752427955e-06,0.5384475629,-9.731190623e-05,0,0,0,0,0,0
11.04,1,1,5.177185159e-05,3.667172821e-05,-2.636529479e-06,6.807039746e-05,-0.03717242913,-4.889563761e-05,0,0,-0.001047197551,0,0.01361356817,0,-0.03470846883,0.009176662095,0.002641510101,-0.002463960298,-0.02965623472,-0.1906093631,12.15317993,0,-0.1393679927,0.2042229313,0.06265758898,-0.3604175567,1.05083233,-0.002337440603,25.54165466,0.3604175567,0.002337440603,25.96706725,25.96706725,0.02220934137,0.5193413449,-0,-0,0.0001056784931,-7.669903939e-06,0.5193413449,-9.635316824e-05,-0,-0,0.0001056784931,-7.669903939e-06,0.5193413449,-9.635316824e-05,0,0,0,0,0,0
11.05,1,1,5.249090509e-05,3.595267472e-05,-2.396844981e-06,6.759102847e-05,-0.03701855168,-4.769721512e-05,0,0,0,0,0.01675516082,0,-0.03461657055,0.009202951283,0.002616315667,-0.002401981127,-0.02888316909,-0.1826565926,12.1374931,0,-0.1376039326,0.1994117535,-0.03761986986,-0.3505692655,1.053843896,-0.002251507398,24.47598341,0.3505692655,0.002251507398,24.79118432,24.79118432,0.02219678861,0.4958236863,-1.438106989e-06,1.438106989e-06,4.793689962e-07,-6.711165947e-06,0.4958236863,-9.875001322e-05,-1.438106989e-06,1.438106989e-06,4.793689962e-07,-6.711165947e-06,0.4958236863,-9.875001322e-05,0,0,0,0,0,0
11.06,1,1,5.368932758e-05,3.643204371e-05,-2.396844981e-06,6.735134397e-05,-0.03687090603,-4.745753063e-05,0,0,0,0,0.01151917306,0,-0.03452441064,0.009228988169,0.002591049505,-0.002346495384,-0.02819048988,-0.1835856852,12.12264817,0,-0.1359110107,0.1951048583,-0.1086518049,-0.3417433906,1.048423252,-0.002238432382,24.60048182,0.3417433906,0.002238432382,24.83581184,24.83581184,0.02218383227,0.4967162368,-3.83495197e-06,4.793689962e-07,4.793689962e-07,-6.231796951e-06,0.4967162368,-9.922938222e-05,-3.83495197e-06,4.793689962e-07,4.793689962e-07,-6.231796951e-06,0.4967162368,-9.922938222e-05,0,0,0,0,0,0
11.07,1,1,5.344964308e-05,3.643204371e-05,-1.917475985e-06,6.759102847e-05,-0.03675729558,-4.745753063e-05,0,0,0,0,0.009424777961,0,-0.03443199163,0.009254772037,0.002565712308,-0.002325303944,-0.02791455969,-0.1840590964,12.11136261,0,-0.1346081402,0.1934838744,-0.1179219863,-0.3380833546,1.04620428,-0.002233409321,24.66391892,0.3380833546,0.002233409321,24.8863137,24.8863137,0.02217087212,0.497726274,-3.355582973e-06,4.793689962e-07,-4.793689962e-07,-6.711165947e-06,0.497726274,-9.922938222e-05,-3.355582973e-06,4.793689962e-07,-4.793689962e-07,-6.711165947e-06,0.497726274,-9.922938222e-05,0,0,0,0,0,0
11.08,1,1,5.225122059e-05,3.571299022e-05,-1.917475985e-06,6.783071296e-05,-0.03668131559,-4.697816163e-05,0,0,0,0,0.004188790205,0,-0.03433931605,0.00928030218,0.002540304771,-0.002341999541,-0.02809769807,-0.1906447237,12.10388157,0,-0.1337367151,0.1948335139,-0.07044081166,-0.3400912099,1.040874492,-0.002288499681,25.54639297,0.3400912099,0.002288499681,25.81833187,25.81833187,0.02215823651,0.5163666374,-9.587379924e-07,1.917475985e-06,-4.793689962e-07,-7.190534943e-06,0.5163666374,-0.0001001881202,-9.587379924e-07,1.917475985e-06,-4.793689962e-07,-7.190534943e-06,0.5163666374,-0.0001001881202,0,0,0,0,0,0
11.09,1,1,5.249090509e-05,3.595267472e-05,-1.917475985e-06,6.759102847e-05,-0.03663074216,-4.769721512e-05,0,0,0,0,0.004188790205,0,-0.03424638644,0.0093055779,0.00251482759,-0.002384355725,-0.02859112266,-0.1940064147,12.09893156,0,-0.1331566389,0.1981952049,0.004167935042,-0.3459220363,1.040823919,-0.002327346557,25.99685957,0.3459220363,0.002327346557,26.34927689,26.34927689,0.02214608661,0.5269855378,-1.438106989e-06,1.438106989e-06,-4.793689962e-07,-6.711165947e-06,0.5269855378,-9.875001322e-05,-1.438106989e-06,1.438106989e-06,-4.793689962e-07,-6.711165947e-06,0.5269855378,-9.875001322e-05,0,0,0,0,0,0
11.1,1,1,5.320995858e-05,3.667172821e-05,-1.677791487e-06,6.687197497e-05,-0.03658927674,-4.769721512e-05,0,0,0,0,0.004188790205,0,-0.03415320534,0.009330598502,0.002489281463,-0.002436071402,-0.02919728379,-0.1981011526,12.09489058,0,-0.1326810062,0.2022899428,0.07843449967,-0.3531379527,1.040782453,-0.002375021989,26.54555445,0.3531379527,0.002375021989,26.97950193,26.97950193,0.02213441893,0.5395900386,-2.876213977e-06,-0,-9.587379924e-07,-5.273058958e-06,0.5395900386,-9.875001322e-05,-2.876213977e-06,-0,-9.587379924e-07,-5.273058958e-06,0.5395900386,-9.875001322e-05,0,0,0,0,0,0
11.11,1,1,5.368932758e-05,3.715109721e-05,-1.438106989e-06,6.687197497e-05,-0.03655979555,-4.745753063e-05,0,0,0,0,0.002094395102,0,-0.03405977532,0.009355363302,0.002463667092,-0.002500020231,-0.02995082063,-0.2052477159,12.09202713,0,-0.1323428258,0.207342111,0.1566653927,-0.3621661357,1.038655287,-0.002449419921,27.50319393,0.3621661357,0.002449419921,28.02447488,28.02447488,0.02212335093,0.5604894976,-3.83495197e-06,-9.587379924e-07,-1.438106989e-06,-5.273058958e-06,0.5604894976,-9.922938222e-05,-3.83495197e-06,-9.587379924e-07,-1.438106989e-06,-5.273058958e-06,0.5604894976,-9.922938222e-05,0,0,0,0,0,0
11.12,1,1,5.249090509e-05,3.667172821e-05,-1.438106989e-06,6.687197497e-05,-0.03652528098,-4.721784613e-05,0,0,0,0,0.002094395102,0,-0.03396609893,0.009379871619,0.002437985178,-0.002559182052,-0.03064586703,-0.2099233776,12.08868494,0,-0.1319468928,0.2120177727,0.2135329646,-0.3704682313,1.038620773,-0.00250385155,28.1297326,0.3704682313,0.00250385155,28.71623765,28.71623765,0.02211279643,0.574324753,-1.438106989e-06,-0,-1.438106989e-06,-5.273058958e-06,0.574324753,-9.970875121e-05,-1.438106989e-06,-0,-1.438106989e-06,-5.273058958e-06,0.574324753,-9.970875121e-05,0,0,0,0,0,0
11.13,1,1,5.153216709e-05,3.691141271e-05,-1.438106989e-06,6.711165947e-05,-0.03648621241,-4.721784613e-05,0,0,0,0,0.004188790205,0,-0.03387217874,0.009404122783,0.002412236426,-0.002614033665,-0.03128823776,-0.2121659626,12.08491497,0,-0.1314986999,0.2163547529,0.2535526609,-0.3781156928,1.040679389,-0.00253948328,28.43023899,0.3781156928,0.00253948328,29.06444683,29.06444683,0.02210274693,0.5812889366,4.793689962e-07,-4.793689962e-07,-1.438106989e-06,-5.752427955e-06,0.5812889366,-9.970875121e-05,4.793689962e-07,-4.793689962e-07,-1.438106989e-06,-5.752427955e-06,0.5812889366,-9.970875121e-05,0,0,0,0,0,0
11.14,1,1,5.177185159e-05,3.73907817e-05,-2.157160483e-06,6.759102847e-05,-0.03642677065,-4.745753063e-05,0,0,0,0,0.007330382858,0,-0.03377801733,0.009428116127,0.002386421541,-0.002648753319,-0.03168686034,-0.2117849186,12.07920591,0,-0.1308167486,0.2191153014,0.2570519473,-0.3827521105,1.043770587,-0.002548869351,28.37917909,0.3827521105,0.002548869351,29.02153202,29.02153202,0.02209291466,0.5804306403,-0,-1.438106989e-06,-0,-6.711165947e-06,0.5804306403,-9.922938222e-05,-0,-1.438106989e-06,-0,-6.711165947e-06,0.5804306403,-9.922938222e-05,0,0,0,0,0,0
11.15,1,1,5.249090509e-05,3.595267472e-05,-2.636529479e-06,6.783071296e-05,-0.03634551761,-4.769721512e-05,0,0,0,0,0.00837758041,0,-0.03368361728,0.009451850995,0.002360541231,-0.002661900326,-0.03182469304,-0.2118098807,12.07145434,0,-0.1298844911,0.2201874611,0.2291724514,-0.3841703288,1.044740644,-0.002552773694,28.38252401,0.3841703288,0.002552773694,28.99841957,28.99841957,0.02208308577,0.5799683913,-1.438106989e-06,1.438106989e-06,9.587379924e-07,-7.190534943e-06,0.5799683913,-9.875001322e-05,-1.438106989e-06,1.438106989e-06,9.587379924e-07,-7.190534943e-06,0.5799683913,-9.875001322e-05,0,0,0,0,0,0
11.16,1,1,5.249090509e-05,3.643204371e-05,-2.876213977e-06,6.878945096e-05,-0.0362482057,-4.721784613e-05,0,0,0,0,0.009424777961,0,-0.03358898118,0.009475326736,0.002334596205,-0.002659224524,-0.03177159512,-0.2105963306,12.06225018,0,-0.1287678703,0.2200211086,0.1841074611,-0.3832369291,1.04569519,-0.002541646701,28.2199083,0.3832369291,0.002541646701,28.78979434,28.78979434,0.0220731635,0.5757958867,-1.438106989e-06,4.793689962e-07,1.438106989e-06,-9.108010928e-06,0.5757958867,-9.970875121e-05,-1.438106989e-06,4.793689962e-07,1.438106989e-06,-9.108010928e-06,0.5757958867,-9.970875121e-05,0,0,0,0,0,0
11.17,1,1,5.225122059e-05,3.691141271e-05,-2.157160483e-06,6.831008196e-05,-0.03613866989,-4.745753063e-05,0,0,0,0,0.009424777961,0,-0.03349411161,0.009498542706,0.002308587176,-0.002644558273,-0.03157419128,-0.2094908076,12.05199321,0,-0.1275108396,0.2189155856,0.129900723,-0.380531939,1.045585654,-0.002526618186,28.07176822,0.380531939,0.002526618186,28.5847275,28.5847275,0.02206305207,0.5716945501,-9.587379924e-07,-4.793689962e-07,-0,-8.149272936e-06,0.5716945501,-9.922938222e-05,-9.587379924e-07,-4.793689962e-07,-0,-8.149272936e-06,0.5716945501,-9.922938222e-05,0,0,0,0,0,0
11.18,1,1,5.273058958e-05,3.691141271e-05,-2.396844981e-06,6.807039746e-05,-0.03603033249,-4.745753063e-05,0,0,0,0,0.009424777961,0,-0.03339901119,0.009521498269,0.002282514855,-0.002631321302,-0.03139444027,-0.2084964713,12.04195591,0,-0.1262674128,0.2179212492,0.08795506878,-0.3780504656,1.045477317,-0.002512943139,27.93852715,0.3780504656,0.002512943139,28.40704563,28.40704563,0.02205284784,0.5681409126,-1.917475985e-06,-4.793689962e-07,4.793689962e-07,-7.669903939e-06,0.5681409126,-9.922938222e-05,-1.917475985e-06,-4.793689962e-07,4.793689962e-07,-7.669903939e-06,0.5681409126,-9.922938222e-05,0,0,0,0,0,0
11.19,1,1,5.273058958e-05,3.667172821e-05,-1.917475985e-06,6.735134397e-05,-0.03590665529,-4.745753063e-05,0,0,0,0,0.01256637061,0,-0.03330368252,0.009544192795,0.002256379958,-0.002602972774,-0.03103328874,-0.2031756696,12.03062771,0,-0.1248477459,0.2157420402,0.03142787546,-0.3733499433,1.048512504,-0.00246188263,27.22553973,0.3733499433,0.00246188263,27.63277943,27.63277943,0.02204232162,0.5526555886,-1.917475985e-06,-0,-4.793689962e-07,-6.231796951e-06,0.5526555886,-9.922938222e-05,-1.917475985e-06,-0,-4.793689962e-07,-6.231796951e-06,0.5526555886,-9.922938222e-05,0,0,0,0,0,0
11.2,1,1,5.297027408e-05,3.619235921e-05,-2.396844981e-06,6.759102847e-05,-0.03575781122,-4.673847713e-05,0,0,0,0,0.01570796327,0,-0.03320812821,0.009566625662,0.002230183201,-0.002549683011,-0.03037311467,-0.195897595,12.01717806,0,-0.1231389422,0.2116055583,-0.05084864864,-0.3649991272,1.05152746,-0.002386170795,26.25027773,0.3649991272,0.002386170795,26.56681438,26.56681438,0.02203122577,0.5313362876,-2.396844981e-06,9.587379924e-07,4.793689962e-07,-6.711165947e-06,0.5313362876,-0.0001006674892,-2.396844981e-06,9.587379924e-07,4.793689962e-07,-6.711165947e-06,0.5313362876,-0.0001006674892,0,0,0,0,0,0
11.21,1,1,5.249090509e-05,3.643204371e-05,-1.438106989e-06,6.735134397e-05,-0.03558284154,-4.721784613e-05,0,0,0,0,0.01780235837,-0.001047197551,-0.03311235088,0.009588796255,0.002203925303,-0.002470490656,-0.02940336819,-0.1876300656,12.00162351,0,-0.1211298577,0.205432424,-0.155063607,-0.352888155,1.053464431,-0.002292663591,25.1424288,0.352888155,0.002292663591,25.34254601,25.34254601,0.02201932388,0.5068509202,-1.438106989e-06,4.793689962e-07,-1.438106989e-06,-6.231796951e-06,0.5068509202,5.011003907e-06,-1.438106989e-06,4.793689962e-07,-1.438106989e-06,-6.231796951e-06,0.5068509202,5.011003907e-06,0,0,0,0,0,0
11.22,1,1,5.225122059e-05,3.715109721e-05,-2.876213977e-06,6.735134397e-05,-0.03540691311,-4.793689962e-05,0,0,0,0,0.01570796327,0,-0.03301635316,0.009610703966,0.002177606983,-0.002390559955,-0.02842682017,-0.1834864771,11.98626154,0,-0.1191093933,0.1991944403,-0.2402659993,-0.3407313012,1.051176561,-0.002231037027,24.58718793,0.3407313012,0.002231037027,24.68988427,24.68988427,0.02200676961,0.4937976853,-9.587379924e-07,-9.587379924e-07,1.438106989e-06,-6.231796951e-06,0.4937976853,-9.827064422e-05,-9.587379924e-07,-9.587379924e-07,1.438106989e-06,-6.231796951e-06,0.4937976853,-9.827064422e-05,0,0,0,0,0,0
11.23,1,1,5.273058958e-05,3.715109721e-05,-2.396844981e-06,6.711165947e-05,-0.03527508664,-4.745753063e-05,0,0,0,0,0.01047197551,0,-0.03292013768,0.009632348195,0.002151228963,-0.002354948961,-0.02798295041,-0.1859618841,11.9749325,0,-0.1175951811,0.1964338596,-0.2458590657,-0.3350939424,1.045774478,-0.00223667202,24.91889247,0.3350939424,0.00223667202,25.01036402,25.01036402,0.0219941673,0.5002072803,-1.917475985e-06,-9.587379924e-07,4.793689962e-07,-5.752427955e-06,0.5002072803,-9.922938222e-05,-1.917475985e-06,-9.587379924e-07,4.793689962e-07,-5.752427955e-06,0.5002072803,-9.922938222e-05,0,0,0,0,0,0
11.24,1,1,5.249090509e-05,3.643204371e-05,-2.396844981e-06,6.687197497e-05,-0.03518951927,-4.673847713e-05,0,0,0,0,0.006283185307,0,-0.03282370708,0.009653728349,0.002124791965,-0.002365812198,-0.02809602447,-0.1910419468,11.96766215,0,-0.116612211,0.1973251321,-0.1835305503,-0.3362437287,1.041482574,-0.002277672833,25.59962087,0.3362437287,0.002277672833,25.75461172,25.75461172,0.02198187372,0.5150922345,-1.438106989e-06,4.793689962e-07,4.793689962e-07,-5.273058958e-06,0.5150922345,-0.0001006674892,-1.438106989e-06,4.793689962e-07,4.793689962e-07,-5.273058958e-06,0.5150922345,-0.0001006674892,0,0,0,0,0,0
11.25,1,1,5.225122059e-05,3.715109721e-05,-1.677791487e-06,6.687197497e-05,-0.03513774742,-4.697816163e-05,0,0,0,0,0.004188790205,0,-0.03272706399,0.009674843841,0.002098296716,-0.002410683429,-0.02861588566,-0.1967006002,11.96329504,0,-0.1160174316,0.2008893904,-0.08408499918,-0.342340283,1.039330924,-0.002334202112,26.35788043,0.342340283,0.002334202112,26.61846992,26.61846992,0.02197011309,0.5323693984,-9.587379924e-07,-9.587379924e-07,-9.587379924e-07,-5.273058958e-06,0.5323693984,-0.0001001881202,-9.587379924e-07,-9.587379924e-07,-9.587379924e-07,-5.273058958e-06,0.5323693984,-0.0001001881202,0,0,0,0,0,0
11.26,1,1,5.273058958e-05,3.691141271e-05,-1.677791487e-06,6.807039746e-05,-0.03510227412,-4.673847713e-05,0,0,0,0,0.003141592654,0.001047197551,-0.03263021108,0.009695694091,0.00207174394,-0.002472063034,-0.02933277967,-0.2026086029,11.96031657,0,-0.1156098796,0.2057501955,0.02016111237,-0.3508293307,1.038246334,-0.002398073571,27.14955278,0.3508293307,0.002398073571,27.5229413,27.5229413,0.02195898449,0.550458826,-1.917475985e-06,-4.793689962e-07,-9.587379924e-07,-7.669903939e-06,0.550458826,-0.0002053872443,-1.917475985e-06,-4.793689962e-07,-9.587379924e-07,-7.669903939e-06,0.550458826,-0.0002053872443,0,0,0,0,0,0
11.27,1,1,5.368932758e-05,3.667172821e-05,-4.793689962e-07,6.711165947e-05,-0.03506895797,-4.697816163e-05,0,0,0,0,0.003141592654,0,-0.032533151,0.00971627853,0.002045134367,-0.002535806973,-0.03007742864,-0.2076539215,11.95752943,0,-0.1152270981,0.2107955142,0.1088591998,-0.3596517383,1.038213018,-0.002456444908,27.82562549,0.3596517383,0.002456444908,28.29659287,28.29659287,0.0219484324,0.5659318574,-3.83495197e-06,-0,-3.355582973e-06,-5.752427955e-06,0.5659318574,-0.0001001881202,-3.83495197e-06,-0,-3.355582973e-06,-5.752427955e-06,0.5659318574,-0.0001001881202,0,0,0,0,0,0
11.28,1,1,5.273058958e-05,3.691141271e-05,-9.587379924e-07,6.711165947e-05,-0.03503012908,-4.793689962e-05,-0.001047197551,0,0,0,0.003141592654,0,-0.0324358864,0.009736596592,0.002018468725,-0.002594242683,-0.03075809624,-0.2122812935,11.9542936,0,-0.1147809626,0.2154228862,0.1735076684,-0.3676913129,1.038174189,-0.002509842544,28.44569333,0.3676913129,0.002509842544,28.98940216,28.98940216,0.02193839737,0.5797880431,0.0001028022791,-4.793689962e-07,-2.396844981e-06,-5.752427955e-06,0.5797880431,-9.827064422e-05,0.0001028022791,-4.793689962e-07,-2.396844981e-06,-5.752427955e-06,0.5797880431,-9.827064422e-05,0,0,0,0,0,0
11.29,1,1,5.273058958e-05,3.667172821e-05,-4.793689962e-07,6.735134397e-05,-0.03498051439,-4.793689962e-05,0,0,0,0,0.005235987756,0,-0.03233841996,0.00975664772,0.001991747746,-0.002642094436,-0.03131179313,-0.2139827407,11.95017845,0,-0.1142108756,0.2192187285,0.2108205244,-0.3741815155,1.040223356,-0.002538833337,28.67368725,0.3741815155,0.002538833337,29.26122813,29.26122813,0.02192872298,0.5852245625,-1.917475985e-06,-0,-3.355582973e-06,-6.231796951e-06,0.5852245625,-9.827064422e-05,-1.917475985e-06,-0,-3.355582973e-06,-6.231796951e-06,0.5852245625,-9.827064422e-05,0,0,0,0,0,0
11.3,1,1,5.320995858e-05,3.667172821e-05,-7.190534943e-07,6.735134397e-05,-0.0349138821,-4.769721512e-05,0,0,0,0,0.007330382858,0,-0.03224075434,0.009776431365,0.001964972162,-0.002673127764,-0.03166418577,-0.214364044,11.94468627,0,-0.1134452076,0.2216944269,0.2173243612,-0.3782187651,1.042257699,-0.002552212368,28.7247819,0.3782187651,0.002552212368,29.32287723,29.32287723,0.02191926235,0.5864575447,-2.876213977e-06,-0,-2.876213977e-06,-6.231796951e-06,0.5864575447,-9.875001322e-05,-2.876213977e-06,-0,-2.876213977e-06,-6.231796951e-06,0.5864575447,-9.875001322e-05,0,0,0,0,0,0
11.31,1,1,5.297027408e-05,3.667172821e-05,-1.917475985e-06,6.807039746e-05,-0.03483238937,-4.793689962e-05,0,0,0,0,0.00837758041,0,-0.03214289222,0.009795946984,0.001938142708,-0.00268949715,-0.03184127672,-0.2146418454,11.93802283,0,-0.1125087111,0.2230194259,0.2014949013,-0.3801218884,1.043227516,-0.002559181478,28.76200729,0.3801218884,0.002559181478,29.34618326,29.34618326,0.02190988183,0.5869236652,-2.396844981e-06,-0,-4.793689962e-07,-7.669903939e-06,0.5869236652,-9.827064422e-05,-2.396844981e-06,-0,-4.793689962e-07,-7.669903939e-06,0.5869236652,-9.827064422e-05,0,0,0,0,0,0
11.32,1,1,5.344964308e-05,3.715109721e-05,-2.157160483e-06,6.759102847e-05,-0.03473891242,-4.841626862e-05,0,0,0,0,0.00837758041,0,-0.03204483629,0.009815194042,0.001911260118,-0.002694076125,-0.03187764527,-0.2150415438,11.93045199,0,-0.1114344031,0.2234191242,0.1718890199,-0.3803147166,1.043134039,-0.002562389245,28.81556687,0.3803147166,0.002562389245,29.370333,29.370333,0.02190049896,0.58740666,-3.355582973e-06,-9.587379924e-07,-0,-6.711165947e-06,0.58740666,-9.731190623e-05,-3.355582973e-06,-9.587379924e-07,-0,-6.711165947e-06,0.58740666,-9.731190623e-05,0,0,0,0,0,0
11.33,1,1,5.320995858e-05,3.667172821e-05,-2.396844981e-06,6.687197497e-05,-0.03464783231,-4.745753063e-05,0,0,0,0,0.00837758041,0,-0.03194658924,0.009834172011,0.00188432513,-0.00270124307,-0.03194498876,-0.2156443145,11.9231497,0,-0.1103875483,0.2240218949,0.1513166905,-0.3808848831,1.043042959,-0.002568030826,28.89633814,0.3808848831,0.002568030826,29.43110775,29.43110775,0.02189119582,0.588622155,-2.876213977e-06,-0,4.793689962e-07,-5.273058958e-06,0.588622155,-9.922938222e-05,-2.876213977e-06,-0,4.793689962e-07,-5.273058958e-06,0.588622155,-9.922938222e-05,0,0,0,0,0,0
11.34,1,1,5.320995858e-05,3.571299022e-05,-1.438106989e-06,6.735134397e-05,-0.03455219819,-4.817658412e-05,0,0,0,0,0.009424777961,0,-0.03184815375,0.009852880372,0.001857338482,-0.002704044442,-0.03196039601,-0.2148571022,11.91556121,0,-0.1092882529,0.2242818802,0.1283854462,-0.3808260549,1.043999183,-0.002562260199,28.7908517,0.3808260549,0.002562260199,29.30262546,29.30262546,0.0218818849,0.5860525091,-2.876213977e-06,1.917475985e-06,-1.438106989e-06,-6.231796951e-06,0.5860525091,-9.779127523e-05,-2.876213977e-06,1.917475985e-06,-1.438106989e-06,-6.231796951e-06,0.5860525091,-9.779127523e-05,0,0,0,0,0,0
11.35,1,1,5.297027408e-05,3.619235921e-05,-1.917475985e-06,6.759102847e-05,-0.03444577828,-4.769721512e-05,0,0,0,0,0.009424777961,0,-0.03174953253,0.009871318611,0.001830300915,-0.002696245745,-0.03184973143,-0.2142845168,11.90721173,0,-0.1080648601,0.2237092948,0.09424683817,-0.3792414956,1.043892763,-0.002553815326,28.71412526,0.3792414956,0.002553815326,29.19016741,29.19016741,0.02187249501,0.5838033481,-2.396844981e-06,9.587379924e-07,-4.793689962e-07,-6.711165947e-06,0.5838033481,-9.875001322e-05,-2.396844981e-06,9.587379924e-07,-4.793689962e-07,-6.711165947e-06,0.5838033481,-9.875001322e-05,0,0,0,0,0,0
11.36,1,1,5.249090509e-05,3.571299022e-05,-1.917475985e-06,6.735134397e-05,-0.0343201836,-4.769721512e-05,0,0,0,0,0.01256637061,0,-0.03165072828,0.009889486223,0.001803213169,-0.002669455318,-0.03151341754,-0.20907783,11.89748614,0,-0.1066208797,0.2216442007,0.03864507094,-0.3749304483,1.046926033,-0.002505155114,28.01642923,0.3749304483,0.002505155114,28.4325099,28.4325099,0.02186276055,0.568650198,-1.438106989e-06,1.917475985e-06,-4.793689962e-07,-6.231796951e-06,0.568650198,-9.875001322e-05,-1.438106989e-06,1.917475985e-06,-4.793689962e-07,-6.231796951e-06,0.568650198,-9.875001322e-05,0,0,0,0,0,0
11.37,1,1,5.249090509e-05,3.595267472e-05,-1.917475985e-06,6.759102847e-05,-0.03415719814,-4.673847713e-05,0,0,0,0,0.01675516082,0,-0.03155174371,0.00990738271,0.001776075987,-0.00260545443,-0.03073545797,-0.1998972433,11.88507173,0,-0.104746763,0.2166524042,-0.06095291595,-0.3652931226,1.050982543,-0.002412607595,26.78623061,0.3652931226,0.002412607595,27.09298342,27.09298342,0.02185231112,0.5418596685,-1.438106989e-06,1.438106989e-06,-4.793689962e-07,-6.711165947e-06,0.5418596685,-0.0001006674892,-1.438106989e-06,1.438106989e-06,-4.793689962e-07,-6.711165947e-06,0.5418596685,-0.0001006674892,0,0,0,0,0,0
11.38,1,1,5.320995858e-05,3.715109721e-05,-1.198422491e-06,6.831008196e-05,-0.0339644918,-4.793689962e-05,0,0,0,0,0.02094395102,0,-0.03145258153,0.009925007581,0.001748890113,-0.002511910272,-0.02960822275,-0.1883871363,11.87069374,0,-0.102530539,0.2093310873,-0.1845048317,-0.3514701445,1.055018105,-0.002289997335,25.24387626,0.3514701445,0.002289997335,25.41313157,25.41313157,0.0218408788,0.5082626314,-2.876213977e-06,-9.587379924e-07,-1.917475985e-06,-8.149272936e-06,0.5082626314,-9.827064422e-05,-2.876213977e-06,-9.587379924e-07,-1.917475985e-06,-8.149272936e-06,0.5082626314,-9.827064422e-05,0,0,0,0,0,0
11.39,1,1,5.344964308e-05,3.643204371e-05,-1.438106989e-06,6.783071296e-05,-0.03378400938,-4.721784613e-05,0,0,0,0,0.01570796327,0,-0.03135324447,0.009942360352,0.001721656292,-0.002430764911,-0.02863020051,-0.1872699875,11.85752188,0,-0.1004545527,0.2029779508,-0.2662335345,-0.3394832289,1.049553658,-0.002251658177,25.09417832,0.3394832289,0.002251658177,25.16967968,25.16967968,0.02182884546,0.5033935935,-3.355582973e-06,4.793689962e-07,-1.438106989e-06,-7.190534943e-06,0.5033935935,-9.970875121e-05,-3.355582973e-06,4.793689962e-07,-1.438106989e-06,-7.190534943e-06,0.5033935935,-9.970875121e-05,0,0,0,0,0,0
11.4,1,1,5.297027408e-05,3.691141271e-05,-2.396844981e-06,6.735134397e-05,-0.03362701603,-4.673847713e-05,0,0,0,0,0.01466076572,0,-0.03125373523,0.009959440549,0.001694375271,-0.002373280797,-0.02793427631,-0.1838224719,11.84629493,0,-0.09864848294,0.1984832376,-0.2992673859,-0.3309176757,1.048341516,-0.002203857453,24.63221124,0.3309176757,0.002203857453,24.66606538,24.66606538,0.02181646466,0.4933213077,-2.396844981e-06,-4.793689962e-07,4.793689962e-07,-6.231796951e-06,0.4933213077,-0.0001006674892,-2.396844981e-06,-4.793689962e-07,4.793689962e-07,-6.231796951e-06,0.4933213077,-0.0001006674892,0,0,0,0,0,0
11.41,1,1,5.320995858e-05,3.715109721e-05,-2.157160483e-06,6.711165947e-05,-0.03347433701,-4.673847713e-05,0,0,0,0,0.01466076572,0,-0.03115405657,0.009976247703,0.001667047798,-0.002320280441,-0.02729264075,-0.179677541,11.83558176,0,-0.09689181348,0.1943383067,-0.3203328374,-0.3230242811,1.048188837,-0.002152280179,24.07679049,0.3230242811,0.002152280179,24.08163421,24.08163421,0.02180369897,0.4816326843,-2.876213977e-06,-9.587379924e-07,-0,-5.752427955e-06,0.4816326843,-0.0001006674892,-2.876213977e-06,-9.587379924e-07,-0,-5.752427955e-06,0.4816326843,-0.0001006674892,0,0,0,0,0,0
11.42,1,1,5.344964308e-05,3.691141271e-05,-2.157160483e-06,6.783071296e-05,-0.03333052631,-4.721784613e-05,0,-0.001047197551,0,0,0.01466076572,0,-0.03105421119,0.009992781353,0.001639674622,-0.002276315115,-0.02675895155,-0.176242152,11.82567552,0,-0.0952369741,0.1909029177,-0.3243804402,-0.3164426784,1.048045027,-0.002109287842,23.61644836,0.3164426784,0.002109287842,23.61061989,23.61061989,0.02179062784,0.4722123978,-3.355582973e-06,0.0001042403861,-0,-7.190534943e-06,0.4722123978,-9.970875121e-05,-3.355582973e-06,0.0001042403861,-0,-7.190534943e-06,0.4722123978,-9.970875121e-05,0,0,0,0,0,0
11.43,1,1,5.344964308e-05,3.667172821e-05,-1.917475985e-06,6.783071296e-05,-0.03319414583,-4.745753063e-05,0,0,0,0,0.01256637061,0,-0.03095420185,0.01000904105,0.001612256493,-0.002239943976,-0.0263158998,-0.1754980738,11.8164462,0,-0.09366745356,0.1880644444,-0.3162424997,-0.3109604143,1.045799995,-0.002090120638,23.51674188,0.3109604143,0.002090120638,23.51354992,23.51354992,0.02177735283,0.4702709984,-3.355582973e-06,-0,-4.793689962e-07,-7.190534943e-06,0.4702709984,-9.922938222e-05,-3.355582973e-06,-0,-4.793689962e-07,-7.190534943e-06,0.4702709984,-9.922938222e-05,0,0,0,0,0,0
11.44,1,1,5.273058958e-05,3.643204371e-05,-2.396844981e-06,6.735134397e-05,-0.03307717979,-4.745753063e-05,0,0,0,0,0.009424777961,0,-0.03085403129,0.01002502634,0.001584794164,-0.002223148507,-0.02610474459,-0.1773449507,11.80865848,0,-0.09232122385,0.1867697287,-0.2810053803,-0.3082620137,1.042524164,-0.002097618353,23.76422339,0.3082620137,0.002097618353,23.79357765,23.79357765,0.02176401433,0.4758715529,-1.917475985e-06,4.793689962e-07,4.793689962e-07,-6.231796951e-06,0.4758715529,-9.922938222e-05,-1.917475985e-06,4.793689962e-07,4.793689962e-07,-6.231796951e-06,0.4758715529,-9.922938222e-05,0,0,0,0,0,0
11.45,1,1,5.249090509e-05,3.73907817e-05,-9.587379924e-07,6.711165947e-05,-0.03299640612,-4.673847713e-05,0,0,0,0,0.005235987756,0,-0.03075370224,0.01004073678,0.001557288387,-0.002242703876,-0.02632301841,-0.183108708,11.80334923,0,-0.0913914794,0.1883446957,-0.1999370362,-0.3106997791,1.038239248,-0.002146739249,24.53656687,0.3106997791,0.002146739249,24.64947635,24.64947635,0.02175103961,0.492989527,-1.438106989e-06,-1.438106989e-06,-2.396844981e-06,-5.752427955e-06,0.492989527,-0.0001006674892,-1.438106989e-06,-1.438106989e-06,-2.396844981e-06,-5.752427955e-06,0.492989527,-0.0001006674892,0,0,0,0,0,0
11.46,1,1,5.225122059e-05,3.691141271e-05,-9.587379924e-07,6.687197497e-05,-0.03295038669,-4.793689962e-05,0,0,0,0,0.003141592654,0,-0.03065321747,0.01005617196,0.001529739915,-0.002297169225,-0.02695314275,-0.1895342226,11.80034946,0,-0.09086174677,0.1926758152,-0.08356453324,-0.3180565033,1.036094447,-0.002211634391,25.39758583,0.3180565033,0.002211634391,25.63428943,25.63428943,0.02173866296,0.5126857886,-9.587379924e-07,-4.793689962e-07,-2.396844981e-06,-5.273058958e-06,0.5126857886,-9.827064422e-05,-9.587379924e-07,-4.793689962e-07,-2.396844981e-06,-5.273058958e-06,0.5126857886,-9.827064422e-05,0,0,0,0,0,0
11.47,1,1,5.320995858e-05,3.715109721e-05,-1.198422491e-06,6.687197497e-05,-0.03291802929,-4.745753063e-05,0,0,0,0,0.003141592654,0,-0.03055257972,0.01007133144,0.001502149506,-0.002365449565,-0.02774591152,-0.194955111,11.79825113,0,-0.09048926704,0.1980967037,0.03096728211,-0.3273532321,1.036062089,-0.002273511681,26.12398488,0.3273532321,0.002273511681,26.4845789,26.4845789,0.0217269093,0.529691578,-2.876213977e-06,-9.587379924e-07,-1.917475985e-06,-5.273058958e-06,0.529691578,-9.922938222e-05,-2.876213977e-06,-9.587379924e-07,-1.917475985e-06,-5.273058958e-06,0.529691578,-9.922938222e-05,0,0,0,0,0,0
11.48,1,1,5.297027408e-05,3.691141271e-05,-1.677791487e-06,6.687197497e-05,-0.03288567188,-4.697816163e-05,0,0,0,0,0.003141592654,0,-0.03045179176,0.01008621481,0.001474517914,-0.002433880119,-0.02854004722,-0.2003868249,11.7961618,0,-0.09011677787,0.2035284176,0.1245185525,-0.3366630147,1.036029732,-0.002335501613,26.85183454,0.3366630147,0.002335501613,27.31535161,27.31535161,0.02171574251,0.5463070322,-2.396844981e-06,-4.793689962e-07,-9.587379924e-07,-5.273058958e-06,0.5463070322,-0.0001001881202,-2.396844981e-06,-4.793689962e-07,-9.587379924e-07,-5.273058958e-06,0.5463070322,-0.0001001881202,0,0,0,0,0,0
11.49,1,1,5.273058958e-05,3.595267472e-05,-1.438106989e-06,6.783071296e-05,-0.03284612394,-4.745753063e-05,0,0,0,0,0.003141592654,0,-0.03035085635,0.01010082167,0.001446845897,-0.00249526759,-0.02925071973,-0.2052620977,11.79362037,0,-0.08966150057,0.2084036904,0.1909096094,-0.344971884,1.035990184,-0.002390958571,27.50512109,0.344971884,0.002390958571,28.04339354,28.04339354,0.02170507004,0.5608678709,-1.917475985e-06,1.438106989e-06,-1.438106989e-06,-7.190534943e-06,0.5608678709,-9.922938222e-05,-1.917475985e-06,1.438106989e-06,-1.438106989e-06,-7.190534943e-06,0.5608678709,-9.922938222e-05,0,0,0,0,0,0
11.5,1,1,5.273058958e-05,3.715109721e-05,-2.157160483e-06,6.735134397e-05,-0.03278835997,-4.721784613e-05,0,0,0,0,0.006283185307,0,-0.03024977625,0.0101151516,0.001419134215,-0.002538583723,-0.02974796406,-0.2055701961,11.78993244,0,-0.08899649471,0.2118533814,0.2183147709,-0.3507264864,1.039081415,-0.002407708931,27.54640628,0.3507264864,0.002407708931,28.11785525,28.11785525,0.02169472145,0.562357105,-1.917475985e-06,-9.587379924e-07,-0,-6.231796951e-06,0.562357105,-9.970875121e-05,-1.917475985e-06,-9.587379924e-07,-0,-6.231796951e-06,0.562357105,-9.970875121e-05,0,0,0,0,0,0
11.51,1,1,5.273058958e-05,3.667172821e-05,-1.917475985e-06,6.783071296e-05,-0.03271669431,-4.673847713e-05,0,0,0,0,0.007330382858,0,-0.03014855424,0.01012920422,0.001391383626,-0.002568140069,-0.03008279966,-0.2068876798,11.78539669,0,-0.08817140485,0.2142180627,0.221128287,-0.3545377276,1.040060511,-0.002426569339,27.72294909,0.3545377276,0.002426569339,28.30104168,28.30104168,0.02168455974,0.5660208335,-1.917475985e-06,-0,-4.793689962e-07,-7.190534943e-06,0.5660208335,-0.0001006674892,-1.917475985e-06,-0,-4.793689962e-07,-7.190534943e-06,0.5660208335,-0.0001006674892,0,0,0,0,0,0
11.52,1,1,5.320995858e-05,3.667172821e-05,-1.677791487e-06,6.735134397e-05,-0.03261458871,-4.721784613e-05,0,0,0,0,0.01151917306,0,-0.03004719309,0.01014297914,0.001363594892,-0.002567395621,-0.03006057435,-0.2026741379,11.77901031,0,-0.08699578096,0.2141933109,0.1796291221,-0.3540838153,1.044166935,-0.002394822813,27.15833447,0.3540838153,0.002394822813,27.69444224,27.69444224,0.021674255,0.5538888447,-2.876213977e-06,-0,-9.587379924e-07,-6.231796951e-06,0.5538888447,-9.970875121e-05,-2.876213977e-06,-0,-9.587379924e-07,-6.231796951e-06,0.5538888447,-9.970875121e-05,0,0,0,0,0,0
11.53,1,1,5.320995858e-05,3.643204371e-05,-2.157160483e-06,6.878945096e-05,-0.03248971309,-4.673847713e-05,0,0,0,0,0.01151917306,0,-0.02994569558,0.01015647599,0.001335768774,-0.002544017505,-0.02977211867,-0.2008635026,11.77132085,0,-0.08555786472,0.2123826756,0.1132832873,-0.3504571613,1.044042059,-0.002371698973,26.91570935,0.3504571613,0.002371698973,27.38182149,27.38182149,0.02166362607,0.5476364299,-2.876213977e-06,4.793689962e-07,-0,-9.108010928e-06,0.5476364299,-0.0001006674892,-2.876213977e-06,4.793689962e-07,-0,-9.108010928e-06,0.5476364299,-0.0001006674892,0,0,0,0,0,0
11.54,1,1,5.273058958e-05,3.643204371e-05,-1.677791487e-06,6.831008196e-05,-0.0323550104,-4.697816163e-05,0,0,0,0,0.01256637061,0,-0.0298440645,0.0101696944,0.001307906035,-0.002510945901,-0.02937016038,-0.1972393313,11.7631754,0,-0.08400664295,0.2098057019,0.04509054676,-0.3454863481,1.044960859,-0.002331832345,26.43007039,0.3454863481,0.002331832345,26.82297912,26.82297912,0.02165267808,0.5364595823,-1.917475985e-06,4.793689962e-07,-9.587379924e-07,-8.149272936e-06,0.5364595823,-0.0001001881202,-1.917475985e-06,4.793689962e-07,-9.587379924e-07,-8.149272936e-06,0.5364595823,-0.0001001881202,0,0,0,0,0,0
11.55,1,1,5.177185159e-05,3.595267472e-05,-1.677791487e-06,6.878945096e-05,-0.03220592664,-4.745753063e-05,0,0,0,0,0.01570796327,0,-0.02974230262,0.010182634,0.001280007439,-0.002463624018,-0.02880136334,-0.1903936303,11.75434043,0,-0.08228963335,0.2061015935,-0.03142130432,-0.3385410297,1.047975575,-0.002262722019,25.51274646,0.3385410297,0.002262722019,25.8221289,25.8221289,0.02164128302,0.5164425781,-0,1.438106989e-06,-9.587379924e-07,-9.108010928e-06,0.5164425781,-9.922938222e-05,-0,1.438106989e-06,-9.587379924e-07,-9.108010928e-06,0.5164425781,-9.922938222e-05,0,0,0,0,0,0
11.56,1,1,5.201153609e-05,3.643204371e-05,-1.917475985e-06,6.807039746e-05,-0.0320333538,-4.745753063e-05,0,0,0,0,0.01780235837,0,-0.02964041275,0.01019529443,0.001252073751,-0.002392941054,-0.02795908484,-0.1827463672,11.74434925,0,-0.08030187075,0.2005487255,-0.1282028689,-0.3283612571,1.049914943,-0.00217867688,24.4880132,0.3283612571,0.00217867688,24.69035026,24.69035026,0.02162922121,0.4938070053,-4.793689962e-07,4.793689962e-07,-4.793689962e-07,-7.669903939e-06,0.4938070053,-9.922938222e-05,-4.793689962e-07,4.793689962e-07,-4.793689962e-07,-7.669903939e-06,0.4938070053,-9.922938222e-05,0,0,0,0,0,0
11.57,1,1,5.297027408e-05,3.691141271e-05,-1.917475985e-06,6.878945096e-05,-0.0318308204,-4.649879263e-05,0,0,0,0,0.01884955592,0,-0.02953839767,0.01020767536,0.001224105737,-0.002292422735,-0.02676802818,-0.1737819957,11.73294544,0,-0.07796870686,0.1926315516,-0.2503139685,-0.3140678141,1.050769203,-0.002073939182,23.28678742,0.3140678141,0.002073939182,23.35261521,23.35261521,0.02161622629,0.4670523041,-2.396844981e-06,-4.793689962e-07,-4.793689962e-07,-9.108010928e-06,0.4670523041,-0.0001011468582,-2.396844981e-06,-4.793689962e-07,-4.793689962e-07,-9.108010928e-06,0.4670523041,-0.0001011468582,0,0,0,0,0,0
11.58,1,1,5.297027408e-05,3.667172821e-05,-1.677791487e-06,6.759102847e-05,-0.03164482523,-4.745753063e-05,0,0,0,0,0.01466076572,0,-0.02943626017,0.01021977643,0.001196104164,-0.002208565057,-0.02577415754,-0.1713641687,11.72277829,0,-0.07582578059,0.1860249344,-0.324730201,-0.3021447344,1.046359325,-0.002026686785,22.96279861,0.3021447344,0.002026686785,22.94223983,22.94223983,0.02160268049,0.4588447965,-2.396844981e-06,-0,-9.587379924e-07,-6.711165947e-06,0.4588447965,-9.922938222e-05,-2.396844981e-06,-0,-9.587379924e-07,-6.711165947e-06,0.4588447965,-9.922938222e-05,0,0,0,0,0,0
11.59,1,1,5.344964308e-05,3.73907817e-05,-1.198422491e-06,6.735134397e-05,-0.03151036223,-4.769721512e-05,-0.001047197551,0,0,0,0.01151917306,0,-0.02933400307,0.01023159733,0.001168069799,-0.002176359156,-0.02538683149,-0.1719833279,11.7156098,0,-0.07427641413,0.183502501,-0.3101898616,-0.2974222117,1.043062708,-0.002019942113,23.04576594,0.2974222117,0.002019942113,23.03501823,23.03501823,0.02158909743,0.4607003647,0.0001013641721,-1.438106989e-06,-1.917475985e-06,-6.231796951e-06,0.4607003647,-9.875001322e-05,0.0001013641721,-1.438106989e-06,-1.917475985e-06,-6.231796951e-06,0.4607003647,-9.875001322e-05,0,0,0,0,0,0
11.6,1,1,5.368932758e-05,3.691141271e-05,-4.793689962e-07,6.735134397e-05,-0.03142167896,-4.721784613e-05,0,0,0,0,0.006283185307,0,-0.02923162916,0.01024313772,0.00114000341,-0.002190049801,-0.02553752438,-0.1783298935,11.71096523,0,-0.07325447687,0.1846130788,-0.2319737066,-0.2990690601,1.037714734,-0.002071783629,23.89620573,0.2990690601,0.002071783629,23.96537287,23.96537287,0.02157585814,0.4793074574,-3.83495197e-06,-4.793689962e-07,-3.355582973e-06,-6.231796951e-06,0.4793074574,-9.970875121e-05,-3.83495197e-06,-4.793689962e-07,-3.355582973e-06,-6.231796951e-06,0.4793074574,-9.970875121e-05,0,0,0,0,0,0
11.61,1,1,5.344964308e-05,3.691141271e-05,-9.587379924e-07,6.735134397e-05,-0.03137110553,-4.721784613e-05,0,0,0,0,0.003141592654,0,-0.02912914125,0.01025439729,0.001111905768,-0.002241964281,-0.02613576171,-0.1856085535,11.70834619,0,-0.07267167066,0.1887501462,-0.1130938039,-0.3060065461,1.034515166,-0.00214180526,24.87154617,0.3060065461,0.00214180526,25.06660072,25.06660072,0.02156320939,0.5013320143,-3.355582973e-06,-4.793689962e-07,-2.396844981e-06,-6.231796951e-06,0.5013320143,-9.970875121e-05,-3.355582973e-06,-4.793689962e-07,-2.396844981e-06,-6.231796951e-06,0.5013320143,-9.970875121e-05,0,0,0,0,0,0
11.62,1,1,5.249090509e-05,3.73907817e-05,-1.198422491e-06,6.759102847e-05,-0.03134114497,-4.745753063e-05,0,0,0,0,0.002094395102,0,-0.02902654215,0.01026537574,0.001083777642,-0.002314602818,-0.02697637562,-0.1924330137,11.70680477,0,-0.07232639756,0.1945274088,0.01345089534,-0.3158071627,1.033436637,-0.002214688334,25.78602384,0.3158071627,0.002214688334,26.11749658,26.11749658,0.02155121788,0.5223499317,-1.438106989e-06,-1.438106989e-06,-1.917475985e-06,-6.711165947e-06,0.5223499317,-9.922938222e-05,-1.438106989e-06,-1.438106989e-06,-1.917475985e-06,-6.711165947e-06,0.5223499317,-9.922938222e-05,0,0,0,0,0,0
11.63,1,1,5.129248259e-05,3.81098352e-05,-2.396844981e-07,6.735134397e-05,-0.03132077179,-4.769721512e-05,0,0,0,0,0.001047197551,0,-0.02892383468,0.01027607275,0.001055619804,-0.002396937113,-0.02793018068,-0.2000238446,11.70576091,0,-0.07209160815,0.2010710421,0.1307272082,-0.3269440172,1.032368243,-0.00229608631,26.80319517,0.3269440172,0.00229608631,27.26316248,27.26316248,0.02153997641,0.5452632497,9.587379924e-07,-2.876213977e-06,-3.83495197e-06,-6.231796951e-06,0.5452632497,-9.875001322e-05,9.587379924e-07,-2.876213977e-06,-3.83495197e-06,-6.231796951e-06,0.5452632497,-9.875001322e-05,0,0,0,0,0,0
11.64,1,1,5.129248259e-05,3.78701507e-05,-7.190534943e-07,6.735134397e-05,-0.03130231608,-4.745753063e-05,-0.001047197551,0,0,0,0.002094395102,0,-0.02882102164,0.01028648804,0.001027433026,-0.002481294445,-0.0289073456,-0.2056790992,11.7048183,0,-0.07187891399,0.2077734943,0.2291723027,-0.3383552279,1.033397808,-0.002364553874,27.56099929,0.3383552279,0.002364553874,28.13089138,28.13089138,0.02152946943,0.5626178276,0.0001056784931,-2.396844981e-06,-2.876213977e-06,-6.231796951e-06,0.5626178276,-9.922938222e-05,0.0001056784931,-2.396844981e-06,-2.876213977e-06,-6.231796951e-06,0.5626178276,-9.922938222e-05,0,0,0,0,0,0
11.65,1,1,5.273058958e-05,3.78701507e-05,-9.587379924e-07,6.759102847e-05,-0.03127499205,-4.769721512e-05,0,0,0,0,0.002094395102,0,-0.02871810586,0.01029662131,0.0009992180801,-0.002556886195,-0.02978160629,-0.2116872111,11.70342801,0,-0.07156401166,0.2137816062,0.2968940035,-0.3485468852,1.033370484,-0.00243237359,28.36608629,0.3485468852,0.00243237359,29.01395955,29.01395955,0.02151960327,0.580279191,-1.917475985e-06,-2.396844981e-06,-2.396844981e-06,-6.711165947e-06,0.580279191,-9.875001322e-05,-1.917475985e-06,-2.396844981e-06,-2.396844981e-06,-6.711165947e-06,0.580279191,-9.875001322e-05,0,0,0,0,0,0
11.66,1,1,5.297027408e-05,3.715109721e-05,-9.587379924e-07,6.687197497e-05,-0.03122849326,-4.769721512e-05,0,0,0,0,0.006283185307,0,-0.02861509015,0.01030647231,0.0009709757401,-0.002613403105,-0.03043237574,-0.2119978003,11.70107647,0,-0.07102811301,0.2182809856,0.3240828974,-0.3560915559,1.037521548,-0.002454473824,28.40770524,0.3560915559,0.002454473824,29.09033417,29.09033417,0.02151016708,0.5818066834,-2.396844981e-06,-9.587379924e-07,-2.396844981e-06,-5.273058958e-06,0.5818066834,-9.875001322e-05,-2.396844981e-06,-9.587379924e-07,-2.396844981e-06,-5.273058958e-06,0.5818066834,-9.875001322e-05,0,0,0,0,0,0
11.67,1,1,5.320995858e-05,3.667172821e-05,-1.917475985e-06,6.807039746e-05,-0.03114915769,-4.697816163e-05,0,0,0,0,0.009424777961,0,-0.02851197735,0.01031604074,0.0009427067803,-0.002637180337,-0.03069995277,-0.2107672481,11.69710619,0,-0.07011373516,0.2201920261,0.2990474431,-0.3591006077,1.040596142,-0.002453640659,28.24281125,0.3591006077,0.002453640659,28.90341294,28.90341294,0.02150078254,0.5780682588,-2.876213977e-06,-0,-4.793689962e-07,-7.669903939e-06,0.5780682588,-0.0001001881202,-2.876213977e-06,-0,-4.793689962e-07,-7.669903939e-06,0.5780682588,-0.0001001881202,0,0,0,0,0,0
11.68,1,1,5.201153609e-05,3.643204371e-05,-2.636529479e-06,6.759102847e-05,-0.03104058061,-4.673847713e-05,0,0,0,0,0.01151917306,0,-0.02840877028,0.01032532636,0.0009144119758,-0.002631810331,-0.03062673326,-0.2082792801,11.69175804,0,-0.06886226463,0.2197984532,0.2368694744,-0.3580803549,1.042592927,-0.002432911257,27.90942354,0.3580803549,0.002432911257,28.50680628,28.50680628,0.02149121845,0.5701361256,-4.793689962e-07,4.793689962e-07,9.587379924e-07,-6.711165947e-06,0.5701361256,-0.0001006674892,-4.793689962e-07,4.793689962e-07,9.587379924e-07,-6.711165947e-06,0.5701361256,-0.0001006674892,0,0,0,0,0,0
11.69,1,1,5.273058958e-05,3.667172821e-05,-1.917475985e-06,6.759102847e-05,-0.03091354783,-4.649879263e-05,0,0,0,0,0.01256637061,0,-0.02830547177,0.0103343289,0.0008860921021,-0.002608076059,-0.03033918597,-0.2053853637,11.68562608,0,-0.06739796903,0.2179517344,0.1594491563,-0.3545323828,1.043519397,-0.002402271547,27.52163874,0.3545323828,0.002402271547,28.03802255,28.03802255,0.02148133833,0.560760451,-1.917475985e-06,-0,-4.793689962e-07,-6.711165947e-06,0.560760451,-0.0001011468582,-1.917475985e-06,-0,-4.793689962e-07,-6.711165947e-06,0.560760451,-0.0001011468582,0,0,0,0,0,0
11.7,1,1,5.273058958e-05,3.73907817e-05,-2.157160483e-06,6.783071296e-05,-0.03077668798,-4.673847713e-05,0,0,0,0,0.01256637061,0,-0.02820208465,0.01034304812,0.0008577479358,-0.002574603332,-0.0299383818,-0.2027666929,11.6791707,0,-0.06582027637,0.2153330636,0.08245461788,-0.3496554715,1.043382537,-0.002369898382,27.17073685,0.3496554715,0.002369898382,27.60521684,27.60521684,0.02147114363,0.5521043368,-1.917475985e-06,-1.438106989e-06,-0,-7.190534943e-06,0.5521043368,-0.0001006674892,-1.917475985e-06,-1.438106989e-06,-0,-7.190534943e-06,0.5521043368,-0.0001006674892,0,0,0,0,0,0
11.71,1,1,5.129248259e-05,3.715109721e-05,-1.677791487e-06,6.687197497e-05,-0.03063383602,-4.697816163e-05,0,0,0,0,0.01466076572,0,-0.02809861175,0.01035148378,0.0008293802539,-0.002535224267,-0.0294692285,-0.1975841913,11.67259942,0,-0.06417337668,0.212244957,0.01088048959,-0.3439824993,1.045348336,-0.002316900223,26.47628163,0.3439824993,0.002316900223,26.83346152,26.83346152,0.0214605684,0.5366692305,9.587379924e-07,-9.587379924e-07,-9.587379924e-07,-5.273058958e-06,0.5366692305,-0.0001001881202,9.587379924e-07,-9.587379924e-07,-9.587379924e-07,-5.273058958e-06,0.5366692305,-0.0001001881202,0,0,0,0,0,0
11.72,1,1,5.249090509e-05,3.85892042e-05,-9.587379924e-07,6.735134397e-05,-0.0304593457,-4.577973914e-05,0,0,0,0,0.01989675347,0,-0.02799505592,0.01035963565,0.0008009898341,-0.002464289786,-0.02863262249,-0.1867582896,11.66480342,0,-0.06216155042,0.2066550431,-0.09400804844,-0.3339939128,1.050455069,-0.002210247562,25.02561081,0.3339939128,0.002210247562,25.26780692,25.26780692,0.02144925024,0.5053561384,-1.438106989e-06,-3.83495197e-06,-2.396844981e-06,-6.231796951e-06,0.5053561384,-0.0001025849652,-1.438106989e-06,-3.83495197e-06,-2.396844981e-06,-6.231796951e-06,0.5053561384,-0.0001025849652,0,0,0,0,0,0
11.73,1,1,5.201153609e-05,3.81098352e-05,-1.438106989e-06,6.663229047e-05,-0.03027023463,-4.673847713e-05,0,0,0,0,0.01675516082,0,-0.02789141999,0.0103675035,0.0007725774548,-0.00237881465,-0.02762759481,-0.1831527326,11.65664012,0,-0.05998093769,0.1999078934,-0.1998296266,-0.32204493,1.047095579,-0.002152524526,24.54246616,0.32204493,0.002152524526,24.66683399,24.66683399,0.02143715983,0.4933366798,-4.793689962e-07,-2.876213977e-06,-1.438106989e-06,-4.793689962e-06,0.4933366798,-0.0001006674892,-4.793689962e-07,-2.876213977e-06,-1.438106989e-06,-4.793689962e-06,0.4933366798,-0.0001006674892,0,0,0,0,0,0
11.74,1,1,5.249090509e-05,3.81098352e-05,-4.793689962e-07,6.735134397e-05,-0.03010461265,-4.793689962e-05,0,0,0,-0.001047197551,0.01361356817,0,-0.0277877068,0.01037508712,0.0007441438949,-0.002316905851,-0.02689836221,-0.18141057,11.64973462,0,-0.05807099806,0.1950241382,-0.2514883323,-0.3133587815,1.043764513,-0.002117277795,24.30901638,0.3133587815,0.002117277795,24.37300411,24.37300411,0.02142470912,0.4874600822,-1.438106989e-06,-2.876213977e-06,-3.355582973e-06,9.848795817e-05,0.4874600822,-9.827064422e-05,-1.438106989e-06,-2.876213977e-06,-3.355582973e-06,9.848795817e-05,0.4874600822,-9.827064422e-05,0,0,0,0,0,0
11.75,1,1,5.320995858e-05,3.715109721e-05,-1.438106989e-06,6.759102847e-05,-0.02999459746,-4.697816163e-05,0,0,0,0.001047197551,0.007330382858,0,-0.02768391919,0.01038238631,0.0007156899339,-0.002310678271,-0.02681837392,-0.1872242312,11.64527328,0,-0.05680222345,0.1945546141,-0.2128846476,-0.3123072933,1.037338414,-0.002157069803,25.08804698,0.3123072933,0.002157069803,25.1896267,25.1896267,0.02141247713,0.503792534,-2.876213977e-06,-9.587379924e-07,-1.438106989e-06,-0.0001114309211,0.503792534,-0.0001001881202,-2.876213977e-06,-9.587379924e-07,-1.438106989e-06,-0.0001114309211,0.503792534,-0.0001001881202,0,0,0,0,0,0
11.76,1,1,5.225122059e-05,3.691141271e-05,-1.677791487e-06,6.663229047e-05,-0.02992317148,-4.673847713e-05,0,0,0,0,0.005235987756,0,-0.02758006002,0.01038940086,0.0006872163519,-0.002343111464,-0.02718871416,-0.1919159474,11.64243046,0,-0.05597845059,0.1971519352,-0.1255828133,-0.3165427139,1.035166013,-0.002200655659,25.71673695,0.3165427139,0.002200655659,25.90989751,25.90989751,0.02140068168,0.5181979502,-9.587379924e-07,-4.793689962e-07,-9.587379924e-07,-4.793689962e-06,0.5181979502,-0.0001006674892,-9.587379924e-07,-4.793689962e-07,-9.587379924e-07,-4.793689962e-06,0.5181979502,-0.0001006674892,0,0,0,0,0,0
11.77,1,1,5.225122059e-05,3.691141271e-05,-4.793689962e-07,6.711165947e-05,-0.02988002827,-4.721784613e-05,0,0,0,0,0.002094395102,0,-0.02747613212,0.01039613057,0.0006587239295,-0.002403896149,-0.02788904867,-0.1999041131,11.64073376,0,-0.05548085583,0.2019985082,-0.01315936828,-0.3246489905,1.03197552,-0.002276951621,26.78715115,0.3246489905,0.002276951621,27.10091773,27.10091773,0.02138954025,0.5420183545,-9.587379924e-07,-4.793689962e-07,-3.355582973e-06,-5.752427955e-06,0.5420183545,-9.970875121e-05,-9.587379924e-07,-4.793689962e-07,-3.355582973e-06,-5.752427955e-06,0.5420183545,-9.970875121e-05,0,0,0,0,0,0
11.78,1,1,5.273058958e-05,3.619235921e-05,-9.587379924e-07,6.711165947e-05,-0.0298579773,-4.649879263e-05,0,0,0,0,0.001047197551,0,-0.02737213836,0.01040257528,0.0006302134479,-0.002485838942,-0.02883551019,-0.2074758554,11.63987251,0,-0.05522652563,0.208523053,0.1088446623,-0.3356416624,1.030905449,-0.002357150338,27.80176462,0.3356416624,0.002357150338,28.2486081,28.2486081,0.02137921949,0.564972162,-1.917475985e-06,9.587379924e-07,-2.396844981e-06,-5.752427955e-06,0.564972162,-0.0001011468582,-1.917475985e-06,9.587379924e-07,-2.396844981e-06,-5.752427955e-06,0.564972162,-0.0001011468582,0,0,0,0,0,0
11.79,1,1,5.273058958e-05,3.667172821e-05,-9.587379924e-07,6.687197497e-05,-0.02983880254,-4.649879263e-05,0,0,0,0,0.001047197551,0,-0.02726808157,0.01040873479,0.0006016856886,-0.00257072097,-0.02981599477,-0.2142328747,11.63912686,0,-0.05500536675,0.2152800723,0.2124865558,-0.3470321456,1.030886274,-0.002432733127,28.70720521,0.3470321456,0.002432733127,29.26915665,29.26915665,0.02136968817,0.5853831329,-1.917475985e-06,-0,-2.396844981e-06,-5.273058958e-06,0.5853831329,-0.0001011468582,-1.917475985e-06,-0,-2.396844981e-06,-5.273058958e-06,0.5853831329,-0.0001011468582,0,0,0,0,0,0
11.8,1,1,5.344964308e-05,3.715109721e-05,-7.190534943e-07,6.783071296e-05,-0.0298145944,-4.721784613e-05,0,0,0,0,0.002094395102,0,-0.02716396461,0.01041460893,0.0005731414338,-0.002650629792,-0.0307384172,-0.2195478914,11.63818982,0,-0.05472615079,0.2216422865,0.2899207296,-0.357739534,1.031910086,-0.002496998954,29.41941744,0.357739534,0.002496998954,30.06957471,30.06957471,0.02136082532,0.6013914941,-3.355582973e-06,-9.587379924e-07,-2.876213977e-06,-7.190534943e-06,0.6013914941,-9.970875121e-05,-3.355582973e-06,-9.587379924e-07,-2.876213977e-06,-7.190534943e-06,0.6013914941,-9.970875121e-05,0,0,0,0,0,0
11.81,1,1,5.344964308e-05,3.643204371e-05,-1.438106989e-06,6.615292148e-05,-0.02978127826,-4.769721512e-05,0,0,0,0,0.004188790205,0,-0.02705979034,0.01042019756,0.0005445814661,-0.002721487917,-0.03155535085,-0.2230980786,11.63690814,0,-0.05434187804,0.2272868688,0.3396400995,-0.3672067192,1.033974455,-0.002546553833,29.89514253,0.3672067192,0.002546553833,30.6045359,30.6045359,0.0213526133,0.612090718,-3.355582973e-06,4.793689962e-07,-1.438106989e-06,-3.83495197e-06,0.612090718,-9.875001322e-05,-3.355582973e-06,4.793689962e-07,-1.438106989e-06,-3.83495197e-06,0.612090718,-9.875001322e-05,0,0,0,0,0,0
11.82,1,1,5.249090509e-05,3.73907817e-05,-1.198422491e-06,6.663229047e-05,-0.02972663019,-4.625910813e-05,0,0,0,0,0.00837758041,0,-0.02695556161,0.01042550051,0.0005160065684,-0.00277106858,-0.03212458037,-0.2228677478,11.63482568,0,-0.05371154713,0.2312453282,0.3492033174,-0.3737638927,1.038121757,-0.002563426886,29.86427821,0.3737638927,0.002563426886,30.58980884,30.58980884,0.02134474242,0.6117961769,-1.438106989e-06,-1.438106989e-06,-1.917475985e-06,-4.793689962e-06,0.6117961769,-0.0001016262272,-1.438106989e-06,-1.438106989e-06,-1.917475985e-06,-4.793689962e-06,0.6117961769,-0.0001016262272,0,0,0,0,0,0
11.83,1,1,5.273058958e-05,3.73907817e-05,-1.677791487e-06,6.807039746e-05,-0.02964034377,-4.697816163e-05,0,0,0,0,0.00837758041,0,-0.02685128128,0.01043051765,0.0004874175241,-0.00278906249,-0.0323263311,-0.2243233276,11.63158779,0,-0.05271625526,0.232700908,0.3114658063,-0.376006558,1.03803547,-0.002578793,30.0593259,0.376006558,0.002578793,30.74937705,30.74937705,0.0213369241,0.6149875411,-1.917475985e-06,-1.438106989e-06,-9.587379924e-07,-7.669903939e-06,0.6149875411,-0.0001001881202,-1.917475985e-06,-1.438106989e-06,-9.587379924e-07,-7.669903939e-06,0.6149875411,-0.0001001881202,0,0,0,0,0,0
11.84,1,1,5.273058958e-05,3.667172821e-05,-1.917475985e-06,6.783071296e-05,-0.02953368417,-4.697816163e-05,0,0,0,0,0.01151917306,0,-0.02674695221,0.01043524882,0.000458815117,-0.002786731959,-0.03229186531,-0.2210264014,11.62767028,0,-0.05148590984,0.2325455745,0.2507750785,-0.3754791626,1.04108603,-0.00255490089,29.61753779,0.3754791626,0.00255490089,30.24634694,30.24634694,0.02132898483,0.6049269387,-1.917475985e-06,-0,-4.793689962e-07,-7.190534943e-06,0.6049269387,-0.0001001881202,-1.917475985e-06,-0,-4.793689962e-07,-7.190534943e-06,0.6049269387,-0.0001001881202,0,0,0,0,0,0
11.85,1,1,5.273058958e-05,3.667172821e-05,-2.157160483e-06,6.831008196e-05,-0.0294126435,-4.721784613e-05,0,0,0,0,0.01047197551,0,-0.02664257726,0.01043969391,0.0004302001313,-0.00277006624,-0.03209103553,-0.2207812094,11.62333816,0,-0.05008960436,0.2312531849,0.1814502806,-0.3730049579,1.039912035,-0.002545338169,29.58468206,0.3730049579,0.002545338169,30.14168263,30.14168263,0.02132080422,0.6028336526,-1.917475985e-06,-0,-0,-8.149272936e-06,0.6028336526,-9.970875121e-05,-1.917475985e-06,-0,-0,-8.149272936e-06,0.6028336526,-9.970875121e-05,0,0,0,0,0,0
11.86,1,1,5.273058958e-05,3.667172821e-05,-1.917475985e-06,6.663229047e-05,-0.02929136314,-4.769721512e-05,0,0,0,0,0.01256637061,0,-0.02653815929,0.01044385278,0.0004015733514,-0.002753203856,-0.03188829672,-0.2173778851,11.61911846,0,-0.04869046041,0.2299442557,0.1241054331,-0.3705138971,1.041897212,-0.00251469864,29.1286366,0.3705138971,0.00251469864,29.62577063,29.62577063,0.02131245761,0.5925154127,-1.917475985e-06,-0,-4.793689962e-07,-4.793689962e-06,0.5925154127,-9.875001322e-05,-1.917475985e-06,-0,-4.793689962e-07,-4.793689962e-06,0.5925154127,-9.875001322e-05,0,0,0,0,0,0
11.87,1,1,5.201153609e-05,3.619235921e-05,-1.198422491e-06,6.807039746e-05,-0.02916768594,-4.697816163e-05,0,0,0,0,0.01151917306,0,-0.02643370116,0.01044772534,0.0003729355622,-0.002733984784,-0.03165855785,-0.2169282167,11.61493997,0,-0.04726359174,0.2284473898,0.07433829826,-0.3677122491,1.040720032,-0.002502828593,29.06838104,0.3677122491,0.002502828593,29.51293441,29.51293441,0.02130393234,0.5902586883,-4.793689962e-07,9.587379924e-07,-1.917475985e-06,-7.669903939e-06,0.5902586883,-0.0001001881202,-4.793689962e-07,9.587379924e-07,-1.917475985e-06,-7.669903939e-06,0.5902586883,-0.0001001881202,0,0,0,0,0,0
11.88,1,1,5.273058958e-05,3.667172821e-05,-1.677791487e-06,6.759102847e-05,-0.02903873568,-4.649879263e-05,0,0,0,0,0.01256637061,0,-0.02632920574,0.01045131146,0.0003442875487,-0.002709529946,-0.03136841437,-0.2139675361,11.61071718,0,-0.04577581072,0.2265339068,0.02524309373,-0.3642097875,1.041644585,-0.002472043976,28.67164984,0.3642097875,0.002472043976,29.06357477,29.06357477,0.02129516832,0.5812714954,-1.917475985e-06,-0,-9.587379924e-07,-6.711165947e-06,0.5812714954,-0.0001011468582,-1.917475985e-06,-0,-9.587379924e-07,-6.711165947e-06,0.5812714954,-0.0001011468582,0,0,0,0,0,0
11.89,1,1,5.297027408e-05,3.715109721e-05,-1.438106989e-06,6.759102847e-05,-0.02889444562,-4.793689962e-05,0,0,0,0,0.01466076572,0,-0.02622467589,0.01045461106,0.0003156300965,-0.00266976973,-0.03090105361,-0.2087431093,11.60615386,0,-0.04411095457,0.223403875,-0.03702105686,-0.3586423828,1.043608946,-0.002419749885,27.97157665,0.3586423828,0.002419749885,28.29561772,28.29561772,0.02128597337,0.5659123545,-2.396844981e-06,-9.587379924e-07,-1.438106989e-06,-6.711165947e-06,0.5659123545,-9.827064422e-05,-2.396844981e-06,-9.587379924e-07,-1.438106989e-06,-6.711165947e-06,0.5659123545,-9.827064422e-05,0,0,0,0,0,0
11.9,1,1,5.297027408e-05,3.85892042e-05,-1.438106989e-06,6.711165947e-05,-0.02873889038,-4.745753063e-05,0,0,0,0,0.01361356817,0,-0.02612011447,0.01045762403,0.000286963991,-0.002618775905,-0.03030390791,-0.2057657813,11.60142551,0,-0.04231601529,0.2193793495,-0.1034372199,-0.3515685303,1.042398791,-0.002378624407,27.57261469,0.3515685303,0.002378624407,27.82312463,27.82312463,0.02127624395,0.5564624926,-2.396844981e-06,-3.83495197e-06,-1.438106989e-06,-5.752427955e-06,0.5564624926,-9.922938222e-05,-2.396844981e-06,-3.83495197e-06,-1.438106989e-06,-5.752427955e-06,0.5564624926,-9.922938222e-05,0,0,0,0,0,0
11.91,1,1,5.320995858e-05,3.83495197e-05,-1.438106989e-06,6.735134397e-05,-0.02860586548,-4.673847713e-05,0,0,0,0,0.009424777961,0,-0.02601552436,0.01046035031,0.0002582900184,-0.002590341119,-0.02996901052,-0.2077199143,11.59753923,0,-0.04078097049,0.2171446922,-0.1245304389,-0.3475667751,1.03805285,-0.002380131646,27.83446851,0.3475667751,0.002380131646,28.05988498,28.05988498,0.02126641161,0.5611976996,-2.876213977e-06,-3.355582973e-06,-1.438106989e-06,-6.231796951e-06,0.5611976996,-0.0001006674892,-2.876213977e-06,-3.355582973e-06,-1.438106989e-06,-6.231796951e-06,0.5611976996,-0.0001006674892,0,0,0,0,0,0
11.92,1,1,5.177185159e-05,3.667172821e-05,-1.917475985e-06,6.831008196e-05,-0.02851718222,-4.673847713e-05,0,0,0,0,0.006283185307,0,-0.02591090842,0.01046278981,0.0002296089645,-0.002606273795,-0.03014895063,-0.2121517695,11.59502882,0,-0.03975756706,0.2184349548,-0.07736131963,-0.3495779516,1.034810237,-0.002414670373,28.42833712,0.3495779516,0.002414670373,28.70296842,28.70296842,0.02125694966,0.5740593684,-0,-0,-4.793689962e-07,-8.149272936e-06,0.5740593684,-0.0001006674892,-0,-0,-4.793689962e-07,-8.149272936e-06,0.5740593684,-0.0001006674892,0,0,0,0,0,0
11.93,1,1,5.201153609e-05,3.667172821e-05,-9.587379924e-07,6.759102847e-05,-0.02844839276,-4.697816163e-05,0,0,0,0,0.005235987756,0,-0.02580626952,0.01046494247,0.0002009216159,-0.002642123244,-0.03055992768,-0.2160723723,11.59312586,0,-0.03896371636,0.2213083601,-0.01028749559,-0.3542850879,1.033691234,-0.002452930011,28.95369789,0.3542850879,0.002452930011,29.30014841,29.30014841,0.02124791427,0.5860029682,-4.793689962e-07,-0,-2.396844981e-06,-6.711165947e-06,0.5860029682,-0.0001001881202,-4.793689962e-07,-0,-2.396844981e-06,-6.711165947e-06,0.5860029682,-0.0001001881202,0,0,0,0,0,0
11.94,1,1,5.201153609e-05,3.643204371e-05,-1.917475985e-06,6.711165947e-05,-0.02839662091,-4.577973914e-05,0,0,0,0,0.005235987756,0,-0.02570161053,0.01046680822,0.0001722287588,-0.002695010385,-0.0311684608,-0.2203003458,11.59171918,0,-0.03836624164,0.2255363336,0.0689972008,-0.3612960449,1.033639463,-0.002499679216,29.52024634,0.3612960449,0.002499679216,29.95303926,29.95303926,0.02123948628,0.5990607853,-4.793689962e-07,4.793689962e-07,-4.793689962e-07,-5.752427955e-06,0.5990607853,-0.0001025849652,-4.793689962e-07,4.793689962e-07,-4.793689962e-07,-5.752427955e-06,0.5990607853,-0.0001025849652,0,0,0,0,0,0
11.95,1,1,5.273058958e-05,3.595267472e-05,-1.677791487e-06,6.711165947e-05,-0.02834868401,-4.625910813e-05,0,0,0,-0.001047197551,0.005235987756,0,-0.02559693431,0.01046838703,0.00014353118,-0.002751749701,-0.03182165802,-0.2248349691,11.59043623,0,-0.03781301514,0.2300709569,0.1392046305,-0.3688268979,1.033591526,-0.002549943072,30.12788586,0.3688268979,0.002549943072,30.63846733,30.63846733,0.02123160996,0.6127693466,-1.917475985e-06,1.438106989e-06,-9.587379924e-07,9.896732717e-05,0.6127693466,-0.0001016262272,-1.917475985e-06,1.438106989e-06,-9.587379924e-07,9.896732717e-05,0.6127693466,-0.0001016262272,0,0,0,0,0,0
11.96,1,1,5.225122059e-05,3.667172821e-05,-1.198422491e-06,6.663229047e-05,-0.028290201,-4.673847713e-05,0,0,0,0,0.006283185307,0,-0.02549224374,0.01046967883,0.0001148296663,-0.002797957252,-0.03235281634,-0.227485938,11.58889644,0,-0.03713806707,0.2337691233,0.1809990762,-0.3749334381,1.034583256,-0.002584047233,30.4831157,0.3749334381,0.002584047233,31.04163226,31.04163226,0.02122413022,0.6208326451,-9.587379924e-07,-0,-1.917475985e-06,-4.793689962e-06,0.6208326451,-0.0001006674892,-9.587379924e-07,-0,-1.917475985e-06,-4.793689962e-06,0.6208326451,-0.0001006674892,0,0,0,0,0,0
11.97,1,1,5.320995858e-05,3.643204371e-05,-1.917475985e-06,6.687197497e-05,-0.02820583205,-4.649879263e-05,0,0,0,0,0.009424777961,0,-0.02538754169,0.01047068361,8.612500438e-05,-0.00281829036,-0.03258421775,-0.2259865907,11.58672432,0,-0.03616434918,0.2354113686,0.1769950876,-0.3775443482,1.037652817,-0.002581371463,30.28220315,0.3775443482,0.002581371463,30.83932396,30.83932396,0.02121672759,0.6167864791,-2.876213977e-06,4.793689962e-07,-4.793689962e-07,-5.273058958e-06,0.6167864791,-0.0001011468582,-2.876213977e-06,4.793689962e-07,-4.793689962e-07,-5.273058958e-06,0.6167864791,-0.0001011468582,0,0,0,0,0,0
11.98,1,1,5.344964308e-05,3.619235921e-05,-1.677791487e-06,6.711165947e-05,-0.0281015693,-4.745753063e-05,0,0,0,0,0.01047197551,0,-0.02528283103,0.01047140133,5.741798134e-05,-0.002818738267,-0.03258541438,-0.2250010914,11.58412027,0,-0.03496099757,0.2354730669,0.1451761773,-0.3774733593,1.03860096,-0.002573903766,30.15014624,0.3774733593,0.002573903766,30.67536968,30.67536968,0.02120922315,0.6135073936,-3.355582973e-06,9.587379924e-07,-9.587379924e-07,-5.752427955e-06,0.6135073936,-9.922938222e-05,-3.355582973e-06,9.587379924e-07,-9.587379924e-07,-5.752427955e-06,0.6135073936,-9.922938222e-05,0,0,0,0,0,0
11.99,1,1,5.297027408e-05,3.595267472e-05,-1.677791487e-06,6.711165947e-05,-0.02798747947,-4.697816163e-05,0,0,0,0,0.01256637061,0,-0.02517811462,0.01047183196,2.870938416e-05,-0.002809364852,-0.03247311359,-0.2221871418,11.58137238,0,-0.03364418315,0.2347535124,0.1055691808,-0.376083221,1.040593329,-0.002550556881,29.773077,0.376083221,0.002550556881,30.25727996,30.25727996,0.02120156681,0.6051455992,-2.396844981e-06,1.438106989e-06,-9.587379924e-07,-5.752427955e-06,0.6051455992,-0.0001001881202,-2.396844981e-06,1.438106989e-06,-9.587379924e-07,-5.752427955e-06,0.6051455992,-0.0001001881202,0,0,0,0,0,0
12,0,1,5.392901207e-05,3.76304662e-05,-1.917475985e-06,6.735134397e-05,-0.02787698492,-4.721784613e-05,0,0,0,0,0.009424777961,0,-0.02507339535,0,0,-0.002803589574,-0.03240277291,-0.2144515388,11.57881222,0,-0.03236882324,0.2238763168,-0.1299696615,-0.3751856229,1.037323969,-0.002445424458,28.7365062,0.3751856229,0.002445424458,28.98416759,28.98416759,0.02119376791,0.5796833518,-4.314320966e-06,-1.917475985e-06,-4.793689962e-07,-6.231796951e-06,0.5796833518,-9.970875121e-05,-4.314320966e-06,-1.917475985e-06,-4.793689962e-07,-6.231796951e-06,0.599087274,-9.970875121e-05,0,0,0,0,1,0
12.01,0,1,5.297027408e-05,3.78701507e-05,-1.677791487e-06,6.687197497e-05,-0.0277861445,-4.745753063e-05,0,0,0,0,0.00837758041,0,-0.02507339535,0,0,-0.00271274915,-0.03135104138,-0.2082701308,11.57678194,0,-0.03132028728,0.2166477112,-0.2378560388,-0.3629441696,1.036181271,-0.002368686228,27.90819753,0.3629441696,0.002368686228,28.03565435,28.03565435,0.02118456265,0.5607130869,-2.396844981e-06,-2.396844981e-06,-9.587379924e-07,-5.273058958e-06,0.5607130869,-9.922938222e-05,-2.396844981e-06,-2.396844981e-06,-9.587379924e-07,-5.273058958e-06,0.5607130869,-9.922938222e-05,0,0,0,0,0,0
12.02,0,1,5.201153609e-05,3.83495197e-05,-1.917475985e-06,6.735134397e-05,-0.02770968514,-4.721784613e-05,0,0,0,0,0.005235987756,0,-0.02507339535,0,0,-0.002636289795,-0.03046595171,-0.2053255488,11.57512515,0,-0.0304377264,0.2105615365,-0.3049470508,-0.3526472038,1.032952527,-0.002319599376,27.51362354,0.3526472038,0.002319599376,27.56364329,27.56364329,0.02117477946,0.5512728658,-4.793689962e-07,-3.355582973e-06,-4.793689962e-07,-6.231796951e-06,0.5512728658,-9.970875121e-05,-4.793689962e-07,-3.355582973e-06,-4.793689962e-07,-6.231796951e-06,0.5512728658,-9.970875121e-05,0,0,0,0,0,0
12.03,0,1,5.225122059e-05,3.73907817e-05,-1.198422491e-06,6.759102847e-05,-0.02764952433,-4.721784613e-05,0,0,0,0,0.004188790205,0,-0.02507339535,0,0,-0.002576128986,-0.02976962115,-0.2015827264,11.57385498,0,-0.0297432851,0.2057715166,-0.3364505187,-0.3445492779,1.031842701,-0.002271330743,27.01208534,0.3445492779,0.002271330743,27.02245543,27.02245543,0.02116453986,0.5404491086,-9.587379924e-07,-1.438106989e-06,-1.917475985e-06,-6.711165947e-06,0.5404491086,-9.970875121e-05,-9.587379924e-07,-1.438106989e-06,-1.917475985e-06,-6.711165947e-06,0.5404491086,-9.970875121e-05,0,0,0,0,0,0
12.04,0,1,5.225122059e-05,3.643204371e-05,-9.587379924e-07,6.615292148e-05,-0.02760997639,-4.745753063e-05,0,0,0,0,0.002094395102,0,-0.02507339535,0,0,-0.002536581043,-0.02931191522,-0.2005277352,11.57303604,0,-0.02928677398,0.2026221303,-0.3319715567,-0.3392278514,1.029705468,-0.002248983581,26.87071652,0.3392278514,0.002248983581,26.8802218,26.8802218,0.02115408502,0.5376044359,-9.587379924e-07,4.793689962e-07,-2.396844981e-06,-3.83495197e-06,0.5376044359,-9.922938222e-05,-9.587379924e-07,4.793689962e-07,-2.396844981e-06,-3.83495197e-06,0.5376044359,-9.922938222e-05,0,0,0,0,0,0
12.05,0,1,5.344964308e-05,3.643204371e-05,-7.190534943e-07,6.639260598e-05,-0.02759391753,-4.745753063e-05,0,0,0,0,0,0,-0.02507339535,0,0,-0.002520522182,-0.02912606808,-0.2013431618,11.57270714,0,-0.02910140149,0.2013431618,-0.2941141748,-0.337067456,1.027593918,-0.002247763261,26.97998368,0.337067456,0.002247763261,27.02518472,27.02518472,0.02114361201,0.5405036945,-3.355582973e-06,4.793689962e-07,-2.876213977e-06,-4.314320966e-06,0.5405036945,-9.922938222e-05,-3.355582973e-06,4.793689962e-07,-2.876213977e-06,-4.314320966e-06,0.5405036945,-9.922938222e-05,0,0,0,0,0,0
12.06,0,1,5.368932758e-05,3.73907817e-05,-7.190534943e-07,6.639260598e-05,-0.02758960321,-4.769721512e-05,0,0,0,0,0,0,-0.02507339535,0,0,-0.002516207861,-0.02907613989,-0.2009995459,11.57261914,0,-0.02905159979,0.2009995459,-0.2464562283,-0.3364870929,1.027589603,-0.002242797504,26.93393915,0.3364870929,0.002242797504,27.02621281,27.02621281,0.02113314178,0.5405242563,-3.83495197e-06,-1.438106989e-06,-2.876213977e-06,-4.314320966e-06,0.5405242563,-9.875001322e-05,-3.83495197e-06,-1.438106989e-06,-2.876213977e-06,-4.314320966e-06,0.5405242563,-9.875001322e-05,0,0,0,0,0,0
12.07,0,1,5.297027408e-05,3.73907817e-05,-9.587379924e-07,6.663229047e-05,-0.02758744605,-4.769721512e-05,0,0,0,0,0,0,-0.02507339535,0,0,-0.002514050701,-0.02905117594,-0.200827736,11.57257519,0,-0.02902669893,0.200827736,-0.2045035254,-0.336196918,1.027587446,-0.002239760545,26.91091663,0.336196918,0.002239760545,27.04484978,27.04484978,0.02112266801,0.5408969956,-2.396844981e-06,-1.438106989e-06,-2.396844981e-06,-4.793689962e-06,0.5408969956,-9.875001322e-05,-2.396844981e-06,-1.438106989e-06,-2.396844981e-06,-4.793689962e-06,0.5408969956,-9.875001322e-05,0,0,0,0,0,0
12.08,0,1,5.249090509e-05,3.691141271e-05,-1.917475985e-06,6.711165947e-05,-0.02758624763,-4.793689962e-05,0,0,0,0,0,0,-0.02507339535,0,0,-0.002512852278,-0.02903730712,-0.2007322855,11.57255079,0,-0.02901286511,0.2007322855,-0.168696298,-0.3360357116,1.027586248,-0.002237580045,26.89812626,0.3360357116,0.002237580045,27.06770325,27.06770325,0.02111218726,0.541354065,-1.438106989e-06,-4.793689962e-07,-4.793689962e-07,-5.752427955e-06,0.541354065,-9.827064422e-05,-1.438106989e-06,-4.793689962e-07,-4.793689962e-07,-5.752427955e-06,0.541354065,-9.827064422e-05,0,0,0,0,0,0
12.09,0,1,5.201153609e-05,3.76304662e-05,-1.677791487e-06,6.663229047e-05,-0.02758433015,-4.769721512e-05,0,0,0,0,0,0,-0.02507339535,0,0,-0.002510934802,-0.02901511707,-0.2005795638,11.57251178,0,-0.02899073098,0.2005795638,-0.1405823972,-0.3357777841,1.02758433,-0.002234759432,26.87766156,0.3357777841,0.002234759432,27.0750917,27.0750917,0.02110170625,0.541501834,-4.793689962e-07,-1.917475985e-06,-9.587379924e-07,-4.793689962e-06,0.541501834,-9.875001322e-05,-4.793689962e-07,-1.917475985e-06,-9.587379924e-07,-4.793689962e-06,0.541501834,-9.875001322e-05,0,0,0,0,0,0
12.1,0,1,5.201153609e-05,3.81098352e-05,-1.917475985e-06,6.783071296e-05,-0.0275836111,-4.745753063e-05,0,0,0,0,0,0,-0.02507339535,0,0,-0.002510215749,-0.02900679582,-0.200522293,11.57249716,0,-0.02898243069,0.200522293,-0.1158727297,-0.3356810622,1.027583611,-0.002233008581,26.86998726,0.3356810622,0.002233008581,27.0920286,27.0920286,0.02109122539,0.541840572,-4.793689962e-07,-2.876213977e-06,-4.793689962e-07,-7.190534943e-06,0.541840572,-9.922938222e-05,-4.793689962e-07,-2.876213977e-06,-4.793689962e-07,-7.190534943e-06,0.541840572,-9.922938222e-05,0,0,0,0,0,0
12.11,0,1,5.225122059e-05,3.76304662e-05,-1.438106989e-06,6.783071296e-05,-0.02758169362,-4.817658412e-05,0,0,0,0,0,0,-0.02507339535,0,0,-0.002508298273,-0.02898460587,-0.2003695699,11.57245819,0,-0.02896029655,0.2003695699,-0.09745312701,-0.3354231396,1.027581694,-0.002230190802,26.84952237,0.3354231396,0.002230190802,27.08972257,27.08972257,0.02108074407,0.5417944514,-9.587379924e-07,-1.917475985e-06,-1.438106989e-06,-7.190534943e-06,0.5417944514,-9.779127523e-05,-9.587379924e-07,-1.917475985e-06,-1.438106989e-06,-7.190534943e-06,0.5417944514,-9.779127523e-05,0,0,0,0,0,0
12.12,0,1,5.344964308e-05,3.78701507e-05,-1.438106989e-06,6.759102847e-05,-0.02758073488,-4.673847713e-05,0,0,0,0,0,0,-0.02507339535,0,0,-0.002507339535,-0.02897351093,-0.200293208,11.57243871,0,-0.02894922948,0.200293208,-0.08115841214,-0.3352941795,1.027580735,-0.002228228627,26.83928987,0.3352941795,0.002228228627,27.09565386,27.09565386,0.02107026573,0.5419130773,-3.355582973e-06,-2.396844981e-06,-1.438106989e-06,-6.711165947e-06,0.5419130773,-0.0001006674892,-3.355582973e-06,-2.396844981e-06,-1.438106989e-06,-6.711165947e-06,0.5419130773,-0.0001006674892,0,0,0,0,0,0
12.13,0,1,5.320995858e-05,3.715109721e-05,-1.677791487e-06,6.711165947e-05,-0.02757881741,-4.769721512e-05,0,0,0,0,0,0,-0.02507339535,0,0,-0.002505422059,-0.02895132109,-0.2001404834,11.57239979,0,-0.02892709532,0.2001404834,-0.06914651767,-0.335036262,1.027578817,-0.002225413642,26.81882477,0.335036262,0.002225413642,27.08693993,27.08693993,0.0210597827,0.5417387986,-2.876213977e-06,-9.587379924e-07,-9.587379924e-07,-5.752427955e-06,0.5417387986,-9.875001322e-05,-2.876213977e-06,-9.587379924e-07,-9.587379924e-07,-5.752427955e-06,0.5417387986,-9.875001322e-05,0,0,0,0,0,0
12.14,0,1,5.297027408e-05,3.715109721e-05,-9.587379924e-07,6.687197497e-05,-0.0275773793,-4.745753063e-05,0,0,0,0,0,0,-0.02507339535,0,0,-0.002503983952,-0.02893467876,-0.2000259392,11.57237061,0,-0.0289104947,0.2000259392,-0.05863784067,-0.3348428262,1.027577379,-0.002223026359,26.80347586,0.3348428262,0.002223026359,27.08190387,27.08190387,0.0210492962,0.5416380774,-2.396844981e-06,-9.587379924e-07,-2.396844981e-06,-5.273058958e-06,0.5416380774,-9.922938222e-05,-2.396844981e-06,-9.587379924e-07,-2.396844981e-06,-5.273058958e-06,0.5416380774,-9.922938222e-05,0,0,0,0,0,0
12.15,0,1,5.177185159e-05,3.667172821e-05,-7.190534943e-07,6.711165947e-05,-0.02757570151,-4.745753063e-05,0,0,0,0,0,0,-0.02507339535,0,0,-0.00250230616,-0.02891526276,-0.1998923037,11.5723366,0,-0.0288911273,0.1998923037,-0.05039337755,-0.3346171535,1.027575702,-0.00222042695,26.78556869,0.3346171535,0.00222042695,27.0720129,27.0720129,0.02103880664,0.5414402579,-0,-0,-2.876213977e-06,-5.752427955e-06,0.5414402579,-9.922938222e-05,-0,-0,-2.876213977e-06,-5.752427955e-06,0.5414402579,-9.922938222e-05,0,0,0,0,0,0
12.16,0,1,5.273058958e-05,3.73907817e-05,-1.198422491e-06,6.663229047e-05,-0.02757378403,-4.745753063e-05,0,0,0,0,0,0,-0.02507339535,0,0,-0.002500388684,-0.02889307312,-0.1997395764,11.57229775,0,-0.02886899312,0.1997395764,-0.04403338786,-0.334359245,1.027573784,-0.002217615653,26.76510323,0.334359245,0.002217615653,27.05764671,27.05764671,0.02102831324,0.5411529341,-1.917475985e-06,-1.438106989e-06,-1.917475985e-06,-4.793689962e-06,0.5411529341,-9.922938222e-05,-1.917475985e-06,-1.438106989e-06,-1.917475985e-06,-4.793689962e-06,0.5411529341,-9.922938222e-05,0,0,0,0,0,0
12.17,0,1,5.225122059e-05,3.643204371e-05,-1.198422491e-06,6.663229047e-05,-0.02756994908,-4.697816163e-05,0,0,0.001047197551,0,0.001047197551,0,-0.02507339535,0,0,-0.002496553732,-0.02884869407,-0.1983869211,11.57222014,0,-0.02882472473,0.1994341187,-0.04176122707,-0.3338434385,1.028617421,-0.002205970951,26.58384743,0.3338434385,0.002205970951,26.87813561,26.87813561,0.02101779139,0.5375627122,-9.587379924e-07,4.793689962e-07,-0.0001066372311,-4.793689962e-06,0.5375627122,-0.0001001881202,-9.587379924e-07,4.793689962e-07,-0.0001066372311,-4.793689962e-06,0.5375627122,-0.0001001881202,0,0,0,0,0,0
12.18,0,1,5.297027408e-05,3.667172821e-05,-1.198422491e-06,6.783071296e-05,-0.02756443634,-4.721784613e-05,0,0,0,0,0,0,-0.02507339535,0,0,-0.002491040989,-0.02878489969,-0.1989950161,11.57210879,0,-0.02876108884,0.1989950161,-0.04206219046,-0.3331019908,1.027564436,-0.002207094769,26.66533215,0.3331019908,0.002207094769,26.95857905,26.95857905,0.02100723176,0.5391715809,-2.396844981e-06,-0,-1.917475985e-06,-7.190534943e-06,0.5391715809,-9.970875121e-05,-2.396844981e-06,-0,-1.917475985e-06,-7.190534943e-06,0.5391715809,-9.970875121e-05,0,0,0,0,0,0
12.19,0,1,5.297027408e-05,3.667172821e-05,-1.917475985e-06,6.687197497e-05,-0.02756299823,-4.745753063e-05,0,0,0,0,0,0,-0.02507339535,0,0,-0.002489602882,-0.02876825778,-0.1988804662,11.57207979,0,-0.02874448816,0.1988804662,-0.03643567582,-0.3329085743,1.027562998,-0.002204709668,26.64998246,0.3329085743,0.002204709668,26.94866007,26.94866007,0.02099667487,0.5389732014,-2.396844981e-06,-0,-4.793689962e-07,-5.273058958e-06,0.5389732014,-9.922938222e-05,-2.396844981e-06,-0,-4.793689962e-07,-5.273058958e-06,0.5389732014,-9.922938222e-05,0,0,0,0,0,0
12.2,0,1,5.297027408e-05,3.715109721e-05,-1.677791487e-06,6.783071296e-05,-0.02756179981,-4.745753063e-05,0.001047197551,0,0,0.001047197551,0,0,-0.02507339535,0,0,-0.002488404459,-0.02875438955,-0.1987850075,11.57205563,0,-0.02873065426,0.1987850075,-0.03157586927,-0.3327473954,1.0275618,-0.002202538616,26.637191,0.3327473954,0.002202538616,26.94056506,26.94056506,0.02098612011,0.5388113013,-0.0001071166001,-9.587379924e-07,-9.587379924e-07,-0.0001119102901,0.5388113013,-9.922938222e-05,-0.0001071166001,-9.587379924e-07,-9.587379924e-07,-0.0001119102901,0.5388113013,-9.922938222e-05,0,0,0,0,0,0
12.21,0,1,5.368932758e-05,3.691141271e-05,-1.438106989e-06,6.759102847e-05,-0.02756060138,-4.769721512e-05,0,0,0,0,0,0,-0.02507339535,0,0,-0.002487206037,-0.02874052135,-0.1986895484,11.57203148,0,-0.02871682035,0.1986895484,-0.0275404525,-0.3325862178,1.027560601,-0.002200368497,26.62439948,0.3325862178,0.002200368497,26.93164562,26.93164562,0.02097556405,0.5386329123,-3.83495197e-06,-4.793689962e-07,-1.438106989e-06,-6.711165947e-06,0.5386329123,-9.875001322e-05,-3.83495197e-06,-4.793689962e-07,-1.438106989e-06,-6.711165947e-06,0.5386329123,-9.875001322e-05,0,0,0,0,0,0
12.22,0,1,5.273058958e-05,3.691141271e-05,-9.587379924e-07,6.687197497e-05,-0.02755820454,-4.769721512e-05,0,0,0,0.001047197551,0,0,-0.02507339535,0,0,-0.002484809192,-0.02871278505,-0.198498629,11.57198322,0,-0.02868915252,0.198498629,-0.02616955854,-0.3322638667,1.027558205,-0.002197137793,26.59881629,0.3322638667,0.002197137793,26.90710773,26.90710773,0.02096500791,0.5381421546,-1.917475985e-06,-4.793689962e-07,-2.396844981e-06,-0.0001099928141,0.5381421546,-9.875001322e-05,-1.917475985e-06,-4.793689962e-07,-2.396844981e-06,-0.0001099928141,0.5381421546,-9.875001322e-05,0,0,0,0,0,0
12.23,0,1,5.273058958e-05,3.76304662e-05,-1.438106989e-06,6.783071296e-05,-0.02755580769,-4.769721512e-05,0,0,0,0,0,0,-0.02507339535,0,0,-0.002482412347,-0.02868504885,-0.198307708,11.571935,0,-0.02866148467,0.198307708,-0.02478523236,-0.3319415209,1.027555808,-0.002193907457,26.57323288,0.3319415209,0.002193907457,26.88258307,26.88258307,0.02095443485,0.5376516614,-1.917475985e-06,-1.917475985e-06,-1.438106989e-06,-7.190534943e-06,0.5376516614,-9.875001322e-05,-1.917475985e-06,-1.917475985e-06,-1.438106989e-06,-7.190534943e-06,0.5376516614,-9.875001322e-05,0,0,0,0,0,0
12.24,0,1,5.273058958e-05,3.81098352e-05,-9.587379924e-07,6.759102847e-05,-0.02755389022,-4.745753063e-05,0,0,0,0,0,0,-0.02507339535,0,0,-0.002480494871,-0.02866285998,-0.1981549701,11.57189647,0,-0.02863935038,0.1981549701,-0.02306810546,-0.3316836481,1.02755389,-0.002191103092,26.55276599,0.3316836481,0.002191103092,26.86357264,26.86357264,0.02094385794,0.5372714528,-1.917475985e-06,-2.876213977e-06,-2.396844981e-06,-6.711165947e-06,0.5372714528,-9.922938222e-05,-1.917475985e-06,-2.876213977e-06,-2.396844981e-06,-6.711165947e-06,0.5372714528,-9.922938222e-05,0,0,0,0,0,0
12.25,0,1,5.320995858e-05,3.85892042e-05,-1.198422491e-06,6.711165947e-05,-0.02755221243,-4.769721512e-05,0,0,0,0,0,0.001047197551,-0.02507339535,0,0,-0.002478817079,-0.02864344478,-0.1980213236,11.57186277,0,-0.02861998287,0.1980213236,-0.02122059585,-0.3314580123,1.027552212,-0.002188511693,26.53485736,0.3314580123,0.002188511693,26.84728329,26.84728329,0.0209332738,0.5369456658,-2.876213977e-06,-3.83495197e-06,-1.917475985e-06,-5.752427955e-06,0.5369456658,-0.0002034697683,-2.876213977e-06,-3.83495197e-06,-1.917475985e-06,-5.752427955e-06,0.5369456658,-0.0002034697683,0,0,0,0,0,0
12.26,0,1,5.320995858e-05,3.78701507e-05,-1.438106989e-06,6.759102847e-05,-0.02755149337,-4.721784613e-05,0,0,0,0,0,0,-0.02507339535,0,0,-0.002478098026,-0.028635124,-0.1979640463,11.57184834,0,-0.0286116825,0.1979640463,-0.01840556103,-0.331361312,1.027551493,-0.002186769771,26.5271822,0.331361312,0.002186769771,26.84232472,26.84232472,0.02092269323,0.5368464944,-2.876213977e-06,-2.396844981e-06,-1.438106989e-06,-6.711165947e-06,0.5368464944,-9.970875121e-05,-2.876213977e-06,-2.396844981e-06,-1.438106989e-06,-6.711165947e-06,0.5368464944,-9.970875121e-05,0,0,0,0,0,0
12.27,0,1,5.297027408e-05,3.73907817e-05,-1.677791487e-06,6.783071296e-05,-0.027551014,-4.721784613e-05,0,0,0,0,0,0,-0.02507339535,0,0,-0.002477618657,-0.02862957681,-0.1979258613,11.57183872,0,-0.02860614892,0.1979258613,-0.0156808373,-0.3312968454,1.027551014,-0.002185239737,26.52206542,0.3312968454,0.002185239737,26.83986666,26.83986666,0.02091210743,0.5367973333,-2.396844981e-06,-1.438106989e-06,-9.587379924e-07,-7.190534943e-06,0.5367973333,-9.970875121e-05,-2.396844981e-06,-1.438106989e-06,-9.587379924e-07,-7.190534943e-06,0.5367973333,-9.970875121e-05,0,0,0,0,0,0
12.28,0,1,5.273058958e-05,3.715109721e-05,-1.438106989e-06,6.735134397e-05,-0.02754933621,-4.721784613e-05,0,0,0,0,0,0,-0.02507339535,0,0,-0.002475940865,-0.02861016171,-0.1977922135,11.57180506,0,-0.0285867814,0.1977922135,-0.01511689473,-0.331071214,1.027549336,-0.002182652478,26.50415661,0.331071214,0.002182652478,26.82229358,26.82229358,0.02090152903,0.5364458715,-1.917475985e-06,-9.587379924e-07,-1.438106989e-06,-6.231796951e-06,0.5364458715,-9.970875121e-05,-1.917475985e-06,-9.587379924e-07,-1.438106989e-06,-6.231796951e-06,0.5364458715,-9.970875121e-05,0,0,0,0,0,0
12.29,0,1,5.273058958e-05,3.643204371e-05,-1.677791487e-06,6.783071296e-05,-0.02754789811,-4.769721512e-05,0,0,0,0,0,0,-0.02507339535,0,0,-0.002474502758,-0.02859352023,-0.1976776576,11.57177623,0,-0.02857018065,0.1976776576,-0.01447388107,-0.3308778177,1.027547898,-0.002180277647,26.48880611,0.3308778177,0.002180277647,26.80739033,26.80739033,0.0208909444,0.5361478065,-1.917475985e-06,4.793689962e-07,-9.587379924e-07,-7.190534943e-06,0.5361478065,-9.875001322e-05,-1.917475985e-06,4.793689962e-07,-9.587379924e-07,-7.190534943e-06,0.5361478065,-9.875001322e-05,0,0,0,0,0,0
12.3,0,1,5.297027408e-05,3.667172821e-05,-1.438106989e-06,6.687197497e-05,-0.02754693937,-4.745753063e-05,0,0,0,0,0,0,-0.02507339535,0,0,-0.00247354402,-0.02858242594,-0.1976012866,11.57175702,0,-0.02855911349,0.1976012866,-0.01316744544,-0.330748888,1.027546939,-0.002178327799,26.47857241,0.330748888,0.002178327799,26.79833218,26.79833218,0.02088036699,0.5359666435,-2.396844981e-06,-0,-1.438106989e-06,-5.273058958e-06,0.5359666435,-9.922938222e-05,-2.396844981e-06,-0,-1.438106989e-06,-5.273058958e-06,0.5359666435,-9.922938222e-05,0,0,0,0,0,0
12.31,0,1,5.297027408e-05,3.715109721e-05,-1.677791487e-06,6.687197497e-05,-0.02754502189,-4.745753063e-05,0,0,0,0,0,0,-0.02507339535,0,0,-0.002471626544,-0.02856023741,-0.197448544,11.57171862,0,-0.02853697915,0.197448544,-0.01357566757,-0.330491031,1.027545022,-0.002175532475,26.4581049,0.330491031,0.002175532475,26.77719579,26.77719579,0.02086978117,0.5355439158,-2.396844981e-06,-9.587379924e-07,-9.587379924e-07,-5.273058958e-06,0.5355439158,-9.922938222e-05,-2.396844981e-06,-9.587379924e-07,-9.587379924e-07,-5.273058958e-06,0.5355439158,-9.922938222e-05,0,0,0,0,0,0
12.32,0,1,5.249090509e-05,3.73907817e-05,-9.587379924e-07,6.735134397e-05,-0.02754478221,-4.721784613e-05,0,0,0,0,0,0,-0.02507339535,0,0,-0.00247138686,-0.02855746385,-0.1974294511,11.57171382,0,-0.02853421236,0.1974294511,-0.01140900774,-0.3304587991,1.027544782,-0.002174218667,26.45554645,0.3304587991,0.002174218667,26.77677046,26.77677046,0.02085920497,0.5355354091,-1.438106989e-06,-1.438106989e-06,-2.396844981e-06,-6.231796951e-06,0.5355354091,-9.970875121e-05,-1.438106989e-06,-1.438106989e-06,-2.396844981e-06,-6.231796951e-06,0.5355354091,-9.970875121e-05,0,0,0,0,0,0
12.33,0,1,5.249090509e-05,3.73907817e-05,-4.793689962e-07,6.759102847e-05,-0.02754382347,-4.649879263e-05,0,0,0,0,0,0,-0.02507339535,0,0,-0.002470428122,-0.02854636962,-0.1973530793,11.57169463,0,-0.02852314518,0.1973530793,-0.01072865043,-0.3303298721,1.027543823,-0.002172272289,26.44531263,0.3303298721,0.002172272289,26.76708613,26.76708613,0.02084863515,0.5353417225,-1.438106989e-06,-1.438106989e-06,-3.355582973e-06,-6.711165947e-06,0.5353417225,-0.0001011468582,-1.438106989e-06,-1.438106989e-06,-3.355582973e-06,-6.711165947e-06,0.5353417225,-0.0001011468582,0,0,0,0,0,0
12.34,0,1,5.273058958e-05,3.715109721e-05,-9.587379924e-07,6.687197497e-05,-0.02754262505,-4.697816163e-05,0,0,0,0,0,0,-0.02507339535,0,0,-0.002469229699,-0.02853250185,-0.1972576143,11.57167066,0,-0.02850931121,0.1972576143,-0.0105253678,-0.3301687146,1.027542625,-0.002170115912,26.43252031,0.3301687146,0.002170115912,26.75433378,26.75433378,0.02083806712,0.5350866756,-1.917475985e-06,-9.587379924e-07,-2.396844981e-06,-5.273058958e-06,0.5350866756,-0.0001001881202,-1.917475985e-06,-9.587379924e-07,-2.396844981e-06,-5.273058958e-06,0.5350866756,-0.0001001881202,0,0,0,0,0,0
12.35,0,1,5.297027408e-05,3.76304662e-05,-1.438106989e-06,6.687197497e-05,-0.02754166631,-4.793689962e-05,0,0,0,0,0,0,-0.02507339535,0,0,-0.002468270962,-0.02852140766,-0.197181242,11.57165149,0,-0.02849824403,0.197181242,-0.009999861839,-0.3300397895,1.027541666,-0.002168171688,26.42228642,0.3300397895,0.002168171688,26.74449452,26.74449452,0.02082750049,0.5348898905,-2.396844981e-06,-1.917475985e-06,-1.438106989e-06,-5.273058958e-06,0.5348898905,-9.827064422e-05,-2.396844981e-06,-1.917475985e-06,-1.438106989e-06,-5.273058958e-06,0.5348898905,-9.827064422e-05,0,0,0,0,0,0
12.36,0,1,5.320995858e-05,3.715109721e-05,-1.198422491e-06,6.687197497e-05,-0.02753950915,-4.841626862e-05,0,0,0,0,0,0.001047197551,-0.02507339535,0,0,-0.002466113801,-0.0284964458,-0.1970094033,11.57160839,0,-0.02847334287,0.1970094033,-0.01131215745,-0.3297497112,1.027539509,-0.002165173848,26.39926004,0.3297497112,0.002165173848,26.71986277,26.71986277,0.02081693069,0.5343972554,-2.876213977e-06,-9.587379924e-07,-1.917475985e-06,-5.273058958e-06,0.5343972554,-0.0002020316614,-2.876213977e-06,-9.587379924e-07,-1.917475985e-06,-5.273058958e-06,0.5343972554,-0.0002020316614,0,0,0,0,0,0
12.37,0,1,5.297027408e-05,3.76304662e-05,-1.438106989e-06,6.711165947e-05,-0.02753831073,-4.817658412e-05,0,0,0,0,0,0,-0.02507339535,0,0,-0.002464915379,-0.02848257814,-0.1969139368,11.57158446,0,-0.02845950888,0.1969139368,-0.01096448767,-0.3295885584,1.027538311,-0.00216302045,26.38646754,0.3295885584,0.00216302045,26.70725463,26.70725463,0.02080635732,0.5341450925,-2.396844981e-06,-1.917475985e-06,-1.438106989e-06,-5.752427955e-06,0.5341450925,-9.779127523e-05,-2.396844981e-06,-1.917475985e-06,-1.438106989e-06,-5.752427955e-06,0.5341450925,-9.779127523e-05,0,0,0,0,0,0
12.38,0,1,5.320995858e-05,3.715109721e-05,-1.677791487e-06,6.687197497e-05,-0.02753759167,-4.721784613e-05,0,0,0,0,0,0,-0.02507339535,0,0,-0.002464196325,-0.02847425755,-0.1968566568,11.5715701,0,-0.02845120849,0.1968566568,-0.009967230516,-0.3294918674,1.027537592,-0.002161289603,26.37879201,0.3294918674,0.002161289603,26.70047793,26.70047793,0.02079578637,0.5340095586,-2.876213977e-06,-9.587379924e-07,-9.587379924e-07,-5.273058958e-06,0.5340095586,-9.970875121e-05,-2.876213977e-06,-9.587379924e-07,-9.587379924e-07,-5.273058958e-06,0.5340095586,-9.970875121e-05,0,0,0,0,0,0
12.39,0,1,5.273058958e-05,3.76304662e-05,-1.677791487e-06,6.711165947e-05,-0.02753663293,-4.721784613e-05,0,0,0,0,0,0,-0.02507339535,0,0,-0.002463237587,-0.02846316346,-0.1967802831,11.57155097,0,-0.02844014129,0.1967802831,-0.00956236977,-0.3293629468,1.027536633,-0.002159349431,26.36855794,0.3293629468,0.002159349431,26.69051786,26.69051786,0.02078522062,0.5338103572,-1.917475985e-06,-1.917475985e-06,-9.587379924e-07,-5.752427955e-06,0.5338103572,-9.970875121e-05,-1.917475985e-06,-1.917475985e-06,-9.587379924e-07,-5.752427955e-06,0.5338103572,-9.970875121e-05,0,0,0,0,0,0
12.4,0,1,5.249090509e-05,3.667172821e-05,-9.587379924e-07,6.663229047e-05,-0.02753591388,-4.721784613e-05,0,0,0,0,0,0,-0.02507339535,0,0,-0.002462518534,-0.0284548429,-0.1967230027,11.57153663,0,-0.0284318409,0.1967230027,-0.008887403041,-0.3292662569,1.027535914,-0.002157620911,26.36088236,0.3292662569,0.002157620911,26.68341884,26.68341884,0.02077465867,0.5336683767,-1.438106989e-06,-0,-2.396844981e-06,-4.793689962e-06,0.5336683767,-9.970875121e-05,-1.438106989e-06,-0,-2.396844981e-06,-4.793689962e-06,0.5336683767,-9.970875121e-05,0,0,0,0,0,0
12.41,0,1,5.153216709e-05,3.715109721e-05,-1.198422491e-06,6.759102847e-05,-0.02753423609,-4.697816163e-05,0,0,0,0,0,0,-0.02507339535,0,0,-0.002460840742,-0.0284354283,-0.1965893479,11.57150318,0,-0.0284124733,0.1965893479,-0.009712941464,-0.329040649,1.027534236,-0.002155050912,26.34297261,0.329040649,0.002155050912,26.66445537,26.66445537,0.02076408758,0.5332891074,4.793689962e-07,-9.587379924e-07,-1.917475985e-06,-6.711165947e-06,0.5332891074,-0.0001001881202,4.793689962e-07,-9.587379924e-07,-1.917475985e-06,-6.711165947e-06,0.5332891074,-0.0001001881202,0,0,0,0,0,0
12.42,0,1,5.177185159e-05,3.691141271e-05,-1.677791487e-06,6.759102847e-05,-0.02753088051,-4.673847713e-05,0,0,0,0,0,0,-0.02507339535,0,0,-0.002457485159,-0.02839659927,-0.1963220359,11.57143635,0,-0.02837373808,0.1963220359,-0.0130057246,-0.3285894409,1.027530881,-0.002151011393,26.30715281,0.3285894409,0.002151011393,26.62488753,26.62488753,0.02075351915,0.5324977507,-0,-4.793689962e-07,-9.587379924e-07,-6.711165947e-06,0.5324977507,-0.0001006674892,-0,-4.793689962e-07,-9.587379924e-07,-6.711165947e-06,0.5324977507,-0.0001006674892,0,0,0,0,0,0
12.43,0,1,5.201153609e-05,3.73907817e-05,-1.438106989e-06,6.735134397e-05,-0.02752848366,-4.721784613e-05,0,0,0,0,0,0,-0.02507339535,0,0,-0.002455088314,-0.02836886439,-0.1961310968,11.57138867,0,-0.02834607004,0.1961310968,-0.01407277115,-0.3282671558,1.027528484,-0.002147812313,26.28156698,0.3282671558,0.002147812313,26.59790917,26.59790917,0.02074292298,0.5319581835,-4.793689962e-07,-1.438106989e-06,-1.438106989e-06,-6.231796951e-06,0.5319581835,-9.970875121e-05,-4.793689962e-07,-1.438106989e-06,-1.438106989e-06,-6.231796951e-06,0.5319581835,-9.970875121e-05,0,0,0,0,0,0
12.44,0,1,5.273058958e-05,3.78701507e-05,-2.396844981e-07,6.783071296e-05,-0.02752680587,-4.673847713e-05,0,0,0,0,0,0,-0.02507339535,0,0,-0.002453410523,-0.02834945004,-0.1959974386,11.57135532,0,-0.02832670241,0.1959974386,-0.01389921191,-0.3280415594,1.027526806,-0.002145245574,26.26365677,0.3280415594,0.002145245574,26.57994436,26.57994436,0.02073232952,0.5315988873,-1.917475985e-06,-2.396844981e-06,-3.83495197e-06,-7.190534943e-06,0.5315988873,-0.0001006674892,-1.917475985e-06,-2.396844981e-06,-3.83495197e-06,-7.190534943e-06,0.5315988873,-0.0001006674892,0,0,0,0,0,0
12.45,0,1,5.320995858e-05,4.002731118e-05,-9.587379924e-07,6.783071296e-05,-0.02752680587,-4.721784613e-05,0,0,0,0,0,0,-0.02507339535,0,0,-0.002453410523,-0.02834945004,-0.1959974386,11.57135532,0,-0.02832670241,0.1959974386,-0.01138617049,-0.3280415594,1.027526806,-0.002144150045,26.26365677,0.3280415594,0.002144150045,26.58245631,26.58245631,0.0207217425,0.5316491262,-2.876213977e-06,-6.711165947e-06,-2.396844981e-06,-7.190534943e-06,0.5316491262,-9.970875121e-05,-2.876213977e-06,-6.711165947e-06,-2.396844981e-06,-7.190534943e-06,0.5316491262,-9.970875121e-05,0,0,0,0,0,0
12.46,0,1,5.225122059e-05,3.85892042e-05,-1.438106989e-06,6.735134397e-05,-0.02752608682,-4.745753063e-05,0,0,0,0,0,0,-0.02507339535,0,0,-0.002452691469,-0.02834112962,-0.1959401562,11.57134103,0,-0.02831840199,0.1959401562,-0.0103487452,-0.327944876,1.027526087,-0.002142425912,26.25598094,0.327944876,0.002142425912,26.57571949,26.57571949,0.0207111619,0.5315143898,-9.587379924e-07,-3.83495197e-06,-1.438106989e-06,-6.231796951e-06,0.5315143898,-9.922938222e-05,-9.587379924e-07,-3.83495197e-06,-1.438106989e-06,-6.231796951e-06,0.5315143898,-9.922938222e-05,0,0,0,0,0,0
12.47,0,1,5.153216709e-05,3.78701507e-05,-2.157160483e-06,6.807039746e-05,-0.02752560745,-4.793689962e-05,0,0,0,0,0,0,-0.02507339535,0,0,-0.0024522121,-0.02833558268,-0.1959019679,11.57133151,0,-0.02831286838,0.1959019679,-0.009046745145,-0.3278804207,1.027525607,-0.002140912367,26.2508637,0.3278804207,0.002140912367,26.57183829,26.57183829,0.02070058416,0.5314367658,4.793689962e-07,-2.396844981e-06,-0,-7.669903939e-06,0.5314367658,-9.827064422e-05,4.793689962e-07,-2.396844981e-06,-0,-7.669903939e-06,0.5314367658,-9.827064422e-05,0,0,0,0,0,0
12.48,0,1,5.201153609e-05,3.73907817e-05,-1.438106989e-06,6.759102847e-05,-0.02752416934,-4.697816163e-05,0,0,0,0,0,0,-0.02507339535,0,0,-0.002450773993,-0.02831894189,-0.1957874026,11.57130296,0,-0.02829626754,0.1957874026,-0.009388380994,-0.327687056,1.027524169,-0.002138561339,26.23551195,0.327687056,0.002138561339,26.55594919,26.55594919,0.02069000888,0.5311189837,-4.793689962e-07,-1.438106989e-06,-1.438106989e-06,-6.711165947e-06,0.5311189837,-0.0001001881202,-4.793689962e-07,-1.438106989e-06,-1.438106989e-06,-6.711165947e-06,0.5311189837,-0.0001001881202,0,0,0,0,0,0
12.49,0,1,5.320995858e-05,3.667172821e-05,-1.198422491e-06,6.759102847e-05,-0.0275232106,-4.697816163e-05,0,0,0,0,0,0,-0.02507339535,0,0,-0.002449815255,-0.02830784805,-0.1957110254,11.57128393,0,-0.02828520031,0.1957110254,-0.009073884538,-0.3275581472,1.027523211,-0.002136630864,26.22527741,0.3275581472,0.002136630864,26.5458983,26.5458983,0.02067943745,0.530917966,-2.876213977e-06,-0,-1.917475985e-06,-6.711165947e-06,0.530917966,-0.0001001881202,-2.876213977e-06,-0,-1.917475985e-06,-6.711165947e-06,0.530917966,-0.0001001881202,0,0,0,0,0,0
12.5,0,1,5.320995858e-05,3.78701507e-05,-1.198422491e-06,6.783071296e-05,-0.02752273123,-4.793689962e-05,0,0,0,0,0,0,-0.02507339535,0,0,-0.002449335886,-0.02830230114,-0.1956728367,11.57127442,0,-0.02827966669,0.1956728367,-0.008179557619,-0.3274936932,1.027522731,-0.002135120583,26.22016012,0.3274936932,0.002135120583,26.54160938,26.54160938,0.02066887263,0.5308321876,-2.876213977e-06,-2.396844981e-06,-1.917475985e-06,-7.190534943e-06,0.5308321876,-9.827064422e-05,-2.876213977e-06,-2.396844981e-06,-1.917475985e-06,-7.190534943e-06,0.5308321876,-9.827064422e-05,0,0,0,0,0,0
12.51,0,1,5.249090509e-05,3.73907817e-05,-1.198422491e-06,6.807039746e-05,-0.02752225186,-4.649879263e-05,0,0,0,0,0,0,-0.02507339535,0,0,-0.002448856517,-0.02829675423,-0.195634648,11.57126491,0,-0.02827413308,0.195634648,-0.007369829363,-0.3274292393,1.027522252,-0.002133611167,26.21504283,0.3274292393,0.002133611167,26.53723585,26.53723585,0.02065831205,0.5307447171,-1.438106989e-06,-1.438106989e-06,-1.917475985e-06,-7.669903939e-06,0.5307447171,-0.0001011468582,-1.438106989e-06,-1.438106989e-06,-1.917475985e-06,-7.669903939e-06,0.5307447171,-0.0001011468582,0,0,0,0,0,0
12.52,0,1,5.273058958e-05,3.78701507e-05,-1.677791487e-06,6.711165947e-05,-0.02752129313,-4.697816163e-05,0,0,0,0,0,-0.001047197551,-0.02507339535,0,0,-0.002447897779,-0.02828566043,-0.1955582703,11.5712459,0,-0.02826306584,0.1955582703,-0.00739991513,-0.3273003323,1.027521293,-0.00213168439,26.20480822,0.3273003323,0.00213168439,26.52684032,26.52684032,0.0206477557,0.5305368065,-1.917475985e-06,-2.396844981e-06,-9.587379924e-07,-5.752427955e-06,0.5305368065,4.531634911e-06,-1.917475985e-06,-2.396844981e-06,-9.587379924e-07,-5.752427955e-06,0.5305368065,4.531634911e-06,0,0,0,0,0,0
12.53,0,1,5.344964308e-05,3.76304662e-05,-1.438106989e-06,6.711165947e-05,-0.02752081376,-4.697816163e-05,0,0,0,0,0,0,-0.02507339535,0,0,-0.00244741841,-0.02828011353,-0.1955200814,11.5712364,0,-0.02825753222,0.1955200814,-0.006703749475,-0.327235879,1.027520814,-0.002130176939,26.1996909,0.327235879,0.002130176939,26.52235321,26.52235321,0.02063720378,0.5304470642,-3.355582973e-06,-1.917475985e-06,-1.438106989e-06,-5.752427955e-06,0.5304470642,-0.0001001881202,-3.355582973e-06,-1.917475985e-06,-1.438106989e-06,-5.752427955e-06,0.5304470642,-0.0001001881202,0,0,0,0,0,0
12.54,0,1,5.320995858e-05,3.715109721e-05,-1.198422491e-06,6.783071296e-05,-0.02751889628,-4.745753063e-05,0,0,0,0.001047197551,0,0,-0.02507339535,0,0,-0.002445500934,-0.028257926,-0.195367325,11.57119841,0,-0.02823539774,0.195367325,-0.008199478771,-0.3269780683,1.027518896,-0.002127415525,26.17922155,0.3269780683,0.002127415525,26.50012755,26.50012755,0.02062664223,0.5300025511,-2.876213977e-06,-9.587379924e-07,-1.917475985e-06,-0.0001119102901,0.5300025511,-9.922938222e-05,-2.876213977e-06,-9.587379924e-07,-1.917475985e-06,-0.0001119102901,0.5300025511,-9.922938222e-05,0,0,0,0,0,0
12.55,0,1,5.297027408e-05,3.76304662e-05,-1.438106989e-06,6.735134397e-05,-0.02751697881,-4.745753063e-05,0,0,0,0,0,0,-0.02507339535,0,0,-0.002443583458,-0.02823573854,-0.1952145676,11.57116044,0,-0.02821326325,0.1952145676,-0.009507951333,-0.3267202609,1.027516979,-0.002124656429,26.15875206,0.3267202609,0.002124656429,26.47808903,26.47808903,0.02061608655,0.5295617805,-2.396844981e-06,-1.917475985e-06,-1.438106989e-06,-6.231796951e-06,0.5295617805,-9.922938222e-05,-2.396844981e-06,-1.917475985e-06,-1.438106989e-06,-6.231796951e-06,0.5295617805,-9.922938222e-05,0,0,0,0,0,0
12.56,0,1,5.201153609e-05,3.73907817e-05,-1.438106989e-06,6.807039746e-05,-0.02751649944,-4.745753063e-05,0,0,0,0,0,0,-0.02507339535,0,0,-0.002443104089,-0.02823019169,-0.1951763781,11.57115096,0,-0.02820772963,0.1951763781,-0.00841903974,-0.3266558096,1.027516499,-0.002123151105,26.15363467,0.3266558096,0.002123151105,26.47399459,26.47399459,0.02060553037,0.5294798917,-4.793689962e-07,-1.438106989e-06,-1.438106989e-06,-7.669903939e-06,0.5294798917,-9.922938222e-05,-4.793689962e-07,-1.438106989e-06,-1.438106989e-06,-7.669903939e-06,0.5294798917,-9.922938222e-05,0,0,0,0,0,0
12.57,0,1,5.201153609e-05,3.76304662e-05,-1.438106989e-06,6.807039746e-05,-0.02751578038,-4.697816163e-05,0,0,0,0,0,0.001047197551,-0.02507339535,0,0,-0.002442385036,-0.02822187141,-0.1951190937,11.57113673,0,-0.02819942919,0.1951190937,-0.007901591328,-0.326559133,1.02751578,-0.002121438271,26.14595856,0.326559133,0.002121438271,26.46673754,26.46673754,0.02059498042,0.5293347508,-4.793689962e-07,-1.917475985e-06,-1.438106989e-06,-7.669903939e-06,0.5293347508,-0.0002049078753,-4.793689962e-07,-1.917475985e-06,-1.438106989e-06,-7.669903939e-06,0.5293347508,-0.0002049078753,0,0,0,0,0,0
12.58,0,1,5.273058958e-05,3.930825769e-05,-1.438106989e-06,6.711165947e-05,-0.02751530101,-4.601942364e-05,0,0,0,0,0,0,-0.02507339535,0,0,-0.002441905667,-0.02821632457,-0.1950809041,11.57112725,0,-0.02819389556,0.1950809041,-0.007095332133,-0.3264946822,1.027515301,-0.002119935048,26.14084115,0.3264946822,0.002119935048,26.46236043,26.46236043,0.02058443529,0.5292472086,-1.917475985e-06,-5.273058958e-06,-1.438106989e-06,-5.752427955e-06,0.5292472086,-0.0001021055962,-1.917475985e-06,-5.273058958e-06,-1.438106989e-06,-5.752427955e-06,0.5292472086,-0.0001021055962,0,0,0,0,0,0
12.59,0,1,5.249090509e-05,3.81098352e-05,-1.438106989e-06,6.735134397e-05,-0.02751386291,-4.673847713e-05,0,0,0,0,0,0,-0.02507339535,0,0,-0.00244046756,-0.02819968407,-0.1949663347,11.57109882,0,-0.02817729468,0.1949663347,-0.007878162744,-0.3263013311,1.027513863,-0.002117599148,26.12548885,0.3263013311,0.002117599148,26.44602962,26.44602962,0.02057389361,0.5289205924,-1.438106989e-06,-2.876213977e-06,-1.438106989e-06,-6.231796951e-06,0.5289205924,-0.0001006674892,-1.438106989e-06,-2.876213977e-06,-1.438106989e-06,-6.231796951e-06,0.5289205924,-0.0001006674892,0,0,0,0,0,0
12.6,0,1,5.368932758e-05,3.83495197e-05,-1.198422491e-06,6.759102847e-05,-0.02751314385,-4.745753063e-05,0,0,0,0,0,0,-0.02507339535,0,0,-0.002439748506,-0.02819136384,-0.1949090498,11.57108461,0,-0.02816899424,0.1949090498,-0.007536343051,-0.3262046563,1.027513144,-0.002115888801,26.11781268,0.3262046563,0.002115888801,26.43859688,26.43859688,0.02056334706,0.5287719376,-3.83495197e-06,-3.355582973e-06,-1.917475985e-06,-6.711165947e-06,0.5287719376,-9.922938222e-05,-3.83495197e-06,-3.355582973e-06,-1.917475985e-06,-6.711165947e-06,0.5287719376,-9.922938222e-05,0,0,0,0,0,0
12.61,0,1,5.368932758e-05,3.83495197e-05,-9.587379924e-07,6.663229047e-05,-0.02751194543,-4.673847713e-05,0,0,0,0,0,0,-0.02507339535,0,0,-0.002438550084,-0.0281774968,-0.1948135747,11.57106094,0,-0.02815516016,0.1948135747,-0.00796080955,-0.3260435326,1.027511945,-0.002113763966,26.10501901,0.3260435326,0.002113763966,26.4252155,26.4252155,0.02055281189,0.5285043099,-3.83495197e-06,-3.355582973e-06,-2.396844981e-06,-4.793689962e-06,0.5285043099,-0.0001006674892,-3.83495197e-06,-3.355582973e-06,-2.396844981e-06,-4.793689962e-06,0.5285043099,-0.0001006674892,0,0,0,0,0,0
12.62,0,1,5.320995858e-05,3.78701507e-05,-9.587379924e-07,6.807039746e-05,-0.02751098669,-4.745753063e-05,0,0,0,0,0,0,-0.02507339535,0,0,-0.002437591346,-0.0281664032,-0.1947371943,11.57104201,0,-0.0281440929,0.1947371943,-0.007982357654,-0.3259146345,1.027510987,-0.002111848475,26.09478404,0.3259146345,0.002111848475,26.41482816,26.41482816,0.02054227899,0.5282965633,-2.876213977e-06,-2.396844981e-06,-2.396844981e-06,-7.669903939e-06,0.5282965633,-9.922938222e-05,-2.876213977e-06,-2.396844981e-06,-2.396844981e-06,-7.669903939e-06,0.5282965633,-9.922938222e-05,0,0,0,0,0,0
12.63,0,1,5.320995858e-05,3.81098352e-05,-2.157160483e-06,6.759102847e-05,-0.02751026764,-4.769721512e-05,0,0,0,0,0,0,-0.02507339535,0,0,-0.002436872292,-0.028158083,-0.1946799089,11.57102781,0,-0.02813579245,0.1946799089,-0.00753978698,-0.3258179616,1.027510268,-0.002110141846,26.08710779,0.3258179616,0.002110141846,26.4074961,26.4074961,0.02053174678,0.5281499221,-2.876213977e-06,-2.876213977e-06,-0,-6.711165947e-06,0.5281499221,-9.875001322e-05,-2.876213977e-06,-2.876213977e-06,-0,-6.711165947e-06,0.5281499221,-9.875001322e-05,0,0,0,0,0,0
12.64,0,1,5.273058958e-05,3.78701507e-05,-1.677791487e-06,6.759102847e-05,-0.02750906922,-4.721784613e-05,0,0,0,0,0,0,-0.02507339535,0,0,-0.00243567387,-0.02814421604,-0.1945844328,11.57100417,0,-0.02812195837,0.1945844328,-0.007869739523,-0.3256568411,1.027509069,-0.00210802043,26.074314,0.3256568411,0.00210802043,26.39420912,26.39420912,0.02052121685,0.5278841823,-1.917475985e-06,-2.396844981e-06,-9.587379924e-07,-6.711165947e-06,0.5278841823,-9.970875121e-05,-1.917475985e-06,-2.396844981e-06,-9.587379924e-07,-6.711165947e-06,0.5278841823,-9.970875121e-05,0,0,0,0,0,0
12.65,0,1,5.344964308e-05,3.73907817e-05,-1.198422491e-06,6.711165947e-05,-0.02750835016,-4.745753063e-05,0,0,0,0,0,0,-0.02507339535,0,0,-0.002434954816,-0.02813589587,-0.194527147,11.57098999,0,-0.02811365791,0.194527147,-0.007465928082,-0.3255601694,1.02750835,-0.002106315903,26.06663769,0.3255601694,0.002106315903,26.38683825,26.38683825,0.02051069055,0.527736765,-3.355582973e-06,-1.438106989e-06,-1.917475985e-06,-5.752427955e-06,0.527736765,-9.922938222e-05,-3.355582973e-06,-1.438106989e-06,-1.917475985e-06,-5.752427955e-06,0.527736765,-9.922938222e-05,0,0,0,0,0,0
12.66,0,1,5.464806557e-05,3.78701507e-05,-1.677791487e-06,6.759102847e-05,-0.02750715174,-4.721784613e-05,0,0,0,0,0,0,-0.02507339535,0,0,-0.002433756394,-0.02812202895,-0.1944316703,11.57096636,0,-0.02809982382,0.1944316703,-0.007836360126,-0.3253990509,1.027507152,-0.002104197034,26.05384382,0.3253990509,0.002104197034,26.37351071,26.37351071,0.02050016673,0.5274702141,-5.752427955e-06,-2.396844981e-06,-9.587379924e-07,-6.711165947e-06,0.5274702141,-9.970875121e-05,-5.752427955e-06,-2.396844981e-06,-9.587379924e-07,-6.711165947e-06,0.5274702141,-9.970875121e-05,0,0,0,0,0,0
12.67,0,1,5.273058958e-05,3.73907817e-05,-1.198422491e-06,6.711165947e-05,-0.02750547395,-4.745753063e-05,0,0,0,0,0,0,-0.02507339535,0,0,-0.002432078602,-0.02810261531,-0.1942980023,11.5709333,0,-0.02808045609,0.1942980023,-0.008808557197,-0.3251734873,1.027505474,-0.002101663981,26.0359323,0.3251734873,0.002101663981,26.3543989,26.3543989,0.02048964066,0.5270879779,-1.917475985e-06,-1.438106989e-06,-1.917475985e-06,-5.752427955e-06,0.5270879779,-9.922938222e-05,-1.917475985e-06,-1.438106989e-06,-1.917475985e-06,-5.752427955e-06,0.5270879779,-9.922938222e-05,0,0,0,0,0,0
12.68,0,1,5.249090509e-05,3.76304662e-05,-1.677791487e-06,6.783071296e-05,-0.02750403584,-4.721784613e-05,0,0,0,0,0,0,-0.02507339535,0,0,-0.002430640495,-0.02808597509,-0.1941834291,11.57090498,0,-0.02806385517,0.1941834291,-0.009214617506,-0.3249801491,1.027504036,-0.002099339495,26.02057949,0.3249801491,0.002099339495,26.33844437,26.33844437,0.02047911138,0.5267688873,-1.438106989e-06,-1.917475985e-06,-9.587379924e-07,-7.190534943e-06,0.5267688873,-9.970875121e-05,-1.438106989e-06,-1.917475985e-06,-9.587379924e-07,-7.190534943e-06,0.5267688873,-9.970875121e-05,0,0,0,0,0,0
12.69,0,1,5.177185159e-05,3.76304662e-05,-1.438106989e-06,6.687197497e-05,-0.02750235805,-4.721784613e-05,0,0,0,-0.001047197551,0,0,-0.02507339535,0,0,-0.002428962704,-0.02806656155,-0.1940497596,11.57087197,0,-0.02804448742,0.1940497596,-0.009983815408,-0.3247545902,1.027502358,-0.002096809007,26.00266779,0.3247545902,0.002096809007,26.31953537,26.31953537,0.02046858224,0.5263907075,-0,-1.917475985e-06,-1.438106989e-06,9.944669616e-05,0.5263907075,-9.970875121e-05,-0,-1.917475985e-06,-1.438106989e-06,9.944669616e-05,0.5263907075,-9.970875121e-05,0,0,0,0,0,0
12.7,0,1,5.273058958e-05,3.73907817e-05,-1.198422491e-06,6.735134397e-05,-0.02750211837,-4.721784613e-05,0,0,0,0,0,0,-0.02507339535,0,0,-0.002428723019,-0.02806378819,-0.1940306639,11.57086725,0,-0.02804172059,0.1940306639,-0.008489873674,-0.3247223678,1.027502118,-0.002095523409,26.00010897,0.3247223678,0.002095523409,26.31843698,26.31843698,0.02045805557,0.5263687397,-1.917475985e-06,-1.438106989e-06,-1.917475985e-06,-6.231796951e-06,0.5263687397,-9.970875121e-05,-1.917475985e-06,-1.438106989e-06,-1.917475985e-06,-6.231796951e-06,0.5263687397,-9.970875121e-05,0,0,0,0,0,0
12.71,0,1,5.297027408e-05,3.76304662e-05,-7.190534943e-07,6.615292148e-05,-0.02750115963,-4.697816163e-05,0,0,0,0,0,0,-0.02507339535,0,0,-0.002427764281,-0.02805269477,-0.193954281,11.5708484,0,-0.0280306533,0.193954281,-0.00846249152,-0.3245934783,1.02750116,-0.00209361773,25.98987365,0.3245934783,0.00209361773,26.30809826,26.30809826,0.02044753826,0.5261619651,-2.396844981e-06,-1.917475985e-06,-2.876213977e-06,-3.83495197e-06,0.5261619651,-0.0001001881202,-2.396844981e-06,-1.917475985e-06,-2.876213977e-06,-3.83495197e-06,0.5261619651,-0.0001001881202,0,0,0,0,0,0
12.72,0,1,5.344964308e-05,3.81098352e-05,-7.190534943e-07,6.687197497e-05,-0.02750020089,-4.745753063e-05,0,0,0,0,0,0,-0.02507339535,0,0,-0.002426805543,-0.02804160137,-0.1938778978,11.57082955,0,-0.02801958601,0.1938778978,-0.008402643956,-0.3244645898,1.027500201,-0.002091713078,25.9796383,0.3244645898,0.002091713078,26.29779196,26.29779196,0.02043702264,0.5259558392,-3.355582973e-06,-2.876213977e-06,-2.876213977e-06,-5.273058958e-06,0.5259558392,-9.922938222e-05,-3.355582973e-06,-2.876213977e-06,-2.876213977e-06,-5.273058958e-06,0.5259558392,-9.922938222e-05,0,0,0,0,0,0
12.73,0,1,5.344964308e-05,3.76304662e-05,-1.198422491e-06,6.783071296e-05,-0.02749948184,-4.649879263e-05,0,0,0,0,0,0,-0.02507339535,0,0,-0.00242608649,-0.02803328133,-0.1938206102,11.57081542,0,-0.02801128554,0.1938206102,-0.007930454841,-0.3243679239,1.027499482,-0.002090016322,25.97196177,0.3243679239,0.002090016322,26.29048926,26.29048926,0.02042650872,0.5258097851,-3.355582973e-06,-1.917475985e-06,-1.917475985e-06,-7.190534943e-06,0.5258097851,-0.0001011468582,-3.355582973e-06,-1.917475985e-06,-1.917475985e-06,-7.190534943e-06,0.5258097851,-0.0001011468582,0,0,0,0,0,0
12.74,0,1,5.225122059e-05,3.667172821e-05,-1.917475985e-06,6.735134397e-05,-0.02749780405,-4.721784613e-05,0,0,0,0,0,0,-0.02507339535,0,0,-0.002424408698,-0.02801386794,-0.1936869387,11.57078247,0,-0.02799191777,0.1936869387,-0.008901167651,-0.324142372,1.027497804,-0.002087493063,25.95404979,0.324142372,0.002087493063,26.27137849,26.27137849,0.02041599396,0.5254275697,-9.587379924e-07,-0,-4.793689962e-07,-6.231796951e-06,0.5254275697,-9.970875121e-05,-9.587379924e-07,-0,-4.793689962e-07,-6.231796951e-06,0.5254275697,-9.970875121e-05,0,0,0,0,0,0
12.75,0,1,5.225122059e-05,3.715109721e-05,-1.198422491e-06,6.639260598e-05,-0.0274954072,-4.745753063e-05,0,0,0,0,0.001047197551,0,-0.02507339535,0,0,-0.002422011853,-0.02798613462,-0.1924487805,11.57073543,0,-0.02796424951,0.1934959781,-0.0109746358,-0.3238201594,1.028542879,-0.002077299743,25.78813659,0.3238201594,0.002077299743,26.10305942,26.10305942,0.02040547047,0.5220611883,-9.587379924e-07,-9.587379924e-07,-1.917475985e-06,-4.314320966e-06,0.5220611883,-9.922938222e-05,-9.587379924e-07,-9.587379924e-07,-1.917475985e-06,-4.314320966e-06,0.5220611883,-9.922938222e-05,0,0,0,0,0,0
12.76,0,1,5.225122059e-05,3.715109721e-05,-9.587379924e-07,6.807039746e-05,-0.02749420878,-4.673847713e-05,0,0,0,0,0,0,-0.02507339535,0,0,-0.002420813431,-0.02797226801,-0.1934004972,11.57071193,0,-0.02795041538,0.1934004972,-0.01058624804,-0.3236590551,1.027494209,-0.002082242273,25.91566662,0.3236590551,0.002082242273,26.23082167,26.23082167,0.02039494292,0.5246164335,-9.587379924e-07,-9.587379924e-07,-2.396844981e-06,-7.669903939e-06,0.5246164335,-0.0001006674892,-9.587379924e-07,-9.587379924e-07,-2.396844981e-06,-7.669903939e-06,0.5246164335,-0.0001006674892,0,0,0,0,0,0
12.77,0,1,5.225122059e-05,3.73907817e-05,-4.793689962e-07,6.687197497e-05,-0.02748965477,-4.601942364e-05,0,0,0,0,0,0,-0.02507339535,0,0,-0.002416259425,-0.02791957512,-0.1930376663,11.57062273,0,-0.02789784563,0.1930376663,-0.01523945332,-0.3230468706,1.027489655,-0.002077243734,25.86704728,0.3230468706,0.002077243734,26.17693194,26.17693194,0.02038440324,0.5235386388,-9.587379924e-07,-1.438106989e-06,-3.355582973e-06,-5.273058958e-06,0.5235386388,-0.0001021055962,-9.587379924e-07,-1.438106989e-06,-3.355582973e-06,-5.273058958e-06,0.5235386388,-0.0001021055962,0,0,0,0,0,0
12.78,0,1,5.297027408e-05,3.76304662e-05,-1.198422491e-06,6.759102847e-05,-0.02748797698,-4.625910813e-05,0,0,0,0,0,0,-0.02507339535,0,0,-0.002414581634,-0.02790016206,-0.1929039903,11.57058991,0,-0.02787847781,0.1929039903,-0.01486386736,-0.3228213337,1.027487977,-0.002074723945,25.8491347,0.3228213337,0.002074723945,26.15916689,26.15916689,0.0203738503,0.5231833378,-2.396844981e-06,-1.917475985e-06,-1.917475985e-06,-6.711165947e-06,0.5231833378,-0.0001016262272,-2.396844981e-06,-1.917475985e-06,-1.917475985e-06,-6.711165947e-06,0.5231833378,-0.0001016262272,0,0,0,0,0,0
12.79,0,1,5.273058958e-05,3.667172821e-05,-1.438106989e-06,6.639260598e-05,-0.0274846214,-4.673847713e-05,0,0,0.001047197551,0,0,0,-0.02507339535,0,0,-0.002411226051,-0.02786133609,-0.1926366361,11.57052434,0,-0.02783974215,0.1926366361,-0.01698307878,-0.3223702675,1.027484621,-0.002070759165,25.81330923,0.3223702675,0.002070759165,26.12076718,26.12076718,0.02036326901,0.5224153436,-1.917475985e-06,-0,-0.0001061578621,-4.314320966e-06,0.5224153436,-0.0001006674892,-1.917475985e-06,-0,-0.0001061578621,-4.314320966e-06,0.5224153436,-0.0001006674892,0,0,0,0,0,0
12.8,0,1,5.297027408e-05,3.691141271e-05,-1.198422491e-06,6.663229047e-05,-0.02748366266,-4.697816163e-05,0,0,0,0,0,0,-0.02507339535,0,0,-0.002410267313,-0.027850243,-0.1925602486,11.57050563,0,-0.02782867482,0.1925602486,-0.01525101824,-0.3222413933,1.027483663,-0.002068859836,25.80307331,0.3222413933,0.002068859836,26.11213255,26.11213255,0.02035269982,0.5222426509,-2.396844981e-06,-4.793689962e-07,-1.917475985e-06,-4.793689962e-06,0.5222426509,-0.0001001881202,-2.396844981e-06,-4.793689962e-07,-1.917475985e-06,-4.793689962e-06,0.5222426509,-0.0001001881202,0,0,0,0,0,0
12.81,0,1,5.225122059e-05,3.691141271e-05,-1.438106989e-06,6.735134397e-05,-0.02748222455,-4.697816163e-05,0,0,0,0,0,0,-0.02507339535,0,0,-0.002408829206,-0.02783360339,-0.1924456669,11.57047756,0,-0.02781207381,0.1924456669,-0.01446765429,-0.3220480836,1.027482225,-0.002066548325,25.78771937,0.3220480836,0.002066548325,26.09736634,26.09736634,0.02034212071,0.5219473269,-9.587379924e-07,-4.793689962e-07,-1.438106989e-06,-6.231796951e-06,0.5219473269,-0.0001001881202,-9.587379924e-07,-4.793689962e-07,-1.438106989e-06,-6.231796951e-06,0.5219473269,-0.0001001881202,0,0,0,0,0,0
12.82,0,1,5.201153609e-05,3.78701507e-05,-1.438106989e-06,6.711165947e-05,-0.02748030708,-4.769721512e-05,0,0,0,0,0,0,-0.02507339535,0,0,-0.00240691173,-0.02781141731,-0.1922928905,11.57044017,0,-0.02778993912,0.1922928905,-0.01450253194,-0.3217903402,1.027480307,-0.002063826777,25.76724732,0.3217903402,0.002063826777,26.07659896,26.07659896,0.02033154641,0.5215319792,-4.793689962e-07,-2.396844981e-06,-1.438106989e-06,-5.752427955e-06,0.5215319792,-9.875001322e-05,-4.793689962e-07,-2.396844981e-06,-1.438106989e-06,-5.752427955e-06,0.5215319792,-9.875001322e-05,0,0,0,0,0,0
12.83,0,1,5.273058958e-05,3.83495197e-05,-9.587379924e-07,6.639260598e-05,-0.02747886897,-4.769721512e-05,0,0,0,0,0,0,-0.02507339535,0,0,-0.002405473623,-0.0277947778,-0.1921783075,11.57041215,0,-0.0277733381,0.1921783075,-0.01389039708,-0.3215970348,1.027478869,-0.002061518414,25.75189321,0.3215970348,0.002061518414,26.06166136,26.06166136,0.02032097085,0.5212332272,-1.917475985e-06,-3.355582973e-06,-2.396844981e-06,-4.314320966e-06,0.5212332272,-9.875001322e-05,-1.917475985e-06,-3.355582973e-06,-2.396844981e-06,-4.314320966e-06,0.5212332272,-9.875001322e-05,0,0,0,0,0,0
12.84,0,1,5.273058958e-05,3.78701507e-05,-1.198422491e-06,6.687197497e-05,-0.02747767055,-4.649879263e-05,0,0,0,0,0,0,-0.02507339535,0,0,-0.002404275201,-0.02778091157,-0.1920828213,11.57038881,0,-0.02775950391,0.1920828213,-0.01317120045,-0.3214359484,1.027477671,-0.002059417393,25.73909805,0.3214359484,0.002059417393,26.04942222,26.04942222,0.02031039886,0.5209884443,-1.917475985e-06,-2.396844981e-06,-1.917475985e-06,-5.273058958e-06,0.5209884443,-0.0001011468582,-1.917475985e-06,-2.396844981e-06,-1.917475985e-06,-5.273058958e-06,0.5209884443,-0.0001011468582,0,0,0,0,0,0
12.85,0,1,5.320995858e-05,3.73907817e-05,-1.917475985e-06,6.687197497e-05,-0.02747647213,-4.697816163e-05,0,0,0,0,0,0,-0.02507339535,0,0,-0.002403076778,-0.02776704537,-0.1919873346,11.57036548,0,-0.02774566971,0.1919873346,-0.01256055886,-0.3212748633,1.027476472,-0.002057317472,25.72630284,0.3212748633,0.002057317472,26.03707446,26.03707446,0.02029982716,0.5207414893,-2.876213977e-06,-1.438106989e-06,-4.793689962e-07,-5.273058958e-06,0.5207414893,-0.0001001881202,-2.876213977e-06,-1.438106989e-06,-4.793689962e-07,-5.273058958e-06,0.5207414893,-0.0001001881202,0,0,0,0,0,0
12.86,0,1,5.297027408e-05,3.715109721e-05,-9.587379924e-07,6.663229047e-05,-0.0274752737,-4.793689962e-05,0,0,0,0,0,0,-0.02507339535,0,0,-0.002401878356,-0.0277531792,-0.1918918476,11.57034217,0,-0.02773183552,0.1918918476,-0.01204855932,-0.3211137795,1.027475274,-0.002055218672,25.71350758,0.3211137795,0.002055218672,26.02462802,26.02462802,0.02028925594,0.5204925604,-2.396844981e-06,-9.587379924e-07,-2.396844981e-06,-4.793689962e-06,0.5204925604,-9.827064422e-05,-2.396844981e-06,-9.587379924e-07,-2.396844981e-06,-4.793689962e-06,0.5204925604,-9.827064422e-05,0,0,0,0,0,0
12.87,0,1,5.320995858e-05,3.73907817e-05,-1.677791487e-06,6.687197497e-05,-0.0274721578,-4.745753063e-05,0,0,0,0,0,0,-0.02507339535,0,0,-0.002398762457,-0.02771712728,-0.1916435796,11.5702816,0,-0.02769586658,0.1916435796,-0.01439672666,-0.3206949677,1.027472158,-0.002051477121,25.68023967,0.3206949677,0.002051477121,25.98858939,25.98858939,0.0202786763,0.5197717877,-2.876213977e-06,-1.438106989e-06,-9.587379924e-07,-5.273058958e-06,0.5197717877,-9.922938222e-05,-2.876213977e-06,-1.438106989e-06,-9.587379924e-07,-5.273058958e-06,0.5197717877,-9.922938222e-05,0,0,0,0,0,0
12.88,0,1,5.344964308e-05,3.715109721e-05,-2.157160483e-06,6.759102847e-05,-0.0274707197,-4.673847713e-05,0,0,0,0,0,0,-0.02507339535,0,0,-0.00239732435,-0.027700488,-0.1915289935,11.57025367,0,-0.02767926553,0.1915289935,-0.01391541241,-0.3205016729,1.02747072,-0.002049174611,25.66488513,0.3205016729,0.002049174611,25.97352056,25.97352056,0.02026809079,0.5194704113,-3.355582973e-06,-9.587379924e-07,-0,-6.711165947e-06,0.5194704113,-0.0001006674892,-3.355582973e-06,-9.587379924e-07,-0,-6.711165947e-06,0.5194704113,-0.0001006674892,0,0,0,0,0,0
12.89,0,1,5.320995858e-05,3.715109721e-05,-1.438106989e-06,6.711165947e-05,-0.02746712443,-4.673847713e-05,0,0,0,0,0,0,-0.02507339535,0,0,-0.002393729083,-0.02765888997,-0.1912425258,11.57018392,0,-0.02763776286,0.1912425258,-0.01668328838,-0.320018444,1.027467124,-0.002045024225,25.62649845,0.320018444,0.002045024225,25.93187863,25.93187863,0.02025747796,0.5186375727,-2.876213977e-06,-9.587379924e-07,-1.438106989e-06,-5.752427955e-06,0.5186375727,-0.0001006674892,-2.876213977e-06,-9.587379924e-07,-1.438106989e-06,-5.752427955e-06,0.5186375727,-0.0001006674892,0,0,0,0,0,0
12.9,0,1,5.297027408e-05,3.73907817e-05,-9.587379924e-07,6.687197497e-05,-0.02746400853,-4.649879263e-05,0,0,0,0,0,0,-0.02507339535,0,0,-0.002390613184,-0.02762283854,-0.190994251,11.57012356,0,-0.02760179386,0.190994251,-0.01822131487,-0.319599655,1.027464009,-0.002041286318,25.59322963,0.319599655,0.002041286318,25.89664926,25.89664926,0.02024685673,0.5179329851,-2.396844981e-06,-1.438106989e-06,-2.396844981e-06,-5.273058958e-06,0.5179329851,-0.0001011468582,-2.396844981e-06,-1.438106989e-06,-2.396844981e-06,-5.273058958e-06,0.5179329851,-0.0001011468582,0,0,0,0,0,0
12.91,0,1,5.225122059e-05,3.715109721e-05,-1.917475985e-06,6.663229047e-05,-0.02746089263,-4.745753063e-05,0,0,0,0,0,0,-0.02507339535,0,0,-0.002387497286,-0.0275867873,-0.1907459736,11.57006328,0,-0.02756582483,0.1907459736,-0.01942430485,-0.3191808748,1.027460893,-0.002037550483,25.55996046,0.3191808748,0.002037550483,25.86175458,25.86175458,0.02023622827,0.5172350915,-9.587379924e-07,-9.587379924e-07,-4.793689962e-07,-4.793689962e-06,0.5172350915,-9.922938222e-05,-9.587379924e-07,-9.587379924e-07,-4.793689962e-07,-4.793689962e-06,0.5172350915,-9.922938222e-05,0,0,0,0,0,0
12.92,0,1,5.273058958e-05,3.643204371e-05,-9.587379924e-07,6.687197497e-05,-0.02745897516,-4.697816163e-05,0,0,0,0,0,0,-0.02507339535,0,0,-0.00238557981,-0.02756460202,-0.1905931862,11.57002622,0,-0.02754369003,0.1905931862,-0.01865117907,-0.3189231681,1.027458975,-0.002034840665,25.53948695,0.3189231681,0.002034840665,25.84179378,25.84179378,0.0202255904,0.5168358755,-1.917475985e-06,4.793689962e-07,-2.396844981e-06,-5.273058958e-06,0.5168358755,-0.0001001881202,-1.917475985e-06,4.793689962e-07,-2.396844981e-06,-5.273058958e-06,0.5168358755,-0.0001001881202,0,0,0,0,0,0
12.93,0,1,5.392901207e-05,3.691141271e-05,-1.438106989e-06,6.735134397e-05,-0.02745657831,-4.745753063e-05,0,0,0,0,0,0,-0.02507339535,0,0,-0.002383182965,-0.02753687052,-0.1904022006,11.56997994,0,-0.02751602151,0.1904022006,-0.01872524062,-0.3186010395,1.027456578,-0.002031722452,25.51389487,0.3186010395,0.002031722452,25.8158024,25.8158024,0.02021494584,0.5163160479,-4.314320966e-06,-4.793689962e-07,-1.438106989e-06,-6.231796951e-06,0.5163160479,-9.922938222e-05,-4.314320966e-06,-4.793689962e-07,-1.438106989e-06,-6.231796951e-06,0.5163160479,-9.922938222e-05,0,0,0,0,0,0
12.94,0,1,5.368932758e-05,3.643204371e-05,-1.438106989e-06,6.735134397e-05,-0.02745394178,-4.721784613e-05,0,0,0,0,0,0,-0.02507339535,0,0,-0.002380546435,-0.02750636599,-0.1901921146,11.56992909,0,-0.02748558613,0.1901921146,-0.01925273535,-0.3182467039,1.027453942,-0.002028401131,25.48574336,0.3182467039,0.002028401131,25.78676573,25.78676573,0.02020429481,0.5157353146,-3.83495197e-06,4.793689962e-07,-1.438106989e-06,-6.231796951e-06,0.5157353146,-9.970875121e-05,-3.83495197e-06,4.793689962e-07,-1.438106989e-06,-6.231796951e-06,0.5157353146,-9.970875121e-05,0,0,0,0,0,0
12.95,0,1,5.344964308e-05,3.667172821e-05,-1.438106989e-06,6.639260598e-05,-0.02745010683,-4.745753063e-05,0,0,0,0,0,0,-0.02507339535,0,0,-0.002376711483,-0.02746199601,-0.1898865318,11.56985522,0,-0.02744131644,0.1898865318,-0.02131509802,-0.3177313177,1.027450107,-0.002024057749,25.44479526,0.3177313177,0.002024057749,25.74323554,25.74323554,0.02019362484,0.5148647107,-3.355582973e-06,-0,-1.438106989e-06,-4.314320966e-06,0.5148647107,-9.922938222e-05,-3.355582973e-06,-0,-1.438106989e-06,-4.314320966e-06,0.5148647107,-9.922938222e-05,0,0,0,0,0,0
12.96,0,1,5.297027408e-05,3.715109721e-05,-1.438106989e-06,6.735134397e-05,-0.02744699093,-4.625910813e-05,0.001047197551,0,0,0,0,0,-0.02507339535,0,0,-0.002373595585,-0.0274259456,-0.1896382428,11.56979529,0,-0.02740534729,0.1896382428,-0.02192966422,-0.3173125762,1.027446991,-0.002020328439,25.41152454,0.3173125762,0.002020328439,25.70892778,25.70892778,0.020182929,0.5141785556,-0.0001071166001,-9.587379924e-07,-1.438106989e-06,-6.231796951e-06,0.5141785556,-0.0001016262272,-0.0001071166001,-9.587379924e-07,-1.438106989e-06,-6.231796951e-06,0.5141785556,-0.0001016262272,0,0,0,0,0,0
12.97,0,1,5.368932758e-05,3.715109721e-05,-1.917475985e-06,6.687197497e-05,-0.02744531314,-4.697816163e-05,0,0,0,0,0,0,-0.02507339535,0,0,-0.002371917793,-0.02740653393,-0.1895045477,11.56976305,0,-0.02738597928,0.1895045477,-0.02032457366,-0.3170871035,1.027445313,-0.002017827718,25.3936094,0.3170871035,0.002017827718,25.69238975,25.69238975,0.02017223343,0.5138477951,-3.83495197e-06,-9.587379924e-07,-4.793689962e-07,-5.273058958e-06,0.5138477951,-0.0001001881202,-3.83495197e-06,-9.587379924e-07,-4.793689962e-07,-5.273058958e-06,0.5138477951,-0.0001001881202,0,0,0,0,0,0
12.98,0,1,5.344964308e-05,3.715109721e-05,-2.157160483e-06,6.663229047e-05,-0.02744339566,-4.769721512e-05,0,0,0,0,0,0,-0.02507339535,0,0,-0.002370000317,-0.02738434922,-0.1893517524,11.56972623,0,-0.02736384439,0.1893517524,-0.01935725411,-0.3168294235,1.027443396,-0.002015123948,25.37313482,0.3168294235,0.002015123948,25.67262212,25.67262212,0.020161534,0.5134524423,-3.355582973e-06,-9.587379924e-07,-0,-4.793689962e-06,0.5134524423,-9.875001322e-05,-3.355582973e-06,-9.587379924e-07,-0,-4.793689962e-06,0.5134524423,-9.875001322e-05,0,0,0,0,0,0
12.99,0,1,5.273058958e-05,3.643204371e-05,-7.190534943e-07,6.711165947e-05,-0.02744171787,-4.721784613e-05,0,0,0,0,0,0,-0.02507339535,0,0,-0.002368322526,-0.02736493766,-0.1892180557,11.56969404,0,-0.02734447636,0.1892180557,-0.01828147229,-0.3166039562,1.027441718,-0.002012625794,25.35521947,0.3166039562,0.002012625794,25.65555458,25.65555458,0.02015083265,0.5131110915,-1.917475985e-06,4.793689962e-07,-2.876213977e-06,-5.752427955e-06,0.5131110915,-9.970875121e-05,-1.917475985e-06,4.793689962e-07,-2.876213977e-06,-5.752427955e-06,0.5131110915,-9.970875121e-05,0,0,0,0,0,0
13,0,1,5.249090509e-05,3.73907817e-05,-1.677791487e-06,6.759102847e-05,-0.02744195756,-4.697816163e-05,0,0,0,0,0,0,-0.02507339535,0,0,-0.00236856221,-0.02736771073,-0.1892371553,11.56969864,0,-0.02734724322,0.1892371553,-0.01455322772,-0.3166361657,1.027441958,-0.002011761317,25.35777881,0.3166361657,0.002011761317,25.66187351,25.66187351,0.02014013569,0.5132374702,-1.438106989e-06,-1.438106989e-06,-9.587379924e-07,-6.711165947e-06,0.5132374702,-0.0001001881202,-1.438106989e-06,-1.438106989e-06,-9.587379924e-07,-6.711165947e-06,0.5132374702,-0.0001001881202,0,0,0,0,0,0
13.01,0,1,5.225122059e-05,3.76304662e-05,-1.438106989e-06,6.639260598e-05,-0.02744147819,-4.697816163e-05,0,0,0,0,0,0,-0.02507339535,0,0,-0.002368082841,-0.02736216458,-0.1891989561,11.56968945,0,-0.0273417095,0.1891989561,-0.01253286889,-0.3165717468,1.027441478,-0.00201028508,25.35266012,0.3165717468,0.00201028508,25.65870928,25.65870928,0.02012943899,0.5131741857,-9.587379924e-07,-1.917475985e-06,-1.438106989e-06,-4.314320966e-06,0.5131741857,-0.0001001881202,-9.587379924e-07,-1.917475985e-06,-1.438106989e-06,-4.314320966e-06,0.5131741857,-0.0001001881202,0,0,0,0,0,0
13.02,0,1,5.320995858e-05,3.715109721e-05,-9.587379924e-07,6.687197497e-05,-0.02744099882,-4.745753063e-05,0,0,0,0,0,0,-0.02507339535,0,0,-0.002367603472,-0.02735661843,-0.1891607569,11.56968026,0,-0.02733617577,0.1891607569,-0.0109768292,-0.3165073281,1.027440999,-0.002008811061,25.34754142,0.3165073281,0.002008811061,25.65508073,25.65508073,0.02011876016,0.5131016147,-2.876213977e-06,-9.587379924e-07,-2.396844981e-06,-5.273058958e-06,0.5131016147,-9.922938222e-05,-2.876213977e-06,-9.587379924e-07,-2.396844981e-06,-5.273058958e-06,0.5131016147,-9.922938222e-05,0,0,0,0,0,0
13.03,0,1,5.368932758e-05,3.643204371e-05,-1.438106989e-06,6.687197497e-05,-0.02744099882,-4.745753063e-05,0,0,0,0,0,0,-0.02507339535,0,0,-0.002367603472,-0.02735661843,-0.1891607569,11.56968026,0,-0.02733617577,0.1891607569,-0.009029794505,-0.3165073281,1.027440999,-0.002007745725,25.34754142,0.3165073281,0.002007745725,25.6570267,25.6570267,0.02010809105,0.5131405341,-3.83495197e-06,4.793689962e-07,-1.438106989e-06,-5.273058958e-06,0.5131405341,-9.922938222e-05,-3.83495197e-06,4.793689962e-07,-1.438106989e-06,-5.273058958e-06,0.5131405341,-9.922938222e-05,0,0,0,0,0,0
13.04,0,1,5.344964308e-05,3.81098352e-05,-1.677791487e-06,6.735134397e-05,-0.0274412385,-4.721784613e-05,0,0.001047197551,0,0,0,0,-0.02507339535,0,0,-0.002367843157,-0.02735939151,-0.1891798565,11.56968485,0,-0.02733894264,0.1891798565,-0.007017029938,-0.3165395375,1.027441239,-0.002006884891,25.35010077,0.3165395375,0.002006884891,25.66163017,25.66163017,0.02009743165,0.5132326033,-3.355582973e-06,-0.0001075959691,-9.587379924e-07,-6.231796951e-06,0.5132326033,-9.970875121e-05,-3.355582973e-06,-0.0001075959691,-9.587379924e-07,-6.231796951e-06,0.5132326033,-9.970875121e-05,0,0,0,0,0,0
13.05,0,1,5.320995858e-05,3.715109721e-05,-1.198422491e-06,6.711165947e-05,-0.02744051945,-4.673847713e-05,0,0,0,0,0,0,-0.02507339535,0,0,-0.002367124103,-0.02735107229,-0.1891225576,11.56967107,0,-0.02733064205,0.1891225576,-0.006749881521,-0.3164429097,1.027440519,-0.002005210921,25.34242272,0.3164429097,0.002005210921,25.65412096,25.65412096,0.02008678004,0.5130824192,-2.876213977e-06,-9.587379924e-07,-1.917475985e-06,-5.752427955e-06,0.5130824192,-0.0001006674892,-2.876213977e-06,-9.587379924e-07,-1.917475985e-06,-5.752427955e-06,0.5130824192,-0.0001006674892,0,0,0,0,0,0
13.06,0,1,5.273058958e-05,3.667172821e-05,-1.198422491e-06,6.711165947e-05,-0.02744075913,-4.649879263e-05,0,0,0,0,0,0,-0.02507339535,0,0,-0.002367363788,-0.02735384536,-0.1891416573,11.56967566,0,-0.02733340891,0.1891416573,-0.005134746158,-0.3164751189,1.027440759,-0.002004351776,25.34498207,0.3164751189,0.002004351776,25.6583268,25.6583268,0.02007613754,0.513166536,-1.917475985e-06,-0,-1.917475985e-06,-5.752427955e-06,0.513166536,-0.0001011468582,-1.917475985e-06,-0,-1.917475985e-06,-5.752427955e-06,0.513166536,-0.0001011468582,0,0,0,0,0,0
13.07,0,1,5.249090509e-05,3.667172821e-05,-2.157160483e-06,6.711165947e-05,-0.02744027977,-4.745753063e-05,0,0,0,0,0,0,-0.02507339535,0,0,-0.002366884419,-0.02734829922,-0.1891034579,11.56966647,0,-0.02732787519,0.1891034579,-0.004888300729,-0.3164107005,1.02744028,-0.002002883792,25.33986336,0.3164107005,0.002002883792,25.65338865,25.65338865,0.02006550511,0.513067773,-1.438106989e-06,-0,-0,-5.752427955e-06,0.513067773,-9.922938222e-05,-1.438106989e-06,-0,-0,-5.752427955e-06,0.513067773,-9.922938222e-05,0,0,0,0,0,0
13.08,0,1,5.249090509e-05,3.73907817e-05,-1.198422491e-06,6.639260598e-05,-0.02744027977,-4.721784613e-05,0,0,0,0.001047197551,0,0,-0.02507339535,0,0,-0.002366884419,-0.02734829922,-0.1891034579,11.56966647,0,-0.02732787519,0.1891034579,-0.004004886672,-0.3164107005,1.02744028,-0.002001823389,25.33986336,0.3164107005,0.002001823389,25.654271,25.654271,0.02005488217,0.51308542,-1.438106989e-06,-1.438106989e-06,-1.917475985e-06,-0.0001090340761,0.51308542,-9.970875121e-05,-1.438106989e-06,-1.438106989e-06,-1.917475985e-06,-0.0001090340761,0.51308542,-9.970875121e-05,0,0,0,0,0,0
13.09,0,1,5.344964308e-05,3.643204371e-05,-1.677791487e-06,6.687197497e-05,-0.02743932103,-4.697816163e-05,0,0,0,0,0,0,-0.02507339535,0,0,-0.002365925681,-0.02733720695,-0.1890270591,11.5696481,0,-0.02731680773,0.1890270591,-0.004625700288,-0.3162818644,1.027439321,-0.001999951498,25.32962592,0.3162818644,0.001999951498,25.64328204,25.64328204,0.02004426411,0.5128656408,-3.355582973e-06,4.793689962e-07,-9.587379924e-07,-5.273058958e-06,0.5128656408,-0.0001001881202,-3.355582973e-06,4.793689962e-07,-9.587379924e-07,-5.273058958e-06,0.5128656408,-0.0001001881202,0,0,0,0,0,0
13.1,0,1,5.344964308e-05,3.643204371e-05,-1.438106989e-06,6.663229047e-05,-0.02743956071,-4.793689962e-05,0,0,0,0,0,0,-0.02507339535,0,0,-0.002366165365,-0.02733998001,-0.1890461589,11.56965269,0,-0.0273195746,0.1890461589,-0.003412666369,-0.3163140734,1.027439561,-0.001999095787,25.33218529,0.3163140734,0.001999095787,25.64708579,25.64708579,0.02003365495,0.5129417158,-3.355582973e-06,4.793689962e-07,-1.438106989e-06,-4.793689962e-06,0.5129417158,-9.827064422e-05,-3.355582973e-06,4.793689962e-07,-1.438106989e-06,-4.793689962e-06,0.5129417158,-9.827064422e-05,0,0,0,0,0,0
13.11,0,1,5.368932758e-05,3.667172821e-05,-1.198422491e-06,6.687197497e-05,-0.02743932103,-4.697816163e-05,0,0,0,0,0,0,-0.02507339535,0,0,-0.002365925681,-0.02733720695,-0.1890270591,11.5696481,0,-0.02731680773,0.1890270591,-0.003107721238,-0.3162818644,1.027439321,-0.001997835304,25.32962592,0.3162818644,0.001997835304,25.6447979,25.6447979,0.02002305581,0.512895958,-3.83495197e-06,-0,-1.917475985e-06,-5.273058958e-06,0.512895958,-0.0001001881202,-3.83495197e-06,-0,-1.917475985e-06,-5.273058958e-06,0.512895958,-0.0001001881202,0,0,0,0,0,0
13.12,0,1,5.273058958e-05,3.643204371e-05,-1.198422491e-06,6.663229047e-05,-0.02743932103,-4.697816163e-05,0,0,0,0,0,0,-0.02507339535,0,0,-0.002365925681,-0.02733720695,-0.1890270591,11.5696481,0,-0.02731680773,0.1890270591,-0.002564912377,-0.3162818644,1.027439321,-0.001996778841,25.32962592,0.3162818644,0.001996778841,25.64533965,25.64533965,0.02001246804,0.5129067931,-1.917475985e-06,4.793689962e-07,-1.917475985e-06,-4.793689962e-06,0.5129067931,-0.0001001881202,-1.917475985e-06,4.793689962e-07,-1.917475985e-06,-4.793689962e-06,0.5129067931,-0.0001001881202,0,0,0,0,0,0
13.13,0,1,5.297027408e-05,3.667172821e-05,-7.190534943e-07,6.591323698e-05,-0.02743884166,-4.673847713e-05,0,0,0,0,0,0,-0.02507339535,0,0,-0.002365446312,-0.02733166082,-0.1889888596,11.56963892,0,-0.027311274,0.1889888596,-0.002837668278,-0.3162174467,1.027438842,-0.001995318133,25.32450719,0.3162174467,0.001995318133,25.63988229,25.63988229,0.02000188913,0.5127976457,-2.396844981e-06,-0,-2.876213977e-06,-3.355582973e-06,0.5127976457,-0.0001006674892,-2.396844981e-06,-0,-2.876213977e-06,-3.355582973e-06,0.5127976457,-0.0001006674892,0,0,0,0,0,0
13.14,0,1,5.416869657e-05,3.715109721e-05,-1.198422491e-06,6.663229047e-05,-0.02743884166,-4.649879263e-05,0,0,0,0,0,0,-0.02507339535,0,0,-0.002365446312,-0.02733166082,-0.1889888596,11.56963892,0,-0.027311274,0.1889888596,-0.002411675012,-0.3162174467,1.027438842,-0.001994263785,25.32450719,0.3162174467,0.001994263785,25.64030723,25.64030723,0.01999132042,0.5128061445,-4.793689962e-06,-9.587379924e-07,-1.917475985e-06,-4.793689962e-06,0.5128061445,-0.0001011468582,-4.793689962e-06,-9.587379924e-07,-1.917475985e-06,-4.793689962e-06,0.5128061445,-0.0001011468582,0,0,0,0,0,0
13.15,0,1,5.297027408e-05,3.78701507e-05,-1.917475985e-06,6.615292148e-05,-0.02743812261,-4.649879263e-05,0,0,0,0,0,0,-0.02507339535,0,0,-0.002364727258,-0.02732334163,-0.1889315603,11.56962515,0,-0.02730297341,0.1889315603,-0.003162266701,-0.3161208204,1.027438123,-0.001992603268,25.31682908,0.3161208204,0.001992603268,25.63178023,25.63178023,0.01998076055,0.5126356047,-2.396844981e-06,-2.396844981e-06,-4.793689962e-07,-3.83495197e-06,0.5126356047,-0.0001011468582,-2.396844981e-06,-2.396844981e-06,-4.793689962e-07,-3.83495197e-06,0.5126356047,-0.0001011468582,0,0,0,0,0,0
13.16,0,1,5.225122059e-05,3.715109721e-05,-1.198422491e-06,6.735134397e-05,-0.02743764324,-4.721784613e-05,0,0,0,0,0,0,-0.02507339535,0,0,-0.002364247889,-0.02731779552,-0.1888933606,11.56961597,0,-0.02729743968,0.1888933606,-0.003349487461,-0.3160564032,1.027437643,-0.001991146004,25.31171032,0.3160564032,0.001991146004,25.62640838,25.62640838,0.01997020436,0.5125281677,-9.587379924e-07,-9.587379924e-07,-1.917475985e-06,-6.231796951e-06,0.5125281677,-9.970875121e-05,-9.587379924e-07,-9.587379924e-07,-1.917475985e-06,-6.231796951e-06,0.5125281677,-9.970875121e-05,0,0,0,0,0,0
13.17,0,1,5.225122059e-05,3.78701507e-05,-1.438106989e-06,6.711165947e-05,-0.02743764324,-4.721784613e-05,0,0,0,0,0,0,-0.02507339535,0,0,-0.002364247889,-0.02731779552,-0.1888933606,11.56961597,0,-0.02729743968,0.1888933606,-0.002728873909,-0.3160564032,1.027437643,-0.001990094132,25.31171032,0.3160564032,0.001990094132,25.62702795,25.62702795,0.0199596551,0.5125405589,-9.587379924e-07,-2.396844981e-06,-1.438106989e-06,-5.752427955e-06,0.5125405589,-9.970875121e-05,-9.587379924e-07,-2.396844981e-06,-1.438106989e-06,-5.752427955e-06,0.5125405589,-9.970875121e-05,0,0,0,0,0,0
13.18,0,1,5.297027408e-05,3.81098352e-05,-1.917475985e-06,6.687197497e-05,-0.02743764324,-4.721784613e-05,0,0,0,0,0,0,-0.02507339535,0,0,-0.002364247889,-0.02731779552,-0.1888933606,11.56961597,0,-0.02729743968,0.1888933606,-0.002193876283,-0.3160564032,1.027437643,-0.001989043235,25.31171032,0.3160564032,0.001989043235,25.62756189,25.62756189,0.01994911562,0.5125512379,-2.396844981e-06,-2.876213977e-06,-4.793689962e-07,-5.273058958e-06,0.5125512379,-9.970875121e-05,-2.396844981e-06,-2.876213977e-06,-4.793689962e-07,-5.273058958e-06,0.5125512379,-9.970875121e-05,0,0,0,0,0,0
13.19,0,1,5.201153609e-05,3.76304662e-05,-7.190534943e-07,6.735134397e-05,-0.02743644481,-4.697816163e-05,0,0,0,0,0,0,-0.02507339535,0,0,-0.002363049467,-0.02730393024,-0.1887978612,11.56959303,0,-0.02728360536,0.1887978612,-0.003623487642,-0.315895361,1.027436445,-0.001986982734,25.2989134,0.315895361,0.001986982734,25.61317226,25.61317226,0.01993857627,0.5122634452,-4.793689962e-07,-1.917475985e-06,-2.876213977e-06,-6.231796951e-06,0.5122634452,-0.0001001881202,-4.793689962e-07,-1.917475985e-06,-2.876213977e-06,-6.231796951e-06,0.5122634452,-0.0001001881202,0,0,0,0,0,0
13.2,0,1,5.273058958e-05,3.715109721e-05,-1.198422491e-06,6.759102847e-05,-0.02743644481,-4.673847713e-05,0,0,0,0,0,0,-0.02507339535,0,0,-0.002363049467,-0.02730393024,-0.1887978612,11.56959303,0,-0.02728360536,0.1887978612,-0.002916441364,-0.315895361,1.027436445,-0.001985933502,25.2989134,0.315895361,0.001985933502,25.61387826,25.61387826,0.01992804813,0.5122775652,-1.917475985e-06,-9.587379924e-07,-1.917475985e-06,-6.711165947e-06,0.5122775652,-0.0001006674892,-1.917475985e-06,-9.587379924e-07,-1.917475985e-06,-6.711165947e-06,0.5122775652,-0.0001006674892,0,0,0,0,0,0
13.21,0,1,5.249090509e-05,3.76304662e-05,-1.677791487e-06,6.783071296e-05,-0.02743644481,-4.793689962e-05,0,0,0,0,0,0,-0.02507339535,0,0,-0.002363049467,-0.02730393024,-0.1887978612,11.56959303,0,-0.02728360536,0.1887978612,-0.002319583226,-0.315895361,1.027436445,-0.00198488526,25.2989134,0.315895361,0.00198488526,25.61447407,25.61447407,0.01991752995,0.5122894813,-1.438106989e-06,-1.917475985e-06,-9.587379924e-07,-7.190534943e-06,0.5122894813,-9.827064422e-05,-1.438106989e-06,-1.917475985e-06,-9.587379924e-07,-7.190534943e-06,0.5122894813,-9.827064422e-05,0,0,0,0,0,0
13.22,0,1,5.273058958e-05,3.76304662e-05,-1.438106989e-06,6.687197497e-05,-0.02743620513,-4.745753063e-05,0,0,0,0,0,0,-0.02507339535,0,0,-0.002362809782,-0.02730115719,-0.1887787613,11.56958844,0,-0.02728083849,0.1887787613,-0.002170498772,-0.3158631527,1.027436205,-0.001983636331,25.29635401,0.3158631527,0.001983636331,25.6120303,25.6120303,0.01990702094,0.5122406061,-1.917475985e-06,-1.917475985e-06,-1.438106989e-06,-5.273058958e-06,0.5122406061,-9.922938222e-05,-1.917475985e-06,-1.917475985e-06,-1.438106989e-06,-5.273058958e-06,0.5122406061,-9.922938222e-05,0,0,0,0,0,0
13.23,0,1,5.273058958e-05,3.715109721e-05,-1.677791487e-06,6.711165947e-05,-0.02743596544,-4.601942364e-05,0,0,0,0,0,0,-0.02507339535,0,0,-0.002362570098,-0.02729838414,-0.1887596614,11.56958386,0,-0.02727807162,0.1887596614,-0.002121008315,-0.3158309445,1.027435965,-0.00198238866,25.29379462,0.3158309445,0.00198238866,25.60948695,25.60948695,0.01989652244,0.512189739,-1.917475985e-06,-9.587379924e-07,-9.587379924e-07,-5.752427955e-06,0.512189739,-0.0001021055962,-1.917475985e-06,-9.587379924e-07,-9.587379924e-07,-5.752427955e-06,0.512189739,-0.0001021055962,0,0,0,0,0,0
13.24,0,1,5.344964308e-05,3.715109721e-05,-1.438106989e-06,6.711165947e-05,-0.02743596544,-4.625910813e-05,0,0,0,0,0,0,-0.02507339535,0,0,-0.002362570098,-0.02729838414,-0.1887596614,11.56958386,0,-0.02727807162,0.1887596614,-0.001739034541,-0.3158309445,1.027435965,-0.001981343582,25.29379462,0.3158309445,0.001981343582,25.60986788,25.60986788,0.01988603386,0.5121973575,-3.355582973e-06,-9.587379924e-07,-1.438106989e-06,-5.752427955e-06,0.5121973575,-0.0001016262272,-3.355582973e-06,-9.587379924e-07,-1.438106989e-06,-5.752427955e-06,0.5121973575,-0.0001016262272,0,0,0,0,0,0
13.25,0,1,5.368932758e-05,3.76304662e-05,-9.587379924e-07,6.831008196e-05,-0.02743596544,-4.649879263e-05,0,0,0,0,0,0,-0.02507339535,0,0,-0.002362570098,-0.02729838414,-0.1887596614,11.56958386,0,-0.02727807162,0.1887596614,-0.001464119781,-0.3158309445,1.027435965,-0.001980299644,25.29379462,0.3158309445,0.001980299644,25.61014175,25.61014175,0.01987555672,0.5122028349,-3.83495197e-06,-1.917475985e-06,-2.396844981e-06,-8.149272936e-06,0.5122028349,-0.0001011468582,-3.83495197e-06,-1.917475985e-06,-2.396844981e-06,-8.149272936e-06,0.5122028349,-0.0001011468582,0,0,0,0,0,0
13.26,0,1,5.297027408e-05,3.715109721e-05,-9.587379924e-07,6.807039746e-05,-0.02743596544,-4.745753063e-05,0,0,0,0,0,0,-0.02507339535,0,0,-0.002362570098,-0.02729838414,-0.1887596614,11.56958386,0,-0.02727807162,0.1887596614,-0.001182002567,-0.3158309445,1.027435965,-0.001979256596,25.29379462,0.3158309445,0.001979256596,25.61042282,25.61042282,0.01986508853,0.5122084564,-2.396844981e-06,-9.587379924e-07,-2.396844981e-06,-7.669903939e-06,0.5122084564,-9.922938222e-05,-2.396844981e-06,-9.587379924e-07,-2.396844981e-06,-7.669903939e-06,0.5122084564,-9.922938222e-05,0,0,0,0,0,0
13.27,0,1,5.273058958e-05,3.667172821e-05,-1.438106989e-06,6.807039746e-05,-0.02743572576,-4.697816163e-05,0,0,0,0,0,0,-0.02507339535,0,0,-0.002362330413,-0.02729561109,-0.1887405614,11.56957927,0,-0.02727530476,0.1887405614,-0.001340875301,-0.3157987363,1.027435726,-0.001978013519,25.29123523,0.3157987363,0.001978013519,25.6076711,25.6076711,0.0198546308,0.5121534221,-1.917475985e-06,-0,-1.438106989e-06,-7.669903939e-06,0.5121534221,-0.0001001881202,-1.917475985e-06,-0,-1.438106989e-06,-7.669903939e-06,0.5121534221,-0.0001001881202,0,0,0,0,0,0
13.28,0,1,5.249090509e-05,3.595267472e-05,-1.917475985e-06,6.735134397e-05,-0.02743524639,-4.673847713e-05,0,0,0,0,0,0,-0.02507339535,0,0,-0.002361851044,-0.02729006499,-0.1887023615,11.5695701,0,-0.02726977103,0.1887023615,-0.001810594617,-0.3157343201,1.027435246,-0.001976570405,25.28611644,0.3157343201,0.001976570405,25.60201673,25.60201673,0.01984418028,0.5120403346,-1.438106989e-06,1.438106989e-06,-4.793689962e-07,-6.231796951e-06,0.5120403346,-0.0001006674892,-1.438106989e-06,1.438106989e-06,-4.793689962e-07,-6.231796951e-06,0.5120403346,-0.0001006674892,0,0,0,0,0,0
13.29,0,1,5.225122059e-05,3.715109721e-05,-7.190534943e-07,6.687197497e-05,-0.02743524639,-4.721784613e-05,0,0,0,0,0,0,-0.02507339535,0,0,-0.002361851044,-0.02729006499,-0.1887023615,11.5695701,0,-0.02726977103,0.1887023615,-0.001543146831,-0.3157343201,1.027435246,-0.001975530439,25.28611644,0.3157343201,0.001975530439,25.60228314,25.60228314,0.01983373982,0.5120456628,-9.587379924e-07,-9.587379924e-07,-2.876213977e-06,-5.273058958e-06,0.5120456628,-9.970875121e-05,-9.587379924e-07,-9.587379924e-07,-2.876213977e-06,-5.273058958e-06,0.5120456628,-9.970875121e-05,0,0,0,0,0,0
13.3,0,1,5.344964308e-05,3.73907817e-05,-9.587379924e-07,6.735134397e-05,-0.02743548608,-4.649879263e-05,0,0,0,0,0,0,-0.02507339535,0,0,-0.002362090729,-0.02729283804,-0.1887214614,11.56957469,0,-0.02727253789,0.1887214614,-0.000929671123,-0.3157665281,1.027435486,-0.00197469225,25.28867583,0.3157665281,0.00197469225,25.60548738,25.60548738,0.01982330961,0.5121097476,-3.355582973e-06,-1.438106989e-06,-2.396844981e-06,-6.231796951e-06,0.5121097476,-0.0001011468582,-3.355582973e-06,-1.438106989e-06,-2.396844981e-06,-6.231796951e-06,0.5121097476,-0.0001011468582,0,0,0,0,0,0
13.31,0,1,5.392901207e-05,3.78701507e-05,-1.198422491e-06,6.711165947e-05,-0.02743524639,-4.697816163e-05,0,0,0,0,0,0,-0.02507339535,0,0,-0.002361851044,-0.02729006499,-0.1887023615,11.5695701,0,-0.02726977103,0.1887023615,-0.001141869932,-0.3157343201,1.027435246,-0.001973453606,25.28611644,0.3157343201,0.001973453606,25.60268234,25.60268234,0.01981289002,0.5120536468,-4.314320966e-06,-2.396844981e-06,-1.917475985e-06,-5.752427955e-06,0.5120536468,-0.0001001881202,-4.314320966e-06,-2.396844981e-06,-1.917475985e-06,-5.752427955e-06,0.5120536468,-0.0001001881202,0,0,0,0,0,0
13.32,0,1,5.392901207e-05,3.76304662e-05,-4.793689962e-07,6.591323698e-05,-0.02743452734,-4.697816163e-05,0,0,0,0,0,0,-0.02507339535,0,0,-0.002361131991,-0.02728174586,-0.1886450614,11.56955635,0,-0.02726147043,0.1886450614,-0.002123453916,-0.3156376961,1.027434527,-0.001971815009,25.27843823,0.3156376961,0.001971815009,25.59392429,25.59392429,0.0198024797,0.5118784857,-4.314320966e-06,-1.917475985e-06,-3.355582973e-06,-3.355582973e-06,0.5118784857,-0.0001001881202,-4.314320966e-06,-1.917475985e-06,-3.355582973e-06,-3.355582973e-06,0.5118784857,-0.0001001881202,0,0,0,0,0,0
13.33,0,1,5.249090509e-05,3.715109721e-05,-9.587379924e-07,6.591323698e-05,-0.02743428765,-4.649879263e-05,0,0,0,0,0,0,-0.02507339535,0,0,-0.002360892306,-0.02727897282,-0.1886259614,11.56955177,0,-0.02725870356,0.1886259614,-0.002151293944,-0.3156054882,1.027434288,-0.001970578407,25.27587882,0.3156054882,0.001970578407,25.5913036,25.5913036,0.01979207426,0.5118260719,-1.438106989e-06,-9.587379924e-07,-2.396844981e-06,-3.355582973e-06,0.5118260719,-0.0001011468582,-1.438106989e-06,-9.587379924e-07,-2.396844981e-06,-3.355582973e-06,0.5118260719,-0.0001011468582,0,0,0,0,0,0
13.34,0,1,5.392901207e-05,3.76304662e-05,-1.198422491e-06,6.759102847e-05,-0.02743500671,-4.673847713e-05,0,0,0,0,0,0,-0.02507339535,0,0,-0.00236161136,-0.02728729195,-0.1886832615,11.56956552,0,-0.02726700416,0.1886832615,-0.0006844218983,-0.315702112,1.027435007,-0.001970144368,25.28355704,0.315702112,0.001970144368,25.60054487,25.60054487,0.01978167903,0.5120108974,-4.314320966e-06,-1.917475985e-06,-1.917475985e-06,-6.711165947e-06,0.5120108974,-0.0001006674892,-4.314320966e-06,-1.917475985e-06,-1.917475985e-06,-6.711165947e-06,0.5120108974,-0.0001006674892,0,0,0,0,0,0
13.35,0,1,5.344964308e-05,3.78701507e-05,-7.190534943e-07,6.783071296e-05,-0.02743452734,-4.697816163e-05,0,0,0,0,0,0,-0.02507339535,0,0,-0.002361131991,-0.02728174586,-0.1886450614,11.56955635,0,-0.02726147043,0.1886450614,-0.001204735099,-0.3156376961,1.027434527,-0.001968709552,25.27843823,0.3156376961,0.001968709552,25.5948399,25.5948399,0.0197712938,0.511896798,-3.355582973e-06,-2.396844981e-06,-2.876213977e-06,-7.190534943e-06,0.511896798,-0.0001001881202,-3.355582973e-06,-2.396844981e-06,-2.876213977e-06,-7.190534943e-06,0.511896798,-0.0001001881202,0,0,0,0,0,0
13.36,0,1,5.297027408e-05,3.76304662e-05,-4.793689962e-07,6.711165947e-05,-0.02743380828,-4.697816163e-05,0,-0.001047197551,0,0,0,0,-0.02507339535,0,0,-0.002360412937,-0.02727342673,-0.1885877612,11.56954261,0,-0.02725316983,0.1885877612,-0.002081042138,-0.3155410726,1.027433808,-0.001967075858,25.27076,0.3155410726,0.001967075858,25.58618711,25.58618711,0.01976091687,0.5117237422,-2.396844981e-06,0.0001028022791,-3.355582973e-06,-5.752427955e-06,0.5117237422,-0.0001001881202,-2.396844981e-06,0.0001028022791,-3.355582973e-06,-5.752427955e-06,0.5117237422,-0.0001001881202,0,0,0,0,0,0
13.37,0,1,5.368932758e-05,3.73907817e-05,-9.587379924e-07,6.711165947e-05,-0.02743404797,-4.673847713e-05,0,0,0,0,0,0,-0.02507339535,0,0,-0.002360652622,-0.02727619977,-0.1886068613,11.56954719,0,-0.02725593669,0.1886068613,-0.001387602549,-0.3155732804,1.027434048,-0.00196624373,25.27331942,0.3155732804,0.00196624373,25.58947134,25.58947134,0.01975054859,0.5117894267,-3.83495197e-06,-1.438106989e-06,-2.396844981e-06,-5.752427955e-06,0.5117894267,-0.0001006674892,-3.83495197e-06,-1.438106989e-06,-2.396844981e-06,-5.752427955e-06,0.5117894267,-0.0001006674892,0,0,0,0,0,0
13.38,0,1,5.297027408e-05,3.667172821e-05,-9.587379924e-07,6.759102847e-05,-0.02743380828,-4.673847713e-05,0,0,0,0,0,0,-0.02507339535,0,0,-0.002360412937,-0.02727342673,-0.1885877612,11.56954261,0,-0.02725316983,0.1885877612,-0.001493193506,-0.3155410726,1.027433808,-0.001965012502,25.27076,0.3155410726,0.001965012502,25.5867729,25.5867729,0.01974018972,0.5117354579,-2.396844981e-06,-0,-2.396844981e-06,-6.711165947e-06,0.5117354579,-0.0001006674892,-2.396844981e-06,-0,-2.396844981e-06,-6.711165947e-06,0.5117354579,-0.0001006674892,0,0,0,0,0,0
13.39,0,1,5.344964308e-05,3.715109721e-05,-1.198422491e-06,6.687197497e-05,-0.02743404797,-4.577973914e-05,0,0,0,-0.001047197551,0,0,-0.02507339535,0,0,-0.002360652622,-0.02727619977,-0.1886068613,11.56954719,0,-0.02725593669,0.1886068613,-0.0009193315557,-0.3155732804,1.027434048,-0.001964182265,25.27331942,0.3155732804,0.001964182265,25.58993755,25.58993755,0.01972984254,0.5117987509,-3.355582973e-06,-9.587379924e-07,-1.917475985e-06,9.944669616e-05,0.5117987509,-0.0001025849652,-3.355582973e-06,-9.587379924e-07,-1.917475985e-06,9.944669616e-05,0.5117987509,-0.0001025849652,0,0,0,0,0,0
13.4,0,1,5.297027408e-05,3.715109721e-05,-4.793689962e-07,6.687197497e-05,-0.0274335686,-4.697816163e-05,0,0,0,0,0,0,-0.02507339535,0,0,-0.002360173253,-0.02727065369,-0.1885686611,11.56953802,0,-0.02725040296,0.1885686611,-0.001495849884,-0.3155088649,1.027433569,-0.001962753584,25.26820059,0.3155088649,0.001962753584,25.58417636,25.58417636,0.01971950417,0.5116835272,-2.396844981e-06,-9.587379924e-07,-3.355582973e-06,-5.273058958e-06,0.5116835272,-0.0001001881202,-2.396844981e-06,-9.587379924e-07,-3.355582973e-06,-5.273058958e-06,0.5116835272,-0.0001001881202,0,0,0,0,0,0
13.41,0,1,5.297027408e-05,3.667172821e-05,-9.587379924e-07,6.687197497e-05,-0.0274335686,-4.721784613e-05,0,0,0,0,0,0,-0.02507339535,0,0,-0.002360173253,-0.02727065369,-0.1885686611,11.56953802,0,-0.02725040296,0.1885686611,-0.001328543423,-0.3155088649,1.027433569,-0.001961724703,25.26820059,0.3155088649,0.001961724703,25.58434264,25.58434264,0.01970916765,0.5116868528,-2.396844981e-06,-0,-2.396844981e-06,-5.273058958e-06,0.5116868528,-9.970875121e-05,-2.396844981e-06,-0,-2.396844981e-06,-5.273058958e-06,0.5116868528,-9.970875121e-05,0,0,0,0,0,0
13.42,0,1,5.320995858e-05,3.619235921e-05,-1.917475985e-06,6.711165947e-05,-0.02743452734,-4.721784613e-05,0,0,0,0,0,0,-0.02507339535,0,0,-0.002361131991,-0.02728174586,-0.1886450614,11.56955635,0,-0.02726147043,0.1886450614,0.0003318384708,-0.3156376961,1.027434527,-0.00196149577,25.27843823,0.3156376961,0.00196149577,25.59636926,25.59636926,0.0196988509,0.5119273852,-2.876213977e-06,9.587379924e-07,-4.793689962e-07,-5.752427955e-06,0.5119273852,-9.970875121e-05,-2.876213977e-06,9.587379924e-07,-4.793689962e-07,-5.752427955e-06,0.5119273852,-9.970875121e-05,0,0,0,0,0,0
13.43,0,1,5.320995858e-05,3.571299022e-05,-9.587379924e-07,6.663229047e-05,-0.02743308923,-4.673847713e-05,0,-0.001047197551,0,0,0,0,-0.02507339535,0,0,-0.002359693884,-0.02726510762,-0.1885304609,11.56952886,0,-0.02724486922,0.1885304609,-0.001761622869,-0.3154444496,1.027433089,-0.001959272708,25.26308176,0.3154444496,0.001959272708,25.57872386,25.57872386,0.01968854028,0.5115744772,-2.876213977e-06,0.0001066372311,-2.396844981e-06,-4.793689962e-06,0.5115744772,-0.0001006674892,-2.876213977e-06,0.0001066372311,-2.396844981e-06,-4.793689962e-06,0.5115744772,-0.0001006674892,0,0,0,0,0,0
13.44,0,1,5.344964308e-05,3.691141271e-05,-1.198422491e-06,6.759102847e-05,-0.02743332892,-4.697816163e-05,0,0,0,0,0,0,-0.02507339535,0,0,-0.002359933568,-0.02726788066,-0.188549561,11.56953344,0,-0.02724763609,0.188549561,-0.001097345564,-0.3154766572,1.027433329,-0.001958446718,25.26564118,0.3154766572,0.001958446718,25.58197894,25.58197894,0.01967823787,0.5116395787,-3.355582973e-06,-4.793689962e-07,-1.917475985e-06,-6.711165947e-06,0.5116395787,-0.0001001881202,-3.355582973e-06,-4.793689962e-07,-1.917475985e-06,-6.711165947e-06,0.5116395787,-0.0001001881202,0,0,0,0,0,0
13.45,0,1,5.249090509e-05,3.73907817e-05,-9.587379924e-07,6.639260598e-05,-0.02743308923,-4.649879263e-05,0,0,0,0,0,0,-0.02507339535,0,0,-0.002359693884,-0.02726510762,-0.1885304609,11.56952886,0,-0.02724486922,0.1885304609,-0.001194816252,-0.3154444496,1.027433089,-0.001957222991,25.26308176,0.3154444496,0.001957222991,25.57928862,25.57928862,0.01966794385,0.5115857724,-1.438106989e-06,-1.438106989e-06,-2.396844981e-06,-4.314320966e-06,0.5115857724,-0.0001011468582,-1.438106989e-06,-1.438106989e-06,-2.396844981e-06,-4.314320966e-06,0.5115857724,-0.0001011468582,0,0,0,0,0,0
13.46,0,1,5.249090509e-05,3.691141271e-05,-7.190534943e-07,6.663229047e-05,-0.02743284955,-4.673847713e-05,0,0,0,0,0,0,-0.02507339535,0,0,-0.002359454199,-0.02726233458,-0.1885113608,11.56952428,0,-0.02724210235,0.1885113608,-0.001293468501,-0.315412242,1.02743285,-0.001956000363,25.26052234,0.315412242,0.001956000363,25.57659712,25.57659712,0.01965765879,0.5115319424,-1.438106989e-06,-4.793689962e-07,-2.876213977e-06,-4.793689962e-06,0.5115319424,-0.0001006674892,-1.438106989e-06,-4.793689962e-07,-2.876213977e-06,-4.793689962e-06,0.5115319424,-0.0001006674892,0,0,0,0,0,0
13.47,0,1,5.344964308e-05,3.76304662e-05,-9.587379924e-07,6.687197497e-05,-0.02743213049,-4.697816163e-05,0,0,0,0,0,0,-0.02507339535,0,0,-0.002358735146,-0.02725401548,-0.1884540603,11.56951055,0,-0.02723380175,0.1884540603,-0.00209489607,-0.3153156196,1.02743213,-0.00195438068,25.25284408,0.3153156196,0.00195438068,25.56801918,25.56801918,0.01964738058,0.5113603836,-3.355582973e-06,-1.917475985e-06,-2.396844981e-06,-5.273058958e-06,0.5113603836,-0.0001001881202,-3.355582973e-06,-1.917475985e-06,-2.396844981e-06,-5.273058958e-06,0.5113603836,-0.0001001881202,0,0,0,0,0,0
13.48,0,1,5.297027408e-05,3.73907817e-05,-4.793689962e-07,6.711165947e-05,-0.02743213049,-4.673847713e-05,0,0,0,0.001047197551,0,0,-0.02507339535,0,0,-0.002358735146,-0.02725401548,-0.1884540603,11.56951055,0,-0.02723380175,0.1884540603,-0.001751586844,-0.3153156196,1.02743213,-0.001953359137,25.25284408,0.3153156196,0.001953359137,25.56836147,25.56836147,0.0196371115,0.5113672294,-2.396844981e-06,-1.438106989e-06,-3.355582973e-06,-0.0001104721831,0.5113672294,-0.0001006674892,-2.396844981e-06,-1.438106989e-06,-3.355582973e-06,-0.0001104721831,0.5113672294,-0.0001006674892,0,0,0,0,0,0
13.49,0,1,5.320995858e-05,3.715109721e-05,-1.198422491e-06,6.759102847e-05,-0.02743189081,-4.649879263e-05,0,0,0,0,0,0,-0.02507339535,0,0,-0.002358495461,-0.02725124245,-0.1884349601,11.56950597,0,-0.02723103488,0.1884349601,-0.001805537831,-0.3152834122,1.027431891,-0.001952139699,25.25028465,0.3152834122,0.001952139699,25.56571467,25.56571467,0.01962685117,0.5113142933,-2.876213977e-06,-9.587379924e-07,-1.917475985e-06,-6.711165947e-06,0.5113142933,-0.0001011468582,-2.876213977e-06,-9.587379924e-07,-1.917475985e-06,-6.711165947e-06,0.5113142933,-0.0001011468582,0,0,0,0,0,0
13.5,0,1,5.249090509e-05,3.667172821e-05,-1.438106989e-06,6.687197497e-05,-0.02743237018,-4.625910813e-05,0,0,0,0,0,0,-0.02507339535,0,0,-0.00235897483,-0.02725678851,-0.1884731605,11.56951513,0,-0.02723656862,0.1884731605,-0.0007480866358,-0.315347827,1.02743237,-0.001951517453,25.2554035,0.315347827,0.001951517453,25.57195476,25.57195476,0.0196166009,0.5114390952,-1.438106989e-06,-0,-1.438106989e-06,-5.273058958e-06,0.5114390952,-0.0001016262272,-1.438106989e-06,-0,-1.438106989e-06,-5.273058958e-06,0.5114390952,-0.0001016262272,0,0,0,0,0,0
13.51,0,1,5.320995858e-05,3.73907817e-05,-1.677791487e-06,6.663229047e-05,-0.02743213049,-4.697816163e-05,0,0,0,0,0,0,-0.02507339535,0,0,-0.002358735146,-0.02725401548,-0.1884540603,11.56951055,0,-0.02723380175,0.1884540603,-0.0008870513772,-0.3153156196,1.02743213,-0.001950300082,25.25284408,0.3153156196,0.001950300082,25.56922295,25.56922295,0.0196063603,0.5113844589,-2.876213977e-06,-1.438106989e-06,-9.587379924e-07,-4.793689962e-06,0.5113844589,-0.0001001881202,-2.876213977e-06,-1.438106989e-06,-9.587379924e-07,-4.793689962e-06,0.5113844589,-0.0001001881202,0,0,0,0,0,0
13.52,0,1,5.320995858e-05,3.73907817e-05,-9.587379924e-07,6.735134397e-05,-0.02743093207,-4.649879263e-05,0,0,0,0,0,0,-0.02507339535,0,0,-0.002357536723,-0.02724015033,-0.1883585591,11.56948766,0,-0.02721996741,0.1883585591,-0.002394177856,-0.3151545832,1.027430932,-0.001948289496,25.24004693,0.3151545832,0.001948289496,25.55475562,25.55475562,0.01959612367,0.5110951124,-2.876213977e-06,-1.438106989e-06,-2.396844981e-06,-6.231796951e-06,0.5110951124,-0.0001011468582,-2.876213977e-06,-1.438106989e-06,-2.396844981e-06,-6.231796951e-06,0.5110951124,-0.0001011468582,0,0,0,0,0,0
13.53,0,1,5.344964308e-05,3.76304662e-05,-1.677791487e-06,6.735134397e-05,-0.02743117175,-4.673847713e-05,0,0,0,0,0,0,-0.02507339535,0,0,-0.002357776408,-0.02724292336,-0.1883776594,11.56949224,0,-0.02722273428,0.1883776594,-0.00163861129,-0.3151867904,1.027431172,-0.001947471047,25.24260636,0.3151867904,0.001947471047,25.55810201,25.55810201,0.01958589707,0.5111620402,-3.355582973e-06,-1.917475985e-06,-9.587379924e-07,-6.231796951e-06,0.5111620402,-0.0001006674892,-3.355582973e-06,-1.917475985e-06,-9.587379924e-07,-6.231796951e-06,0.5111620402,-0.0001006674892,0,0,0,0,0,0
13.54,0,1,5.344964308e-05,3.83495197e-05,-1.438106989e-06,6.711165947e-05,-0.02743141144,-4.554005464e-05,0,0,0,0,0,0,-0.02507339535,0,0,-0.002358016092,-0.02724569639,-0.1883967596,11.56949682,0,-0.02722550114,0.1883967596,-0.0009662101237,-0.3152189976,1.027431411,-0.001946653446,25.24516579,0.3152189976,0.001946653446,25.56136523,25.56136523,0.01957568108,0.5112273047,-3.355582973e-06,-3.355582973e-06,-1.438106989e-06,-5.752427955e-06,0.5112273047,-0.0001030643342,-3.355582973e-06,-3.355582973e-06,-1.438106989e-06,-5.752427955e-06,0.5112273047,-0.0001030643342,0,0,0,0,0,0
13.55,0,1,5.440838107e-05,3.83495197e-05,-1.198422491e-06,6.687197497e-05,-0.02743093207,-4.625910813e-05,0,0,0,0,0,0,-0.02507339535,0,0,-0.002357536723,-0.02724015033,-0.1883585591,11.56948766,0,-0.02721996741,0.1883585591,-0.00140695215,-0.3151545832,1.027430932,-0.001945241939,25.24004693,0.3151545832,0.001945241939,25.5557398,25.5557398,0.01956547244,0.511114796,-5.273058958e-06,-3.355582973e-06,-1.917475985e-06,-5.273058958e-06,0.511114796,-0.0001016262272,-5.273058958e-06,-3.355582973e-06,-1.917475985e-06,-5.273058958e-06,0.511114796,-0.0001016262272,0,0,0,0,0,0
13.56,0,1,5.416869657e-05,3.667172821e-05,-1.198422491e-06,6.687197497e-05,-0.02743069239,-4.697816163e-05,0,0,0,0,0,0,-0.02507339535,0,0,-0.002357297039,-0.02723737731,-0.1883394589,11.56948309,0,-0.02721720054,0.1883394589,-0.001471293322,-0.3151223761,1.027430692,-0.001944029767,25.23748749,0.3151223761,0.001944029767,25.5530826,25.5530826,0.01955527268,0.511061652,-4.793689962e-06,-0,-1.917475985e-06,-5.273058958e-06,0.511061652,-0.0001001881202,-4.793689962e-06,-0,-1.917475985e-06,-5.273058958e-06,0.511061652,-0.0001001881202,0,0,0,0,0,0
13.57,0,1,5.344964308e-05,3.78701507e-05,-1.198422491e-06,6.735134397e-05,-0.02742997333,-4.697816163e-05,0,0,0,0,0,0,-0.02507339535,0,0,-0.002356577985,-0.02722905823,-0.188282158,11.56946936,0,-0.02720889993,0.188282158,-0.002256937364,-0.315025755,1.027429973,-0.00194242264,25.22980917,0.315025755,0.00194242264,25.54452041,25.54452041,0.01954508007,0.5108904082,-3.355582973e-06,-2.396844981e-06,-1.917475985e-06,-6.231796951e-06,0.5108904082,-0.0001001881202,-3.355582973e-06,-2.396844981e-06,-1.917475985e-06,-6.231796951e-06,0.5108904082,-0.0001001881202,0,0,0,0,0,0
13.58,0,1,5.273058958e-05,3.81098352e-05,-1.917475985e-06,6.783071296e-05,-0.02742973365,-4.673847713e-05,0,0,0,0,0,0,-0.02507339535,0,0,-0.002356338301,-0.02722628521,-0.1882630576,11.56946479,0,-0.02720613306,0.1882630576,-0.002272488468,-0.3149935481,1.027429734,-0.00194121266,25.22724972,0.3149935481,0.00194121266,25.541912,25.541912,0.01953489612,0.5108382399,-1.917475985e-06,-2.876213977e-06,-4.793689962e-07,-7.190534943e-06,0.5108382399,-0.0001006674892,-1.917475985e-06,-2.876213977e-06,-4.793689962e-07,-7.190534943e-06,0.5108382399,-0.0001006674892,0,0,0,0,0,0
13.59,0,1,5.344964308e-05,3.78701507e-05,-1.198422491e-06,6.735134397e-05,-0.02742997333,-4.697816163e-05,0,0,0,0,0,0,-0.02507339535,0,0,-0.002356577985,-0.02722905823,-0.188282158,11.56946936,0,-0.02720889993,0.188282158,-0.001494385865,-0.315025755,1.027429973,-0.001940399133,25.22980917,0.315025755,0.001940399133,25.54528094,25.54528094,0.01952472007,0.5109056187,-3.355582973e-06,-2.396844981e-06,-1.917475985e-06,-6.231796951e-06,0.5109056187,-0.0001001881202,-3.355582973e-06,-2.396844981e-06,-1.917475985e-06,-6.231796951e-06,0.5109056187,-0.0001001881202,0,0,0,0,0,0
13.6,0,1,5.344964308e-05,3.83495197e-05,-1.677791487e-06,6.711165947e-05,-0.02742973365,-4.625910813e-05,0,0,0,0,0,0,-0.02507339535,0,0,-0.002356338301,-0.02722628521,-0.1882630576,11.56946479,0,-0.02720613306,0.1882630576,-0.001574120446,-0.3149935481,1.027429734,-0.001939191174,25.22724972,0.3149935481,0.001939191174,25.54260834,25.54260834,0.01951455439,0.5108521668,-3.355582973e-06,-3.355582973e-06,-9.587379924e-07,-5.752427955e-06,0.5108521668,-0.0001016262272,-3.355582973e-06,-3.355582973e-06,-9.587379924e-07,-5.752427955e-06,0.5108521668,-0.0001016262272,0,0,0,0,0,0
13.61,0,1,5.297027408e-05,3.81098352e-05,-1.438106989e-06,6.735134397e-05,-0.02743021302,-4.601942364e-05,0,0,0,0,0,0,-0.02507339535,0,0,-0.00235681767,-0.02723183126,-0.1883012583,11.56947394,0,-0.0272116668,0.1883012583,-0.0005437512305,-0.315057962,1.027430213,-0.001938577005,25.23236861,0.315057962,0.001938577005,25.5488214,25.5488214,0.01950439886,0.510976428,-2.396844981e-06,-2.876213977e-06,-1.438106989e-06,-6.231796951e-06,0.510976428,-0.0001021055962,-2.396844981e-06,-2.876213977e-06,-1.438106989e-06,-6.231796951e-06,0.510976428,-0.0001021055962,0,0,0,0,0,0
13.62,0,1,5.297027408e-05,3.78701507e-05,-1.438106989e-06,6.711165947e-05,-0.02742973365,-4.673847713e-05,0,0,0,0,0,0,-0.02507339535,0,0,-0.002356338301,-0.02722628521,-0.1882630576,11.56946479,0,-0.02720613306,0.1882630576,-0.00112294449,-0.3149935481,1.027429734,-0.001937173765,25.22724972,0.3149935481,0.001937173765,25.5430575,25.5430575,0.01949425368,0.51086115,-2.396844981e-06,-2.396844981e-06,-1.438106989e-06,-5.752427955e-06,0.51086115,-0.0001006674892,-2.396844981e-06,-2.396844981e-06,-1.438106989e-06,-5.752427955e-06,0.51086115,-0.0001006674892,0,0,0,0,0,0
13.63,0,1,5.297027408e-05,3.76304662e-05,-1.917475985e-06,6.735134397e-05,-0.02742949396,-4.673847713e-05,0,0,0,0,0,0,-0.02507339535,0,0,-0.002356098616,-0.02722351219,-0.1882439573,11.56946022,0,-0.02720336619,0.1882439573,-0.001321032742,-0.3149613413,1.027429494,-0.001935969187,25.22469028,0.3149613413,0.001935969187,25.54026655,25.54026655,0.01948411787,0.5108053311,-2.396844981e-06,-1.917475985e-06,-4.793689962e-07,-6.231796951e-06,0.5108053311,-0.0001006674892,-2.396844981e-06,-1.917475985e-06,-4.793689962e-07,-6.231796951e-06,0.5108053311,-0.0001006674892,0,0,0,0,0,0
13.64,0,1,5.416869657e-05,3.906857319e-05,-7.190534943e-07,6.711165947e-05,-0.02742949396,-4.649879263e-05,0,0,0,0,0,0,-0.02507339535,0,0,-0.002356098616,-0.02722351219,-0.1882439573,11.56946022,0,-0.02720336619,0.1882439573,-0.001119267074,-0.3149613413,1.027429494,-0.001934962924,25.22469028,0.3149613413,0.001934962924,25.54046731,25.54046731,0.01947399106,0.5108093463,-4.793689962e-06,-4.793689962e-06,-2.876213977e-06,-5.752427955e-06,0.5108093463,-0.0001011468582,-4.793689962e-06,-4.793689962e-06,-2.876213977e-06,-5.752427955e-06,0.5108093463,-0.0001011468582,0,0,0,0,0,0
13.65,0,1,5.392901207e-05,3.81098352e-05,-1.198422491e-06,6.711165947e-05,-0.02742925428,-4.649879263e-05,0,0,0,0,0,0,-0.02507339535,0,0,-0.002355858932,-0.02722073917,-0.1882248569,11.56945564,0,-0.02720059932,0.1882248569,-0.00134638285,-0.3149291344,1.027429254,-0.001933760553,25.22213083,0.3149291344,0.001933760553,25.53764734,25.53764734,0.01946387437,0.5107529468,-4.314320966e-06,-2.876213977e-06,-1.917475985e-06,-5.752427955e-06,0.5107529468,-0.0001011468582,-4.314320966e-06,-2.876213977e-06,-1.917475985e-06,-5.752427955e-06,0.5107529468,-0.0001011468582,0,0,0,0,0,0
13.66,0,1,5.297027408e-05,3.76304662e-05,-1.198422491e-06,6.735134397e-05,-0.02742949396,-4.673847713e-05,0,0,0,0,0,0,-0.02507339535,0,0,-0.002356098616,-0.02722351219,-0.1882439573,11.56946022,0,-0.02720336619,0.1882439573,-0.0006993080959,-0.3149613413,1.027429494,-0.001932953075,25.22469028,0.3149613413,0.001932953075,25.54088526,25.54088526,0.01945376437,0.5108177053,-2.396844981e-06,-1.917475985e-06,-1.917475985e-06,-6.231796951e-06,0.5108177053,-0.0001006674892,-2.396844981e-06,-1.917475985e-06,-1.917475985e-06,-6.231796951e-06,0.5108177053,-0.0001006674892,0,0,0,0,0,0
13.67,0,1,5.249090509e-05,3.73907817e-05,-1.198422491e-06,6.735134397e-05,-0.02742829554,-4.745753063e-05,0,0,0,0,0,0,-0.02507339535,0,0,-0.002354900194,-0.0272096471,-0.1881484553,11.56943736,0,-0.02718953184,0.1881484553,-0.002248425503,-0.3148003077,1.027428296,-0.001930964448,25.21189301,0.3148003077,0.001930964448,25.52637586,25.52637586,0.01944365953,0.5105275172,-1.438106989e-06,-1.438106989e-06,-1.917475985e-06,-6.231796951e-06,0.5105275172,-9.922938222e-05,-1.438106989e-06,-1.438106989e-06,-1.917475985e-06,-6.231796951e-06,0.5105275172,-9.922938222e-05,0,0,0,0,0,0
13.68,0,1,5.273058958e-05,3.76304662e-05,-1.677791487e-06,6.639260598e-05,-0.02742877491,-4.673847713e-05,0,0,0,0,0,0,-0.02507339535,0,0,-0.002355379563,-0.02721519313,-0.1881866562,11.5694465,0,-0.02719506558,0.1881866562,-0.001130120494,-0.314864721,1.027428775,-0.001930355461,25.21701192,0.314864721,0.001930355461,25.53267688,25.53267688,0.01943356441,0.5106535376,-1.917475985e-06,-1.917475985e-06,-9.587379924e-07,-4.314320966e-06,0.5106535376,-0.0001006674892,-1.917475985e-06,-1.917475985e-06,-9.587379924e-07,-4.314320966e-06,0.5106535376,-0.0001006674892,0,0,0,0,0,0
13.69,0,1,5.273058958e-05,3.76304662e-05,-1.438106989e-06,6.639260598e-05,-0.02742853523,-4.649879263e-05,0,0,0,0.001047197551,0,0,-0.02507339535,0,0,-0.002355139878,-0.02721242012,-0.1881675557,11.56944193,0,-0.02719229871,0.1881675557,-0.001220528346,-0.3148325143,1.027428535,-0.001929156895,25.21445247,0.3148325143,0.001929156895,25.52999361,25.52999361,0.01942347881,0.5105998722,-1.917475985e-06,-1.917475985e-06,-1.438106989e-06,-0.0001090340761,0.5105998722,-0.0001011468582,-1.917475985e-06,-1.917475985e-06,-1.438106989e-06,-0.0001090340761,0.5105998722,-0.0001011468582,0,0,0,0,0,0
13.7,0,1,5.225122059e-05,3.81098352e-05,-1.198422491e-06,6.711165947e-05,-0.02742829554,-4.625910813e-05,0,0,0,0,0,0,-0.02507339535,0,0,-0.002354900194,-0.0272096471,-0.1881484553,11.56943736,0,-0.02718953184,0.1881484553,-0.001286661423,-0.3148003077,1.027428296,-0.001927959327,25.21189301,0.3148003077,0.001927959327,25.52733462,25.52733462,0.01941340121,0.5105466924,-9.587379924e-07,-2.876213977e-06,-1.917475985e-06,-5.752427955e-06,0.5105466924,-0.0001016262272,-9.587379924e-07,-2.876213977e-06,-1.917475985e-06,-5.752427955e-06,0.5105466924,-0.0001016262272,0,0,0,0,0,0
13.71,0,1,5.320995858e-05,3.81098352e-05,-1.198422491e-06,6.711165947e-05,-0.02742781617,-4.601942364e-05,0,0,0,0,0,0,-0.02507339535,0,0,-0.002354420825,-0.02720410107,-0.1881102544,11.56942822,0,-0.02718399809,0.1881102544,-0.001735018303,-0.3147358946,1.027427816,-0.001926566293,25.20677409,0.3147358946,0.001926566293,25.52170154,25.52170154,0.01940333196,0.5104340307,-2.876213977e-06,-2.876213977e-06,-1.917475985e-06,-5.752427955e-06,0.5104340307,-0.0001021055962,-2.876213977e-06,-2.876213977e-06,-1.917475985e-06,-5.752427955e-06,0.5104340307,-0.0001021055962,0,0,0,0,0,0
13.72,0,1,5.297027408e-05,3.76304662e-05,-1.677791487e-06,6.663229047e-05,-0.02742781617,-4.601942364e-05,0,0,0,0,0,0,-0.02507339535,0,0,-0.002354420825,-0.02720410107,-0.1881102544,11.56942822,0,-0.02718399809,0.1881102544,-0.001425457375,-0.3147358946,1.027427816,-0.001925567351,25.20677409,0.3147358946,0.001925567351,25.5220101,25.5220101,0.01939327164,0.510440202,-2.396844981e-06,-1.917475985e-06,-9.587379924e-07,-4.793689962e-06,0.510440202,-0.0001021055962,-2.396844981e-06,-1.917475985e-06,-9.587379924e-07,-4.793689962e-06,0.510440202,-0.0001021055962,0,0,0,0,0,0
13.73,0,1,5.297027408e-05,3.85892042e-05,-1.198422491e-06,6.663229047e-05,-0.02742661775,-4.673847713e-05,0,0,0,0,0,0,-0.02507339535,0,0,-0.002353222402,-0.02719023602,-0.1880147519,11.56940538,0,-0.02717016374,0.1880147519,-0.003036338532,-0.3145748628,1.027426618,-0.001923587714,25.19397676,0.3145748628,0.001923587714,25.50743887,25.50743887,0.01938321929,0.5101487774,-2.396844981e-06,-3.83495197e-06,-1.917475985e-06,-4.793689962e-06,0.5101487774,-0.0001006674892,-2.396844981e-06,-3.83495197e-06,-1.917475985e-06,-4.793689962e-06,0.5101487774,-0.0001006674892,0,0,0,0,0,0
13.74,0,1,5.297027408e-05,3.83495197e-05,-1.438106989e-06,6.663229047e-05,-0.02742661775,-4.697816163e-05,0,0,0,0,0,0,-0.02507339535,0,0,-0.002353222402,-0.02719023602,-0.1880147519,11.56940538,0,-0.02717016374,0.1880147519,-0.002526169278,-0.3145748628,1.027426618,-0.001922590447,25.19397676,0.3145748628,0.001922590447,25.50794804,25.50794804,0.01937317072,0.5101589609,-2.396844981e-06,-3.355582973e-06,-1.438106989e-06,-4.793689962e-06,0.5101589609,-0.0001001881202,-2.396844981e-06,-3.355582973e-06,-1.438106989e-06,-4.793689962e-06,0.5101589609,-0.0001001881202,0,0,0,0,0,0
13.75,0,1,5.344964308e-05,3.76304662e-05,-7.190534943e-07,6.687197497e-05,-0.02742637806,-4.649879263e-05,0,0.001047197551,0,0,0,0,-0.02507339535,0,0,-0.002352982718,-0.02718746302,-0.1879956514,11.56940081,0,-0.02716739686,0.1879956514,-0.002360548935,-0.3145426566,1.027426378,-0.001921397707,25.19141729,0.3145426566,0.001921397707,25.50552079,25.50552079,0.01936312839,0.5101104158,-3.355582973e-06,-0.0001066372311,-2.876213977e-06,-5.273058958e-06,0.5101104158,-0.0001011468582,-3.355582973e-06,-0.0001066372311,-2.876213977e-06,-5.273058958e-06,0.5101104158,-0.0001011468582,0,0,0,0,0,0
13.76,0,1,5.297027408e-05,3.78701507e-05,-1.198422491e-06,6.615292148e-05,-0.0274258987,-4.745753063e-05,0,0,0,0,0,0,-0.02507339535,0,0,-0.002352503349,-0.02718191701,-0.1879574503,11.56939168,0,-0.02716186312,0.1879574503,-0.002658054636,-0.3144782444,1.027425899,-0.001920010098,25.18629833,0.3144782444,0.001920010098,25.50003853,25.50003853,0.01935309534,0.5100007707,-2.396844981e-06,-2.396844981e-06,-1.917475985e-06,-3.83495197e-06,0.5100007707,-9.922938222e-05,-2.396844981e-06,-2.396844981e-06,-1.917475985e-06,-3.83495197e-06,0.5100007707,-9.922938222e-05,0,0,0,0,0,0
13.77,0,1,5.368932758e-05,3.76304662e-05,-1.438106989e-06,6.687197497e-05,-0.0274258987,-4.745753063e-05,0,0,0,0,0,0,-0.02507339535,0,0,-0.002352503349,-0.02718191701,-0.1879574503,11.56939168,0,-0.02716186312,0.1879574503,-0.002243659492,-0.3144782444,1.027425899,-0.001919015616,25.18629833,0.3144782444,0.001919015616,25.50045193,25.50045193,0.01934307175,0.5100090387,-3.83495197e-06,-1.917475985e-06,-1.438106989e-06,-5.273058958e-06,0.5100090387,-9.922938222e-05,-3.83495197e-06,-1.917475985e-06,-1.438106989e-06,-5.273058958e-06,0.5100090387,-9.922938222e-05,0,0,0,0,0,0
13.78,0,1,5.320995858e-05,3.691141271e-05,-7.190534943e-07,6.591323698e-05,-0.02742637806,-4.721784613e-05,0,0,0,0,0,0,-0.02507339535,0,0,-0.002352982718,-0.02718746302,-0.1879956514,11.56940081,0,-0.02716739686,0.1879956514,-0.001181760353,-0.3145426566,1.027426378,-0.001918413856,25.19141729,0.3145426566,0.001918413856,25.5066966,25.5066966,0.0193330597,0.5101339319,-2.876213977e-06,-4.793689962e-07,-2.876213977e-06,-3.355582973e-06,0.5101339319,-9.970875121e-05,-2.876213977e-06,-4.793689962e-07,-2.876213977e-06,-3.355582973e-06,0.5101339319,-9.970875121e-05,0,0,0,0,0,0
13.79,0,1,5.201153609e-05,3.73907817e-05,-1.917475985e-06,6.663229047e-05,-0.02742613838,-4.697816163e-05,0,0,0,0,0,0,-0.02507339535,0,0,-0.002352743033,-0.02718469001,-0.1879765508,11.56939624,0,-0.02716462999,0.1879765508,-0.001313416051,-0.3145104505,1.027426138,-0.001917225545,25.18885781,0.3145104505,0.001917225545,25.50397207,25.50397207,0.0193230569,0.5100794414,-4.793689962e-07,-1.438106989e-06,-4.793689962e-07,-4.793689962e-06,0.5100794414,-0.0001001881202,-4.793689962e-07,-1.438106989e-06,-4.793689962e-07,-4.793689962e-06,0.5100794414,-0.0001001881202,0,0,0,0,0,0
13.8,0,1,5.392901207e-05,3.691141271e-05,-1.198422491e-06,6.735134397e-05,-0.02742517964,-4.673847713e-05,0,0,0,0,0,0,-0.02507339535,0,0,-0.002351784295,-0.027173598,-0.1879001484,11.56937798,0,-0.0271535625,0.1879001484,-0.00241879596,-0.3143816264,1.02742518,-0.001915451029,25.17861989,0.3143816264,0.001915451029,25.49249817,25.49249817,0.01931305764,0.5098499635,-4.314320966e-06,-4.793689962e-07,-1.917475985e-06,-6.231796951e-06,0.5098499635,-0.0001006674892,-4.314320966e-06,-4.793689962e-07,-1.917475985e-06,-6.231796951e-06,0.5098499635,-0.0001006674892,0,0,0,0,0,0
13.81,0,1,5.416869657e-05,3.691141271e-05,-9.587379924e-07,6.711165947e-05,-0.02742541933,-4.601942364e-05,0,0,0,0,0,0,-0.02507339535,0,0,-0.00235202398,-0.027176371,-0.1879192491,11.56938255,0,-0.02715632937,0.1879192491,-0.001610023025,-0.3144138323,1.027425419,-0.001914655609,25.18117937,0.3144138323,0.001914655609,25.49589784,25.49589784,0.01930306705,0.5099179568,-4.793689962e-06,-4.793689962e-07,-2.396844981e-06,-5.752427955e-06,0.5099179568,-0.0001021055962,-4.793689962e-06,-4.793689962e-07,-2.396844981e-06,-5.752427955e-06,0.5099179568,-0.0001021055962,0,0,0,0,0,0
13.82,0,1,5.249090509e-05,3.76304662e-05,-1.438106989e-06,6.759102847e-05,-0.02742541933,-4.649879263e-05,0,0,0,0,0,0,-0.02507339535,0,0,-0.00235202398,-0.027176371,-0.1879192491,11.56938255,0,-0.02715632937,0.1879192491,-0.001275298303,-0.3144138323,1.027425419,-0.001913665611,25.18117937,0.3144138323,0.001913665611,25.49623157,25.49623157,0.01929308663,0.5099246315,-1.438106989e-06,-1.917475985e-06,-1.438106989e-06,-6.711165947e-06,0.5099246315,-0.0001011468582,-1.438106989e-06,-1.917475985e-06,-1.438106989e-06,-6.711165947e-06,0.5099246315,-0.0001011468582,0,0,0,0,0,0
13.83,0,1,5.225122059e-05,3.76304662e-05,-1.677791487e-06,6.711165947e-05,-0.02742565901,-4.601942364e-05,0,0,0,0,0,0,-0.02507339535,0,0,-0.002352263664,-0.027179144,-0.1879383497,11.56938711,0,-0.02715909625,0.1879383497,-0.0006533667789,-0.3144460383,1.027425659,-0.001912872,25.18373886,0.3144460383,0.001912872,25.4994444,25.4994444,0.01928311733,0.509988888,-9.587379924e-07,-1.917475985e-06,-9.587379924e-07,-5.752427955e-06,0.509988888,-0.0001021055962,-9.587379924e-07,-1.917475985e-06,-9.587379924e-07,-5.752427955e-06,0.509988888,-0.0001021055962,0,0,0,0,0,0
13.84,0,1,5.201153609e-05,3.691141271e-05,-1.677791487e-06,6.711165947e-05,-0.02742565901,-4.625910813e-05,0,0,0,0,0,0,-0.02507339535,0,0,-0.002352263664,-0.027179144,-0.1879383497,11.56938711,0,-0.02715909625,0.1879383497,-0.0004844952169,-0.3144460383,1.027425659,-0.001911884049,25.18373886,0.3144460383,0.001911884049,25.49961228,25.49961228,0.01927315856,0.5099922456,-4.793689962e-07,-4.793689962e-07,-9.587379924e-07,-5.752427955e-06,0.5099922456,-0.0001016262272,-4.793689962e-07,-4.793689962e-07,-9.587379924e-07,-5.752427955e-06,0.5099922456,-0.0001016262272,0,0,0,0,0,0
13.85,0,1,5.225122059e-05,3.643204371e-05,-1.198422491e-06,6.711165947e-05,-0.02742470027,-4.697816163e-05,0,0,0,0,0,0,-0.02507339535,0,0,-0.002351304926,-0.027168052,-0.1878619472,11.56936885,0,-0.02714802875,0.1878619472,-0.001715687686,-0.3143172146,1.0274247,-0.001910116271,25.17350092,0.3143172146,0.001910116271,25.48801256,25.48801256,0.01926320481,0.5097602512,-9.587379924e-07,4.793689962e-07,-1.917475985e-06,-5.752427955e-06,0.5097602512,-0.0001001881202,-9.587379924e-07,4.793689962e-07,-1.917475985e-06,-5.752427955e-06,0.5097602512,-0.0001001881202,0,0,0,0,0,0
13.86,0,1,5.297027408e-05,3.667172821e-05,-9.587379924e-07,6.663229047e-05,-0.0274242209,-4.673847713e-05,0,0,0,0,0,0,-0.02507339535,0,0,-0.002350825557,-0.02716250601,-0.1878237458,11.56935973,0,-0.02714249501,0.1878237458,-0.002113210027,-0.3142528031,1.027424221,-0.001908739946,25.16838194,0.3142528031,0.001908739946,25.48243027,25.48243027,0.01925325798,0.5096486054,-2.396844981e-06,-0,-2.396844981e-06,-4.793689962e-06,0.5096486054,-0.0001006674892,-2.396844981e-06,-0,-2.396844981e-06,-4.793689962e-06,0.5096486054,-0.0001006674892,0,0,0,0,0,0
13.87,0,1,5.201153609e-05,3.667172821e-05,-1.198422491e-06,6.711165947e-05,-0.02742470027,-4.673847713e-05,0,0,0,0,0,0,-0.02507339535,0,0,-0.002351304926,-0.027168052,-0.1878619472,11.56936885,0,-0.02714802875,0.1878619472,-0.000980828985,-0.3143172146,1.0274247,-0.001908144416,25.17350092,0.3143172146,0.001908144416,25.48874545,25.48874545,0.01924331994,0.509774909,-4.793689962e-07,-0,-1.917475985e-06,-5.752427955e-06,0.509774909,-0.0001006674892,-4.793689962e-07,-0,-1.917475985e-06,-5.752427955e-06,0.509774909,-0.0001006674892,0,0,0,0,0,0
13.88,0,1,5.368932758e-05,3.691141271e-05,-1.198422491e-06,6.687197497e-05,-0.0274242209,-4.697816163e-05,0,0,0,0,0,0,-0.02507339535,0,0,-0.002350825557,-0.02716250601,-0.1878237458,11.56935973,0,-0.02714249501,0.1878237458,-0.001344311819,-0.3142528031,1.027424221,-0.001906770013,25.16838194,0.3142528031,0.001906770013,25.4831972,25.4831972,0.01923338843,0.509663944,-3.83495197e-06,-4.793689962e-07,-1.917475985e-06,-5.273058958e-06,0.509663944,-0.0001001881202,-3.83495197e-06,-4.793689962e-07,-1.917475985e-06,-5.273058958e-06,0.509663944,-0.0001001881202,0,0,0,0,0,0
13.89,0,1,5.392901207e-05,3.691141271e-05,-1.438106989e-06,6.735134397e-05,-0.02742398122,-4.649879263e-05,0,0,0,0,0,0,-0.02507339535,0,0,-0.002350585873,-0.02715973301,-0.1878046451,11.56935516,0,-0.02713972813,0.1878046451,-0.001432013819,-0.3142205974,1.027423981,-0.001905591769,25.16582245,0.3142205974,0.001905591769,25.48051662,25.48051662,0.0192234678,0.5096103324,-4.314320966e-06,-4.793689962e-07,-1.438106989e-06,-6.231796951e-06,0.5096103324,-0.0001011468582,-4.314320966e-06,-4.793689962e-07,-1.438106989e-06,-6.231796951e-06,0.5096103324,-0.0001011468582,0,0,0,0,0,0
13.9,0,1,5.225122059e-05,3.667172821e-05,-2.157160483e-06,6.687197497e-05,-0.02742398122,-4.673847713e-05,0,0,0,0,0,0,-0.02507339535,0,0,-0.002350585873,-0.02715973301,-0.1878046451,11.56935516,0,-0.02713972813,0.1878046451,-0.001161884495,-0.3142205974,1.027423981,-0.001904609231,25.16582245,0.3142205974,0.001904609231,25.48078577,25.48078577,0.01921355651,0.5096157154,-9.587379924e-07,-0,-0,-5.273058958e-06,0.5096157154,-0.0001006674892,-9.587379924e-07,-0,-0,-5.273058958e-06,0.5096157154,-0.0001006674892,0,0,0,0,0,0
13.91,0,1,5.297027408e-05,3.667172821e-05,-1.677791487e-06,6.687197497e-05,-0.02742446059,-4.649879263e-05,0,0,0,0,0,0,-0.02507339535,0,0,-0.002351065242,-0.027165279,-0.1878428465,11.56936429,0,-0.02714526188,0.1878428465,-0.0001490335724,-0.3142850088,1.027424461,-0.001904016594,25.17094143,0.3142850088,0.001904016594,25.48698142,25.48698142,0.01920365475,0.5097396284,-2.396844981e-06,-0,-9.587379924e-07,-5.273058958e-06,0.5097396284,-0.0001011468582,-2.396844981e-06,-0,-9.587379924e-07,-5.273058958e-06,0.5097396284,-0.0001011468582,0,0,0,0,0,0
13.92,0,1,5.297027408e-05,3.691141271e-05,-9.587379924e-07,6.663229047e-05,-0.02742326217,-4.625910813e-05,0,0,0,0,0,0,-0.02507339535,0,0,-0.002349866819,-0.02715141403,-0.1877473429,11.56934148,0,-0.02713142751,0.1877473429,-0.001845291295,-0.3141239806,1.027423262,-0.001902063741,25.15814395,0.3141239806,0.001902063741,25.47232471,25.47232471,0.01919376136,0.5094464941,-2.396844981e-06,-4.793689962e-07,-2.396844981e-06,-4.793689962e-06,0.5094464941,-0.0001016262272,-2.396844981e-06,-4.793689962e-07,-2.396844981e-06,-4.793689962e-06,0.5094464941,-0.0001016262272,0,0,0,0,0,0
13.93,0,1,5.273058958e-05,3.73907817e-05,-9.587379924e-07,6.639260598e-05,-0.02742350185,-4.673847713e-05,0,0,0,0,0,0,-0.02507339535,0,0,-0.002350106504,-0.02715418702,-0.1877664437,11.56934604,0,-0.02713419439,0.1877664437,-0.001211698856,-0.3141561861,1.027423502,-0.001901278424,25.16070345,0.3141561861,0.001901278424,25.47554922,25.47554922,0.01918387673,0.5095109844,-1.917475985e-06,-1.438106989e-06,-2.396844981e-06,-4.314320966e-06,0.5095109844,-0.0001006674892,-1.917475985e-06,-1.438106989e-06,-2.396844981e-06,-4.314320966e-06,0.5095109844,-0.0001006674892,0,0,0,0,0,0
13.94,0,1,5.392901207e-05,3.691141271e-05,-1.198422491e-06,6.735134397e-05,-0.02742302248,-4.697816163e-05,0,0,0,0,0,0,-0.02507339535,0,0,-0.002349627135,-0.02714864104,-0.1877282422,11.56933692,0,-0.02712866064,0.1877282422,-0.001732448233,-0.3140917751,1.027423022,-0.001899911203,25.15558445,0.3140917751,0.001899911203,25.46984369,25.46984369,0.01917400047,0.5093968738,-4.314320966e-06,-4.793689962e-07,-1.917475985e-06,-6.231796951e-06,0.5093968738,-0.0001001881202,-4.314320966e-06,-4.793689962e-07,-1.917475985e-06,-6.231796951e-06,0.5093968738,-0.0001001881202,0,0,0,0,0,0
13.95,0,1,5.344964308e-05,3.76304662e-05,-1.198422491e-06,6.711165947e-05,-0.02742350185,-4.649879263e-05,0,0,0,0,0,0,-0.02507339535,0,0,-0.002350106504,-0.02715418702,-0.1877664437,11.56934604,0,-0.02713419439,0.1877664437,-0.0007502845871,-0.3141561861,1.027423502,-0.00189932169,25.16070345,0.3141561861,0.00189932169,25.47600868,25.47600868,0.01916413426,0.5095201735,-3.355582973e-06,-1.917475985e-06,-1.917475985e-06,-5.752427955e-06,0.5095201735,-0.0001011468582,-3.355582973e-06,-1.917475985e-06,-1.917475985e-06,-5.752427955e-06,0.5095201735,-0.0001011468582,0,0,0,0,0,0
13.96,0,1,5.225122059e-05,3.76304662e-05,-1.198422491e-06,6.639260598e-05,-0.02742302248,-4.649879263e-05,0.001047197551,0,0,0,0,0,-0.02507339535,0,0,-0.002349627135,-0.02714864104,-0.1877282422,11.56933692,0,-0.02712866064,0.1877282422,-0.001340693688,-0.3140917751,1.027423022,-0.001897956786,25.15558445,0.3140917751,0.001897956786,25.47023349,25.47023349,0.01915427735,0.5094046698,-0.0001056784931,-1.917475985e-06,-1.917475985e-06,-4.314320966e-06,0.5094046698,-0.0001011468582,-0.0001056784931,-1.917475985e-06,-1.917475985e-06,-4.314320966e-06,0.5094046698,-0.0001011468582,0,0,0,0,0,0
13.97,0,1,5.297027408e-05,3.691141271e-05,-1.917475985e-06,6.854976646e-05,-0.02742302248,-4.625910813e-05,0,0,0,0,0,0,-0.02507339535,0,0,-0.002349627135,-0.02714864104,-0.1877282422,11.56933692,0,-0.02712866064,0.1877282422,-0.001094055141,-0.3140917751,1.027423022,-0.00189698077,25.15558445,0.3140917751,0.00189698077,25.47047915,25.47047915,0.01914442782,0.5094095831,-2.396844981e-06,-4.793689962e-07,-4.793689962e-07,-8.628641932e-06,0.5094095831,-0.0001016262272,-2.396844981e-06,-4.793689962e-07,-4.793689962e-07,-8.628641932e-06,0.5094095831,-0.0001016262272,0,0,0,0,0,0
13.98,0,1,5.273058958e-05,3.81098352e-05,-1.438106989e-06,6.663229047e-05,-0.0274227828,-4.601942364e-05,0,0,0,0,0,0,-0.02507339535,0,0,-0.00234938745,-0.02714586805,-0.1877091414,11.56933236,0,-0.02712589376,0.1877091414,-0.001204398529,-0.3140595696,1.027422783,-0.001895811744,25.15302495,0.3140595696,0.001895811744,25.46777593,25.46777593,0.01913458606,0.5093555187,-1.917475985e-06,-2.876213977e-06,-1.438106989e-06,-4.793689962e-06,0.5093555187,-0.0001021055962,-1.917475985e-06,-2.876213977e-06,-1.438106989e-06,-4.793689962e-06,0.5093555187,-0.0001021055962,0,0,0,0,0,0
13.99,0,1,5.273058958e-05,3.73907817e-05,-1.677791487e-06,6.735134397e-05,-0.02742302248,-4.697816163e-05,0,0,0,0,0,0,-0.02507339535,0,0,-0.002349627135,-0.02714864104,-0.1877282422,11.56933692,0,-0.02712866064,0.1877282422,-0.0005894165116,-0.3140917751,1.027423022,-0.00189503125,25.15558445,0.3140917751,0.00189503125,25.47098184,25.47098184,0.01912475413,0.5094196369,-1.917475985e-06,-1.438106989e-06,-9.587379924e-07,-6.231796951e-06,0.5094196369,-0.0001001881202,-1.917475985e-06,-1.438106989e-06,-9.587379924e-07,-6.231796951e-06,0.5094196369,-0.0001001881202,0,0,0,0,0,0
14,0,1,5.344964308e-05,3.73907817e-05,-4.793689962e-07,6.711165947e-05,-0.0274227828,-4.697816163e-05,0,0,0,0,0,0,-0.02507339535,0,0,-0.00234938745,-0.02714586805,-0.1877091414,11.56933236,0,-0.02712589376,0.1877091414,-0.0008487863592,-0.3140595696,1.027422783,-0.001893864523,25.15302495,0.3140595696,0.001893864523,25.4681296,25.4681296,0.01911493354,0.5093625919,-3.355582973e-06,-1.438106989e-06,-3.355582973e-06,-5.752427955e-06,0.5093625919,-0.0001001881202,-3.355582973e-06,-1.438106989e-06,-3.355582973e-06,-5.752427955e-06,0.5093625919,-0.0001001881202,0,0,0,0,0,0
14.01,0,0.9997532802,5.320995858e-05,3.83495197e-05,-1.438106989e-06,6.735134397e-05,-0.02742254311,-4.721784613e-05,0,0,0,0,0,0,-0.02507339535,0,0,-0.002349147766,-0.02714309506,-0.1876900406,11.5693278,0,-0.02712312689,0.1876900406,-0.001041241254,-0.3140273642,1.027422543,-0.001892698723,25.15046544,0.3140273642,0.001892698723,25.46534427,25.46534427,0.01910512031,0.5093068853,-2.876213977e-06,-3.355582973e-06,-1.438106989e-06,-6.231796951e-06,0.5093068853,-9.970875121e-05,-2.875504358e-06,-3.354755085e-06,-1.437752179e-06,-6.230259443e-06,0.5091812292,-9.968415109e-05,0,0,0,0,0,0
14.02,0,0.9990133642,5.201153609e-05,3.73907817e-05,-9.587379924e-07,6.783071296e-05,-0.02742350185,-4.673847713e-05,0,0,0,0,0,0,-0.02507339535,0,0,-0.002350106504,-0.02715418702,-0.1877664437,11.56934604,0,-0.02713419439,0.1877664437,0.0006274300131,-0.3141561861,1.027423502,-0.001892501128,25.16070345,0.3141561861,0.001892501128,25.47737957,25.47737957,0.01909531821,0.5095475914,-4.793689962e-07,-1.438106989e-06,-2.396844981e-06,-7.190534943e-06,0.5095475914,-0.0001006674892,-4.788960336e-07,-1.436688101e-06,-2.394480168e-06,-7.183440504e-06,0.5090448535,-0.0001005681671,0,0,0,0,0,0
14.03,0,0.9977809823,5.297027408e-05,3.81098352e-05,-9.587379924e-07,6.735134397e-05,-0.02742206374,-4.625910813e-05,0,0,0,0,0,0,-0.02507339535,0,0,-0.002348668397,-0.02713754908,-0.187651839,11.56931868,0,-0.02711759314,0.187651839,-0.001550774934,-0.3139629536,1.027422064,-0.001890370726,25.14534643,0.3139629536,0.001890370726,25.45964898,25.45964898,0.01908552421,0.5091929795,-2.396844981e-06,-2.876213977e-06,-2.396844981e-06,-6.231796951e-06,0.5091929795,-0.0001016262272,-2.39152634e-06,-2.869831608e-06,-2.39152634e-06,-6.217968483e-06,0.5080630713,-0.0001014007168,0,0,0,0,0,0
14.04,0,0.9960573507,5.249090509e-05,3.78701507e-05,-2.157160483e-06,6.807039746e-05,-0.02742230343,-4.649879263e-05,0,0,0,0,0,0,-0.02507339535,0,0,-0.002348908081,-0.02714032207,-0.1876709398,11.56932324,0,-0.02712036001,0.1876709398,-0.0009811934091,-0.3139951589,1.027422303,-0.001889594629,25.14790594,0.3139951589,0.001889594629,25.4628095,25.4628095,0.01907573866,0.5092561899,-1.438106989e-06,-2.396844981e-06,-0,-7.669903939e-06,0.5092561899,-0.0001011468582,-1.432437037e-06,-2.387395062e-06,-0,-7.639664198e-06,0.5072483714,-0.0001007480716,0,0,0,0,0,0
14.05,0,0.9938441703,5.249090509e-05,3.715109721e-05,-4.793689962e-07,6.711165947e-05,-0.02742182406,-4.649879263e-05,0,0,0,0,0,0,-0.02507339535,0,0,-0.002348428712,-0.0271347761,-0.1876327382,11.56931412,0,-0.02711482626,0.1876327382,-0.001500233327,-0.3139307483,1.027421824,-0.001888239752,25.14278692,0.3139307483,0.001888239752,25.45710567,25.45710567,0.01906595987,0.5091421134,-1.438106989e-06,-9.587379924e-07,-3.355582973e-06,-5.752427955e-06,0.5091421134,-0.0001011468582,-1.429254247e-06,-9.528361646e-07,-3.334926576e-06,-5.717016988e-06,0.5060079213,-0.0001005242154,0,0,0,0,0,0
14.06,0,0.9911436254,5.249090509e-05,3.691141271e-05,-1.917475985e-06,6.807039746e-05,-0.02742206374,-4.649879263e-05,0,0,0,0,0,0,-0.02507339535,0,0,-0.002348668397,-0.02713754908,-0.187651839,11.56931868,0,-0.02711759314,0.187651839,-0.0008650979575,-0.3139629536,1.027422064,-0.001887465099,25.14534643,0.3139629536,0.001887465099,25.46033175,25.46033175,0.0190561899,0.509206635,-1.438106989e-06,-4.793689962e-07,-4.793689962e-07,-7.669903939e-06,0.509206635,-0.0001011468582,-1.425370574e-06,-4.751235248e-07,-4.751235248e-07,-7.601976397e-06,0.5046969102,-0.0001002510637,0,0,0,0,0,0
14.07,0,0.987958381,5.273058958e-05,3.691141271e-05,-7.190534943e-07,6.783071296e-05,-0.02742206374,-4.625910813e-05,0,0,0,0,0,0,-0.02507339535,0,0,-0.002348668397,-0.02713754908,-0.187651839,11.56931868,0,-0.02711759314,0.187651839,-0.0006219943643,-0.3139629536,1.027422064,-0.001886498217,25.14534643,0.3139629536,0.001886498217,25.46057389,25.46057389,0.01904642856,0.5092114777,-1.917475985e-06,-4.793689962e-07,-2.876213977e-06,-7.190534943e-06,0.5092114777,-0.0001016262272,-1.89438647e-06,-4.735966174e-07,-2.841579704e-06,-7.103949261e-06,0.5030797471,-0.0001004024829,0,0,0,0,0,0
14.08,0,0.9842915806,5.129248259e-05,3.78701507e-05,-1.198422491e-06,6.735134397e-05,-0.02742134469,-4.601942364e-05,0,0,0,0,0,0,-0.02507339535,0,0,-0.002347949343,-0.02712923013,-0.1875945365,11.56930501,0,-0.02710929251,0.1875945365,-0.001554864205,-0.313866338,1.027421345,-0.001884953848,25.13766789,0.313866338,0.001884953848,25.45186432,25.45186432,0.01903667603,0.5090372863,9.587379924e-07,-2.396844981e-06,-1.917475985e-06,-6.231796951e-06,0.5090372863,-0.0001021055962,9.436777339e-07,-2.359194335e-06,-1.887355468e-06,-6.13390527e-06,0.5010411151,-0.0001005016787,0,0,0,0,0,0
14.09,0,0.9801468428,5.297027408e-05,3.81098352e-05,-1.198422491e-06,6.807039746e-05,-0.02742062564,-4.649879263e-05,0,0,0,0,0,0,-0.02507339535,0,0,-0.00234723029,-0.02712091119,-0.1875372338,11.56929134,0,-0.02710099189,0.1875372338,-0.002329880812,-0.3137697229,1.027420626,-0.001883410511,25.12998933,0.3137697229,0.001883410511,25.44331258,25.44331258,0.01902692794,0.5088662516,-2.396844981e-06,-2.876213977e-06,-1.917475985e-06,-7.669903939e-06,0.5088662516,-0.0001011468582,-2.349260041e-06,-2.819112049e-06,-1.879408033e-06,-7.517632131e-06,0.49876365,-9.913877373e-05,0,0,0,0,0,0
14.1,0,0.9755282581,5.344964308e-05,3.78701507e-05,-1.198422491e-06,6.759102847e-05,-0.02742038595,-4.577973914e-05,0,0,0,0,0,0,-0.02507339535,0,0,-0.002346990605,-0.02711813821,-0.1875181329,11.56928678,0,-0.02709822501,0.1875181329,-0.00228878205,-0.3137375179,1.027420386,-0.001882253628,25.12742981,0.3137375179,0.001882253628,25.4407608,25.4407608,0.01901718676,0.5088152159,-3.355582973e-06,-2.396844981e-06,-1.917475985e-06,-6.711165947e-06,0.5088152159,-0.0001025849652,-3.273466013e-06,-2.338190009e-06,-1.870552008e-06,-6.546932026e-06,0.4963636213,-0.0001000745324,0,0,0,0,0,0
14.11,0,0.9704403845,5.344964308e-05,3.81098352e-05,-1.198422491e-06,6.687197497e-05,-0.02741990658,-4.673847713e-05,0,0,0,0,0,0,-0.02507339535,0,0,-0.002346511236,-0.02711259225,-0.187479931,11.56927767,0,-0.02709269126,0.187479931,-0.00256856376,-0.3136731082,1.027419907,-0.001880905023,25.12231075,0.3136731082,0.001880905023,25.4352962,25.4352962,0.01900745134,0.5087059241,-3.355582973e-06,-2.876213977e-06,-1.917475985e-06,-5.273058958e-06,0.5087059241,-0.0001006674892,-3.256393231e-06,-2.791194198e-06,-1.860796132e-06,-5.117189363e-06,0.4936687725,-9.769179693e-05,0,0,0,0,0,0
14.12,0,0.9648882429,5.344964308e-05,3.691141271e-05,-7.190534943e-07,6.711165947e-05,-0.0274196669,-4.697816163e-05,0,0,0,0.001047197551,0,0,-0.02507339535,0,0,-0.002346271552,-0.02710981928,-0.18746083,11.56927312,0,-0.02708992438,0.18746083,-0.002486885246,-0.3136409034,1.027419667,-0.00187974916,25.11975122,0.3136409034,0.00187974916,25.43278499,25.43278499,0.01899771548,0.5086556998,-3.355582973e-06,-4.793689962e-07,-2.876213977e-06,-0.0001104721831,0.5086556998,-0.0001001881202,-3.237762559e-06,-4.625375085e-07,-2.775225051e-06,-0.0001065933106,0.4907959045,-9.667033927e-05,0,0,0,0,0,0
14.13,0,0.9588773128,5.201153609e-05,3.81098352e-05,-7.190534943e-07,6.663229047e-05,-0.02741942721,-4.697816163e-05,0,0,0,0,0,0,-0.02507339535,0,0,-0.002346031867,-0.0271070463,-0.187441729,11.56926857,0,-0.02708715751,0.187441729,-0.002433084272,-0.3136086987,1.027419427,-0.001878595145,25.11719169,0.3136086987,0.001878595145,25.4302459,25.4302459,0.0189879963,0.508604918,-4.793689962e-07,-2.876213977e-06,-2.876213977e-06,-4.793689962e-06,0.508604918,-0.0001001881202,-4.596560549e-07,-2.75793633e-06,-2.75793633e-06,-4.596560549e-06,0.4876897171,-9.606811548e-05,0,0,0,0,0,0
14.14,0,0.9524135262,5.225122059e-05,3.78701507e-05,-1.198422491e-06,6.759102847e-05,-0.02741894785,-4.673847713e-05,0,0,0,0,0,0,-0.02507339535,0,0,-0.002345552498,-0.02710150035,-0.187403527,11.56925946,0,-0.02708162375,0.187403527,-0.00262214649,-0.3135442894,1.027418948,-0.001877249494,25.11207262,0.3135442894,0.001877249494,25.42487202,25.42487202,0.01897828077,0.5084974403,-9.587379924e-07,-2.396844981e-06,-1.917475985e-06,-6.711165947e-06,0.5084974403,-0.0001006674892,-9.131150321e-07,-2.28278758e-06,-1.826230064e-06,-6.391805225e-06,0.4842998402,-9.587707837e-05,0,0,0,0,0,0
14.15,0,0.9455032621,5.273058958e-05,3.715109721e-05,-9.587379924e-07,6.735134397e-05,-0.02741846848,-4.673847713e-05,0,0,0,0,0,0,-0.02507339535,0,0,-0.002345073129,-0.02709595441,-0.187365325,11.56925036,0,-0.02707609,0.187365325,-0.002765577226,-0.3134798802,1.027418468,-0.001875904785,25.10695355,0.3134798802,0.001875904785,25.41954375,25.41954375,0.01896857079,0.5083908751,-1.917475985e-06,-9.587379924e-07,-2.396844981e-06,-6.231796951e-06,0.5083908751,-0.0001006674892,-1.812979799e-06,-9.064898993e-07,-2.266224748e-06,-5.892184346e-06,0.4806852308,-9.518143943e-05,0,0,0,0,0,0
14.16,0,0.93815334,5.273058958e-05,3.715109721e-05,-7.190534943e-07,6.663229047e-05,-0.02741822879,-4.673847713e-05,0,0,0,0,0,0,-0.02507339535,0,0,-0.002344833445,-0.02709318144,-0.1873462239,11.56924581,0,-0.02707332312,0.1873462239,-0.002620796983,-0.3134476757,1.027418229,-0.00187475339,25.104394,0.3134476757,0.00187475339,25.41709564,25.41709564,0.01895887014,0.5083419127,-1.917475985e-06,-9.587379924e-07,-2.876213977e-06,-4.793689962e-06,0.5083419127,-0.0001006674892,-1.7988865e-06,-8.994432498e-07,-2.698329749e-06,-4.497216249e-06,0.4769026633,-9.444154123e-05,0,0,0,0,0,0
14.17,0,0.9303710135,5.273058958e-05,3.81098352e-05,-1.198422491e-06,6.735134397e-05,-0.02741894785,-4.577973914e-05,0,0,0,0,0,0,-0.02507339535,0,0,-0.002345552498,-0.02710150035,-0.187403527,11.56925946,0,-0.02708162375,0.187403527,-0.001145721399,-0.3135442894,1.027418948,-0.001874371088,25.11207262,0.3135442894,0.001874371088,25.42634556,25.42634556,0.0189491826,0.5085269112,-1.917475985e-06,-2.876213977e-06,-1.917475985e-06,-6.231796951e-06,0.5085269112,-0.0001025849652,-1.783964075e-06,-2.675946113e-06,-1.783964075e-06,-5.797883245e-06,0.4731186978,-9.544207803e-05,0,0,0,0,0,0
14.18,0,0.9221639627,5.416869657e-05,3.715109721e-05,-1.438106989e-06,6.735134397e-05,-0.02741894785,-4.625910813e-05,0,0,0,0,0,0,-0.02507339535,0,0,-0.002345552498,-0.02710150035,-0.187403527,11.56925946,0,-0.02708162375,0.187403527,-0.0009527072772,-0.3135442894,1.027418948,-0.001873413898,25.11207262,0.3135442894,0.001873413898,25.42653762,25.42653762,0.01893950625,0.5085307524,-4.793689962e-06,-9.587379924e-07,-1.438106989e-06,-6.231796951e-06,0.5085307524,-0.0001016262272,-4.420568132e-06,-8.841136263e-07,-1.326170439e-06,-5.746738571e-06,0.4689487338,-9.371604439e-05,0,0,0,0,0,0
14.19,0,0.9135402871,5.297027408e-05,3.715109721e-05,-1.677791487e-06,6.615292148e-05,-0.02741942721,-4.745753063e-05,0,0,0,0,0,0,-0.02507339535,0,0,-0.002346031867,-0.0271070463,-0.187441729,11.56926857,0,-0.02708715751,0.187441729,-8.696757231e-05,-0.3136086987,1.027419427,-0.001872841262,25.11719169,0.3136086987,0.001872841262,25.43258626,25.43258626,0.01892984147,0.5086517253,-2.396844981e-06,-9.587379924e-07,-9.587379924e-07,-3.83495197e-06,0.5086517253,-9.922938222e-05,-2.189614452e-06,-8.758457809e-07,-8.758457809e-07,-3.503383123e-06,0.4646738432,-9.065003832e-05,0,0,0,0,0,0
14.2,0,0.9045084972,5.249090509e-05,3.78701507e-05,-9.587379924e-07,6.687197497e-05,-0.02741942721,-4.673847713e-05,0,0,0,0,0,0,-0.02507339535,0,0,-0.002346031867,-0.0271070463,-0.187441729,11.56926857,0,-0.02708715751,0.187441729,-7.739549288e-05,-0.3136086987,1.027419427,-0.001871886145,25.11719169,0.3136086987,0.001871886145,25.43259488,25.43259488,0.01892018804,0.5086518976,-1.438106989e-06,-2.396844981e-06,-2.396844981e-06,-5.273058958e-06,0.5086518976,-0.0001006674892,-1.300779991e-06,-2.167966652e-06,-2.167966652e-06,-4.769526634e-06,0.4600799635,-9.105459937e-05,0,0,0,0,0,0
14.21,0,0.8950775062,5.10527981e-05,3.73907817e-05,-1.438106989e-06,6.831008196e-05,-0.02741990658,-4.745753063e-05,0,0,0,0,0,0,-0.02507339535,0,0,-0.002346511236,-0.02711259225,-0.187479931,11.56927767,0,-0.02709269126,0.187479931,0.0007299853295,-0.3136731082,1.027419907,-0.001871314944,25.12231075,0.3136731082,0.001871314944,25.43858516,25.43858516,0.01891054371,0.5087717032,1.438106989e-06,-1.438106989e-06,-1.438106989e-06,-8.149272936e-06,0.5087717032,-9.922938222e-05,1.287217217e-06,-1.287217217e-06,-1.287217217e-06,-7.294230896e-06,0.4553901073,-8.881798797e-05,0,0,0,0,0,0
14.22,0,0.8852566214,5.297027408e-05,3.76304662e-05,-1.677791487e-06,6.807039746e-05,-0.02741942721,-4.673847713e-05,0,0,0,0,0,0,-0.02507339535,0,0,-0.002346031867,-0.0271070463,-0.187441729,11.56926857,0,-0.02708715751,0.187441729,-8.130784822e-05,-0.3136086987,1.027419427,-0.001869978812,25.11719169,0.3136086987,0.001869978812,25.43258906,25.43258906,0.01890091052,0.5086517812,-2.396844981e-06,-1.917475985e-06,-9.587379924e-07,-7.669903939e-06,0.5086517812,-0.0001006674892,-2.12182289e-06,-1.697458312e-06,-8.487291559e-07,-6.789833248e-06,0.4502873573,-8.911656137e-05,0,0,0,0,0,0
14.23,0,0.8750555348,5.368932758e-05,3.78701507e-05,-1.677791487e-06,6.735134397e-05,-0.02741918753,-4.745753063e-05,0,0,0,0,0,0,-0.02507339535,0,0,-0.002345792183,-0.02710427333,-0.1874226281,11.56926401,0,-0.02708439063,0.1874226281,-0.0004518612956,-0.313576494,1.027419188,-0.00186883644,25.11463216,0.313576494,0.00186883644,25.42962563,25.42962563,0.01889129813,0.5085925126,-3.83495197e-06,-2.396844981e-06,-9.587379924e-07,-6.231796951e-06,0.5085925126,-9.922938222e-05,-3.355795947e-06,-2.097372467e-06,-8.389489867e-07,-5.453168413e-06,0.4450466931,-8.683122012e-05,0,0,0,0,0,0
14.24,0,0.8644843137,5.344964308e-05,3.76304662e-05,-1.198422491e-06,6.878945096e-05,-0.0274196669,-4.625910813e-05,0,0,0,0,0,0,-0.02507339535,0,0,-0.002346271552,-0.02710981928,-0.18746083,11.56927312,0,-0.02708992438,0.18746083,0.0002661377128,-0.3136409034,1.027419667,-0.001868267835,25.11975122,0.3136409034,0.001868267835,25.43552653,25.43552653,0.01888168494,0.5087105307,-3.355582973e-06,-1.917475985e-06,-1.917475985e-06,-9.108010928e-06,0.5087105307,-0.0001016262272,-2.900848844e-06,-1.657627911e-06,-1.657627911e-06,-7.873732576e-06,0.439772274,-8.785427927e-05,0,0,0,0,0,0
14.25,0,0.8535533906,5.320995858e-05,3.76304662e-05,-9.587379924e-07,6.759102847e-05,-0.02741990658,-4.554005464e-05,0,-0.001047197551,0,0,0,0,-0.02507339535,0,0,-0.002346511236,-0.02711259225,-0.187479931,11.56927767,0,-0.02709269126,0.187479931,0.0004373876384,-0.3136731082,1.027419907,-0.001867509121,25.12231075,0.3136731082,0.001867509121,25.43828876,25.43828876,0.0188720859,0.5087657752,-2.876213977e-06,0.0001028022791,-2.396844981e-06,-6.711165947e-06,0.5087657752,-0.0001030643342,-2.455002192e-06,8.774723391e-05,-2.04583516e-06,-5.728338449e-06,0.4342587524,-8.797091189e-05,0,0,0,0,0,0
14.26,0,0.8422735529,5.249090509e-05,3.83495197e-05,-1.677791487e-06,6.783071296e-05,-0.02742110501,-4.577973914e-05,0,0,0,0,0,0,-0.02507339535,0,0,-0.002347709659,-0.02712645715,-0.1875754356,11.56930045,0,-0.02710652564,0.1875754356,0.001986336236,-0.3138341329,1.027421105,-0.001867515833,25.13510837,0.3138341329,0.001867515833,25.45279636,25.45279636,0.01886250233,0.5090559271,-1.438106989e-06,-3.355582973e-06,-9.587379924e-07,-7.190534943e-06,0.5090559271,-0.0001025849652,-1.211279483e-06,-2.826318793e-06,-8.075196552e-07,-6.056397414e-06,0.4287643444,-8.640460311e-05,0,0,0,0,0,0
14.27,0,0.8306559326,5.416869657e-05,3.78701507e-05,-1.438106989e-06,6.735134397e-05,-0.02742038595,-4.673847713e-05,0,0,0,0,0,0,-0.02507339535,0,0,-0.002346990605,-0.02711813821,-0.1875181329,11.56928678,0,-0.02709822501,0.1875181329,0.0004970805325,-0.3137375179,1.027420386,-0.001865995101,25.12742981,0.3137375179,0.001865995101,25.4435304,25.4435304,0.01885292815,0.508870608,-4.793689962e-06,-2.396844981e-06,-1.438106989e-06,-6.231796951e-06,0.508870608,-0.0001006674892,-3.981907006e-06,-1.990953503e-06,-1.194572102e-06,-5.176479108e-06,0.4226963895,-8.362004713e-05,0,0,0,0,0,0
14.28,0,0.8187119948,5.320995858e-05,3.73907817e-05,-1.438106989e-06,6.711165947e-05,-0.02742182406,-4.625910813e-05,0,0,0,0,0,0,-0.02507339535,0,0,-0.002348428712,-0.0271347761,-0.1876327382,11.56931412,0,-0.02711482626,0.1876327382,0.002428348675,-0.3139307483,1.027421824,-0.001866194949,25.14278692,0.3139307483,0.001866194949,25.46101221,25.46101221,0.01884337963,0.5092202442,-2.876213977e-06,-1.438106989e-06,-1.438106989e-06,-5.752427955e-06,0.5092202442,-0.0001016262272,-2.354790883e-06,-1.177395441e-06,-1.177395441e-06,-4.709581766e-06,0.4169047219,-8.32026112e-05,0,0,0,0,0,0
14.29,0,0.8064535268,5.273058958e-05,3.76304662e-05,-1.198422491e-06,6.807039746e-05,-0.02742086532,-4.649879263e-05,0,0,0,0,0,0,-0.02507339535,0,0,-0.002347469974,-0.02712368417,-0.1875563347,11.56929589,0,-0.02710375876,0.1875563347,0.0006857919206,-0.3138019279,1.027420865,-0.001864485649,25.13254885,0.3138019279,0.001864485649,25.44890106,25.44890106,0.01883382437,0.5089780211,-1.917475985e-06,-1.917475985e-06,-1.917475985e-06,-7.669903939e-06,0.5089780211,-0.0001011468582,-1.546355271e-06,-1.546355271e-06,-1.546355271e-06,-6.185421082e-06,0.4104671202,-8.157024052e-05,0,0,0,0,0,0
14.3,0,0.7938926261,5.249090509e-05,3.715109721e-05,-1.198422491e-06,6.759102847e-05,-0.02742206374,-4.649879263e-05,0,-0.001047197551,0,0,0,0,-0.02507339535,0,0,-0.002348668397,-0.02713754908,-0.187651839,11.56931868,0,-0.02711759314,0.187651839,0.002248532823,-0.3139629536,1.027422064,-0.001864494405,25.14534643,0.3139629536,0.001864494405,25.46342241,25.46342241,0.01882428492,0.5092684482,-1.438106989e-06,0.0001037610171,-1.917475985e-06,-6.711165947e-06,0.5092684482,-0.0001011468582,-1.141702534e-06,8.237510637e-05,-1.522270045e-06,-5.327945158e-06,0.4043044657,-8.029974488e-05,0,0,0,0,0,0
14.31,0,0.7810416889,5.201153609e-05,3.691141271e-05,-1.677791487e-06,6.639260598e-05,-0.0274227828,-4.745753063e-05,0,0,0,0,0,0,-0.02507339535,0,0,-0.00234938745,-0.02714586805,-0.1877091414,11.56933236,0,-0.02712589376,0.1877091414,0.002961418728,-0.3140595696,1.027422783,-0.001864122439,25.15302495,0.3140595696,0.001864122439,25.47191006,25.47191006,0.01881475879,0.5094382012,-4.793689962e-07,-4.793689962e-07,-9.587379924e-07,-4.314320966e-06,0.5094382012,-9.922938222e-05,-3.744071704e-07,-3.744071704e-07,-7.488143408e-07,-3.369664534e-06,0.3978924731,-7.750228427e-05,0,0,0,0,0,0
14.32,0,0.7679133974,5.273058958e-05,3.691141271e-05,-1.198422491e-06,6.759102847e-05,-0.0274227828,-4.577973914e-05,0,0,0,0,0,0,-0.02507339535,0,0,-0.00234938745,-0.02714586805,-0.1877091414,11.56933236,0,-0.02712589376,0.1877091414,0.002391434064,-0.3140595696,1.027422783,-0.001863180035,25.15302495,0.3140595696,0.001863180035,25.47133913,25.47133913,0.0188052475,0.5094267827,-1.917475985e-06,-4.793689962e-07,-1.917475985e-06,-6.711165947e-06,0.5094267827,-0.0001025849652,-1.472455498e-06,-3.681138745e-07,-1.472455498e-06,-5.153594243e-06,0.3911956514,-7.877636915e-05,0,0,0,0,0,0
14.33,0,0.7545207078,5.416869657e-05,3.643204371e-05,-1.438106989e-06,6.759102847e-05,-0.0274227828,-4.506068564e-05,0,0,0,0,0,0,-0.02507339535,0,0,-0.00234938745,-0.02714586805,-0.1877091414,11.56933236,0,-0.02712589376,0.1877091414,0.001975638561,-0.3140595696,1.027422783,-0.001862238442,25.15302495,0.3140595696,0.001862238442,25.4709224,25.4709224,0.01879574438,0.5094184479,-4.793689962e-06,4.793689962e-07,-1.438106989e-06,-6.711165947e-06,0.5094184479,-0.0001040230722,-3.616938343e-06,3.616938343e-07,-1.085081503e-06,-5.063713681e-06,0.3843667679,-7.848756205e-05,0,0,0,0,0,0
14.34,0,0.740876837,5.320995858e-05,3.73907817e-05,-1.198422491e-06,6.663229047e-05,-0.02742326217,-4.601942364e-05,0,0,0,0,0,0,-0.02507339535,0,0,-0.002349866819,-0.02715141403,-0.1877473429,11.56934148,0,-0.02713142751,0.1877473429,0.002284487483,-0.3141239806,1.027423262,-0.001861678629,25.15814395,0.3141239806,0.001861678629,25.4764141,25.4764141,0.01878625417,0.509528282,-2.876213977e-06,-1.438106989e-06,-1.917475985e-06,-4.793689962e-06,0.509528282,-0.0001021055962,-2.130920314e-06,-1.065460157e-06,-1.420613543e-06,-3.551533857e-06,0.3774977019,-7.564767115e-05,0,0,0,0,0,0
14.35,0,0.7269952498,5.392901207e-05,3.78701507e-05,-9.587379924e-07,6.663229047e-05,-0.02742398122,-4.577973914e-05,0,0,0,0,0,0,-0.02507339535,0,0,-0.002350585873,-0.02715973301,-0.1878046451,11.56935516,0,-0.02713972813,0.1878046451,0.002880583345,-0.3142205974,1.027423981,-0.001861310014,25.16582245,0.3142205974,0.001861310014,25.48478494,25.48478494,0.01877677839,0.5096956987,-4.314320966e-06,-2.396844981e-06,-2.396844981e-06,-4.793689962e-06,0.5096956987,-0.0001025849652,-3.136490848e-06,-1.742494916e-06,-1.742494916e-06,-3.484989832e-06,0.3705463518,-7.45787824e-05,0,0,0,0,0,0
14.36,0,0.7128896457,5.225122059e-05,3.83495197e-05,-1.198422491e-06,6.663229047e-05,-0.02742493996,-4.625910813e-05,0,0,0,0,0,0,-0.02507339535,0,0,-0.002351544611,-0.027170825,-0.1878810478,11.56937342,0,-0.02715079563,0.1878810478,0.003768932479,-0.3143494205,1.02742494,-0.001861132368,25.17606041,0.3143494205,0.001861132368,25.49603989,25.49603989,0.01876731757,0.5099207978,-9.587379924e-07,-3.355582973e-06,-1.917475985e-06,-4.793689962e-06,0.5099207978,-0.0001016262272,-6.834743878e-07,-2.392160357e-06,-1.366948776e-06,-3.417371939e-06,0.3635172569,-7.24482851e-05,0,0,0,0,0,0
14.37,0,0.6985739453,5.297027408e-05,3.882888869e-05,-1.438106989e-06,6.711165947e-05,-0.02742517964,-4.601942364e-05,0,0,0,0,0,0,-0.02507339535,0,0,-0.002351784295,-0.027173598,-0.1879001484,11.56937798,0,-0.0271535625,0.1879001484,0.003523374003,-0.3143816264,1.02742518,-0.00186038523,25.17861989,0.3143816264,0.00186038523,25.49838528,25.49838528,0.01875786849,0.5099677055,-2.396844981e-06,-4.314320966e-06,-1.438106989e-06,-5.752427955e-06,0.5099677055,-0.0001021055962,-1.674373455e-06,-3.013872218e-06,-1.004624073e-06,-4.018496291e-06,0.356250152,-7.132830917e-05,0,0,0,0,0,0
14.38,0,0.6840622763,5.273058958e-05,3.83495197e-05,-1.438106989e-06,6.783071296e-05,-0.02742517964,-4.673847713e-05,-0.001047197551,0,0,0,0,0,-0.02507339535,0,0,-0.002351784295,-0.027173598,-0.1879001484,11.56937798,0,-0.0271535625,0.1879001484,0.002920445236,-0.3143816264,1.02742518,-0.001859449197,25.17861989,0.3143816264,0.001859449197,25.49778141,25.49778141,0.01874843112,0.5099556282,0.0001028022791,-3.355582973e-06,-1.438106989e-06,-7.190534943e-06,0.5099556282,-0.0001006674892,7.032316107e-05,-2.295427727e-06,-9.837547402e-07,-4.918773701e-06,0.3488414079,-6.886283181e-05,0,0,0,0,0,0
14.39,0,0.6693689601,5.320995858e-05,3.78701507e-05,-1.677791487e-06,6.711165947e-05,-0.02742613838,-4.577973914e-05,0,0,0,0,0,0,-0.02507339535,0,0,-0.002352743033,-0.02718469001,-0.1879765508,11.56939624,0,-0.02716462999,0.1879765508,0.003746836318,-0.3145104505,1.027426138,-0.001859273808,25.18885781,0.3145104505,0.001859273808,25.50897437,25.50897437,0.01873900946,0.5101794874,-2.876213977e-06,-2.396844981e-06,-9.587379924e-07,-5.752427955e-06,0.5101794874,-0.0001025849652,-1.925248359e-06,-1.604373632e-06,-6.41749453e-07,-3.850496718e-06,0.341498313,-6.866719147e-05,0,0,0,0,0,0
14.4,0,0.6545084971,5.320995858e-05,3.76304662e-05,-1.677791487e-06,6.759102847e-05,-0.02742709712,-4.649879263e-05,0,0,0,0,0,0,-0.02507339535,0,0,-0.002353701771,-0.02719578204,-0.188052953,11.56941451,0,-0.02717569748,0.188052953,0.004489174962,-0.3146392754,1.027427097,-0.001859099175,25.1990957,0.3146392754,0.001859099175,25.52008325,25.52008325,0.0187296031,0.510401665,-2.876213977e-06,-1.917475985e-06,-9.587379924e-07,-6.711165947e-06,0.510401665,-0.0001011468582,-1.882506488e-06,-1.255004325e-06,-6.275021626e-07,-4.392515138e-06,0.3340622267,-6.620147815e-05,0,0,0,0,0,0
14.41,0,0.639495553,5.273058958e-05,3.83495197e-05,-1.438106989e-06,6.735134397e-05,-0.02742685743,-4.649879263e-05,0,0,0,0,0,0,-0.02507339535,0,0,-0.002353462087,-0.02719300903,-0.1880338525,11.56940994,0,-0.02717293061,0.1880338525,0.003315321356,-0.3146070691,1.027426857,-0.001857977126,25.19653623,0.3146070691,0.001857977126,25.5163166,25.5163166,0.01872020937,0.510326332,-1.917475985e-06,-3.355582973e-06,-1.438106989e-06,-6.231796951e-06,0.510326332,-0.0001011468582,-1.226217365e-06,-2.145880389e-06,-9.196630239e-07,-3.985206437e-06,0.3263514198,-6.468296602e-05,0,0,0,0,0,0
14.42,0,0.6243449435,5.249090509e-05,3.78701507e-05,-9.587379924e-07,6.759102847e-05,-0.02742709712,-4.697816163e-05,0,0,0,0,0,0,-0.02507339535,0,0,-0.002353701771,-0.02719578204,-0.188052953,11.56941451,0,-0.02717569748,0.188052953,0.003020458481,-0.3146392754,1.027427097,-0.001857235285,25.1990957,0.3146392754,0.001857235285,25.51861267,25.51861267,0.01871082616,0.5103722534,-1.438106989e-06,-2.396844981e-06,-2.396844981e-06,-6.711165947e-06,0.5103722534,-0.0001001881202,-8.978748266e-07,-1.496458044e-06,-1.496458044e-06,-4.190082524e-06,0.3186483357,-6.255194625e-05,0,0,0,0,0,0
14.43,0,0.6090716206,5.297027408e-05,3.643204371e-05,-9.587379924e-07,6.663229047e-05,-0.02742781617,-4.673847713e-05,0,0,0,0,0,0,-0.02507339535,0,0,-0.002354420825,-0.02720410107,-0.1881102544,11.56942822,0,-0.02718399809,0.1881102544,0.003468932178,-0.3147358946,1.027427816,-0.001856873384,25.20677409,0.3147358946,0.001856873384,25.52683579,25.52683579,0.01870145652,0.5105367159,-2.396844981e-06,4.793689962e-07,-2.396844981e-06,-4.793689962e-06,0.5105367159,-0.0001006674892,-1.459850257e-06,2.919700514e-07,-1.459850257e-06,-2.919700514e-06,0.3109534249,-6.13137108e-05,0,0,0,0,0,0
14.44,0,0.5936906572,5.344964308e-05,3.667172821e-05,-1.677791487e-06,6.711165947e-05,-0.02742925428,-4.697816163e-05,0,0,0,0,0,0,-0.02507339535,0,0,-0.002355858932,-0.02722073917,-0.1882248569,11.56945564,0,-0.02720059932,0.1882248569,0.004918111483,-0.3149291344,1.027429254,-0.001857080529,25.22213083,0.3149291344,0.001857080529,25.54383515,25.54383515,0.01869210422,0.5108767031,-3.355582973e-06,-0,-9.587379924e-07,-5.752427955e-06,0.5108767031,-0.0001001881202,-1.992178261e-06,-0,-5.691937888e-07,-3.415162733e-06,0.3033027256,-5.948075093e-05,0,0,0,0,0,0
14.45,0,0.5782172325,5.368932758e-05,3.81098352e-05,-9.587379924e-07,6.831008196e-05,-0.02742949396,-4.649879263e-05,0,0,0,0,0,0,-0.02507339535,0,0,-0.002356098616,-0.02722351219,-0.1882439573,11.56946022,0,-0.02720336619,0.1882439573,0.004341191168,-0.3149613413,1.027429494,-0.001856342095,25.22469028,0.3149613413,0.001856342095,25.54584915,25.54584915,0.01868276774,0.510916983,-3.83495197e-06,-2.876213977e-06,-2.396844981e-06,-8.149272936e-06,0.510916983,-0.0001011468582,-2.217435315e-06,-1.663076486e-06,-1.385897072e-06,-4.712050043e-06,0.2954210039,-5.848485642e-05,0,0,0,0,0,0
14.46,0,0.5626666167,5.320995858e-05,3.715109721e-05,-1.677791487e-06,6.735134397e-05,-0.02743021302,-4.673847713e-05,0,0,0,0,0,0,-0.02507339535,0,0,-0.00235681767,-0.02723183126,-0.1883012583,11.56947394,0,-0.0272116668,0.1883012583,0.00457515035,-0.315057962,1.027430213,-0.001855982995,25.23236861,0.315057962,0.001855982995,25.55385771,25.55385771,0.01867344439,0.5110771541,-2.876213977e-06,-9.587379924e-07,-9.587379924e-07,-6.231796951e-06,0.5110771541,-0.0001006674892,-1.618349588e-06,-5.394498625e-07,-5.394498625e-07,-3.506424106e-06,0.2875660532,-5.664223557e-05,0,0,0,0,0,0
14.47,0,0.5470541566,5.273058958e-05,3.73907817e-05,-1.198422491e-06,6.735134397e-05,-0.02743165112,-4.745753063e-05,0,0,0,0,0,0,-0.02507339535,0,0,-0.002358255777,-0.02724846942,-0.1884158599,11.56950139,0,-0.02722826801,0.1884158599,0.005695222547,-0.3152512049,1.027431651,-0.001856192507,25.24772522,0.3152512049,0.001856192507,25.57052784,25.57052784,0.01866414253,0.5114105569,-1.917475985e-06,-1.438106989e-06,-1.917475985e-06,-6.231796951e-06,0.5114105569,-9.922938222e-05,-1.048963208e-06,-7.867224058e-07,-1.048963208e-06,-3.409130425e-06,0.2797692709,-5.4283846e-05,0,0,0,0,0,0
14.48,0,0.5313952597,5.297027408e-05,3.667172821e-05,-1.198422491e-06,6.831008196e-05,-0.02743237018,-4.697816163e-05,0,0,0,0,0,0,-0.02507339535,0,0,-0.00235897483,-0.02725678851,-0.1884731605,11.56951513,0,-0.02723656862,0.1884731605,0.005706698849,-0.315347827,1.02743237,-0.00185583549,25.2554035,0.315347827,0.00185583549,25.57831386,25.57831386,0.01865485434,0.5115662773,-2.396844981e-06,-0,-1.917475985e-06,-8.149272936e-06,0.5115662773,-0.0001001881202,-1.273672061e-06,-0,-1.018937649e-06,-4.330485008e-06,0.2718438948,-5.323949216e-05,0,0,0,0,0,0
14.49,0,0.5157053795,5.297027408e-05,3.619235921e-05,-1.198422491e-06,6.759102847e-05,-0.02743237018,-4.530037014e-05,0,0,0,0,0,0,-0.02507339535,0,0,-0.00235897483,-0.02725678851,-0.1884731605,11.56951513,0,-0.02723656862,0.1884731605,0.004697816124,-0.315347827,1.02743237,-0.001854912524,25.2554035,0.315347827,0.001854912524,25.57730406,25.57730406,0.01864557716,0.5115460811,-2.396844981e-06,9.587379924e-07,-1.917475985e-06,-6.711165947e-06,0.5115460811,-0.0001035437032,-1.236065851e-06,4.944263402e-07,-9.888526804e-07,-3.460984381e-06,0.2638070659,-5.339804474e-05,0,0,0,0,0,0
14.5,0,0.4999999999,5.320995858e-05,3.73907817e-05,-1.198422491e-06,6.735134397e-05,-0.02743404797,-4.530037014e-05,0,0,0,0,0,0,-0.02507339535,0,0,-0.002360652622,-0.02727619977,-0.1886068613,11.56954719,0,-0.02725593669,0.1886068613,0.006359322029,-0.3155732804,1.027434048,-0.001855312234,25.27331942,0.3155732804,0.001855312234,25.59710733,25.59710733,0.01863631553,0.5119421466,-2.876213977e-06,-1.438106989e-06,-1.917475985e-06,-6.231796951e-06,0.5119421466,-0.0001035437032,-1.438106988e-06,-7.190534942e-07,-9.587379923e-07,-3.115898475e-06,0.2559710733,-5.177185159e-05,0,0,0,0,0,0
14.51,0,0.4842946204,5.297027408e-05,3.691141271e-05,-1.677791487e-06,6.735134397e-05,-0.02743452734,-4.625910813e-05,0,0,0,0,0,0,-0.02507339535,0,0,-0.002361131991,-0.02728174586,-0.1886450614,11.56955635,0,-0.02726147043,0.1886450614,0.005887731777,-0.3156376961,1.027434527,-0.001854769383,25.27843823,0.3156376961,0.001854769383,25.60181843,25.60181843,0.01862707344,0.5120363685,-2.396844981e-06,-4.793689962e-07,-9.587379924e-07,-6.231796951e-06,0.5120363685,-0.0001016262272,-1.16077913e-06,-2.321558261e-07,-4.643116521e-07,-3.018025739e-06,0.2479764587,-4.921703512e-05,0,0,0,0,0,0
14.52,0,0.4686047402,5.320995858e-05,3.643204371e-05,-9.587379924e-07,6.783071296e-05,-0.02743500671,-4.577973914e-05,0,0,0,0,0,0,-0.02507339535,0,0,-0.00236161136,-0.02728729195,-0.1886832615,11.56956552,0,-0.02726700416,0.1886832615,0.005424306628,-0.315702112,1.027435007,-0.001854227665,25.28355704,0.315702112,0.001854227665,25.60653768,25.60653768,0.0186178465,0.5121307536,-2.876213977e-06,4.793689962e-07,-2.396844981e-06,-7.190534943e-06,0.5121307536,-0.0001025849652,-1.347807504e-06,2.246345839e-07,-1.12317292e-06,-3.369518759e-06,0.2399868987,-4.807180096e-05,0,0,0,0,0,0
14.53,0,0.4529458433,5.392901207e-05,3.73907817e-05,-1.438106989e-06,6.831008196e-05,-0.02743764324,-4.625910813e-05,0.001047197551,0,0,0,0,0,-0.02507339535,0,0,-0.002364247889,-0.02731779552,-0.1888933606,11.56961597,0,-0.02729743968,0.1888933606,0.008232764563,-0.3160564032,1.027437643,-0.001855383782,25.31171032,0.3160564032,0.001855383782,25.63785487,25.63785487,0.01860864098,0.5127570975,-0.0001090340761,-1.438106989e-06,-1.438106989e-06,-8.149272936e-06,0.5127570975,-0.0001016262272,-4.938653154e-05,-6.513845827e-07,-6.513845827e-07,-3.691179302e-06,0.2322511959,-4.603117718e-05,0,0,0,0,0,0
14.54,0,0.4373333832,5.249090509e-05,3.76304662e-05,-1.438106989e-06,6.711165947e-05,-0.02743860197,-4.673847713e-05,0,0,0,0,0,0,-0.02507339535,0,0,-0.002365206627,-0.02732888776,-0.1889697599,11.56963433,0,-0.02730850714,0.1889697599,0.008259303955,-0.3161852379,1.027438602,-0.001855221125,25.32194782,0.3161852379,0.001855221125,25.64824758,25.64824758,0.01859945343,0.5129649517,-1.438106989e-06,-1.917475985e-06,-1.438106989e-06,-5.752427955e-06,0.5129649517,-0.0001006674892,-6.289321947e-07,-8.385762596e-07,-6.289321947e-07,-2.515728779e-06,0.2243366978,-4.402525363e-05,0,0,0,0,0,0
14.55,0,0.4217827674,5.297027408e-05,3.76304662e-05,-9.587379924e-07,6.687197497e-05,-0.02743908134,-4.649879263e-05,0,0,0,0,0,0,-0.02507339535,0,0,-0.002365685996,-0.02733443388,-0.1890079594,11.56964351,0,-0.02731404087,0.1890079594,0.007457794324,-0.3162496555,1.027439081,-0.001854682983,25.32706656,0.3162496555,0.001854682983,25.65262869,25.65262869,0.01859028385,0.5130525738,-2.396844981e-06,-1.917475985e-06,-2.396844981e-06,-5.273058958e-06,0.5130525738,-0.0001011468582,-1.010947909e-06,-8.087583274e-07,-1.010947909e-06,-2.2240854e-06,0.2163967344,-4.266200177e-05,0,0,0,0,0,0
14.56,0,0.4063093427,5.249090509e-05,3.73907817e-05,-1.438106989e-06,6.543386798e-05,-0.02744147819,-4.625910813e-05,0,0,0,0,0,0,-0.02507339535,0,0,-0.002368082841,-0.02736216458,-0.1891989561,11.56968945,0,-0.0273417095,0.1891989561,0.009438722664,-0.3165717468,1.027441478,-0.001855652438,25.35266012,0.3165717468,0.001855652438,25.68052624,25.68052624,0.01858114005,0.5136105249,-1.438106989e-06,-1.438106989e-06,-1.438106989e-06,-2.396844981e-06,0.5136105249,-0.0001016262272,-5.843163052e-07,-5.843163052e-07,-5.843163052e-07,-9.738605087e-07,0.2086847547,-4.129168557e-05,0,0,0,0,0,0
14.57,0,0.3909283792,5.273058958e-05,3.78701507e-05,-2.157160483e-06,6.615292148e-05,-0.0274429163,-4.625910813e-05,0,0,-0.001047197551,0,0,0,-0.02507339535,0,0,-0.002369520948,-0.02737880305,-0.1893135534,11.56971703,0,-0.02735831067,0.1893135534,0.009730259114,-0.316765004,1.027442916,-0.001855869926,25.36801616,0.316765004,0.001855869926,25.69636729,25.69636729,0.01857201838,0.5139273459,-1.917475985e-06,-2.396844981e-06,0.0001047197551,-3.83495197e-06,0.5139273459,-0.0001016262272,-7.49595779e-07,-9.369947238e-07,4.093792414e-05,-1.499191558e-06,0.2009087844,-3.972857629e-05,0,0,0,0,0,0
14.58,0,0.3756550564,5.392901207e-05,3.78701507e-05,-1.917475985e-06,6.687197497e-05,-0.02744483377,-4.649879263e-05,0,0,0,0,-0.001047197551,0,-0.02507339535,0,0,-0.002371438424,-0.02740098774,-0.1905135466,11.56975384,0,-0.02738044556,0.189466349,0.01073053572,-0.3170226832,1.028492305,-0.001870533411,25.52881524,0.3170226832,0.001870533411,25.85843899,25.85843899,0.01856293033,0.5171687798,-4.314320966e-06,-2.396844981e-06,-4.793689962e-07,-5.273058958e-06,0.5171687798,-0.0001011468582,-1.620696486e-06,-9.003869365e-07,-1.800773873e-07,-1.98085126e-06,0.1942770671,-3.799632872e-05,0,0,0,0,0,0
14.59,0,0.3605044469,5.273058958e-05,3.81098352e-05,-1.198422491e-06,6.687197497e-05,-0.02744699093,-4.601942364e-05,0,0,0,0,0,0,-0.02507339535,0,0,-0.002373595585,-0.0274259456,-0.1896382428,11.56979529,0,-0.02740534729,0.1896382428,0.01187995061,-0.3173125762,1.027446991,-0.001857249126,25.41152454,0.3173125762,0.001857249126,25.74257432,25.74257432,0.01855385556,0.5148514863,-1.917475985e-06,-2.876213977e-06,-1.917475985e-06,-5.273058958e-06,0.5148514863,-0.0001021055962,-6.912586194e-07,-1.036887929e-06,-6.912586194e-07,-1.900961203e-06,0.1856062503,-3.680952148e-05,0,0,0,0,0,0
14.6,0,0.3454915028,5.297027408e-05,3.81098352e-05,-9.587379924e-07,6.759102847e-05,-0.02744770999,-4.625910813e-05,0,0.001047197551,0,0.001047197551,0,0,-0.02507339535,0,0,-0.002374314638,-0.02743426491,-0.1896955405,11.56980911,0,-0.02741364787,0.1896955405,0.01070114765,-0.3174092081,1.02744771,-0.00185690617,25.41920243,0.3174092081,0.00185690617,25.74916969,25.74916969,0.01854480135,0.5149833938,-2.396844981e-06,-0.0001075959691,-2.396844981e-06,-0.0001114309211,0.5149833938,-0.0001016262272,-8.280895744e-07,-3.717349305e-05,-8.280895744e-07,-3.849843637e-05,0.1779223866,-3.511099795e-05,0,0,0,0,0,0
14.61,0,0.3306310398,5.249090509e-05,3.76304662e-05,-2.157160483e-06,6.687197497e-05,-0.02744962746,-4.554005464e-05,-0.001047197551,0,0,0,0,0,-0.02507339535,0,0,-0.002376232114,-0.02745644978,-0.1898483336,11.56984599,0,-0.02743578273,0.1898483336,0.01147812573,-0.3176668954,1.027449627,-0.001857503281,25.43967671,0.3176668954,0.001857503281,25.77067923,25.77067923,0.0185357675,0.5154135847,0.0001032816481,-1.917475985e-06,-0,-5.273058958e-06,0.5154135847,-0.0001030643342,3.414811872e-05,-6.339770787e-07,-0,-1.743436966e-06,0.1704117294,-3.407626798e-05,0,0,0,0,0,0
14.62,0,0.3159377236,5.297027408e-05,3.73907817e-05,-9.587379924e-07,6.615292148e-05,-0.02745274336,-4.554005464e-05,0,0,0,0,0,0,-0.02507339535,0,0,-0.002379348013,-0.02749250034,-0.1900966204,11.56990599,0,-0.02747175185,0.1900966204,0.01410463222,-0.3180856443,1.027452743,-0.001859040594,25.47294713,0.3180856443,0.001859040594,25.80699645,25.80699645,0.01852676897,0.516139929,-2.396844981e-06,-1.438106989e-06,-2.396844981e-06,-3.83495197e-06,0.516139929,-0.0001030643342,-7.572537472e-07,-4.543522483e-07,-7.572537472e-07,-1.211605995e-06,0.1630680742,-3.256191113e-05,0,0,0,0,0,0
14.63,0,0.3014260546,5.344964308e-05,3.73907817e-05,-1.438106989e-06,6.711165947e-05,-0.0274551402,-4.554005464e-05,0,0,0,0,0,0,-0.02507339535,0,0,-0.002381744858,-0.02752023167,-0.1902876085,11.56995219,0,-0.0274994204,0.1902876085,0.01496205227,-0.3184077647,1.02745514,-0.001860015444,25.49853953,0.3184077647,0.001860015444,25.83376937,25.83376937,0.01851779537,0.5166753873,-3.355582973e-06,-1.438106989e-06,-1.438106989e-06,-5.752427955e-06,0.5166753873,-0.0001030643342,-1.011460137e-06,-4.334829157e-07,-4.334829157e-07,-1.733931663e-06,0.1557394235,-3.106627563e-05,0,0,0,0,0,0
14.64,0,0.2871103542,5.392901207e-05,3.643204371e-05,-9.587379924e-07,6.663229047e-05,-0.02745657831,-4.530037014e-05,0,0,0,0,0,0,-0.02507339535,0,0,-0.002383182965,-0.02753687052,-0.1904022006,11.56997994,0,-0.02751602151,0.1904022006,0.01428312865,-0.3186010395,1.027456578,-0.001860241054,25.51389487,0.3186010395,0.001860241054,25.84863928,25.84863928,0.01850884514,0.5169727857,-4.314320966e-06,4.793689962e-07,-2.396844981e-06,-4.793689962e-06,0.5169727857,-0.0001035437032,-1.238686221e-06,1.376318023e-07,-6.881590114e-07,-1.376318023e-06,0.1484282396,-2.972846929e-05,0,0,0,0,0,0
14.65,0,0.2730047501,5.392901207e-05,3.76304662e-05,-1.438106989e-06,6.687197497e-05,-0.0274582561,-4.577973914e-05,0.001047197551,0.001047197551,0,0,0,0,-0.02507339535,0,0,-0.002384860756,-0.02755628256,-0.1905358906,11.57001233,0,-0.02753538947,0.1905358906,0.01411126538,-0.318826529,1.027458256,-0.001860655011,25.53180935,0.318826529,0.001860655011,25.8666078,25.8666078,0.0184999156,0.5173321559,-0.0001090340761,-0.0001066372311,-1.438106989e-06,-5.273058958e-06,0.5173321559,-0.0001025849652,-2.976682069e-05,-2.911247063e-05,-3.92610039e-07,-1.439570143e-06,0.1412341359,-2.800618278e-05,0,0,0,0,0,0
14.66,0,0.2591231629,5.320995858e-05,3.691141271e-05,-1.917475985e-06,6.807039746e-05,-0.02746185137,-4.625910813e-05,0,0,0,0,0,0,-0.02507339535,0,0,-0.002388456024,-0.02759787997,-0.1908223669,11.57008182,0,-0.02757689223,0.1908223669,0.01693647381,-0.3193097293,1.027461851,-0.001862569713,25.57019716,0.3193097293,0.001862569713,25.90830593,25.90830593,0.01849102485,0.5181661187,-2.876213977e-06,-4.793689962e-07,-4.793689962e-07,-7.669903939e-06,0.5181661187,-0.0001016262272,-7.45293663e-07,-1.242156105e-07,-1.242156105e-07,-1.987449768e-06,0.1342688436,-2.633370942e-05,0,0,0,0,0,0
14.67,0,0.2454792921,5.225122059e-05,3.667172821e-05,-1.438106989e-06,6.639260598e-05,-0.02746592601,-4.649879263e-05,0,0,0,0,0,0,-0.02507339535,0,0,-0.00239253066,-0.02764502401,-0.1911470358,11.5701607,0,-0.02762392863,0.1911470358,0.01986665101,-0.3198573703,1.027465926,-0.001864859041,25.61370279,0.3198573703,0.001864859041,25.95529167,25.95529167,0.01848216359,0.5191058335,-9.587379924e-07,-0,-1.438106989e-06,-4.314320966e-06,0.5191058335,-0.0001011468582,-2.353503237e-07,-0,-3.530254855e-07,-1.059076457e-06,0.1274297325,-2.482945915e-05,0,0,0,0,0,0
14.68,0,0.2320866025,5.273058958e-05,3.667172821e-05,-1.438106989e-06,6.639260598e-05,-0.02746832285,-4.625910813e-05,0,0,0,0,0,0,-0.02507339535,0,0,-0.002394927505,-0.02767275595,-0.1913380154,11.57020716,0,-0.02765159709,0.1913380154,0.01973972678,-0.320179519,1.027468323,-0.001865839394,25.63929406,0.320179519,0.001865839394,25.98107915,25.98107915,0.01847333859,0.519621583,-1.917475985e-06,-0,-1.438106989e-06,-4.314320966e-06,0.519621583,-0.0001016262272,-4.450204866e-07,-0,-3.33765365e-07,-1.001296095e-06,0.1205972078,-2.358608579e-05,0,0,0,0,0,0
14.69,0,0.218958311,5.273058958e-05,3.691141271e-05,-1.677791487e-06,6.687197497e-05,-0.0274721578,-4.697816163e-05,0,0,0,0,0,0,-0.02507339535,0,0,-0.002398762457,-0.02771712728,-0.1916435796,11.5702816,0,-0.02769586658,0.1916435796,0.02151483694,-0.3206949677,1.027472158,-0.001867945309,25.68023967,0.3206949677,0.001867945309,26.02431742,26.02431742,0.01846456673,0.5204863484,-1.917475985e-06,-4.793689962e-07,-9.587379924e-07,-5.273058958e-06,0.5204863484,-0.0001001881202,-4.198473031e-07,-1.049618258e-07,-2.099236515e-07,-1.154580083e-06,0.1139648118,-2.193702159e-05,0,0,0,0,0,0
14.7,0,0.2061073738,5.297027408e-05,3.691141271e-05,-9.587379924e-07,6.687197497e-05,-0.02747455465,-4.649879263e-05,0,0,0,0.001047197551,0,0,-0.02507339535,0,0,-0.002401159302,-0.02774485951,-0.1918345552,11.57032818,0,-0.027723535,0.1918345552,0.02106464121,-0.3210171299,1.027474555,-0.001868928493,25.7058304,0.3210171299,0.001868928493,26.0497811,26.0497811,0.01845581018,0.5209956221,-2.396844981e-06,-4.793689962e-07,-2.396844981e-06,-0.0001099928141,0.5209956221,-0.0001011468582,-4.940074245e-07,-9.880148489e-08,-4.940074245e-07,-2.267033005e-05,0.1073810394,-2.084711331e-05,0,0,0,0,0,0
14.71,0,0.1935464731,5.273058958e-05,3.76304662e-05,-1.438106989e-06,6.543386798e-05,-0.02747623244,-4.625910813e-05,0,0,0,0,0,0,-0.02507339535,0,0,-0.002402837094,-0.02776427214,-0.1919682373,11.57036082,0,-0.02774290287,0.1919682373,0.01971039494,-0.3212426465,1.027476232,-0.001869351807,25.72374379,0.3212426465,0.001869351807,26.06656619,26.06656619,0.01844707692,0.5213313238,-1.917475985e-06,-1.917475985e-06,-1.438106989e-06,-2.396844981e-06,0.5213313238,-0.0001016262272,-3.711207142e-07,-3.711207142e-07,-2.783405356e-07,-4.639008927e-07,0.100901839,-1.966939785e-05,0,0,0,0,0,0
14.72,0,0.1812880051,5.297027408e-05,3.76304662e-05,-1.917475985e-06,6.615292148e-05,-0.02748102613,-4.625910813e-05,0,0,0,-0.001047197551,0,0,-0.02507339535,0,0,-0.002407630783,-0.02781973708,-0.1923501818,11.57045419,0,-0.02779823963,0.1923501818,0.02303630346,-0.3218869935,1.027481026,-0.001872206653,25.77492436,0.3218869935,0.001872206653,26.12171986,26.12171986,0.01843839552,0.5224343972,-2.396844981e-06,-1.917475985e-06,-4.793689962e-07,0.0001008848031,0.5224343972,-0.0001016262272,-4.345192451e-07,-3.476153961e-07,-8.690384902e-08,1.828920471e-05,0.09471108965,-1.842361599e-05,0,0,0,0,0,0
14.73,0,0.1693440673,5.440838107e-05,3.73907817e-05,-1.677791487e-06,6.639260598e-05,-0.02748438171,-4.625910813e-05,0,0,0,0,0,0,-0.02507339535,0,0,-0.002410986366,-0.02785856282,-0.1926175392,11.57051966,0,-0.02783697532,0.1926175392,0.02372645267,-0.3223380488,1.027484382,-0.001873942109,25.81075026,0.3223380488,0.001873942109,26.1586887,26.1586887,0.0184297533,0.523173774,-5.273058958e-06,-1.438106989e-06,-9.587379924e-07,-4.314320966e-06,0.523173774,-0.0001016262272,-8.929612511e-07,-2.435348867e-07,-1.623565911e-07,-7.3060466e-07,0.08859637479,-1.720979866e-05,0,0,0,0,0,0
14.74,0,0.157726447,5.273058958e-05,3.76304662e-05,-1.677791487e-06,6.639260598e-05,-0.02748725793,-4.577973914e-05,0,0,0,0,0,0,-0.02507339535,0,0,-0.00241386258,-0.02789184219,-0.1928467003,11.57057586,0,-0.02787017732,0.1928467003,0.02359902211,-0.3227246758,1.027487258,-0.001875304126,25.84145785,0.3227246758,0.001875304126,26.18965685,26.18965685,0.01842113193,0.523793137,-1.917475985e-06,-1.917475985e-06,-9.587379924e-07,-4.314320966e-06,0.523793137,-0.0001025849652,-3.024366743e-07,-3.024366743e-07,-1.512183371e-07,-6.804825171e-07,0.08261603045,-1.618036207e-05,0,0,0,0,0,0
14.75,0,0.1464466094,5.320995858e-05,3.83495197e-05,-9.587379924e-07,6.711165947e-05,-0.02749085319,-4.697816163e-05,0,0,0,0.001047197551,0,0,-0.02507339535,0,0,-0.002417457848,-0.02793344163,-0.1931331486,11.57064619,0,-0.02791167978,0.1931331486,0.02450643079,-0.32320797,1.027490853,-0.00187722716,25.87984192,0.32320797,0.00187722716,26.22943354,26.22943354,0.01841254685,0.5245886709,-2.876213977e-06,-3.355582973e-06,-2.396844981e-06,-0.0001104721831,0.5245886709,-0.0001001881202,-4.212117848e-07,-4.914137489e-07,-3.510098207e-07,-1.617827664e-05,0.07682423216,-1.46722105e-05,0,0,0,0,0,0
14.76,0,0.1355156863,5.249090509e-05,3.73907817e-05,-1.677791487e-06,6.663229047e-05,-0.02750020089,-4.649879263e-05,0,0,0,0,-0.001047197551,0,-0.02507339535,0,0,-0.002426805543,-0.02804160137,-0.1949250953,11.57082955,0,-0.02801958601,0.1938778978,0.03352082306,-0.3244645898,1.028547673,-0.001897670176,26.11996278,0.3244645898,0.001897670176,26.47984586,26.47984586,0.01840409233,0.5295969172,-1.438106989e-06,-1.438106989e-06,-9.587379924e-07,-4.793689962e-06,0.5295969172,-0.0001011468582,-1.948860555e-07,-1.948860555e-07,-1.29924037e-07,-6.496201849e-07,0.07176868967,-1.37069859e-05,0,0,0,0,0,0
14.77,0,0.1249444651,5.344964308e-05,3.76304662e-05,-1.438106989e-06,6.711165947e-05,-0.02750882953,-4.625910813e-05,-0.001047197551,0,0,0,0,0,-0.02507339535,0,0,-0.002435434185,-0.02814144265,-0.1945653375,11.57099944,0,-0.02811919155,0.1945653375,0.03984422237,-0.3256246171,1.02750883,-0.001889481369,26.07175523,0.3256246171,0.001889481369,26.43911355,26.43911355,0.01839569374,0.528782271,0.0001013641721,-1.917475985e-06,-1.438106989e-06,-5.752427955e-06,0.528782271,-0.0001016262272,1.266489227e-05,-2.395780114e-07,-1.796835085e-07,-7.187340341e-07,0.06606841803,-1.26976346e-05,0,0,0,0,0,0
14.78,0,0.1147433786,5.320995858e-05,3.667172821e-05,-9.587379924e-07,6.735134397e-05,-0.0275186566,-4.697816163e-05,0,0,0,0,-0.001047197551,0,-0.02507339535,0,0,-0.00244526125,-0.02825515256,-0.1963954279,11.57119366,0,-0.02823263093,0.1953482304,0.04692903698,-0.3269458422,1.028566128,-0.001910315903,26.31698734,0.3269458422,0.001910315903,26.69277254,26.69277254,0.01838738802,0.5338554507,-2.876213977e-06,-0,-2.396844981e-06,-6.231796951e-06,0.5338554507,-0.0001001881202,-3.300265093e-07,-0,-2.750220911e-07,-7.150574367e-07,0.06125637809,-1.149592341e-05,0,0,0,0,0,0
14.79,0,0.1049224938,5.392901207e-05,3.715109721e-05,-1.677791487e-06,6.759102847e-05,-0.02752848366,-4.697816163e-05,0,0,0,0,-0.001047197551,0,-0.02507339535,0,0,-0.002455088314,-0.02836886439,-0.1971782944,11.57138867,0,-0.02834607004,0.1961310968,0.05269555552,-0.3282671558,1.028575955,-0.001917109534,26.42189145,0.3282671558,0.001917109534,26.80477127,26.80477127,0.01837917232,0.5360954254,-4.314320966e-06,-9.587379924e-07,-9.587379924e-07,-6.711165947e-06,0.5360954254,-0.0001001881202,-4.526693147e-07,-1.00593181e-07,-1.00593181e-07,-7.041522673e-07,0.05624846893,-1.051198742e-05,0,0,0,0,0,0
14.8,0,0.09549150278,5.320995858e-05,3.715109721e-05,-1.438106989e-06,6.735134397e-05,-0.02753926946,-4.625910813e-05,0,0,0,0,-0.001047197551,0,-0.02507339535,0,0,-0.002465874117,-0.02849367226,-0.1980375076,11.5716036,0,-0.02847057607,0.19699031,0.05875551459,-0.3297174805,1.028586741,-0.00192465618,26.53702602,0.3297174805,0.00192465618,26.92742367,26.92742367,0.01837109108,0.5385484734,-2.876213977e-06,-9.587379924e-07,-1.438106989e-06,-6.231796951e-06,0.5385484734,-0.0001016262272,-2.74653995e-07,-9.155133167e-08,-1.373269975e-07,-5.950836558e-07,0.05142680304,-9.704441157e-06,0,0,0,0,0,0
14.81,0,0.08645971283,5.344964308e-05,3.81098352e-05,-1.198422491e-06,6.711165947e-05,-0.02754981558,-4.625910813e-05,0,0,0,0,-0.001047197551,0,-0.02507339535,0,0,-0.002476420234,-0.02861570888,-0.1988775962,11.57181467,0,-0.02859231498,0.1978303987,0.06332877701,-0.3311356798,1.028597287,-0.001932019413,26.64959789,0.3311356798,0.001932019413,27.04599437,27.04599437,0.01836310771,0.5409198873,-3.355582973e-06,-2.876213977e-06,-1.917475985e-06,-5.752427955e-06,0.5409198873,-0.0001016262272,-2.901227403e-07,-2.486766345e-07,-1.65784423e-07,-4.97353269e-07,0.04676777812,-8.78657442e-06,0,0,0,0,0,0
14.82,0,0.07783603722,5.320995858e-05,3.78701507e-05,-1.677791487e-06,6.639260598e-05,-0.02756227918,-4.601942364e-05,0,0,0,0,0,0,-0.02507339535,0,0,-0.002488883828,-0.02875993684,-0.198823191,11.57206529,0,-0.02873618782,0.198823191,0.06999023225,-0.3328118668,1.027562279,-0.00192677725,26.64230759,0.3328118668,0.00192677725,27.04703647,27.04703647,0.01835521254,0.5409407294,-2.876213977e-06,-2.396844981e-06,-9.587379924e-07,-4.314320966e-06,0.5409407294,-0.0001021055962,-2.238730982e-07,-1.865609152e-07,-7.462436606e-08,-3.358096473e-07,0.04210468274,-7.947494986e-06,0,0,0,0,0,0
14.83,0,0.06962898647,5.344964308e-05,3.83495197e-05,-1.917475985e-06,6.663229047e-05,-0.02757450308,-4.554005464e-05,0,0,0,0,0,0,-0.02507339535,0,0,-0.002501107738,-0.02890139423,-0.1997968492,11.57231231,0,-0.02887729344,0.1997968492,0.07483803625,-0.3344559603,1.027574503,-0.001935441669,26.7727778,0.3344559603,0.001935441669,27.18400724,27.18400724,0.01834747566,0.5436801447,-3.355582973e-06,-3.355582973e-06,-4.793689962e-07,-4.793689962e-06,0.5436801447,-0.0001030643342,-2.336458415e-07,-2.336458415e-07,-3.337797735e-08,-3.337797735e-07,0.03785589744,-7.17626513e-06,0,0,0,0,0,0
14.84,0,0.06184665995,5.297027408e-05,3.715109721e-05,-1.438106989e-06,6.663229047e-05,-0.0275850492,-4.625910813e-05,0,0,0,0,0,0,-0.02507339535,0,0,-0.002511653856,-0.02902343833,-0.2006368346,11.57252641,0,-0.02899903128,0.2006368346,0.07645475814,-0.3358745065,1.027585049,-0.001942804393,26.88533583,0.3358745065,0.001942804393,27.2996079,27.2996079,0.01833979956,0.5459921581,-2.396844981e-06,-9.587379924e-07,-1.438106989e-06,-4.793689962e-06,0.5459921581,-0.0001016262272,-1.482368565e-07,-5.92947426e-08,-8.89421139e-08,-2.96473713e-07,0.03376779134,-6.285242716e-06,0,0,0,0,0,0
14.85,0,0.05449673788,5.297027408e-05,3.691141271e-05,-1.438106989e-06,6.663229047e-05,-0.02759223974,-4.673847713e-05,0,0,0,0,0,0,-0.02507339535,0,0,-0.002518844391,-0.02910665152,-0.201209534,11.5726729,0,-0.02908203417,0.201209534,0.07277596805,-0.3368417572,1.02759224,-0.001947565787,26.96207756,0.3368417572,0.001947565787,27.37364285,27.37364285,0.01833216821,0.547472857,-2.396844981e-06,-4.793689962e-07,-1.438106989e-06,-4.793689962e-06,0.547472857,-0.0001006674892,-1.306202327e-07,-2.612404653e-08,-7.83721396e-08,-2.612404653e-07,0.02983548478,-5.486049772e-06,0,0,0,0,0,0
14.86,0,0.04758647374,5.344964308e-05,3.619235921e-05,-2.157160483e-06,6.783071296e-05,-0.02759990964,-4.697816163e-05,0,0,0,0,0,0,-0.02507339535,0,0,-0.002526514295,-0.02919541341,-0.2018203974,11.57282962,0,-0.02917057042,0.2018203974,0.07053361733,-0.3378735451,1.02759991,-0.001952698241,27.04393325,0.3378735451,0.001952698241,27.45429311,27.45429311,0.01832457928,0.5490858621,-3.355582973e-06,9.587379924e-07,-0,-7.190534943e-06,0.5490858621,-0.0001001881202,-1.596803611e-07,4.56229603e-08,-0,-3.421722023e-07,0.02612905996,-4.767599352e-06,0,0,0,0,0,0
14.87,0,0.04112268714,5.368932758e-05,3.691141271e-05,-9.587379924e-07,6.735134397e-05,-0.02761045576,-4.673847713e-05,0,0,0,0,0,0,-0.02507339535,0,0,-0.002537060412,-0.02931746298,-0.2026603074,11.57304589,0,-0.02929230747,0.2026603074,0.07293855858,-0.3392923446,1.027610456,-0.00196006817,27.15648119,0.3392923446,0.00196006817,27.57067216,27.57067216,0.01831714244,0.5514134432,-3.83495197e-06,-4.793689962e-07,-2.396844981e-06,-6.231796951e-06,0.5514134432,-0.0001006674892,-1.5770353e-07,-1.971294125e-08,-9.856470627e-08,-2.562682363e-07,0.02267560251,-4.139717663e-06,0,0,0,0,0,0
14.88,0,0.03511175703,5.273058958e-05,3.667172821e-05,-1.438106989e-06,6.735134397e-05,-0.0276159685,-4.649879263e-05,0,0,0,0,0,0,-0.02507339535,0,0,-0.002542573156,-0.02938126253,-0.2030993387,11.57315931,0,-0.02935594263,0.2030993387,0.06766103584,-0.3400340319,1.027615969,-0.001963537787,27.21531139,0.3400340319,0.001963537787,27.62496999,27.62496999,0.01830970976,0.5524993998,-1.917475985e-06,-0,-1.438106989e-06,-6.231796951e-06,0.5524993998,-0.0001011468582,-6.73259509e-08,-0,-5.049446318e-08,-2.188093404e-07,0.01939922469,-3.55144391e-06,0,0,0,0,0,0
14.89,0,0.0295596155,5.416869657e-05,3.667172821e-05,-9.587379924e-07,6.783071296e-05,-0.02762651462,-4.673847713e-05,0,0,0,0,-0.001047197551,0,-0.02507339535,0,0,-0.002553119274,-0.02950331558,-0.2049863982,11.57337696,0,-0.02947767919,0.2039392007,0.07085584202,-0.3414529928,1.028673986,-0.001985072654,27.46817736,0.3414529928,0.001985072654,27.88247127,27.88247127,0.01830243145,0.5576494254,-4.793689962e-06,-0,-2.396844981e-06,-7.190534943e-06,0.5576494254,-0.0001006674892,-1.416996321e-07,-0,-7.084981606e-08,-2.125494482e-07,0.0164839026,-2.975692275e-06,0,0,0,0,0,0
14.9,0,0.02447174183,5.320995858e-05,3.715109721e-05,-1.438106989e-06,6.711165947e-05,-0.02763993695,-4.625910813e-05,0,0,0,0,-0.001047197551,0,-0.02507339535,0,0,-0.002566541606,-0.02965865916,-0.2060552676,11.57365528,0,-0.02963261616,0.2050080701,0.07751394101,-0.3432590971,1.028687409,-0.001994699357,27.61140586,0.3432590971,0.001994699357,28.0341736,28.0341736,0.01829532407,0.560683472,-2.876213977e-06,-9.587379924e-07,-1.438106989e-06,-5.752427955e-06,0.560683472,-0.0001016262272,-7.038596591e-08,-2.346198864e-08,-3.519298296e-08,-1.407719318e-07,0.01372090118,-2.486970796e-06,0,0,0,0,0,0
14.91,0,0.01985315715,5.320995858e-05,3.691141271e-05,-9.587379924e-07,6.735134397e-05,-0.02765359897,-4.649879263e-05,0,0,0,0,-0.001047197551,0,-0.02507339535,0,0,-0.002580203622,-0.02981678058,-0.207143171,11.57394007,0,-0.02979031931,0.2060959734,0.08316909886,-0.3450976316,1.028701071,-0.002004508722,27.75718491,0.3450976316,0.002004508722,28.18745615,28.18745615,0.0182882634,0.563749123,-2.876213977e-06,-4.793689962e-07,-2.396844981e-06,-6.231796951e-06,0.563749123,-0.0001011468582,-5.710192808e-08,-9.516988013e-09,-4.758494006e-08,-1.237208442e-07,0.01119219993,-2.008084471e-06,0,0,0,0,0,0
14.92,0,0.01570841942,5.344964308e-05,3.715109721e-05,-1.438106989e-06,6.735134397e-05,-0.02766318635,-4.601942364e-05,0,0,0,0,0,0,-0.02507339535,0,0,-0.002589791002,-0.0299277453,-0.2068593823,11.57414084,0,-0.02990098786,0.2068593823,0.08166262391,-0.3463879391,1.027663186,-0.001996963793,27.71915723,0.3463879391,0.001996963793,28.14920475,28.14920475,0.01828128726,0.5629840951,-3.355582973e-06,-9.587379924e-07,-1.438106989e-06,-6.231796951e-06,0.5629840951,-0.0001021055962,-5.271090475e-08,-1.50602585e-08,-2.259038775e-08,-9.789168025e-08,0.008843590293,-1.60391753e-06,0,0,0,0,0,0
14.93,0,0.01204161902,5.344964308e-05,3.667172821e-05,-9.587379924e-07,6.639260598e-05,-0.02767349278,-4.625910813e-05,0,0,0,0,-0.001047197551,0,-0.02507339535,0,0,-0.002600097435,-0.03004703453,-0.2087272147,11.57435749,0,-0.03001995624,0.2076800172,0.08163274197,-0.3477751193,1.028720964,-0.002018385447,27.96944677,0.3477751193,0.002018385447,28.40087302,28.40087302,0.01827442853,0.5680174604,-3.355582973e-06,-0,-2.396844981e-06,-4.314320966e-06,0.5680174604,-0.0001016262272,-4.040665175e-08,-0,-2.886189411e-08,-5.195140939e-08,0.006839849854,-1.22374431e-06,0,0,0,0,0,0
14.94,0,0.008856374625,5.368932758e-05,3.715109721e-05,-9.587379924e-07,6.783071296e-05,-0.02768236111,-4.554005464e-05,0,0,0,0,0,0,-0.02507339535,0,0,-0.002608965762,-0.03014968055,-0.2083861202,11.57454461,0,-0.03012232413,0.2083861202,0.07967203233,-0.3489688224,1.027682361,-0.002010273982,27.92374011,0.3489688224,0.002010273982,28.35439124,28.35439124,0.01826764154,0.5670878247,-3.83495197e-06,-9.587379924e-07,-2.396844981e-06,-7.190534943e-06,0.5670878247,-0.0001030643342,-3.396377131e-08,-8.490942828e-09,-2.122735707e-08,-6.368207121e-08,0.005022342221,-9.12776354e-07,0,0,0,0,0,0
14.95,0,0.006155829694,5.368932758e-05,3.715109721e-05,-1.198422491e-06,6.711165947e-05,-0.02769098975,-4.601942364e-05,0,0,0,0,0,0,-0.02507339535,0,0,-0.002617594404,-0.03024955394,-0.2090731174,11.57472728,0,-0.03022192509,0.2090731174,0.07757146125,-0.3501303372,1.02769099,-0.002016190103,28.01579773,0.3501303372,0.002016190103,28.44551572,28.44551572,0.01826090091,0.5689103143,-3.83495197e-06,-9.587379924e-07,-1.917475985e-06,-5.752427955e-06,0.5689103143,-0.0001021055962,-2.360731121e-08,-5.901827802e-09,-1.18036556e-08,-3.541096681e-08,0.003502115006,-6.285446609e-07,0,0,0,0,0,0
14.96,0,0.003942649336,5.297027408e-05,3.78701507e-05,-1.438106989e-06,6.759102847e-05,-0.02769841997,-4.625910813e-05,0,0,0,0,-0.001047197551,0,-0.02507339535,0,0,-0.002625024623,-0.03033555729,-0.2107118784,11.57488507,0,-0.03030769241,0.2096646809,0.07430677292,-0.3511305891,1.028745892,-0.002035424288,28.23539171,0.3511305891,0.002035424288,28.66286449,28.66286449,0.01825425946,0.5732572898,-2.396844981e-06,-2.396844981e-06,-1.438106989e-06,-6.711165947e-06,0.5732572898,-0.0001016262272,-9.449919272e-09,-9.449919272e-09,-5.669951563e-09,-2.645977396e-08,0.002260152473,-4.006765771e-07,0,0,0,0,0,0
14.97,0,0.002219017693,5.177185159e-05,3.715109721e-05,-4.793689962e-07,6.735134397e-05,-0.02770585019,-4.577973914e-05,0,0,0,0,-0.001047197551,0,-0.02507339535,0,0,-0.002632454843,-0.03042156182,-0.2113034257,11.5750433,0,-0.03039345955,0.2102562282,0.07158317861,-0.3521308954,1.028753322,-0.002040432832,28.31465904,0.3521308954,0.002040432832,28.74041355,28.74041355,0.01824769212,0.574808271,-0,-9.587379924e-07,-3.355582973e-06,-6.231796951e-06,0.574808271,-0.0001025849652,-0,-2.127456568e-09,-7.446097989e-09,-1.382846769e-08,0.001275509724,-2.276378528e-07,0,0,0,0,0,0
14.98,0,0.0009866357823,5.249090509e-05,3.78701507e-05,-1.677791487e-06,6.711165947e-05,-0.02771399946,-4.649879263e-05,0,0,0,0,0,0,-0.02507339535,0,0,-0.002640604116,-0.03051589072,-0.2109050033,11.57521737,0,-0.03048752656,0.2109050033,0.07021754567,-0.3532280682,1.027713999,-0.002031747746,28.26127044,0.3532280682,0.002031747746,28.68674781,28.68674781,0.01824117825,0.5737349561,-1.438106989e-06,-2.396844981e-06,-9.587379924e-07,-5.752427955e-06,0.5737349561,-0.0001011468582,-1.418887814e-09,-2.364813023e-09,-9.459252092e-10,-5.675551255e-09,0.0005660674373,-9.979510957e-08,0,0,0,0,0,0
14.99,0,0.0002467198154,5.225122059e-05,3.715109721e-05,-2.157160483e-06,6.663229047e-05,-0.02771951221,-4.673847713e-05,0,0,0,0,0,0,-0.02507339535,0,0,-0.002646116859,-0.03057970225,-0.2113438695,11.57533542,0,-0.03055116,0.2113438695,0.06530504263,-0.3539703107,1.027719512,-0.002035276978,28.32007852,0.3539703107,0.002035276978,28.74138915,28.74138915,0.01823472912,0.574827783,-9.587379924e-07,-9.587379924e-07,-0,-4.793689962e-06,0.574827783,-0.0001006674892,-2.365396605e-10,-2.365396605e-10,-0,-1.182698302e-09,0.0001418214045,-2.483666435e-08,0,0,0,0,0,0
15,0,0,5.249090509e-05,3.78701507e-05,-2.157160483e-06,6.711165947e-05,-0.02772646306,-4.649879263e-05,0,0,0,-0.001047197551,0,0,-0.02507339535,0,0,-0.00265306771,-0.0306601612,-0.2118972098,11.57548463,0,-0.03063139334,0.2118972098,0.0634934903,-0.3549062247,1.027726463,-0.002039915948,28.39422611,0.3549062247,0.002039915948,28.81466574,28.81466574,0.01822832525,0.5762933149,-1.438106989e-06,-2.396844981e-06,-0,9.896732717e-05,0.5762933149,-0.0001011468582,-0,-0,-0,0,0,-0,0,0,0,0,0,0
